epoch,total_loss,mse_loss,test_mse_noisy,test_mse_clean,elapsed_seconds
0,6.486913204193115,6.486913204193115,6.76086950302124,6.76086950302124,0.2085
1,6.444653511047363,6.444653511047363,6.717923641204834,6.717923641204834,0.2097
2,6.403195381164551,6.403195381164551,6.675786018371582,6.675786018371582,0.2104
3,6.362578392028809,6.362578392028809,6.6343994140625,6.6343994140625,0.2111
4,6.322718143463135,6.322718143463135,6.593710422515869,6.593710422515869,0.2117
5,6.283524513244629,6.283524513244629,6.5536789894104,6.5536789894104,0.2124
6,6.24503231048584,6.24503231048584,6.514301300048828,6.514301300048828,0.2131
7,6.2071428298950195,6.2071428298950195,6.475584983825684,6.475584983825684,0.2138
8,6.169910430908203,6.169910430908203,6.437579154968262,6.437579154968262,0.2144
9,6.1332831382751465,6.1332831382751465,6.400157928466797,6.400157928466797,0.2153
10,6.097215175628662,6.097215175628662,6.363314628601074,6.363314628601074,0.2162
11,6.061639785766602,6.061639785766602,6.3269453048706055,6.3269453048706055,0.2171
12,6.0265421867370605,6.0265421867370605,6.290988922119141,6.290988922119141,0.2178
13,5.991959095001221,5.991959095001221,6.255495071411133,6.255495071411133,0.2185
14,5.957801342010498,5.957801342010498,6.220036506652832,6.220036506652832,0.2192
15,5.924019813537598,5.924019813537598,6.184782981872559,6.184782981872559,0.2199
16,5.890555381774902,5.890555381774902,6.149724006652832,6.149724006652832,0.2206
17,5.85725212097168,5.85725212097168,6.114882946014404,6.114882946014404,0.2213
18,5.824134826660156,5.824134826660156,6.0801849365234375,6.0801849365234375,0.222
19,5.791220188140869,5.791220188140869,6.045619487762451,6.045619487762451,0.2227
20,5.758455753326416,5.758455753326416,6.011096954345703,6.011096954345703,0.2236
21,5.725825309753418,5.725825309753418,5.9767327308654785,5.9767327308654785,0.2245
22,5.693264961242676,5.693264961242676,5.941934108734131,5.941934108734131,0.2252
23,5.66074275970459,5.66074275970459,5.906732559204102,5.906732559204102,0.2259
24,5.628121852874756,5.628121852874756,5.871350288391113,5.871350288391113,0.2277
25,5.59542179107666,5.59542179107666,5.835768699645996,5.835768699645996,0.2287
26,5.562664985656738,5.562664985656738,5.799765110015869,5.799765110015869,0.2296
27,5.5297956466674805,5.5297956466674805,5.7635087966918945,5.7635087966918945,0.2303
28,5.496737957000732,5.496737957000732,5.726926326751709,5.726926326751709,0.231
29,5.4633612632751465,5.4633612632751465,5.689990043640137,5.689990043640137,0.2317
30,5.429710865020752,5.429710865020752,5.652764320373535,5.652764320373535,0.2324
31,5.395761013031006,5.395761013031006,5.61519718170166,5.61519718170166,0.2333
32,5.3614821434021,5.3614821434021,5.5772175788879395,5.5772175788879395,0.2341
33,5.326844215393066,5.326844215393066,5.538602352142334,5.538602352142334,0.2348
34,5.291815280914307,5.291815280914307,5.499612331390381,5.499612331390381,0.2354
35,5.256418228149414,5.256418228149414,5.4601545333862305,5.4601545333862305,0.2361
36,5.220576763153076,5.220576763153076,5.420125484466553,5.420125484466553,0.2367
37,5.184243202209473,5.184243202209473,5.379654884338379,5.379654884338379,0.2374
38,5.1472883224487305,5.1472883224487305,5.338578224182129,5.338578224182129,0.238
39,5.10990571975708,5.10990571975708,5.296957969665527,5.296957969665527,0.2387
40,5.071893215179443,5.071893215179443,5.254706382751465,5.254706382751465,0.2393
41,5.033199787139893,5.033199787139893,5.211716651916504,5.211716651916504,0.24
42,4.993853569030762,4.993853569030762,5.167980194091797,5.167980194091797,0.2406
43,4.953965187072754,4.953965187072754,5.123520851135254,5.123520851135254,0.2414
44,4.913577079772949,4.913577079772949,5.078272819519043,5.078272819519043,0.2426
45,4.872555732727051,4.872555732727051,5.032234191894531,5.032234191894531,0.2436
46,4.830780982971191,4.830780982971191,4.9853835105896,4.9853835105896,0.2446
47,4.788284778594971,4.788284778594971,4.937732219696045,4.937732219696045,0.2457
48,4.745054721832275,4.745054721832275,4.889207363128662,4.889207363128662,0.2466
49,4.70109224319458,4.70109224319458,4.839839935302734,4.839839935302734,0.2479
50,4.656352519989014,4.656352519989014,4.789620399475098,4.789620399475098,0.2487
51,4.610875129699707,4.610875129699707,4.738441467285156,4.738441467285156,0.2494
52,4.56473445892334,4.56473445892334,4.686097621917725,4.686097621917725,0.2501
53,4.517868995666504,4.517868995666504,4.632695198059082,4.632695198059082,0.2512
54,4.470273017883301,4.470273017883301,4.578379154205322,4.578379154205322,0.2523
55,4.421909809112549,4.421909809112549,4.523107528686523,4.523107528686523,0.2536
56,4.372763156890869,4.372763156890869,4.4668073654174805,4.4668073654174805,0.2545
57,4.322872161865234,4.322872161865234,4.4093828201293945,4.4093828201293945,0.2553
58,4.272189140319824,4.272189140319824,4.35101842880249,4.35101842880249,0.256
59,4.2206525802612305,4.2206525802612305,4.2916741371154785,4.2916741371154785,0.2567
60,4.168292999267578,4.168292999267578,4.231365203857422,4.231365203857422,0.2573
61,4.115267753601074,4.115267753601074,4.170159339904785,4.170159339904785,0.258
62,4.061553001403809,4.061553001403809,4.108046054840088,4.108046054840088,0.2587
63,4.007209300994873,4.007209300994873,4.0450944900512695,4.0450944900512695,0.2593
64,3.9522604942321777,3.9522604942321777,3.9813790321350098,3.9813790321350098,0.26
65,3.8967785835266113,3.8967785835266113,3.9169249534606934,3.9169249534606934,0.2607
66,3.8407795429229736,3.8407795429229736,3.8517584800720215,3.8517584800720215,0.2613
67,3.784151077270508,3.784151077270508,3.7859253883361816,3.7859253883361816,0.262
68,3.7270150184631348,3.7270150184631348,3.7194113731384277,3.7194113731384277,0.2626
69,3.6696102619171143,3.6696102619171143,3.652365207672119,3.652365207672119,0.2633
70,3.6119391918182373,3.6119391918182373,3.584843873977661,3.584843873977661,0.264
71,3.554108142852783,3.554108142852783,3.516972303390503,3.516972303390503,0.265
72,3.4962406158447266,3.4962406158447266,3.448854923248291,3.448854923248291,0.2658
73,3.4383339881896973,3.4383339881896973,3.380504608154297,3.380504608154297,0.2665
74,3.3805091381073,3.3805091381073,3.3119049072265625,3.3119049072265625,0.2672
75,3.3228046894073486,3.3228046894073486,3.24324107170105,3.24324107170105,0.2679
76,3.265308380126953,3.265308380126953,3.174694538116455,3.174694538116455,0.2687
77,3.2082130908966064,3.2082130908966064,3.106466770172119,3.106466770172119,0.2694
78,3.1516289710998535,3.1516289710998535,3.038653612136841,3.038653612136841,0.2701
79,3.095633029937744,3.095633029937744,2.9713008403778076,2.9713008403778076,0.2707
80,3.0403053760528564,3.0403053760528564,2.9045426845550537,2.9045426845550537,0.2714
81,2.985661029815674,2.985661029815674,2.8384814262390137,2.8384814262390137,0.272
82,2.9318063259124756,2.9318063259124756,2.7732410430908203,2.7732410430908203,0.2727
83,2.878807544708252,2.878807544708252,2.7089335918426514,2.7089335918426514,0.2736
84,2.82649302482605,2.82649302482605,2.6456713676452637,2.6456713676452637,0.2743
85,2.774876356124878,2.774876356124878,2.5835142135620117,2.5835142135620117,0.2755
86,2.724160671234131,2.724160671234131,2.522559642791748,2.522559642791748,0.2765
87,2.674206495285034,2.674206495285034,2.46284818649292,2.46284818649292,0.2773
88,2.624995470046997,2.624995470046997,2.404435634613037,2.404435634613037,0.2782
89,2.5766570568084717,2.5766570568084717,2.3472416400909424,2.3472416400909424,0.2789
90,2.5292065143585205,2.5292065143585205,2.2910494804382324,2.2910494804382324,0.2798
91,2.4825491905212402,2.4825491905212402,2.2361984252929688,2.2361984252929688,0.2806
92,2.436490535736084,2.436490535736084,2.1826694011688232,2.1826694011688232,0.2814
93,2.391063928604126,2.391063928604126,2.130427837371826,2.130427837371826,0.2822
94,2.346163511276245,2.346163511276245,2.079439878463745,2.079439878463745,0.283
95,2.301486015319824,2.301486015319824,2.029660224914551,2.029660224914551,0.2838
96,2.257030725479126,2.257030725479126,1.9809696674346924,1.9809696674346924,0.2845
97,2.2127840518951416,2.2127840518951416,1.933355689048767,1.933355689048767,0.2852
98,2.168759346008301,2.168759346008301,1.8867937326431274,1.8867937326431274,0.2859
99,2.124908447265625,2.124908447265625,1.8411747217178345,1.8411747217178345,0.2865
100,2.081111192703247,2.081111192703247,1.7965888977050781,1.7965888977050781,0.2872
101,2.0374107360839844,2.0374107360839844,1.7530227899551392,1.7530227899551392,0.2879
102,1.9938991069793701,1.9938991069793701,1.7104705572128296,1.7104705572128296,0.2886
103,1.9506231546401978,1.9506231546401978,1.6689798831939697,1.6689798831939697,0.2894
104,1.9074971675872803,1.9074971675872803,1.6286747455596924,1.6286747455596924,0.2902
105,1.8647687435150146,1.8647687435150146,1.5895708799362183,1.5895708799362183,0.291
106,1.822547197341919,1.822547197341919,1.5517299175262451,1.5517299175262451,0.2918
107,1.7808258533477783,1.7808258533477783,1.5151888132095337,1.5151888132095337,0.2927
108,1.7397778034210205,1.7397778034210205,1.4800001382827759,1.4800001382827759,0.2936
109,1.699580192565918,1.699580192565918,1.4462255239486694,1.4462255239486694,0.2946
110,1.660282850265503,1.660282850265503,1.4139834642410278,1.4139834642410278,0.2953
111,1.6219409704208374,1.6219409704208374,1.3832919597625732,1.3832919597625732,0.296
112,1.5847607851028442,1.5847607851028442,1.3541885614395142,1.3541885614395142,0.2967
113,1.5487339496612549,1.5487339496612549,1.3267285823822021,1.3267285823822021,0.2974
114,1.5139062404632568,1.5139062404632568,1.3009098768234253,1.3009098768234253,0.2981
115,1.4804787635803223,1.4804787635803223,1.2765614986419678,1.2765614986419678,0.2989
116,1.4483838081359863,1.4483838081359863,1.253831386566162,1.253831386566162,0.2996
117,1.4176994562149048,1.4176994562149048,1.2328755855560303,1.2328755855560303,0.3002
118,1.3885670900344849,1.3885670900344849,1.2136811017990112,1.2136811017990112,0.301
119,1.360828161239624,1.360828161239624,1.1962589025497437,1.1962589025497437,0.3018
120,1.334619164466858,1.334619164466858,1.1805965900421143,1.1805965900421143,0.3025
121,1.3100287914276123,1.3100287914276123,1.1666680574417114,1.1666680574417114,0.3032
122,1.2868030071258545,1.2868030071258545,1.1544828414916992,1.1544828414916992,0.3039
123,1.2652205228805542,1.2652205228805542,1.1440309286117554,1.1440309286117554,0.3046
124,1.2451903820037842,1.2451903820037842,1.135263204574585,1.135263204574585,0.3053
125,1.226609468460083,1.226609468460083,1.1281359195709229,1.1281359195709229,0.306
126,1.209644079208374,1.209644079208374,1.1225645542144775,1.1225645542144775,0.3067
127,1.1940827369689941,1.1940827369689941,1.118483304977417,1.118483304977417,0.3074
128,1.1799947023391724,1.1799947023391724,1.1158275604248047,1.1158275604248047,0.3081
129,1.1674091815948486,1.1674091815948486,1.1144638061523438,1.1144638061523438,0.3088
130,1.1560131311416626,1.1560131311416626,1.1142809391021729,1.1142809391021729,0.3095
131,1.1459286212921143,1.1459286212921143,1.11515474319458,1.11515474319458,0.3101
132,1.1370861530303955,1.1370861530303955,1.116897463798523,1.116897463798523,0.3108
133,1.1292213201522827,1.1292213201522827,1.1193454265594482,1.1193454265594482,0.3115
134,1.1223214864730835,1.1223214864730835,1.122351050376892,1.122351050376892,0.3122
135,1.1163017749786377,1.1163017749786377,1.1256883144378662,1.1256883144378662,0.3129
136,1.1110122203826904,1.1110122203826904,1.1291413307189941,1.1291413307189941,0.3135
137,1.1061975955963135,1.1061975955963135,1.1325366497039795,1.1325366497039795,0.3142
138,1.1018315553665161,1.1018315553665161,1.1357533931732178,1.1357533931732178,0.3148
139,1.097806692123413,1.097806692123413,1.1386140584945679,1.1386140584945679,0.3156
140,1.0940206050872803,1.0940206050872803,1.1409718990325928,1.1409718990325928,0.3163
141,1.0903733968734741,1.0903733968734741,1.1427091360092163,1.1427091360092163,0.317
142,1.086789846420288,1.086789846420288,1.1437463760375977,1.1437463760375977,0.3177
143,1.0831964015960693,1.0831964015960693,1.14404296875,1.14404296875,0.3184
144,1.0795549154281616,1.0795549154281616,1.1435906887054443,1.1435906887054443,0.3191
145,1.07584547996521,1.07584547996521,1.1424102783203125,1.1424102783203125,0.3198
146,1.0720608234405518,1.0720608234405518,1.140543818473816,1.140543818473816,0.3205
147,1.068204641342163,1.068204641342163,1.1380516290664673,1.1380516290664673,0.3212
148,1.0642998218536377,1.0642998218536377,1.1350047588348389,1.1350047588348389,0.3219
149,1.0603573322296143,1.0603573322296143,1.1314831972122192,1.1314831972122192,0.3226
150,1.056424617767334,1.056424617767334,1.1275784969329834,1.1275784969329834,0.3232
151,1.0524914264678955,1.0524914264678955,1.1233692169189453,1.1233692169189453,0.3239
152,1.0485849380493164,1.0485849380493164,1.1189302206039429,1.1189302206039429,0.3246
153,1.044695496559143,1.044695496559143,1.114346981048584,1.114346981048584,0.3253
154,1.040806531906128,1.040806531906128,1.1096320152282715,1.1096320152282715,0.3259
155,1.0370025634765625,1.0370025634765625,1.104819893836975,1.104819893836975,0.3266
156,1.0332858562469482,1.0332858562469482,1.0999577045440674,1.0999577045440674,0.3273
157,1.0296647548675537,1.0296647548675537,1.0950545072555542,1.0950545072555542,0.3279
158,1.0261367559432983,1.0261367559432983,1.0902122259140015,1.0902122259140015,0.3286
159,1.022706151008606,1.022706151008606,1.0854651927947998,1.0854651927947998,0.3293
160,1.019374132156372,1.019374132156372,1.080841064453125,1.080841064453125,0.3299
161,1.016127586364746,1.016127586364746,1.0763771533966064,1.0763771533966064,0.3306
162,1.012939214706421,1.012939214706421,1.0721356868743896,1.0721356868743896,0.3313
163,1.0098412036895752,1.0098412036895752,1.0680416822433472,1.0680416822433472,0.332
164,1.0068280696868896,1.0068280696868896,1.0640769004821777,1.0640769004821777,0.3327
165,1.003893256187439,1.003893256187439,1.0602484941482544,1.0602484941482544,0.3333
166,1.0010356903076172,1.0010356903076172,1.0565617084503174,1.0565617084503174,0.334
167,0.9982582926750183,0.9982582926750183,1.0530216693878174,1.0530216693878174,0.3346
168,0.9955361485481262,0.9955361485481262,1.049628734588623,1.049628734588623,0.3353
169,0.9928644299507141,0.9928644299507141,1.0463831424713135,1.0463831424713135,0.3359
170,0.9902389645576477,0.9902389645576477,1.0432841777801514,1.0432841777801514,0.3366
171,0.9876366853713989,0.9876366853713989,1.0403581857681274,1.0403581857681274,0.3372
172,0.9850560426712036,0.9850560426712036,1.0375652313232422,1.0375652313232422,0.3379
173,0.9824991226196289,0.9824991226196289,1.0348783731460571,1.0348783731460571,0.3385
174,0.9799627065658569,0.9799627065658569,1.0322954654693604,1.0322954654693604,0.3391
175,0.977444052696228,0.977444052696228,1.0298163890838623,1.0298163890838623,0.3397
176,0.9749415516853333,0.9749415516853333,1.0274416208267212,1.0274416208267212,0.3404
177,0.9724538922309875,0.9724538922309875,1.0251706838607788,1.0251706838607788,0.341
178,0.9699844121932983,0.9699844121932983,1.0230028629302979,1.0230028629302979,0.3417
179,0.9675561785697937,0.9675561785697937,1.0209382772445679,1.0209382772445679,0.3423
180,0.9651438593864441,0.9651438593864441,1.0189769268035889,1.0189769268035889,0.3429
181,0.962744414806366,0.962744414806366,1.0171159505844116,1.0171159505844116,0.3489
182,0.9603684544563293,0.9603684544563293,1.0153509378433228,1.0153509378433228,0.3498
183,0.9580131769180298,0.9580131769180298,1.0136730670928955,1.0136730670928955,0.3507
184,0.9556732177734375,0.9556732177734375,1.0120766162872314,1.0120766162872314,0.3514
185,0.9533584713935852,0.9533584713935852,1.0105544328689575,1.0105544328689575,0.3521
186,0.951065719127655,0.951065719127655,1.0090932846069336,1.0090932846069336,0.3528
187,0.9487799406051636,0.9487799406051636,1.0077115297317505,1.0077115297317505,0.3535
188,0.946507453918457,0.946507453918457,1.0063482522964478,1.0063482522964478,0.3542
189,0.944250762462616,0.944250762462616,1.0049909353256226,1.0049909353256226,0.3549
190,0.942009449005127,0.942009449005127,1.0036340951919556,1.0036340951919556,0.3556
191,0.9397833943367004,0.9397833943367004,1.0022724866867065,1.0022724866867065,0.3563
192,0.937572181224823,0.937572181224823,1.000901222229004,1.000901222229004,0.357
193,0.9353756904602051,0.9353756904602051,0.9995161294937134,0.9995161294937134,0.3577
194,0.9331933856010437,0.9331933856010437,0.9981133341789246,0.9981133341789246,0.3583
195,0.9310249090194702,0.9310249090194702,0.9966899156570435,0.9966899156570435,0.359
196,0.9288698434829712,0.9288698434829712,0.9952430725097656,0.9952430725097656,0.3597
197,0.9267280697822571,0.9267280697822571,0.9937713742256165,0.9937713742256165,0.3603
198,0.9245988726615906,0.9245988726615906,0.9922731518745422,0.9922731518745422,0.3612
199,0.922481894493103,0.922481894493103,0.9907474517822266,0.9907474517822266,0.3625
200,0.9203769564628601,0.9203769564628601,0.9891946911811829,0.9891946911811829,0.3633
201,0.9182838201522827,0.9182838201522827,0.9876152276992798,0.9876152276992798,0.364
202,0.9162019491195679,0.9162019491195679,0.9860095977783203,0.9860095977783203,0.3647
203,0.9141312837600708,0.9141312837600708,0.9843794107437134,0.9843794107437134,0.3654
204,0.9120715856552124,0.9120715856552124,0.9827264547348022,0.9827264547348022,0.366
205,0.9100224375724792,0.9100224375724792,0.9810527563095093,0.9810527563095093,0.3667
206,0.9079838991165161,0.9079838991165161,0.9793607592582703,0.9793607592582703,0.3674
207,0.9059556126594543,0.9059556126594543,0.9776526689529419,0.9776526689529419,0.368
208,0.9039375185966492,0.9039375185966492,0.9759313464164734,0.9759313464164734,0.3687
209,0.9019253849983215,0.9019253849983215,0.9742128252983093,0.9742128252983093,0.3693
210,0.8999137878417969,0.8999137878417969,0.9724847674369812,0.9724847674369812,0.37
211,0.8979102969169617,0.8979102969169617,0.9707239270210266,0.9707239270210266,0.3706
212,0.8959153890609741,0.8959153890609741,0.9689361453056335,0.9689361453056335,0.3713
213,0.893929123878479,0.893929123878479,0.9671268463134766,0.9671268463134766,0.3719
214,0.8919515609741211,0.8919515609741211,0.9653018712997437,0.9653018712997437,0.3726
215,0.8899825811386108,0.8899825811386108,0.9634668231010437,0.9634668231010437,0.3732
216,0.8880223035812378,0.8880223035812378,0.9616277813911438,0.9616277813911438,0.3739
217,0.886070728302002,0.886070728302002,0.9597898721694946,0.9597898721694946,0.3745
218,0.8841276168823242,0.8841276168823242,0.9579577445983887,0.9579577445983887,0.3752
219,0.8821929693222046,0.8821929693222046,0.9561361074447632,0.9561361074447632,0.3758
220,0.8802667856216431,0.8802667856216431,0.954328715801239,0.954328715801239,0.3764
221,0.8783485293388367,0.8783485293388367,0.9525386691093445,0.9525386691093445,0.377
222,0.8764384388923645,0.8764384388923645,0.9507688283920288,0.9507688283920288,0.3777
223,0.8745361566543579,0.8745361566543579,0.9490211606025696,0.9490211606025696,0.3783
224,0.8726414442062378,0.8726414442062378,0.9472967386245728,0.9472967386245728,0.3789
225,0.8707544207572937,0.8707544207572937,0.9455965161323547,0.9455965161323547,0.3796
226,0.8688746690750122,0.8688746690750122,0.9439204931259155,0.9439204931259155,0.3802
227,0.8670021295547485,0.8670021295547485,0.9422685503959656,0.9422685503959656,0.3808
228,0.8651366233825684,0.8651366233825684,0.9406396746635437,0.9406396746635437,0.3815
229,0.8632780909538269,0.8632780909538269,0.9390329122543335,0.9390329122543335,0.3822
230,0.8614264726638794,0.8614264726638794,0.9374468922615051,0.9374468922615051,0.3829
231,0.859581470489502,0.859581470489502,0.9358795285224915,0.9358795285224915,0.3835
232,0.8577429056167603,0.8577429056167603,0.9343293905258179,0.9343293905258179,0.3842
233,0.8559104800224304,0.8559104800224304,0.9327951669692993,0.9327951669692993,0.3848
234,0.8540844917297363,0.8540844917297363,0.9312745332717896,0.9312745332717896,0.3855
235,0.852258563041687,0.852258563041687,0.9297847747802734,0.9297847747802734,0.3862
236,0.8504358530044556,0.8504358530044556,0.9282790422439575,0.9282790422439575,0.3868
237,0.8486200571060181,0.8486200571060181,0.926751434803009,0.926751434803009,0.3875
238,0.8468092679977417,0.8468092679977417,0.9252027273178101,0.9252027273178101,0.3881
239,0.8450037837028503,0.8450037837028503,0.9236361384391785,0.9236361384391785,0.3888
240,0.8432035446166992,0.8432035446166992,0.9220551252365112,0.9220551252365112,0.3895
241,0.8414085507392883,0.8414085507392883,0.9204635620117188,0.9204635620117188,0.3901
242,0.8396188616752625,0.8396188616752625,0.9188650250434875,0.9188650250434875,0.3908
243,0.8378346562385559,0.8378346562385559,0.9172641634941101,0.9172641634941101,0.3915
244,0.8360557556152344,0.8360557556152344,0.9156643748283386,0.9156643748283386,0.3921
245,0.8342822194099426,0.8342822194099426,0.9140691757202148,0.9140691757202148,0.3928
246,0.8325138092041016,0.8325138092041016,0.9124819040298462,0.9124819040298462,0.3935
247,0.8307506442070007,0.8307506442070007,0.9109048843383789,0.9109048843383789,0.3941
248,0.8289925456047058,0.8289925456047058,0.9093403816223145,0.9093403816223145,0.3948
249,0.8272393345832825,0.8272393345832825,0.9077900052070618,0.9077900052070618,0.3954
250,0.8254908323287964,0.8254908323287964,0.9062544703483582,0.9062544703483582,0.3961
251,0.8237472772598267,0.8237472772598267,0.9047344326972961,0.9047344326972961,0.3967
252,0.8220083117485046,0.8220083117485046,0.9032295942306519,0.9032295942306519,0.3974
253,0.8202739953994751,0.8202739953994751,0.9017397165298462,0.9017397165298462,0.398
254,0.8185442090034485,0.8185442090034485,0.9002636075019836,0.9002636075019836,0.3987
255,0.8168188333511353,0.8168188333511353,0.8988000750541687,0.8988000750541687,0.3994
256,0.8150981068611145,0.8150981068611145,0.8973480463027954,0.8973480463027954,0.4
257,0.8133817911148071,0.8133817911148071,0.8959043622016907,0.8959043622016907,0.4006
258,0.8116694688796997,0.8116694688796997,0.8944677114486694,0.8944677114486694,0.4012
259,0.809961199760437,0.809961199760437,0.8930346369743347,0.8930346369743347,0.4019
260,0.8082569241523743,0.8082569241523743,0.8916056752204895,0.8916056752204895,0.4025
261,0.8065567016601562,0.8065567016601562,0.8901795148849487,0.8901795148849487,0.4031
262,0.8048604726791382,0.8048604726791382,0.888755202293396,0.888755202293396,0.4037
263,0.8031681180000305,0.8031681180000305,0.887332558631897,0.887332558631897,0.4044
264,0.8014794588088989,0.8014794588088989,0.8859108090400696,0.8859108090400696,0.405
265,0.7997945547103882,0.7997945547103882,0.8844892382621765,0.8844892382621765,0.4056
266,0.798113226890564,0.798113226890564,0.88306725025177,0.88306725025177,0.4062
267,0.7964354753494263,0.7964354753494263,0.881644606590271,0.881644606590271,0.4069
268,0.794761061668396,0.794761061668396,0.880220890045166,0.880220890045166,0.4075
269,0.7930898666381836,0.7930898666381836,0.8787959814071655,0.8787959814071655,0.4082
270,0.7914221882820129,0.7914221882820129,0.8773702383041382,0.8773702383041382,0.4088
271,0.7897578477859497,0.7897578477859497,0.8759431838989258,0.8759431838989258,0.4095
272,0.7880973219871521,0.7880973219871521,0.8745158910751343,0.8745158910751343,0.4102
273,0.7864395380020142,0.7864395380020142,0.8730901479721069,0.8730901479721069,0.4108
274,0.7847846746444702,0.7847846746444702,0.8716663122177124,0.8716663122177124,0.4114
275,0.7831326723098755,0.7831326723098755,0.870244026184082,0.870244026184082,0.4121
276,0.7814836502075195,0.7814836502075195,0.8688236474990845,0.8688236474990845,0.4127
277,0.7798372507095337,0.7798372507095337,0.8674049377441406,0.8674049377441406,0.4134
278,0.7781937122344971,0.7781937122344971,0.8659883737564087,0.8659883737564087,0.414
279,0.776552140712738,0.776552140712738,0.8645755648612976,0.8645755648612976,0.4147
280,0.7749075889587402,0.7749075889587402,0.8631370663642883,0.8631370663642883,0.4154
281,0.7732645273208618,0.7732645273208618,0.8616639971733093,0.8616639971733093,0.4161
282,0.7716232538223267,0.7716232538223267,0.8601619005203247,0.8601619005203247,0.4167
283,0.7699838280677795,0.7699838280677795,0.8586368560791016,0.8586368560791016,0.4174
284,0.7683464884757996,0.7683464884757996,0.8570945858955383,0.8570945858955383,0.418
285,0.7667113542556763,0.7667113542556763,0.8555418252944946,0.8555418252944946,0.4187
286,0.7650786638259888,0.7650786638259888,0.8539840579032898,0.8539840579032898,0.4193
287,0.7634481191635132,0.7634481191635132,0.8524273037910461,0.8524273037910461,0.42
288,0.7618200182914734,0.7618200182914734,0.8508762121200562,0.8508762121200562,0.4206
289,0.7601941823959351,0.7601941823959351,0.8493353128433228,0.8493353128433228,0.4212
290,0.7585707306861877,0.7585707306861877,0.8478078842163086,0.8478078842163086,0.4219
291,0.7569495439529419,0.7569495439529419,0.8462969660758972,0.8462969660758972,0.4225
292,0.755329966545105,0.755329966545105,0.8448042869567871,0.8448042869567871,0.4231
293,0.7537111639976501,0.7537111639976501,0.8433307409286499,0.8433307409286499,0.4237
294,0.7520939707756042,0.7520939707756042,0.8418766260147095,0.8418766260147095,0.4244
295,0.7504785656929016,0.7504785656929016,0.8404413461685181,0.8404413461685181,0.425
296,0.7488645315170288,0.7488645315170288,0.8390239477157593,0.8390239477157593,0.4256
297,0.7472521662712097,0.7472521662712097,0.8376234173774719,0.8376234173774719,0.4262
298,0.7456410527229309,0.7456410527229309,0.8362373113632202,0.8362373113632202,0.4269
299,0.7440313696861267,0.7440313696861267,0.8348636627197266,0.8348636627197266,0.4275
300,0.7424231767654419,0.7424231767654419,0.8335002660751343,0.8335002660751343,0.4281
301,0.7408162355422974,0.7408162355422974,0.8321448564529419,0.8321448564529419,0.4287
302,0.7392106652259827,0.7392106652259827,0.8307949304580688,0.8307949304580688,0.4294
303,0.7376092672348022,0.7376092672348022,0.8294485211372375,0.8294485211372375,0.43
304,0.7360111474990845,0.7360111474990845,0.8281040191650391,0.8281040191650391,0.4306
305,0.7344144582748413,0.7344144582748413,0.8267596364021301,0.8267596364021301,0.4312
306,0.732819139957428,0.732819139957428,0.825413703918457,0.825413703918457,0.4319
307,0.7312264442443848,0.7312264442443848,0.8240652084350586,0.8240652084350586,0.4325
308,0.7296358942985535,0.7296358942985535,0.822711169719696,0.822711169719696,0.4331
309,0.7280462384223938,0.7280462384223938,0.8213513493537903,0.8213513493537903,0.4338
310,0.7264574766159058,0.7264574766159058,0.8199864625930786,0.8199864625930786,0.4344
311,0.7248697280883789,0.7248697280883789,0.8186169862747192,0.8186169862747192,0.435
312,0.7232829332351685,0.7232829332351685,0.8172435760498047,0.8172435760498047,0.4356
313,0.7216970324516296,0.7216970324516296,0.8158674240112305,0.8158674240112305,0.4363
314,0.7201119661331177,0.7201119661331177,0.8144897222518921,0.8144897222518921,0.4369
315,0.7185279130935669,0.7185279130935669,0.8131114840507507,0.8131114840507507,0.4375
316,0.716944694519043,0.716944694519043,0.8117332458496094,0.8117332458496094,0.4381
317,0.7153623700141907,0.7153623700141907,0.8103560209274292,0.8103560209274292,0.4388
318,0.7137807607650757,0.7137807607650757,0.8089801073074341,0.8089801073074341,0.4394
319,0.7122006416320801,0.7122006416320801,0.8076055645942688,0.8076055645942688,0.44
320,0.7106218338012695,0.7106218338012695,0.8062349557876587,0.8062349557876587,0.4406
321,0.7090433835983276,0.7090433835983276,0.8048673868179321,0.8048673868179321,0.4412
322,0.7074655294418335,0.7074655294418335,0.8035019040107727,0.8035019040107727,0.4419
323,0.7058881521224976,0.7058881521224976,0.8021371960639954,0.8021371960639954,0.4425
324,0.7043112516403198,0.7043112516403198,0.8007718920707703,0.8007718920707703,0.4432
325,0.7027348279953003,0.7027348279953003,0.7994044423103333,0.7994044423103333,0.4438
326,0.7011593580245972,0.7011593580245972,0.7980333566665649,0.7980333566665649,0.4445
327,0.6995849013328552,0.6995849013328552,0.7966551780700684,0.7966551780700684,0.4451
328,0.6980108022689819,0.6980108022689819,0.7952691912651062,0.7952691912651062,0.4458
329,0.6964370012283325,0.6964370012283325,0.7938753366470337,0.7938753366470337,0.4464
330,0.6948633790016174,0.6948633790016174,0.7924739122390747,0.7924739122390747,0.447
331,0.693290114402771,0.693290114402771,0.7910658717155457,0.7910658717155457,0.4476
332,0.6917169690132141,0.6917169690132141,0.7896521091461182,0.7896521091461182,0.4483
333,0.6901456117630005,0.6901456117630005,0.7882338762283325,0.7882338762283325,0.449
334,0.6885766386985779,0.6885766386985779,0.7868325114250183,0.7868325114250183,0.4496
335,0.6870062947273254,0.6870062947273254,0.7854474186897278,0.7854474186897278,0.4503
336,0.6854346990585327,0.6854346990585327,0.7840779423713684,0.7840779423713684,0.4509
337,0.6838619709014893,0.6838619709014893,0.7827232480049133,0.7827232480049133,0.4515
338,0.6822925806045532,0.6822925806045532,0.7813795208930969,0.7813795208930969,0.4522
339,0.6807235479354858,0.6807235479354858,0.7800275683403015,0.7800275683403015,0.4528
340,0.6791554689407349,0.6791554689407349,0.7786680459976196,0.7786680459976196,0.4535
341,0.6775886416435242,0.6775886416435242,0.7772949934005737,0.7772949934005737,0.4541
342,0.6760213375091553,0.6760213375091553,0.7759091258049011,0.7759091258049011,0.4548
343,0.6744521856307983,0.6744521856307983,0.7745112180709839,0.7745112180709839,0.4555
344,0.6728808283805847,0.6728808283805847,0.7730951309204102,0.7730951309204102,0.4561
345,0.6713100671768188,0.6713100671768188,0.771659791469574,0.771659791469574,0.4568
346,0.6697399020195007,0.6697399020195007,0.7702262997627258,0.7702262997627258,0.4575
347,0.6681683659553528,0.6681683659553528,0.768794596195221,0.768794596195221,0.4581
348,0.6665952801704407,0.6665952801704407,0.7673648595809937,0.7673648595809937,0.4588
349,0.6650210618972778,0.6650210618972778,0.7659376859664917,0.7659376859664917,0.4594
350,0.6634457111358643,0.6634457111358643,0.7645137906074524,0.7645137906074524,0.4601
351,0.661869466304779,0.661869466304779,0.7630959749221802,0.7630959749221802,0.4607
352,0.6602920889854431,0.6602920889854431,0.7616845369338989,0.7616845369338989,0.4614
353,0.6587139368057251,0.6587139368057251,0.760276734828949,0.760276734828949,0.462
354,0.6571351885795593,0.6571351885795593,0.7588728666305542,0.7588728666305542,0.4647
355,0.6555576324462891,0.6555576324462891,0.7574521899223328,0.7574521899223328,0.4654
356,0.6539784073829651,0.6539784073829651,0.7560166120529175,0.7560166120529175,0.4662
357,0.6523925065994263,0.6523925065994263,0.7545503377914429,0.7545503377914429,0.4668
358,0.6507995128631592,0.6507995128631592,0.7530688047409058,0.7530688047409058,0.4677
359,0.6492036581039429,0.6492036581039429,0.7515867948532104,0.7515867948532104,0.4683
360,0.647604763507843,0.647604763507843,0.7501081228256226,0.7501081228256226,0.469
361,0.6460036039352417,0.6460036039352417,0.7486312985420227,0.7486312985420227,0.4696
362,0.6444017291069031,0.6444017291069031,0.7471572160720825,0.7471572160720825,0.4703
363,0.6427972316741943,0.6427972316741943,0.7456649541854858,0.7456649541854858,0.4709
364,0.6411791443824768,0.6411791443824768,0.7441251277923584,0.7441251277923584,0.4716
365,0.639552891254425,0.639552891254425,0.7425437569618225,0.7425437569618225,0.4722
366,0.6379223465919495,0.6379223465919495,0.7409631013870239,0.7409631013870239,0.4729
367,0.6362879276275635,0.6362879276275635,0.7393858432769775,0.7393858432769775,0.4735
368,0.6346501111984253,0.6346501111984253,0.7378143072128296,0.7378143072128296,0.4742
369,0.6329962015151978,0.6329962015151978,0.7362071871757507,0.7362071871757507,0.4749
370,0.6313311457633972,0.6313311457633972,0.73457932472229,0.73457932472229,0.4755
371,0.6296612024307251,0.6296612024307251,0.7329511642456055,0.7329511642456055,0.4762
372,0.6279874444007874,0.6279874444007874,0.7313264608383179,0.7313264608383179,0.4769
373,0.6262974739074707,0.6262974739074707,0.7296371459960938,0.7296371459960938,0.4775
374,0.6245945692062378,0.6245945692062378,0.7279016375541687,0.7279016375541687,0.4782
375,0.622887909412384,0.622887909412384,0.7261474132537842,0.7261474132537842,0.4788
376,0.6211733818054199,0.6211733818054199,0.7243901491165161,0.7243901491165161,0.4795
377,0.619437575340271,0.619437575340271,0.7225767970085144,0.7225767970085144,0.4803
378,0.617695152759552,0.617695152759552,0.7207708358764648,0.7207708358764648,0.4811
379,0.6159454584121704,0.6159454584121704,0.7189736366271973,0.7189736366271973,0.4817
380,0.6141735315322876,0.6141735315322876,0.7171080708503723,0.7171080708503723,0.4825
381,0.6123971939086914,0.6123971939086914,0.7152522802352905,0.7152522802352905,0.4831
382,0.61061692237854,0.61061692237854,0.7133816480636597,0.7133816480636597,0.4838
383,0.6088190674781799,0.6088190674781799,0.7114284634590149,0.7114284634590149,0.4844
384,0.6070096492767334,0.6070096492767334,0.7094961404800415,0.7094961404800415,0.4851
385,0.6051862239837646,0.6051862239837646,0.7075780630111694,0.7075780630111694,0.4858
386,0.6033447980880737,0.6033447980880737,0.7055655717849731,0.7055655717849731,0.4865
387,0.6014957427978516,0.6014957427978516,0.7034972310066223,0.7034972310066223,0.4871
388,0.5996397733688354,0.5996397733688354,0.7013652920722961,0.7013652920722961,0.4878
389,0.5977756381034851,0.5977756381034851,0.6991909146308899,0.6991909146308899,0.4884
390,0.5959084630012512,0.5959084630012512,0.697032630443573,0.697032630443573,0.489
391,0.5940381288528442,0.5940381288528442,0.6948734521865845,0.6948734521865845,0.4897
392,0.5921661257743835,0.5921661257743835,0.6927239298820496,0.6927239298820496,0.4903
393,0.5902946591377258,0.5902946591377258,0.6905969977378845,0.6905969977378845,0.491
394,0.5884239077568054,0.5884239077568054,0.6884745359420776,0.6884745359420776,0.4916
395,0.5865558385848999,0.5865558385848999,0.6864011883735657,0.6864011883735657,0.4923
396,0.5846899747848511,0.5846899747848511,0.6844059228897095,0.6844059228897095,0.4929
397,0.5828269124031067,0.5828269124031067,0.6824403405189514,0.6824403405189514,0.4936
398,0.580968976020813,0.580968976020813,0.6805031895637512,0.6805031895637512,0.4942
399,0.5791134834289551,0.5791134834289551,0.6786518096923828,0.6786518096923828,0.4948
400,0.5772601366043091,0.5772601366043091,0.6768790483474731,0.6768790483474731,0.4954
401,0.5754162669181824,0.5754162669181824,0.6751483678817749,0.6751483678817749,0.4961
402,0.5735749006271362,0.5735749006271362,0.6734586358070374,0.6734586358070374,0.4967
403,0.5717355012893677,0.5717355012893677,0.6718041300773621,0.6718041300773621,0.4974
404,0.5699012875556946,0.5699012875556946,0.6701655983924866,0.6701655983924866,0.4982
405,0.5680752992630005,0.5680752992630005,0.6685661673545837,0.6685661673545837,0.4989
406,0.5662515163421631,0.5662515163421631,0.6670172214508057,0.6670172214508057,0.4995
407,0.5644304156303406,0.5644304156303406,0.6654767990112305,0.6654767990112305,0.5002
408,0.5626143217086792,0.5626143217086792,0.6639646291732788,0.6639646291732788,0.5009
409,0.5608062148094177,0.5608062148094177,0.6623932123184204,0.6623932123184204,0.5015
410,0.5590009689331055,0.5590009689331055,0.6607769131660461,0.6607769131660461,0.5022
411,0.5571977496147156,0.5571977496147156,0.6591869592666626,0.6591869592666626,0.5029
412,0.5553959012031555,0.5553959012031555,0.6576167345046997,0.6576167345046997,0.5036
413,0.5536020994186401,0.5536020994186401,0.6560486555099487,0.6560486555099487,0.5042
414,0.5518134832382202,0.5518134832382202,0.6544515490531921,0.6544515490531921,0.5048
415,0.5500258207321167,0.5500258207321167,0.6528328657150269,0.6528328657150269,0.5054
416,0.5482401847839355,0.5482401847839355,0.6511915922164917,0.6511915922164917,0.5061
417,0.5464569330215454,0.5464569330215454,0.6495652198791504,0.6495652198791504,0.5067
418,0.5446751713752747,0.5446751713752747,0.6479485034942627,0.6479485034942627,0.5077
419,0.5429023504257202,0.5429023504257202,0.6463335752487183,0.6463335752487183,0.5084
420,0.5411312580108643,0.5411312580108643,0.6447303891181946,0.6447303891181946,0.5091
421,0.5393617153167725,0.5393617153167725,0.6430964469909668,0.6430964469909668,0.5098
422,0.5375930070877075,0.5375930070877075,0.6414335370063782,0.6414335370063782,0.5104
423,0.535825788974762,0.535825788974762,0.639780580997467,0.639780580997467,0.5111
424,0.5340591669082642,0.5340591669082642,0.6381351351737976,0.6381351351737976,0.5117
425,0.5322983860969543,0.5322983860969543,0.6364891529083252,0.6364891529083252,0.5124
426,0.5305418968200684,0.5305418968200684,0.6348109245300293,0.6348109245300293,0.513
427,0.5287865400314331,0.5287865400314331,0.6331068873405457,0.6331068873405457,0.5137
428,0.527032732963562,0.527032732963562,0.6314182281494141,0.6314182281494141,0.5143
429,0.5252798199653625,0.5252798199653625,0.6297429800033569,0.6297429800033569,0.515
430,0.5235275626182556,0.5235275626182556,0.6280786991119385,0.6280786991119385,0.5156
431,0.5217767953872681,0.5217767953872681,0.6263828277587891,0.6263828277587891,0.5163
432,0.5200272798538208,0.5200272798538208,0.624697744846344,0.624697744846344,0.5169
433,0.5182809233665466,0.5182809233665466,0.6229785680770874,0.6229785680770874,0.5176
434,0.5165404081344604,0.5165404081344604,0.621277391910553,0.621277391910553,0.5182
435,0.5148015022277832,0.5148015022277832,0.6195966005325317,0.6195966005325317,0.5189
436,0.5130633115768433,0.5130633115768433,0.6178920269012451,0.6178920269012451,0.5195
437,0.5113273859024048,0.5113273859024048,0.6161658763885498,0.6161658763885498,0.5201
438,0.5095925331115723,0.5095925331115723,0.6144624948501587,0.6144624948501587,0.5208
439,0.5078584551811218,0.5078584551811218,0.6127797365188599,0.6127797365188599,0.5215
440,0.5061254501342773,0.5061254501342773,0.6111149787902832,0.6111149787902832,0.5222
441,0.5043942332267761,0.5043942332267761,0.6094654202461243,0.6094654202461243,0.5229
442,0.5026646852493286,0.5026646852493286,0.6077845692634583,0.6077845692634583,0.5235
443,0.5009357333183289,0.5009357333183289,0.6060738563537598,0.6060738563537598,0.5242
444,0.4992131292819977,0.4992131292819977,0.6043761968612671,0.6043761968612671,0.5251
445,0.4974936544895172,0.4974936544895172,0.6027020215988159,0.6027020215988159,0.5258
446,0.49577635526657104,0.49577635526657104,0.6010050773620605,0.6010050773620605,0.5291
447,0.49406081438064575,0.49406081438064575,0.5993304252624512,0.5993304252624512,0.5307
448,0.4923471510410309,0.4923471510410309,0.597674548625946,0.597674548625946,0.5313
449,0.490635484457016,0.490635484457016,0.5959887504577637,0.5959887504577637,0.5322
450,0.4889259338378906,0.4889259338378906,0.5943189859390259,0.5943189859390259,0.5329
451,0.4872191548347473,0.4872191548347473,0.5926616787910461,0.5926616787910461,0.5335
452,0.48551350831985474,0.48551350831985474,0.5909678339958191,0.5909678339958191,0.5342
453,0.4838106632232666,0.4838106632232666,0.5892391204833984,0.5892391204833984,0.535
454,0.48211032152175903,0.48211032152175903,0.5875242948532104,0.5875242948532104,0.5356
455,0.4804117679595947,0.4804117679595947,0.5858215093612671,0.5858215093612671,0.5363
456,0.47871533036231995,0.47871533036231995,0.5841286182403564,0.5841286182403564,0.537
457,0.4770210385322571,0.4770210385322571,0.5824434757232666,0.5824434757232666,0.5376
458,0.4753337800502777,0.4753337800502777,0.5807623863220215,0.5807623863220215,0.5383
459,0.4736502766609192,0.4736502766609192,0.5790470242500305,0.5790470242500305,0.539
460,0.47196856141090393,0.47196856141090393,0.5773006677627563,0.5773006677627563,0.5399
461,0.4702897071838379,0.4702897071838379,0.5755268335342407,0.5755268335342407,0.5406
462,0.4686153829097748,0.4686153829097748,0.5737767219543457,0.5737767219543457,0.5415
463,0.4669436514377594,0.4669436514377594,0.5720486044883728,0.5720486044883728,0.5422
464,0.46527475118637085,0.46527475118637085,0.5703402757644653,0.5703402757644653,0.5433
465,0.4636088013648987,0.4636088013648987,0.568648636341095,0.568648636341095,0.544
466,0.4619463384151459,0.4619463384151459,0.56697016954422,0.56697016954422,0.5447
467,0.46028751134872437,0.46028751134872437,0.5652536153793335,0.5652536153793335,0.5454
468,0.45863181352615356,0.45863181352615356,0.563500702381134,0.563500702381134,0.5461
469,0.4569798409938812,0.4569798409938812,0.5618050694465637,0.5618050694465637,0.5467
470,0.45533108711242676,0.45533108711242676,0.5601334571838379,0.5601334571838379,0.5474
471,0.45368582010269165,0.45368582010269165,0.5584741830825806,0.5584741830825806,0.5481
472,0.4520445466041565,0.4520445466041565,0.5567768216133118,0.5567768216133118,0.5488
473,0.4504067003726959,0.4504067003726959,0.555092990398407,0.555092990398407,0.5496
474,0.4487733244895935,0.4487733244895935,0.5534210205078125,0.5534210205078125,0.5503
475,0.4471427798271179,0.4471427798271179,0.5517107844352722,0.5517107844352722,0.5509
476,0.44551724195480347,0.44551724195480347,0.5499660968780518,0.5499660968780518,0.5516
477,0.4438970983028412,0.4438970983028412,0.5482403039932251,0.5482403039932251,0.5523
478,0.44228869676589966,0.44228869676589966,0.5465430021286011,0.5465430021286011,0.553
479,0.4406837821006775,0.4406837821006775,0.5448732376098633,0.5448732376098633,0.5536
480,0.43906369805336,0.43906369805336,0.5431345105171204,0.5431345105171204,0.5543
481,0.43740543723106384,0.43740543723106384,0.5412667393684387,0.5412667393684387,0.5549
482,0.4357295036315918,0.4357295036315918,0.5392886400222778,0.5392886400222778,0.5556
483,0.43404048681259155,0.43404048681259155,0.5372050404548645,0.5372050404548645,0.5563
484,0.43234285712242126,0.43234285712242126,0.5350611805915833,0.5350611805915833,0.5569
485,0.43064069747924805,0.43064069747924805,0.5328841209411621,0.5328841209411621,0.5576
486,0.4289371371269226,0.4289371371269226,0.5306997895240784,0.5306997895240784,0.5582
487,0.42723527550697327,0.42723527550697327,0.5285305976867676,0.5285305976867676,0.5589
488,0.42553701996803284,0.42553701996803284,0.5263959169387817,0.5263959169387817,0.5595
489,0.42384400963783264,0.42384400963783264,0.5243104100227356,0.5243104100227356,0.5602
490,0.4221571087837219,0.4221571087837219,0.5222848057746887,0.5222848057746887,0.5609
491,0.42047715187072754,0.42047715187072754,0.5203251242637634,0.5203251242637634,0.5615
492,0.41880446672439575,0.41880446672439575,0.5184333920478821,0.5184333920478821,0.5623
493,0.41713911294937134,0.41713911294937134,0.5165239572525024,0.5165239572525024,0.5631
494,0.41548117995262146,0.41548117995262146,0.5146583318710327,0.5146583318710327,0.5638
495,0.41383084654808044,0.41383084654808044,0.512849748134613,0.512849748134613,0.5665
496,0.4121878147125244,0.4121878147125244,0.5110894441604614,0.5110894441604614,0.5672
497,0.41055208444595337,0.41055208444595337,0.5093680620193481,0.5093680620193481,0.5679
498,0.4089260697364807,0.4089260697364807,0.5076752305030823,0.5076752305030823,0.5686
499,0.4073103964328766,0.4073103964328766,0.5059908628463745,0.5059908628463745,0.5693
500,0.40570157766342163,0.40570157766342163,0.5043084025382996,0.5043084025382996,0.57
501,0.4041011929512024,0.4041011929512024,0.5026227831840515,0.5026227831840515,0.5712
502,0.4025060534477234,0.4025060534477234,0.5008910894393921,0.5008910894393921,0.5766
503,0.40091022849082947,0.40091022849082947,0.4991110861301422,0.4991110861301422,0.5779
504,0.3993448317050934,0.3993448317050934,0.49729061126708984,0.49729061126708984,0.5786
505,0.3978028893470764,0.3978028893470764,0.4954373836517334,0.4954373836517334,0.5793
506,0.3962627053260803,0.3962627053260803,0.4935992360115051,0.4935992360115051,0.58
507,0.3947244882583618,0.3947244882583618,0.4917801022529602,0.4917801022529602,0.5807
508,0.3931904733181,0.3931904733181,0.4899870753288269,0.4899870753288269,0.5815
509,0.3916586637496948,0.3916586637496948,0.48822087049484253,0.48822087049484253,0.5822
510,0.39013004302978516,0.39013004302978516,0.4864066541194916,0.4864066541194916,0.5829
511,0.38860565423965454,0.38860565423965454,0.48460158705711365,0.48460158705711365,0.5836
512,0.3870862126350403,0.3870862126350403,0.4828185439109802,0.4828185439109802,0.5843
513,0.38558393716812134,0.38558393716812134,0.4810514450073242,0.4810514450073242,0.585
514,0.38409918546676636,0.38409918546676636,0.4792761206626892,0.4792761206626892,0.5857
515,0.3826199471950531,0.3826199471950531,0.4774874746799469,0.4774874746799469,0.5864
516,0.38114744424819946,0.38114744424819946,0.4756757616996765,0.4756757616996765,0.5871
517,0.37968170642852783,0.37968170642852783,0.47381386160850525,0.47381386160850525,0.5879
518,0.37822243571281433,0.37822243571281433,0.47196102142333984,0.47196102142333984,0.5886
519,0.3767697215080261,0.3767697215080261,0.4701085090637207,0.4701085090637207,0.5893
520,0.37532344460487366,0.37532344460487366,0.46824854612350464,0.46824854612350464,0.59
521,0.37388336658477783,0.37388336658477783,0.4663750231266022,0.4663750231266022,0.5907
522,0.37244945764541626,0.37244945764541626,0.4644835889339447,0.4644835889339447,0.5913
523,0.3710215091705322,0.3710215091705322,0.4625720977783203,0.4625720977783203,0.592
524,0.36959943175315857,0.36959943175315857,0.4606406092643738,0.4606406092643738,0.5927
525,0.36818915605545044,0.36818915605545044,0.45869120955467224,0.45869120955467224,0.5933
526,0.36679038405418396,0.36679038405418396,0.45670098066329956,0.45670098066329956,0.594
527,0.3653936982154846,0.3653936982154846,0.4546792507171631,0.4546792507171631,0.5947
528,0.36399972438812256,0.36399972438812256,0.45263856649398804,0.45263856649398804,0.5953
529,0.3626096844673157,0.3626096844673157,0.45059314370155334,0.45059314370155334,0.596
530,0.3612350523471832,0.3612350523471832,0.44858378171920776,0.44858378171920776,0.5968
531,0.35986557602882385,0.35986557602882385,0.44661712646484375,0.44661712646484375,0.5982
532,0.35850125551223755,0.35850125551223755,0.44469505548477173,0.44469505548477173,0.6036
533,0.35714247822761536,0.35714247822761536,0.4428153932094574,0.4428153932094574,0.6051
534,0.355797678232193,0.355797678232193,0.4409419894218445,0.4409419894218445,0.6061
535,0.35445547103881836,0.35445547103881836,0.4390439987182617,0.4390439987182617,0.6077
536,0.3531164228916168,0.3531164228916168,0.4371267259120941,0.4371267259120941,0.6111
537,0.35178452730178833,0.35178452730178833,0.4352110028266907,0.4352110028266907,0.6127
538,0.3504636585712433,0.3504636585712433,0.4333338141441345,0.4333338141441345,0.6138
539,0.34914758801460266,0.34914758801460266,0.4314909875392914,0.4314909875392914,0.6146
540,0.3478364944458008,0.3478364944458008,0.4296766221523285,0.4296766221523285,0.6154
541,0.3465315103530884,0.3465315103530884,0.42785802483558655,0.42785802483558655,0.6161
542,0.3452346920967102,0.3452346920967102,0.4260041117668152,0.4260041117668152,0.6168
543,0.3439455032348633,0.3439455032348633,0.4241445064544678,0.4241445064544678,0.6175
544,0.34266209602355957,0.34266209602355957,0.42231234908103943,0.42231234908103943,0.6182
545,0.3413706421852112,0.3413706421852112,0.4205070436000824,0.4205070436000824,0.6189
546,0.34007924795150757,0.34007924795150757,0.41865140199661255,0.41865140199661255,0.6197
547,0.3387899696826935,0.3387899696826935,0.4167487621307373,0.4167487621307373,0.6205
548,0.33750253915786743,0.33750253915786743,0.4148116111755371,0.4148116111755371,0.6217
549,0.33622094988822937,0.33622094988822937,0.4128752648830414,0.4128752648830414,0.623
550,0.33494359254837036,0.33494359254837036,0.41093045473098755,0.41093045473098755,0.6242
551,0.3336717486381531,0.3336717486381531,0.40897712111473083,0.40897712111473083,0.6249
552,0.3324046730995178,0.3324046730995178,0.407052606344223,0.407052606344223,0.6257
553,0.33114510774612427,0.33114510774612427,0.4051308035850525,0.4051308035850525,0.6267
554,0.329889178276062,0.329889178276062,0.40324679017066956,0.40324679017066956,0.6584
555,0.3286377787590027,0.3286377787590027,0.40140074491500854,0.40140074491500854,0.6592
556,0.32739347219467163,0.32739347219467163,0.3995610773563385,0.3995610773563385,0.6598
557,0.3261551558971405,0.3261551558971405,0.3977600038051605,0.3977600038051605,0.6605
558,0.3249238133430481,0.3249238133430481,0.39595770835876465,0.39595770835876465,0.6612
559,0.3236975073814392,0.3236975073814392,0.39418908953666687,0.39418908953666687,0.6619
560,0.3224773705005646,0.3224773705005646,0.3924538195133209,0.3924538195133209,0.6626
561,0.3212619721889496,0.3212619721889496,0.39071860909461975,0.39071860909461975,0.6634
562,0.3200541138648987,0.3200541138648987,0.3890174329280853,0.3890174329280853,0.6643
563,0.3188515603542328,0.3188515603542328,0.38731664419174194,0.38731664419174194,0.665
564,0.31765463948249817,0.31765463948249817,0.3856496214866638,0.3856496214866638,0.6659
565,0.3164622187614441,0.3164622187614441,0.3840124011039734,0.3840124011039734,0.6673
566,0.31527647376060486,0.31527647376060486,0.3823687434196472,0.3823687434196472,0.6738
567,0.3140842318534851,0.3140842318534851,0.3806193768978119,0.3806193768978119,0.6749
568,0.31289416551589966,0.31289416551589966,0.37876757979393005,0.37876757979393005,0.6757
569,0.31170377135276794,0.31170377135276794,0.3768090307712555,0.3768090307712555,0.6765
570,0.31052058935165405,0.31052058935165405,0.37481504678726196,0.37481504678726196,0.6772
571,0.30934298038482666,0.30934298038482666,0.3727889657020569,0.3727889657020569,0.678
572,0.3081725239753723,0.3081725239753723,0.37080180644989014,0.37080180644989014,0.6787
573,0.30700773000717163,0.30700773000717163,0.36888498067855835,0.36888498067855835,0.6794
574,0.3058556914329529,0.3058556914329529,0.36705631017684937,0.36705631017684937,0.6802
575,0.30470630526542664,0.30470630526542664,0.36529189348220825,0.36529189348220825,0.6809
576,0.3035587668418884,0.3035587668418884,0.36359909176826477,0.36359909176826477,0.6816
577,0.3024229407310486,0.3024229407310486,0.3619800806045532,0.3619800806045532,0.6826
578,0.30128997564315796,0.30128997564315796,0.36044231057167053,0.36044231057167053,0.6836
579,0.3001595735549927,0.3001595735549927,0.3589778542518616,0.3589778542518616,0.6845
580,0.2990317940711975,0.2990317940711975,0.3575741648674011,0.3575741648674011,0.6853
581,0.2979068160057068,0.2979068160057068,0.3562162220478058,0.3562162220478058,0.686
582,0.2967848777770996,0.2967848777770996,0.3548872470855713,0.3548872470855713,0.6867
583,0.29567378759384155,0.29567378759384155,0.3535710871219635,0.3535710871219635,0.6873
584,0.29456448554992676,0.29456448554992676,0.35222020745277405,0.35222020745277405,0.688
585,0.29344773292541504,0.29344773292541504,0.35087335109710693,0.35087335109710693,0.6887
586,0.2923319339752197,0.2923319339752197,0.3495238423347473,0.3495238423347473,0.6894
587,0.29122695326805115,0.29122695326805115,0.34816664457321167,0.34816664457321167,0.69
588,0.29012277722358704,0.29012277722358704,0.3468300402164459,0.3468300402164459,0.6907
589,0.28901833295822144,0.28901833295822144,0.34550240635871887,0.34550240635871887,0.6913
590,0.2879142761230469,0.2879142761230469,0.34417062997817993,0.34417062997817993,0.692
591,0.2868247628211975,0.2868247628211975,0.34282204508781433,0.34282204508781433,0.6927
592,0.2857365012168884,0.2857365012168884,0.3414110541343689,0.3414110541343689,0.6933
593,0.284648597240448,0.284648597240448,0.3399379849433899,0.3399379849433899,0.694
594,0.2835613191127777,0.2835613191127777,0.33841148018836975,0.33841148018836975,0.6947
595,0.2824752628803253,0.2824752628803253,0.33684664964675903,0.33684664964675903,0.6954
596,0.28139883279800415,0.28139883279800415,0.3352624475955963,0.3352624475955963,0.696
597,0.2803284525871277,0.2803284525871277,0.33371439576148987,0.33371439576148987,0.6967
598,0.27925801277160645,0.27925801277160645,0.3322111666202545,0.3322111666202545,0.6974
599,0.27818813920021057,0.27818813920021057,0.3307673931121826,0.3307673931121826,0.6981
600,0.27712076902389526,0.27712076902389526,0.32937294244766235,0.32937294244766235,0.6989
601,0.27606400847435,0.27606400847435,0.32797837257385254,0.32797837257385254,0.6997
602,0.27500802278518677,0.27500802278518677,0.3265799582004547,0.3265799582004547,0.7004
603,0.2739555537700653,0.2739555537700653,0.32517677545547485,0.32517677545547485,0.7011
604,0.27290838956832886,0.27290838956832886,0.3238040804862976,0.3238040804862976,0.7018
605,0.2718650996685028,0.2718650996685028,0.3224565386772156,0.3224565386772156,0.7025
606,0.2708255350589752,0.2708255350589752,0.3210902512073517,0.3210902512073517,0.7032
607,0.2697926163673401,0.2697926163673401,0.31970757246017456,0.31970757246017456,0.7038
608,0.2687601149082184,0.2687601149082184,0.3183668553829193,0.3183668553829193,0.7045
609,0.267728328704834,0.267728328704834,0.3170633316040039,0.3170633316040039,0.7052
610,0.2667040228843689,0.2667040228843689,0.3157885670661926,0.3157885670661926,0.7059
611,0.26568225026130676,0.26568225026130676,0.31449729204177856,0.31449729204177856,0.7066
612,0.2646554708480835,0.2646554708480835,0.3131706714630127,0.3131706714630127,0.7072
613,0.26363277435302734,0.26363277435302734,0.3118133246898651,0.3118133246898651,0.7079
614,0.2626138925552368,0.2626138925552368,0.31046804785728455,0.31046804785728455,0.7085
615,0.26159554719924927,0.26159554719924927,0.3091367781162262,0.3091367781162262,0.7092
616,0.2605803608894348,0.2605803608894348,0.3078193962574005,0.3078193962574005,0.7099
617,0.2595713138580322,0.2595713138580322,0.3064801096916199,0.3064801096916199,0.7106
618,0.2585645914077759,0.2585645914077759,0.30512526631355286,0.30512526631355286,0.7112
619,0.25756150484085083,0.25756150484085083,0.3037985861301422,0.3037985861301422,0.7119
620,0.25656887888908386,0.25656887888908386,0.30250313878059387,0.30250313878059387,0.7125
621,0.25558000802993774,0.25558000802993774,0.3012133836746216,0.3012133836746216,0.7132
622,0.25459393858909607,0.25459393858909607,0.29993385076522827,0.29993385076522827,0.7138
623,0.25361332297325134,0.25361332297325134,0.29870444536209106,0.29870444536209106,0.7145
624,0.2526351809501648,0.2526351809501648,0.2975219190120697,0.2975219190120697,0.7152
625,0.2516634464263916,0.2516634464263916,0.2963448166847229,0.2963448166847229,0.7158
626,0.2506938576698303,0.2506938576698303,0.2952039837837219,0.2952039837837219,0.7165
627,0.2497299611568451,0.2497299611568451,0.29405608773231506,0.29405608773231506,0.7171
628,0.24876753985881805,0.24876753985881805,0.292931467294693,0.292931467294693,0.7178
629,0.24780912697315216,0.24780912697315216,0.29182127118110657,0.29182127118110657,0.7185
630,0.2468535155057907,0.2468535155057907,0.2906814515590668,0.2906814515590668,0.7192
631,0.24590663611888885,0.24590663611888885,0.28951066732406616,0.28951066732406616,0.7198
632,0.2449616640806198,0.2449616640806198,0.2883449196815491,0.2883449196815491,0.7205
633,0.2440185546875,0.2440185546875,0.28718194365501404,0.28718194365501404,0.7212
634,0.24307742714881897,0.24307742714881897,0.28601884841918945,0.28601884841918945,0.7218
635,0.24214395880699158,0.24214395880699158,0.28485307097435,0.28485307097435,0.7225
636,0.24121376872062683,0.24121376872062683,0.283649206161499,0.283649206161499,0.7232
637,0.24028456211090088,0.24028456211090088,0.2824159860610962,0.2824159860610962,0.7238
638,0.23936636745929718,0.23936636745929718,0.28116244077682495,0.28116244077682495,0.7245
639,0.23845219612121582,0.23845219612121582,0.2799381613731384,0.2799381613731384,0.7252
640,0.23754039406776428,0.23754039406776428,0.2787517011165619,0.2787517011165619,0.7258
641,0.23663108050823212,0.23663108050823212,0.2776060700416565,0.2776060700416565,0.7265
642,0.23572437465190887,0.23572437465190887,0.27649974822998047,0.27649974822998047,0.7272
643,0.23482346534729004,0.23482346534729004,0.2754266858100891,0.2754266858100891,0.7279
644,0.2339295893907547,0.2339295893907547,0.27434563636779785,0.27434563636779785,0.7287
645,0.2330356389284134,0.2330356389284134,0.2732546925544739,0.2732546925544739,0.7294
646,0.23215174674987793,0.23215174674987793,0.2721557021141052,0.2721557021141052,0.7301
647,0.23127146065235138,0.23127146065235138,0.2710842490196228,0.2710842490196228,0.7309
648,0.2303936779499054,0.2303936779499054,0.27003660798072815,0.27003660798072815,0.7317
649,0.22951872646808624,0.22951872646808624,0.2690064311027527,0.2690064311027527,0.7324
650,0.22864679992198944,0.22864679992198944,0.26798519492149353,0.26798519492149353,0.7331
651,0.22778287529945374,0.22778287529945374,0.26696449518203735,0.26696449518203735,0.7338
652,0.22692397236824036,0.22692397236824036,0.26590496301651,0.26590496301651,0.7345
653,0.2260650396347046,0.2260650396347046,0.2648093104362488,0.2648093104362488,0.7352
654,0.2252155840396881,0.2252155840396881,0.2636876404285431,0.2636876404285431,0.7358
655,0.22437091171741486,0.22437091171741486,0.26258358359336853,0.26258358359336853,0.7365
656,0.2235291451215744,0.2235291451215744,0.26150307059288025,0.26150307059288025,0.7372
657,0.22269053757190704,0.22269053757190704,0.260448157787323,0.260448157787323,0.7379
658,0.22185519337654114,0.22185519337654114,0.2594170570373535,0.2594170570373535,0.7386
659,0.2210240364074707,0.2210240364074707,0.25840526819229126,0.25840526819229126,0.7393
660,0.22020116448402405,0.22020116448402405,0.2573768198490143,0.2573768198490143,0.7402
661,0.219381645321846,0.219381645321846,0.25633305311203003,0.25633305311203003,0.7409
662,0.21856746077537537,0.21856746077537537,0.2553093135356903,0.2553093135356903,0.7415
663,0.2177567183971405,0.2177567183971405,0.2543052136898041,0.2543052136898041,0.7422
664,0.21695446968078613,0.21695446968078613,0.2533184587955475,0.2533184587955475,0.743
665,0.2161535769701004,0.2161535769701004,0.2523159980773926,0.2523159980773926,0.7437
666,0.215356707572937,0.215356707572937,0.25130248069763184,0.25130248069763184,0.7445
667,0.21456709504127502,0.21456709504127502,0.25031405687332153,0.25031405687332153,0.7452
668,0.2137809693813324,0.2137809693813324,0.24935117363929749,0.24935117363929749,0.7461
669,0.21299853920936584,0.21299853920936584,0.2484111785888672,0.2484111785888672,0.7474
670,0.21222606301307678,0.21222606301307678,0.24748900532722473,0.24748900532722473,0.7499
671,0.2114550769329071,0.2114550769329071,0.24654965102672577,0.24654965102672577,0.7526
672,0.210685133934021,0.210685133934021,0.24559497833251953,0.24559497833251953,0.7539
673,0.20992736518383026,0.20992736518383026,0.24463152885437012,0.24463152885437012,0.7555
674,0.20917508006095886,0.20917508006095886,0.24369509518146515,0.24369509518146515,0.7573
675,0.20842739939689636,0.20842739939689636,0.2427808791399002,0.2427808791399002,0.7591
676,0.20768359303474426,0.20768359303474426,0.24188736081123352,0.24188736081123352,0.7606
677,0.2069438397884369,0.2069438397884369,0.24101075530052185,0.24101075530052185,0.7616
678,0.20620831847190857,0.20620831847190857,0.24014608561992645,0.24014608561992645,0.7624
679,0.20547863841056824,0.20547863841056824,0.23928777873516083,0.23928777873516083,0.7635
680,0.20475777983665466,0.20475777983665466,0.23840530216693878,0.23840530216693878,0.7643
681,0.20403830707073212,0.20403830707073212,0.23750309646129608,0.23750309646129608,0.7653
682,0.20332841575145721,0.20332841575145721,0.23659157752990723,0.23659157752990723,0.7661
683,0.20262324810028076,0.20262324810028076,0.23570828139781952,0.23570828139781952,0.7669
684,0.20192205905914307,0.20192205905914307,0.23485760390758514,0.23485760390758514,0.7676
685,0.20122484862804413,0.20122484862804413,0.23403921723365784,0.23403921723365784,0.7684
686,0.20053191483020782,0.20053191483020782,0.23324863612651825,0.23324863612651825,0.7691
687,0.1998460739850998,0.1998460739850998,0.23247793316841125,0.23247793316841125,0.7699
688,0.19916680455207825,0.19916680455207825,0.23169371485710144,0.23169371485710144,0.7706
689,0.19848939776420593,0.19848939776420593,0.23089417815208435,0.23089417815208435,0.7713
690,0.1978219598531723,0.1978219598531723,0.2300831824541092,0.2300831824541092,0.7721
691,0.19715923070907593,0.19715923070907593,0.2292906790971756,0.2292906790971756,0.7728
692,0.19650155305862427,0.19650155305862427,0.2285172939300537,0.2285172939300537,0.7735
693,0.19584804773330688,0.19584804773330688,0.22776517271995544,0.22776517271995544,0.7742
694,0.19519883394241333,0.19519883394241333,0.227029487490654,0.227029487490654,0.7749
695,0.19455459713935852,0.19455459713935852,0.22630424797534943,0.22630424797534943,0.7755
696,0.19391870498657227,0.19391870498657227,0.22556118667125702,0.22556118667125702,0.7762
697,0.1932867467403412,0.1932867467403412,0.22480233013629913,0.22480233013629913,0.7769
698,0.19266080856323242,0.19266080856323242,0.224056676030159,0.224056676030159,0.7776
699,0.1920393705368042,0.1920393705368042,0.223326176404953,0.223326176404953,0.7783
700,0.19142459332942963,0.19142459332942963,0.22259005904197693,0.22259005904197693,0.7789
701,0.19081422686576843,0.19081422686576843,0.22187502682209015,0.22187502682209015,0.7796
702,0.19020967185497284,0.19020967185497284,0.22118063271045685,0.22118063271045685,0.7802
703,0.18960924446582794,0.18960924446582794,0.2204829901456833,0.2204829901456833,0.7809
704,0.18901591002941132,0.18901591002941132,0.2198048084974289,0.2198048084974289,0.7815
705,0.18842682242393494,0.18842682242393494,0.21912257373332977,0.21912257373332977,0.7824
706,0.1878431886434555,0.1878431886434555,0.21845845878124237,0.21845845878124237,0.783
707,0.18726491928100586,0.18726491928100586,0.21780987083911896,0.21780987083911896,0.7837
708,0.18669132888317108,0.18669132888317108,0.21715302765369415,0.21715302765369415,0.7843
709,0.18612372875213623,0.18612372875213623,0.216509610414505,0.216509610414505,0.785
710,0.1855616420507431,0.1855616420507431,0.21585877239704132,0.21585877239704132,0.7856
711,0.18500421941280365,0.18500421941280365,0.2152239829301834,0.2152239829301834,0.7863
712,0.1844513714313507,0.1844513714313507,0.21460500359535217,0.21460500359535217,0.7871
713,0.1839045286178589,0.1839045286178589,0.21398162841796875,0.21398162841796875,0.7878
714,0.1833624392747879,0.1833624392747879,0.21337571740150452,0.21337571740150452,0.7885
715,0.182826429605484,0.182826429605484,0.21276788413524628,0.21276788413524628,0.7891
716,0.18229472637176514,0.18229472637176514,0.21217957139015198,0.21217957139015198,0.7898
717,0.18176820874214172,0.18176820874214172,0.21160897612571716,0.21160897612571716,0.7905
718,0.18126025795936584,0.18126025795936584,0.211035817861557,0.211035817861557,0.7911
719,0.180757075548172,0.180757075548172,0.21053166687488556,0.21053166687488556,0.7918
720,0.18025365471839905,0.18025365471839905,0.21009807288646698,0.21009807288646698,0.7924
721,0.17975285649299622,0.17975285649299622,0.20971086621284485,0.20971086621284485,0.7931
722,0.17925657331943512,0.17925657331943512,0.2093258798122406,0.2093258798122406,0.7937
723,0.1787625253200531,0.1787625253200531,0.2089245319366455,0.2089245319366455,0.7943
724,0.17827486991882324,0.17827486991882324,0.20849795639514923,0.20849795639514923,0.795
725,0.1777999997138977,0.1777999997138977,0.2080637514591217,0.2080637514591217,0.7956
726,0.17732711136341095,0.17732711136341095,0.20754389464855194,0.20754389464855194,0.7962
727,0.17685703933238983,0.17685703933238983,0.20696496963500977,0.20696496963500977,0.7968
728,0.1763955056667328,0.1763955056667328,0.206361323595047,0.206361323595047,0.7975
729,0.17593762278556824,0.17593762278556824,0.20575037598609924,0.20575037598609924,0.7981
730,0.17548254132270813,0.17548254132270813,0.20516476035118103,0.20516476035118103,0.7988
731,0.17503070831298828,0.17503070831298828,0.20462831854820251,0.20462831854820251,0.7995
732,0.1745847910642624,0.1745847910642624,0.2041674107313156,0.2041674107313156,0.8001
733,0.17414095997810364,0.17414095997810364,0.2038479745388031,0.2038479745388031,0.8008
734,0.1737045794725418,0.1737045794725418,0.20363275706768036,0.20363275706768036,0.8014
735,0.1732752025127411,0.1732752025127411,0.20337843894958496,0.20337843894958496,0.802
736,0.17284826934337616,0.17284826934337616,0.20305073261260986,0.20305073261260986,0.8027
737,0.17242686450481415,0.17242686450481415,0.2027112990617752,0.2027112990617752,0.8033
738,0.1720106303691864,0.1720106303691864,0.20236115157604218,0.20236115157604218,0.8039
739,0.1715979278087616,0.1715979278087616,0.2019137442111969,0.2019137442111969,0.8046
740,0.17118880152702332,0.17118880152702332,0.20146393775939941,0.20146393775939941,0.8052
741,0.1707858145236969,0.1707858145236969,0.2010086327791214,0.2010086327791214,0.8059
742,0.17038527131080627,0.17038527131080627,0.2004895657300949,0.2004895657300949,0.8065
743,0.16999176144599915,0.16999176144599915,0.19995799660682678,0.19995799660682678,0.8072
744,0.16960065066814423,0.16960065066814423,0.19951820373535156,0.19951820373535156,0.8078
745,0.16921618580818176,0.16921618580818176,0.19916149973869324,0.19916149973869324,0.8085
746,0.16883622109889984,0.16883622109889984,0.198809415102005,0.198809415102005,0.8091
747,0.1684587299823761,0.1684587299823761,0.19847573339939117,0.19847573339939117,0.8098
748,0.16808359324932098,0.16808359324932098,0.19815552234649658,0.19815552234649658,0.8105
749,0.16771341860294342,0.16771341860294342,0.19784125685691833,0.19784125685691833,0.8111
750,0.16734889149665833,0.16734889149665833,0.19758360087871552,0.19758360087871552,0.8118
751,0.16698645055294037,0.16698645055294037,0.1973620057106018,0.1973620057106018,0.8124
752,0.16663146018981934,0.16663146018981934,0.19708260893821716,0.19708260893821716,0.813
753,0.16627877950668335,0.16627877950668335,0.19682924449443817,0.19682924449443817,0.8137
754,0.16592952609062195,0.16592952609062195,0.19651827216148376,0.19651827216148376,0.8143
755,0.1655832827091217,0.1655832827091217,0.19622910022735596,0.19622910022735596,0.815
756,0.16524192690849304,0.16524192690849304,0.19588786363601685,0.19588786363601685,0.8156
757,0.16490602493286133,0.16490602493286133,0.1954992562532425,0.1954992562532425,0.8163
758,0.16457220911979675,0.16457220911979675,0.19515696167945862,0.19515696167945862,0.8169
759,0.16424043476581573,0.16424043476581573,0.19487038254737854,0.19487038254737854,0.8176
760,0.16391311585903168,0.16391311585903168,0.19465190172195435,0.19465190172195435,0.8182
761,0.16359159350395203,0.16359159350395203,0.19442114233970642,0.19442114233970642,0.8188
762,0.16327138245105743,0.16327138245105743,0.19416356086730957,0.19416356086730957,0.8195
763,0.1629541665315628,0.1629541665315628,0.19389519095420837,0.19389519095420837,0.8201
764,0.16264554858207703,0.16264554858207703,0.193609818816185,0.193609818816185,0.8207
765,0.16233721375465393,0.16233721375465393,0.19339370727539062,0.19339370727539062,0.8214
766,0.1620311737060547,0.1620311737060547,0.19323459267616272,0.19323459267616272,0.822
767,0.16172778606414795,0.16172778606414795,0.19310112297534943,0.19310112297534943,0.8226
768,0.16143111884593964,0.16143111884593964,0.19297368824481964,0.19297368824481964,0.8233
769,0.16113582253456116,0.16113582253456116,0.1927674412727356,0.1927674412727356,0.8239
770,0.16084317862987518,0.16084317862987518,0.19250114262104034,0.19250114262104034,0.8246
771,0.1605519950389862,0.1605519950389862,0.1921926587820053,0.1921926587820053,0.8252
772,0.1602656990289688,0.1602656990289688,0.19193203747272491,0.19193203747272491,0.8258
773,0.1599850207567215,0.1599850207567215,0.19172413647174835,0.19172413647174835,0.8265
774,0.15970590710639954,0.15970590710639954,0.19148790836334229,0.19148790836334229,0.8271
775,0.15943121910095215,0.15943121910095215,0.19123323261737823,0.19123323261737823,0.8277
776,0.15915726125240326,0.15915726125240326,0.19103752076625824,0.19103752076625824,0.8284
777,0.15888477861881256,0.15888477861881256,0.19089624285697937,0.19089624285697937,0.829
778,0.15861666202545166,0.15861666202545166,0.19080667197704315,0.19080667197704315,0.8296
779,0.15835270285606384,0.15835270285606384,0.19068121910095215,0.19068121910095215,0.8303
780,0.15809142589569092,0.15809142589569092,0.190511554479599,0.190511554479599,0.8309
781,0.15783214569091797,0.15783214569091797,0.1902889460325241,0.1902889460325241,0.8315
782,0.15757617354393005,0.15757617354393005,0.19009199738502502,0.19009199738502502,0.8322
783,0.1573239266872406,0.1573239266872406,0.1899232119321823,0.1899232119321823,0.8328
784,0.15707190334796906,0.15707190334796906,0.18979065120220184,0.18979065120220184,0.8335
785,0.15682512521743774,0.15682512521743774,0.1896861344575882,0.1896861344575882,0.8342
786,0.15658164024353027,0.15658164024353027,0.1895323395729065,0.1895323395729065,0.8348
787,0.156338170170784,0.156338170170784,0.18932373821735382,0.18932373821735382,0.8355
788,0.15609481930732727,0.15609481930732727,0.1890769749879837,0.1890769749879837,0.8361
789,0.15586033463478088,0.15586033463478088,0.18881595134735107,0.18881595134735107,0.8367
790,0.15562704205513,0.15562704205513,0.18863394856452942,0.18863394856452942,0.8373
791,0.1553923636674881,0.1553923636674881,0.1885278820991516,0.1885278820991516,0.838
792,0.1551600992679596,0.1551600992679596,0.18848147988319397,0.18848147988319397,0.8387
793,0.15493297576904297,0.15493297576904297,0.18845999240875244,0.18845999240875244,0.8393
794,0.1547086238861084,0.1547086238861084,0.18837355077266693,0.18837355077266693,0.84
795,0.1544831395149231,0.1544831395149231,0.1882183849811554,0.1882183849811554,0.8406
796,0.15426023304462433,0.15426023304462433,0.18800589442253113,0.18800589442253113,0.8412
797,0.1540430784225464,0.1540430784225464,0.18783007562160492,0.18783007562160492,0.8419
798,0.15382592380046844,0.15382592380046844,0.1876918375492096,0.1876918375492096,0.8425
799,0.15361134707927704,0.15361134707927704,0.18758973479270935,0.18758973479270935,0.8431
800,0.15340015292167664,0.15340015292167664,0.1874467134475708,0.1874467134475708,0.8438
801,0.1531907021999359,0.1531907021999359,0.18727067112922668,0.18727067112922668,0.8444
802,0.15298251807689667,0.15298251807689667,0.1871366649866104,0.1871366649866104,0.8451
803,0.1527760922908783,0.1527760922908783,0.18704438209533691,0.18704438209533691,0.8458
804,0.15257182717323303,0.15257182717323303,0.1869266927242279,0.1869266927242279,0.8465
805,0.15237097442150116,0.15237097442150116,0.18679556250572205,0.18679556250572205,0.8471
806,0.15216967463493347,0.15216967463493347,0.1867150366306305,0.1867150366306305,0.8478
807,0.151973694562912,0.151973694562912,0.1866738349199295,0.1866738349199295,0.8485
808,0.15177829563617706,0.15177829563617706,0.1865835189819336,0.1865835189819336,0.8492
809,0.15158241987228394,0.15158241987228394,0.18644307553768158,0.18644307553768158,0.8499
810,0.15139196813106537,0.15139196813106537,0.186263769865036,0.186263769865036,0.8506
811,0.15120211243629456,0.15120211243629456,0.1861225664615631,0.1861225664615631,0.8512
812,0.15101248025894165,0.15101248025894165,0.1860227882862091,0.1860227882862091,0.8519
813,0.15082372725009918,0.15082372725009918,0.18596088886260986,0.18596088886260986,0.8526
814,0.15063554048538208,0.15063554048538208,0.18593427538871765,0.18593427538871765,0.8532
815,0.15045490860939026,0.15045490860939026,0.18591825664043427,0.18591825664043427,0.8539
816,0.15027470886707306,0.15027470886707306,0.18583622574806213,0.18583622574806213,0.8546
817,0.15009312331676483,0.15009312331676483,0.18569979071617126,0.18569979071617126,0.8552
818,0.14991167187690735,0.14991167187690735,0.18552298843860626,0.18552298843860626,0.8559
819,0.1497320830821991,0.1497320830821991,0.18531851470470428,0.18531851470470428,0.8566
820,0.14955809712409973,0.14955809712409973,0.18516750633716583,0.18516750633716583,0.8573
821,0.1493835151195526,0.1493835151195526,0.1850796341896057,0.1850796341896057,0.858
822,0.1492091864347458,0.1492091864347458,0.18504686653614044,0.18504686653614044,0.8587
823,0.14903801679611206,0.14903801679611206,0.18499460816383362,0.18499460816383362,0.8595
824,0.14886775612831116,0.14886775612831116,0.18492193520069122,0.18492193520069122,0.8601
825,0.1486993134021759,0.1486993134021759,0.18487435579299927,0.18487435579299927,0.8608
826,0.14853370189666748,0.14853370189666748,0.18483838438987732,0.18483838438987732,0.8615
827,0.1483679860830307,0.1483679860830307,0.18474933505058289,0.18474933505058289,0.8622
828,0.1482032984495163,0.1482032984495163,0.18460382521152496,0.18460382521152496,0.8628
829,0.14804069697856903,0.14804069697856903,0.18447546660900116,0.18447546660900116,0.8635
830,0.147878497838974,0.147878497838974,0.1843707114458084,0.1843707114458084,0.8642
831,0.1477174460887909,0.1477174460887909,0.18429210782051086,0.18429210782051086,0.8648
832,0.14755980670452118,0.14755980670452118,0.18424363434314728,0.18424363434314728,0.8656
833,0.14740261435508728,0.14740261435508728,0.1841525137424469,0.1841525137424469,0.8663
834,0.14724479615688324,0.14724479615688324,0.1840250939130783,0.1840250939130783,0.867
835,0.1470881700515747,0.1470881700515747,0.18387575447559357,0.18387575447559357,0.8677
836,0.14693529903888702,0.14693529903888702,0.18372774124145508,0.18372774124145508,0.8684
837,0.1467818319797516,0.1467818319797516,0.18364641070365906,0.18364641070365906,0.8691
838,0.1466289758682251,0.1466289758682251,0.18361487984657288,0.18361487984657288,0.8698
839,0.14647658169269562,0.14647658169269562,0.18361446261405945,0.18361446261405945,0.8705
840,0.14632806181907654,0.14632806181907654,0.18362312018871307,0.18362312018871307,0.8712
841,0.14617960155010223,0.14617960155010223,0.1835639923810959,0.1835639923810959,0.8719
842,0.1460295021533966,0.1460295021533966,0.18343901634216309,0.18343901634216309,0.8729
843,0.14588209986686707,0.14588209986686707,0.18326635658740997,0.18326635658740997,0.8737
844,0.14573682844638824,0.14573682844638824,0.18312664330005646,0.18312664330005646,0.8744
845,0.14559146761894226,0.14559146761894226,0.1830311119556427,0.1830311119556427,0.8751
846,0.14544710516929626,0.14544710516929626,0.1829816848039627,0.1829816848039627,0.8758
847,0.14530162513256073,0.14530162513256073,0.18297643959522247,0.18297643959522247,0.8764
848,0.1451602429151535,0.1451602429151535,0.1829438954591751,0.1829438954591751,0.8771
849,0.1450180560350418,0.1450180560350418,0.18287011981010437,0.18287011981010437,0.8778
850,0.14487485587596893,0.14487485587596893,0.18274350464344025,0.18274350464344025,0.8785
851,0.14473353326320648,0.14473353326320648,0.18263410031795502,0.18263410031795502,0.8792
852,0.1445917785167694,0.1445917785167694,0.18254925310611725,0.18254925310611725,0.8799
853,0.14445015788078308,0.14445015788078308,0.18249693512916565,0.18249693512916565,0.8806
854,0.14431209862232208,0.14431209862232208,0.18246565759181976,0.18246565759181976,0.8814
855,0.1441734880208969,0.1441734880208969,0.1823941320180893,0.1823941320180893,0.8822
856,0.14403386414051056,0.14403386414051056,0.18229398131370544,0.18229398131370544,0.8829
857,0.143893763422966,0.143893763422966,0.1821751594543457,0.1821751594543457,0.8837
858,0.14375701546669006,0.14375701546669006,0.1820947229862213,0.1820947229862213,0.8844
859,0.1436198502779007,0.1436198502779007,0.18204966187477112,0.18204966187477112,0.8851
860,0.1434844583272934,0.1434844583272934,0.18203112483024597,0.18203112483024597,0.8857
861,0.1433490812778473,0.1433490812778473,0.18197515606880188,0.18197515606880188,0.8865
862,0.14321359992027283,0.14321359992027283,0.1818886250257492,0.1818886250257492,0.8873
863,0.14307990670204163,0.14307990670204163,0.18182820081710815,0.18182820081710815,0.888
864,0.1429479420185089,0.1429479420185089,0.18178004026412964,0.18178004026412964,0.8887
865,0.14281493425369263,0.14281493425369263,0.181686133146286,0.181686133146286,0.8894
866,0.14268353581428528,0.14268353581428528,0.18155665695667267,0.18155665695667267,0.8901
867,0.14255288243293762,0.14255288243293762,0.1814604252576828,0.1814604252576828,0.8908
868,0.1424219161272049,0.1424219161272049,0.18140047788619995,0.18140047788619995,0.8915
869,0.1422915756702423,0.1422915756702423,0.1813725084066391,0.1813725084066391,0.8921
870,0.1421627551317215,0.1421627551317215,0.18132098019123077,0.18132098019123077,0.8928
871,0.14203432202339172,0.14203432202339172,0.18124282360076904,0.18124282360076904,0.8935
872,0.14190688729286194,0.14190688729286194,0.18118377029895782,0.18118377029895782,0.8942
873,0.1417807638645172,0.1417807638645172,0.18108735978603363,0.18108735978603363,0.8949
874,0.14165452122688293,0.14165452122688293,0.1810101717710495,0.1810101717710495,0.8955
875,0.1415281891822815,0.1415281891822815,0.18095102906227112,0.18095102906227112,0.8962
876,0.14140456914901733,0.14140456914901733,0.1809050738811493,0.1809050738811493,0.8969
877,0.14128005504608154,0.14128005504608154,0.18081679940223694,0.18081679940223694,0.8977
878,0.14115475118160248,0.14115475118160248,0.18069635331630707,0.18069635331630707,0.8985
879,0.14103451371192932,0.14103451371192932,0.18055979907512665,0.18055979907512665,0.8992
880,0.1409125179052353,0.1409125179052353,0.1804758757352829,0.1804758757352829,0.8999
881,0.14078804850578308,0.14078804850578308,0.18043842911720276,0.18043842911720276,0.9006
882,0.14066560566425323,0.14066560566425323,0.180430606007576,0.180430606007576,0.9012
883,0.14054542779922485,0.14054542779922485,0.18038441240787506,0.18038441240787506,0.9019
884,0.1404242217540741,0.1404242217540741,0.18029391765594482,0.18029391765594482,0.9026
885,0.1403057873249054,0.1403057873249054,0.1801663190126419,0.1801663190126419,0.9035
886,0.14018702507019043,0.14018702507019043,0.18006448447704315,0.18006448447704315,0.9043
887,0.14006778597831726,0.14006778597831726,0.17999102175235748,0.17999102175235748,0.905
888,0.13994821906089783,0.13994821906089783,0.17994260787963867,0.17994260787963867,0.9057
889,0.13983026146888733,0.13983026146888733,0.17991141974925995,0.17991141974925995,0.9064
890,0.13971321284770966,0.13971321284770966,0.1798381358385086,0.1798381358385086,0.9071
891,0.1395956128835678,0.1395956128835678,0.17972752451896667,0.17972752451896667,0.9081
892,0.13947899639606476,0.13947899639606476,0.17959924042224884,0.17959924042224884,0.9088
893,0.1393629014492035,0.1393629014492035,0.17951372265815735,0.17951372265815735,0.9095
894,0.1392471045255661,0.1392471045255661,0.17945870757102966,0.17945870757102966,0.9102
895,0.13913199305534363,0.13913199305534363,0.17937907576560974,0.17937907576560974,0.9109
896,0.1390177309513092,0.1390177309513092,0.1792764961719513,0.1792764961719513,0.9116
897,0.1389033943414688,0.1389033943414688,0.17920422554016113,0.17920422554016113,0.9124
898,0.1387888789176941,0.1387888789176941,0.17915669083595276,0.17915669083595276,0.9131
899,0.13867522776126862,0.13867522776126862,0.17907650768756866,0.17907650768756866,0.9138
900,0.13856247067451477,0.13856247067451477,0.17901329696178436,0.17901329696178436,0.9144
901,0.13844910264015198,0.13844910264015198,0.17891418933868408,0.17891418933868408,0.9151
902,0.13833680748939514,0.13833680748939514,0.17883411049842834,0.17883411049842834,0.9159
903,0.13822488486766815,0.13822488486766815,0.17872485518455505,0.17872485518455505,0.9166
904,0.13811294734477997,0.13811294734477997,0.17864318192005157,0.17864318192005157,0.9173
905,0.13800182938575745,0.13800182938575745,0.17858760058879852,0.17858760058879852,0.918
906,0.13789038360118866,0.13789038360118866,0.1785048246383667,0.1785048246383667,0.9187
907,0.1377784013748169,0.1377784013748169,0.17838354408740997,0.17838354408740997,0.9194
908,0.13766799867153168,0.13766799867153168,0.1782854050397873,0.1782854050397873,0.9201
909,0.13755643367767334,0.13755643367767334,0.17822346091270447,0.17822346091270447,0.9208
910,0.13744515180587769,0.13744515180587769,0.17814573645591736,0.17814573645591736,0.9214
911,0.13733458518981934,0.13733458518981934,0.1780523955821991,0.1780523955821991,0.9221
912,0.13722442090511322,0.13722442090511322,0.177982896566391,0.177982896566391,0.9228
913,0.13711431622505188,0.13711431622505188,0.1779298186302185,0.1779298186302185,0.9235
914,0.13700416684150696,0.13700416684150696,0.1778382807970047,0.1778382807970047,0.9241
915,0.13689486682415009,0.13689486682415009,0.17775851488113403,0.17775851488113403,0.9248
916,0.1367851197719574,0.1367851197719574,0.1776435673236847,0.1776435673236847,0.9255
917,0.13667526841163635,0.13667526841163635,0.17754976451396942,0.17754976451396942,0.9261
918,0.1365666687488556,0.1365666687488556,0.17747917771339417,0.17747917771339417,0.9268
919,0.1364574134349823,0.1364574134349823,0.1773824542760849,0.1773824542760849,0.9275
920,0.13634835183620453,0.13634835183620453,0.1772659718990326,0.1772659718990326,0.9283
921,0.13623985648155212,0.13623985648155212,0.1771838366985321,0.1771838366985321,0.9289
922,0.13613101840019226,0.13613101840019226,0.17713209986686707,0.17713209986686707,0.9296
923,0.13602302968502045,0.13602302968502045,0.1770571619272232,0.1770571619272232,0.9303
924,0.13591544330120087,0.13591544330120087,0.1770036518573761,0.1770036518573761,0.9311
925,0.13580776751041412,0.13580776751041412,0.1769181191921234,0.1769181191921234,0.9319
926,0.13570064306259155,0.13570064306259155,0.17684654891490936,0.17684654891490936,0.9327
927,0.13559404015541077,0.13559404015541077,0.17674186825752258,0.17674186825752258,0.9334
928,0.13548730313777924,0.13548730313777924,0.17665395140647888,0.17665395140647888,0.9341
929,0.135381281375885,0.135381281375885,0.1765812188386917,0.1765812188386917,0.9348
930,0.13527517020702362,0.13527517020702362,0.17647667229175568,0.17647667229175568,0.9356
931,0.13516958057880402,0.13516958057880402,0.1763460636138916,0.1763460636138916,0.9363
932,0.13506418466567993,0.13506418466567993,0.1762436181306839,0.1762436181306839,0.937
933,0.13495881855487823,0.13495881855487823,0.1761709600687027,0.1761709600687027,0.9376
934,0.13485391438007355,0.13485391438007355,0.17607976496219635,0.17607976496219635,0.9383
935,0.13474993407726288,0.13474993407726288,0.17597204446792603,0.17597204446792603,0.9391
936,0.13464564085006714,0.13464564085006714,0.17589399218559265,0.17589399218559265,0.9399
937,0.13454113900661469,0.13454113900661469,0.17583897709846497,0.17583897709846497,0.9406
938,0.13443736732006073,0.13443736732006073,0.17575469613075256,0.17575469613075256,0.9412
939,0.1343347430229187,0.1343347430229187,0.1756419837474823,0.1756419837474823,0.9419
940,0.13423165678977966,0.13423165678977966,0.17554886639118195,0.17554886639118195,0.9427
941,0.13412807881832123,0.13412807881832123,0.17547324299812317,0.17547324299812317,0.9434
942,0.13402651250362396,0.13402651250362396,0.17540931701660156,0.17540931701660156,0.9441
943,0.1339244842529297,0.1339244842529297,0.17530810832977295,0.17530810832977295,0.9448
944,0.13382163643836975,0.13382163643836975,0.1751755326986313,0.1751755326986313,0.9454
945,0.13371959328651428,0.13371959328651428,0.17502497136592865,0.17502497136592865,0.9461
946,0.13361842930316925,0.13361842930316925,0.17491064965724945,0.17491064965724945,0.9467
947,0.13351626694202423,0.13351626694202423,0.17483356595039368,0.17483356595039368,0.9474
948,0.1334162801504135,0.1334162801504135,0.17478619515895844,0.17478619515895844,0.9481
949,0.1333160698413849,0.1333160698413849,0.17471563816070557,0.17471563816070557,0.9488
950,0.13321511447429657,0.13321511447429657,0.17461815476417542,0.17461815476417542,0.9494
951,0.13311359286308289,0.13311359286308289,0.17449705302715302,0.17449705302715302,0.9501
952,0.1330145299434662,0.1330145299434662,0.17436152696609497,0.17436152696609497,0.9507
953,0.1329154074192047,0.1329154074192047,0.17426133155822754,0.17426133155822754,0.9514
954,0.1328153759241104,0.1328153759241104,0.17419329285621643,0.17419329285621643,0.952
955,0.1327148973941803,0.1327148973941803,0.17414745688438416,0.17414745688438416,0.9526
956,0.13261619210243225,0.13261619210243225,0.17410965263843536,0.17410965263843536,0.9533
957,0.13251790404319763,0.13251790404319763,0.17402522265911102,0.17402522265911102,0.9539
958,0.13241836428642273,0.13241836428642273,0.17389628291130066,0.17389628291130066,0.9546
959,0.13231906294822693,0.13231906294822693,0.17373600602149963,0.17373600602149963,0.9552
960,0.1322212964296341,0.1322212964296341,0.17360329627990723,0.17360329627990723,0.9558
961,0.1321226954460144,0.1321226954460144,0.173505038022995,0.173505038022995,0.9564
962,0.13202567398548126,0.13202567398548126,0.17344100773334503,0.17344100773334503,0.9571
963,0.13192853331565857,0.13192853331565857,0.17336153984069824,0.17336153984069824,0.9577
964,0.13183078169822693,0.13183078169822693,0.17326493561267853,0.17326493561267853,0.9583
965,0.13173261284828186,0.13173261284828186,0.17315363883972168,0.17315363883972168,0.959
966,0.1316368728876114,0.1316368728876114,0.17303353548049927,0.17303353548049927,0.9596
967,0.13154062628746033,0.13154062628746033,0.17294864356517792,0.17294864356517792,0.9602
968,0.13144347071647644,0.13144347071647644,0.17289242148399353,0.17289242148399353,0.9609
969,0.13134601712226868,0.13134601712226868,0.17285266518592834,0.17285266518592834,0.9615
970,0.13125160336494446,0.13125160336494446,0.17281591892242432,0.17281591892242432,0.9621
971,0.1311562955379486,0.1311562955379486,0.17272768914699554,0.17272768914699554,0.9627
972,0.1310596615076065,0.1310596615076065,0.172591894865036,0.172591894865036,0.9634
973,0.13096261024475098,0.13096261024475098,0.17242522537708282,0.17242522537708282,0.964
974,0.13086916506290436,0.13086916506290436,0.1722508668899536,0.1722508668899536,0.9647
975,0.13077513873577118,0.13077513873577118,0.172127366065979,0.172127366065979,0.9654
976,0.13067951798439026,0.13067951798439026,0.17205655574798584,0.17205655574798584,0.966
977,0.1305830180644989,0.1305830180644989,0.17202797532081604,0.17202797532081604,0.9666
978,0.13048890233039856,0.13048890233039856,0.17202208936214447,0.17202208936214447,0.9673
979,0.13039584457874298,0.13039584457874298,0.17197579145431519,0.17197579145431519,0.9679
980,0.13030143082141876,0.13030143082141876,0.1718800663948059,0.1718800663948059,0.9685
981,0.13020598888397217,0.13020598888397217,0.1717395782470703,0.1717395782470703,0.9692
982,0.13011278212070465,0.13011278212070465,0.17157220840454102,0.17157220840454102,0.9698
983,0.13002021610736847,0.13002021610736847,0.17143751680850983,0.17143751680850983,0.9704
984,0.12992647290229797,0.12992647290229797,0.17134244740009308,0.17134244740009308,0.9711
985,0.12983188033103943,0.12983188033103943,0.17128407955169678,0.17128407955169678,0.9717
986,0.12973973155021667,0.12973973155021667,0.17125241458415985,0.17125241458415985,0.9723
987,0.12964800000190735,0.12964800000190735,0.1711919754743576,0.1711919754743576,0.973
988,0.12955525517463684,0.12955525517463684,0.1710968315601349,0.1710968315601349,0.9736
989,0.12946179509162903,0.12946179509162903,0.17097125947475433,0.17097125947475433,0.9743
990,0.12936866283416748,0.12936866283416748,0.1708274632692337,0.1708274632692337,0.9749
991,0.1292773336172104,0.1292773336172104,0.17071732878684998,0.17071732878684998,0.9756
992,0.1291850209236145,0.1291850209236145,0.17064128816127777,0.17064128816127777,0.9763
993,0.12909306585788727,0.12909306585788727,0.17059192061424255,0.17059192061424255,0.9769
994,0.12900182604789734,0.12900182604789734,0.1705189198255539,0.1705189198255539,0.9776
995,0.12890994548797607,0.12890994548797607,0.17041948437690735,0.17041948437690735,0.9782
996,0.12881946563720703,0.12881946563720703,0.1702982485294342,0.1702982485294342,0.9789
997,0.12872891128063202,0.12872891128063202,0.17020118236541748,0.17020118236541748,0.9795
998,0.1286376416683197,0.1286376416683197,0.1701255738735199,0.1701255738735199,0.9801
999,0.12854664027690887,0.12854664027690887,0.1700654774904251,0.1700654774904251,0.9807
1000,0.1284564882516861,0.1284564882516861,0.16997511684894562,0.16997511684894562,0.9868
1001,0.12836581468582153,0.12836581468582153,0.16985753178596497,0.16985753178596497,0.9879
1002,0.12827619910240173,0.12827619910240173,0.1697242558002472,0.1697242558002472,0.9887
1003,0.12818652391433716,0.12818652391433716,0.16962341964244843,0.16962341964244843,0.9894
1004,0.12809601426124573,0.12809601426124573,0.16955411434173584,0.16955411434173584,0.99
1005,0.1280074119567871,0.1280074119567871,0.16950781643390656,0.16950781643390656,0.9907
1006,0.12791858613491058,0.12791858613491058,0.16943439841270447,0.16943439841270447,0.9914
1007,0.12782904505729675,0.12782904505729675,0.16933155059814453,0.16933155059814453,0.9921
1008,0.12773901224136353,0.12773901224136353,0.1692054122686386,0.1692054122686386,0.9928
1009,0.12765121459960938,0.12765121459960938,0.1690681427717209,0.1690681427717209,0.9939
1010,0.1275632232427597,0.1275632232427597,0.1689661145210266,0.1689661145210266,0.9948
1011,0.12747415900230408,0.12747415900230408,0.16889837384223938,0.16889837384223938,0.9956
1012,0.12738455832004547,0.12738455832004547,0.16885550320148468,0.16885550320148468,0.9968
1013,0.1272980272769928,0.1272980272769928,0.1688229739665985,0.1688229739665985,0.9978
1014,0.12721091508865356,0.12721091508865356,0.16874970495700836,0.16874970495700836,0.9986
1015,0.1271226704120636,0.1271226704120636,0.16863474249839783,0.16863474249839783,0.9999
1016,0.12703391909599304,0.12703391909599304,0.16848918795585632,0.16848918795585632,1.0008
1017,0.12694601714611053,0.12694601714611053,0.16833174228668213,0.16833174228668213,1.0015
1018,0.12685947120189667,0.12685947120189667,0.1682155430316925,0.1682155430316925,1.0022
1019,0.12677167356014252,0.12677167356014252,0.16814197599887848,0.16814197599887848,1.0031
1020,0.12668472528457642,0.12668472528457642,0.16810235381126404,0.16810235381126404,1.0041
1021,0.12659843266010284,0.12659843266010284,0.1680455356836319,0.1680455356836319,1.0053
1022,0.12651172280311584,0.12651172280311584,0.1679631471633911,0.1679631471633911,1.0063
1023,0.12642444670200348,0.12642444670200348,0.16785356402397156,0.16785356402397156,1.0072
1024,0.12633946537971497,0.12633946537971497,0.167724609375,0.167724609375,1.0094
1025,0.12625397741794586,0.12625397741794586,0.16762180626392365,0.16762180626392365,1.0106
1026,0.12616761028766632,0.12616761028766632,0.16754496097564697,0.16754496097564697,1.0113
1027,0.12608064711093903,0.12608064711093903,0.16748765110969543,0.16748765110969543,1.0121
1028,0.12599587440490723,0.12599587440490723,0.16743923723697662,0.16743923723697662,1.0128
1029,0.12591120600700378,0.12591120600700378,0.16735409200191498,0.16735409200191498,1.0134
1030,0.1258256882429123,0.1258256882429123,0.16723409295082092,0.16723409295082092,1.0142
1031,0.12573984265327454,0.12573984265327454,0.16709119081497192,0.16709119081497192,1.0149
1032,0.12565459311008453,0.12565459311008453,0.16694246232509613,0.16694246232509613,1.0158
1033,0.12557026743888855,0.12557026743888855,0.16683731973171234,0.16683731973171234,1.0167
1034,0.12548483908176422,0.12548483908176422,0.16677474975585938,0.16677474975585938,1.0174
1035,0.1254013627767563,0.1254013627767563,0.16674304008483887,0.16674304008483887,1.0181
1036,0.12531769275665283,0.12531769275665283,0.16668927669525146,0.16668927669525146,1.0188
1037,0.12523338198661804,0.12523338198661804,0.16660460829734802,0.16660460829734802,1.0195
1038,0.12514850497245789,0.12514850497245789,0.1664901077747345,0.1664901077747345,1.0202
1039,0.12506499886512756,0.12506499886512756,0.16635558009147644,0.16635558009147644,1.0211
1040,0.12498213350772858,0.12498213350772858,0.16624662280082703,0.16624662280082703,1.022
1041,0.12489831447601318,0.12489831447601318,0.16616502404212952,0.16616502404212952,1.0232
1042,0.12481386959552765,0.12481386959552765,0.16610577702522278,0.16610577702522278,1.0242
1043,0.12473233044147491,0.12473233044147491,0.1660589873790741,0.1660589873790741,1.0252
1044,0.12465015798807144,0.12465015798807144,0.1659790724515915,0.1659790724515915,1.0264
1045,0.1245671734213829,0.1245671734213829,0.16586638987064362,0.16586638987064362,1.0273
1046,0.12448382377624512,0.12448382377624512,0.16573099792003632,0.16573099792003632,1.0282
1047,0.12440060079097748,0.12440060079097748,0.1655884087085724,0.1655884087085724,1.029
1048,0.12431973218917847,0.12431973218917847,0.1654544472694397,0.1654544472694397,1.0299
1049,0.12423799186944962,0.12423799186944962,0.1653701812028885,0.1653701812028885,1.0307
1050,0.12415492534637451,0.12415492534637451,0.16532881557941437,0.16532881557941437,1.0315
1051,0.12407220900058746,0.12407220900058746,0.16531343758106232,0.16531343758106232,1.0325
1052,0.12399141490459442,0.12399141490459442,0.16527001559734344,0.16527001559734344,1.0333
1053,0.12390980869531631,0.12390980869531631,0.16518722474575043,0.16518722474575043,1.0342
1054,0.12382805347442627,0.12382805347442627,0.16506682336330414,0.16506682336330414,1.036
1055,0.12374703586101532,0.12374703586101532,0.1649523228406906,0.1649523228406906,1.0378
1056,0.12366557121276855,0.12366557121276855,0.16484978795051575,0.16484978795051575,1.0397
1057,0.12358546257019043,0.12358546257019043,0.1647629737854004,0.1647629737854004,1.0404
1058,0.12350515276193619,0.12350515276193619,0.16465799510478973,0.16465799510478973,1.0413
1059,0.12342455238103867,0.12342455238103867,0.16454148292541504,0.16454148292541504,1.0421
1060,0.12334378808736801,0.12334378808736801,0.16442301869392395,0.16442301869392395,1.0429
1061,0.12326403707265854,0.12326403707265854,0.16431161761283875,0.16431161761283875,1.0438
1062,0.12318398058414459,0.12318398058414459,0.16424360871315002,0.16424360871315002,1.0447
1063,0.12310323864221573,0.12310323864221573,0.16420769691467285,0.16420769691467285,1.0454
1064,0.12302374839782715,0.12302374839782715,0.1641550362110138,0.1641550362110138,1.0461
1065,0.1229444146156311,0.1229444146156311,0.16407641768455505,0.16407641768455505,1.0467
1066,0.12286484241485596,0.12286484241485596,0.1640024185180664,0.1640024185180664,1.0474
1067,0.12278636544942856,0.12278636544942856,0.1639283001422882,0.1639283001422882,1.0481
1068,0.12270726263523102,0.12270726263523102,0.1638195514678955,0.1638195514678955,1.0488
1069,0.12262781709432602,0.12262781709432602,0.16368576884269714,0.16368576884269714,1.0496
1070,0.12254997342824936,0.12254997342824936,0.1635431945323944,0.1635431945323944,1.0503
1071,0.12247167527675629,0.12247167527675629,0.16343900561332703,0.16343900561332703,1.051
1072,0.12239239364862442,0.12239239364862442,0.16337311267852783,0.16337311267852783,1.0517
1073,0.12231460958719254,0.12231460958719254,0.16333599388599396,0.16333599388599396,1.0523
1074,0.12223716080188751,0.12223716080188751,0.16328099370002747,0.16328099370002747,1.053
1075,0.1221591979265213,0.1221591979265213,0.1632002890110016,0.1632002890110016,1.0537
1076,0.12208078801631927,0.12208078801631927,0.16309484839439392,0.16309484839439392,1.0543
1077,0.12200255692005157,0.12200255692005157,0.16297216713428497,0.16297216713428497,1.055
1078,0.12192549556493759,0.12192549556493759,0.1628739982843399,0.1628739982843399,1.0557
1079,0.12184779345989227,0.12184779345989227,0.16280126571655273,0.16280126571655273,1.0564
1080,0.12177065759897232,0.12177065759897232,0.16271916031837463,0.16271916031837463,1.0575
1081,0.12169386446475983,0.12169386446475983,0.16262775659561157,0.16262775659561157,1.0584
1082,0.12161686271429062,0.12161686271429062,0.16255848109722137,0.16255848109722137,1.0593
1083,0.12154026329517365,0.12154026329517365,0.1624768227338791,0.1624768227338791,1.06
1084,0.12146402895450592,0.12146402895450592,0.16241154074668884,0.16241154074668884,1.0607
1085,0.12138760089874268,0.12138760089874268,0.1623259037733078,0.1623259037733078,1.0615
1086,0.12131156027317047,0.12131156027317047,0.16222193837165833,0.16222193837165833,1.0622
1087,0.1212354451417923,0.1212354451417923,0.16213533282279968,0.16213533282279968,1.0629
1088,0.12115967273712158,0.12115967273712158,0.1620648354291916,0.1620648354291916,1.0639
1089,0.1210840493440628,0.1210840493440628,0.16197600960731506,0.16197600960731506,1.0649
1090,0.12100820243358612,0.12100820243358612,0.16187222301959991,0.16187222301959991,1.0658
1091,0.12093335390090942,0.12093335390090942,0.1617601364850998,0.1617601364850998,1.0665
1092,0.1208580955862999,0.1208580955862999,0.16167716681957245,0.16167716681957245,1.0672
1093,0.12078253924846649,0.12078253924846649,0.1616203784942627,0.1616203784942627,1.0679
1094,0.12070778757333755,0.12070778757333755,0.16155129671096802,0.16155129671096802,1.0685
1095,0.12063281238079071,0.12063281238079071,0.1614677757024765,0.1614677757024765,1.0692
1096,0.12055869400501251,0.12055869400501251,0.161371111869812,0.161371111869812,1.0698
1097,0.12048421800136566,0.12048421800136566,0.16129305958747864,0.16129305958747864,1.0705
1098,0.12040950357913971,0.12040950357913971,0.16122980415821075,0.16122980415821075,1.0712
1099,0.12033547461032867,0.12033547461032867,0.16114695370197296,0.16114695370197296,1.0718
1100,0.12026133388280869,0.12026133388280869,0.16104622185230255,0.16104622185230255,1.0725
1101,0.12018756568431854,0.12018756568431854,0.16096249222755432,0.16096249222755432,1.0732
1102,0.12011377513408661,0.12011377513408661,0.16086657345294952,0.16086657345294952,1.0742
1103,0.12004053592681885,0.12004053592681885,0.1607912927865982,0.1607912927865982,1.0754
1104,0.11996708810329437,0.11996708810329437,0.16070467233657837,0.16070467233657837,1.0763
1105,0.11989389359951019,0.11989389359951019,0.16060826182365417,0.16060826182365417,1.077
1106,0.11982066929340363,0.11982066929340363,0.1605347841978073,0.1605347841978073,1.0776
1107,0.11974786221981049,0.11974786221981049,0.16045227646827698,0.16045227646827698,1.0785
1108,0.11967524141073227,0.11967524141073227,0.1603892594575882,0.1603892594575882,1.0792
1109,0.11960268020629883,0.11960268020629883,0.16031192243099213,0.16031192243099213,1.08
1110,0.11953002214431763,0.11953002214431763,0.16022047400474548,0.16022047400474548,1.0807
1111,0.11945778131484985,0.11945778131484985,0.1601465344429016,0.1601465344429016,1.0814
1112,0.11938567459583282,0.11938567459583282,0.16005873680114746,0.16005873680114746,1.0821
1113,0.1193137913942337,0.1193137913942337,0.15998631715774536,0.15998631715774536,1.0828
1114,0.11924191564321518,0.11924191564321518,0.15989787876605988,0.15989787876605988,1.0835
1115,0.11917033046483994,0.11917033046483994,0.1597973108291626,0.1597973108291626,1.0841
1116,0.11909858137369156,0.11909858137369156,0.15971986949443817,0.15971986949443817,1.0848
1117,0.11902783066034317,0.11902783066034317,0.1596624106168747,0.1596624106168747,1.0855
1118,0.11895682662725449,0.11895682662725449,0.1595887839794159,0.1595887839794159,1.0861
1119,0.11888553947210312,0.11888553947210312,0.15949857234954834,0.15949857234954834,1.0868
1120,0.11881418526172638,0.11881418526172638,0.1593966782093048,0.1593966782093048,1.0874
1121,0.11874429136514664,0.11874429136514664,0.15929055213928223,0.15929055213928223,1.0881
1122,0.11867377907037735,0.11867377907037735,0.1592148393392563,0.1592148393392563,1.0888
1123,0.11860251426696777,0.11860251426696777,0.15916559100151062,0.15916559100151062,1.0894
1124,0.11853273212909698,0.11853273212909698,0.15913152694702148,0.15913152694702148,1.0901
1125,0.11846314370632172,0.11846314370632172,0.15907135605812073,0.15907135605812073,1.0907
1126,0.11839301884174347,0.11839301884174347,0.15898123383522034,0.15898123383522034,1.0914
1127,0.11832257360219955,0.11832257360219955,0.15886756777763367,0.15886756777763367,1.0921
1128,0.11825235188007355,0.11825235188007355,0.1587437391281128,0.1587437391281128,1.0927
1129,0.11818307638168335,0.11818307638168335,0.1586497724056244,0.1586497724056244,1.0934
1130,0.11811359226703644,0.11811359226703644,0.15858709812164307,0.15858709812164307,1.094
1131,0.1180444210767746,0.1180444210767746,0.15852320194244385,0.15852320194244385,1.0947
1132,0.1179751604795456,0.1179751604795456,0.15845398604869843,0.15845398604869843,1.0955
1133,0.11790605634450912,0.11790605634450912,0.15837666392326355,0.15837666392326355,1.0962
1134,0.11783719062805176,0.11783719062805176,0.15831799805164337,0.15831799805164337,1.0968
1135,0.11776868999004364,0.11776868999004364,0.1582445204257965,0.1582445204257965,1.0975
1136,0.11770013719797134,0.11770013719797134,0.15818318724632263,0.15818318724632263,1.0981
1137,0.11763167381286621,0.11763167381286621,0.15810173749923706,0.15810173749923706,1.0989
1138,0.11756397783756256,0.11756397783756256,0.1580033004283905,0.1580033004283905,1.0995
1139,0.11749575287103653,0.11749575287103653,0.15792056918144226,0.15792056918144226,1.1002
1140,0.11742770671844482,0.11742770671844482,0.15785470604896545,0.15785470604896545,1.1009
1141,0.11736013740301132,0.11736013740301132,0.1577749103307724,0.1577749103307724,1.1015
1142,0.11729240417480469,0.11729240417480469,0.1576836258172989,0.1576836258172989,1.1022
1143,0.11722488701343536,0.11722488701343536,0.1575971096754074,0.1575971096754074,1.1028
1144,0.117157481610775,0.117157481610775,0.15754428505897522,0.15754428505897522,1.1035
1145,0.11709052324295044,0.11709052324295044,0.15748268365859985,0.15748268365859985,1.1041
1146,0.11702363193035126,0.11702363193035126,0.15743622183799744,0.15743622183799744,1.1048
1147,0.116956926882267,0.116956926882267,0.15737038850784302,0.15737038850784302,1.1055
1148,0.11689009517431259,0.11689009517431259,0.15729478001594543,0.15729478001594543,1.1061
1149,0.116823710501194,0.116823710501194,0.1572374850511551,0.1572374850511551,1.1068
1150,0.11675728857517242,0.11675728857517242,0.1571592390537262,0.1571592390537262,1.1076
1151,0.11669166386127472,0.11669166386127472,0.15706486999988556,0.15706486999988556,1.1083
1152,0.11662550270557404,0.11662550270557404,0.1569976508617401,0.1569976508617401,1.109
1153,0.11655955016613007,0.11655955016613007,0.15695425868034363,0.15695425868034363,1.1096
1154,0.11649403721094131,0.11649403721094131,0.15688946843147278,0.15688946843147278,1.1103
1155,0.11642827093601227,0.11642827093601227,0.1568034142255783,0.1568034142255783,1.1109
1156,0.1163630485534668,0.1163630485534668,0.15670181810855865,0.15670181810855865,1.1116
1157,0.11629772186279297,0.11629772186279297,0.15662941336631775,0.15662941336631775,1.1122
1158,0.11623275279998779,0.11623275279998779,0.1565837413072586,0.1565837413072586,1.1129
1159,0.11616802215576172,0.11616802215576172,0.15653011202812195,0.15653011202812195,1.1135
1160,0.11610319465398788,0.11610319465398788,0.15645524859428406,0.15645524859428406,1.1141
1161,0.1160382479429245,0.1160382479429245,0.1563640981912613,0.1563640981912613,1.115
1162,0.1159743219614029,0.1159743219614029,0.1562747210264206,0.1562747210264206,1.1157
1163,0.11590995639562607,0.11590995639562607,0.15621590614318848,0.15621590614318848,1.117
1164,0.11584536731243134,0.11584536731243134,0.15618155896663666,0.15618155896663666,1.122
1165,0.11578156799077988,0.11578156799077988,0.15612506866455078,0.15612506866455078,1.1229
1166,0.11571754515171051,0.11571754515171051,0.15604372322559357,0.15604372322559357,1.1236
1167,0.11565417051315308,0.11565417051315308,0.15595272183418274,0.15595272183418274,1.1243
1168,0.11559052765369415,0.11559052765369415,0.15588250756263733,0.15588250756263733,1.125
1169,0.11552707850933075,0.11552707850933075,0.15583260357379913,0.15583260357379913,1.1257
1170,0.11546409130096436,0.11546409130096436,0.1557716429233551,0.1557716429233551,1.1264
1171,0.11540082842111588,0.11540082842111588,0.1556890308856964,0.1556890308856964,1.1271
1172,0.11533784866333008,0.11533784866333008,0.15559092164039612,0.15559092164039612,1.1279
1173,0.11527496576309204,0.11527496576309204,0.15552166104316711,0.15552166104316711,1.1286
1174,0.11521239578723907,0.11521239578723907,0.15545472502708435,0.15545472502708435,1.1292
1175,0.1151500940322876,0.1151500940322876,0.15541225671768188,0.15541225671768188,1.1299
1176,0.11508792638778687,0.11508792638778687,0.15536227822303772,0.15536227822303772,1.1306
1177,0.11502566188573837,0.11502566188573837,0.1553003340959549,0.1553003340959549,1.1312
1178,0.11496348679065704,0.11496348679065704,0.15521776676177979,0.15521776676177979,1.132
1179,0.11490155756473541,0.11490155756473541,0.15515166521072388,0.15515166521072388,1.1327
1180,0.11484020948410034,0.11484020948410034,0.15509924292564392,0.15509924292564392,1.1333
1181,0.1147788017988205,0.1147788017988205,0.1550329029560089,0.1550329029560089,1.134
1182,0.11471723020076752,0.11471723020076752,0.15495362877845764,0.15495362877845764,1.1347
1183,0.11465568840503693,0.11465568840503693,0.1548675000667572,0.1548675000667572,1.1354
1184,0.11459535360336304,0.11459535360336304,0.1547819823026657,0.1547819823026657,1.136
1185,0.11453434079885483,0.11453434079885483,0.15472549200057983,0.15472549200057983,1.1367
1186,0.11447280645370483,0.11447280645370483,0.15469303727149963,0.15469303727149963,1.1373
1187,0.1144123300909996,0.1144123300909996,0.1546400636434555,0.1546400636434555,1.138
1188,0.114351786673069,0.114351786673069,0.15457415580749512,0.15457415580749512,1.1386
1189,0.1142914667725563,0.1142914667725563,0.154495507478714,0.154495507478714,1.1393
1190,0.11423108726739883,0.11423108726739883,0.15442994236946106,0.15442994236946106,1.1399
1191,0.11417148262262344,0.11417148262262344,0.154374361038208,0.154374361038208,1.1406
1192,0.11411173641681671,0.11411173641681671,0.15430298447608948,0.15430298447608948,1.1413
1193,0.11405184119939804,0.11405184119939804,0.15421904623508453,0.15421904623508453,1.142
1194,0.11399196088314056,0.11399196088314056,0.1541302502155304,0.1541302502155304,1.1427
1195,0.1139327883720398,0.1139327883720398,0.15404477715492249,0.15404477715492249,1.1433
1196,0.11387331783771515,0.11387331783771515,0.1539904624223709,0.1539904624223709,1.1441
1197,0.11381407082080841,0.11381407082080841,0.1539609134197235,0.1539609134197235,1.1447
1198,0.11375532299280167,0.11375532299280167,0.1539210081100464,0.1539210081100464,1.1455
1199,0.11369643360376358,0.11369643360376358,0.15386398136615753,0.15386398136615753,1.1462
1200,0.11363741010427475,0.11363741010427475,0.15378883481025696,0.15378883481025696,1.1469
1201,0.11357881128787994,0.11357881128787994,0.15370117127895355,0.15370117127895355,1.1478
1202,0.11352040618658066,0.11352040618658066,0.15362998843193054,0.15362998843193054,1.1485
1203,0.11346195638179779,0.11346195638179779,0.15357571840286255,0.15357571840286255,1.1492
1204,0.11340393871068954,0.11340393871068954,0.1535131186246872,0.1535131186246872,1.1498
1205,0.11334581673145294,0.11334581673145294,0.15344218909740448,0.15344218909740448,1.1505
1206,0.11328770965337753,0.11328770965337753,0.15336625277996063,0.15336625277996063,1.1511
1207,0.11323007196187973,0.11323007196187973,0.15330976247787476,0.15330976247787476,1.1518
1208,0.11317243427038193,0.11317243427038193,0.15324749052524567,0.15324749052524567,1.1525
1209,0.113115094602108,0.113115094602108,0.15317952632904053,0.15317952632904053,1.1531
1210,0.11305763572454453,0.11305763572454453,0.15312834084033966,0.15312834084033966,1.1542
1211,0.11300045251846313,0.11300045251846313,0.1530683934688568,0.1530683934688568,1.155
1212,0.11294351518154144,0.11294351518154144,0.1529991179704666,0.1529991179704666,1.1558
1213,0.11288651078939438,0.11288651078939438,0.15294364094734192,0.15294364094734192,1.1565
1214,0.11282970011234283,0.11282970011234283,0.15287694334983826,0.15287694334983826,1.1571
1215,0.11277331411838531,0.11277331411838531,0.15280096232891083,0.15280096232891083,1.1578
1216,0.11271651089191437,0.11271651089191437,0.15274003148078918,0.15274003148078918,1.1585
1217,0.11266060918569565,0.11266060918569565,0.1526915282011032,0.1526915282011032,1.1592
1218,0.11260459572076797,0.11260459572076797,0.1526288390159607,0.1526288390159607,1.1599
1219,0.11254844814538956,0.11254844814538956,0.1525527536869049,0.1525527536869049,1.1606
1220,0.11249244213104248,0.11249244213104248,0.152469202876091,0.152469202876091,1.1612
1221,0.11243666708469391,0.11243666708469391,0.1523810178041458,0.1523810178041458,1.1619
1222,0.11238192021846771,0.11238192021846771,0.15229852497577667,0.15229852497577667,1.1626
1223,0.11232646554708481,0.11232646554708481,0.1522482931613922,0.1522482931613922,1.1633
1224,0.11227083206176758,0.11227083206176758,0.1522236317396164,0.1522236317396164,1.1639
1225,0.11221613734960556,0.11221613734960556,0.1521902233362198,0.1521902233362198,1.1646
1226,0.11216133832931519,0.11216133832931519,0.15213820338249207,0.15213820338249207,1.1653
1227,0.11210636049509048,0.11210636049509048,0.15206511318683624,0.15206511318683624,1.166
1228,0.11205218732357025,0.11205218732357025,0.15197627246379852,0.15197627246379852,1.1667
1229,0.11199779808521271,0.11199779808521271,0.15190042555332184,0.15190042555332184,1.1674
1230,0.11194296181201935,0.11194296181201935,0.15183982253074646,0.15183982253074646,1.1681
1231,0.11188893020153046,0.11188893020153046,0.1517726629972458,0.1517726629972458,1.1688
1232,0.11183490604162216,0.11183490604162216,0.1517002135515213,0.1517002135515213,1.1694
1233,0.11178085952997208,0.11178085952997208,0.15162596106529236,0.15162596106529236,1.1701
1234,0.11172767728567123,0.11172767728567123,0.15155404806137085,0.15155404806137085,1.1713
1235,0.11167381703853607,0.11167381703853607,0.15150631964206696,0.15150631964206696,1.172
1236,0.11162017285823822,0.11162017285823822,0.15147371590137482,0.15147371590137482,1.1727
1237,0.11156709492206573,0.11156709492206573,0.15142342448234558,0.15142342448234558,1.1733
1238,0.11151380836963654,0.11151380836963654,0.1513524353504181,0.1513524353504181,1.174
1239,0.11146043241024017,0.11146043241024017,0.1512649953365326,0.1512649953365326,1.1747
1240,0.11140739917755127,0.11140739917755127,0.1511700451374054,0.1511700451374054,1.1753
1241,0.11135444790124893,0.11135444790124893,0.15109875798225403,0.15109875798225403,1.176
1242,0.11130199581384659,0.11130199581384659,0.15105217695236206,0.15105217695236206,1.1766
1243,0.11124958097934723,0.11124958097934723,0.1510019451379776,0.1510019451379776,1.1773
1244,0.11119711399078369,0.11119711399078369,0.15094342827796936,0.15094342827796936,1.1779
1245,0.11114458739757538,0.11114458739757538,0.15087580680847168,0.15087580680847168,1.1786
1246,0.11109211295843124,0.11109211295843124,0.15080198645591736,0.15080198645591736,1.1792
1247,0.1110403761267662,0.1110403761267662,0.1507263332605362,0.1507263332605362,1.1799
1248,0.11098828166723251,0.11098828166723251,0.1506732702255249,0.1506732702255249,1.1805
1249,0.11093614995479584,0.11093614995479584,0.15063783526420593,0.15063783526420593,1.1812
1250,0.11088462918996811,0.11088462918996811,0.150589719414711,0.150589719414711,1.1818
1251,0.11083300411701202,0.11083300411701202,0.15052580833435059,0.15052580833435059,1.1825
1252,0.11078125238418579,0.11078125238418579,0.15044821798801422,0.15044821798801422,1.1831
1253,0.11073005199432373,0.11073005199432373,0.15036405622959137,0.15036405622959137,1.1838
1254,0.11067871004343033,0.11067871004343033,0.1502997875213623,0.1502997875213623,1.1845
1255,0.11062750965356827,0.11062750965356827,0.15025487542152405,0.15025487542152405,1.1855
1256,0.11057665199041367,0.11057665199041367,0.15020185708999634,0.15020185708999634,1.1866
1257,0.11052574217319489,0.11052574217319489,0.15013812482357025,0.15013812482357025,1.1873
1258,0.11047481000423431,0.11047481000423431,0.1500658094882965,0.1500658094882965,1.188
1259,0.11042390018701553,0.11042390018701553,0.1499892771244049,0.1499892771244049,1.1887
1260,0.11037403345108032,0.11037403345108032,0.14991529285907745,0.14991529285907745,1.1894
1261,0.11032344400882721,0.11032344400882721,0.14986741542816162,0.14986741542816162,1.19
1262,0.11027256399393082,0.11027256399393082,0.14983892440795898,0.14983892440795898,1.1907
1263,0.11022261530160904,0.11022261530160904,0.14979752898216248,0.14979752898216248,1.1913
1264,0.11017248779535294,0.11017248779535294,0.1497381627559662,0.1497381627559662,1.192
1265,0.11012226343154907,0.11012226343154907,0.149662047624588,0.149662047624588,1.1926
1266,0.11007263511419296,0.11007263511419296,0.14957670867443085,0.14957670867443085,1.1933
1267,0.11002279818058014,0.11002279818058014,0.14951099455356598,0.14951099455356598,1.1939
1268,0.1099729910492897,0.1099729910492897,0.14946499466896057,0.14946499466896057,1.1945
1269,0.1099236011505127,0.1099236011505127,0.14941294491291046,0.14941294491291046,1.1952
1270,0.10987415164709091,0.10987415164709091,0.14935286343097687,0.14935286343097687,1.1958
1271,0.10982469469308853,0.10982469469308853,0.1492861807346344,0.1492861807346344,1.1964
1272,0.10977528989315033,0.10977528989315033,0.14921632409095764,0.14921632409095764,1.1971
1273,0.10972683131694794,0.10972683131694794,0.14914873242378235,0.14914873242378235,1.1977
1274,0.10967762768268585,0.10967762768268585,0.1491054743528366,0.1491054743528366,1.1985
1275,0.1096283569931984,0.1096283569931984,0.14907950162887573,0.14907950162887573,1.1992
1276,0.10957981646060944,0.10957981646060944,0.14903903007507324,0.14903903007507324,1.1998
1277,0.10953114926815033,0.10953114926815033,0.14897885918617249,0.14897885918617249,1.2005
1278,0.10948238521814346,0.10948238521814346,0.1489027738571167,0.1489027738571167,1.2011
1279,0.10943380743265152,0.10943380743265152,0.1488191783428192,0.1488191783428192,1.2018
1280,0.10938538610935211,0.10938538610935211,0.14875705540180206,0.14875705540180206,1.2024
1281,0.10933717340230942,0.10933717340230942,0.1486974060535431,0.1486974060535431,1.2031
1282,0.10928914695978165,0.10928914695978165,0.14865951240062714,0.14865951240062714,1.2038
1283,0.10924118757247925,0.10924118757247925,0.14861583709716797,0.14861583709716797,1.2045
1284,0.10919322073459625,0.10919322073459625,0.1485624760389328,0.1485624760389328,1.2052
1285,0.10914520919322968,0.10914520919322968,0.1484997719526291,0.1484997719526291,1.206
1286,0.10909761488437653,0.10909761488437653,0.14843089878559113,0.14843089878559113,1.2067
1287,0.10904983431100845,0.10904983431100845,0.14838004112243652,0.14838004112243652,1.2075
1288,0.10900245606899261,0.10900245606899261,0.14834384620189667,0.14834384620189667,1.2081
1289,0.10895522683858871,0.10895522683858871,0.14829489588737488,0.14829489588737488,1.2088
1290,0.10890790075063705,0.10890790075063705,0.14823253452777863,0.14823253452777863,1.2095
1291,0.1088605523109436,0.1088605523109436,0.1481604427099228,0.1481604427099228,1.2101
1292,0.10881326347589493,0.10881326347589493,0.14808598160743713,0.14808598160743713,1.2108
1293,0.10876645892858505,0.10876645892858505,0.14801689982414246,0.14801689982414246,1.2117
1294,0.10871928930282593,0.10871928930282593,0.147975355386734,0.147975355386734,1.2124
1295,0.1086726188659668,0.1086726188659668,0.14795437455177307,0.14795437455177307,1.2131
1296,0.10862617194652557,0.10862617194652557,0.14792248606681824,0.14792248606681824,1.2137
1297,0.1085795909166336,0.1085795909166336,0.14787223935127258,0.14787223935127258,1.2144
1298,0.1085328608751297,0.1085328608751297,0.14780399203300476,0.14780399203300476,1.2151
1299,0.10848619788885117,0.10848619788885117,0.1477241963148117,0.1477241963148117,1.2158
1300,0.10844016075134277,0.10844016075134277,0.14764413237571716,0.14764413237571716,1.2165
1301,0.10839378833770752,0.10839378833770752,0.14759159088134766,0.14759159088134766,1.2171
1302,0.1083475798368454,0.1083475798368454,0.14756470918655396,0.14756470918655396,1.2178
1303,0.10830178111791611,0.10830178111791611,0.14753320813179016,0.14753320813179016,1.2184
1304,0.10825590789318085,0.10825590789318085,0.14748910069465637,0.14748910069465637,1.219
1305,0.10820995271205902,0.10820995271205902,0.14743013679981232,0.14743013679981232,1.2197
1306,0.1081639900803566,0.1081639900803566,0.14736022055149078,0.14736022055149078,1.2203
1307,0.10811839252710342,0.10811839252710342,0.14728613197803497,0.14728613197803497,1.221
1308,0.10807272046804428,0.10807272046804428,0.14723436534404755,0.14723436534404755,1.2216
1309,0.1080273985862732,0.1080273985862732,0.14720246195793152,0.14720246195793152,1.2222
1310,0.10798225551843643,0.10798225551843643,0.14716379344463348,0.14716379344463348,1.2229
1311,0.1079370379447937,0.1079370379447937,0.1471135914325714,0.1471135914325714,1.2235
1312,0.1078917384147644,0.1078917384147644,0.14705224335193634,0.14705224335193634,1.2241
1313,0.10784647613763809,0.10784647613763809,0.14698441326618195,0.14698441326618195,1.2248
1314,0.1078014001250267,0.1078014001250267,0.14691713452339172,0.14691713452339172,1.2254
1315,0.10775645822286606,0.10775645822286606,0.1468730866909027,0.1468730866909027,1.226
1316,0.10771163552999496,0.10771163552999496,0.14682988822460175,0.14682988822460175,1.2267
1317,0.10766692459583282,0.10766692459583282,0.14678475260734558,0.14678475260734558,1.2273
1318,0.1076224222779274,0.1076224222779274,0.1467536836862564,0.1467536836862564,1.228
1319,0.10757799446582794,0.10757799446582794,0.14671090245246887,0.14671090245246887,1.2287
1320,0.10753346979618073,0.10753346979618073,0.1466541588306427,0.1466541588306427,1.2294
1321,0.1074889525771141,0.1074889525771141,0.14658689498901367,0.14658689498901367,1.2301
1322,0.10744474083185196,0.10744474083185196,0.14653360843658447,0.14653360843658447,1.2308
1323,0.10740058124065399,0.10740058124065399,0.14647597074508667,0.14647597074508667,1.2327
1324,0.10735645145177841,0.10735645145177841,0.14641684293746948,0.14641684293746948,1.235
1325,0.10731259733438492,0.10731259733438492,0.14637722074985504,0.14637722074985504,1.2358
1326,0.10726876556873322,0.10726876556873322,0.1463337391614914,0.1463337391614914,1.2364
1327,0.1072249561548233,0.1072249561548233,0.14628323912620544,0.14628323912620544,1.2371
1328,0.1071811094880104,0.1071811094880104,0.14622685313224792,0.14622685313224792,1.2378
1329,0.1071375235915184,0.1071375235915184,0.14616802334785461,0.14616802334785461,1.2385
1330,0.10709384828805923,0.10709384828805923,0.1461278200149536,0.1461278200149536,1.2392
1331,0.10705040395259857,0.10705040395259857,0.146083265542984,0.146083265542984,1.24
1332,0.10700700432062149,0.10700700432062149,0.14603380858898163,0.14603380858898163,1.2408
1333,0.10696399211883545,0.10696399211883545,0.1459798812866211,0.1459798812866211,1.2416
1334,0.1069205030798912,0.1069205030798912,0.14594078063964844,0.14594078063964844,1.2423
1335,0.1068774089217186,0.1068774089217186,0.1458939015865326,0.1458939015865326,1.2432
1336,0.10683443397283554,0.10683443397283554,0.14583900570869446,0.14583900570869446,1.2441
1337,0.10679149627685547,0.10679149627685547,0.14579613506793976,0.14579613506793976,1.2451
1338,0.10674867779016495,0.10674867779016495,0.14574426412582397,0.14574426412582397,1.2459
1339,0.10670582205057144,0.10670582205057144,0.1456851065158844,0.1456851065158844,1.248
1340,0.10666313022375107,0.10666313022375107,0.1456235647201538,0.1456235647201538,1.2515
1341,0.10662053525447845,0.10662053525447845,0.14558099210262299,0.14558099210262299,1.2553
1342,0.10657806694507599,0.10657806694507599,0.14553621411323547,0.14553621411323547,1.26
1343,0.10653559863567352,0.10653559863567352,0.1454881727695465,0.1454881727695465,1.2634
1344,0.10649318993091583,0.10649318993091583,0.1454373449087143,0.1454373449087143,1.267
1345,0.10645095258951187,0.10645095258951187,0.14538653194904327,0.14538653194904327,1.27
1346,0.10640867054462433,0.10640867054462433,0.1453537493944168,0.1453537493944168,1.2716
1347,0.1063665896654129,0.1063665896654129,0.14531435072422028,0.14531435072422028,1.2738
1348,0.10632447898387909,0.10632447898387909,0.1452653706073761,0.1452653706073761,1.2762
1349,0.1062827929854393,0.1062827929854393,0.14520832896232605,0.14520832896232605,1.2783
1350,0.1062406450510025,0.1062406450510025,0.14516331255435944,0.14516331255435944,1.2802
1351,0.10619916021823883,0.10619916021823883,0.1451280564069748,0.1451280564069748,1.2834
1352,0.10615762323141098,0.10615762323141098,0.14508013427257538,0.14508013427257538,1.2855
1353,0.10611598193645477,0.10611598193645477,0.1450202465057373,0.1450202465057373,1.2869
1354,0.10607437044382095,0.10607437044382095,0.14495407044887543,0.14495407044887543,1.2898
1355,0.10603286325931549,0.10603286325931549,0.14488959312438965,0.14488959312438965,1.2921
1356,0.10599140077829361,0.10599140077829361,0.1448335349559784,0.1448335349559784,1.2937
1357,0.10594995319843292,0.10594995319843292,0.1447894275188446,0.1447894275188446,1.2974
1358,0.10590875148773193,0.10590875148773193,0.14475508034229279,0.14475508034229279,1.3059
1359,0.10586737096309662,0.10586737096309662,0.14474251866340637,0.14474251866340637,1.3091
1360,0.10582641512155533,0.10582641512155533,0.14472079277038574,0.14472079277038574,1.3134
1361,0.10578538477420807,0.10578538477420807,0.14468128979206085,0.14468128979206085,1.316
1362,0.10574458539485931,0.10574458539485931,0.1446242332458496,0.1446242332458496,1.319
1363,0.10570353269577026,0.10570353269577026,0.1445719450712204,0.1445719450712204,1.3213
1364,0.10566283762454987,0.10566283762454987,0.14452531933784485,0.14452531933784485,1.3222
1365,0.10562221705913544,0.10562221705913544,0.144465833902359,0.144465833902359,1.3247
1366,0.1055816262960434,0.1055816262960434,0.14439907670021057,0.14439907670021057,1.3257
1367,0.10554108768701553,0.10554108768701553,0.14433345198631287,0.14433345198631287,1.3271
1368,0.10550059378147125,0.10550059378147125,0.14427682757377625,0.14427682757377625,1.3282
1369,0.10546009242534637,0.10546009242534637,0.14423327147960663,0.14423327147960663,1.3304
1370,0.1054195985198021,0.1054195985198021,0.14420154690742493,0.14420154690742493,1.3319
1371,0.10537932813167572,0.10537932813167572,0.1441762000322342,0.1441762000322342,1.3329
1372,0.10533912479877472,0.10533912479877472,0.14416471123695374,0.14416471123695374,1.3337
1373,0.10529911518096924,0.10529911518096924,0.1441362351179123,0.1441362351179123,1.3344
1374,0.1052589863538742,0.1052589863538742,0.14408563077449799,0.14408563077449799,1.3352
1375,0.10521917045116425,0.10521917045116425,0.14401698112487793,0.14401698112487793,1.3359
1376,0.10517903417348862,0.10517903417348862,0.1439572274684906,0.1439572274684906,1.3366
1377,0.1051393374800682,0.1051393374800682,0.14391154050827026,0.14391154050827026,1.3374
1378,0.10509971529245377,0.10509971529245377,0.14386101067066193,0.14386101067066193,1.3381
1379,0.10506010055541992,0.10506010055541992,0.14380717277526855,0.14380717277526855,1.3389
1380,0.10502050817012787,0.10502050817012787,0.14375324547290802,0.14375324547290802,1.3396
1381,0.1049809455871582,0.1049809455871582,0.1437027007341385,0.1437027007341385,1.3403
1382,0.10494139045476913,0.10494139045476913,0.14365795254707336,0.14365795254707336,1.341
1383,0.10490188747644424,0.10490188747644424,0.1436193287372589,0.1436193287372589,1.3417
1384,0.10486240684986115,0.10486240684986115,0.14358514547348022,0.14358514547348022,1.3424
1385,0.10482307523488998,0.10482307523488998,0.14355218410491943,0.14355218410491943,1.3432
1386,0.10478385537862778,0.10478385537862778,0.14353296160697937,0.14353296160697937,1.3439
1387,0.1047447919845581,0.1047447919845581,0.14350052177906036,0.14350052177906036,1.3446
1388,0.10470576584339142,0.10470576584339142,0.1434503048658371,0.1434503048658371,1.3453
1389,0.10466668754816055,0.10466668754816055,0.14340238273143768,0.14340238273143768,1.3459
1390,0.10462772846221924,0.10462772846221924,0.14334136247634888,0.14334136247634888,1.3466
1391,0.1045888289809227,0.1045888289809227,0.14327594637870789,0.14327594637870789,1.3473
1392,0.1045500636100769,0.1045500636100769,0.14321503043174744,0.14321503043174744,1.3479
1393,0.104511559009552,0.104511559009552,0.1431652158498764,0.1431652158498764,1.3486
1394,0.10447265952825546,0.10447265952825546,0.1431436389684677,0.1431436389684677,1.3493
1395,0.10443413257598877,0.10443413257598877,0.14312322437763214,0.14312322437763214,1.35
1396,0.10439564287662506,0.10439564287662506,0.14309433102607727,0.14309433102607727,1.3508
1397,0.10435712337493896,0.10435712337493896,0.143051877617836,0.143051877617836,1.3515
1398,0.10431861877441406,0.10431861877441406,0.14299656450748444,0.14299656450748444,1.3522
1399,0.10428044945001602,0.10428044945001602,0.14293333888053894,0.14293333888053894,1.3529
1400,0.10424192994832993,0.10424192994832993,0.14288635551929474,0.14288635551929474,1.3536
1401,0.10420391708612442,0.10420391708612442,0.14285488426685333,0.14285488426685333,1.3542
1402,0.1041659563779831,0.1041659563779831,0.14281697571277618,0.14281697571277618,1.3549
1403,0.1041279211640358,0.1041279211640358,0.14276984333992004,0.14276984333992004,1.3556
1404,0.10408987104892731,0.10408987104892731,0.14271530508995056,0.14271530508995056,1.3562
1405,0.104051873087883,0.104051873087883,0.14265850186347961,0.14265850186347961,1.3569
1406,0.10401395708322525,0.10401395708322525,0.14260539412498474,0.14260539412498474,1.3576
1407,0.1039760559797287,0.1039760559797287,0.14256051182746887,0.14256051182746887,1.3583
1408,0.10393817722797394,0.10393817722797394,0.1425250768661499,0.1425250768661499,1.359
1409,0.10390033572912216,0.10390033572912216,0.1424969881772995,0.1424969881772995,1.3599
1410,0.10386291891336441,0.10386291891336441,0.1424713432788849,0.1424713432788849,1.3609
1411,0.1038251519203186,0.1038251519203186,0.14245650172233582,0.14245650172233582,1.3617
1412,0.10378770530223846,0.10378770530223846,0.14242534339427948,0.14242534339427948,1.3625
1413,0.10375015437602997,0.10375015437602997,0.142374649643898,0.142374649643898,1.3633
1414,0.10371272265911102,0.10371272265911102,0.1423250138759613,0.1423250138759613,1.3644
1415,0.10367538779973984,0.10367538779973984,0.14226387441158295,0.14226387441158295,1.3653
1416,0.10363812744617462,0.10363812744617462,0.1421990841627121,0.1421990841627121,1.366
1417,0.10360094159841537,0.10360094159841537,0.14213959872722626,0.14213959872722626,1.3669
1418,0.10356377065181732,0.10356377065181732,0.14209167659282684,0.14209167659282684,1.3679
1419,0.10352659225463867,0.10352659225463867,0.14205686748027802,0.14205686748027802,1.3696
1420,0.1034894809126854,0.1034894809126854,0.14203134179115295,0.14203134179115295,1.371
1421,0.10345252603292465,0.10345252603292465,0.1420232504606247,0.1420232504606247,1.3728
1422,0.10341572761535645,0.10341572761535645,0.14200130105018616,0.14200130105018616,1.3738
1423,0.10337880998849869,0.10337880998849869,0.14195793867111206,0.14195793867111206,1.3755
1424,0.10334181785583496,0.10334181785583496,0.1418953239917755,0.1418953239917755,1.3769
1425,0.1033051460981369,0.1033051460981369,0.1418236792087555,0.1418236792087555,1.3814
1426,0.10326826572418213,0.10326826572418213,0.14177095890045166,0.14177095890045166,1.3825
1427,0.10323162376880646,0.10323162376880646,0.14172443747520447,0.14172443747520447,1.3877
1428,0.10319502651691437,0.10319502651691437,0.1416856348514557,0.1416856348514557,1.3893
1429,0.10315845161676407,0.10315845161676407,0.14165329933166504,0.14165329933166504,1.3929
1430,0.10312195867300034,0.10312195867300034,0.14162251353263855,0.14162251353263855,1.3974
1431,0.10308563709259033,0.10308563709259033,0.14160466194152832,0.14160466194152832,1.4053
1432,0.10304931551218033,0.10304931551218033,0.14157366752624512,0.14157366752624512,1.4099
1433,0.10301297903060913,0.10301297903060913,0.14152754843235016,0.14152754843235016,1.4107
1434,0.10297664254903793,0.10297664254903793,0.1414695531129837,0.1414695531129837,1.4116
1435,0.1029404029250145,0.1029404029250145,0.1414078176021576,0.1414078176021576,1.4124
1436,0.10290471464395523,0.10290471464395523,0.1413518786430359,0.1413518786430359,1.4133
1437,0.10286916792392731,0.10286916792392731,0.14132536947727203,0.14132536947727203,1.4141
1438,0.1028333455324173,0.1028333455324173,0.1413392573595047,0.1413392573595047,1.4149
1439,0.1027977466583252,0.1027977466583252,0.14136144518852234,0.14136144518852234,1.4158
1440,0.10276224464178085,0.10276224464178085,0.14137575030326843,0.14137575030326843,1.4167
1441,0.10272686183452606,0.10272686183452606,0.1413707435131073,0.1413707435131073,1.4177
1442,0.10269138962030411,0.10269138962030411,0.1413266658782959,0.1413266658782959,1.4188
1443,0.10265602916479111,0.10265602916479111,0.14126940071582794,0.14126940071582794,1.4197
1444,0.10262099653482437,0.10262099653482437,0.14120976626873016,0.14120976626873016,1.4204
1445,0.10258593410253525,0.10258593410253525,0.14115828275680542,0.14115828275680542,1.4211
1446,0.10255081951618195,0.10255081951618195,0.14112204313278198,0.14112204313278198,1.4218
1447,0.10251573473215103,0.10251573473215103,0.14110307395458221,0.14110307395458221,1.4229
1448,0.10248105227947235,0.10248105227947235,0.14111220836639404,0.14111220836639404,1.4237
1449,0.10244627296924591,0.10244627296924591,0.1410985291004181,0.1410985291004181,1.4244
1450,0.10241152346134186,0.10241152346134186,0.14105388522148132,0.14105388522148132,1.4251
1451,0.1023770123720169,0.1023770123720169,0.14099767804145813,0.14099767804145813,1.4257
1452,0.10234250873327255,0.10234250873327255,0.14093592762947083,0.14093592762947083,1.4264
1453,0.1023082509636879,0.1023082509636879,0.14087790250778198,0.14087790250778198,1.4271
1454,0.10227368026971817,0.10227368026971817,0.14084842801094055,0.14084842801094055,1.4277
1455,0.1022394672036171,0.1022394672036171,0.14083155989646912,0.14083155989646912,1.4284
1456,0.1022052988409996,0.1022052988409996,0.14082109928131104,0.14082109928131104,1.429
1457,0.10217104107141495,0.10217104107141495,0.14079038798809052,0.14079038798809052,1.4298
1458,0.1021370142698288,0.1021370142698288,0.14075568318367004,0.14075568318367004,1.4308
1459,0.10210303962230682,0.10210303962230682,0.14071598649024963,0.14071598649024963,1.4317
1460,0.10206909477710724,0.10206909477710724,0.1406744420528412,0.1406744420528412,1.4326
1461,0.10203514993190765,0.10203514993190765,0.14063696563243866,0.14063696563243866,1.4333
1462,0.10200158506631851,0.10200158506631851,0.14060735702514648,0.14060735702514648,1.434
1463,0.1019677147269249,0.1019677147269249,0.140582874417305,0.140582874417305,1.4348
1464,0.10193414986133575,0.10193414986133575,0.14056266844272614,0.14056266844272614,1.4356
1465,0.10190059244632721,0.10190059244632721,0.140537828207016,0.140537828207016,1.4365
1466,0.10186705738306046,0.10186705738306046,0.1405027210712433,0.1405027210712433,1.4372
1467,0.10183359682559967,0.10183359682559967,0.14045719802379608,0.14045719802379608,1.4379
1468,0.10180020332336426,0.10180020332336426,0.14040632545948029,0.14040632545948029,1.4385
1469,0.10176688432693481,0.10176688432693481,0.14035770297050476,0.14035770297050476,1.4395
1470,0.10173362493515015,0.10173362493515015,0.14033201336860657,0.14033201336860657,1.4402
1471,0.10170049965381622,0.10170049965381622,0.1403091698884964,0.1403091698884964,1.4408
1472,0.10166740417480469,0.10166740417480469,0.14028331637382507,0.14028331637382507,1.4415
1473,0.10163430869579315,0.10163430869579315,0.1402502804994583,0.1402502804994583,1.4422
1474,0.10160128027200699,0.10160128027200699,0.14020895957946777,0.14020895957946777,1.4428
1475,0.1015683189034462,0.1015683189034462,0.14016041159629822,0.14016041159629822,1.4435
1476,0.10153540223836899,0.10153540223836899,0.14011052250862122,0.14011052250862122,1.4442
1477,0.10150256007909775,0.10150256007909775,0.1400671899318695,0.1400671899318695,1.4448
1478,0.10146977752447128,0.10146977752447128,0.1400335282087326,0.1400335282087326,1.4455
1479,0.10143706947565079,0.10143706947565079,0.1400223672389984,0.1400223672389984,1.4462
1480,0.10140451043844223,0.10140451043844223,0.14000627398490906,0.14000627398490906,1.4468
1481,0.10137192904949188,0.10137192904949188,0.1399758756160736,0.1399758756160736,1.4475
1482,0.10133928060531616,0.10133928060531616,0.1399286538362503,0.1399286538362503,1.4483
1483,0.1013067364692688,0.1013067364692688,0.13986949622631073,0.13986949622631073,1.449
1484,0.10127429664134979,0.10127429664134979,0.13980814814567566,0.13980814814567566,1.4497
1485,0.10124190896749496,0.10124190896749496,0.13975325226783752,0.13975325226783752,1.4504
1486,0.10120952129364014,0.10120952129364014,0.13971200585365295,0.13971200585365295,1.4511
1487,0.1011771708726883,0.1011771708726883,0.13968703150749207,0.13968703150749207,1.4518
1488,0.10114490985870361,0.10114490985870361,0.1396719515323639,0.1396719515323639,1.4525
1489,0.10111279785633087,0.10111279785633087,0.13967058062553406,0.13967058062553406,1.4537
1490,0.1010807529091835,0.1010807529091835,0.1396511346101761,0.1396511346101761,1.4545
1491,0.10104856640100479,0.10104856640100479,0.1396065503358841,0.1396065503358841,1.4551
1492,0.10101636499166489,0.10101636499166489,0.1395416259765625,0.1395416259765625,1.4559
1493,0.10098431259393692,0.10098431259393692,0.13947013020515442,0.13947013020515442,1.4566
1494,0.1009523868560791,0.1009523868560791,0.13940778374671936,0.13940778374671936,1.4573
1495,0.10092046111822128,0.10092046111822128,0.13936524093151093,0.13936524093151093,1.458
1496,0.10088849067687988,0.10088849067687988,0.1393439918756485,0.1393439918756485,1.4588
1497,0.10085656493902206,0.10085656493902206,0.13934987783432007,0.13934987783432007,1.4595
1498,0.10082491487264633,0.10082491487264633,0.13934622704982758,0.13934622704982758,1.4602
1499,0.10079319775104523,0.10079319775104523,0.1393204778432846,0.1393204778432846,1.4609
1500,0.10076133906841278,0.10076133906841278,0.13926930725574493,0.13926930725574493,1.4616
1501,0.10072950273752213,0.10072950273752213,0.13920089602470398,0.13920089602470398,1.4623
1502,0.10069785267114639,0.10069785267114639,0.1391306221485138,0.1391306221485138,1.463
1503,0.10066630691289902,0.10066630691289902,0.13907167315483093,0.13907167315483093,1.4637
1504,0.10063467919826508,0.10063467919826508,0.13903465867042542,0.13903465867042542,1.4644
1505,0.10060300678014755,0.10060300678014755,0.13901837170124054,0.13901837170124054,1.4651
1506,0.1005714163184166,0.1005714163184166,0.13901269435882568,0.13901269435882568,1.4659
1507,0.10053995996713638,0.10053995996713638,0.13900204002857208,0.13900204002857208,1.4666
1508,0.10050852596759796,0.10050852596759796,0.13897573947906494,0.13897573947906494,1.4674
1509,0.10047724097967148,0.10047724097967148,0.13893260061740875,0.13893260061740875,1.4681
1510,0.10044567286968231,0.10044567286968231,0.1388905793428421,0.1388905793428421,1.4688
1511,0.10041431337594986,0.10041431337594986,0.13883724808692932,0.13883724808692932,1.4695
1512,0.1003829836845398,0.1003829836845398,0.13877996802330017,0.13877996802330017,1.4702
1513,0.1003517135977745,0.1003517135977745,0.13872738182544708,0.13872738182544708,1.4709
1514,0.1003204956650734,0.1003204956650734,0.13868534564971924,0.13868534564971924,1.4715
1515,0.1002892404794693,0.1002892404794693,0.13865478336811066,0.13865478336811066,1.4724
1516,0.100258007645607,0.100258007645607,0.1386319398880005,0.1386319398880005,1.4732
1517,0.10022681951522827,0.10022681951522827,0.13861024379730225,0.13861024379730225,1.4739
1518,0.10019566863775253,0.10019566863775253,0.13858354091644287,0.13858354091644287,1.4753
1519,0.10016465187072754,0.10016465187072754,0.13854855298995972,0.13854855298995972,1.4768
1520,0.10013353824615479,0.10013353824615479,0.13851933181285858,0.13851933181285858,1.4775
1521,0.10010252147912979,0.10010252147912979,0.13847807049751282,0.13847807049751282,1.4782
1522,0.10007145255804062,0.10007145255804062,0.13842737674713135,0.13842737674713135,1.4788
1523,0.10004045069217682,0.10004045069217682,0.13837401568889618,0.13837401568889618,1.4795
1524,0.10000952333211899,0.10000952333211899,0.1383255124092102,0.1383255124092102,1.4801
1525,0.09997859597206116,0.09997859597206116,0.13828691840171814,0.13828691840171814,1.4808
1526,0.09994764626026154,0.09994764626026154,0.1382589489221573,0.1382589489221573,1.4814
1527,0.09991677105426788,0.09991677105426788,0.13823795318603516,0.13823795318603516,1.4821
1528,0.09988594055175781,0.09988594055175781,0.13821594417095184,0.13821594417095184,1.4828
1529,0.09985511004924774,0.09985511004924774,0.13818776607513428,0.13818776607513428,1.4835
1530,0.09982429444789886,0.09982429444789886,0.13815107941627502,0.13815107941627502,1.4841
1531,0.09979351609945297,0.09979351609945297,0.13810884952545166,0.13810884952545166,1.4848
1532,0.09976279735565186,0.09976279735565186,0.13807721436023712,0.13807721436023712,1.4854
1533,0.09973211586475372,0.09973211586475372,0.13803812861442566,0.13803812861442566,1.4863
1534,0.09970144182443619,0.09970144182443619,0.13799221813678741,0.13799221813678741,1.487
1535,0.09967076778411865,0.09967076778411865,0.13794323801994324,0.13794323801994324,1.4877
1536,0.0996401384472847,0.0996401384472847,0.13789670169353485,0.13789670169353485,1.4884
1537,0.09960953891277313,0.09960953891277313,0.13785681128501892,0.13785681128501892,1.4891
1538,0.09957891702651978,0.09957891702651978,0.13782483339309692,0.13782483339309692,1.4898
1539,0.09954833984375,0.09954833984375,0.13779869675636292,0.13779869675636292,1.4908
1540,0.09951777756214142,0.09951777756214142,0.13777385652065277,0.13777385652065277,1.4915
1541,0.09948725998401642,0.09948725998401642,0.13774576783180237,0.13774576783180237,1.4922
1542,0.09945674985647202,0.09945674985647202,0.13771182298660278,0.13771182298660278,1.4929
1543,0.09942623972892761,0.09942623972892761,0.13767215609550476,0.13767215609550476,1.4935
1544,0.09939578920602798,0.09939578920602798,0.13762977719306946,0.13762977719306946,1.4942
1545,0.09936545789241791,0.09936545789241791,0.13758857548236847,0.13758857548236847,1.4949
1546,0.0993349552154541,0.0993349552154541,0.13756434619426727,0.13756434619426727,1.4958
1547,0.09930460155010223,0.09930460155010223,0.13753704726696014,0.13753704726696014,1.4967
1548,0.09927425533533096,0.09927425533533096,0.13750281929969788,0.13750281929969788,1.4974
1549,0.0992438942193985,0.0992438942193985,0.13746123015880585,0.13746123015880585,1.4981
1550,0.09921358525753021,0.09921358525753021,0.13741549849510193,0.13741549849510193,1.4988
1551,0.09918327629566193,0.09918327629566193,0.13737037777900696,0.13737037777900696,1.4996
1552,0.09915299713611603,0.09915299713611603,0.13733014464378357,0.13733014464378357,1.5003
1553,0.09912275522947311,0.09912275522947311,0.13729655742645264,0.13729655742645264,1.501
1554,0.099092498421669,0.099092498421669,0.1372663527727127,0.1372663527727127,1.5017
1555,0.0990622490644455,0.0990622490644455,0.13723686337471008,0.13723686337471008,1.5023
1556,0.09903208166360855,0.09903208166360855,0.1372070014476776,0.1372070014476776,1.503
1557,0.09900188446044922,0.09900188446044922,0.13717380166053772,0.13717380166053772,1.5036
1558,0.09897170960903168,0.09897170960903168,0.13713613152503967,0.13713613152503967,1.5043
1559,0.09894157201051712,0.09894157201051712,0.1370951384305954,0.1370951384305954,1.5049
1560,0.09891144931316376,0.09891144931316376,0.1370536983013153,0.1370536983013153,1.5056
1561,0.09888134896755219,0.09888134896755219,0.13701507449150085,0.13701507449150085,1.5062
1562,0.09885125607252121,0.09885125607252121,0.13698123395442963,0.13698123395442963,1.5075
1563,0.09882119297981262,0.09882119297981262,0.13695181906223297,0.13695181906223297,1.5084
1564,0.0987911969423294,0.0987911969423294,0.1369243711233139,0.1369243711233139,1.5091
1565,0.0987611636519432,0.0987611636519432,0.13690809905529022,0.13690809905529022,1.5098
1566,0.09873121231794357,0.09873121231794357,0.13687951862812042,0.13687951862812042,1.5104
1567,0.09870119392871857,0.09870119392871857,0.13683532178401947,0.13683532178401947,1.5111
1568,0.09867117553949356,0.09867117553949356,0.1367800235748291,0.1367800235748291,1.5117
1569,0.09864123165607452,0.09864123165607452,0.1367228776216507,0.1367228776216507,1.5124
1570,0.09861132502555847,0.09861132502555847,0.13667334616184235,0.13667334616184235,1.513
1571,0.09858138859272003,0.09858138859272003,0.13663680851459503,0.13663680851459503,1.5137
1572,0.0985514372587204,0.0985514372587204,0.13661253452301025,0.13661253452301025,1.5144
1573,0.09852155297994614,0.09852155297994614,0.1365945041179657,0.1365945041179657,1.5152
1574,0.09849166870117188,0.09849166870117188,0.13657239079475403,0.13657239079475403,1.516
1575,0.09846179932355881,0.09846179932355881,0.13654056191444397,0.13654056191444397,1.5167
1576,0.09843194484710693,0.09843194484710693,0.13650047779083252,0.13650047779083252,1.5173
1577,0.09840209782123566,0.09840209782123566,0.13645513355731964,0.13645513355731964,1.518
1578,0.09837229549884796,0.09837229549884796,0.1364096701145172,0.1364096701145172,1.5187
1579,0.09834249317646027,0.09834249317646027,0.13636891543865204,0.13636891543865204,1.5194
1580,0.09831269085407257,0.09831269085407257,0.13633529841899872,0.13633529841899872,1.52
1581,0.09828289598226547,0.09828289598226547,0.13630783557891846,0.13630783557891846,1.5206
1582,0.09825313836336136,0.09825313836336136,0.13628306984901428,0.13628306984901428,1.5213
1583,0.09822338819503784,0.09822338819503784,0.13625651597976685,0.13625651597976685,1.5219
1584,0.09819366037845612,0.09819366037845612,0.1362248659133911,0.1362248659133911,1.5226
1585,0.09816393256187439,0.09816393256187439,0.13618722558021545,0.13618722558021545,1.5232
1586,0.09813421964645386,0.09813421964645386,0.1361454874277115,0.1361454874277115,1.5239
1587,0.09810452163219452,0.09810452163219452,0.13610289990901947,0.13610289990901947,1.5245
1588,0.09807483851909637,0.09807483851909637,0.13606292009353638,0.13606292009353638,1.5252
1589,0.09804516285657883,0.09804516285657883,0.13602709770202637,0.13602709770202637,1.5258
1590,0.09801550209522247,0.09801550209522247,0.1359950602054596,0.1359950602054596,1.5265
1591,0.09798584878444672,0.09798584878444672,0.13596460223197937,0.13596460223197937,1.5271
1592,0.09795621782541275,0.09795621782541275,0.13593299686908722,0.13593299686908722,1.5278
1593,0.09792658686637878,0.09792658686637878,0.13589826226234436,0.13589826226234436,1.5284
1594,0.09789697825908661,0.09789697825908661,0.13586024940013885,0.13586024940013885,1.5291
1595,0.09786737710237503,0.09786737710237503,0.1358204185962677,0.1358204185962677,1.5297
1596,0.09783778339624405,0.09783778339624405,0.13577885925769806,0.13577885925769806,1.5304
1597,0.09780820459127426,0.09780820459127426,0.13574080169200897,0.13574080169200897,1.531
1598,0.09777863323688507,0.09777863323688507,0.13570716977119446,0.13570716977119446,1.5317
1599,0.09774907678365707,0.09774907678365707,0.13567665219306946,0.13567665219306946,1.5324
1600,0.09771954268217087,0.09771954268217087,0.13564659655094147,0.13564659655094147,1.5331
1601,0.09769000113010406,0.09769000113010406,0.13561436533927917,0.13561436533927917,1.5338
1602,0.09766048192977905,0.09766048192977905,0.1355787217617035,0.1355787217617035,1.5345
1603,0.09763094037771225,0.09763094037771225,0.13554029166698456,0.13554029166698456,1.5351
1604,0.09760143607854843,0.09760143607854843,0.13550099730491638,0.13550099730491638,1.5358
1605,0.09757193922996521,0.09757193922996521,0.13546296954154968,0.13546296954154968,1.5365
1606,0.09754244983196259,0.09754244983196259,0.13542772829532623,0.13542772829532623,1.5371
1607,0.09751296043395996,0.09751296043395996,0.13539502024650574,0.13539502024650574,1.5378
1608,0.09748348593711853,0.09748348593711853,0.13536345958709717,0.13536345958709717,1.5385
1609,0.0974540263414383,0.0974540263414383,0.13533112406730652,0.13533112406730652,1.5391
1610,0.09742455929517746,0.09742455929517746,0.13529667258262634,0.13529667258262634,1.5398
1611,0.09739511460065842,0.09739511460065842,0.13525749742984772,0.13525749742984772,1.5404
1612,0.09736566990613937,0.09736566990613937,0.13521787524223328,0.13521787524223328,1.5411
1613,0.09733624756336212,0.09733624756336212,0.13517950475215912,0.13517950475215912,1.5417
1614,0.09730682522058487,0.09730682522058487,0.1351431906223297,0.1351431906223297,1.5424
1615,0.09727739542722702,0.09727739542722702,0.13510866463184357,0.13510866463184357,1.5431
1616,0.09724797308444977,0.09724797308444977,0.13507476449012756,0.13507476449012756,1.5437
1617,0.09721856564283371,0.09721856564283371,0.13504047691822052,0.13504047691822052,1.5445
1618,0.09718916565179825,0.09718916565179825,0.1350051611661911,0.1350051611661911,1.5451
1619,0.09715978056192398,0.09715978056192398,0.13496898114681244,0.13496898114681244,1.5458
1620,0.09713038057088852,0.09713038057088852,0.1349325180053711,0.1349325180053711,1.5464
1621,0.09710098803043365,0.09710098803043365,0.1348964273929596,0.1348964273929596,1.5471
1622,0.09707160294055939,0.09707160294055939,0.13486123085021973,0.13486123085021973,1.5477
1623,0.09704224765300751,0.09704224765300751,0.13482680916786194,0.13482680916786194,1.5484
1624,0.09701286256313324,0.09701286256313324,0.13479280471801758,0.13479280471801758,1.549
1625,0.09698350727558136,0.09698350727558136,0.13475877046585083,0.13475877046585083,1.5496
1626,0.09695414453744888,0.09695414453744888,0.13472428917884827,0.13472428917884827,1.5502
1627,0.096924789249897,0.096924789249897,0.13468942046165466,0.13468942046165466,1.5514
1628,0.09689544141292572,0.09689544141292572,0.134654238820076,0.134654238820076,1.552
1629,0.09686609357595444,0.09686609357595444,0.13461901247501373,0.13461901247501373,1.5527
1630,0.09683674573898315,0.09683674573898315,0.13458387553691864,0.13458387553691864,1.5534
1631,0.09680741280317307,0.09680741280317307,0.13454888761043549,0.13454888761043549,1.554
1632,0.09677807986736298,0.09677807986736298,0.1345140039920807,0.1345140039920807,1.5547
1633,0.09674874693155289,0.09674874693155289,0.13447663187980652,0.13447663187980652,1.5553
1634,0.09671942889690399,0.09671942889690399,0.1344403475522995,0.1344403475522995,1.5559
1635,0.0966901034116745,0.0966901034116745,0.13440537452697754,0.13440537452697754,1.5566
1636,0.09666077792644501,0.09666077792644501,0.1343710720539093,0.1343710720539093,1.5572
1637,0.09663145244121552,0.09663145244121552,0.13433651626110077,0.13433651626110077,1.5579
1638,0.09660214930772781,0.09660214930772781,0.13430097699165344,0.13430097699165344,1.5585
1639,0.09657283127307892,0.09657283127307892,0.13426437973976135,0.13426437973976135,1.5592
1640,0.09654351323843002,0.09654351323843002,0.13422656059265137,0.13422656059265137,1.5598
1641,0.09651420265436172,0.09651420265436172,0.13418705761432648,0.13418705761432648,1.5605
1642,0.09648488461971283,0.09648488461971283,0.1341487169265747,0.1341487169265747,1.5612
1643,0.09645558893680573,0.09645558893680573,0.1341117024421692,0.1341117024421692,1.5618
1644,0.09642629325389862,0.09642629325389862,0.13407543301582336,0.13407543301582336,1.5625
1645,0.09639696776866913,0.09639696776866913,0.1340390145778656,0.1340390145778656,1.5632
1646,0.09636766463518143,0.09636766463518143,0.1340017020702362,0.1340017020702362,1.5639
1647,0.09633835405111313,0.09633835405111313,0.13396328687667847,0.13396328687667847,1.5646
1648,0.09630906581878662,0.09630906581878662,0.13392415642738342,0.13392415642738342,1.5652
1649,0.09627974033355713,0.09627974033355713,0.1338849514722824,0.1338849514722824,1.566
1650,0.09625044465065002,0.09625044465065002,0.1338462382555008,0.1338462382555008,1.5667
1651,0.09622113406658173,0.09622113406658173,0.13380829989910126,0.13380829989910126,1.5673
1652,0.09619183838367462,0.09619183838367462,0.13377079367637634,0.13377079367637634,1.568
1653,0.09616252779960632,0.09616252779960632,0.13373331725597382,0.13373331725597382,1.5686
1654,0.09613323956727982,0.09613323956727982,0.1336953490972519,0.1336953490972519,1.5693
1655,0.09610389918088913,0.09610389918088913,0.13365674018859863,0.13365674018859863,1.5699
1656,0.09607461839914322,0.09607461839914322,0.13361765444278717,0.13361765444278717,1.5706
1657,0.09604530036449432,0.09604530036449432,0.13357844948768616,0.13357844948768616,1.5712
1658,0.09601598978042603,0.09601598978042603,0.13353951275348663,0.13353951275348663,1.5719
1659,0.09598667919635773,0.09598667919635773,0.13350097835063934,0.13350097835063934,1.5726
1660,0.09595736116170883,0.09595736116170883,0.1334628313779831,0.1334628313779831,1.5732
1661,0.09592805802822113,0.09592805802822113,0.13342483341693878,0.13342483341693878,1.5739
1662,0.09589873254299164,0.09589873254299164,0.13338680565357208,0.13338680565357208,1.5746
1663,0.09586941450834274,0.09586941450834274,0.13334865868091583,0.13334865868091583,1.5753
1664,0.09584011137485504,0.09584011137485504,0.133310467004776,0.133310467004776,1.5759
1665,0.09581076353788376,0.09581076353788376,0.13327226042747498,0.13327226042747498,1.5808
1666,0.09578145295381546,0.09578145295381546,0.1332342028617859,0.1332342028617859,1.5857
1667,0.09575211256742477,0.09575211256742477,0.13319620490074158,0.13319620490074158,1.5878
1668,0.09572279453277588,0.09572279453277588,0.13315600156784058,0.13315600156784058,1.5911
1669,0.09569346159696579,0.09569346159696579,0.13311687111854553,0.13311687111854553,1.5951
1670,0.0956641212105751,0.0956641212105751,0.13307900726795197,0.13307900726795197,1.5959
1671,0.09563477337360382,0.09563477337360382,0.13304178416728973,0.13304178416728973,1.6004
1672,0.09560543298721313,0.09560543298721313,0.13300423324108124,0.13300423324108124,1.6012
1673,0.09557607769966125,0.09557607769966125,0.13296577334403992,0.13296577334403992,1.602
1674,0.09554671496152878,0.09554671496152878,0.13292624056339264,0.13292624056339264,1.6027
1675,0.0955173596739769,0.0955173596739769,0.13288633525371552,0.13288633525371552,1.6035
1676,0.09548841416835785,0.09548841416835785,0.132846862077713,0.132846862077713,1.6042
1677,0.0954594761133194,0.0954594761133194,0.13280384242534637,0.13280384242534637,1.605
1678,0.09543050825595856,0.09543050825595856,0.1327616572380066,0.1327616572380066,1.6058
1679,0.09540149569511414,0.09540149569511414,0.1327231377363205,0.1327231377363205,1.6065
1680,0.09537243843078613,0.09537243843078613,0.13269111514091492,0.13269111514091492,1.6072
1681,0.09534334391355515,0.09534334391355515,0.13266529142856598,0.13266529142856598,1.6079
1682,0.09531419724225998,0.09531419724225998,0.13264238834381104,0.13264238834381104,1.6087
1683,0.0952850729227066,0.0952850729227066,0.13261821866035461,0.13261821866035461,1.6094
1684,0.09525592625141144,0.09525592625141144,0.13258937001228333,0.13258937001228333,1.6101
1685,0.09522674977779388,0.09522674977779388,0.13255509734153748,0.13255509734153748,1.6108
1686,0.09519757330417633,0.09519757330417633,0.132517471909523,0.132517471909523,1.6115
1687,0.09516840428113937,0.09516840428113937,0.13248011469841003,0.13248011469841003,1.6123
1688,0.09513923525810242,0.09513923525810242,0.13244658708572388,0.13244658708572388,1.613
1689,0.09511033445596695,0.09511033445596695,0.13241831958293915,0.13241831958293915,1.6137
1690,0.09508129209280014,0.09508129209280014,0.13240163028240204,0.13240163028240204,1.6144
1691,0.09505224972963333,0.09505224972963333,0.13238874077796936,0.13238874077796936,1.6151
1692,0.09502319991588593,0.09502319991588593,0.13237015902996063,0.13237015902996063,1.6158
1693,0.09499402344226837,0.09499402344226837,0.13233940303325653,0.13233940303325653,1.6166
1694,0.094964899122715,0.094964899122715,0.1322961151599884,0.1322961151599884,1.6173
1695,0.09493575245141983,0.09493575245141983,0.13223879039287567,0.13223879039287567,1.618
1696,0.09490671753883362,0.09490671753883362,0.13218066096305847,0.13218066096305847,1.6187
1697,0.09487772732973099,0.09487772732973099,0.1321343183517456,0.1321343183517456,1.6193
1698,0.0948486179113388,0.0948486179113388,0.1321057230234146,0.1321057230234146,1.62
1699,0.09481943398714066,0.09481943398714066,0.13209180533885956,0.13209180533885956,1.6206
1700,0.09479030221700668,0.09479030221700668,0.1320825219154358,0.1320825219154358,1.6213
1701,0.09476123005151749,0.09476123005151749,0.13206611573696136,0.13206611573696136,1.622
1702,0.09473215788602829,0.09473215788602829,0.13203510642051697,0.13203510642051697,1.6226
1703,0.0947030633687973,0.0947030633687973,0.1319972276687622,0.1319972276687622,1.6233
1704,0.09467390924692154,0.09467390924692154,0.1319553554058075,0.1319553554058075,1.6239
1705,0.09464474767446518,0.09464474767446518,0.1319141834974289,0.1319141834974289,1.6246
1706,0.09461560100317001,0.09461560100317001,0.13187046349048615,0.13187046349048615,1.6252
1707,0.09458648413419724,0.09458648413419724,0.13183049857616425,0.13183049857616425,1.6259
1708,0.09455735981464386,0.09455735981464386,0.13179835677146912,0.13179835677146912,1.6265
1709,0.0945281982421875,0.0945281982421875,0.1317739188671112,0.1317739188671112,1.6272
1710,0.09449900686740875,0.09449900686740875,0.13175325095653534,0.13175325095653534,1.6279
1711,0.09446986019611359,0.09446986019611359,0.13173064589500427,0.13173064589500427,1.6285
1712,0.09444068372249603,0.09444068372249603,0.13170889019966125,0.13170889019966125,1.6292
1713,0.09441150724887848,0.09441150724887848,0.13167431950569153,0.13167431950569153,1.6303
1714,0.09438232332468033,0.09438232332468033,0.13162803649902344,0.13162803649902344,1.6311
1715,0.09435311704874039,0.09435311704874039,0.1315840631723404,0.1315840631723404,1.6318
1716,0.09432392567396164,0.09432392567396164,0.13154640793800354,0.13154640793800354,1.6325
1717,0.09429474174976349,0.09429474174976349,0.13150854408740997,0.13150854408740997,1.6331
1718,0.09426550567150116,0.09426550567150116,0.13147267699241638,0.13147267699241638,1.6338
1719,0.09423629939556122,0.09423629939556122,0.1314404308795929,0.1314404308795929,1.6344
1720,0.0942070484161377,0.0942070484161377,0.13141193985939026,0.13141193985939026,1.6351
1721,0.09417779743671417,0.09417779743671417,0.13138528168201447,0.13138528168201447,1.6357
1722,0.09414853155612946,0.09414853155612946,0.13135775923728943,0.13135775923728943,1.6363
1723,0.09411926567554474,0.09411926567554474,0.13132670521736145,0.13132670521736145,1.637
1724,0.09408996999263763,0.09408996999263763,0.13129854202270508,0.13129854202270508,1.6376
1725,0.09406070411205292,0.09406070411205292,0.13126221299171448,0.13126221299171448,1.6382
1726,0.09403146058320999,0.09403146058320999,0.1312192976474762,0.1312192976474762,1.6389
1727,0.09400211274623871,0.09400211274623871,0.13118216395378113,0.13118216395378113,1.6395
1728,0.0939728245139122,0.0939728245139122,0.13115194439888,0.13115194439888,1.6401
1729,0.0939435213804245,0.0939435213804245,0.13111884891986847,0.13111884891986847,1.6408
1730,0.09391418844461441,0.09391418844461441,0.13108333945274353,0.13108333945274353,1.6414
1731,0.09388484060764313,0.09388484060764313,0.13104721903800964,0.13104721903800964,1.642
1732,0.09385549277067184,0.09385549277067184,0.1310124546289444,0.1310124546289444,1.6426
1733,0.09382612258195877,0.09382612258195877,0.1309797465801239,0.1309797465801239,1.6433
1734,0.09379670768976212,0.09379670768976212,0.13094857335090637,0.13094857335090637,1.6439
1735,0.09376730024814606,0.09376730024814606,0.13091742992401123,0.13091742992401123,1.6445
1736,0.09373791515827179,0.09373791515827179,0.1308847963809967,0.1308847963809967,1.6452
1737,0.09370848536491394,0.09370848536491394,0.1308574080467224,0.1308574080467224,1.6458
1738,0.09367909282445908,0.09367909282445908,0.13082371652126312,0.13082371652126312,1.6464
1739,0.09364964067935944,0.09364964067935944,0.1307917833328247,0.1307917833328247,1.6471
1740,0.0936201736330986,0.0936201736330986,0.1307533234357834,0.1307533234357834,1.6477
1741,0.09359069913625717,0.09359069913625717,0.13071206212043762,0.13071206212043762,1.6483
1742,0.09356129169464111,0.09356129169464111,0.13067321479320526,0.13067321479320526,1.649
1743,0.09353262186050415,0.09353262186050415,0.13064903020858765,0.13064903020858765,1.6496
1744,0.09350328892469406,0.09350328892469406,0.1306515336036682,0.1306515336036682,1.6503
1745,0.0934736505150795,0.0934736505150795,0.1306704431772232,0.1306704431772232,1.6509
1746,0.09344515204429626,0.09344515204429626,0.1306961476802826,0.1306961476802826,1.6515
1747,0.09341595321893692,0.09341595321893692,0.13068905472755432,0.13068905472755432,1.6522
1748,0.09338638931512833,0.09338638931512833,0.1306488811969757,0.1306488811969757,1.6528
1749,0.09335675090551376,0.09335675090551376,0.13059084117412567,0.13059084117412567,1.6535
1750,0.09332805871963501,0.09332805871963501,0.130525141954422,0.130525141954422,1.6542
1751,0.09329886734485626,0.09329886734485626,0.1304789036512375,0.1304789036512375,1.6549
1752,0.09326901286840439,0.09326901286840439,0.13045866787433624,0.13045866787433624,1.6555
1753,0.09323982894420624,0.09323982894420624,0.13043975830078125,0.13043975830078125,1.6561
1754,0.09321045130491257,0.09321045130491257,0.13041818141937256,0.13041818141937256,1.6568
1755,0.09318138659000397,0.09318138659000397,0.13038720190525055,0.13038720190525055,1.6574
1756,0.09315217286348343,0.09315217286348343,0.13037481904029846,0.13037481904029846,1.6581
1757,0.09312300384044647,0.09312300384044647,0.13034319877624512,0.13034319877624512,1.6587
1758,0.09309370815753937,0.09309370815753937,0.1303112804889679,0.1303112804889679,1.6593
1759,0.09306447952985764,0.09306447952985764,0.13025808334350586,0.13025808334350586,1.66
1760,0.09303541481494904,0.09303541481494904,0.13022494316101074,0.13022494316101074,1.6606
1761,0.09300608932971954,0.09300608932971954,0.130189448595047,0.130189448595047,1.6612
1762,0.09297718107700348,0.09297718107700348,0.1301552951335907,0.1301552951335907,1.6618
1763,0.09294786304235458,0.09294786304235458,0.13014641404151917,0.13014641404151917,1.6625
1764,0.09291867166757584,0.09291867166757584,0.130154088139534,0.130154088139534,1.6631
1765,0.09288959205150604,0.09288959205150604,0.13014908134937286,0.13014908134937286,1.6638
1766,0.092860147356987,0.092860147356987,0.13011641800403595,0.13011641800403595,1.6644
1767,0.09283123910427094,0.09283123910427094,0.13005928695201874,0.13005928695201874,1.6651
1768,0.09280230104923248,0.09280230104923248,0.1300194412469864,0.1300194412469864,1.6657
1769,0.09277300536632538,0.09277300536632538,0.12999007105827332,0.12999007105827332,1.6665
1770,0.09274359047412872,0.09274359047412872,0.12997373938560486,0.12997373938560486,1.6672
1771,0.09271430969238281,0.09271430969238281,0.12997882068157196,0.12997882068157196,1.6679
1772,0.09268511831760406,0.09268511831760406,0.12996158003807068,0.12996158003807068,1.6687
1773,0.09265585988759995,0.09265585988759995,0.12991885840892792,0.12991885840892792,1.6694
1774,0.09262678027153015,0.09262678027153015,0.12988027930259705,0.12988027930259705,1.6701
1775,0.09259742498397827,0.09259742498397827,0.12984755635261536,0.12984755635261536,1.6708
1776,0.09256832301616669,0.09256832301616669,0.12982550263404846,0.12982550263404846,1.6716
1777,0.09253906458616257,0.09253906458616257,0.12978868186473846,0.12978868186473846,1.6723
1778,0.09250987321138382,0.09250987321138382,0.12974853813648224,0.12974853813648224,1.6731
1779,0.09248075634241104,0.09248075634241104,0.12972088158130646,0.12972088158130646,1.6739
1780,0.09245141595602036,0.09245141595602036,0.12969891726970673,0.12969891726970673,1.6747
1781,0.09242217987775803,0.09242217987775803,0.12968003749847412,0.12968003749847412,1.6754
1782,0.09239287674427032,0.09239287674427032,0.1296449601650238,0.1296449601650238,1.6761
1783,0.092363640666008,0.092363640666008,0.1296154260635376,0.1296154260635376,1.6769
1784,0.09233460575342178,0.09233460575342178,0.12956519424915314,0.12956519424915314,1.6778
1785,0.09230545908212662,0.09230545908212662,0.12952730059623718,0.12952730059623718,1.6805
1786,0.09227617084980011,0.09227617084980011,0.1295032948255539,0.1295032948255539,1.6814
1787,0.09224677085876465,0.09224677085876465,0.12949244678020477,0.12949244678020477,1.6821
1788,0.09221790730953217,0.09221790730953217,0.12949936091899872,0.12949936091899872,1.6832
1789,0.09218845516443253,0.09218845516443253,0.12947635352611542,0.12947635352611542,1.6841
1790,0.0921592116355896,0.0921592116355896,0.12942251563072205,0.12942251563072205,1.6849
1791,0.0921301618218422,0.0921301618218422,0.12937089800834656,0.12937089800834656,1.6859
1792,0.09210085868835449,0.09210085868835449,0.12932798266410828,0.12932798266410828,1.6867
1793,0.09207151085138321,0.09207151085138321,0.129301518201828,0.129301518201828,1.6878
1794,0.09204210340976715,0.09204210340976715,0.12931174039840698,0.12931174039840698,1.6886
1795,0.09201283752918243,0.09201283752918243,0.12932370603084564,0.12932370603084564,1.6894
1796,0.09198401868343353,0.09198401868343353,0.12932296097278595,0.12932296097278595,1.6902
1797,0.09195412695407867,0.09195412695407867,0.1292727291584015,0.1292727291584015,1.691
1798,0.09192490577697754,0.09192490577697754,0.12921181321144104,0.12921181321144104,1.6918
1799,0.09189566224813461,0.09189566224813461,0.12915338575839996,0.12915338575839996,1.6926
1800,0.09186628460884094,0.09186628460884094,0.1291201412677765,0.1291201412677765,1.6933
1801,0.09183704853057861,0.09183704853057861,0.12911686301231384,0.12911686301231384,1.6943
1802,0.09180767834186554,0.09180767834186554,0.1290932446718216,0.1290932446718216,1.6952
1803,0.09177833795547485,0.09177833795547485,0.1290687918663025,0.1290687918663025,1.6959
1804,0.09174893796443939,0.09174893796443939,0.1290370672941208,0.1290370672941208,1.6966
1805,0.09171955287456512,0.09171955287456512,0.1289997100830078,0.1289997100830078,1.6974
1806,0.09169019013643265,0.09169019013643265,0.12896426022052765,0.12896426022052765,1.6981
1807,0.09166105091571808,0.09166105091571808,0.1289386749267578,0.1289386749267578,1.6988
1808,0.09163139760494232,0.09163139760494232,0.12890443205833435,0.12890443205833435,1.6995
1809,0.09160212427377701,0.09160212427377701,0.12888772785663605,0.12888772785663605,1.7002
1810,0.09157289564609528,0.09157289564609528,0.12886348366737366,0.12886348366737366,1.7009
1811,0.09154341369867325,0.09154341369867325,0.1288272589445114,0.1288272589445114,1.7016
1812,0.09151382744312286,0.09151382744312286,0.12878577411174774,0.12878577411174774,1.7023
1813,0.09148440510034561,0.09148440510034561,0.1287512481212616,0.1287512481212616,1.7031
1814,0.0914548859000206,0.0914548859000206,0.12874223291873932,0.12874223291873932,1.7038
1815,0.09142546355724335,0.09142546355724335,0.12874020636081696,0.12874020636081696,1.7045
1816,0.09139598906040192,0.09139598906040192,0.1287335753440857,0.1287335753440857,1.7052
1817,0.09136643260717392,0.09136643260717392,0.12871277332305908,0.12871277332305908,1.7058
1818,0.09133691340684891,0.09133691340684891,0.12867558002471924,0.12867558002471924,1.7065
1819,0.09130742400884628,0.09130742400884628,0.1286357343196869,0.1286357343196869,1.7072
1820,0.09127791225910187,0.09127791225910187,0.12859058380126953,0.12859058380126953,1.7079
1821,0.09124837815761566,0.09124837815761566,0.12854790687561035,0.12854790687561035,1.7085
1822,0.0912187248468399,0.0912187248468399,0.12852343916893005,0.12852343916893005,1.7092
1823,0.09118916094303131,0.09118916094303131,0.12850093841552734,0.12850093841552734,1.7098
1824,0.09115958213806152,0.09115958213806152,0.1284755915403366,0.1284755915403366,1.7105
1825,0.09112998098134995,0.09112998098134995,0.1284457892179489,0.1284457892179489,1.7111
1826,0.09110036492347717,0.09110036492347717,0.12842313945293427,0.12842313945293427,1.7118
1827,0.0910707414150238,0.0910707414150238,0.12839265167713165,0.12839265167713165,1.7124
1828,0.09104110300540924,0.09104110300540924,0.12836231291294098,0.12836231291294098,1.7131
1829,0.0910114198923111,0.0910114198923111,0.12832291424274445,0.12832291424274445,1.7138
1830,0.09098169207572937,0.09098169207572937,0.12827864289283752,0.12827864289283752,1.7145
1831,0.09095202386379242,0.09095202386379242,0.12823648750782013,0.12823648750782013,1.7152
1832,0.09092225879430771,0.09092225879430771,0.1282130479812622,0.1282130479812622,1.7159
1833,0.0908924788236618,0.0908924788236618,0.12820327281951904,0.12820327281951904,1.7166
1834,0.09086272865533829,0.09086272865533829,0.12818555533885956,0.12818555533885956,1.7172
1835,0.09083293378353119,0.09083293378353119,0.128155916929245,0.128155916929245,1.7179
1836,0.0908031091094017,0.0908031091094017,0.12811720371246338,0.12811720371246338,1.7185
1837,0.09077323973178864,0.09077323973178864,0.1280757635831833,0.1280757635831833,1.7191
1838,0.09074332565069199,0.09074332565069199,0.12803736329078674,0.12803736329078674,1.7198
1839,0.09071340411901474,0.09071340411901474,0.12800432741641998,0.12800432741641998,1.7204
1840,0.09068344533443451,0.09068344533443451,0.1279754638671875,0.1279754638671875,1.721
1841,0.09065355360507965,0.09065355360507965,0.12794777750968933,0.12794777750968933,1.7217
1842,0.09062356501817703,0.09062356501817703,0.1279296875,0.1279296875,1.7223
1843,0.09059353172779083,0.09059353172779083,0.12791350483894348,0.12791350483894348,1.723
1844,0.09056349098682404,0.09056349098682404,0.12788014113903046,0.12788014113903046,1.7236
1845,0.09053337574005127,0.09053337574005127,0.1278333216905594,0.1278333216905594,1.7243
1846,0.0905032753944397,0.0905032753944397,0.12779131531715393,0.12779131531715393,1.725
1847,0.09047316014766693,0.09047316014766693,0.12776252627372742,0.12776252627372742,1.7264
1848,0.09044301509857178,0.09044301509857178,0.12773069739341736,0.12773069739341736,1.7271
1849,0.09041284024715424,0.09041284024715424,0.12769615650177002,0.12769615650177002,1.7279
1850,0.09038259088993073,0.09038259088993073,0.127659410238266,0.127659410238266,1.7285
1851,0.09035239368677139,0.09035239368677139,0.1276226043701172,0.1276226043701172,1.7291
1852,0.09032207727432251,0.09032207727432251,0.12759746611118317,0.12759746611118317,1.7298
1853,0.09029176831245422,0.09029176831245422,0.1275687962770462,0.1275687962770462,1.7304
1854,0.09026145935058594,0.09026145935058594,0.12753427028656006,0.12753427028656006,1.731
1855,0.09023109078407288,0.09023109078407288,0.1275046318769455,0.1275046318769455,1.7317
1856,0.09020070731639862,0.09020070731639862,0.12746746838092804,0.12746746838092804,1.7323
1857,0.09017026424407959,0.09017026424407959,0.1274256557226181,0.1274256557226181,1.733
1858,0.09013984352350235,0.09013984352350235,0.12738490104675293,0.12738490104675293,1.7336
1859,0.09010931104421616,0.09010931104421616,0.1273592710494995,0.1273592710494995,1.7344
1860,0.09007879346609116,0.09007879346609116,0.12733323872089386,0.12733323872089386,1.7351
1861,0.09004823863506317,0.09004823863506317,0.1273026168346405,0.1273026168346405,1.7357
1862,0.09001767635345459,0.09001767635345459,0.12726663053035736,0.12726663053035736,1.7364
1863,0.08998702466487885,0.08998702466487885,0.12723740935325623,0.12723740935325623,1.737
1864,0.0899563655257225,0.0899563655257225,0.1272023618221283,0.1272023618221283,1.7377
1865,0.08992574363946915,0.08992574363946915,0.12717263400554657,0.12717263400554657,1.7383
1866,0.08989502489566803,0.08989502489566803,0.12713567912578583,0.12713567912578583,1.739
1867,0.08986426144838333,0.08986426144838333,0.12709422409534454,0.12709422409534454,1.7396
1868,0.08983347564935684,0.08983347564935684,0.1270536184310913,0.1270536184310913,1.7403
1869,0.08980268985033035,0.08980268985033035,0.12701821327209473,0.12701821327209473,1.7409
1870,0.08977179229259491,0.08977179229259491,0.12699845433235168,0.12699845433235168,1.7415
1871,0.08974089473485947,0.08974089473485947,0.12697435915470123,0.12697435915470123,1.7422
1872,0.08971001952886581,0.08971001952886581,0.12694051861763,0.12694051861763,1.7428
1873,0.08967903256416321,0.08967903256416321,0.12690803408622742,0.12690803408622742,1.7434
1874,0.08964811265468597,0.08964811265468597,0.12687599658966064,0.12687599658966064,1.744
1875,0.08961709588766098,0.08961709588766098,0.12683336436748505,0.12683336436748505,1.7447
1876,0.08958606421947479,0.08958606421947479,0.12678663432598114,0.12678663432598114,1.7453
1877,0.08955498039722443,0.08955498039722443,0.12674428522586823,0.12674428522586823,1.7459
1878,0.0895238146185875,0.0895238146185875,0.12671133875846863,0.12671133875846863,1.7466
1879,0.08949265629053116,0.08949265629053116,0.12668682634830475,0.12668682634830475,1.7472
1880,0.08946143090724945,0.08946143090724945,0.12667468190193176,0.12667468190193176,1.7478
1881,0.08943023532629013,0.08943023532629013,0.1266508549451828,0.1266508549451828,1.7485
1882,0.08939899504184723,0.08939899504184723,0.12662053108215332,0.12662053108215332,1.7491
1883,0.08936766535043716,0.08936766535043716,0.12657232582569122,0.12657232582569122,1.7497
1884,0.08933638036251068,0.08933638036251068,0.12651686370372772,0.12651686370372772,1.7504
1885,0.08930496871471405,0.08930496871471405,0.12647774815559387,0.12647774815559387,1.751
1886,0.0892736166715622,0.0892736166715622,0.12645575404167175,0.12645575404167175,1.7517
1887,0.08924221992492676,0.08924221992492676,0.12643098831176758,0.12643098831176758,1.7524
1888,0.08921074867248535,0.08921074867248535,0.1263980269432068,0.1263980269432068,1.7531
1889,0.08917921781539917,0.08917921781539917,0.12635789811611176,0.12635789811611176,1.7537
1890,0.0891476422548294,0.0891476422548294,0.12631624937057495,0.12631624937057495,1.7544
1891,0.08911602199077606,0.08911602199077606,0.12627899646759033,0.12627899646759033,1.7551
1892,0.08908434212207794,0.08908434212207794,0.12625810503959656,0.12625810503959656,1.7557
1893,0.08905273675918579,0.08905273675918579,0.12623324990272522,0.12623324990272522,1.7563
1894,0.08902105689048767,0.08902105689048767,0.12620869278907776,0.12620869278907776,1.757
1895,0.08898928016424179,0.08898928016424179,0.12616801261901855,0.12616801261901855,1.7577
1896,0.08895759284496307,0.08895759284496307,0.12611731886863708,0.12611731886863708,1.7583
1897,0.08892576396465302,0.08892576396465302,0.12607870995998383,0.12607870995998383,1.759
1898,0.08889390528202057,0.08889390528202057,0.12605395913124084,0.12605395913124084,1.7596
1899,0.08886204659938812,0.08886204659938812,0.12602493166923523,0.12602493166923523,1.7603
1900,0.08883015066385269,0.08883015066385269,0.12598839402198792,0.12598839402198792,1.7609
1901,0.0887981429696083,0.0887981429696083,0.12594661116600037,0.12594661116600037,1.7616
1902,0.08876615017652512,0.08876615017652512,0.12590543925762177,0.12590543925762177,1.7622
1903,0.08873408287763596,0.08873408287763596,0.1258804202079773,0.1258804202079773,1.7629
1904,0.08870207518339157,0.08870207518339157,0.12586469948291779,0.12586469948291779,1.7636
1905,0.08867000043392181,0.08867000043392181,0.12583546340465546,0.12583546340465546,1.7642
1906,0.0886378139257431,0.0886378139257431,0.1257910132408142,0.1257910132408142,1.7648
1907,0.08860556036233902,0.08860556036233902,0.12573952972888947,0.12573952972888947,1.7655
1908,0.08857335150241852,0.08857335150241852,0.1257033795118332,0.1257033795118332,1.7661
1909,0.08854110538959503,0.08854110538959503,0.1256715953350067,0.1256715953350067,1.7667
1910,0.08850879967212677,0.08850879967212677,0.12565267086029053,0.12565267086029053,1.7674
1911,0.08847649395465851,0.08847649395465851,0.12562501430511475,0.12562501430511475,1.7681
1912,0.0884440690279007,0.0884440690279007,0.1255853921175003,0.1255853921175003,1.7687
1913,0.08841172605752945,0.08841172605752945,0.12553873658180237,0.12553873658180237,1.7694
1914,0.08837924897670746,0.08837924897670746,0.12550446391105652,0.12550446391105652,1.7701
1915,0.08834667503833771,0.08834667503833771,0.1254810392856598,0.1254810392856598,1.7708
1916,0.08831415325403214,0.08831415325403214,0.1254490464925766,0.1254490464925766,1.7714
1917,0.0882815569639206,0.0882815569639206,0.12540754675865173,0.12540754675865173,1.7721
1918,0.08824895322322845,0.08824895322322845,0.12537312507629395,0.12537312507629395,1.7727
1919,0.08821628987789154,0.08821628987789154,0.12533505260944366,0.12533505260944366,1.7734
1920,0.08818362653255463,0.08818362653255463,0.12529690563678741,0.12529690563678741,1.774
1921,0.08815084397792816,0.08815084397792816,0.1252724975347519,0.1252724975347519,1.7746
1922,0.08811815083026886,0.08811815083026886,0.12525422871112823,0.12525422871112823,1.7753
1923,0.0880853533744812,0.0880853533744812,0.12522006034851074,0.12522006034851074,1.7759
1924,0.08805244415998459,0.08805244415998459,0.12517133355140686,0.12517133355140686,1.7765
1925,0.0880194902420044,0.0880194902420044,0.1251188963651657,0.1251188963651657,1.7771
1926,0.08798669278621674,0.08798669278621674,0.12507514655590057,0.12507514655590057,1.7778
1927,0.08795364946126938,0.08795364946126938,0.12505638599395752,0.12505638599395752,1.7784
1928,0.08792052417993546,0.08792052417993546,0.12504979968070984,0.12504979968070984,1.779
1929,0.08788751065731049,0.08788751065731049,0.12502482533454895,0.12502482533454895,1.7796
1930,0.08785438537597656,0.08785438537597656,0.12497702986001968,0.12497702986001968,1.7802
1931,0.08782121539115906,0.08782121539115906,0.12492859363555908,0.12492859363555908,1.7809
1932,0.08778803050518036,0.08778803050518036,0.12488861382007599,0.12488861382007599,1.7815
1933,0.08775480836629868,0.08775480836629868,0.12484822422266006,0.12484822422266006,1.7821
1934,0.08772153407335281,0.08772153407335281,0.12481079250574112,0.12481079250574112,1.7827
1935,0.08768821507692337,0.08768821507692337,0.12477779388427734,0.12477779388427734,1.7834
1936,0.08765481412410736,0.08765481412410736,0.12475929409265518,0.12475929409265518,1.784
1937,0.08762142062187195,0.08762142062187195,0.12473319470882416,0.12473319470882416,1.7846
1938,0.08758796751499176,0.08758796751499176,0.12470686435699463,0.12470686435699463,1.7852
1939,0.08755449205636978,0.08755449205636978,0.12466450035572052,0.12466450035572052,1.7859
1940,0.08752094209194183,0.08752094209194183,0.1246240884065628,0.1246240884065628,1.7865
1941,0.0874873548746109,0.0874873548746109,0.12457746267318726,0.12457746267318726,1.7871
1942,0.08745377510786057,0.08745377510786057,0.12454350292682648,0.12454350292682648,1.7877
1943,0.08742012828588486,0.08742012828588486,0.12450840324163437,0.12450840324163437,1.7884
1944,0.0873863697052002,0.0873863697052002,0.12447242438793182,0.12447242438793182,1.789
1945,0.08735263347625732,0.08735263347625732,0.12444834411144257,0.12444834411144257,1.7896
1946,0.08731883764266968,0.08731883764266968,0.12441737949848175,0.12441737949848175,1.7902
1947,0.08728507906198502,0.08728507906198502,0.12437833845615387,0.12437833845615387,1.7909
1948,0.08725118637084961,0.08725118637084961,0.12434651702642441,0.12434651702642441,1.7915
1949,0.08721720427274704,0.08721720427274704,0.12431880086660385,0.12431880086660385,1.7921
1950,0.08718323707580566,0.08718323707580566,0.12427781522274017,0.12427781522274017,1.7928
1951,0.08714929223060608,0.08714929223060608,0.12422849982976913,0.12422849982976913,1.7934
1952,0.08711522072553635,0.08711522072553635,0.12419314682483673,0.12419314682483673,1.7941
1953,0.08708111941814423,0.08708111941814423,0.12417092174291611,0.12417092174291611,1.7947
1954,0.08704699575901031,0.08704699575901031,0.12414107471704483,0.12414107471704483,1.7954
1955,0.08701276034116745,0.08701276034116745,0.124101422727108,0.124101422727108,1.796
1956,0.08697858452796936,0.08697858452796936,0.12405663728713989,0.12405663728713989,1.7967
1957,0.08694430440664291,0.08694430440664291,0.12402578443288803,0.12402578443288803,1.7973
1958,0.08690991252660751,0.08690991252660751,0.12400464713573456,0.12400464713573456,1.798
1959,0.0868755653500557,0.0868755653500557,0.12397108227014542,0.12397108227014542,1.7986
1960,0.08684118837118149,0.08684118837118149,0.12392518669366837,0.12392518669366837,1.7993
1961,0.08680670708417892,0.08680670708417892,0.12388749420642853,0.12388749420642853,1.7999
1962,0.08677221089601517,0.08677221089601517,0.12385901063680649,0.12385901063680649,1.8006
1963,0.08673767000436783,0.08673767000436783,0.1238224059343338,0.1238224059343338,1.8012
1964,0.08670304715633392,0.08670304715633392,0.12377935647964478,0.12377935647964478,1.8019
1965,0.08666840940713882,0.08666840940713882,0.12374775111675262,0.12374775111675262,1.8025
1966,0.08663372695446014,0.08663372695446014,0.12371237576007843,0.12371237576007843,1.8035
1967,0.08659899979829788,0.08659899979829788,0.12368594110012054,0.12368594110012054,1.8041
1968,0.08656420558691025,0.08656420558691025,0.12365011125802994,0.12365011125802994,1.8048
1969,0.08652949333190918,0.08652949333190918,0.12360656261444092,0.12360656261444092,1.8054
1970,0.08649460971355438,0.08649460971355438,0.12357409298419952,0.12357409298419952,1.8061
1971,0.08645963668823242,0.08645963668823242,0.12354965507984161,0.12354965507984161,1.8067
1972,0.08642477542161942,0.08642477542161942,0.12352468818426132,0.12352468818426132,1.8074
1973,0.08638978749513626,0.08638978749513626,0.12347998470067978,0.12347998470067978,1.8081
1974,0.08635467290878296,0.08635467290878296,0.12342405319213867,0.12342405319213867,1.8087
1975,0.08631958812475204,0.08631958812475204,0.12337249517440796,0.12337249517440796,1.8094
1976,0.08628439158201218,0.08628439158201218,0.1233484297990799,0.1233484297990799,1.8101
1977,0.08624924719333649,0.08624924719333649,0.12334170192480087,0.12334170192480087,1.8107
1978,0.08621404320001602,0.08621404320001602,0.12331898510456085,0.12331898510456085,1.8114
1979,0.08617865294218063,0.08617865294218063,0.12327349185943604,0.12327349185943604,1.8121
1980,0.08614345639944077,0.08614345639944077,0.1232149600982666,0.1232149600982666,1.8127
1981,0.08610816299915314,0.08610816299915314,0.1231732964515686,0.1231732964515686,1.8135
1982,0.08607263118028641,0.08607263118028641,0.12315098941326141,0.12315098941326141,1.8142
1983,0.0860370621085167,0.0860370621085167,0.12313640117645264,0.12313640117645264,1.8153
1984,0.08600173890590668,0.08600173890590668,0.12311352789402008,0.12311352789402008,1.8165
1985,0.08596614748239517,0.08596614748239517,0.12306196987628937,0.12306196987628937,1.8185
1986,0.08593045175075531,0.08593045175075531,0.12299621105194092,0.12299621105194092,1.8194
1987,0.08589479327201843,0.08589479327201843,0.12293926626443863,0.12293926626443863,1.8202
1988,0.08585917204618454,0.08585917204618454,0.12290544807910919,0.12290544807910919,1.8211
1989,0.08582327514886856,0.08582327514886856,0.12290425598621368,0.12290425598621368,1.8218
1990,0.08578748255968094,0.08578748255968094,0.12290914356708527,0.12290914356708527,1.8225
1991,0.08575184643268585,0.08575184643268585,0.12289160490036011,0.12289160490036011,1.8232
1992,0.08571572601795197,0.08571572601795197,0.1228293776512146,0.1228293776512146,1.8239
1993,0.0856797844171524,0.0856797844171524,0.12274624407291412,0.12274624407291412,1.8245
1994,0.08564388006925583,0.08564388006925583,0.12268958240747452,0.12268958240747452,1.8252
1995,0.08560764044523239,0.08560764044523239,0.12267003208398819,0.12267003208398819,1.8259
1996,0.08557154983282089,0.08557154983282089,0.12265865504741669,0.12265865504741669,1.8265
1997,0.08553538471460342,0.08553538471460342,0.12263724952936172,0.12263724952936172,1.8272
1998,0.08549926429986954,0.08549926429986954,0.12259795516729355,0.12259795516729355,1.828
1999,0.08546307682991028,0.08546307682991028,0.12256012111902237,0.12256012111902237,1.8287
2000,0.08542677760124207,0.08542677760124207,0.12252672761678696,0.12252672761678696,1.8315
2001,0.08539030700922012,0.08539030700922012,0.12249574810266495,0.12249574810266495,1.8324
2002,0.08535398542881012,0.08535398542881012,0.12246203422546387,0.12246203422546387,1.8331
2003,0.08531755954027176,0.08531755954027176,0.12240950763225555,0.12240950763225555,1.8338
2004,0.08528102934360504,0.08528102934360504,0.12235067784786224,0.12235067784786224,1.8345
2005,0.0852445736527443,0.0852445736527443,0.12230284512042999,0.12230284512042999,1.8351
2006,0.08520789444446564,0.08520789444446564,0.12228803336620331,0.12228803336620331,1.8358
2007,0.08517120778560638,0.08517120778560638,0.12229041010141373,0.12229041010141373,1.8365
2008,0.0851345881819725,0.0851345881819725,0.12226996570825577,0.12226996570825577,1.8372
2009,0.08509780466556549,0.08509780466556549,0.1222182959318161,0.1222182959318161,1.8383
2010,0.08506102859973907,0.08506102859973907,0.12216202914714813,0.12216202914714813,1.8395
2011,0.08502417057752609,0.08502417057752609,0.12211468070745468,0.12211468070745468,1.8405
2012,0.08498721569776535,0.08498721569776535,0.1220817118883133,0.1220817118883133,1.8427
2013,0.08495029807090759,0.08495029807090759,0.12204532325267792,0.12204532325267792,1.8448
2014,0.08491329103708267,0.08491329103708267,0.12200646102428436,0.12200646102428436,1.8457
2015,0.08487621694803238,0.08487621694803238,0.12198173999786377,0.12198173999786377,1.8468
2016,0.08483918756246567,0.08483918756246567,0.12195013463497162,0.12195013463497162,1.8477
2017,0.08480203151702881,0.08480203151702881,0.1219235435128212,0.1219235435128212,1.8519
2018,0.08476488292217255,0.08476488292217255,0.12189505249261856,0.12189505249261856,1.8535
2019,0.08472757041454315,0.08472757041454315,0.12184576690196991,0.12184576690196991,1.8544
2020,0.0846904069185257,0.0846904069185257,0.12178666889667511,0.12178666889667511,1.8553
2021,0.08465306460857391,0.08465306460857391,0.12174806743860245,0.12174806743860245,1.856
2022,0.08461557328701019,0.08461557328701019,0.12172980606555939,0.12172980606555939,1.8568
2023,0.0845782533288002,0.0845782533288002,0.12171737849712372,0.12171737849712372,1.8585
2024,0.08454076200723648,0.08454076200723648,0.12168057262897491,0.12168057262897491,1.8597
2025,0.08450306951999664,0.08450306951999664,0.1216232031583786,0.1216232031583786,1.8605
2026,0.08446569740772247,0.08446569740772247,0.12156321853399277,0.12156321853399277,1.8613
2027,0.08442805707454681,0.08442805707454681,0.12153156101703644,0.12153156101703644,1.8622
2028,0.08439023792743683,0.08439023792743683,0.1215217337012291,0.1215217337012291,1.863
2029,0.08435247093439102,0.08435247093439102,0.12151195853948593,0.12151195853948593,1.8638
2030,0.08431489765644073,0.08431489765644073,0.12148252874612808,0.12148252874612808,1.8646
2031,0.08427691459655762,0.08427691459655762,0.12141720205545425,0.12141720205545425,1.8669
2032,0.0842389315366745,0.0842389315366745,0.12134120613336563,0.12134120613336563,1.868
2033,0.08420126140117645,0.08420126140117645,0.12128438800573349,0.12128438800573349,1.8688
2034,0.08416309952735901,0.08416309952735901,0.12127335369586945,0.12127335369586945,1.8696
2035,0.08412492275238037,0.08412492275238037,0.12128563970327377,0.12128563970327377,1.8709
2036,0.0840870589017868,0.0840870589017868,0.1212841272354126,0.1212841272354126,1.8717
2037,0.08404871821403503,0.08404871821403503,0.12123218923807144,0.12123218923807144,1.8724
2038,0.08401049673557281,0.08401049673557281,0.12114789336919785,0.12114789336919785,1.873
2039,0.08397237956523895,0.08397237956523895,0.12108351290225983,0.12108351290225983,1.874
2040,0.08393388986587524,0.08393388986587524,0.12105609476566315,0.12105609476566315,1.8752
2041,0.0838954895734787,0.0838954895734787,0.1210533156991005,0.1210533156991005,1.876
2042,0.08385717123746872,0.08385717123746872,0.1210326999425888,0.1210326999425888,1.8766
2043,0.08381849527359009,0.08381849527359009,0.12098483741283417,0.12098483741283417,1.8773
2044,0.08378000557422638,0.08378000557422638,0.12093719094991684,0.12093719094991684,1.878
2045,0.08374147117137909,0.08374147117137909,0.12090049684047699,0.12090049684047699,1.8787
2046,0.08370280265808105,0.08370280265808105,0.12086059898138046,0.12086059898138046,1.8794
2047,0.08366411924362183,0.08366411924362183,0.12083357572555542,0.12083357572555542,1.88
2048,0.08362539857625961,0.08362539857625961,0.12079522758722305,0.12079522758722305,1.8807
2049,0.08358661830425262,0.08358661830425262,0.1207604855298996,0.1207604855298996,1.8813
2050,0.08354780822992325,0.08354780822992325,0.12072765827178955,0.12072765827178955,1.8821
2051,0.08350887149572372,0.08350887149572372,0.12068109214305878,0.12068109214305878,1.8828
2052,0.08347009122371674,0.08347009122371674,0.12063147872686386,0.12063147872686386,1.8834
2053,0.08343107998371124,0.08343107998371124,0.1206042543053627,0.1206042543053627,1.8841
2054,0.0833919569849968,0.0833919569849968,0.12059030681848526,0.12059030681848526,1.8854
2055,0.0833529382944107,0.0833529382944107,0.12057039886713028,0.12057039886713028,1.8862
2056,0.08331368118524551,0.08331368118524551,0.12051725387573242,0.12051725387573242,1.8869
2057,0.08327458053827286,0.08327458053827286,0.12044632434844971,0.12044632434844971,1.8876
2058,0.08323542773723602,0.08323542773723602,0.12040002644062042,0.12040002644062042,1.8885
2059,0.08319598436355591,0.08319598436355591,0.12038373947143555,0.12038373947143555,1.8892
2060,0.08315660804510117,0.08315660804510117,0.12037988007068634,0.12037988007068634,1.8901
2061,0.08311721682548523,0.08311721682548523,0.12034834921360016,0.12034834921360016,1.8908
2062,0.08307771384716034,0.08307771384716034,0.12028829753398895,0.12028829753398895,1.8915
2063,0.08303827047348022,0.08303827047348022,0.12023510783910751,0.12023510783910751,1.8921
2064,0.08299864828586578,0.08299864828586578,0.12020091712474823,0.12020091712474823,1.8929
2065,0.08295896649360657,0.08295896649360657,0.12018177658319473,0.12018177658319473,1.8941
2066,0.08291929960250854,0.08291929960250854,0.12014807760715485,0.12014807760715485,1.8968
2067,0.08287958800792694,0.08287958800792694,0.12009866535663605,0.12009866535663605,1.8979
2068,0.08283984661102295,0.08283984661102295,0.12005937099456787,0.12005937099456787,1.8987
2069,0.08279996365308762,0.08279996365308762,0.12003137916326523,0.12003137916326523,1.8994
2070,0.08276011049747467,0.08276011049747467,0.1200072392821312,0.1200072392821312,1.9
2071,0.08272011578083038,0.08272011578083038,0.11996233463287354,0.11996233463287354,1.9007
2072,0.08268021792173386,0.08268021792173386,0.11990509182214737,0.11990509182214737,1.9014
2073,0.08264021575450897,0.08264021575450897,0.11986704170703888,0.11986704170703888,1.9021
2074,0.08260004222393036,0.08260004222393036,0.11984721571207047,0.11984721571207047,1.9027
2075,0.08255988359451294,0.08255988359451294,0.11983077228069305,0.11983077228069305,1.9034
2076,0.08251961320638657,0.08251961320638657,0.11978719383478165,0.11978719383478165,1.9041
2077,0.08247938007116318,0.08247938007116318,0.11973965167999268,0.11973965167999268,1.9048
2078,0.08243914693593979,0.08243914693593979,0.11968205124139786,0.11968205124139786,1.9054
2079,0.08239876478910446,0.08239876478910446,0.1196463331580162,0.1196463331580162,1.9061
2080,0.08235829323530197,0.08235829323530197,0.11962918937206268,0.11962918937206268,1.9068
2081,0.08231779932975769,0.08231779932975769,0.11959841102361679,0.11959841102361679,1.9074
2082,0.082277312874794,0.082277312874794,0.11956603825092316,0.11956603825092316,1.9081
2083,0.08223676681518555,0.08223676681518555,0.1195143461227417,0.1195143461227417,1.9087
2084,0.08219616115093231,0.08219616115093231,0.11947240680456161,0.11947240680456161,1.9094
2085,0.08215542137622833,0.08215542137622833,0.11944343894720078,0.11944343894720078,1.91
2086,0.08211484551429749,0.08211484551429749,0.11941927671432495,0.11941927671432495,1.9106
2087,0.08207398653030396,0.08207398653030396,0.11937353760004044,0.11937353760004044,1.9113
2088,0.08203312754631042,0.08203312754631042,0.11931455135345459,0.11931455135345459,1.912
2089,0.08199228346347809,0.08199228346347809,0.11927604675292969,0.11927604675292969,1.913
2090,0.08195124566555023,0.08195124566555023,0.11925800144672394,0.11925800144672394,1.9137
2091,0.08191034942865372,0.08191034942865372,0.11924469470977783,0.11924469470977783,1.9146
2092,0.0818692147731781,0.0818692147731781,0.11920253932476044,0.11920253932476044,1.9153
2093,0.08182819932699203,0.08182819932699203,0.11913864314556122,0.11913864314556122,1.9159
2094,0.0817871242761612,0.0817871242761612,0.11909139156341553,0.11909139156341553,1.9166
2095,0.08174586296081543,0.08174586296081543,0.11906657367944717,0.11906657367944717,1.9173
2096,0.0817045122385025,0.0817045122385025,0.1190522089600563,0.1190522089600563,1.918
2097,0.08166331052780151,0.08166331052780151,0.11902966350317001,0.11902966350317001,1.9186
2098,0.08162182569503784,0.08162182569503784,0.11897335201501846,0.11897335201501846,1.9192
2099,0.0815805196762085,0.0815805196762085,0.11890234798192978,0.11890234798192978,1.9199
2100,0.0815390944480896,0.0815390944480896,0.11886046081781387,0.11886046081781387,1.9206
2101,0.0814974308013916,0.0814974308013916,0.11884834617376328,0.11884834617376328,1.9212
2102,0.08145590126514435,0.08145590126514435,0.11884327232837677,0.11884327232837677,1.9219
2103,0.08141418546438217,0.08141418546438217,0.1188034862279892,0.1188034862279892,1.9227
2104,0.08137261867523193,0.08137261867523193,0.11873519420623779,0.11873519420623779,1.9234
2105,0.08133101463317871,0.08133101463317871,0.11868252605199814,0.11868252605199814,1.9241
2106,0.0812891498208046,0.0812891498208046,0.11865637451410294,0.11865637451410294,1.9253
2107,0.0812472254037857,0.0812472254037857,0.11864521354436874,0.11864521354436874,1.9262
2108,0.08120530843734741,0.08120530843734741,0.11862627416849136,0.11862627416849136,1.9269
2109,0.08116330206394196,0.08116330206394196,0.11856911331415176,0.11856911331415176,1.9277
2110,0.08112127333879471,0.08112127333879471,0.11850931495428085,0.11850931495428085,1.9287
2111,0.08107934892177582,0.08107934892177582,0.11846514046192169,0.11846514046192169,1.9298
2112,0.08103719353675842,0.08103719353675842,0.11842447519302368,0.11842447519302368,1.9307
2113,0.08099506795406342,0.08099506795406342,0.11838970333337784,0.11838970333337784,1.9314
2114,0.08095286041498184,0.08095286041498184,0.11837482452392578,0.11837482452392578,1.9322
2115,0.08091060817241669,0.08091060817241669,0.11836109310388565,0.11836109310388565,1.9329
2116,0.08086825907230377,0.08086825907230377,0.1183306947350502,0.1183306947350502,1.9336
2117,0.08082599937915802,0.08082599937915802,0.11828052997589111,0.11828052997589111,1.9346
2118,0.08078344166278839,0.08078344166278839,0.11820635944604874,0.11820635944604874,1.9353
2119,0.08074124157428741,0.08074124157428741,0.11813835799694061,0.11813835799694061,1.9359
2120,0.08069869875907898,0.08069869875907898,0.11811523139476776,0.11811523139476776,1.9366
2121,0.08065599948167801,0.08065599948167801,0.1181204691529274,0.1181204691529274,1.9373
2122,0.0806133970618248,0.0806133970618248,0.11811830848455429,0.11811830848455429,1.938
2123,0.08057089149951935,0.08057089149951935,0.11808323860168457,0.11808323860168457,1.9387
2124,0.0805279016494751,0.0805279016494751,0.11800241470336914,0.11800241470336914,1.9394
2125,0.08048543334007263,0.08048543334007263,0.11791549623012543,0.11791549623012543,1.9402
2126,0.08044259250164032,0.08044259250164032,0.11787750571966171,0.11787750571966171,1.9413
2127,0.08039955049753189,0.08039955049753189,0.11788208782672882,0.11788208782672882,1.942
2128,0.080356664955616,0.080356664955616,0.11789057403802872,0.11789057403802872,1.9427
2129,0.08031375706195831,0.08031375706195831,0.11786675453186035,0.11786675453186035,1.9434
2130,0.08027040213346481,0.08027040213346481,0.11778952926397324,0.11778952926397324,1.944
2131,0.08022747933864594,0.08022747933864594,0.11771561950445175,0.11771561950445175,1.9447
2132,0.08018431812524796,0.08018431812524796,0.1176733523607254,0.1176733523607254,1.9453
2133,0.08014100790023804,0.08014100790023804,0.11764395236968994,0.11764395236968994,1.946
2134,0.08009794354438782,0.08009794354438782,0.11761634051799774,0.11761634051799774,1.9466
2135,0.08005466312170029,0.08005466312170029,0.1175982803106308,0.1175982803106308,1.9472
2136,0.08001123368740082,0.08001123368740082,0.11757545173168182,0.11757545173168182,1.9479
2137,0.07996787130832672,0.07996787130832672,0.11754045635461807,0.11754045635461807,1.9485
2138,0.07992440462112427,0.07992440462112427,0.11749525368213654,0.11749525368213654,1.9492
2139,0.07988089323043823,0.07988089323043823,0.11744650453329086,0.11744650453329086,1.9499
2140,0.07983724027872086,0.07983724027872086,0.11738318204879761,0.11738318204879761,1.9505
2141,0.07979393005371094,0.07979393005371094,0.11732349544763565,0.11732349544763565,1.9511
2142,0.07975026220083237,0.07975026220083237,0.11730058491230011,0.11730058491230011,1.9518
2143,0.0797063484787941,0.0797063484787941,0.1173010841012001,0.1173010841012001,1.9524
2144,0.07966262102127075,0.07966262102127075,0.11729665100574493,0.11729665100574493,1.9531
2145,0.0796191394329071,0.0796191394329071,0.11726496368646622,0.11726496368646622,1.9537
2146,0.07957494258880615,0.07957494258880615,0.11718778312206268,0.11718778312206268,1.9543
2147,0.07953126728534698,0.07953126728534698,0.11709962040185928,0.11709962040185928,1.955
2148,0.07948750257492065,0.07948750257492065,0.11705591529607773,0.11705591529607773,1.9556
2149,0.07944338023662567,0.07944338023662567,0.11705414950847626,0.11705414950847626,1.9562
2150,0.07939919829368591,0.07939919829368591,0.11706139892339706,0.11706139892339706,1.9569
2151,0.07935507595539093,0.07935507595539093,0.11704379320144653,0.11704379320144653,1.9575
2152,0.07931108772754669,0.07931108772754669,0.11699162423610687,0.11699162423610687,1.9581
2153,0.07926666736602783,0.07926666736602783,0.11690442264080048,0.11690442264080048,1.9588
2154,0.07922237366437912,0.07922237366437912,0.11684148013591766,0.11684148013591766,1.9594
2155,0.07917825877666473,0.07917825877666473,0.11681624501943588,0.11681624501943588,1.9601
2156,0.07913391292095184,0.07913391292095184,0.11679308116436005,0.11679308116436005,1.9607
2157,0.07908938825130463,0.07908938825130463,0.11675965785980225,0.11675965785980225,1.9613
2158,0.07904493808746338,0.07904493808746338,0.1167360320687294,0.1167360320687294,1.962
2159,0.0790005698800087,0.0790005698800087,0.11671578884124756,0.11671578884124756,1.9626
2160,0.07895605266094208,0.07895605266094208,0.11668787151575089,0.11668787151575089,1.9633
2161,0.07891131937503815,0.07891131937503815,0.11664416640996933,0.11664416640996933,1.9639
2162,0.07886655628681183,0.07886655628681183,0.11658672243356705,0.11658672243356705,1.9645
2163,0.07882213592529297,0.07882213592529297,0.11652769893407822,0.11652769893407822,1.9652
2164,0.07877738773822784,0.07877738773822784,0.11646392196416855,0.11646392196416855,1.9659
2165,0.07873262465000153,0.07873262465000153,0.11641828715801239,0.11641828715801239,1.9665
2166,0.0786876305937767,0.0786876305937767,0.11641770601272583,0.11641770601272583,1.9672
2167,0.07864272594451904,0.07864272594451904,0.11643190681934357,0.11643190681934357,1.9678
2168,0.07859812676906586,0.07859812676906586,0.11641909927129745,0.11641909927129745,1.9685
2169,0.07855284214019775,0.07855284214019775,0.11634274572134018,0.11634274572134018,1.9691
2170,0.07850788533687592,0.07850788533687592,0.11625757068395615,0.11625757068395615,1.9697
2171,0.07846290618181229,0.07846290618181229,0.1162007600069046,0.1162007600069046,1.9704
2172,0.07841764390468597,0.07841764390468597,0.11618305742740631,0.11618305742740631,1.971
2173,0.07837259769439697,0.07837259769439697,0.11618387699127197,0.11618387699127197,1.9717
2174,0.07832734286785126,0.07832734286785126,0.11615268886089325,0.11615268886089325,1.9723
2175,0.07828207314014435,0.07828207314014435,0.11609017848968506,0.11609017848968506,1.973
2176,0.0782368928194046,0.0782368928194046,0.11604108661413193,0.11604108661413193,1.9736
2177,0.07819148153066635,0.07819148153066635,0.11601398885250092,0.11601398885250092,1.9743
2178,0.0781460776925087,0.0781460776925087,0.1159963607788086,0.1159963607788086,1.9749
2179,0.07810062170028687,0.07810062170028687,0.11596830934286118,0.11596830934286118,1.9755
2180,0.0780550092458725,0.0780550092458725,0.11592134088277817,0.11592134088277817,1.9762
2181,0.0780097171664238,0.0780097171664238,0.11586520820856094,0.11586520820856094,1.9768
2182,0.07796408236026764,0.07796408236026764,0.11579868942499161,0.11579868942499161,1.9774
2183,0.07791857421398163,0.07791857421398163,0.11574778705835342,0.11574778705835342,1.9781
2184,0.07787279039621353,0.07787279039621353,0.11574175208806992,0.11574175208806992,1.9787
2185,0.0778270736336708,0.0778270736336708,0.11575046926736832,0.11575046926736832,1.9794
2186,0.07778135687112808,0.07778135687112808,0.11573408544063568,0.11573408544063568,1.9801
2187,0.07773547619581223,0.07773547619581223,0.11567773669958115,0.11567773669958115,1.9808
2188,0.07768969237804413,0.07768969237804413,0.11558225005865097,0.11558225005865097,1.9817
2189,0.07764392346143723,0.07764392346143723,0.11551783233880997,0.11551783233880997,1.9824
2190,0.07759781926870346,0.07759781926870346,0.11550116539001465,0.11550116539001465,1.983
2191,0.07755178213119507,0.07755178213119507,0.11551530659198761,0.11551530659198761,1.9837
2192,0.07750578224658966,0.07750578224658966,0.11548678576946259,0.11548678576946259,1.9845
2193,0.07745969295501709,0.07745969295501709,0.11543327569961548,0.11543327569961548,1.9852
2194,0.07741360366344452,0.07741360366344452,0.11537210643291473,0.11537210643291473,1.9858
2195,0.0773673877120018,0.0773673877120018,0.115322545170784,0.115322545170784,1.9865
2196,0.07732142508029938,0.07732142508029938,0.1152895912528038,0.1152895912528038,1.9872
2197,0.07727508246898651,0.07727508246898651,0.11524365842342377,0.11524365842342377,1.9879
2198,0.0772288590669632,0.0772288590669632,0.11519036442041397,0.11519036442041397,1.9885
2199,0.07718256115913391,0.07718256115913391,0.11516420543193817,0.11516420543193817,1.9892
2200,0.07713618874549866,0.07713618874549866,0.11515669524669647,0.11515669524669647,1.9899
2201,0.077089823782444,0.077089823782444,0.11514468491077423,0.11514468491077423,1.9905
2202,0.07704335451126099,0.07704335451126099,0.1151089295744896,0.1151089295744896,1.9912
2203,0.07699669897556305,0.07699669897556305,0.1150493398308754,0.1150493398308754,1.9918
2204,0.0769508108496666,0.0769508108496666,0.11498471349477768,0.11498471349477768,1.9925
2205,0.07690413296222687,0.07690413296222687,0.11496157944202423,0.11496157944202423,1.9932
2206,0.07685840129852295,0.07685840129852295,0.11496569216251373,0.11496569216251373,1.9939
2207,0.07681158185005188,0.07681158185005188,0.11496412754058838,0.11496412754058838,1.9945
2208,0.07676380127668381,0.07676380127668381,0.11496175825595856,0.11496175825595856,1.9952
2209,0.07671593129634857,0.07671593129634857,0.11492214351892471,0.11492214351892471,1.9958
2210,0.07666842639446259,0.07666842639446259,0.11486849933862686,0.11486849933862686,1.9965
2211,0.07662062346935272,0.07662062346935272,0.11483478546142578,0.11483478546142578,1.9972
2212,0.07657267153263092,0.07657267153263092,0.11481044441461563,0.11481044441461563,1.999
2213,0.07652448117733002,0.07652448117733002,0.11480393260717392,0.11480393260717392,2.0
2214,0.07647638767957687,0.07647638767957687,0.11480221897363663,0.11480221897363663,2.0009
2215,0.07642820477485657,0.07642820477485657,0.11478348076343536,0.11478348076343536,2.0016
2216,0.07637964934110641,0.07637964934110641,0.1147189512848854,0.1147189512848854,2.0024
2217,0.07633109390735626,0.07633109390735626,0.11466269195079803,0.11466269195079803,2.003
2218,0.07628282159566879,0.07628282159566879,0.11466459184885025,0.11466459184885025,2.0037
2219,0.07623433321714401,0.07623433321714401,0.11466202884912491,0.11466202884912491,2.0043
2220,0.0761856883764267,0.0761856883764267,0.11466405540704727,0.11466405540704727,2.005
2221,0.076137974858284,0.076137974858284,0.11464516073465347,0.11464516073465347,2.0057
2222,0.0760890394449234,0.0760890394449234,0.11461792141199112,0.11461792141199112,2.0065
2223,0.07604078948497772,0.07604078948497772,0.11457464843988419,0.11457464843988419,2.0076
2224,0.0759924054145813,0.0759924054145813,0.114554762840271,0.114554762840271,2.0086
2225,0.07594287395477295,0.07594287395477295,0.11454816162586212,0.11454816162586212,2.0096
2226,0.07589530199766159,0.07589530199766159,0.1145048588514328,0.1145048588514328,2.0104
2227,0.07584673166275024,0.07584673166275024,0.11447219550609589,0.11447219550609589,2.0114
2228,0.07579710334539413,0.07579710334539413,0.11444155871868134,0.11444155871868134,2.0122
2229,0.07574905455112457,0.07574905455112457,0.11443104594945908,0.11443104594945908,2.0131
2230,0.0757008045911789,0.0757008045911789,0.11441564559936523,0.11441564559936523,2.0139
2231,0.07565144449472427,0.07565144449472427,0.11436225473880768,0.11436225473880768,2.0145
2232,0.0756022185087204,0.0756022185087204,0.11427587270736694,0.11427587270736694,2.0153
2233,0.07555444538593292,0.07555444538593292,0.11420194804668427,0.11420194804668427,2.0159
2234,0.07550527155399323,0.07550527155399323,0.11417331546545029,0.11417331546545029,2.0166
2235,0.07545562833547592,0.07545562833547592,0.1141832023859024,0.1141832023859024,2.0172
2236,0.07540702074766159,0.07540702074766159,0.11418454349040985,0.11418454349040985,2.0178
2237,0.07535763084888458,0.07535763084888458,0.11415135860443115,0.11415135860443115,2.0185
2238,0.07530862838029861,0.07530862838029861,0.11410202831029892,0.11410202831029892,2.0191
2239,0.07525984942913055,0.07525984942913055,0.11402729898691177,0.11402729898691177,2.0198
2240,0.07521071285009384,0.07521071285009384,0.1139497309923172,0.1139497309923172,2.0206
2241,0.07516196370124817,0.07516196370124817,0.11393482983112335,0.11393482983112335,2.0213
2242,0.07511284202337265,0.07511284202337265,0.11393773555755615,0.11393773555755615,2.022
2243,0.07506437599658966,0.07506437599658966,0.11393380165100098,0.11393380165100098,2.0227
2244,0.07501547038555145,0.07501547038555145,0.11388127505779266,0.11388127505779266,2.0234
2245,0.07496706396341324,0.07496706396341324,0.11381489038467407,0.11381489038467407,2.0242
2246,0.07491780817508698,0.07491780817508698,0.1137792319059372,0.1137792319059372,2.0248
2247,0.07486855983734131,0.07486855983734131,0.11374291032552719,0.11374291032552719,2.0255
2248,0.07481973618268967,0.07481973618268967,0.11369945108890533,0.11369945108890533,2.0262
2249,0.07477112114429474,0.07477112114429474,0.11366014182567596,0.11366014182567596,2.0269
2250,0.0747213140130043,0.0747213140130043,0.11362867057323456,0.11362867057323456,2.0276
2251,0.07467225193977356,0.07467225193977356,0.11360912024974823,0.11360912024974823,2.0283
2252,0.07462345063686371,0.07462345063686371,0.11357592046260834,0.11357592046260834,2.0289
2253,0.07457385957241058,0.07457385957241058,0.11354682594537735,0.11354682594537735,2.0296
2254,0.07452519237995148,0.07452519237995148,0.11348335444927216,0.11348335444927216,2.0302
2255,0.07447641342878342,0.07447641342878342,0.11343976110219955,0.11343976110219955,2.0308
2256,0.07442668825387955,0.07442668825387955,0.11341891437768936,0.11341891437768936,2.0315
2257,0.07437735795974731,0.07437735795974731,0.11342601478099823,0.11342601478099823,2.0322
2258,0.07432909309864044,0.07432909309864044,0.11346495151519775,0.11346495151519775,2.0328
2259,0.07427966594696045,0.07427966594696045,0.11345291137695312,0.11345291137695312,2.0335
2260,0.07422967255115509,0.07422967255115509,0.11334680020809174,0.11334680020809174,2.0342
2261,0.07418181002140045,0.07418181002140045,0.11321546137332916,0.11321546137332916,2.0348
2262,0.07413183152675629,0.07413183152675629,0.11316440254449844,0.11316440254449844,2.0355
2263,0.07408194243907928,0.07408194243907928,0.11319375038146973,0.11319375038146973,2.0361
2264,0.07403253018856049,0.07403253018856049,0.11326040327548981,0.11326040327548981,2.0368
2265,0.07398393005132675,0.07398393005132675,0.11329837143421173,0.11329837143421173,2.0375
2266,0.0739315003156662,0.0739315003156662,0.11323519796133041,0.11323519796133041,2.0382
2267,0.07388286292552948,0.07388286292552948,0.11310162395238876,0.11310162395238876,2.0388
2268,0.07383222132921219,0.07383222132921219,0.11298632621765137,0.11298632621765137,2.0395
2269,0.07377858459949493,0.07377858459949493,0.1129782423377037,0.1129782423377037,2.0401
2270,0.07372794300317764,0.07372794300317764,0.11303555965423584,0.11303555965423584,2.0408
2271,0.07367581129074097,0.07367581129074097,0.11306516081094742,0.11306516081094742,2.0414
2272,0.07362361997365952,0.07362361997365952,0.11300162225961685,0.11300162225961685,2.0421
2273,0.07357150316238403,0.07357150316238403,0.11287541687488556,0.11287541687488556,2.0427
2274,0.07351948320865631,0.07351948320865631,0.1127517968416214,0.1127517968416214,2.0434
2275,0.07346565276384354,0.07346565276384354,0.11272166669368744,0.11272166669368744,2.0441
2276,0.07341469079256058,0.07341469079256058,0.11278891563415527,0.11278891563415527,2.0447
2277,0.07336356490850449,0.07336356490850449,0.11284731328487396,0.11284731328487396,2.0453
2278,0.07330884039402008,0.07330884039402008,0.11279337108135223,0.11279337108135223,2.046
2279,0.07325880974531174,0.07325880974531174,0.11265075206756592,0.11265075206756592,2.0466
2280,0.07320714741945267,0.07320714741945267,0.11252796649932861,0.11252796649932861,2.0472
2281,0.07315213978290558,0.07315213978290558,0.11250336468219757,0.11250336468219757,2.0479
2282,0.07310116291046143,0.07310116291046143,0.11253373324871063,0.11253373324871063,2.0485
2283,0.07304973900318146,0.07304973900318146,0.11255166679620743,0.11255166679620743,2.0492
2284,0.07299698144197464,0.07299698144197464,0.11248306930065155,0.11248306930065155,2.0498
2285,0.0729464665055275,0.0729464665055275,0.11236640065908432,0.11236640065908432,2.0505
2286,0.07289500534534454,0.07289500534534454,0.1122756153345108,0.1122756153345108,2.0512
2287,0.07284259796142578,0.07284259796142578,0.11222753673791885,0.11222753673791885,2.0518
2288,0.07279197871685028,0.07279197871685028,0.11221647262573242,0.11221647262573242,2.0525
2289,0.07274018228054047,0.07274018228054047,0.11221925914287567,0.11221925914287567,2.0531
2290,0.07268960773944855,0.07268960773944855,0.11220359802246094,0.11220359802246094,2.0538
2291,0.07263801991939545,0.07263801991939545,0.11214251816272736,0.11214251816272736,2.0544
2292,0.07258668541908264,0.07258668541908264,0.11207164824008942,0.11207164824008942,2.055
2293,0.07253601402044296,0.07253601402044296,0.11201902478933334,0.11201902478933334,2.0557
2294,0.07248452305793762,0.07248452305793762,0.11200809478759766,0.11200809478759766,2.0563
2295,0.07243340462446213,0.07243340462446213,0.11202450096607208,0.11202450096607208,2.0569
2296,0.07238258421421051,0.07238258421421051,0.11197718232870102,0.11197718232870102,2.0576
2297,0.07233160734176636,0.07233160734176636,0.11187944561243057,0.11187944561243057,2.0583
2298,0.07228107750415802,0.07228107750415802,0.11179916560649872,0.11179916560649872,2.059
2299,0.07223022729158401,0.07223022729158401,0.11176744848489761,0.11176744848489761,2.0597
2300,0.07217919826507568,0.07217919826507568,0.11177907139062881,0.11177907139062881,2.0607
2301,0.07212813198566437,0.07212813198566437,0.11178140342235565,0.11178140342235565,2.0619
2302,0.07207757234573364,0.07207757234573364,0.11174581199884415,0.11174581199884415,2.0631
2303,0.07202655076980591,0.07202655076980591,0.11169105768203735,0.11169105768203735,2.0643
2304,0.07197592407464981,0.07197592407464981,0.11161496490240097,0.11161496490240097,2.0652
2305,0.07192523777484894,0.07192523777484894,0.11156898736953735,0.11156898736953735,2.0669
2306,0.07187455892562866,0.07187455892562866,0.11155366897583008,0.11155366897583008,2.0679
2307,0.07182343304157257,0.07182343304157257,0.111505888402462,0.111505888402462,2.0686
2308,0.0717724859714508,0.0717724859714508,0.11144797503948212,0.11144797503948212,2.0693
2309,0.07172173261642456,0.07172173261642456,0.11139999330043793,0.11139999330043793,2.0701
2310,0.07167074084281921,0.07167074084281921,0.11138689517974854,0.11138689517974854,2.0708
2311,0.07162009924650192,0.07162009924650192,0.11135824024677277,0.11135824024677277,2.0715
2312,0.0715693011879921,0.0715693011879921,0.11134035885334015,0.11134035885334015,2.0722
2313,0.07151827961206436,0.07151827961206436,0.11132250726222992,0.11132250726222992,2.0732
2314,0.07146738469600677,0.07146738469600677,0.11127106100320816,0.11127106100320816,2.074
2315,0.07141630351543427,0.07141630351543427,0.11119423061609268,0.11119423061609268,2.0751
2316,0.07136575132608414,0.07136575132608414,0.11112745106220245,0.11112745106220245,2.0761
2317,0.07131484895944595,0.07131484895944595,0.11108008772134781,0.11108008772134781,2.0769
2318,0.07126409560441971,0.07126409560441971,0.11105544865131378,0.11105544865131378,2.0776
2319,0.071212999522686,0.071212999522686,0.11107087135314941,0.11107087135314941,2.0782
2320,0.07116211950778961,0.07116211950778961,0.11107678711414337,0.11107678711414337,2.0789
2321,0.0711115300655365,0.0711115300655365,0.11103608459234238,0.11103608459234238,2.0796
2322,0.07105977833271027,0.07105977833271027,0.11096809059381485,0.11096809059381485,2.0803
2323,0.07100894302129745,0.07100894302129745,0.11090032756328583,0.11090032756328583,2.0811
2324,0.07095758616924286,0.07095758616924286,0.11086134612560272,0.11086134612560272,2.0819
2325,0.07090656459331512,0.07090656459331512,0.11085426807403564,0.11085426807403564,2.0827
2326,0.07085531949996948,0.07085531949996948,0.11080372333526611,0.11080372333526611,2.0835
2327,0.07080424576997757,0.07080424576997757,0.11074622720479965,0.11074622720479965,2.0843
2328,0.07075320184230804,0.07075320184230804,0.11069872230291367,0.11069872230291367,2.085
2329,0.07070238888263702,0.07070238888263702,0.11067883670330048,0.11067883670330048,2.0857
2330,0.07065112888813019,0.07065112888813019,0.11063524335622787,0.11063524335622787,2.0864
2331,0.07059965282678604,0.07059965282678604,0.11057712882757187,0.11057712882757187,2.087
2332,0.07054882496595383,0.07054882496595383,0.11055364459753036,0.11055364459753036,2.0877
2333,0.07049732655286789,0.07049732655286789,0.11055473983287811,0.11055473983287811,2.0884
2334,0.07044616341590881,0.07044616341590881,0.11053365468978882,0.11053365468978882,2.0891
2335,0.07039466500282288,0.07039466500282288,0.11048015207052231,0.11048015207052231,2.0899
2336,0.0703437477350235,0.0703437477350235,0.11041859537363052,0.11041859537363052,2.0906
2337,0.07029185444116592,0.07029185444116592,0.11038380861282349,0.11038380861282349,2.0914
2338,0.070240318775177,0.070240318775177,0.11036141961812973,0.11036141961812973,2.0921
2339,0.07018925994634628,0.07018925994634628,0.11033032834529877,0.11033032834529877,2.0929
2340,0.0701376348733902,0.0701376348733902,0.11026374250650406,0.11026374250650406,2.0936
2341,0.07008657604455948,0.07008657604455948,0.11017205566167831,0.11017205566167831,2.0943
2342,0.07003514468669891,0.07003514468669891,0.11013138294219971,0.11013138294219971,2.0949
2343,0.06998361647129059,0.06998361647129059,0.1101355329155922,0.1101355329155922,2.0956
2344,0.06993233412504196,0.06993233412504196,0.11014528572559357,0.11014528572559357,2.0963
2345,0.06988099962472916,0.06988099962472916,0.11010614782571793,0.11010614782571793,2.0969
2346,0.0698290765285492,0.0698290765285492,0.11002498865127563,0.11002498865127563,2.0976
2347,0.06977765262126923,0.06977765262126923,0.10994930565357208,0.10994930565357208,2.0982
2348,0.06972573697566986,0.06972573697566986,0.10992181301116943,0.10992181301116943,2.0989
2349,0.06967516988515854,0.06967516988515854,0.1099187359213829,0.1099187359213829,2.0996
2350,0.06962348520755768,0.06962348520755768,0.10987544059753418,0.10987544059753418,2.101
2351,0.06957174837589264,0.06957174837589264,0.1098036989569664,0.1098036989569664,2.1016
2352,0.06952020525932312,0.06952020525932312,0.10977829992771149,0.10977829992771149,2.1023
2353,0.0694688931107521,0.0694688931107521,0.10977628082036972,0.10977628082036972,2.103
2354,0.06941743195056915,0.06941743195056915,0.10975770652294159,0.10975770652294159,2.1036
2355,0.06936557590961456,0.06936557590961456,0.10970033705234528,0.10970033705234528,2.1042
2356,0.06931383907794952,0.06931383907794952,0.10962303727865219,0.10962303727865219,2.1049
2357,0.06926212459802628,0.06926212459802628,0.10957242548465729,0.10957242548465729,2.1055
2358,0.06921102851629257,0.06921102851629257,0.10955111682415009,0.10955111682415009,2.1061
2359,0.06915905326604843,0.06915905326604843,0.10951267182826996,0.10951267182826996,2.1068
2360,0.06910748779773712,0.06910748779773712,0.1094617247581482,0.1094617247581482,2.1074
2361,0.06905604898929596,0.06905604898929596,0.10945060104131699,0.10945060104131699,2.108
2362,0.06900471448898315,0.06900471448898315,0.1094415932893753,0.1094415932893753,2.1087
2363,0.06895308196544647,0.06895308196544647,0.10940565913915634,0.10940565913915634,2.1093
2364,0.06890108436346054,0.06890108436346054,0.10934380441904068,0.10934380441904068,2.1099
2365,0.06885000318288803,0.06885000318288803,0.10928517580032349,0.10928517580032349,2.1105
2366,0.06879742443561554,0.06879742443561554,0.1092623919248581,0.1092623919248581,2.1112
2367,0.06874670833349228,0.06874670833349228,0.10926191508769989,0.10926191508769989,2.1118
2368,0.06869596987962723,0.06869596987962723,0.10923216491937637,0.10923216491937637,2.1124
2369,0.06864310801029205,0.06864310801029205,0.10912708938121796,0.10912708938121796,2.113
2370,0.06859265267848969,0.06859265267848969,0.10900668799877167,0.10900668799877167,2.1137
2371,0.06854063272476196,0.06854063272476196,0.10898149013519287,0.10898149013519287,2.1143
2372,0.068487748503685,0.068487748503685,0.109036885201931,0.109036885201931,2.1149
2373,0.06843636184930801,0.06843636184930801,0.10908770561218262,0.10908770561218262,2.1156
2374,0.0683857649564743,0.0683857649564743,0.10906946659088135,0.10906946659088135,2.1162
2375,0.06833373755216599,0.06833373755216599,0.10899217426776886,0.10899217426776886,2.1168
2376,0.06828095018863678,0.06828095018863678,0.10889890044927597,0.10889890044927597,2.1174
2377,0.0682288184762001,0.0682288184762001,0.1088184341788292,0.1088184341788292,2.1181
2378,0.06817737966775894,0.06817737966775894,0.10876276344060898,0.10876276344060898,2.1187
2379,0.06812652200460434,0.06812652200460434,0.1087210401892662,0.1087210401892662,2.1193
2380,0.0680740624666214,0.0680740624666214,0.10865628719329834,0.10865628719329834,2.1199
2381,0.06802213937044144,0.06802213937044144,0.1086137443780899,0.1086137443780899,2.1206
2382,0.067970871925354,0.067970871925354,0.10863425582647324,0.10863425582647324,2.1212
2383,0.06791876256465912,0.06791876256465912,0.10866595804691315,0.10866595804691315,2.1218
2384,0.06786663830280304,0.06786663830280304,0.10864462703466415,0.10864462703466415,2.1224
2385,0.06781549006700516,0.06781549006700516,0.1085619330406189,0.1085619330406189,2.1231
2386,0.06776260584592819,0.06776260584592819,0.10848192870616913,0.10848192870616913,2.1237
2387,0.06771152466535568,0.06771152466535568,0.10845859348773956,0.10845859348773956,2.1243
2388,0.06766016781330109,0.06766016781330109,0.10847053676843643,0.10847053676843643,2.1249
2389,0.06760849803686142,0.06760849803686142,0.10846185684204102,0.10846185684204102,2.1256
2390,0.06755558401346207,0.06755558401346207,0.10836547613143921,0.10836547613143921,2.1262
2391,0.06750430911779404,0.06750430911779404,0.10826995223760605,0.10826995223760605,2.1268
2392,0.0674515813589096,0.0674515813589096,0.10823919624090195,0.10823919624090195,2.1274
2393,0.06739890575408936,0.06739890575408936,0.10827524960041046,0.10827524960041046,2.1281
2394,0.06734800338745117,0.06734800338745117,0.10829085111618042,0.10829085111618042,2.1288
2395,0.0672961175441742,0.0672961175441742,0.10827319324016571,0.10827319324016571,2.1295
2396,0.06724393367767334,0.06724393367767334,0.1082080826163292,0.1082080826163292,2.1302
2397,0.06719174981117249,0.06719174981117249,0.10812373459339142,0.10812373459339142,2.1309
2398,0.06713996827602386,0.06713996827602386,0.10804810374975204,0.10804810374975204,2.1316
2399,0.06708835065364838,0.06708835065364838,0.10798994451761246,0.10798994451761246,2.1322
2400,0.06703630834817886,0.06703630834817886,0.10795124620199203,0.10795124620199203,2.1328
2401,0.06698481738567352,0.06698481738567352,0.10792176425457001,0.10792176425457001,2.1335
2402,0.06693202257156372,0.06693202257156372,0.10786154121160507,0.10786154121160507,2.1341
2403,0.06688038259744644,0.06688038259744644,0.10780910402536392,0.10780910402536392,2.1348
2404,0.06682810932397842,0.06682810932397842,0.10783474147319794,0.10783474147319794,2.1354
2405,0.0667760968208313,0.0667760968208313,0.10791032016277313,0.10791032016277313,2.1361
2406,0.06672488152980804,0.06672488152980804,0.10793203115463257,0.10793203115463257,2.1368
2407,0.06667212396860123,0.06667212396860123,0.10786203294992447,0.10786203294992447,2.1375
2408,0.06662049144506454,0.06662049144506454,0.107749804854393,0.107749804854393,2.1381
2409,0.0665682703256607,0.0665682703256607,0.10767636448144913,0.10767636448144913,2.1388
2410,0.06651566922664642,0.06651566922664642,0.10766009986400604,0.10766009986400604,2.1394
2411,0.06646397709846497,0.06646397709846497,0.10764896869659424,0.10764896869659424,2.14
2412,0.06641190499067307,0.06641190499067307,0.10760077089071274,0.10760077089071274,2.1407
2413,0.0663594901561737,0.0663594901561737,0.10750611126422882,0.10750611126422882,2.1413
2414,0.06630740314722061,0.06630740314722061,0.10738947242498398,0.10738947242498398,2.142
2415,0.06625501811504364,0.06625501811504364,0.10736236721277237,0.10736236721277237,2.1426
2416,0.0662025436758995,0.0662025436758995,0.10741208493709564,0.10741208493709564,2.1433
2417,0.06615127623081207,0.06615127623081207,0.10744740813970566,0.10744740813970566,2.1439
2418,0.06609838455915451,0.06609838455915451,0.10737757384777069,0.10737757384777069,2.1446
2419,0.06604669243097305,0.06604669243097305,0.10729946196079254,0.10729946196079254,2.1452
2420,0.06599460542201996,0.06599460542201996,0.10725609213113785,0.10725609213113785,2.1458
2421,0.06594227999448776,0.06594227999448776,0.10725061595439911,0.10725061595439911,2.1465
2422,0.0658903419971466,0.0658903419971466,0.1072491854429245,0.1072491854429245,2.1471
2423,0.06583823263645172,0.06583823263645172,0.1072041243314743,0.1072041243314743,2.1478
2424,0.06578583270311356,0.06578583270311356,0.10712680965662003,0.10712680965662003,2.1484
2425,0.06573344022035599,0.06573344022035599,0.10706467926502228,0.10706467926502228,2.149
2426,0.06568184494972229,0.06568184494972229,0.10704778134822845,0.10704778134822845,2.1497
2427,0.06562882661819458,0.06562882661819458,0.10703690350055695,0.10703690350055695,2.1503
2428,0.06557679921388626,0.06557679921388626,0.10703758150339127,0.10703758150339127,2.151
2429,0.06552454084157944,0.06552454084157944,0.10701962560415268,0.10701962560415268,2.1516
2430,0.06547334045171738,0.06547334045171738,0.10697289556264877,0.10697289556264877,2.1523
2431,0.06542044878005981,0.06542044878005981,0.10692374408245087,0.10692374408245087,2.1529
2432,0.06536978483200073,0.06536978483200073,0.10687659680843353,0.10687659680843353,2.1536
2433,0.0653170794248581,0.0653170794248581,0.10679048299789429,0.10679048299789429,2.1542
2434,0.06526491791009903,0.06526491791009903,0.10674257576465607,0.10674257576465607,2.1549
2435,0.06521265208721161,0.06521265208721161,0.10672664642333984,0.10672664642333984,2.1555
2436,0.06516031920909882,0.06516031920909882,0.10670695453882217,0.10670695453882217,2.1562
2437,0.06510816514492035,0.06510816514492035,0.10667578876018524,0.10667578876018524,2.1569
2438,0.06505604833364487,0.06505604833364487,0.10665452480316162,0.10665452480316162,2.1575
2439,0.06500424444675446,0.06500424444675446,0.10664238780736923,0.10664238780736923,2.1582
2440,0.0649518072605133,0.0649518072605133,0.10659535229206085,0.10659535229206085,2.1588
2441,0.06489934772253036,0.06489934772253036,0.10657433420419693,0.10657433420419693,2.1601
2442,0.06484746932983398,0.06484746932983398,0.10655553638935089,0.10655553638935089,2.1614
2443,0.06479512155056,0.06479512155056,0.10651910305023193,0.10651910305023193,2.1621
2444,0.06474330276250839,0.06474330276250839,0.10647313296794891,0.10647313296794891,2.1627
2445,0.06469158828258514,0.06469158828258514,0.10642316192388535,0.10642316192388535,2.1634
2446,0.06463924050331116,0.06463924050331116,0.10638384521007538,0.10638384521007538,2.164
2447,0.06458722054958344,0.06458722054958344,0.10634994506835938,0.10634994506835938,2.1646
2448,0.06453532725572586,0.06453532725572586,0.10628020763397217,0.10628020763397217,2.1653
2449,0.06448252499103546,0.06448252499103546,0.10625163465738297,0.10625163465738297,2.166
2450,0.06443122774362564,0.06443122774362564,0.10625112056732178,0.10625112056732178,2.1667
2451,0.06437966972589493,0.06437966972589493,0.1062307134270668,0.1062307134270668,2.1673
2452,0.0643269419670105,0.0643269419670105,0.10616687685251236,0.10616687685251236,2.168
2453,0.06427459418773651,0.06427459418773651,0.10608420521020889,0.10608420521020889,2.1686
2454,0.06422305107116699,0.06422305107116699,0.10603146255016327,0.10603146255016327,2.1693
2455,0.06417074799537659,0.06417074799537659,0.10603667795658112,0.10603667795658112,2.1699
2456,0.06411821395158768,0.06411821395158768,0.10603489726781845,0.10603489726781845,2.1706
2457,0.06406611204147339,0.06406611204147339,0.1060168519616127,0.1060168519616127,2.1712
2458,0.06401480734348297,0.06401480734348297,0.10602519661188126,0.10602519661188126,2.1719
2459,0.06396223604679108,0.06396223604679108,0.10602925717830658,0.10602925717830658,2.1725
2460,0.06391076743602753,0.06391076743602753,0.10599084198474884,0.10599084198474884,2.1732
2461,0.06385926902294159,0.06385926902294159,0.10590734332799911,0.10590734332799911,2.1739
2462,0.06380735337734222,0.06380735337734222,0.10583102703094482,0.10583102703094482,2.1746
2463,0.06375490874052048,0.06375490874052048,0.10579709708690643,0.10579709708690643,2.1752
2464,0.06370223313570023,0.06370223313570023,0.10579600185155869,0.10579600185155869,2.1759
2465,0.06364966183900833,0.06364966183900833,0.1057911366224289,0.1057911366224289,2.1765
2466,0.06359770894050598,0.06359770894050598,0.10575854778289795,0.10575854778289795,2.1771
2467,0.0635455846786499,0.0635455846786499,0.10570156574249268,0.10570156574249268,2.1779
2468,0.06349363178014755,0.06349363178014755,0.10564961284399033,0.10564961284399033,2.1785
2469,0.06344059854745865,0.06344059854745865,0.1056053638458252,0.1056053638458252,2.1792
2470,0.06338727474212646,0.06338727474212646,0.10560133308172226,0.10560133308172226,2.1798
2471,0.06333379447460175,0.06333379447460175,0.10558436065912247,0.10558436065912247,2.1804
2472,0.0632786899805069,0.0632786899805069,0.10549625009298325,0.10549625009298325,2.1811
2473,0.06322398036718369,0.06322398036718369,0.10545936971902847,0.10545936971902847,2.1818
2474,0.06316836178302765,0.06316836178302765,0.10550415515899658,0.10550415515899658,2.1825
2475,0.06311319768428802,0.06311319768428802,0.10556904971599579,0.10556904971599579,2.1832
2476,0.06306011229753494,0.06306011229753494,0.10557296127080917,0.10557296127080917,2.1838
2477,0.06300551444292068,0.06300551444292068,0.10551121085882187,0.10551121085882187,2.1845
2478,0.06295059621334076,0.06295059621334076,0.10545270144939423,0.10545270144939423,2.1851
2479,0.06289710849523544,0.06289710849523544,0.1054476946592331,0.1054476946592331,2.1857
2480,0.0628436952829361,0.0628436952829361,0.10544164478778839,0.10544164478778839,2.1864
2481,0.0627918690443039,0.0627918690443039,0.1054617390036583,0.1054617390036583,2.187
2482,0.06273758411407471,0.06273758411407471,0.1054757833480835,0.1054757833480835,2.1877
2483,0.06268499791622162,0.06268499791622162,0.1054566353559494,0.1054566353559494,2.1884
2484,0.06263180077075958,0.06263180077075958,0.1054203063249588,0.1054203063249588,2.1892
2485,0.06257875263690948,0.06257875263690948,0.10539336502552032,0.10539336502552032,2.1899
2486,0.06252621114253998,0.06252621114253998,0.10538053512573242,0.10538053512573242,2.1906
2487,0.06247236207127571,0.06247236207127571,0.10532325506210327,0.10532325506210327,2.1912
2488,0.06241995096206665,0.06241995096206665,0.10529337078332901,0.10529337078332901,2.1919
2489,0.062366969883441925,0.062366969883441925,0.10528818517923355,0.10528818517923355,2.1925
2490,0.062313925474882126,0.062313925474882126,0.10527732223272324,0.10527732223272324,2.1931
2491,0.06226115673780441,0.06226115673780441,0.10520994663238525,0.10520994663238525,2.1938
2492,0.062209367752075195,0.062209367752075195,0.10518655925989151,0.10518655925989151,2.1944
2493,0.06215643882751465,0.06215643882751465,0.10520930588245392,0.10520930588245392,2.1951
2494,0.062104739248752594,0.062104739248752594,0.10522209107875824,0.10522209107875824,2.1957
2495,0.062051840126514435,0.062051840126514435,0.10516639053821564,0.10516639053821564,2.1963
2496,0.061998914927244186,0.061998914927244186,0.1050601601600647,0.1050601601600647,2.1969
2497,0.06194685772061348,0.06194685772061348,0.10497979074716568,0.10497979074716568,2.1976
2498,0.06189364939928055,0.06189364939928055,0.1049683466553688,0.1049683466553688,2.1982
2499,0.061842985451221466,0.061842985451221466,0.10499203205108643,0.10499203205108643,2.1989
2500,0.061789147555828094,0.061789147555828094,0.10494552552700043,0.10494552552700043,2.1996
2501,0.06173687428236008,0.06173687428236008,0.1048617735505104,0.1048617735505104,2.2002
2502,0.06168435886502266,0.06168435886502266,0.1048567071557045,0.1048567071557045,2.2009
2503,0.061632513999938965,0.061632513999938965,0.10489308834075928,0.10489308834075928,2.2015
2504,0.06158079952001572,0.06158079952001572,0.10488760471343994,0.10488760471343994,2.2022
2505,0.06152820587158203,0.06152820587158203,0.1048145666718483,0.1048145666718483,2.2028
2506,0.061475854367017746,0.061475854367017746,0.10473592579364777,0.10473592579364777,2.2035
2507,0.061423204839229584,0.061423204839229584,0.10471366345882416,0.10471366345882416,2.2041
2508,0.06137033551931381,0.06137033551931381,0.10474510490894318,0.10474510490894318,2.2048
2509,0.061318300664424896,0.061318300664424896,0.10477092117071152,0.10477092117071152,2.2054
2510,0.061266057193279266,0.061266057193279266,0.10473372787237167,0.10473372787237167,2.2061
2511,0.061213959008455276,0.061213959008455276,0.10465119779109955,0.10465119779109955,2.2067
2512,0.06116144731640816,0.06116144731640816,0.10458040237426758,0.10458040237426758,2.2074
2513,0.061108946800231934,0.061108946800231934,0.10454587638378143,0.10454587638378143,2.208
2514,0.06105698272585869,0.06105698272585869,0.10452248901128769,0.10452248901128769,2.2087
2515,0.06100586801767349,0.06100586801767349,0.10448167473077774,0.10448167473077774,2.2093
2516,0.06095279008150101,0.06095279008150101,0.10439827293157578,0.10439827293157578,2.21
2517,0.060900431126356125,0.060900431126356125,0.10438797622919083,0.10438797622919083,2.2106
2518,0.06084821745753288,0.06084821745753288,0.1044410690665245,0.1044410690665245,2.2113
2519,0.060796432197093964,0.060796432197093964,0.10447226464748383,0.10447226464748383,2.2119
2520,0.06074448302388191,0.06074448302388191,0.10438983142375946,0.10438983142375946,2.2126
2521,0.060692332684993744,0.060692332684993744,0.10432042926549911,0.10432042926549911,2.2132
2522,0.060640640556812286,0.060640640556812286,0.10431432723999023,0.10431432723999023,2.2139
2523,0.06058908626437187,0.06058908626437187,0.10434305667877197,0.10434305667877197,2.2145
2524,0.060537099838256836,0.060537099838256836,0.1043381467461586,0.1043381467461586,2.2151
2525,0.060485683381557465,0.060485683381557465,0.10427870601415634,0.10427870601415634,2.2158
2526,0.06043324992060661,0.06043324992060661,0.1042042151093483,0.1042042151093483,2.2164
2527,0.060381751507520676,0.060381751507520676,0.10416660457849503,0.10416660457849503,2.2171
2528,0.060329873114824295,0.060329873114824295,0.1041572093963623,0.1041572093963623,2.2178
2529,0.06027785688638687,0.06027785688638687,0.10414822399616241,0.10414822399616241,2.2185
2530,0.060225971043109894,0.060225971043109894,0.10412045568227768,0.10412045568227768,2.2192
2531,0.06017405912280083,0.06017405912280083,0.10408105701208115,0.10408105701208115,2.2199
2532,0.06012291461229324,0.06012291461229324,0.10405866801738739,0.10405866801738739,2.2205
2533,0.06007099151611328,0.06007099151611328,0.10404755175113678,0.10404755175113678,2.2212
2534,0.06002006679773331,0.06002006679773331,0.1040179580450058,0.1040179580450058,2.2242
2535,0.0599680133163929,0.0599680133163929,0.10391708463430405,0.10391708463430405,2.2249
2536,0.0599164180457592,0.0599164180457592,0.10386893898248672,0.10386893898248672,2.2256
2537,0.05986478179693222,0.05986478179693222,0.10388213396072388,0.10388213396072388,2.2263
2538,0.05981336906552315,0.05981336906552315,0.1038941964507103,0.1038941964507103,2.227
2539,0.05976194143295288,0.05976194143295288,0.1038617268204689,0.1038617268204689,2.2276
2540,0.059710174798965454,0.059710174798965454,0.10380925983190536,0.10380925983190536,2.2283
2541,0.05965953320264816,0.05965953320264816,0.1037876158952713,0.1037876158952713,2.2292
2542,0.05960749462246895,0.05960749462246895,0.10380538552999496,0.10380538552999496,2.2317
2543,0.059555888175964355,0.059555888175964355,0.10381145775318146,0.10381145775318146,2.2334
2544,0.05950501561164856,0.05950501561164856,0.10376842319965363,0.10376842319965363,2.2342
2545,0.05945352464914322,0.05945352464914322,0.1036614179611206,0.1036614179611206,2.2349
2546,0.05940211936831474,0.05940211936831474,0.10363366454839706,0.10363366454839706,2.2357
2547,0.05935113504528999,0.05935113504528999,0.10368086397647858,0.10368086397647858,2.2364
2548,0.05929899215698242,0.05929899215698242,0.10370688140392303,0.10370688140392303,2.237
2549,0.05924711376428604,0.05924711376428604,0.10365542024374008,0.10365542024374008,2.2377
2550,0.0591949038207531,0.0591949038207531,0.1035689115524292,0.1035689115524292,2.2384
2551,0.05914260819554329,0.05914260819554329,0.1035267561674118,0.1035267561674118,2.2396
2552,0.05909031629562378,0.05909031629562378,0.10352899879217148,0.10352899879217148,2.2404
2553,0.05903863161802292,0.05903863161802292,0.10352115333080292,0.10352115333080292,2.2728
2554,0.0589863546192646,0.0589863546192646,0.1034792885184288,0.1034792885184288,2.2778
2555,0.058934103697538376,0.058934103697538376,0.10339473187923431,0.10339473187923431,2.2788
2556,0.05888179689645767,0.05888179689645767,0.10340436547994614,0.10340436547994614,2.2798
2557,0.05882955715060234,0.05882955715060234,0.10347104072570801,0.10347104072570801,2.2806
2558,0.058777857571840286,0.058777857571840286,0.1034843921661377,0.1034843921661377,2.2815
2559,0.05872507765889168,0.05872507765889168,0.10340072959661484,0.10340072959661484,2.2823
2560,0.05867283418774605,0.05867283418774605,0.10329868644475937,0.10329868644475937,2.2834
2561,0.058620620518922806,0.058620620518922806,0.10326875746250153,0.10326875746250153,2.2842
2562,0.05856806039810181,0.05856806039810181,0.10330651700496674,0.10330651700496674,2.285
2563,0.05851644277572632,0.05851644277572632,0.10332678258419037,0.10332678258419037,2.286
2564,0.058464087545871735,0.058464087545871735,0.10323836654424667,0.10323836654424667,2.2868
2565,0.05841216444969177,0.05841216444969177,0.10318554937839508,0.10318554937839508,2.2876
2566,0.058359451591968536,0.058359451591968536,0.10320480912923813,0.10320480912923813,2.2884
2567,0.05830765888094902,0.05830765888094902,0.1032295674085617,0.1032295674085617,2.2892
2568,0.058255504816770554,0.058255504816770554,0.10319161415100098,0.10319161415100098,2.2899
2569,0.058203745633363724,0.058203745633363724,0.10310541093349457,0.10310541093349457,2.2906
2570,0.05815127491950989,0.05815127491950989,0.10305734723806381,0.10305734723806381,2.2914
2571,0.0580989308655262,0.0580989308655262,0.10308090597391129,0.10308090597391129,2.2921
2572,0.058047764003276825,0.058047764003276825,0.10310792922973633,0.10310792922973633,2.2928
2573,0.05799607187509537,0.05799607187509537,0.1030694991350174,0.1030694991350174,2.2935
2574,0.05794372037053108,0.05794372037053108,0.10294122993946075,0.10294122993946075,2.2945
2575,0.05789213627576828,0.05789213627576828,0.10290250927209854,0.10290250927209854,2.2953
2576,0.05783984065055847,0.05783984065055847,0.10296080261468887,0.10296080261468887,2.2963
2577,0.0577884316444397,0.0577884316444397,0.10300002247095108,0.10300002247095108,2.2971
2578,0.057736337184906006,0.057736337184906006,0.10294215381145477,0.10294215381145477,2.2978
2579,0.05768458917737007,0.05768458917737007,0.10285228490829468,0.10285228490829468,2.2985
2580,0.0576334223151207,0.0576334223151207,0.10282878577709198,0.10282878577709198,2.2992
2581,0.05758153274655342,0.05758153274655342,0.10286863148212433,0.10286863148212433,2.2999
2582,0.05752943828701973,0.05752943828701973,0.10287629067897797,0.10287629067897797,2.3007
2583,0.05747801810503006,0.05747801810503006,0.10280408710241318,0.10280408710241318,2.3013
2584,0.05742707848548889,0.05742707848548889,0.10268135368824005,0.10268135368824005,2.302
2585,0.05737529322504997,0.05737529322504997,0.10267940908670425,0.10267940908670425,2.3027
2586,0.05732348561286926,0.05732348561286926,0.10275783389806747,0.10275783389806747,2.3034
2587,0.057272642850875854,0.057272642850875854,0.10278012603521347,0.10278012603521347,2.304
2588,0.0572209432721138,0.0572209432721138,0.1026967391371727,0.1026967391371727,2.3047
2589,0.0571698434650898,0.0571698434650898,0.10260312259197235,0.10260312259197235,2.3054
2590,0.05711796134710312,0.05711796134710312,0.10258893668651581,0.10258893668651581,2.3061
2591,0.05706656724214554,0.05706656724214554,0.10262610018253326,0.10262610018253326,2.3067
2592,0.057015400379896164,0.057015400379896164,0.10262367874383926,0.10262367874383926,2.3074
2593,0.05696377158164978,0.05696377158164978,0.10256042331457138,0.10256042331457138,2.3081
2594,0.05691288039088249,0.05691288039088249,0.10251084715127945,0.10251084715127945,2.3087
2595,0.05686159059405327,0.05686159059405327,0.10247935354709625,0.10247935354709625,2.3094
2596,0.05681104585528374,0.05681104585528374,0.10253240168094635,0.10253240168094635,2.3101
2597,0.05676020309329033,0.05676020309329033,0.10255968570709229,0.10255968570709229,2.3107
2598,0.056708626449108124,0.056708626449108124,0.1024930328130722,0.1024930328130722,2.3114
2599,0.0566578134894371,0.0566578134894371,0.10239996761083603,0.10239996761083603,2.312
2600,0.056606877595186234,0.056606877595186234,0.1023636907339096,0.1023636907339096,2.3132
2601,0.0565565750002861,0.0565565750002861,0.10238797962665558,0.10238797962665558,2.3139
2602,0.056505341082811356,0.056505341082811356,0.10239791870117188,0.10239791870117188,2.3146
2603,0.05645458772778511,0.05645458772778511,0.10235333442687988,0.10235333442687988,2.3152
2604,0.056404151022434235,0.056404151022434235,0.10229489952325821,0.10229489952325821,2.3159
2605,0.05635418742895126,0.05635418742895126,0.10227255523204803,0.10227255523204803,2.3165
2606,0.05630258470773697,0.05630258470773697,0.10223672538995743,0.10223672538995743,2.3172
2607,0.056252121925354004,0.056252121925354004,0.10224385559558868,0.10224385559558868,2.3178
2608,0.056201569736003876,0.056201569736003876,0.10224463045597076,0.10224463045597076,2.3185
2609,0.05615118891000748,0.05615118891000748,0.1022060289978981,0.1022060289978981,2.3191
2610,0.05610049515962601,0.05610049515962601,0.10215010493993759,0.10215010493993759,2.3198
2611,0.05605031177401543,0.05605031177401543,0.10213873535394669,0.10213873535394669,2.3204
2612,0.056000083684921265,0.056000083684921265,0.10215997695922852,0.10215997695922852,2.3211
2613,0.05594997480511665,0.05594997480511665,0.10215552151203156,0.10215552151203156,2.3218
2614,0.05589999631047249,0.05589999631047249,0.10206222534179688,0.10206222534179688,2.3225
2615,0.05584961175918579,0.05584961175918579,0.10203178226947784,0.10203178226947784,2.3232
2616,0.05579996854066849,0.05579996854066849,0.10206259787082672,0.10206259787082672,2.3238
2617,0.0557502806186676,0.0557502806186676,0.10208170115947723,0.10208170115947723,2.3245
2618,0.05569998174905777,0.05569998174905777,0.10202953964471817,0.10202953964471817,2.3254
2619,0.05564989522099495,0.05564989522099495,0.10195537656545639,0.10195537656545639,2.326
2620,0.05559992790222168,0.05559992790222168,0.10193909704685211,0.10193909704685211,2.3267
2621,0.05554955080151558,0.05554955080151558,0.10197782516479492,0.10197782516479492,2.3274
2622,0.05550072342157364,0.05550072342157364,0.10198885202407837,0.10198885202407837,2.3281
2623,0.05544991046190262,0.05544991046190262,0.10191391408443451,0.10191391408443451,2.3288
2624,0.05540050193667412,0.05540050193667412,0.10182277858257294,0.10182277858257294,2.3294
2625,0.055350590497255325,0.055350590497255325,0.10179157555103302,0.10179157555103302,2.3301
2626,0.05530235171318054,0.05530235171318054,0.10181605815887451,0.10181605815887451,2.3308
2627,0.05525178834795952,0.05525178834795952,0.10178494453430176,0.10178494453430176,2.3315
2628,0.055202268064022064,0.055202268064022064,0.10172252357006073,0.10172252357006073,2.3322
2629,0.05515280365943909,0.05515280365943909,0.10174735635519028,0.10174735635519028,2.3336
2630,0.05510398745536804,0.05510398745536804,0.10180330276489258,0.10180330276489258,2.3344
2631,0.055054210126399994,0.055054210126399994,0.10179100185632706,0.10179100185632706,2.3365
2632,0.05500534176826477,0.05500534176826477,0.10172555595636368,0.10172555595636368,2.3372
2633,0.05495608597993851,0.05495608597993851,0.10169193893671036,0.10169193893671036,2.3379
2634,0.05490646883845329,0.05490646883845329,0.10170082747936249,0.10170082747936249,2.3386
2635,0.05485669896006584,0.05485669896006584,0.10169248282909393,0.10169248282909393,2.3392
2636,0.05480751395225525,0.05480751395225525,0.10163740813732147,0.10163740813732147,2.3399
2637,0.054758310317993164,0.054758310317993164,0.10157325118780136,0.10157325118780136,2.3405
2638,0.05470912531018257,0.05470912531018257,0.10155228525400162,0.10155228525400162,2.3412
2639,0.05465978384017944,0.05465978384017944,0.10156217962503433,0.10156217962503433,2.3419
2640,0.05461105704307556,0.05461105704307556,0.10154785215854645,0.10154785215854645,2.3425
2641,0.054561518132686615,0.054561518132686615,0.10148849338293076,0.10148849338293076,2.3432
2642,0.05451292544603348,0.05451292544603348,0.10142946243286133,0.10142946243286133,2.3439
2643,0.05446358770132065,0.05446358770132065,0.10141309350728989,0.10141309350728989,2.3445
2644,0.054414618760347366,0.054414618760347366,0.10142642259597778,0.10142642259597778,2.3452
2645,0.054366081953048706,0.054366081953048706,0.10141291469335556,0.10141291469335556,2.3458
2646,0.05431731417775154,0.05431731417775154,0.10136385262012482,0.10136385262012482,2.3464
2647,0.054268866777420044,0.054268866777420044,0.10128078609704971,0.10128078609704971,2.3471
2648,0.05422057583928108,0.05422057583928108,0.1013006716966629,0.1013006716966629,2.3477
2649,0.05417122319340706,0.05417122319340706,0.10136314481496811,0.10136314481496811,2.3484
2650,0.05412372201681137,0.05412372201681137,0.10135922580957413,0.10135922580957413,2.349
2651,0.05407475680112839,0.05407475680112839,0.1012747511267662,0.1012747511267662,2.3497
2652,0.054025422781705856,0.054025422781705856,0.10119734704494476,0.10119734704494476,2.3503
2653,0.05397734045982361,0.05397734045982361,0.10118477046489716,0.10118477046489716,2.351
2654,0.053928442299366,0.053928442299366,0.10119769722223282,0.10119769722223282,2.3516
2655,0.053880125284194946,0.053880125284194946,0.1011822447180748,0.1011822447180748,2.3523
2656,0.05383183807134628,0.05383183807134628,0.10113279521465302,0.10113279521465302,2.353
2657,0.05378315597772598,0.05378315597772598,0.1011122465133667,0.1011122465133667,2.3537
2658,0.05373627692461014,0.05373627692461014,0.10108846426010132,0.10108846426010132,2.3544
2659,0.053687553852796555,0.053687553852796555,0.10113157331943512,0.10113157331943512,2.3551
2660,0.053639572113752365,0.053639572113752365,0.10116748511791229,0.10116748511791229,2.3557
2661,0.053591858595609665,0.053591858595609665,0.1011313945055008,0.1011313945055008,2.3564
2662,0.05354303866624832,0.05354303866624832,0.10105116665363312,0.10105116665363312,2.3571
2663,0.053495146334171295,0.053495146334171295,0.10099156945943832,0.10099156945943832,2.3578
2664,0.05344727635383606,0.05344727635383606,0.10097720474004745,0.10097720474004745,2.3585
2665,0.05339959263801575,0.05339959263801575,0.10097458213567734,0.10097458213567734,2.3592
2666,0.05335158109664917,0.05335158109664917,0.10093463957309723,0.10093463957309723,2.3598
2667,0.05330348759889603,0.05330348759889603,0.10087692737579346,0.10087692737579346,2.3606
2668,0.05325639247894287,0.05325639247894287,0.10085871070623398,0.10085871070623398,2.3613
2669,0.053208716213703156,0.053208716213703156,0.10088133811950684,0.10088133811950684,2.3619
2670,0.05316031724214554,0.05316031724214554,0.10085181891918182,0.10085181891918182,2.3626
2671,0.05311340093612671,0.05311340093612671,0.10085387527942657,0.10085387527942657,2.3633
2672,0.05306577682495117,0.05306577682495117,0.10085636377334595,0.10085636377334595,2.364
2673,0.053018152713775635,0.053018152713775635,0.10081609338521957,0.10081609338521957,2.3647
2674,0.05297073721885681,0.05297073721885681,0.10075116157531738,0.10075116157531738,2.3654
2675,0.052922867238521576,0.052922867238521576,0.1007084846496582,0.1007084846496582,2.3661
2676,0.05287570878863335,0.05287570878863335,0.10072215646505356,0.10072215646505356,2.3667
2677,0.052828460931777954,0.052828460931777954,0.10072837769985199,0.10072837769985199,2.3674
2678,0.05278124287724495,0.05278124287724495,0.10069391876459122,0.10069391876459122,2.368
2679,0.05273368954658508,0.05273368954658508,0.10063718259334564,0.10063718259334564,2.3687
2680,0.052686482667922974,0.052686482667922974,0.10060551017522812,0.10060551017522812,2.3693
2681,0.05263981223106384,0.05263981223106384,0.10055957734584808,0.10055957734584808,2.37
2682,0.05259261652827263,0.05259261652827263,0.10058164596557617,0.10058164596557617,2.3706
2683,0.05254599452018738,0.05254599452018738,0.10060805082321167,0.10060805082321167,2.3713
2684,0.05249910429120064,0.05249910429120064,0.10057683289051056,0.10057683289051056,2.3719
2685,0.05245205760002136,0.05245205760002136,0.10051646083593369,0.10051646083593369,2.3726
2686,0.05240518972277641,0.05240518972277641,0.1004931703209877,0.1004931703209877,2.3733
2687,0.052358228713274,0.052358228713274,0.10050065815448761,0.10050065815448761,2.3739
2688,0.05231141299009323,0.05231141299009323,0.10049674659967422,0.10049674659967422,2.3746
2689,0.0522647425532341,0.0522647425532341,0.10046155750751495,0.10046155750751495,2.3753
2690,0.05221773311495781,0.05221773311495781,0.10041452944278717,0.10041452944278717,2.3761
2691,0.05217108130455017,0.05217108130455017,0.10038149356842041,0.10038149356842041,2.3768
2692,0.05212480574846268,0.05212480574846268,0.10036581754684448,0.10036581754684448,2.3775
2693,0.052079230546951294,0.052079230546951294,0.1003422960639,0.1003422960639,2.3782
2694,0.05203212425112724,0.05203212425112724,0.10026005655527115,0.10026005655527115,2.3789
2695,0.05198575183749199,0.05198575183749199,0.10026850551366806,0.10026850551366806,2.3795
2696,0.0519392192363739,0.0519392192363739,0.10032842308282852,0.10032842308282852,2.3802
2697,0.051893193274736404,0.051893193274736404,0.1003260388970375,0.1003260388970375,2.3809
2698,0.051846694201231,0.051846694201231,0.10024984180927277,0.10024984180927277,2.3815
2699,0.05180060863494873,0.05180060863494873,0.10019737482070923,0.10019737482070923,2.3822
2700,0.05175403505563736,0.05175403505563736,0.1002030000090599,0.1002030000090599,2.3828
2701,0.051708370447158813,0.051708370447158813,0.10020508617162704,0.10020508617162704,2.3836
2702,0.05166203901171684,0.05166203901171684,0.10015344619750977,0.10015344619750977,2.3847
2703,0.051615964621305466,0.051615964621305466,0.10008621215820312,0.10008621215820312,2.3863
2704,0.051569871604442596,0.051569871604442596,0.10007127374410629,0.10007127374410629,2.3889
2705,0.05152549222111702,0.05152549222111702,0.10009566694498062,0.10009566694498062,2.3897
2706,0.05147815868258476,0.05147815868258476,0.10005178302526474,0.10005178302526474,2.3905
2707,0.05143236368894577,0.05143236368894577,0.10004166513681412,0.10004166513681412,2.3913
2708,0.05138658359646797,0.05138658359646797,0.10005215555429459,0.10005215555429459,2.3922
2709,0.05134114623069763,0.05134114623069763,0.10005088150501251,0.10005088150501251,2.3932
2710,0.051295340061187744,0.051295340061187744,0.10001055896282196,0.10001055896282196,2.3951
2711,0.051249910145998,0.051249910145998,0.09996608644723892,0.09996608644723892,2.3959
2712,0.051204193383455276,0.051204193383455276,0.09994353353977203,0.09994353353977203,2.3968
2713,0.0511588454246521,0.0511588454246521,0.09994636476039886,0.09994636476039886,2.3976
2714,0.05111294984817505,0.05111294984817505,0.09992537647485733,0.09992537647485733,2.3984
2715,0.051068127155303955,0.051068127155303955,0.09986720979213715,0.09986720979213715,2.3992
2716,0.05102260783314705,0.05102260783314705,0.09980614483356476,0.09980614483356476,2.4
2717,0.050977714359760284,0.050977714359760284,0.09979855269193649,0.09979855269193649,2.4007
2718,0.050932127982378006,0.050932127982378006,0.09976767003536224,0.09976767003536224,2.4014
2719,0.05088694766163826,0.05088694766163826,0.09978145360946655,0.09978145360946655,2.4021
2720,0.05084194988012314,0.05084194988012314,0.09978880733251572,0.09978880733251572,2.4028
2721,0.05079664662480354,0.05079664662480354,0.09975595027208328,0.09975595027208328,2.4035
2722,0.05075155571103096,0.05075155571103096,0.09972089529037476,0.09972089529037476,2.4042
2723,0.0507069006562233,0.0507069006562233,0.09972067177295685,0.09972067177295685,2.4049
2724,0.05066193267703056,0.05066193267703056,0.09972012788057327,0.09972012788057327,2.4056
2725,0.050616610795259476,0.050616610795259476,0.09967931360006332,0.09967931360006332,2.4063
2726,0.050572145730257034,0.050572145730257034,0.09962373226881027,0.09962373226881027,2.407
2727,0.05052720382809639,0.05052720382809639,0.0995853990316391,0.0995853990316391,2.4077
2728,0.05048232525587082,0.05048232525587082,0.09957721084356308,0.09957721084356308,2.4083
2729,0.050438642501831055,0.050438642501831055,0.09956983476877213,0.09956983476877213,2.409
2730,0.050393156707286835,0.050393156707286835,0.09949348866939545,0.09949348866939545,2.4096
2731,0.05034895986318588,0.05034895986318588,0.09949328005313873,0.09949328005313873,2.4103
2732,0.05030418187379837,0.05030418187379837,0.09953918308019638,0.09953918308019638,2.4109
2733,0.05025983974337578,0.05025983974337578,0.09953264892101288,0.09953264892101288,2.4116
2734,0.050215356051921844,0.050215356051921844,0.09945372492074966,0.09945372492074966,2.4122
2735,0.05017093941569328,0.05017093941569328,0.09940500557422638,0.09940500557422638,2.4129
2736,0.050126589834690094,0.050126589834690094,0.09942208975553513,0.09942208975553513,2.4136
2737,0.05008236691355705,0.05008236691355705,0.09943658113479614,0.09943658113479614,2.4143
2738,0.05003804713487625,0.05003804713487625,0.09938719868659973,0.09938719868659973,2.4151
2739,0.049993790686130524,0.049993790686130524,0.09933286905288696,0.09933286905288696,2.4157
2740,0.04994962364435196,0.04994962364435196,0.09931564331054688,0.09931564331054688,2.4164
2741,0.049906112253665924,0.049906112253665924,0.09932242333889008,0.09932242333889008,2.4171
2742,0.04986255615949631,0.04986255615949631,0.09924574941396713,0.09924574941396713,2.4177
2743,0.04981938377022743,0.04981938377022743,0.09922865778207779,0.09922865778207779,2.4184
2744,0.0497760996222496,0.0497760996222496,0.09926588088274002,0.09926588088274002,2.419
2745,0.04973302036523819,0.04973302036523819,0.09927096962928772,0.09927096962928772,2.4198
2746,0.04968971759080887,0.04968971759080887,0.09921719878911972,0.09921719878911972,2.4205
2747,0.049646586179733276,0.049646586179733276,0.09916774928569794,0.09916774928569794,2.4215
2748,0.049603499472141266,0.049603499472141266,0.09916095435619354,0.09916095435619354,2.4222
2749,0.049560531973838806,0.049560531973838806,0.09918080270290375,0.09918080270290375,2.4229
2750,0.0495174378156662,0.0495174378156662,0.09916158020496368,0.09916158020496368,2.4236
2751,0.04947448521852493,0.04947448521852493,0.09912754595279694,0.09912754595279694,2.4243
2752,0.04943176358938217,0.04943176358938217,0.099119171500206,0.099119171500206,2.4249
2753,0.049388784915208817,0.049388784915208817,0.09911741316318512,0.09911741316318512,2.4256
2754,0.049346186220645905,0.049346186220645905,0.09909830242395401,0.09909830242395401,2.4265
2755,0.04930340498685837,0.04930340498685837,0.09904197603464127,0.09904197603464127,2.4272
2756,0.04926057159900665,0.04926057159900665,0.09900245815515518,0.09900245815515518,2.4279
2757,0.04921848326921463,0.04921848326921463,0.09899590164422989,0.09899590164422989,2.4286
2758,0.04917574301362038,0.04917574301362038,0.09894032776355743,0.09894032776355743,2.4293
2759,0.04913320764899254,0.04913320764899254,0.09894557297229767,0.09894557297229767,2.43
2760,0.04909097030758858,0.04909097030758858,0.09897316992282867,0.09897316992282867,2.4306
2761,0.04904857277870178,0.04904857277870178,0.09895104914903641,0.09895104914903641,2.4313
2762,0.04900616034865379,0.04900616034865379,0.09890531003475189,0.09890531003475189,2.432
2763,0.048963647335767746,0.048963647335767746,0.09889167547225952,0.09889167547225952,2.4328
2764,0.04892178624868393,0.04892178624868393,0.0989098995923996,0.0989098995923996,2.4337
2765,0.04887963458895683,0.04887963458895683,0.0988943949341774,0.0988943949341774,2.4344
2766,0.04883716255426407,0.04883716255426407,0.09884384274482727,0.09884384274482727,2.4351
2767,0.04879503324627876,0.04879503324627876,0.0988151803612709,0.0988151803612709,2.4359
2768,0.04875284805893898,0.04875284805893898,0.09882037341594696,0.09882037341594696,2.4365
2769,0.048710860311985016,0.048710860311985016,0.0988062396645546,0.0988062396645546,2.4372
2770,0.04866878315806389,0.04866878315806389,0.09874235093593597,0.09874235093593597,2.4379
2771,0.0486268624663353,0.0486268624663353,0.0986921638250351,0.0986921638250351,2.4386
2772,0.04858553782105446,0.04858553782105446,0.09870082139968872,0.09870082139968872,2.4393
2773,0.04854322969913483,0.04854322969913483,0.09866420179605484,0.09866420179605484,2.44
2774,0.048501454293727875,0.048501454293727875,0.09866903722286224,0.09866903722286224,2.4407
2775,0.04845992475748062,0.04845992475748062,0.09868160635232925,0.09868160635232925,2.4414
2776,0.04841839149594307,0.04841839149594307,0.0986531600356102,0.0986531600356102,2.4421
2777,0.04837699607014656,0.04837699607014656,0.09861506521701813,0.09861506521701813,2.4427
2778,0.048335492610931396,0.048335492610931396,0.098615862429142,0.098615862429142,2.4434
2779,0.04829394072294235,0.04829394072294235,0.09862791746854782,0.09862791746854782,2.444
2780,0.0482524037361145,0.0482524037361145,0.09860847890377045,0.09860847890377045,2.4447
2781,0.0482109859585762,0.0482109859585762,0.09856761991977692,0.09856761991977692,2.4454
2782,0.048169586807489395,0.048169586807489395,0.09853439778089523,0.09853439778089523,2.446
2783,0.04812827706336975,0.04812827706336975,0.09852173179388046,0.09852173179388046,2.4467
2784,0.0480872206389904,0.0480872206389904,0.09850449860095978,0.09850449860095978,2.4474
2785,0.048045966774225235,0.048045966774225235,0.09845967590808868,0.09845967590808868,2.448
2786,0.04800485447049141,0.04800485447049141,0.09841913729906082,0.09841913729906082,2.4487
2787,0.047964535653591156,0.047964535653591156,0.0984114482998848,0.0984114482998848,2.4494
2788,0.04792315512895584,0.04792315512895584,0.098361074924469,0.098361074924469,2.45
2789,0.047882162034511566,0.047882162034511566,0.0983932688832283,0.0983932688832283,2.4509
2790,0.04784145951271057,0.04784145951271057,0.09843140840530396,0.09843140840530396,2.4517
2791,0.04780079796910286,0.04780079796910286,0.09839354455471039,0.09839354455471039,2.4524
2792,0.04775998368859291,0.04775998368859291,0.0983186587691307,0.0983186587691307,2.4531
2793,0.04771912097930908,0.04771912097930908,0.09830339252948761,0.09830339252948761,2.4538
2794,0.047678399831056595,0.047678399831056595,0.0983402281999588,0.0983402281999588,2.4544
2795,0.047638047486543655,0.047638047486543655,0.09832612425088882,0.09832612425088882,2.4551
2796,0.04759736731648445,0.04759736731648445,0.09825556725263596,0.09825556725263596,2.4558
2797,0.04755682125687599,0.04755682125687599,0.09822141379117966,0.09822141379117966,2.4565
2798,0.047516487538814545,0.047516487538814545,0.09823904186487198,0.09823904186487198,2.4572
2799,0.04747588187456131,0.04747588187456131,0.09824620187282562,0.09824620187282562,2.4578
2800,0.04743572697043419,0.04743572697043419,0.09820868819952011,0.09820868819952011,2.4585
2801,0.047395385801792145,0.047395385801792145,0.09815511852502823,0.09815511852502823,2.4592
2802,0.04735541343688965,0.04735541343688965,0.09812840074300766,0.09812840074300766,2.46
2803,0.047315292060375214,0.047315292060375214,0.09807068854570389,0.09807068854570389,2.4608
2804,0.047274984419345856,0.047274984419345856,0.09809552133083344,0.09809552133083344,2.4615
2805,0.047235213220119476,0.047235213220119476,0.0981198251247406,0.0981198251247406,2.4622
2806,0.04719521477818489,0.04719521477818489,0.0980781689286232,0.0980781689286232,2.4628
2807,0.04715516418218613,0.04715516418218613,0.09802938252687454,0.09802938252687454,2.4635
2808,0.04711556062102318,0.04711556062102318,0.09802620857954025,0.09802620857954025,2.4642
2809,0.04707542061805725,0.04707542061805725,0.0980464294552803,0.0980464294552803,2.4648
2810,0.047035761177539825,0.047035761177539825,0.09803906828165054,0.09803906828165054,2.4655
2811,0.04699619486927986,0.04699619486927986,0.09799619019031525,0.09799619019031525,2.4662
2812,0.04695615544915199,0.04695615544915199,0.09796825796365738,0.09796825796365738,2.4668
2813,0.04691680148243904,0.04691680148243904,0.09796857833862305,0.09796857833862305,2.4675
2814,0.04687711223959923,0.04687711223959923,0.09794366359710693,0.09794366359710693,2.4682
2815,0.04683762788772583,0.04683762788772583,0.09789006412029266,0.09789006412029266,2.4688
2816,0.04679829254746437,0.04679829254746437,0.09785451740026474,0.09785451740026474,2.4695
2817,0.04675881937146187,0.04675881937146187,0.09780003875494003,0.09780003875494003,2.4702
2818,0.04671986773610115,0.04671986773610115,0.09782518446445465,0.09782518446445465,2.4708
2819,0.04668040573596954,0.04668040573596954,0.09784730523824692,0.09784730523824692,2.4715
2820,0.046641137450933456,0.046641137450933456,0.09781616181135178,0.09781616181135178,2.4721
2821,0.04660256206989288,0.04660256206989288,0.097775898873806,0.097775898873806,2.4728
2822,0.046563006937503815,0.046563006937503815,0.09777455031871796,0.09777455031871796,2.4734
2823,0.04652424156665802,0.04652424156665802,0.09778483211994171,0.09778483211994171,2.4741
2824,0.04648524150252342,0.04648524150252342,0.09776176512241364,0.09776176512241364,2.4748
2825,0.04644610360264778,0.04644610360264778,0.09771713614463806,0.09771713614463806,2.4757
2826,0.04640737175941467,0.04640737175941467,0.09770393371582031,0.09770393371582031,2.4764
2827,0.046368323266506195,0.046368323266506195,0.09770472347736359,0.09770472347736359,2.4771
2828,0.0463295504450798,0.0463295504450798,0.09765994548797607,0.09765994548797607,2.4778
2829,0.04629088193178177,0.04629088193178177,0.09759127348661423,0.09759127348661423,2.4785
2830,0.04625203087925911,0.04625203087925911,0.09756821393966675,0.09756821393966675,2.4793
2831,0.04621453210711479,0.04621453210711479,0.09758053719997406,0.09758053719997406,2.4801
2832,0.04617544263601303,0.04617544263601303,0.09752752631902695,0.09752752631902695,2.4808
2833,0.04613683745265007,0.04613683745265007,0.09754912555217743,0.09754912555217743,2.4815
2834,0.04609871655702591,0.04609871655702591,0.09758486598730087,0.09758486598730087,2.4825
2835,0.046060629189014435,0.046060629189014435,0.09755361825227737,0.09755361825227737,2.4832
2836,0.046022213995456696,0.046022213995456696,0.09749694913625717,0.09749694913625717,2.4839
2837,0.045983705669641495,0.045983705669641495,0.09749090671539307,0.09749090671539307,2.4845
2838,0.04594581946730614,0.04594581946730614,0.09750731289386749,0.09750731289386749,2.4852
2839,0.04590754210948944,0.04590754210948944,0.09746937453746796,0.09746937453746796,2.4859
2840,0.0458691343665123,0.0458691343665123,0.09740597009658813,0.09740597009658813,2.4866
2841,0.04583161324262619,0.04583161324262619,0.09738605469465256,0.09738605469465256,2.4874
2842,0.04579373076558113,0.04579373076558113,0.09740041941404343,0.09740041941404343,2.4883
2843,0.045755550265312195,0.045755550265312195,0.0973764955997467,0.0973764955997467,2.489
2844,0.04571782797574997,0.04571782797574997,0.09732736647129059,0.09732736647129059,2.4897
2845,0.04568001255393028,0.04568001255393028,0.09732037782669067,0.09732037782669067,2.4904
2846,0.04564313963055611,0.04564313963055611,0.09733979403972626,0.09733979403972626,2.4911
2847,0.045604608952999115,0.045604608952999115,0.0972670242190361,0.0972670242190361,2.492
2848,0.04556747153401375,0.04556747153401375,0.09725834429264069,0.09725834429264069,2.4928
2849,0.04552998021245003,0.04552998021245003,0.0972786694765091,0.0972786694765091,2.4934
2850,0.0454925075173378,0.0454925075173378,0.09725364297628403,0.09725364297628403,2.4941
2851,0.045455217361450195,0.045455217361450195,0.09720835834741592,0.09720835834741592,2.4947
2852,0.04541756957769394,0.04541756957769394,0.0971895232796669,0.0971895232796669,2.4954
2853,0.045380301773548126,0.045380301773548126,0.09718768298625946,0.09718768298625946,2.496
2854,0.04534285515546799,0.04534285515546799,0.09715785831212997,0.09715785831212997,2.4967
2855,0.045305632054805756,0.045305632054805756,0.09712240099906921,0.09712240099906921,2.4973
2856,0.045268673449754715,0.045268673449754715,0.09712187945842743,0.09712187945842743,2.498
2857,0.04523150995373726,0.04523150995373726,0.09711708873510361,0.09711708873510361,2.4986
2858,0.04519478231668472,0.04519478231668472,0.09707912057638168,0.09707912057638168,2.4994
2859,0.045157771557569504,0.045157771557569504,0.0970432311296463,0.0970432311296463,2.5001
2860,0.04512100666761398,0.04512100666761398,0.09699084609746933,0.09699084609746933,2.5008
2861,0.04508402198553085,0.04508402198553085,0.09704747796058655,0.09704747796058655,2.5014
2862,0.045047782361507416,0.045047782361507416,0.0970740094780922,0.0970740094780922,2.5021
2863,0.04501087963581085,0.04501087963581085,0.09698126465082169,0.09698126465082169,2.5027
2864,0.044974394142627716,0.044974394142627716,0.09690789133310318,0.09690789133310318,2.5033
2865,0.0449376218020916,0.0449376218020916,0.0969499722123146,0.0969499722123146,2.504
2866,0.044901154935359955,0.044901154935359955,0.09698066860437393,0.09698066860437393,2.5046
2867,0.04486484453082085,0.04486484453082085,0.09691114723682404,0.09691114723682404,2.5052
2868,0.04482845216989517,0.04482845216989517,0.09684006124734879,0.09684006124734879,2.5059
2869,0.044791944324970245,0.044791944324970245,0.09687967598438263,0.09687967598438263,2.5065
2870,0.04475574940443039,0.04475574940443039,0.09691758453845978,0.09691758453845978,2.5071
2871,0.04471936821937561,0.04471936821937561,0.09686630964279175,0.09686630964279175,2.5078
2872,0.04468340054154396,0.04468340054154396,0.09679839015007019,0.09679839015007019,2.5085
2873,0.04464709758758545,0.04464709758758545,0.09679557383060455,0.09679557383060455,2.5091
2874,0.04461171105504036,0.04461171105504036,0.09678812325000763,0.09678812325000763,2.5097
2875,0.044575441628694534,0.044575441628694534,0.09668388217687607,0.09668388217687607,2.5104
2876,0.044539373368024826,0.044539373368024826,0.09668795019388199,0.09668795019388199,2.511
2877,0.04450376704335213,0.04450376704335213,0.0967479795217514,0.0967479795217514,2.5116
2878,0.044468022882938385,0.044468022882938385,0.09671862423419952,0.09671862423419952,2.5123
2879,0.044432371854782104,0.044432371854782104,0.09663412719964981,0.09663412719964981,2.5134
2880,0.04439660906791687,0.04439660906791687,0.09663565456867218,0.09663565456867218,2.5146
2881,0.04436102509498596,0.04436102509498596,0.09669499844312668,0.09669499844312668,2.5154
2882,0.04432566463947296,0.04432566463947296,0.09667155891656876,0.09667155891656876,2.5161
2883,0.0442899689078331,0.0442899689078331,0.09658748656511307,0.09658748656511307,2.5168
2884,0.044254474341869354,0.044254474341869354,0.09657188504934311,0.09657188504934311,2.5175
2885,0.04421933740377426,0.04421933740377426,0.09660180658102036,0.09660180658102036,2.5183
2886,0.04418396204710007,0.04418396204710007,0.09655585139989853,0.09655585139989853,2.5189
2887,0.04414890706539154,0.04414890706539154,0.09647113084793091,0.09647113084793091,2.5196
2888,0.04411406069993973,0.04411406069993973,0.09640379250049591,0.09640379250049591,2.5202
2889,0.04407899081707001,0.04407899081707001,0.09650232642889023,0.09650232642889023,2.5209
2890,0.044044338166713715,0.044044338166713715,0.09653648734092712,0.09653648734092712,2.5216
2891,0.04400918260216713,0.04400918260216713,0.09642496705055237,0.09642496705055237,2.5222
2892,0.04397452622652054,0.04397452622652054,0.09636697173118591,0.09636697173118591,2.5229
2893,0.04393933340907097,0.04393933340907097,0.09643041342496872,0.09643041342496872,2.5236
2894,0.043904565274715424,0.043904565274715424,0.09644202888011932,0.09644202888011932,2.5242
2895,0.04386944696307182,0.04386944696307182,0.09634139388799667,0.09634139388799667,2.5249
2896,0.04383521527051926,0.04383521527051926,0.09628871828317642,0.09628871828317642,2.5257
2897,0.04380061477422714,0.04380061477422714,0.09633305668830872,0.09633305668830872,2.5265
2898,0.04376618564128876,0.04376618564128876,0.0963265672326088,0.0963265672326088,2.5272
2899,0.04373154789209366,0.04373154789209366,0.09624171257019043,0.09624171257019043,2.5279
2900,0.043696917593479156,0.043696917593479156,0.09620171785354614,0.09620171785354614,2.5285
2901,0.043663181364536285,0.043663181364536285,0.09622970223426819,0.09622970223426819,2.5292
2902,0.04362833499908447,0.04362833499908447,0.09617321193218231,0.09617321193218231,2.5299
2903,0.04359448701143265,0.04359448701143265,0.0961586982011795,0.0961586982011795,2.5305
2904,0.04356039687991142,0.04356039687991142,0.09617435187101364,0.09617435187101364,2.5312
2905,0.0435263067483902,0.0435263067483902,0.0961587056517601,0.0961587056517601,2.5319
2906,0.04349231719970703,0.04349231719970703,0.09612131118774414,0.09612131118774414,2.5325
2907,0.04345811530947685,0.04345811530947685,0.09611117839813232,0.09611117839813232,2.5332
2908,0.04342404007911682,0.04342404007911682,0.0961150974035263,0.0961150974035263,2.5338
2909,0.043390192091464996,0.043390192091464996,0.09608950465917587,0.09608950465917587,2.5344
2910,0.04335625097155571,0.04335625097155571,0.09605772793292999,0.09605772793292999,2.5351
2911,0.04332262650132179,0.04332262650132179,0.09604091942310333,0.09604091942310333,2.5357
2912,0.043288830667734146,0.043288830667734146,0.09602813422679901,0.09602813422679901,2.5363
2913,0.04325513541698456,0.04325513541698456,0.09599652886390686,0.09599652886390686,2.537
2914,0.043221648782491684,0.043221648782491684,0.0959559977054596,0.0959559977054596,2.5377
2915,0.04318857938051224,0.04318857938051224,0.09587614238262177,0.09587614238262177,2.5383
2916,0.04315507039427757,0.04315507039427757,0.09592555463314056,0.09592555463314056,2.539
2917,0.04312204569578171,0.04312204569578171,0.0959608256816864,0.0959608256816864,2.5396
2918,0.043088510632514954,0.043088510632514954,0.09587621688842773,0.09587621688842773,2.5403
2919,0.04305540397763252,0.04305540397763252,0.09581263363361359,0.09581263363361359,2.541
2920,0.04302220791578293,0.04302220791578293,0.09585597366094589,0.09585597366094589,2.5416
2921,0.04298927262425423,0.04298927262425423,0.09586738049983978,0.09586738049983978,2.5423
2922,0.04295596852898598,0.04295596852898598,0.09579236805438995,0.09579236805438995,2.5429
2923,0.04292311146855354,0.04292311146855354,0.0957561656832695,0.0957561656832695,2.5436
2924,0.04289013147354126,0.04289013147354126,0.09579730033874512,0.09579730033874512,2.5442
2925,0.042857348918914795,0.042857348918914795,0.09578164666891098,0.09578164666891098,2.5449
2926,0.04282454773783684,0.04282454773783684,0.09569980204105377,0.09569980204105377,2.5455
2927,0.042791835963726044,0.042791835963726044,0.09566742926836014,0.09566742926836014,2.5462
2928,0.0427592396736145,0.0427592396736145,0.09563786536455154,0.09563786536455154,2.5469
2929,0.04272681474685669,0.04272681474685669,0.09567632526159286,0.09567632526159286,2.5475
2930,0.042694516479969025,0.042694516479969025,0.09565752744674683,0.09565752744674683,2.5482
2931,0.042662058025598526,0.042662058025598526,0.09557149559259415,0.09557149559259415,2.5488
2932,0.04262954741716385,0.04262954741716385,0.09555048495531082,0.09555048495531082,2.5494
2933,0.0425972081720829,0.0425972081720829,0.09559576958417892,0.09559576958417892,2.5501
2934,0.04256479814648628,0.04256479814648628,0.09556915611028671,0.09556915611028671,2.5507
2935,0.042532868683338165,0.042532868683338165,0.095491424202919,0.095491424202919,2.5514
2936,0.042500562965869904,0.042500562965869904,0.09547489136457443,0.09547489136457443,2.552
2937,0.04246871545910835,0.04246871545910835,0.09552250802516937,0.09552250802516937,2.5526
2938,0.04243665561079979,0.04243665561079979,0.09550358355045319,0.09550358355045319,2.5534
2939,0.04240470752120018,0.04240470752120018,0.09541823714971542,0.09541823714971542,2.5541
2940,0.04237368702888489,0.04237368702888489,0.09540525823831558,0.09540525823831558,2.5548
2941,0.04234108328819275,0.04234108328819275,0.09537447243928909,0.09537447243928909,2.5555
2942,0.04230955243110657,0.04230955243110657,0.09538624435663223,0.09538624435663223,2.5562
2943,0.04227795451879501,0.04227795451879501,0.0953524112701416,0.0953524112701416,2.5569
2944,0.042246438562870026,0.042246438562870026,0.09530919790267944,0.09530919790267944,2.5575
2945,0.04221486300230026,0.04221486300230026,0.09530458599328995,0.09530458599328995,2.5582
2946,0.042183347046375275,0.042183347046375275,0.09530731290578842,0.09530731290578842,2.5589
2947,0.042151711881160736,0.042151711881160736,0.09526380151510239,0.09526380151510239,2.5596
2948,0.04212026670575142,0.04212026670575142,0.0952284187078476,0.0952284187078476,2.5603
2949,0.04208938032388687,0.04208938032388687,0.0952455997467041,0.0952455997467041,2.5611
2950,0.04205793887376785,0.04205793887376785,0.09523515403270721,0.09523515403270721,2.5618
2951,0.04202697426080704,0.04202697426080704,0.09518100321292877,0.09518100321292877,2.5625
2952,0.04199639707803726,0.04199639707803726,0.09511090815067291,0.09511090815067291,2.5631
2953,0.04196493700146675,0.04196493700146675,0.09519346058368683,0.09519346058368683,2.5637
2954,0.04193463549017906,0.04193463549017906,0.0952128916978836,0.0952128916978836,2.5644
2955,0.04190348833799362,0.04190348833799362,0.09507916867733002,0.09507916867733002,2.565
2956,0.04187279939651489,0.04187279939651489,0.09501980245113373,0.09501980245113373,2.5657
2957,0.04184211790561676,0.04184211790561676,0.09508867561817169,0.09508867561817169,2.5663
2958,0.04181116074323654,0.04181116074323654,0.09506809711456299,0.09506809711456299,2.567
2959,0.041780441999435425,0.041780441999435425,0.09495905041694641,0.09495905041694641,2.5676
2960,0.0417497493326664,0.0417497493326664,0.09495420753955841,0.09495420753955841,2.5683
2961,0.04171908646821976,0.04171908646821976,0.09500669687986374,0.09500669687986374,2.5689
2962,0.041688449680805206,0.041688449680805206,0.09495802223682404,0.09495802223682404,2.5696
2963,0.041658978909254074,0.041658978909254074,0.0948832631111145,0.0948832631111145,2.5703
2964,0.041628338396549225,0.041628338396549225,0.09484726190567017,0.09484726190567017,2.5709
2965,0.04159799963235855,0.04159799963235855,0.09495030343532562,0.09495030343532562,2.5716
2966,0.04156779497861862,0.04156779497861862,0.09493967890739441,0.09493967890739441,2.5723
2967,0.04153778776526451,0.04153778776526451,0.09480863809585571,0.09480863809585571,2.5729
2968,0.041507698595523834,0.041507698595523834,0.09479161351919174,0.09479161351919174,2.5737
2969,0.041477758437395096,0.041477758437395096,0.09484383463859558,0.09484383463859558,2.5744
2970,0.041447803378105164,0.041447803378105164,0.0947854071855545,0.0947854071855545,2.5751
2971,0.04141815006732941,0.04141815006732941,0.0947079062461853,0.0947079062461853,2.5758
2972,0.04138799384236336,0.04138799384236336,0.09473135322332382,0.09473135322332382,2.5764
2973,0.04135831445455551,0.04135831445455551,0.09475748240947723,0.09475748240947723,2.5771
2974,0.04132957011461258,0.04132957011461258,0.09469002485275269,0.09469002485275269,2.5777
2975,0.041299715638160706,0.041299715638160706,0.09457458555698395,0.09457458555698395,2.5783
2976,0.04126965254545212,0.04126965254545212,0.09468191862106323,0.09468191862106323,2.579
2977,0.04124082624912262,0.04124082624912262,0.0947294756770134,0.0947294756770134,2.5796
2978,0.04121125489473343,0.04121125489473343,0.09457463771104813,0.09457463771104813,2.5802
2979,0.04118191823363304,0.04118191823363304,0.0945255383849144,0.0945255383849144,2.5809
2980,0.041152723133563995,0.041152723133563995,0.09463266283273697,0.09463266283273697,2.5815
2981,0.04112333804368973,0.04112333804368973,0.09460748732089996,0.09460748732089996,2.5822
2982,0.04109432175755501,0.04109432175755501,0.09445960819721222,0.09445960819721222,2.5828
2983,0.04106489568948746,0.04106489568948746,0.09446961432695389,0.09446961432695389,2.5834
2984,0.04103698953986168,0.04103698953986168,0.09453956037759781,0.09453956037759781,2.5841
2985,0.04100782796740532,0.04100782796740532,0.09439368546009064,0.09439368546009064,2.5848
2986,0.04097869247198105,0.04097869247198105,0.09439071267843246,0.09439071267843246,2.5855
2987,0.04095016047358513,0.04095016047358513,0.09449955075979233,0.09449955075979233,2.5862
2988,0.04092145711183548,0.04092145711183548,0.09444545954465866,0.09444545954465866,2.5868
2989,0.040892746299505234,0.040892746299505234,0.09431823343038559,0.09431823343038559,2.5874
2990,0.04086405783891678,0.04086405783891678,0.09433217346668243,0.09433217346668243,2.588
2991,0.040835484862327576,0.040835484862327576,0.09438072144985199,0.09438072144985199,2.5887
2992,0.04080675169825554,0.04080675169825554,0.09430437535047531,0.09430437535047531,2.5893
2993,0.04077859967947006,0.04077859967947006,0.09422409534454346,0.09422409534454346,2.5899
2994,0.040750063955783844,0.040750063955783844,0.0942516177892685,0.0942516177892685,2.5917
2995,0.04072212055325508,0.04072212055325508,0.094220370054245,0.094220370054245,2.5924
2996,0.04069365933537483,0.04069365933537483,0.09422409534454346,0.09422409534454346,2.5931
2997,0.04066569730639458,0.04066569730639458,0.09421713650226593,0.09421713650226593,2.5969
2998,0.04063783958554268,0.04063783958554268,0.09418229013681412,0.09418229013681412,2.5976
2999,0.04060960188508034,0.04060960188508034,0.094159796833992,0.094159796833992,2.5983
3000,0.040581874549388885,0.040581874549388885,0.09413295984268188,0.09413295984268188,2.6014
3001,0.04055362194776535,0.04055362194776535,0.09409327805042267,0.09409327805042267,2.603
3002,0.04052627086639404,0.04052627086639404,0.09406661987304688,0.09406661987304688,2.6037
3003,0.04049805924296379,0.04049805924296379,0.0940513163805008,0.0940513163805008,2.6045
3004,0.04047137871384621,0.04047137871384621,0.0939871296286583,0.0939871296286583,2.6052
3005,0.04044367000460625,0.04044367000460625,0.09404579550027847,0.09404579550027847,2.6059
3006,0.04041587933897972,0.04041587933897972,0.09407532960176468,0.09407532960176468,2.6067
3007,0.04038899019360542,0.04038899019360542,0.09399726241827011,0.09399726241827011,2.6075
3008,0.040361322462558746,0.040361322462558746,0.0939476490020752,0.0939476490020752,2.6083
3009,0.040333837270736694,0.040333837270736694,0.09396328032016754,0.09396328032016754,2.6095
3010,0.04030661657452583,0.04030661657452583,0.09391964972019196,0.09391964972019196,2.6103
3011,0.04027918726205826,0.04027918726205826,0.09382768720388412,0.09382768720388412,2.611
3012,0.040251944214105606,0.040251944214105606,0.09382300823926926,0.09382300823926926,2.6118
3013,0.040225230157375336,0.040225230157375336,0.09385504573583603,0.09385504573583603,2.6127
3014,0.04019797965884209,0.04019797965884209,0.09374383836984634,0.09374383836984634,2.6136
3015,0.040170829743146896,0.040170829743146896,0.09376542270183563,0.09376542270183563,2.6145
3016,0.04014395549893379,0.04014395549893379,0.09383252263069153,0.09383252263069153,2.6158
3017,0.040117040276527405,0.040117040276527405,0.09376402944326401,0.09376402944326401,2.6169
3018,0.04009002447128296,0.04009002447128296,0.0936838835477829,0.0936838835477829,2.6179
3019,0.040063224732875824,0.040063224732875824,0.09370898455381393,0.09370898455381393,2.619
3020,0.04003748297691345,0.04003748297691345,0.09371180832386017,0.09371180832386017,2.6199
3021,0.04001053422689438,0.04001053422689438,0.09358726441860199,0.09358726441860199,2.6216
3022,0.039983950555324554,0.039983950555324554,0.09364650398492813,0.09364650398492813,2.6228
3023,0.039957862347364426,0.039957862347364426,0.09371403604745865,0.09371403604745865,2.6259
3024,0.03993109613656998,0.03993109613656998,0.09360364824533463,0.09360364824533463,2.6292
3025,0.03990507125854492,0.03990507125854492,0.0935351625084877,0.0935351625084877,2.6301
3026,0.03987710922956467,0.03987710922956467,0.09360314160585403,0.09360314160585403,2.6309
3027,0.039808183908462524,0.039808183908462524,0.09379023313522339,0.09379023313522339,2.6316
3028,0.03972809389233589,0.03972809389233589,0.09382607787847519,0.09382607787847519,2.6326
3029,0.03966029733419418,0.03966029733419418,0.0939975380897522,0.0939975380897522,2.6334
3030,0.03960656374692917,0.03960656374692917,0.09436054527759552,0.09436054527759552,2.6341
3031,0.03955575078725815,0.03955575078725815,0.09455335140228271,0.09455335140228271,2.6348
3032,0.03949563577771187,0.03949563577771187,0.09455039352178574,0.09455039352178574,2.6363
3033,0.039430033415555954,0.039430033415555954,0.09463360160589218,0.09463360160589218,2.6375
3034,0.03937200829386711,0.03937200829386711,0.0947069525718689,0.0947069525718689,2.6383
3035,0.03932524472475052,0.03932524472475052,0.09457094967365265,0.09457094967365265,2.639
3036,0.03928966820240021,0.03928966820240021,0.09444985538721085,0.09444985538721085,2.6397
3037,0.03925641253590584,0.03925641253590584,0.09450729191303253,0.09450729191303253,2.6404
3038,0.039220161736011505,0.039220161736011505,0.09450393915176392,0.09450393915176392,2.641
3039,0.03917984291911125,0.03917984291911125,0.09441528469324112,0.09441528469324112,2.6416
3040,0.03913912922143936,0.03913912922143936,0.09448786079883575,0.09448786079883575,2.6423
3041,0.03910168260335922,0.03910168260335922,0.09463057667016983,0.09463057667016983,2.6429
3042,0.039066851139068604,0.039066851139068604,0.09464733302593231,0.09464733302593231,2.6435
3043,0.039033837616443634,0.039033837616443634,0.09464136511087418,0.09464136511087418,2.6442
3044,0.03900029510259628,0.03900029510259628,0.09468287974596024,0.09468287974596024,2.6448
3045,0.03896879032254219,0.03896879032254219,0.09460727870464325,0.09460727870464325,2.6455
3046,0.0389368012547493,0.0389368012547493,0.09433629363775253,0.09433629363775253,2.6461
3047,0.03890467435121536,0.03890467435121536,0.09418748319149017,0.09418748319149017,2.6468
3048,0.03887326270341873,0.03887326270341873,0.09409472346305847,0.09409472346305847,2.6475
3049,0.03884247690439224,0.03884247690439224,0.09385193139314651,0.09385193139314651,2.6481
3050,0.038814522325992584,0.038814522325992584,0.09370895475149155,0.09370895475149155,2.6491
3051,0.03878531605005264,0.03878531605005264,0.09367025643587112,0.09367025643587112,2.6498
3052,0.03875473514199257,0.03875473514199257,0.09357118606567383,0.09357118606567383,2.6509
3053,0.03872454911470413,0.03872454911470413,0.09348680824041367,0.09348680824041367,2.6516
3054,0.038695327937603,0.038695327937603,0.09351401031017303,0.09351401031017303,2.6523
3055,0.03866774961352348,0.03866774961352348,0.09350614994764328,0.09350614994764328,2.653
3056,0.03864001855254173,0.03864001855254173,0.09339430183172226,0.09339430183172226,2.6537
3057,0.038611333817243576,0.038611333817243576,0.09332404285669327,0.09332404285669327,2.6544
3058,0.03858165815472603,0.03858165815472603,0.09326321631669998,0.09326321631669998,2.6551
3059,0.0385521724820137,0.0385521724820137,0.09310168027877808,0.09310168027877808,2.6558
3060,0.03852409869432449,0.03852409869432449,0.09295851737260818,0.09295851737260818,2.6565
3061,0.03849661722779274,0.03849661722779274,0.09289779514074326,0.09289779514074326,2.6572
3062,0.03846941143274307,0.03846941143274307,0.09282951056957245,0.09282951056957245,2.6578
3063,0.03844151645898819,0.03844151645898819,0.09275904297828674,0.09275904297828674,2.6585
3064,0.03841380029916763,0.03841380029916763,0.09278620034456253,0.09278620034456253,2.6591
3065,0.03838665038347244,0.03838665038347244,0.09278228133916855,0.09278228133916855,2.6598
3066,0.038360290229320526,0.038360290229320526,0.0928582176566124,0.0928582176566124,2.6605
3067,0.038334205746650696,0.038334205746650696,0.09287147223949432,0.09287147223949432,2.6612
3068,0.03830789402127266,0.03830789402127266,0.09280562400817871,0.09280562400817871,2.6619
3069,0.03828101232647896,0.03828101232647896,0.09277607500553131,0.09277607500553131,2.6626
3070,0.03825578838586807,0.03825578838586807,0.09273494780063629,0.09273494780063629,2.6633
3071,0.03822864219546318,0.03822864219546318,0.09256384521722794,0.09256384521722794,2.664
3072,0.038202740252017975,0.038202740252017975,0.0925256758928299,0.0925256758928299,2.6649
3073,0.03817758709192276,0.03817758709192276,0.09262587875127792,0.09262587875127792,2.6659
3074,0.038151584565639496,0.038151584565639496,0.09249977022409439,0.09249977022409439,2.6669
3075,0.038126371800899506,0.038126371800899506,0.0923982784152031,0.0923982784152031,2.6676
3076,0.03810019791126251,0.03810019791126251,0.09251303970813751,0.09251303970813751,2.6683
3077,0.0380745604634285,0.0380745604634285,0.09250451624393463,0.09250451624393463,2.669
3078,0.03804982826113701,0.03804982826113701,0.09237037599086761,0.09237037599086761,2.6697
3079,0.03802419826388359,0.03802419826388359,0.09240640699863434,0.09240640699863434,2.6704
3080,0.03799942880868912,0.03799942880868912,0.0924592837691307,0.0924592837691307,2.671
3081,0.037974193692207336,0.037974193692207336,0.09233591705560684,0.09233591705560684,2.6717
3082,0.037949979305267334,0.037949979305267334,0.09225349128246307,0.09225349128246307,2.6724
3083,0.03792455792427063,0.03792455792427063,0.09223661571741104,0.09223661571741104,2.6731
3084,0.037900544703006744,0.037900544703006744,0.09223895519971848,0.09223895519971848,2.6739
3085,0.03787635639309883,0.03787635639309883,0.09213118255138397,0.09213118255138397,2.6746
3086,0.03785214573144913,0.03785214573144913,0.09207572788000107,0.09207572788000107,2.6753
3087,0.037828005850315094,0.037828005850315094,0.09211315959692001,0.09211315959692001,2.6762
3088,0.03780388832092285,0.03780388832092285,0.09203408658504486,0.09203408658504486,2.677
3089,0.03777974098920822,0.03777974098920822,0.0920766219496727,0.0920766219496727,2.6777
3090,0.0377558097243309,0.0377558097243309,0.09211252629756927,0.09211252629756927,2.6785
3091,0.03773188591003418,0.03773188591003418,0.09202750027179718,0.09202750027179718,2.6792
3092,0.03770790249109268,0.03770790249109268,0.09199880808591843,0.09199880808591843,2.6798
3093,0.037685196846723557,0.037685196846723557,0.09201810508966446,0.09201810508966446,2.6805
3094,0.03766098618507385,0.03766098618507385,0.09188026189804077,0.09188026189804077,2.6812
3095,0.037637464702129364,0.037637464702129364,0.09189782291650772,0.09189782291650772,2.6819
3096,0.03761421889066696,0.03761421889066696,0.09191744029521942,0.09191744029521942,2.6826
3097,0.037590812891721725,0.037590812891721725,0.09180022776126862,0.09180022776126862,2.6833
3098,0.03756749629974365,0.03756749629974365,0.09176996350288391,0.09176996350288391,2.6839
3099,0.03754563629627228,0.03754563629627228,0.09181369841098785,0.09181369841098785,2.6846
3100,0.037521593272686005,0.037521593272686005,0.0916777104139328,0.0916777104139328,2.6852
3101,0.03749847412109375,0.03749847412109375,0.09171409904956818,0.09171409904956818,2.6859
3102,0.03747590631246567,0.03747590631246567,0.09174394607543945,0.09174394607543945,2.6866
3103,0.037453584372997284,0.037453584372997284,0.09157212823629379,0.09157212823629379,2.6873
3104,0.037430644035339355,0.037430644035339355,0.09164613485336304,0.09164613485336304,2.688
3105,0.03740863874554634,0.03740863874554634,0.09168305993080139,0.09168305993080139,2.6886
3106,0.037385813891887665,0.037385813891887665,0.09150956571102142,0.09150956571102142,2.6893
3107,0.03736308589577675,0.03736308589577675,0.09151309728622437,0.09151309728622437,2.6901
3108,0.037340812385082245,0.037340812385082245,0.09156329929828644,0.09156329929828644,2.6908
3109,0.037318333983421326,0.037318333983421326,0.0914139598608017,0.0914139598608017,2.6916
3110,0.03729642555117607,0.03729642555117607,0.09130017459392548,0.09130017459392548,2.6923
3111,0.037274233996868134,0.037274233996868134,0.09145289659500122,0.09145289659500122,2.693
3112,0.03725196048617363,0.03725196048617363,0.0912950336933136,0.0912950336933136,2.6937
3113,0.037230368703603745,0.037230368703603745,0.09123869985342026,0.09123869985342026,2.6947
3114,0.037208616733551025,0.037208616733551025,0.0913449227809906,0.0913449227809906,2.6954
3115,0.037186525762081146,0.037186525762081146,0.09125400334596634,0.09125400334596634,2.6962
3116,0.03716504946351051,0.03716504946351051,0.09116089344024658,0.09116089344024658,2.697
3117,0.0371430367231369,0.0371430367231369,0.09122323989868164,0.09122323989868164,2.6977
3118,0.0371210090816021,0.0371210090816021,0.09117575734853745,0.09117575734853745,2.6986
3119,0.03709956258535385,0.03709956258535385,0.09104497730731964,0.09104497730731964,2.6993
3120,0.03707810491323471,0.03707810491323471,0.09102138131856918,0.09102138131856918,2.7005
3121,0.03705689311027527,0.03705689311027527,0.09110105782747269,0.09110105782747269,2.7112
3122,0.0370352640748024,0.0370352640748024,0.09096764773130417,0.09096764773130417,2.715
3123,0.03701481223106384,0.03701481223106384,0.09085007756948471,0.09085007756948471,2.7187
3124,0.03699372336268425,0.03699372336268425,0.09103752672672272,0.09103752672672272,2.7206
3125,0.03697201609611511,0.03697201609611511,0.09095482528209686,0.09095482528209686,2.724
3126,0.03695134446024895,0.03695134446024895,0.09080325067043304,0.09080325067043304,2.7252
3127,0.03692958503961563,0.03692958503961563,0.09093619138002396,0.09093619138002396,2.7356
3128,0.036908578127622604,0.036908578127622604,0.09091608226299286,0.09091608226299286,2.7383
3129,0.03688882663846016,0.03688882663846016,0.0906815379858017,0.0906815379858017,2.7469
3130,0.0368659608066082,0.0368659608066082,0.090821273624897,0.090821273624897,2.7534
3131,0.03681042790412903,0.03681042790412903,0.09104152023792267,0.09104152023792267,2.7547
3132,0.0367426723241806,0.0367426723241806,0.09083295613527298,0.09083295613527298,2.7557
3133,0.03668103367090225,0.03668103367090225,0.09118279069662094,0.09118279069662094,2.7568
3134,0.036635398864746094,0.036635398864746094,0.09159012883901596,0.09159012883901596,2.7579
3135,0.03658808022737503,0.03658808022737503,0.09147926419973373,0.09147926419973373,2.7587
3136,0.03653780370950699,0.03653780370950699,0.09162873029708862,0.09162873029708862,2.7616
3137,0.03648924082517624,0.03648924082517624,0.09190697968006134,0.09190697968006134,2.7633
3138,0.03644394874572754,0.03644394874572754,0.09167554974555969,0.09167554974555969,2.7645
3139,0.0364115834236145,0.0364115834236145,0.09156511723995209,0.09156511723995209,2.769
3140,0.03638496622443199,0.03638496622443199,0.09173353016376495,0.09173353016376495,2.7703
3141,0.036357417702674866,0.036357417702674866,0.09156719595193863,0.09156719595193863,2.7711
3142,0.036328233778476715,0.036328233778476715,0.0914309024810791,0.0914309024810791,2.7719
3143,0.03629407286643982,0.03629407286643982,0.09164939075708389,0.09164939075708389,2.7726
3144,0.03626023605465889,0.03626023605465889,0.09165333211421967,0.09165333211421967,2.7736
3145,0.036229923367500305,0.036229923367500305,0.09156262129545212,0.09156262129545212,2.7746
3146,0.036201510578393936,0.036201510578393936,0.09174086153507233,0.09174086153507233,2.7756
3147,0.036177992820739746,0.036177992820739746,0.09171263873577118,0.09171263873577118,2.7766
3148,0.03615396469831467,0.03615396469831467,0.09143918752670288,0.09143918752670288,2.7779
3149,0.03612643480300903,0.03612643480300903,0.09144536405801773,0.09144536405801773,2.7786
3150,0.03610076755285263,0.03610076755285263,0.09133418649435043,0.09133418649435043,2.7793
3151,0.03607606142759323,0.03607606142759323,0.09096302837133408,0.09096302837133408,2.78
3152,0.036051154136657715,0.036051154136657715,0.09088541567325592,0.09088541567325592,2.7807
3153,0.03602930158376694,0.03602930158376694,0.09086116403341293,0.09086116403341293,2.7814
3154,0.036005668342113495,0.036005668342113495,0.09067696332931519,0.09067696332931519,2.783
3155,0.03598073124885559,0.03598073124885559,0.09062229096889496,0.09062229096889496,2.7839
3156,0.035956162959337234,0.035956162959337234,0.09068846702575684,0.09068846702575684,2.7847
3157,0.03593280538916588,0.03593280538916588,0.0905861109495163,0.0905861109495163,2.7855
3158,0.035911209881305695,0.035911209881305695,0.09050954133272171,0.09050954133272171,2.7862
3159,0.0358886793255806,0.0358886793255806,0.09050537645816803,0.09050537645816803,2.7869
3160,0.03586474806070328,0.03586474806070328,0.09035267680883408,0.09035267680883408,2.7878
3161,0.03584036976099014,0.03584036976099014,0.09018197655677795,0.09018197655677795,2.791
3162,0.03581717982888222,0.03581717982888222,0.0901259258389473,0.0901259258389473,2.7934
3163,0.035794757306575775,0.035794757306575775,0.08998076617717743,0.08998076617717743,2.7943
3164,0.035773567855358124,0.035773567855358124,0.0898510217666626,0.0898510217666626,2.7952
3165,0.03575136139988899,0.03575136139988899,0.08982360363006592,0.08982360363006592,2.7959
3166,0.03572873771190643,0.03572873771190643,0.08985533565282822,0.08985533565282822,2.7965
3167,0.03570694848895073,0.03570694848895073,0.08989166468381882,0.08989166468381882,2.7976
3168,0.03568548336625099,0.03568548336625099,0.08987204730510712,0.08987204730510712,2.7985
3169,0.035664379596710205,0.035664379596710205,0.08989527821540833,0.08989527821540833,2.7996
3170,0.03564372658729553,0.03564372658729553,0.08987919986248016,0.08987919986248016,2.8005
3171,0.035622648894786835,0.035622648894786835,0.08975759893655777,0.08975759893655777,2.8022
3172,0.03560177609324455,0.03560177609324455,0.0897771343588829,0.0897771343588829,2.8029
3173,0.03558124601840973,0.03558124601840973,0.08978541195392609,0.08978541195392609,2.8036
3174,0.03556133434176445,0.03556133434176445,0.08961193263530731,0.08961193263530731,2.8042
3175,0.035540301352739334,0.035540301352739334,0.08960264921188354,0.08960264921188354,2.8057
3176,0.03552024066448212,0.03552024066448212,0.08963224291801453,0.08963224291801453,2.8064
3177,0.03549972176551819,0.03549972176551819,0.08950485289096832,0.08950485289096832,2.8071
3178,0.03547980263829231,0.03547980263829231,0.08945156633853912,0.08945156633853912,2.8078
3179,0.03545955941081047,0.03545955941081047,0.08955016732215881,0.08955016732215881,2.8086
3180,0.03544008731842041,0.03544008731842041,0.08950278908014297,0.08950278908014297,2.8094
3181,0.03542038053274155,0.03542038053274155,0.08937493711709976,0.08937493711709976,2.8101
3182,0.03540077060461044,0.03540077060461044,0.08941557258367538,0.08941557258367538,2.8108
3183,0.035381440073251724,0.035381440073251724,0.08933553099632263,0.08933553099632263,2.8115
3184,0.035362452268600464,0.035362452268600464,0.08917860686779022,0.08917860686779022,2.8122
3185,0.035342976450920105,0.035342976450920105,0.08933375030755997,0.08933375030755997,2.8129
3186,0.035323865711688995,0.035323865711688995,0.08918007463216782,0.08918007463216782,2.8135
3187,0.035305194556713104,0.035305194556713104,0.08915209770202637,0.08915209770202637,2.8142
3188,0.03528632968664169,0.03528632968664169,0.08923652023077011,0.08923652023077011,2.8149
3189,0.035266902297735214,0.035266902297735214,0.08909384161233902,0.08909384161233902,2.8156
3190,0.035247959196567535,0.035247959196567535,0.08905671536922455,0.08905671536922455,2.818
3191,0.03523074835538864,0.03523074835538864,0.08910851180553436,0.08910851180553436,2.8187
3192,0.03521141782402992,0.03521141782402992,0.0889485627412796,0.0889485627412796,2.8194
3193,0.0351923331618309,0.0351923331618309,0.08898431062698364,0.08898431062698364,2.82
3194,0.03517517074942589,0.03517517074942589,0.08908303081989288,0.08908303081989288,2.8207
3195,0.035156555473804474,0.035156555473804474,0.08888424932956696,0.08888424932956696,2.8213
3196,0.035137783735990524,0.035137783735990524,0.088919498026371,0.088919498026371,2.8222
3197,0.035119619220495224,0.035119619220495224,0.088969387114048,0.088969387114048,2.8229
3198,0.03510228171944618,0.03510228171944618,0.0887153297662735,0.0887153297662735,2.825
3199,0.03508331999182701,0.03508331999182701,0.08885008096694946,0.08885008096694946,2.8264
3200,0.03506540134549141,0.03506540134549141,0.08876457810401917,0.08876457810401917,2.8271
3201,0.03504781052470207,0.03504781052470207,0.08865205198526382,0.08865205198526382,2.8277
3202,0.0350298248231411,0.0350298248231411,0.08872553706169128,0.08872553706169128,2.8284
3203,0.03501245751976967,0.03501245751976967,0.08863364160060883,0.08863364160060883,2.829
3204,0.034994982182979584,0.034994982182979584,0.08850474655628204,0.08850474655628204,2.8296
3205,0.03497796505689621,0.03497796505689621,0.08862848579883575,0.08862848579883575,2.8303
3206,0.034960776567459106,0.034960776567459106,0.08860662579536438,0.08860662579536438,2.8309
3207,0.03494369611144066,0.03494369611144066,0.08844144642353058,0.08844144642353058,2.8315
3208,0.03492586687207222,0.03492586687207222,0.08853186666965485,0.08853186666965485,2.8322
3209,0.03490797430276871,0.03490797430276871,0.0884644091129303,0.0884644091129303,2.8329
3210,0.03489110618829727,0.03489110618829727,0.08828899264335632,0.08828899264335632,2.8335
3211,0.03487401083111763,0.03487401083111763,0.08829084783792496,0.08829084783792496,2.8342
3212,0.03485633432865143,0.03485633432865143,0.08829788863658905,0.08829788863658905,2.8348
3213,0.034839190542697906,0.034839190542697906,0.08824332058429718,0.08824332058429718,2.8354
3214,0.0348224900662899,0.0348224900662899,0.08821740001440048,0.08821740001440048,2.8361
3215,0.0348053053021431,0.0348053053021431,0.08821199834346771,0.08821199834346771,2.8367
3216,0.034788936376571655,0.034788936376571655,0.08812007308006287,0.08812007308006287,2.8374
3217,0.0347721166908741,0.0347721166908741,0.08818159252405167,0.08818159252405167,2.838
3218,0.03475511819124222,0.03475511819124222,0.08810403198003769,0.08810403198003769,2.8386
3219,0.03473882004618645,0.03473882004618645,0.08797858655452728,0.08797858655452728,2.8393
3220,0.03472248464822769,0.03472248464822769,0.0881117656826973,0.0881117656826973,2.8399
3221,0.03470569849014282,0.03470569849014282,0.08792028576135635,0.08792028576135635,2.8405
3222,0.034689269959926605,0.034689269959926605,0.08793876320123672,0.08793876320123672,2.8412
3223,0.03467288240790367,0.03467288240790367,0.08797822892665863,0.08797822892665863,2.8418
3224,0.034656018018722534,0.034656018018722534,0.08782351016998291,0.08782351016998291,2.8425
3225,0.034640468657016754,0.034640468657016754,0.08786182105541229,0.08786182105541229,2.8433
3226,0.034623704850673676,0.034623704850673676,0.08781690895557404,0.08781690895557404,2.844
3227,0.03460749238729477,0.03460749238729477,0.08775705844163895,0.08775705844163895,2.8447
3228,0.034591298550367355,0.034591298550367355,0.08782373368740082,0.08782373368740082,2.8453
3229,0.03457494080066681,0.03457494080066681,0.08772711455821991,0.08772711455821991,2.8459
3230,0.03455895930528641,0.03455895930528641,0.08768348395824432,0.08768348395824432,2.8465
3231,0.03454296663403511,0.03454296663403511,0.0876537412405014,0.0876537412405014,2.8472
3232,0.03452694043517113,0.03452694043517113,0.08764863759279251,0.08764863759279251,2.8478
3233,0.03451118990778923,0.03451118990778923,0.08755309879779816,0.08755309879779816,2.8485
3234,0.03449493274092674,0.03449493274092674,0.08750517666339874,0.08750517666339874,2.8492
3235,0.034479785710573196,0.034479785710573196,0.08761726319789886,0.08761726319789886,2.85
3236,0.03446396440267563,0.03446396440267563,0.08743052929639816,0.08743052929639816,2.8506
3237,0.03444774076342583,0.03444774076342583,0.0875018760561943,0.0875018760561943,2.8513
3238,0.03443240001797676,0.03443240001797676,0.0875006914138794,0.0875006914138794,2.8519
3239,0.034416865557432175,0.034416865557432175,0.08733208477497101,0.08733208477497101,2.8526
3240,0.034400831907987595,0.034400831907987595,0.08737573772668839,0.08737573772668839,2.8532
3241,0.03438613936305046,0.03438613936305046,0.08744657039642334,0.08744657039642334,2.8539
3242,0.034371159970760345,0.034371159970760345,0.08720610290765762,0.08720610290765762,2.8546
3243,0.03435470536351204,0.03435470536351204,0.08736971765756607,0.08736971765756607,2.8552
3244,0.034339141100645065,0.034339141100645065,0.0872994214296341,0.0872994214296341,2.8559
3245,0.034324761480093,0.034324761480093,0.08709140121936798,0.08709140121936798,2.8565
3246,0.034308649599552155,0.034308649599552155,0.08720942586660385,0.08720942586660385,2.8572
3247,0.03429315239191055,0.03429315239191055,0.08717551827430725,0.08717551827430725,2.8578
3248,0.03427831083536148,0.03427831083536148,0.08708111196756363,0.08708111196756363,2.8586
3249,0.034263450652360916,0.034263450652360916,0.08715032041072845,0.08715032041072845,2.8593
3250,0.03424740210175514,0.03424740210175514,0.08707538992166519,0.08707538992166519,2.8604
3251,0.03423326462507248,0.03423326462507248,0.08701898902654648,0.08701898902654648,2.8611
3252,0.03421827033162117,0.03421827033162117,0.08701106905937195,0.08701106905937195,2.8618
3253,0.03420224040746689,0.03420224040746689,0.08697348088026047,0.08697348088026047,2.8624
3254,0.034187525510787964,0.034187525510787964,0.08699121326208115,0.08699121326208115,2.8631
3255,0.034172456711530685,0.034172456711530685,0.08689914643764496,0.08689914643764496,2.8637
3256,0.034157849848270416,0.034157849848270416,0.08685176074504852,0.08685176074504852,2.8644
3257,0.03414291515946388,0.03414291515946388,0.08682665973901749,0.08682665973901749,2.8651
3258,0.034128639847040176,0.034128639847040176,0.08680360019207001,0.08680360019207001,2.8664
3259,0.03411391004920006,0.03411391004920006,0.08684264123439789,0.08684264123439789,2.8673
3260,0.034099142998456955,0.034099142998456955,0.08677525818347931,0.08677525818347931,2.8681
3261,0.034084253013134,0.034084253013134,0.08675407618284225,0.08675407618284225,2.8687
3262,0.0340704582631588,0.0340704582631588,0.08675315231084824,0.08675315231084824,2.8694
3263,0.034055616706609726,0.034055616706609726,0.08661825954914093,0.08661825954914093,2.87
3264,0.03404046595096588,0.03404046595096588,0.08666059374809265,0.08666059374809265,2.8706
3265,0.03402657434344292,0.03402657434344292,0.0866876095533371,0.0866876095533371,2.8712
3266,0.034012336283922195,0.034012336283922195,0.08651266247034073,0.08651266247034073,2.8719
3267,0.033997390419244766,0.033997390419244766,0.08657403290271759,0.08657403290271759,2.8725
3268,0.03398282453417778,0.03398282453417778,0.08649295568466187,0.08649295568466187,2.8731
3269,0.03396855667233467,0.03396855667233467,0.08647787570953369,0.08647787570953369,2.8738
3270,0.033954016864299774,0.033954016864299774,0.08644961565732956,0.08644961565732956,2.8745
3271,0.033939920365810394,0.033939920365810394,0.08649865537881851,0.08649865537881851,2.8752
3272,0.033926259726285934,0.033926259726285934,0.08637318760156631,0.08637318760156631,2.8761
3273,0.03391070291399956,0.03391070291399956,0.08648233115673065,0.08648233115673065,2.8768
3274,0.033864133059978485,0.033864133059978485,0.0865807831287384,0.0865807831287384,2.8774
3275,0.033809952437877655,0.033809952437877655,0.08652053773403168,0.08652053773403168,2.878
3276,0.03376356512308121,0.03376356512308121,0.08685270696878433,0.08685270696878433,2.8786
3277,0.03372352570295334,0.03372352570295334,0.0869571790099144,0.0869571790099144,2.8793
3278,0.033683549612760544,0.033683549612760544,0.08709374070167542,0.08709374070167542,2.8799
3279,0.033644746989011765,0.033644746989011765,0.08724286407232285,0.08724286407232285,2.8806
3280,0.033609725534915924,0.033609725534915924,0.0871773287653923,0.0871773287653923,2.8812
3281,0.033583395183086395,0.033583395183086395,0.08721382170915604,0.08721382170915604,2.882
3282,0.033563125878572464,0.033563125878572464,0.08720869570970535,0.08720869570970535,2.8828
3283,0.033544886857271194,0.033544886857271194,0.08711770921945572,0.08711770921945572,2.8836
3284,0.033524490892887115,0.033524490892887115,0.08716306835412979,0.08716306835412979,2.8842
3285,0.03350132703781128,0.03350132703781128,0.0871557667851448,0.0871557667851448,2.8849
3286,0.033477675169706345,0.033477675169706345,0.08714225143194199,0.08714225143194199,2.8855
3287,0.03345836326479912,0.03345836326479912,0.08717998117208481,0.08717998117208481,2.8861
3288,0.03343961387872696,0.03343961387872696,0.08725277334451675,0.08725277334451675,2.8868
3289,0.03342145308852196,0.03342145308852196,0.08720856159925461,0.08720856159925461,2.8874
3290,0.03340322524309158,0.03340322524309158,0.08717779815196991,0.08717779815196991,2.888
3291,0.033383868634700775,0.033383868634700775,0.08705113083124161,0.08705113083124161,2.8887
3292,0.03336514160037041,0.03336514160037041,0.08685468882322311,0.08685468882322311,2.8894
3293,0.03334774449467659,0.03334774449467659,0.08672364056110382,0.08672364056110382,2.8901
3294,0.03333275765180588,0.03333275765180588,0.08657009899616241,0.08657009899616241,2.8907
3295,0.03331722319126129,0.03331722319126129,0.08650784194469452,0.08650784194469452,2.8914
3296,0.03329993411898613,0.03329993411898613,0.08639780431985855,0.08639780431985855,2.8922
3297,0.03328152373433113,0.03328152373433113,0.08634594827890396,0.08634594827890396,2.893
3298,0.03326442465186119,0.03326442465186119,0.08631052821874619,0.08631052821874619,2.8937
3299,0.03324954956769943,0.03324954956769943,0.08620680123567581,0.08620680123567581,2.8944
3300,0.03323381394147873,0.03323381394147873,0.0860944539308548,0.0860944539308548,2.895
3301,0.033215414732694626,0.033215414732694626,0.08607365936040878,0.08607365936040878,2.8957
3302,0.03319769352674484,0.03319769352674484,0.08590502291917801,0.08590502291917801,2.8963
3303,0.03318203240633011,0.03318203240633011,0.08588173985481262,0.08588173985481262,2.897
3304,0.033166736364364624,0.033166736364364624,0.08576198667287827,0.08576198667287827,2.8977
3305,0.033150944858789444,0.033150944858789444,0.08568750321865082,0.08568750321865082,2.8984
3306,0.03313451260328293,0.03313451260328293,0.08571773767471313,0.08571773767471313,2.8992
3307,0.033119674772024155,0.033119674772024155,0.08564363420009613,0.08564363420009613,2.8999
3308,0.033105310052633286,0.033105310052633286,0.08561627566814423,0.08561627566814423,2.9005
3309,0.0330907478928566,0.0330907478928566,0.08568711578845978,0.08568711578845978,2.9012
3310,0.03307541459798813,0.03307541459798813,0.08557985723018646,0.08557985723018646,2.9018
3311,0.03305954858660698,0.03305954858660698,0.08559022843837738,0.08559022843837738,2.9026
3312,0.03304440528154373,0.03304440528154373,0.085574671626091,0.085574671626091,2.9033
3313,0.03303005173802376,0.03303005173802376,0.08550381660461426,0.08550381660461426,2.9039
3314,0.03301513195037842,0.03301513195037842,0.0854661837220192,0.0854661837220192,2.9045
3315,0.03300002962350845,0.03300002962350845,0.08542869985103607,0.08542869985103607,2.9052
3316,0.0329858772456646,0.0329858772456646,0.08536182343959808,0.08536182343959808,2.9058
3317,0.03297178074717522,0.03297178074717522,0.08532582223415375,0.08532582223415375,2.9065
3318,0.032957516610622406,0.032957516610622406,0.08536262810230255,0.08536262810230255,2.9071
3319,0.03294294327497482,0.03294294327497482,0.08529072254896164,0.08529072254896164,2.9081
3320,0.03292921185493469,0.03292921185493469,0.08535115420818329,0.08535115420818329,2.9088
3321,0.032915227115154266,0.032915227115154266,0.0852670818567276,0.0852670818567276,2.9098
3322,0.03290187194943428,0.03290187194943428,0.08523015677928925,0.08523015677928925,2.9105
3323,0.03288809210062027,0.03288809210062027,0.08519415557384491,0.08519415557384491,2.9112
3324,0.032874226570129395,0.032874226570129395,0.08516368269920349,0.08516368269920349,2.9119
3325,0.03286057338118553,0.03286057338118553,0.0851912721991539,0.0851912721991539,2.9125
3326,0.03284678980708122,0.03284678980708122,0.08510322868824005,0.08510322868824005,2.9132
3327,0.03283383697271347,0.03283383697271347,0.0850764662027359,0.0850764662027359,2.9138
3328,0.03282066434621811,0.03282066434621811,0.08512910455465317,0.08512910455465317,2.9148
3329,0.03280722349882126,0.03280722349882126,0.08498358726501465,0.08498358726501465,2.9157
3330,0.0327935591340065,0.0327935591340065,0.08498799055814743,0.08498799055814743,2.9164
3331,0.0327809676527977,0.0327809676527977,0.08503853529691696,0.08503853529691696,2.9171
3332,0.03276810795068741,0.03276810795068741,0.08493021875619888,0.08493021875619888,2.9177
3333,0.03275449946522713,0.03275449946522713,0.08492779731750488,0.08492779731750488,2.9184
3334,0.03274202719330788,0.03274202719330788,0.08488281816244125,0.08488281816244125,2.919
3335,0.032729554921388626,0.032729554921388626,0.08474649488925934,0.08474649488925934,2.9196
3336,0.032716475427150726,0.032716475427150726,0.08483602106571198,0.08483602106571198,2.9203
3337,0.03270276263356209,0.03270276263356209,0.08471235632896423,0.08471235632896423,2.9209
3338,0.03269084170460701,0.03269084170460701,0.08469667285680771,0.08469667285680771,2.9215
3339,0.03267893195152283,0.03267893195152283,0.08477166295051575,0.08477166295051575,2.9221
3340,0.032666247338056564,0.032666247338056564,0.08455289900302887,0.08455289900302887,2.9229
3341,0.03265303745865822,0.03265303745865822,0.08467362076044083,0.08467362076044083,2.9236
3342,0.03264053538441658,0.03264053538441658,0.08454804122447968,0.08454804122447968,2.9243
3343,0.0326283797621727,0.0326283797621727,0.08443089574575424,0.08443089574575424,2.925
3344,0.03261551633477211,0.03261551633477211,0.0845608115196228,0.0845608115196228,2.9257
3345,0.032602984458208084,0.032602984458208084,0.08433594554662704,0.08433594554662704,2.9263
3346,0.03259054198861122,0.03259054198861122,0.08443266898393631,0.08443266898393631,2.927
3347,0.03257758542895317,0.03257758542895317,0.08436137437820435,0.08436137437820435,2.9277
3348,0.03256547823548317,0.03256547823548317,0.08425434678792953,0.08425434678792953,2.9284
3349,0.03255314379930496,0.03255314379930496,0.08430743217468262,0.08430743217468262,2.929
3350,0.03254060447216034,0.03254060447216034,0.08420781046152115,0.08420781046152115,2.9298
3351,0.03252873569726944,0.03252873569726944,0.08420023322105408,0.08420023322105408,2.9308
3352,0.03251701220870018,0.03251701220870018,0.08426983654499054,0.08426983654499054,2.9317
3353,0.032504744827747345,0.032504744827747345,0.08409711718559265,0.08409711718559265,2.9326
3354,0.03249260038137436,0.03249260038137436,0.08418450504541397,0.08418450504541397,2.9334
3355,0.03248028829693794,0.03248028829693794,0.08402920514345169,0.08402920514345169,2.9341
3356,0.032467883080244064,0.032467883080244064,0.08402816206216812,0.08402816206216812,2.9348
3357,0.03245645388960838,0.03245645388960838,0.08406441658735275,0.08406441658735275,2.9354
3358,0.03244565427303314,0.03244565427303314,0.08384166657924652,0.08384166657924652,2.9361
3359,0.03243369981646538,0.03243369981646538,0.08406876027584076,0.08406876027584076,2.9368
3360,0.032420821487903595,0.032420821487903595,0.08383200317621231,0.08383200317621231,2.9374
3361,0.03240882232785225,0.03240882232785225,0.0838281512260437,0.0838281512260437,2.9381
3362,0.03239727392792702,0.03239727392792702,0.08394607156515121,0.08394607156515121,2.9387
3363,0.032387010753154755,0.032387010753154755,0.08371642976999283,0.08371642976999283,2.9395
3364,0.03237514942884445,0.03237514942884445,0.08393075317144394,0.08393075317144394,2.9402
3365,0.03236266225576401,0.03236266225576401,0.08374428749084473,0.08374428749084473,2.9409
3366,0.032350506633520126,0.032350506633520126,0.08370092511177063,0.08370092511177063,2.9417
3367,0.03234028071165085,0.03234028071165085,0.08378250151872635,0.08378250151872635,2.9425
3368,0.03232930600643158,0.03232930600643158,0.08350642025470734,0.08350642025470734,2.9433
3369,0.03231704607605934,0.03231704607605934,0.08371947705745697,0.08371947705745697,2.9439
3370,0.03230429068207741,0.03230429068207741,0.08354640007019043,0.08354640007019043,2.9446
3371,0.0322936475276947,0.0322936475276947,0.0835113674402237,0.0835113674402237,2.9452
3372,0.03228385001420975,0.03228385001420975,0.08367296308279037,0.08367296308279037,2.9459
3373,0.03227227181196213,0.03227227181196213,0.08338329941034317,0.08338329941034317,2.9466
3374,0.03225932642817497,0.03225932642817497,0.08359337598085403,0.08359337598085403,2.9473
3375,0.03224736824631691,0.03224736824631691,0.08345239609479904,0.08345239609479904,2.948
3376,0.03223750740289688,0.03223750740289688,0.08332636207342148,0.08332636207342148,2.9487
3377,0.03222683072090149,0.03222683072090149,0.08350430428981781,0.08350430428981781,2.9495
3378,0.03221432864665985,0.03221432864665985,0.08325085788965225,0.08325085788965225,2.9502
3379,0.03220250457525253,0.03220250457525253,0.08342842757701874,0.08342842757701874,2.9509
3380,0.03219137340784073,0.03219137340784073,0.08330219984054565,0.08330219984054565,2.9515
3381,0.03218040615320206,0.03218040615320206,0.08317869901657104,0.08317869901657104,2.9522
3382,0.03217104822397232,0.03217104822397232,0.08338163793087006,0.08338163793087006,2.9528
3383,0.03216028958559036,0.03216028958559036,0.08300690352916718,0.08300690352916718,2.9535
3384,0.03214721009135246,0.03214721009135246,0.08329333364963531,0.08329333364963531,2.9542
3385,0.03213540092110634,0.03213540092110634,0.08318644762039185,0.08318644762039185,2.955
3386,0.03212524577975273,0.03212524577975273,0.08305846154689789,0.08305846154689789,2.9557
3387,0.03211437910795212,0.03211437910795212,0.0832245796918869,0.0832245796918869,2.9564
3388,0.032103266566991806,0.032103266566991806,0.08297399431467056,0.08297399431467056,2.9571
3389,0.03209122270345688,0.03209122270345688,0.08308473229408264,0.08308473229408264,2.9579
3390,0.03208111226558685,0.03208111226558685,0.08303586393594742,0.08303586393594742,2.9588
3391,0.032070357352495193,0.032070357352495193,0.08284509181976318,0.08284509181976318,2.9596
3392,0.032059572637081146,0.032059572637081146,0.08306257426738739,0.08306257426738739,2.9602
3393,0.03204857558012009,0.03204857558012009,0.08276762068271637,0.08276762068271637,2.9609
3394,0.03203653544187546,0.03203653544187546,0.08294945955276489,0.08294945955276489,2.9616
3395,0.032024770975112915,0.032024770975112915,0.08282399922609329,0.08282399922609329,2.9623
3396,0.0320146270096302,0.0320146270096302,0.08268110454082489,0.08268110454082489,2.9629
3397,0.03200371935963631,0.03200371935963631,0.08284256607294083,0.08284256607294083,2.9636
3398,0.031993601471185684,0.031993601471185684,0.08256740868091583,0.08256740868091583,2.9643
3399,0.03198178485035896,0.03198178485035896,0.08274628967046738,0.08274628967046738,2.9652
3400,0.03196985647082329,0.03196985647082329,0.08261801302433014,0.08261801302433014,2.966
3401,0.031959861516952515,0.031959861516952515,0.08250824362039566,0.08250824362039566,2.9667
3402,0.03194941207766533,0.03194941207766533,0.0826665610074997,0.0826665610074997,2.9674
3403,0.03193804994225502,0.03193804994225502,0.08246193826198578,0.08246193826198578,2.9682
3404,0.03192659467458725,0.03192659467458725,0.08252210915088654,0.08252210915088654,2.9689
3405,0.031916238367557526,0.031916238367557526,0.08249284327030182,0.08249284327030182,2.9696
3406,0.031905222684144974,0.031905222684144974,0.08238611370325089,0.08238611370325089,2.9708
3407,0.03189457952976227,0.03189457952976227,0.08245079219341278,0.08245079219341278,2.9714
3408,0.03188399225473404,0.03188399225473404,0.08236443996429443,0.08236443996429443,2.9721
3409,0.03187284991145134,0.03187284991145134,0.08232475817203522,0.08232475817203522,2.9727
3410,0.03186247870326042,0.03186247870326042,0.08235090970993042,0.08235090970993042,2.9734
3411,0.031851571053266525,0.031851571053266525,0.08229236304759979,0.08229236304759979,2.974
3412,0.03184113651514053,0.03184113651514053,0.08232484757900238,0.08232484757900238,2.9747
3413,0.031830623745918274,0.031830623745918274,0.08219914138317108,0.08219914138317108,2.9754
3414,0.03182085230946541,0.03182085230946541,0.08230887353420258,0.08230887353420258,2.9761
3415,0.03181009739637375,0.03181009739637375,0.0821429118514061,0.0821429118514061,2.9768
3416,0.031799621880054474,0.031799621880054474,0.08225741982460022,0.08225741982460022,2.9774
3417,0.03178919106721878,0.03178919106721878,0.08209128677845001,0.08209128677845001,2.978
3418,0.031778734177351,0.031778734177351,0.08216869086027145,0.08216869086027145,2.9787
3419,0.03176850453019142,0.03176850453019142,0.08202346414327621,0.08202346414327621,2.9794
3420,0.03175843879580498,0.03175843879580498,0.0820883959531784,0.0820883959531784,2.9801
3421,0.031748078763484955,0.031748078763484955,0.08197717368602753,0.08197717368602753,2.9807
3422,0.03173743188381195,0.03173743188381195,0.08201001584529877,0.08201001584529877,2.9814
3423,0.031727567315101624,0.031727567315101624,0.08198465406894684,0.08198465406894684,2.9821
3424,0.03171734884381294,0.03171734884381294,0.08194868266582489,0.08194868266582489,2.9829
3425,0.031706552952528,0.031706552952528,0.08193124085664749,0.08193124085664749,2.9838
3426,0.03169732168316841,0.03169732168316841,0.08189253509044647,0.08189253509044647,2.9845
3427,0.031686972826719284,0.031686972826719284,0.0818120688199997,0.0818120688199997,2.9852
3428,0.03167681396007538,0.03167681396007538,0.08186118304729462,0.08186118304729462,2.9858
3429,0.03166627883911133,0.03166627883911133,0.08172674477100372,0.08172674477100372,2.9865
3430,0.03165649622678757,0.03165649622678757,0.08179036527872086,0.08179036527872086,2.9872
3431,0.031647227704524994,0.031647227704524994,0.08177755773067474,0.08177755773067474,2.9878
3432,0.03163706138730049,0.03163706138730049,0.08162938058376312,0.08162938058376312,2.9885
3433,0.031626541167497635,0.031626541167497635,0.08173052966594696,0.08173052966594696,2.9892
3434,0.03161667659878731,0.03161667659878731,0.08152671158313751,0.08152671158313751,2.99
3435,0.03160630911588669,0.03160630911588669,0.08165137469768524,0.08165137469768524,2.9908
3436,0.031596336513757706,0.031596336513757706,0.08157026767730713,0.08157026767730713,2.9915
3437,0.031586550176143646,0.031586550176143646,0.08154352754354477,0.08154352754354477,2.9923
3438,0.031576525419950485,0.031576525419950485,0.08157254755496979,0.08157254755496979,2.993
3439,0.03156743571162224,0.03156743571162224,0.08137945830821991,0.08137945830821991,2.9937
3440,0.03155844286084175,0.03155844286084175,0.08157360553741455,0.08157360553741455,2.9943
3441,0.031548939645290375,0.031548939645290375,0.08128166943788528,0.08128166943788528,2.995
3442,0.03153744712471962,0.03153744712471962,0.08146149665117264,0.08146149665117264,2.9958
3443,0.03152833506464958,0.03152833506464958,0.08138975501060486,0.08138975501060486,2.9965
3444,0.03151879459619522,0.03151879459619522,0.08133256435394287,0.08133256435394287,2.9972
3445,0.031509097665548325,0.031509097665548325,0.08142182230949402,0.08142182230949402,2.9978
3446,0.031499311327934265,0.031499311327934265,0.08122852444648743,0.08122852444648743,2.9985
3447,0.031489722430706024,0.031489722430706024,0.081259585916996,0.081259585916996,2.9993
3448,0.03147964924573898,0.03147964924573898,0.08122281730175018,0.08122281730175018,2.9999
3449,0.03147009015083313,0.03147009015083313,0.08112342655658722,0.08112342655658722,3.0006
3450,0.031460952013731,0.031460952013731,0.08126205950975418,0.08126205950975418,3.0012
3451,0.03145235776901245,0.03145235776901245,0.08103430271148682,0.08103430271148682,3.0019
3452,0.0314423106610775,0.0314423106610775,0.0812452882528305,0.0812452882528305,3.0025
3453,0.03143221139907837,0.03143221139907837,0.08101997524499893,0.08101997524499893,3.0032
3454,0.03142249584197998,0.03142249584197998,0.08104705810546875,0.08104705810546875,3.0038
3455,0.031413763761520386,0.031413763761520386,0.08112071454524994,0.08112071454524994,3.0045
3456,0.03140493109822273,0.03140493109822273,0.08088447153568268,0.08088447153568268,3.0055
3457,0.031396545469760895,0.031396545469760895,0.0811736136674881,0.0811736136674881,3.0061
3458,0.03138827905058861,0.03138827905058861,0.08078150451183319,0.08078150451183319,3.007
3459,0.03137791156768799,0.03137791156768799,0.08109968900680542,0.08109968900680542,3.0076
3460,0.03136644512414932,0.03136644512414932,0.08082325756549835,0.08082325756549835,3.0083
3461,0.0313572995364666,0.0313572995364666,0.0808362364768982,0.0808362364768982,3.009
3462,0.03134877234697342,0.03134877234697342,0.08088453114032745,0.08088453114032745,3.0096
3463,0.03134002536535263,0.03134002536535263,0.08068601787090302,0.08068601787090302,3.0103
3464,0.03133070841431618,0.03133070841431618,0.08088526874780655,0.08088526874780655,3.0109
3465,0.03132043406367302,0.03132043406367302,0.08067668974399567,0.08067668974399567,3.0116
3466,0.031310997903347015,0.031310997903347015,0.08077837526798248,0.08077837526798248,3.0123
3467,0.031302180141210556,0.031302180141210556,0.08077086508274078,0.08077086508274078,3.0129
3468,0.0312931202352047,0.0312931202352047,0.08061128109693527,0.08061128109693527,3.0135
3469,0.031284548342227936,0.031284548342227936,0.08078105002641678,0.08078105002641678,3.0142
3470,0.03127555176615715,0.03127555176615715,0.08049895614385605,0.08049895614385605,3.0148
3471,0.031265851110219955,0.031265851110219955,0.08069262653589249,0.08069262653589249,3.0155
3472,0.03125680983066559,0.03125680983066559,0.08053016662597656,0.08053016662597656,3.0162
3473,0.03124755620956421,0.03124755620956421,0.08057968318462372,0.08057968318462372,3.0169
3474,0.03123837150633335,0.03123837150633335,0.08057521283626556,0.08057521283626556,3.0175
3475,0.031229590997099876,0.031229590997099876,0.08046165853738785,0.08046165853738785,3.0182
3476,0.031220626085996628,0.031220626085996628,0.08050160109996796,0.08050160109996796,3.0188
3477,0.03121163323521614,0.03121163323521614,0.08039803802967072,0.08039803802967072,3.0195
3478,0.031202197074890137,0.031202197074890137,0.08040543645620346,0.08040543645620346,3.0201
3479,0.031193170696496964,0.031193170696496964,0.08041735738515854,0.08041735738515854,3.0207
3480,0.031184732913970947,0.031184732913970947,0.08039935678243637,0.08039935678243637,3.0214
3481,0.031175320968031883,0.031175320968031883,0.08035480976104736,0.08035480976104736,3.022
3482,0.031166275963187218,0.031166275963187218,0.08030078560113907,0.08030078560113907,3.023
3483,0.031158167868852615,0.031158167868852615,0.08035095036029816,0.08035095036029816,3.0237
3484,0.0311497300863266,0.0311497300863266,0.08018026500940323,0.08018026500940323,3.0245
3485,0.031141048297286034,0.031141048297286034,0.0803455114364624,0.0803455114364624,3.0251
3486,0.03113226220011711,0.03113226220011711,0.08015231043100357,0.08015231043100357,3.0258
3487,0.03112359344959259,0.03112359344959259,0.0802937000989914,0.0802937000989914,3.0265
3488,0.03111405298113823,0.03111405298113823,0.08015723526477814,0.08015723526477814,3.0271
3489,0.031105410307645798,0.031105410307645798,0.0801781415939331,0.0801781415939331,3.0277
3490,0.031096745282411575,0.031096745282411575,0.0801222175359726,0.0801222175359726,3.0285
3491,0.031087899580597878,0.031087899580597878,0.0800667256116867,0.0800667256116867,3.0291
3492,0.031079208478331566,0.031079208478331566,0.08008508384227753,0.08008508384227753,3.0298
3493,0.03107038140296936,0.03107038140296936,0.08004209399223328,0.08004209399223328,3.0304
3494,0.03106197714805603,0.03106197714805603,0.0800037682056427,0.0800037682056427,3.0311
3495,0.031053921207785606,0.031053921207785606,0.08009310811758041,0.08009310811758041,3.0318
3496,0.0310456994920969,0.0310456994920969,0.07986581325531006,0.07986581325531006,3.0325
3497,0.03103705123066902,0.03103705123066902,0.08006404340267181,0.08006404340267181,3.0334
3498,0.03102751448750496,0.03102751448750496,0.07988568395376205,0.07988568395376205,3.0344
3499,0.03101927414536476,0.03101927414536476,0.07993478327989578,0.07993478327989578,3.0358
3500,0.031010890379548073,0.031010890379548073,0.0798957571387291,0.0798957571387291,3.0364
3501,0.031002193689346313,0.031002193689346313,0.07982011884450912,0.07982011884450912,3.0371
3502,0.03099425509572029,0.03099425509572029,0.0798846110701561,0.0798846110701561,3.0377
3503,0.03098558448255062,0.03098558448255062,0.07980847358703613,0.07980847358703613,3.0384
3504,0.03097688779234886,0.03097688779234886,0.07982499897480011,0.07982499897480011,3.0391
3505,0.03096885420382023,0.03096885420382023,0.07981183379888535,0.07981183379888535,3.0397
3506,0.030961111187934875,0.030961111187934875,0.07964764535427094,0.07964764535427094,3.0404
3507,0.030953416600823402,0.030953416600823402,0.07979045808315277,0.07979045808315277,3.041
3508,0.03094438649713993,0.03094438649713993,0.07958296686410904,0.07958296686410904,3.0417
3509,0.03093549981713295,0.03093549981713295,0.07975611835718155,0.07975611835718155,3.0425
3510,0.03092777170240879,0.03092777170240879,0.07962743937969208,0.07962743937969208,3.0433
3511,0.030919428914785385,0.030919428914785385,0.079670749604702,0.079670749604702,3.0442
3512,0.030910780653357506,0.030910780653357506,0.07961985468864441,0.07961985468864441,3.0449
3513,0.030901595950126648,0.030901595950126648,0.07957424223423004,0.07957424223423004,3.0455
3514,0.030894190073013306,0.030894190073013306,0.07962369918823242,0.07962369918823242,3.0462
3515,0.03088713251054287,0.03088713251054287,0.07947395741939545,0.07947395741939545,3.0469
3516,0.030878618359565735,0.030878618359565735,0.07956427335739136,0.07956427335739136,3.0476
3517,0.03086971864104271,0.03086971864104271,0.07944391667842865,0.07944391667842865,3.0482
3518,0.030860772356390953,0.030860772356390953,0.07948829978704453,0.07948829978704453,3.0489
3519,0.0308530293405056,0.0308530293405056,0.07946936786174774,0.07946936786174774,3.0497
3520,0.03084510564804077,0.03084510564804077,0.07944454252719879,0.07944454252719879,3.0504
3521,0.030836492776870728,0.030836492776870728,0.07941241562366486,0.07941241562366486,3.0512
3522,0.03082834556698799,0.03082834556698799,0.0793740376830101,0.0793740376830101,3.0519
3523,0.030820408836007118,0.030820408836007118,0.079337939620018,0.079337939620018,3.0525
3524,0.030812356621026993,0.030812356621026993,0.07937799394130707,0.07937799394130707,3.0532
3525,0.03080410696566105,0.03080410696566105,0.0792834535241127,0.0792834535241127,3.0538
3526,0.03079582192003727,0.03079582192003727,0.07934236526489258,0.07934236526489258,3.0544
3527,0.03078782558441162,0.03078782558441162,0.0792536586523056,0.0792536586523056,3.055
3528,0.030779335647821426,0.030779335647821426,0.07924394309520721,0.07924394309520721,3.0557
3529,0.030771318823099136,0.030771318823099136,0.07921521365642548,0.07921521365642548,3.0563
3530,0.03076372668147087,0.03076372668147087,0.07920783758163452,0.07920783758163452,3.0569
3531,0.030755553394556046,0.030755553394556046,0.07921912521123886,0.07921912521123886,3.0576
3532,0.030747756361961365,0.030747756361961365,0.07915713638067245,0.07915713638067245,3.0583
3533,0.030740048736333847,0.030740048736333847,0.0791640654206276,0.0791640654206276,3.059
3534,0.030731966719031334,0.030731966719031334,0.07915345579385757,0.07915345579385757,3.0597
3535,0.030724475160241127,0.030724475160241127,0.07910027354955673,0.07910027354955673,3.0604
3536,0.03071681782603264,0.03071681782603264,0.07916947454214096,0.07916947454214096,3.0611
3537,0.030708635225892067,0.030708635225892067,0.07900246232748032,0.07900246232748032,3.0618
3538,0.030700668692588806,0.030700668692588806,0.07906590402126312,0.07906590402126312,3.0625
3539,0.030692631378769875,0.030692631378769875,0.07896898686885834,0.07896898686885834,3.0631
3540,0.03068479523062706,0.03068479523062706,0.0789858028292656,0.0789858028292656,3.0637
3541,0.030677232891321182,0.030677232891321182,0.0790388211607933,0.0790388211607933,3.0644
3542,0.030669867992401123,0.030669867992401123,0.07889151573181152,0.07889151573181152,3.065
3543,0.03066178783774376,0.03066178783774376,0.0790003314614296,0.0790003314614296,3.0657
3544,0.030653947964310646,0.030653947964310646,0.07884751260280609,0.07884751260280609,3.0665
3545,0.03064606711268425,0.03064606711268425,0.07892011851072311,0.07892011851072311,3.0672
3546,0.030638346448540688,0.030638346448540688,0.07890695333480835,0.07890695333480835,3.068
3547,0.03063075616955757,0.03063075616955757,0.07882428169250488,0.07882428169250488,3.0687
3548,0.03062290884554386,0.03062290884554386,0.07886680215597153,0.07886680215597153,3.0693
3549,0.030615616589784622,0.030615616589784622,0.07877758890390396,0.07877758890390396,3.07
3550,0.030607551336288452,0.030607551336288452,0.07884705811738968,0.07884705811738968,3.0706
3551,0.03060014173388481,0.03060014173388481,0.07872186601161957,0.07872186601161957,3.0713
3552,0.030593013390898705,0.030593013390898705,0.07882754504680634,0.07882754504680634,3.0719
3553,0.030584897845983505,0.030584897845983505,0.07867447286844254,0.07867447286844254,3.0725
3554,0.030577197670936584,0.030577197670936584,0.07870759814977646,0.07870759814977646,3.0732
3555,0.030569449067115784,0.030569449067115784,0.07864478975534439,0.07864478975534439,3.0738
3556,0.03056192956864834,0.03056192956864834,0.07866842299699783,0.07866842299699783,3.0745
3557,0.030554091557860374,0.030554091557860374,0.07864917069673538,0.07864917069673538,3.0752
3558,0.030546611174941063,0.030546611174941063,0.07864352315664291,0.07864352315664291,3.076
3559,0.030539315193891525,0.030539315193891525,0.07856468856334686,0.07856468856334686,3.0769
3560,0.030532091856002808,0.030532091856002808,0.07867413759231567,0.07867413759231567,3.0776
3561,0.03052515722811222,0.03052515722811222,0.07845435291528702,0.07845435291528702,3.0783
3562,0.030517926439642906,0.030517926439642906,0.07868547737598419,0.07868547737598419,3.0789
3563,0.030511584132909775,0.030511584132909775,0.07838590443134308,0.07838590443134308,3.0796
3564,0.030504366382956505,0.030504366382956505,0.07868258655071259,0.07868258655071259,3.0802
3565,0.03049619495868683,0.03049619495868683,0.07834707945585251,0.07834707945585251,3.0808
3566,0.030489331111311913,0.030489331111311913,0.07861340790987015,0.07861340790987015,3.0815
3567,0.030481543391942978,0.030481543391942978,0.0783066600561142,0.0783066600561142,3.0822
3568,0.03047376498579979,0.03047376498579979,0.07854341715574265,0.07854341715574265,3.0829
3569,0.03046550415456295,0.03046550415456295,0.07831496000289917,0.07831496000289917,3.0835
3570,0.030457470566034317,0.030457470566034317,0.07845494896173477,0.07845494896173477,3.0841
3571,0.03045005165040493,0.03045005165040493,0.07838974893093109,0.07838974893093109,3.0848
3572,0.030442556366324425,0.030442556366324425,0.0782986730337143,0.0782986730337143,3.0854
3573,0.030435454100370407,0.030435454100370407,0.07836707681417465,0.07836707681417465,3.086
3574,0.030428137630224228,0.030428137630224228,0.0782400518655777,0.0782400518655777,3.0867
3575,0.030421296134591103,0.030421296134591103,0.07838581502437592,0.07838581502437592,3.0873
3576,0.030414361506700516,0.030414361506700516,0.07817232608795166,0.07817232608795166,3.0879
3577,0.030406977981328964,0.030406977981328964,0.07837103307247162,0.07837103307247162,3.0886
3578,0.030400266870856285,0.030400266870856285,0.07811915874481201,0.07811915874481201,3.0892
3579,0.030392706394195557,0.030392706394195557,0.0783337727189064,0.0783337727189064,3.0899
3580,0.030384819954633713,0.030384819954633713,0.07811085879802704,0.07811085879802704,3.0905
3581,0.030378147959709167,0.030378147959709167,0.07825575023889542,0.07825575023889542,3.0912
3582,0.03037114068865776,0.03037114068865776,0.07806611806154251,0.07806611806154251,3.0919
3583,0.03036375716328621,0.03036375716328621,0.07817567884922028,0.07817567884922028,3.093
3584,0.030355971306562424,0.030355971306562424,0.0780801773071289,0.0780801773071289,3.0937
3585,0.030348647385835648,0.030348647385835648,0.07811638712882996,0.07811638712882996,3.0944
3586,0.030342048034071922,0.030342048034071922,0.07809526473283768,0.07809526473283768,3.0951
3587,0.03033500351011753,0.03033500351011753,0.0780516117811203,0.0780516117811203,3.0958
3588,0.030327528715133667,0.030327528715133667,0.07804565131664276,0.07804565131664276,3.0964
3589,0.03031979873776436,0.03031979873776436,0.07801944017410278,0.07801944017410278,3.0971
3590,0.030313486233353615,0.030313486233353615,0.07800106704235077,0.07800106704235077,3.098
3591,0.030306220054626465,0.030306220054626465,0.07800273597240448,0.07800273597240448,3.0988
3592,0.030298884958028793,0.030298884958028793,0.07792756706476212,0.07792756706476212,3.0995
3593,0.030291682109236717,0.030291682109236717,0.07796712964773178,0.07796712964773178,3.1002
3594,0.03028457798063755,0.03028457798063755,0.07790814340114594,0.07790814340114594,3.1009
3595,0.03027789294719696,0.03027789294719696,0.07792165130376816,0.07792165130376816,3.1016
3596,0.030270811170339584,0.030270811170339584,0.07785844057798386,0.07785844057798386,3.1022
3597,0.030263826251029968,0.030263826251029968,0.07789109647274017,0.07789109647274017,3.1032
3598,0.03025667741894722,0.03025667741894722,0.07782380282878876,0.07782380282878876,3.104
3599,0.030249902978539467,0.030249902978539467,0.07791562378406525,0.07791562378406525,3.1047
3600,0.030243385583162308,0.030243385583162308,0.07775738090276718,0.07775738090276718,3.1054
3601,0.03023710288107395,0.03023710288107395,0.07794521749019623,0.07794521749019623,3.1061
3602,0.030231013894081116,0.030231013894081116,0.07763145864009857,0.07763145864009857,3.1068
3603,0.030226245522499084,0.030226245522499084,0.07798045873641968,0.07798045873641968,3.1074
3604,0.030221030116081238,0.030221030116081238,0.07750809192657471,0.07750809192657471,3.1081
3605,0.030214611440896988,0.030214611440896988,0.07799896597862244,0.07799896597862244,3.1089
3606,0.030208289623260498,0.030208289623260498,0.07743073999881744,0.07743073999881744,3.1098
3607,0.030201613903045654,0.030201613903045654,0.07796324789524078,0.07796324789524078,3.1106
3608,0.03019542060792446,0.03019542060792446,0.07739105075597763,0.07739105075597763,3.1113
3609,0.030188698321580887,0.030188698321580887,0.07796772569417953,0.07796772569417953,3.112
3610,0.03018150106072426,0.03018150106072426,0.07735863327980042,0.07735863327980042,3.1126
3611,0.030175045132637024,0.030175045132637024,0.07791172713041306,0.07791172713041306,3.1133
3612,0.030167225748300552,0.030167225748300552,0.07732435315847397,0.07732435315847397,3.114
3613,0.03015858493745327,0.03015858493745327,0.07780089974403381,0.07780089974403381,3.1146
3614,0.030149543657898903,0.030149543657898903,0.0773722380399704,0.0773722380399704,3.1154
3615,0.030140835791826248,0.030140835791826248,0.07765130698680878,0.07765130698680878,3.1164
3616,0.030134161934256554,0.030134161934256554,0.07745911180973053,0.07745911180973053,3.1172
3617,0.0301271490752697,0.0301271490752697,0.07753674685955048,0.07753674685955048,3.1179
3618,0.030120009556412697,0.030120009556412697,0.07753337919712067,0.07753337919712067,3.1186
3619,0.030113359913229942,0.030113359913229942,0.07744292914867401,0.07744292914867401,3.1194
3620,0.030107388272881508,0.030107388272881508,0.0775473490357399,0.0775473490357399,3.1201
3621,0.030101250857114792,0.030101250857114792,0.07734425365924835,0.07734425365924835,3.1208
3622,0.03009486198425293,0.03009486198425293,0.07754059135913849,0.07754059135913849,3.1215
3623,0.03008819743990898,0.03008819743990898,0.07728109508752823,0.07728109508752823,3.1222
3624,0.030081357806921005,0.030081357806921005,0.07748819887638092,0.07748819887638092,3.1232
3625,0.030074212700128555,0.030074212700128555,0.0772344246506691,0.0772344246506691,3.124
3626,0.030067723244428635,0.030067723244428635,0.077407106757164,0.077407106757164,3.1266
3627,0.030060524120926857,0.030060524120926857,0.07729504257440567,0.07729504257440567,3.1282
3628,0.030053317546844482,0.030053317546844482,0.077345110476017,0.077345110476017,3.1293
3629,0.030046934261918068,0.030046934261918068,0.07735931873321533,0.07735931873321533,3.1302
3630,0.030041098594665527,0.030041098594665527,0.07721972465515137,0.07721972465515137,3.1311
3631,0.03003515861928463,0.03003515861928463,0.07738278806209564,0.07738278806209564,3.1333
3632,0.030028969049453735,0.030028969049453735,0.07711563259363174,0.07711563259363174,3.1352
3633,0.03002217411994934,0.03002217411994934,0.07736066728830338,0.07736066728830338,3.1361
3634,0.030015623196959496,0.030015623196959496,0.07705631107091904,0.07705631107091904,3.1368
3635,0.030009711161255836,0.030009711161255836,0.07733992487192154,0.07733992487192154,3.1378
3636,0.030003542080521584,0.030003542080521584,0.0769968032836914,0.0769968032836914,3.1387
3637,0.02999751642346382,0.02999751642346382,0.07734234631061554,0.07734234631061554,3.1396
3638,0.029991650953888893,0.029991650953888893,0.07698279619216919,0.07698279619216919,3.1405
3639,0.02998504601418972,0.02998504601418972,0.07733064889907837,0.07733064889907837,3.1419
3640,0.029977789148688316,0.029977789148688316,0.07695331424474716,0.07695331424474716,3.1434
3641,0.029970455914735794,0.029970455914735794,0.07721253484487534,0.07721253484487534,3.1441
3642,0.029963001608848572,0.029963001608848572,0.07694250345230103,0.07694250345230103,3.1448
3643,0.02995646558701992,0.02995646558701992,0.07713644951581955,0.07713644951581955,3.1455
3644,0.029950100928544998,0.029950100928544998,0.0769205391407013,0.0769205391407013,3.1509
3645,0.029944106936454773,0.029944106936454773,0.07710721343755722,0.07710721343755722,3.1523
3646,0.029938146471977234,0.029938146471977234,0.0768548846244812,0.0768548846244812,3.153
3647,0.029932260513305664,0.029932260513305664,0.07714714109897614,0.07714714109897614,3.1537
3648,0.029927024617791176,0.029927024617791176,0.07679517567157745,0.07679517567157745,3.1543
3649,0.029921192675828934,0.029921192675828934,0.07717590034008026,0.07717590034008026,3.155
3650,0.02991572394967079,0.02991572394967079,0.07673957943916321,0.07673957943916321,3.1556
3651,0.02990962564945221,0.02990962564945221,0.07715937495231628,0.07715937495231628,3.1563
3652,0.029902631416916847,0.029902631416916847,0.07669881731271744,0.07669881731271744,3.1569
3653,0.029897356405854225,0.029897356405854225,0.0771065205335617,0.0771065205335617,3.1576
3654,0.0298907570540905,0.0298907570540905,0.07665471732616425,0.07665471732616425,3.1582
3655,0.029884066432714462,0.029884066432714462,0.07703932374715805,0.07703932374715805,3.1589
3656,0.02987672947347164,0.02987672947347164,0.07666586339473724,0.07666586339473724,3.1598
3657,0.02986939810216427,0.02986939810216427,0.07696238905191422,0.07696238905191422,3.1605
3658,0.02986196242272854,0.02986196242272854,0.07670698314905167,0.07670698314905167,3.1612
3659,0.029854770749807358,0.029854770749807358,0.07683175802230835,0.07683175802230835,3.1618
3660,0.029848773032426834,0.029848773032426834,0.07674408704042435,0.07674408704042435,3.1625
3661,0.02984238788485527,0.02984238788485527,0.07677364349365234,0.07677364349365234,3.1631
3662,0.02983582578599453,0.02983582578599453,0.07678578794002533,0.07678578794002533,3.1638
3663,0.029829546809196472,0.029829546809196472,0.07671238481998444,0.07671238481998444,3.1645
3664,0.029823962599039078,0.029823962599039078,0.07673723250627518,0.07673723250627518,3.1653
3665,0.029817868024110794,0.029817868024110794,0.07664038240909576,0.07664038240909576,3.1661
3666,0.02981097437441349,0.02981097437441349,0.07669468969106674,0.07669468969106674,3.1667
3667,0.029804695397615433,0.029804695397615433,0.0766150951385498,0.0766150951385498,3.1674
3668,0.029798757284879684,0.029798757284879684,0.07665245234966278,0.07665245234966278,3.168
3669,0.0297926627099514,0.0297926627099514,0.0766228660941124,0.0766228660941124,3.1687
3670,0.029786109924316406,0.029786109924316406,0.07658790051937103,0.07658790051937103,3.1694
3671,0.029780399054288864,0.029780399054288864,0.07664494216442108,0.07664494216442108,3.17
3672,0.029774880036711693,0.029774880036711693,0.07652126252651215,0.07652126252651215,3.1714
3673,0.029769310727715492,0.029769310727715492,0.0766623243689537,0.0766623243689537,3.1721
3674,0.029763605445623398,0.029763605445623398,0.07642579078674316,0.07642579078674316,3.1728
3675,0.029757985845208168,0.029757985845208168,0.07666220515966415,0.07666220515966415,3.1735
3676,0.029751980677247047,0.029751980677247047,0.07635564357042313,0.07635564357042313,3.1743
3677,0.02974686399102211,0.02974686399102211,0.0766749307513237,0.0766749307513237,3.1752
3678,0.02974076196551323,0.02974076196551323,0.07631019502878189,0.07631019502878189,3.176
3679,0.029734358191490173,0.029734358191490173,0.07661725580692291,0.07661725580692291,3.1768
3680,0.029727816581726074,0.029727816581726074,0.076279416680336,0.076279416680336,3.1775
3681,0.029721632599830627,0.029721632599830627,0.07657740265130997,0.07657740265130997,3.1782
3682,0.02971528097987175,0.02971528097987175,0.07629402726888657,0.07629402726888657,3.1788
3683,0.02970876172184944,0.02970876172184944,0.07649793475866318,0.07649793475866318,3.1795
3684,0.029702220112085342,0.029702220112085342,0.07627991586923599,0.07627991586923599,3.1801
3685,0.029695698991417885,0.029695698991417885,0.07640866190195084,0.07640866190195084,3.1808
3686,0.02968999743461609,0.02968999743461609,0.0762888565659523,0.0762888565659523,3.1816
3687,0.029684092849493027,0.029684092849493027,0.07637771219015121,0.07637771219015121,3.1824
3688,0.029677757993340492,0.029677757993340492,0.07626926898956299,0.07626926898956299,3.1831
3689,0.029671916738152504,0.029671916738152504,0.07636381685733795,0.07636381685733795,3.1838
3690,0.029666434973478317,0.029666434973478317,0.07621466368436813,0.07621466368436813,3.1844
3691,0.029660779982805252,0.029660779982805252,0.07637224346399307,0.07637224346399307,3.1851
3692,0.02965492568910122,0.02965492568910122,0.07616841793060303,0.07616841793060303,3.1857
3693,0.029649388045072556,0.029649388045072556,0.07635732740163803,0.07635732740163803,3.1864
3694,0.029644006863236427,0.029644006863236427,0.07608748972415924,0.07608748972415924,3.1871
3695,0.029639344662427902,0.029639344662427902,0.07639960944652557,0.07639960944652557,3.1877
3696,0.029634352773427963,0.029634352773427963,0.07600649446249008,0.07600649446249008,3.1884
3697,0.029630785807967186,0.029630785807967186,0.07644881308078766,0.07644881308078766,3.189
3698,0.029627230018377304,0.029627230018377304,0.07587902247905731,0.07587902247905731,3.1896
3699,0.029623832553625107,0.029623832553625107,0.07646956294775009,0.07646956294775009,3.1903
3700,0.02961949072778225,0.02961949072778225,0.0757758840918541,0.0757758840918541,3.1909
3701,0.029614489525556564,0.029614489525556564,0.0764896497130394,0.0764896497130394,3.1915
3702,0.029608439654111862,0.029608439654111862,0.07574496418237686,0.07574496418237686,3.1924
3703,0.029601171612739563,0.029601171612739563,0.07643048465251923,0.07643048465251923,3.1931
3704,0.029594004154205322,0.029594004154205322,0.0757506862282753,0.0757506862282753,3.1938
3705,0.029586274176836014,0.029586274176836014,0.07636305689811707,0.07636305689811707,3.1945
3706,0.029577964916825294,0.029577964916825294,0.07582344859838486,0.07582344859838486,3.1952
3707,0.029570847749710083,0.029570847749710083,0.07625308632850647,0.07625308632850647,3.1958
3708,0.02956361696124077,0.02956361696124077,0.075853131711483,0.075853131711483,3.1965
3709,0.02955681085586548,0.02955681085586548,0.07610731571912766,0.07610731571912766,3.1973
3710,0.02955014631152153,0.02955014631152153,0.07588384300470352,0.07588384300470352,3.1992
3711,0.029544144868850708,0.029544144868850708,0.07599709182977676,0.07599709182977676,3.2
3712,0.029537886381149292,0.029537886381149292,0.07592229545116425,0.07592229545116425,3.2006
3713,0.029532819986343384,0.029532819986343384,0.07591181248426437,0.07591181248426437,3.2013
3714,0.029527490958571434,0.029527490958571434,0.07598887383937836,0.07598887383937836,3.202
3715,0.029521891847252846,0.029521891847252846,0.07584645599126816,0.07584645599126816,3.2026
3716,0.02951675094664097,0.02951675094664097,0.07602114975452423,0.07602114975452423,3.2033
3717,0.029511824250221252,0.029511824250221252,0.07572855055332184,0.07572855055332184,3.2039
3718,0.02950676903128624,0.02950676903128624,0.07599608600139618,0.07599608600139618,3.2046
3719,0.029501143842935562,0.029501143842935562,0.07565342634916306,0.07565342634916306,3.2052
3720,0.029495451599359512,0.029495451599359512,0.07596442103385925,0.07596442103385925,3.2059
3721,0.029489606618881226,0.029489606618881226,0.07561836391687393,0.07561836391687393,3.2066
3722,0.029483472928404808,0.029483472928404808,0.07591315358877182,0.07591315358877182,3.2077
3723,0.029478127136826515,0.029478127136826515,0.07562217116355896,0.07562217116355896,3.2088
3724,0.029472213238477707,0.029472213238477707,0.07591606676578522,0.07591606676578522,3.2101
3725,0.029466068372130394,0.029466068372130394,0.07566162198781967,0.07566162198781967,3.2109
3726,0.029460489749908447,0.029460489749908447,0.07588560879230499,0.07588560879230499,3.2116
3727,0.029454926028847694,0.029454926028847694,0.07561919838190079,0.07561919838190079,3.2123
3728,0.02944931946694851,0.02944931946694851,0.07582402229309082,0.07582402229309082,3.213
3729,0.029443422332406044,0.029443422332406044,0.07557563483715057,0.07557563483715057,3.2137
3730,0.029437607154250145,0.029437607154250145,0.07576282322406769,0.07576282322406769,3.2146
3731,0.029431656002998352,0.029431656002998352,0.07556609064340591,0.07556609064340591,3.2154
3732,0.029425883665680885,0.029425883665680885,0.07569698244333267,0.07569698244333267,3.2165
3733,0.029419904574751854,0.029419904574751854,0.07561071962118149,0.07561071962118149,3.2175
3734,0.029414677992463112,0.029414677992463112,0.07563535869121552,0.07563535869121552,3.2182
3735,0.029409047216176987,0.029409047216176987,0.07564929872751236,0.07564929872751236,3.2189
3736,0.02940361201763153,0.02940361201763153,0.07559585571289062,0.07559585571289062,3.2202
3737,0.029398053884506226,0.029398053884506226,0.0756375789642334,0.0756375789642334,3.2209
3738,0.02939244732260704,0.02939244732260704,0.07556585967540741,0.07556585967540741,3.2216
3739,0.02938690222799778,0.02938690222799778,0.07553857564926147,0.07553857564926147,3.2223
3740,0.02938169613480568,0.02938169613480568,0.07552079111337662,0.07552079111337662,3.2232
3741,0.02937612496316433,0.02937612496316433,0.07546141743659973,0.07546141743659973,3.2241
3742,0.029370591044425964,0.029370591044425964,0.07549048215150833,0.07549048215150833,3.2248
3743,0.02936508134007454,0.02936508134007454,0.07546336948871613,0.07546336948871613,3.2255
3744,0.02935977652668953,0.02935977652668953,0.07548373192548752,0.07548373192548752,3.2263
3745,0.029354196041822433,0.029354196041822433,0.07548324018716812,0.07548324018716812,3.2269
3746,0.029349062591791153,0.029349062591791153,0.07541528344154358,0.07541528344154358,3.2276
3747,0.029344070702791214,0.029344070702791214,0.07551965862512589,0.07551965862512589,3.2282
3748,0.029339373111724854,0.029339373111724854,0.07530702650547028,0.07530702650547028,3.2289
3749,0.029334599152207375,0.029334599152207375,0.07553480565547943,0.07553480565547943,3.2295
3750,0.0293299350887537,0.0293299350887537,0.07521037757396698,0.07521037757396698,3.2302
3751,0.029325122013688087,0.029325122013688087,0.07554765790700912,0.07554765790700912,3.231
3752,0.0293212179094553,0.0293212179094553,0.07515589892864227,0.07515589892864227,3.2319
3753,0.029317021369934082,0.029317021369934082,0.07559988647699356,0.07559988647699356,3.2326
3754,0.0293130986392498,0.0293130986392498,0.07508323341608047,0.07508323341608047,3.2336
3755,0.02931063249707222,0.02931063249707222,0.07564917951822281,0.07564917951822281,3.2347
3756,0.02930775284767151,0.02930775284767151,0.07498873770236969,0.07498873770236969,3.2356
3757,0.029303524643182755,0.029303524643182755,0.07567863166332245,0.07567863166332245,3.2363
3758,0.029298465698957443,0.029298465698957443,0.07490555942058563,0.07490555942058563,3.237
3759,0.029292529448866844,0.029292529448866844,0.07560008019208908,0.07560008019208908,3.2377
3760,0.02928539738059044,0.02928539738059044,0.0748879685997963,0.0748879685997963,3.2384
3761,0.0292774997651577,0.0292774997651577,0.0755128413438797,0.0755128413438797,3.2392
3762,0.029270190745592117,0.029270190745592117,0.07497493922710419,0.07497493922710419,3.24
3763,0.02926269732415676,0.02926269732415676,0.07542054355144501,0.07542054355144501,3.2407
3764,0.02925517037510872,0.02925517037510872,0.07506116479635239,0.07506116479635239,3.2418
3765,0.029249170795083046,0.029249170795083046,0.07529395818710327,0.07529395818710327,3.2431
3766,0.02924336865544319,0.02924336865544319,0.07511799037456512,0.07511799037456512,3.2441
3767,0.029237806797027588,0.029237806797027588,0.07515572011470795,0.07515572011470795,3.2449
3768,0.029232541099190712,0.029232541099190712,0.07514171302318573,0.07514171302318573,3.2457
3769,0.029227595776319504,0.029227595776319504,0.07502543926239014,0.07502543926239014,3.2464
3770,0.029222548007965088,0.029222548007965088,0.07515139877796173,0.07515139877796173,3.2476
3771,0.02921738289296627,0.02921738289296627,0.07497785985469818,0.07497785985469818,3.2489
3772,0.029212063178420067,0.029212063178420067,0.07517212629318237,0.07517212629318237,3.25
3773,0.02920706942677498,0.02920706942677498,0.07498582452535629,0.07498582452535629,3.2507
3774,0.029202094301581383,0.029202094301581383,0.0752081498503685,0.0752081498503685,3.2515
3775,0.029196739196777344,0.029196739196777344,0.07497411966323853,0.07497411966323853,3.2522
3776,0.029191751033067703,0.029191751033067703,0.0751580074429512,0.0751580074429512,3.2528
3777,0.029186367988586426,0.029186367988586426,0.07492311298847198,0.07492311298847198,3.2535
3778,0.02918161451816559,0.02918161451816559,0.07511705160140991,0.07511705160140991,3.2542
3779,0.029176920652389526,0.029176920652389526,0.07483626902103424,0.07483626902103424,3.2548
3780,0.02917211316525936,0.02917211316525936,0.07509612292051315,0.07509612292051315,3.2555
3781,0.029166925698518753,0.029166925698518753,0.07477185875177383,0.07477185875177383,3.2562
3782,0.02916264906525612,0.02916264906525612,0.07507289946079254,0.07507289946079254,3.2568
3783,0.029157981276512146,0.029157981276512146,0.07472020387649536,0.07472020387649536,3.2575
3784,0.02915342152118683,0.02915342152118683,0.07511570304632187,0.07511570304632187,3.2583
3785,0.029148440808057785,0.029148440808057785,0.0747067928314209,0.0747067928314209,3.259
3786,0.02914408966898918,0.02914408966898918,0.07511276006698608,0.07511276006698608,3.2597
3787,0.029139269143342972,0.029139269143342972,0.0746462494134903,0.0746462494134903,3.2604
3788,0.02913389541208744,0.02913389541208744,0.07507620751857758,0.07507620751857758,3.2611
3789,0.029128361493349075,0.029128361493349075,0.07462563365697861,0.07462563365697861,3.2618
3790,0.02912338636815548,0.02912338636815548,0.0750301256775856,0.0750301256775856,3.2625
3791,0.029118264093995094,0.029118264093995094,0.07459094375371933,0.07459094375371933,3.2633
3792,0.02911395952105522,0.02911395952105522,0.0750211626291275,0.0750211626291275,3.2644
3793,0.029109060764312744,0.029109060764312744,0.07455967366695404,0.07455967366695404,3.2656
3794,0.02910361811518669,0.02910361811518669,0.07500611990690231,0.07500611990690231,3.2667
3795,0.02909816801548004,0.02909816801548004,0.07457084953784943,0.07457084953784943,3.2674
3796,0.02909218892455101,0.02909218892455101,0.07495452463626862,0.07495452463626862,3.2682
3797,0.029086824506521225,0.029086824506521225,0.07459527254104614,0.07459527254104614,3.2691
3798,0.02908141538500786,0.02908141538500786,0.07490850239992142,0.07490850239992142,3.2698
3799,0.029075438156723976,0.029075438156723976,0.0745813399553299,0.0745813399553299,3.2706
3800,0.029069697484374046,0.029069697484374046,0.07477442175149918,0.07477442175149918,3.2717
3801,0.02906414493918419,0.02906414493918419,0.07460276782512665,0.07460276782512665,3.2726
3802,0.029058819636702538,0.029058819636702538,0.07467608153820038,0.07467608153820038,3.2735
3803,0.029053792357444763,0.029053792357444763,0.07466324418783188,0.07466324418783188,3.2743
3804,0.029048871248960495,0.029048871248960495,0.07458946853876114,0.07458946853876114,3.2751
3805,0.029044460505247116,0.029044460505247116,0.07468963414430618,0.07468963414430618,3.2758
3806,0.02903951331973076,0.02903951331973076,0.07453218102455139,0.07453218102455139,3.2765
3807,0.029035016894340515,0.029035016894340515,0.07471054792404175,0.07471054792404175,3.2772
3808,0.029030591249465942,0.029030591249465942,0.0744675025343895,0.0744675025343895,3.2779
3809,0.029025977477431297,0.029025977477431297,0.07471103966236115,0.07471103966236115,3.2785
3810,0.02902156114578247,0.02902156114578247,0.07440061122179031,0.07440061122179031,3.2792
3811,0.029016848653554916,0.029016848653554916,0.07470522075891495,0.07470522075891495,3.2799
3812,0.029012367129325867,0.029012367129325867,0.07437384128570557,0.07437384128570557,3.2806
3813,0.029007747769355774,0.029007747769355774,0.07471046596765518,0.07471046596765518,3.2812
3814,0.029003556817770004,0.029003556817770004,0.07432185113430023,0.07432185113430023,3.2819
3815,0.028999606147408485,0.028999606147408485,0.0747283473610878,0.0747283473610878,3.2826
3816,0.028995439410209656,0.028995439410209656,0.07426922023296356,0.07426922023296356,3.2834
3817,0.028991153463721275,0.028991153463721275,0.07473103702068329,0.07473103702068329,3.284
3818,0.028985977172851562,0.028985977172851562,0.07423262298107147,0.07423262298107147,3.2847
3819,0.028980553150177002,0.028980553150177002,0.07468483597040176,0.07468483597040176,3.2853
3820,0.028975075110793114,0.028975075110793114,0.07423444837331772,0.07423444837331772,3.2859
3821,0.028970038518309593,0.028970038518309593,0.07463686168193817,0.07463686168193817,3.2866
3822,0.0289650596678257,0.0289650596678257,0.0742022767663002,0.0742022767663002,3.2872
3823,0.02896049991250038,0.02896049991250038,0.07459422200918198,0.07459422200918198,3.2879
3824,0.028956014662981033,0.028956014662981033,0.07415156066417694,0.07415156066417694,3.2885
3825,0.028951037675142288,0.028951037675142288,0.07458513975143433,0.07458513975143433,3.2892
3826,0.028945570811629295,0.028945570811629295,0.07416211068630219,0.07416211068630219,3.2901
3827,0.02893967553973198,0.02893967553973198,0.0745171308517456,0.0745171308517456,3.2914
3828,0.028934264555573463,0.028934264555573463,0.07418321073055267,0.07418321073055267,3.2923
3829,0.028928672894835472,0.028928672894835472,0.07444228231906891,0.07444228231906891,3.2932
3830,0.02892366051673889,0.02892366051673889,0.07419230788946152,0.07419230788946152,3.2939
3831,0.028918832540512085,0.028918832540512085,0.07440410554409027,0.07440410554409027,3.2946
3832,0.028913939371705055,0.028913939371705055,0.0741671472787857,0.0741671472787857,3.2953
3833,0.028908979147672653,0.028908979147672653,0.07435409724712372,0.07435409724712372,3.296
3834,0.02890387736260891,0.02890387736260891,0.07416434586048126,0.07416434586048126,3.2967
3835,0.02889878675341606,0.02889878675341606,0.07430336624383926,0.07430336624383926,3.2974
3836,0.028893794864416122,0.028893794864416122,0.07418167591094971,0.07418167591094971,3.2983
3837,0.028888791799545288,0.028888791799545288,0.07423195987939835,0.07423195987939835,3.2992
3838,0.028884094208478928,0.028884094208478928,0.07424084842205048,0.07424084842205048,3.3
3839,0.028879713267087936,0.028879713267087936,0.07415185868740082,0.07415185868740082,3.3007
3840,0.02887522615492344,0.02887522615492344,0.07425729930400848,0.07425729930400848,3.3013
3841,0.028870606794953346,0.028870606794953346,0.0741170197725296,0.0741170197725296,3.302
3842,0.02886570431292057,0.02886570431292057,0.07422684133052826,0.07422684133052826,3.3027
3843,0.028860876336693764,0.028860876336693764,0.07410131394863129,0.07410131394863129,3.3033
3844,0.02885633148252964,0.02885633148252964,0.07417766004800797,0.07417766004800797,3.3043
3845,0.028851810842752457,0.028851810842752457,0.0740242451429367,0.0740242451429367,3.3051
3846,0.028847146779298782,0.028847146779298782,0.07414975017309189,0.07414975017309189,3.3057
3847,0.028842443600296974,0.028842443600296974,0.07400079816579819,0.07400079816579819,3.3065
3848,0.02883773110806942,0.02883773110806942,0.07414881139993668,0.07414881139993668,3.3073
3849,0.028833365067839622,0.028833365067839622,0.07398883253335953,0.07398883253335953,3.3081
3850,0.02882867492735386,0.02882867492735386,0.0741463452577591,0.0741463452577591,3.3089
3851,0.028824273496866226,0.028824273496866226,0.0739503875374794,0.0739503875374794,3.3096
3852,0.028819333761930466,0.028819333761930466,0.07409597933292389,0.07409597933292389,3.3103
3853,0.028814490884542465,0.028814490884542465,0.0739339217543602,0.0739339217543602,3.3109
3854,0.02880978211760521,0.02880978211760521,0.07404518127441406,0.07404518127441406,3.3116
3855,0.02880510315299034,0.02880510315299034,0.073918417096138,0.073918417096138,3.3123
3856,0.028800398111343384,0.028800398111343384,0.0740169957280159,0.0740169957280159,3.313
3857,0.028796007856726646,0.028796007856726646,0.07392147183418274,0.07392147183418274,3.3136
3858,0.028791304677724838,0.028791304677724838,0.07402331382036209,0.07402331382036209,3.3143
3859,0.028786692768335342,0.028786692768335342,0.0739026814699173,0.0739026814699173,3.3149
3860,0.02878221496939659,0.02878221496939659,0.07399526983499527,0.07399526983499527,3.3158
3861,0.028777796775102615,0.028777796775102615,0.07387495040893555,0.07387495040893555,3.3165
3862,0.028773048892617226,0.028773048892617226,0.0739731639623642,0.0739731639623642,3.3171
3863,0.028768518939614296,0.028768518939614296,0.07384233921766281,0.07384233921766281,3.3178
3864,0.028763895854353905,0.028763895854353905,0.07394368946552277,0.07394368946552277,3.3184
3865,0.02875932678580284,0.02875932678580284,0.07378054410219193,0.07378054410219193,3.3191
3866,0.02875518798828125,0.02875518798828125,0.07392314076423645,0.07392314076423645,3.3198
3867,0.028750937432050705,0.028750937432050705,0.07371672242879868,0.07371672242879868,3.3205
3868,0.02874712646007538,0.02874712646007538,0.07397204637527466,0.07397204637527466,3.3211
3869,0.028743356466293335,0.028743356466293335,0.0736609473824501,0.0736609473824501,3.3217
3870,0.02874099276959896,0.02874099276959896,0.0740317553281784,0.0740317553281784,3.3224
3871,0.028739362955093384,0.028739362955093384,0.07352417707443237,0.07352417707443237,3.323
3872,0.02873818203806877,0.02873818203806877,0.07411638647317886,0.07411638647317886,3.3237
3873,0.028737515211105347,0.028737515211105347,0.07339800894260406,0.07339800894260406,3.3247
3874,0.028738221153616905,0.028738221153616905,0.07420547306537628,0.07420547306537628,3.326
3875,0.028738558292388916,0.028738558292388916,0.07326608896255493,0.07326608896255493,3.3267
3876,0.028739769011735916,0.028739769011735916,0.0742947906255722,0.0742947906255722,3.3274
3877,0.028737720102071762,0.028737720102071762,0.0731869637966156,0.0731869637966156,3.3282
3878,0.028731051832437515,0.028731051832437515,0.07428258657455444,0.07428258657455444,3.3289
3879,0.02871967852115631,0.02871967852115631,0.07324180752038956,0.07324180752038956,3.3298
3880,0.028705736622214317,0.028705736622214317,0.07406838983297348,0.07406838983297348,3.3305
3881,0.028692489489912987,0.028692489489912987,0.07343940436840057,0.07343940436840057,3.3312
3882,0.0286828875541687,0.0286828875541687,0.07374872267246246,0.07374872267246246,3.3321
3883,0.02867790497839451,0.02867790497839451,0.07371363043785095,0.07371363043785095,3.333
3884,0.02867659367620945,0.02867659367620945,0.07346881926059723,0.07346881926059723,3.3337
3885,0.028675999492406845,0.028675999492406845,0.07391186058521271,0.07391186058521271,3.3344
3886,0.028676550835371017,0.028676550835371017,0.07331836223602295,0.07331836223602295,3.335
3887,0.028674542903900146,0.028674542903900146,0.0740194320678711,0.0740194320678711,3.3357
3888,0.02866913378238678,0.02866913378238678,0.07329639047384262,0.07329639047384262,3.3363
3889,0.028661102056503296,0.028661102056503296,0.07392388582229614,0.07392388582229614,3.337
3890,0.02865227498114109,0.02865227498114109,0.07334929704666138,0.07334929704666138,3.3376
3891,0.028644289821386337,0.028644289821386337,0.07366009801626205,0.07366009801626205,3.3383
3892,0.028638195246458054,0.028638195246458054,0.07349969446659088,0.07349969446659088,3.3389
3893,0.02863469161093235,0.02863469161093235,0.07342179864645004,0.07342179864645004,3.3395
3894,0.028632262721657753,0.028632262721657753,0.07365374267101288,0.07365374267101288,3.3402
3895,0.028629764914512634,0.028629764914512634,0.07326521724462509,0.07326521724462509,3.3408
3896,0.02862604893743992,0.02862604893743992,0.07370153814554214,0.07370153814554214,3.3414
3897,0.028620785102248192,0.028620785102248192,0.07327041774988174,0.07327041774988174,3.3421
3898,0.02861463651061058,0.02861463651061058,0.07365045696496964,0.07365045696496964,3.3428
3899,0.028608370572328568,0.028608370572328568,0.0733652263879776,0.0733652263879776,3.3434
3900,0.02860301174223423,0.02860301174223423,0.07349001616239548,0.07349001616239548,3.3441
3901,0.028598878532648087,0.028598878532648087,0.07348968833684921,0.07348968833684921,3.3448
3902,0.028595441952347755,0.028595441952347755,0.07331453263759613,0.07331453263759613,3.3455
3903,0.028592389076948166,0.028592389076948166,0.0735679417848587,0.0735679417848587,3.3461
3904,0.028588980436325073,0.028588980436325073,0.0732143297791481,0.0732143297791481,3.3468
3905,0.02858472801744938,0.02858472801744938,0.07356585562229156,0.07356585562229156,3.3475
3906,0.02857966721057892,0.02857966721057892,0.07322068512439728,0.07322068512439728,3.3482
3907,0.02857496775686741,0.02857496775686741,0.0735221803188324,0.0735221803188324,3.3489
3908,0.028569798916578293,0.028569798916578293,0.07325610518455505,0.07325610518455505,3.3495
3909,0.02856481447815895,0.02856481447815895,0.07343415915966034,0.07343415915966034,3.3502
3910,0.028559934347867966,0.028559934347867966,0.07331627607345581,0.07331627607345581,3.3508
3911,0.02855554223060608,0.02855554223060608,0.07332515716552734,0.07332515716552734,3.3514
3912,0.028551409021019936,0.028551409021019936,0.07335574924945831,0.07335574924945831,3.3521
3913,0.028547216206789017,0.028547216206789017,0.07322317361831665,0.07322317361831665,3.3527
3914,0.02854290045797825,0.02854290045797825,0.07332087308168411,0.07332087308168411,3.3533
3915,0.028538579121232033,0.028538579121232033,0.07320620119571686,0.07320620119571686,3.3539
3916,0.028534134849905968,0.028534134849905968,0.07329461723566055,0.07329461723566055,3.3546
3917,0.02852981723845005,0.02852981723845005,0.07320674508810043,0.07320674508810043,3.3552
3918,0.028525609523057938,0.028525609523057938,0.07326376438140869,0.07326376438140869,3.3558
3919,0.028521155938506126,0.028521155938506126,0.0732303038239479,0.0732303038239479,3.3565
3920,0.02851698361337185,0.02851698361337185,0.07321520894765854,0.07321520894765854,3.3572
3921,0.02851274609565735,0.02851274609565735,0.07322464138269424,0.07322464138269424,3.3579
3922,0.0285086277872324,0.0285086277872324,0.07317281514406204,0.07317281514406204,3.3586
3923,0.028504321351647377,0.028504321351647377,0.07318148016929626,0.07318148016929626,3.3594
3924,0.028500104323029518,0.028500104323029518,0.07315891981124878,0.07315891981124878,3.3601
3925,0.02849588729441166,0.02849588729441166,0.07314729690551758,0.07314729690551758,3.3607
3926,0.028491627424955368,0.028491627424955368,0.07315880060195923,0.07315880060195923,3.3614
3927,0.028487389907240868,0.028487389907240868,0.07312287390232086,0.07312287390232086,3.362
3928,0.028483131900429726,0.028483131900429726,0.07315884530544281,0.07315884530544281,3.3627
3929,0.028479009866714478,0.028479009866714478,0.07312025874853134,0.07312025874853134,3.3633
3930,0.028474822640419006,0.028474822640419006,0.07317429035902023,0.07317429035902023,3.364
3931,0.028470823541283607,0.028470823541283607,0.07306704670190811,0.07306704670190811,3.3647
3932,0.028466790914535522,0.028466790914535522,0.07314544916152954,0.07314544916152954,3.3655
3933,0.02846219763159752,0.02846219763159752,0.07305669039487839,0.07305669039487839,3.3666
3934,0.028458047658205032,0.028458047658205032,0.0730624571442604,0.0730624571442604,3.3672
3935,0.02845405414700508,0.02845405414700508,0.07309167087078094,0.07309167087078094,3.368
3936,0.02845008298754692,0.02845008298754692,0.07295741140842438,0.07295741140842438,3.3687
3937,0.02844630554318428,0.02844630554318428,0.07308277487754822,0.07308277487754822,3.3694
3938,0.028442248702049255,0.028442248702049255,0.07290934771299362,0.07290934771299362,3.37
3939,0.02843857929110527,0.02843857929110527,0.07311781495809555,0.07311781495809555,3.3707
3940,0.028434956446290016,0.028434956446290016,0.07285934686660767,0.07285934686660767,3.3713
3941,0.028431158512830734,0.028431158512830734,0.07311688363552094,0.07311688363552094,3.372
3942,0.028427043929696083,0.028427043929696083,0.07281456887722015,0.07281456887722015,3.3726
3943,0.02842247113585472,0.02842247113585472,0.07308629900217056,0.07308629900217056,3.3733
3944,0.028418008238077164,0.028418008238077164,0.07282952964305878,0.07282952964305878,3.374
3945,0.028413614258170128,0.028413614258170128,0.07303959131240845,0.07303959131240845,3.3748
3946,0.028409263119101524,0.028409263119101524,0.07281328737735748,0.07281328737735748,3.3754
3947,0.02840479090809822,0.02840479090809822,0.07298550009727478,0.07298550009727478,3.3761
3948,0.028400301933288574,0.028400301933288574,0.07284017652273178,0.07284017652273178,3.3768
3949,0.02839593216776848,0.02839593216776848,0.07294033467769623,0.07294033467769623,3.3776
3950,0.02839159592986107,0.02839159592986107,0.072870634496212,0.072870634496212,3.3783
3951,0.028387654572725296,0.028387654572725296,0.07287381589412689,0.07287381589412689,3.3793
3952,0.02838357724249363,0.02838357724249363,0.07288076728582382,0.07288076728582382,3.3802
3953,0.028379380702972412,0.028379380702972412,0.07286866009235382,0.07286866009235382,3.3809
3954,0.02837539277970791,0.02837539277970791,0.07286860793828964,0.07286860793828964,3.3815
3955,0.02837141789495945,0.02837141789495945,0.07281579077243805,0.07281579077243805,3.3824
3956,0.028367549180984497,0.028367549180984497,0.07287029922008514,0.07287029922008514,3.3832
3957,0.028363529592752457,0.028363529592752457,0.07276846468448639,0.07276846468448639,3.3839
3958,0.02835991606116295,0.02835991606116295,0.07289618253707886,0.07289618253707886,3.3846
3959,0.028355875983834267,0.028355875983834267,0.07270197570323944,0.07270197570323944,3.3853
3960,0.028352132067084312,0.028352132067084312,0.07286377251148224,0.07286377251148224,3.386
3961,0.02834806777536869,0.02834806777536869,0.07266387343406677,0.07266387343406677,3.3867
3962,0.028344374150037766,0.028344374150037766,0.07288812100887299,0.07288812100887299,3.3875
3963,0.02834065817296505,0.02834065817296505,0.07263821363449097,0.07263821363449097,3.3882
3964,0.028336714953184128,0.028336714953184128,0.07288490235805511,0.07288490235805511,3.3889
3965,0.028332794085144997,0.028332794085144997,0.07259833812713623,0.07259833812713623,3.3897
3966,0.02832847461104393,0.02832847461104393,0.0728616863489151,0.0728616863489151,3.3904
3967,0.028324255719780922,0.028324255719780922,0.07259924709796906,0.07259924709796906,3.3912
3968,0.028320113196969032,0.028320113196969032,0.07282371819019318,0.07282371819019318,3.392
3969,0.02831588126718998,0.02831588126718998,0.07258148491382599,0.07258148491382599,3.3927
3970,0.028312038630247116,0.028312038630247116,0.07280810922384262,0.07280810922384262,3.3934
3971,0.0283082015812397,0.0283082015812397,0.07255899906158447,0.07255899906158447,3.3941
3972,0.028304314240813255,0.028304314240813255,0.07282259315252304,0.07282259315252304,3.3948
3973,0.028300214558839798,0.028300214558839798,0.07254870980978012,0.07254870980978012,3.3955
3974,0.028296109288930893,0.028296109288930893,0.0727977529168129,0.0727977529168129,3.3961
3975,0.028292009606957436,0.028292009606957436,0.07254131883382797,0.07254131883382797,3.3968
3976,0.028288399800658226,0.028288399800658226,0.07278674840927124,0.07278674840927124,3.3976
3977,0.028284620493650436,0.028284620493650436,0.0724978893995285,0.0724978893995285,3.3992
3978,0.028281182050704956,0.028281182050704956,0.07278146594762802,0.07278146594762802,3.4004
3979,0.02827795408666134,0.02827795408666134,0.07243971526622772,0.07243971526622772,3.4018
3980,0.02827487327158451,0.02827487327158451,0.07281798124313354,0.07281798124313354,3.4028
3981,0.02827211655676365,0.02827211655676365,0.07239862531423569,0.07239862531423569,3.4038
3982,0.02826879546046257,0.02826879546046257,0.07284577190876007,0.07284577190876007,3.4045
3983,0.028265152126550674,0.028265152126550674,0.07233188301324844,0.07233188301324844,3.4053
3984,0.028261568397283554,0.028261568397283554,0.07280363142490387,0.07280363142490387,3.406
3985,0.028257299214601517,0.028257299214601517,0.07230627536773682,0.07230627536773682,3.4067
3986,0.028253236785531044,0.028253236785531044,0.07279300689697266,0.07279300689697266,3.4074
3987,0.028248507529497147,0.028248507529497147,0.0723060593008995,0.0723060593008995,3.4081
3988,0.028243709355592728,0.028243709355592728,0.07273133844137192,0.07273133844137192,3.4089
3989,0.028238916769623756,0.028238916769623756,0.07233405113220215,0.07233405113220215,3.4099
3990,0.02823438122868538,0.02823438122868538,0.07270000874996185,0.07270000874996185,3.4107
3991,0.028229951858520508,0.028229951858520508,0.07235971093177795,0.07235971093177795,3.4115
3992,0.028225287795066833,0.028225287795066833,0.0726405531167984,0.0726405531167984,3.4121
3993,0.028220796957612038,0.028220796957612038,0.07236412167549133,0.07236412167549133,3.4135
3994,0.028216427192091942,0.028216427192091942,0.07256325334310532,0.07256325334310532,3.4143
3995,0.028212103992700577,0.028212103992700577,0.07238811254501343,0.07238811254501343,3.4155
3996,0.02820793353021145,0.02820793353021145,0.07251491397619247,0.07251491397619247,3.4164
3997,0.028204087167978287,0.028204087167978287,0.07240134477615356,0.07240134477615356,3.4173
3998,0.02819998189806938,0.02819998189806938,0.07248890399932861,0.07248890399932861,3.4186
3999,0.028196046128869057,0.028196046128869057,0.072403684258461,0.072403684258461,3.4197
4000,0.028192197903990746,0.028192197903990746,0.07249266654253006,0.07249266654253006,3.4275
4001,0.028188252821564674,0.028188252821564674,0.07239240407943726,0.07239240407943726,3.4291
4002,0.0281843151897192,0.0281843151897192,0.07246001064777374,0.07246001064777374,3.4298
4003,0.028180444613099098,0.028180444613099098,0.07237008213996887,0.07237008213996887,3.4305
4004,0.02817683480679989,0.02817683480679989,0.07241644710302353,0.07241644710302353,3.4312
4005,0.028172608464956284,0.028172608464956284,0.07238547503948212,0.07238547503948212,3.4319
4006,0.028168821707367897,0.028168821707367897,0.07238535583019257,0.07238535583019257,3.4326
4007,0.02816500887274742,0.02816500887274742,0.0723695158958435,0.0723695158958435,3.4334
4008,0.02816115878522396,0.02816115878522396,0.07234659045934677,0.07234659045934677,3.4341
4009,0.028157413005828857,0.028157413005828857,0.07233606278896332,0.07233606278896332,3.435
4010,0.02815350331366062,0.02815350331366062,0.07231356203556061,0.07231356203556061,3.4357
4011,0.0281498022377491,0.0281498022377491,0.07234103977680206,0.07234103977680206,3.4365
4012,0.02814597450196743,0.02814597450196743,0.07227005064487457,0.07227005064487457,3.4371
4013,0.02814221940934658,0.02814221940934658,0.07233285903930664,0.07233285903930664,3.4378
4014,0.02813843823969364,0.02813843823969364,0.07224346697330475,0.07224346697330475,3.4384
4015,0.02813466265797615,0.02813466265797615,0.07234899699687958,0.07234899699687958,3.4391
4016,0.0281309075653553,0.0281309075653553,0.07222817838191986,0.07222817838191986,3.4398
4017,0.028127113357186317,0.028127113357186317,0.07234831154346466,0.07234831154346466,3.4404
4018,0.02812337875366211,0.02812337875366211,0.07219608128070831,0.07219608128070831,3.4411
4019,0.02811959944665432,0.02811959944665432,0.07234451919794083,0.07234451919794083,3.4418
4020,0.028116002678871155,0.028116002678871155,0.072169728577137,0.072169728577137,3.4445
4021,0.028112586587667465,0.028112586587667465,0.0723610669374466,0.0723610669374466,3.4453
4022,0.02810940518975258,0.02810940518975258,0.07210107147693634,0.07210107147693634,3.446
4023,0.0281064473092556,0.0281064473092556,0.07239015400409698,0.07239015400409698,3.4468
4024,0.028103798627853394,0.028103798627853394,0.07203198969364166,0.07203198969364166,3.4477
4025,0.028101537376642227,0.028101537376642227,0.0724506825208664,0.0724506825208664,3.4484
4026,0.028099576011300087,0.028099576011300087,0.07195372879505157,0.07195372879505157,3.4492
4027,0.02809910476207733,0.02809910476207733,0.07252399623394012,0.07252399623394012,3.4499
4028,0.028099659830331802,0.028099659830331802,0.07183021306991577,0.07183021306991577,3.4507
4029,0.028100481256842613,0.028100481256842613,0.07263626158237457,0.07263626158237457,3.4525
4030,0.028102252632379532,0.028102252632379532,0.07172279804944992,0.07172279804944992,3.4538
4031,0.02810516394674778,0.02810516394674778,0.07274706661701202,0.07274706661701202,3.4545
4032,0.028105732053518295,0.028105732053518295,0.07159189879894257,0.07159189879894257,3.4553
4033,0.028102537617087364,0.028102537617087364,0.072742760181427,0.072742760181427,3.4559
4034,0.028094004839658737,0.028094004839658737,0.07159636169672012,0.07159636169672012,3.4567
4035,0.028081536293029785,0.028081536293029785,0.07259970903396606,0.07259970903396606,3.4574
4036,0.028067290782928467,0.028067290782928467,0.07177036255598068,0.07177036255598068,3.4583
4037,0.028055259957909584,0.028055259957909584,0.07228678464889526,0.07228678464889526,3.4589
4038,0.02804766222834587,0.02804766222834587,0.07204360514879227,0.07204360514879227,3.46
4039,0.028044868260622025,0.028044868260622025,0.071982242166996,0.071982242166996,3.4607
4040,0.028045430779457092,0.028045430779457092,0.07230903208255768,0.07230903208255768,3.4617
4041,0.028046583756804466,0.028046583756804466,0.07176561653614044,0.07176561653614044,3.4623
4042,0.02804628573358059,0.02804628573358059,0.07243092358112335,0.07243092358112335,3.463
4043,0.02804253064095974,0.02804253064095974,0.07170434296131134,0.07170434296131134,3.4637
4044,0.02803570032119751,0.02803570032119751,0.07237664610147476,0.07237664610147476,3.4645
4045,0.02802732028067112,0.02802732028067112,0.07181528210639954,0.07181528210639954,3.4657
4046,0.028019597753882408,0.028019597753882408,0.07217258214950562,0.07217258214950562,3.4677
4047,0.028014078736305237,0.028014078736305237,0.07200636714696884,0.07200636714696884,3.4686
4048,0.028011104092001915,0.028011104092001915,0.07194942235946655,0.07194942235946655,3.4694
4049,0.028009936213493347,0.028009936213493347,0.07220436632633209,0.07220436632633209,3.4702
4050,0.028009211644530296,0.028009211644530296,0.0717727392911911,0.0717727392911911,3.4709
4051,0.028008734807372093,0.028008734807372093,0.0722939521074295,0.0722939521074295,3.4715
4052,0.028006261214613914,0.028006261214613914,0.07167138159275055,0.07167138159275055,3.4722
4053,0.028001289814710617,0.028001289814710617,0.07227452844381332,0.07227452844381332,3.4731
4054,0.027994971722364426,0.027994971722364426,0.07172715663909912,0.07172715663909912,3.4738
4055,0.02798796258866787,0.02798796258866787,0.07212373614311218,0.07212373614311218,3.4745
4056,0.027981940656900406,0.027981940656900406,0.07185409218072891,0.07185409218072891,3.4752
4057,0.027977827936410904,0.027977827936410904,0.07189884036779404,0.07189884036779404,3.4759
4058,0.027975086122751236,0.027975086122751236,0.0720227062702179,0.0720227062702179,3.4766
4059,0.027973225340247154,0.027973225340247154,0.07176484167575836,0.07176484167575836,3.4775
4060,0.027970707044005394,0.027970707044005394,0.07211246341466904,0.07211246341466904,3.4782
4061,0.02796730026602745,0.02796730026602745,0.07170377671718597,0.07170377671718597,3.4788
4062,0.027962733060121536,0.027962733060121536,0.07206998020410538,0.07206998020410538,3.4795
4063,0.027957651764154434,0.027957651764154434,0.07175852358341217,0.07175852358341217,3.4801
4064,0.027952801436185837,0.027952801436185837,0.07195688784122467,0.07195688784122467,3.4807
4065,0.027948519214987755,0.027948519214987755,0.07185453921556473,0.07185453921556473,3.4814
4066,0.02794511243700981,0.02794511243700981,0.07181448489427567,0.07181448489427567,3.4821
4067,0.027942055836319923,0.027942055836319923,0.0719449371099472,0.0719449371099472,3.4829
4068,0.02793913707137108,0.02793913707137108,0.07173832505941391,0.07173832505941391,3.4836
4069,0.02793624997138977,0.02793624997138977,0.07200051844120026,0.07200051844120026,3.4843
4070,0.027932841330766678,0.027932841330766678,0.07168754190206528,0.07168754190206528,3.485
4071,0.027929091826081276,0.027929091826081276,0.07197058200836182,0.07197058200836182,3.4856
4072,0.027924686670303345,0.027924686670303345,0.07169778645038605,0.07169778645038605,3.4863
4073,0.027920421212911606,0.027920421212911606,0.0719023048877716,0.0719023048877716,3.4871
4074,0.02791621908545494,0.02791621908545494,0.07174985110759735,0.07174985110759735,3.4877
4075,0.027912387624382973,0.027912387624382973,0.07179753482341766,0.07179753482341766,3.4884
4076,0.027908870950341225,0.027908870950341225,0.07181607186794281,0.07181607186794281,3.489
4077,0.027905603870749474,0.027905603870749474,0.07172583043575287,0.07172583043575287,3.4897
4078,0.027902275323867798,0.027902275323867798,0.07185427844524384,0.07185427844524384,3.4903
4079,0.02789897657930851,0.02789897657930851,0.07169483602046967,0.07169483602046967,3.4911
4080,0.0278957299888134,0.0278957299888134,0.07187607139348984,0.07187607139348984,3.4918
4081,0.027892325073480606,0.027892325073480606,0.07165438681840897,0.07165438681840897,3.4925
4082,0.02788854017853737,0.02788854017853737,0.07183247804641724,0.07183247804641724,3.4931
4083,0.02788476087152958,0.02788476087152958,0.07162918150424957,0.07162918150424957,3.4949
4084,0.027880782261490822,0.027880782261490822,0.07176055759191513,0.07176055759191513,3.4957
4085,0.027876999229192734,0.027876999229192734,0.07166584581136703,0.07166584581136703,3.4968
4086,0.027873296290636063,0.027873296290636063,0.07169368118047714,0.07169368118047714,3.4985
4087,0.027869775891304016,0.027869775891304016,0.07170325517654419,0.07170325517654419,3.4998
4088,0.02786639705300331,0.02786639705300331,0.07163579016923904,0.07163579016923904,3.5007
4089,0.02786286175251007,0.02786286175251007,0.0717230886220932,0.0717230886220932,3.5015
4090,0.02785935439169407,0.02785935439169407,0.07162497192621231,0.07162497192621231,3.5023
4091,0.027855753898620605,0.027855753898620605,0.07170195877552032,0.07170195877552032,3.5031
4092,0.027852196246385574,0.027852196246385574,0.07161566615104675,0.07161566615104675,3.5038
4093,0.027848606929183006,0.027848606929183006,0.07166586071252823,0.07166586071252823,3.5045
4094,0.02784503437578678,0.02784503437578678,0.071627177298069,0.071627177298069,3.5053
4095,0.027841513976454735,0.027841513976454735,0.07163684815168381,0.07163684815168381,3.506
4096,0.02783799171447754,0.02783799171447754,0.0716533213853836,0.0716533213853836,3.5068
4097,0.027834635227918625,0.027834635227918625,0.0715782418847084,0.0715782418847084,3.5075
4098,0.027831275016069412,0.027831275016069412,0.07167685776948929,0.07167685776948929,3.5082
4099,0.02782786823809147,0.02782786823809147,0.0715397372841835,0.0715397372841835,3.509
4100,0.02782466448843479,0.02782466448843479,0.07167012244462967,0.07167012244462967,3.5097
4101,0.027821009978652,0.027821009978652,0.07150667905807495,0.07150667905807495,3.5104
4102,0.027817804366350174,0.027817804366350174,0.07165791839361191,0.07165791839361191,3.5112
4103,0.02781432867050171,0.02781432867050171,0.0714825987815857,0.0714825987815857,3.5121
4104,0.02781078778207302,0.02781078778207302,0.07165850698947906,0.07165850698947906,3.5128
4105,0.027807295322418213,0.027807295322418213,0.0714939758181572,0.0714939758181572,3.5141
4106,0.027803629636764526,0.027803629636764526,0.07163312286138535,0.07163312286138535,3.5164
4107,0.027799928560853004,0.027799928560853004,0.07148370891809464,0.07148370891809464,3.518
4108,0.0277963038533926,0.0277963038533926,0.07156116515398026,0.07156116515398026,3.5191
4109,0.0277927964925766,0.0277927964925766,0.07148908078670502,0.07148908078670502,3.5204
4110,0.027789179235696793,0.027789179235696793,0.07149888575077057,0.07149888575077057,3.5213
4111,0.027785878628492355,0.027785878628492355,0.07153234630823135,0.07153234630823135,3.522
4112,0.027782827615737915,0.027782827615737915,0.07140389084815979,0.07140389084815979,3.5227
4113,0.027779823169112206,0.027779823169112206,0.07157627493143082,0.07157627493143082,3.5234
4114,0.02777675911784172,0.02777675911784172,0.07135884463787079,0.07135884463787079,3.5241
4115,0.027773592621088028,0.027773592621088028,0.0716005489230156,0.0716005489230156,3.5247
4116,0.027770239859819412,0.027770239859819412,0.07132810354232788,0.07132810354232788,3.5254
4117,0.0277667548507452,0.0277667548507452,0.07158231735229492,0.07158231735229492,3.5261
4118,0.0277631226927042,0.0277631226927042,0.07131749391555786,0.07131749391555786,3.5273
4119,0.027759622782468796,0.027759622782468796,0.07155656814575195,0.07155656814575195,3.5284
4120,0.0277558621019125,0.0277558621019125,0.0713234394788742,0.0713234394788742,3.5292
4121,0.027752229943871498,0.027752229943871498,0.07152882218360901,0.07152882218360901,3.53
4122,0.02774856612086296,0.02774856612086296,0.07133734226226807,0.07133734226226807,3.5309
4123,0.027744870632886887,0.027744870632886887,0.07150087505578995,0.07150087505578995,3.5321
4124,0.027741219848394394,0.027741219848394394,0.07136760652065277,0.07136760652065277,3.5328
4125,0.027737606316804886,0.027737606316804886,0.07145547866821289,0.07145547866821289,3.5336
4126,0.02773408032953739,0.02773408032953739,0.07137898355722427,0.07137898355722427,3.5346
4127,0.027730667963624,0.027730667963624,0.07140512019395828,0.07140512019395828,3.5354
4128,0.027727294713258743,0.027727294713258743,0.07137373834848404,0.07137373834848404,3.5361
4129,0.02772381342947483,0.02772381342947483,0.07138308137655258,0.07138308137655258,3.5371
4130,0.027720456942915916,0.027720456942915916,0.07136695086956024,0.07136695086956024,3.5379
4131,0.02771724760532379,0.02771724760532379,0.07135932147502899,0.07135932147502899,3.5387
4132,0.027713662013411522,0.027713662013411522,0.07132261246442795,0.07132261246442795,3.5396
4133,0.02771034836769104,0.02771034836769104,0.07133898884057999,0.07133898884057999,3.5451
4134,0.02770688757300377,0.02770688757300377,0.07130254060029984,0.07130254060029984,3.5475
4135,0.027703529223799706,0.027703529223799706,0.07131413370370865,0.07131413370370865,3.5484
4136,0.02770007774233818,0.02770007774233818,0.07129548490047455,0.07129548490047455,3.5492
4137,0.027696704491972923,0.027696704491972923,0.07127715647220612,0.07127715647220612,3.5499
4138,0.02769339643418789,0.02769339643418789,0.07128745317459106,0.07128745317459106,3.5506
4139,0.02769000455737114,0.02769000455737114,0.0712459608912468,0.0712459608912468,3.5513
4140,0.027686739340424538,0.027686739340424538,0.07130193710327148,0.07130193710327148,3.552
4141,0.027683505788445473,0.027683505788445473,0.07120144367218018,0.07120144367218018,3.5526
4142,0.0276802871376276,0.0276802871376276,0.07131174951791763,0.07131174951791763,3.5533
4143,0.027677055448293686,0.027677055448293686,0.07117517292499542,0.07117517292499542,3.554
4144,0.027673881500959396,0.027673881500959396,0.07133336365222931,0.07133336365222931,3.555
4145,0.027670715004205704,0.027670715004205704,0.07114644348621368,0.07114644348621368,3.5564
4146,0.027667593210935593,0.027667593210935593,0.07134052366018295,0.07134052366018295,3.5572
4147,0.02766450308263302,0.02766450308263302,0.0711098313331604,0.0711098313331604,3.558
4148,0.027661418542265892,0.027661418542265892,0.07135193049907684,0.07135193049907684,3.5587
4149,0.027658378705382347,0.027658378705382347,0.07107307761907578,0.07107307761907578,3.5593
4150,0.02765537239611149,0.02765537239611149,0.07135672867298126,0.07135672867298126,3.5602
4151,0.02765236794948578,0.02765236794948578,0.07103267312049866,0.07103267312049866,3.561
4152,0.0276498980820179,0.0276498980820179,0.07136835157871246,0.07136835157871246,3.5617
4153,0.027647634968161583,0.027647634968161583,0.07097377628087997,0.07097377628087997,3.5624
4154,0.027645954862236977,0.027645954862236977,0.0714271292090416,0.0714271292090416,3.5631
4155,0.02764463983476162,0.02764463983476162,0.07090187072753906,0.07090187072753906,3.5638
4156,0.027643520385026932,0.027643520385026932,0.07148522138595581,0.07148522138595581,3.5646
4157,0.027642613276839256,0.027642613276839256,0.07080119103193283,0.07080119103193283,3.5653
4158,0.027641713619232178,0.027641713619232178,0.07151829451322556,0.07151829451322556,3.5661
4159,0.02764054574072361,0.02764054574072361,0.07072629034519196,0.07072629034519196,3.5668
4160,0.027639001607894897,0.027639001607894897,0.07155533134937286,0.07155533134937286,3.5676
4161,0.027636561542749405,0.027636561542749405,0.07068554311990738,0.07068554311990738,3.5683
4162,0.027632901445031166,0.027632901445031166,0.07154408097267151,0.07154408097267151,3.569
4163,0.027627473697066307,0.027627473697066307,0.07069680839776993,0.07069680839776993,3.5697
4164,0.027620652690529823,0.027620652690529823,0.07146292924880981,0.07146292924880981,3.5704
4165,0.027613213285803795,0.027613213285803795,0.07078086584806442,0.07078086584806442,3.5713
4166,0.027605772018432617,0.027605772018432617,0.07130283117294312,0.07130283117294312,3.5725
4167,0.02759917639195919,0.02759917639195919,0.07090194523334503,0.07090194523334503,3.5744
4168,0.027593929320573807,0.027593929320573807,0.07111134380102158,0.07111134380102158,3.5758
4169,0.027590174227952957,0.027590174227952957,0.07104791700839996,0.07104791700839996,3.5768
4170,0.027587588876485825,0.027587588876485825,0.07094443589448929,0.07094443589448929,3.5775
4171,0.027585739269852638,0.027585739269852638,0.071163609623909,0.071163609623909,3.5783
4172,0.027584100142121315,0.027584100142121315,0.07082685083150864,0.07082685083150864,3.579
4173,0.027582701295614243,0.027582701295614243,0.07123752683401108,0.07123752683401108,3.58
4174,0.027580413967370987,0.027580413967370987,0.07075880467891693,0.07075880467891693,3.5809
4175,0.027577847242355347,0.027577847242355347,0.07126461714506149,0.07126461714506149,3.5817
4176,0.027574438601732254,0.027574438601732254,0.07073424011468887,0.07073424011468887,3.5825
4177,0.027570556849241257,0.027570556849241257,0.0712340921163559,0.0712340921163559,3.5833
4178,0.02756630815565586,0.02756630815565586,0.07075567543506622,0.07075567543506622,3.5853
4179,0.02756172977387905,0.02756172977387905,0.0711774230003357,0.0711774230003357,3.5917
4180,0.027557138353586197,0.027557138353586197,0.07081566751003265,0.07081566751003265,3.5933
4181,0.02755279280245304,0.02755279280245304,0.07107892632484436,0.07107892632484436,3.5944
4182,0.0275486558675766,0.0275486558675766,0.07085404545068741,0.07085404545068741,3.5953
4183,0.027544986456632614,0.027544986456632614,0.07096642255783081,0.07096642255783081,3.5966
4184,0.0275415126234293,0.0275415126234293,0.07090172171592712,0.07090172171592712,3.5977
4185,0.027538347989320755,0.027538347989320755,0.07088951021432877,0.07088951021432877,3.5987
4186,0.02753528393805027,0.02753528393805027,0.07095098495483398,0.07095098495483398,3.5995
4187,0.027532359585165977,0.027532359585165977,0.07082431018352509,0.07082431018352509,3.6005
4188,0.027529409155249596,0.027529409155249596,0.07098144292831421,0.07098144292831421,3.6016
4189,0.02752641960978508,0.02752641960978508,0.07079058140516281,0.07079058140516281,3.6068
4190,0.027523308992385864,0.027523308992385864,0.07098837196826935,0.07098837196826935,3.6137
4191,0.02752010151743889,0.02752010151743889,0.07076190412044525,0.07076190412044525,3.6186
4192,0.02751680091023445,0.02751680091023445,0.0709603875875473,0.0709603875875473,3.6218
4193,0.027513423934578896,0.027513423934578896,0.07075434923171997,0.07075434923171997,3.6247
4194,0.027509842067956924,0.027509842067956924,0.07091884315013885,0.07091884315013885,3.6265
4195,0.027506351470947266,0.027506351470947266,0.07078482210636139,0.07078482210636139,3.6273
4196,0.027502980083227158,0.027502980083227158,0.07086362689733505,0.07086362689733505,3.628
4197,0.027499690651893616,0.027499690651893616,0.07081995904445648,0.07081995904445648,3.6287
4198,0.02749648690223694,0.02749648690223694,0.07082154601812363,0.07082154601812363,3.6293
4199,0.027493346482515335,0.027493346482515335,0.07084792852401733,0.07084792852401733,3.63
4200,0.027490228414535522,0.027490228414535522,0.07077363133430481,0.07077363133430481,3.6307
4201,0.027487218379974365,0.027487218379974365,0.07085330784320831,0.07085330784320831,3.6314
4202,0.02748442068696022,0.02748442068696022,0.07071875035762787,0.07071875035762787,3.6321
4203,0.027481401339173317,0.027481401339173317,0.07087673246860504,0.07087673246860504,3.6329
4204,0.02747860923409462,0.02747860923409462,0.07068221271038055,0.07068221271038055,3.6335
4205,0.02747592329978943,0.02747592329978943,0.07088255882263184,0.07088255882263184,3.6342
4206,0.02747291885316372,0.02747291885316372,0.07061679661273956,0.07061679661273956,3.6348
4207,0.027470191940665245,0.027470191940665245,0.0708782821893692,0.0708782821893692,3.6354
4208,0.027467316016554832,0.027467316016554832,0.07057785987854004,0.07057785987854004,3.6361
4209,0.027464408427476883,0.027464408427476883,0.07088737189769745,0.07088737189769745,3.6368
4210,0.027461299672722816,0.027461299672722816,0.0705510675907135,0.0705510675907135,3.6376
4211,0.027458209544420242,0.027458209544420242,0.07087059319019318,0.07087059319019318,3.6384
4212,0.027454933151602745,0.027454933151602745,0.07053834199905396,0.07053834199905396,3.6392
4213,0.02745177410542965,0.02745177410542965,0.07085831463336945,0.07085831463336945,3.6399
4214,0.02744866907596588,0.02744866907596588,0.07052401453256607,0.07052401453256607,3.6406
4215,0.027445625513792038,0.027445625513792038,0.07084216177463531,0.07084216177463531,3.6413
4216,0.02744247391819954,0.02744247391819954,0.0705026388168335,0.0705026388168335,3.6421
4217,0.027439255267381668,0.027439255267381668,0.0708308145403862,0.0708308145403862,3.643
4218,0.027435988187789917,0.027435988187789917,0.07050585746765137,0.07050585746765137,3.644
4219,0.0274326391518116,0.0274326391518116,0.07081305235624313,0.07081305235624313,3.6448
4220,0.02742929384112358,0.02742929384112358,0.07050523906946182,0.07050523906946182,3.6455
4221,0.027425896376371384,0.027425896376371384,0.07078786194324493,0.07078786194324493,3.6463
4222,0.027422532439231873,0.027422532439231873,0.07051249593496323,0.07051249593496323,3.6471
4223,0.02741912566125393,0.02741912566125393,0.07075631618499756,0.07075631618499756,3.6479
4224,0.027415763586759567,0.027415763586759567,0.07050861418247223,0.07050861418247223,3.6492
4225,0.0274125374853611,0.0274125374853611,0.0707194060087204,0.0707194060087204,3.65
4226,0.027409514412283897,0.027409514412283897,0.07049830257892609,0.07049830257892609,3.6508
4227,0.02740653231739998,0.02740653231739998,0.07071578502655029,0.07071578502655029,3.6518
4228,0.027403632178902626,0.027403632178902626,0.07048110663890839,0.07048110663890839,3.6525
4229,0.02740081585943699,0.02740081585943699,0.0707191601395607,0.0707191601395607,3.6533
4230,0.027397986501455307,0.027397986501455307,0.0704244077205658,0.0704244077205658,3.6543
4231,0.02739517018198967,0.02739517018198967,0.07070240378379822,0.07070240378379822,3.6552
4232,0.027392268180847168,0.027392268180847168,0.07039058953523636,0.07039058953523636,3.6565
4233,0.027389418333768845,0.027389418333768845,0.07070562988519669,0.07070562988519669,3.6574
4234,0.02738652005791664,0.02738652005791664,0.07035733759403229,0.07035733759403229,3.6581
4235,0.027383694425225258,0.027383694425225258,0.07069678604602814,0.07069678604602814,3.6589
4236,0.02738121524453163,0.02738121524453163,0.0703219547867775,0.0703219547867775,3.6597
4237,0.027378812432289124,0.027378812432289124,0.07072152942419052,0.07072152942419052,3.6604
4238,0.027376335114240646,0.027376335114240646,0.07028285413980484,0.07028285413980484,3.6611
4239,0.027373909950256348,0.027373909950256348,0.07073135673999786,0.07073135673999786,3.6619
4240,0.02737138234078884,0.02737138234078884,0.07024506479501724,0.07024506479501724,3.6627
4241,0.027368810027837753,0.027368810027837753,0.07074520736932755,0.07074520736932755,3.6634
4242,0.027366161346435547,0.027366161346435547,0.07022254168987274,0.07022254168987274,3.6641
4243,0.02736334502696991,0.02736334502696991,0.07074595987796783,0.07074595987796783,3.6648
4244,0.02736040949821472,0.02736040949821472,0.07020054757595062,0.07020054757595062,3.6656
4245,0.02735724113881588,0.02735724113881588,0.07073600590229034,0.07073600590229034,3.6662
4246,0.027353882789611816,0.027353882789611816,0.07019728422164917,0.07019728422164917,3.6671
4247,0.027350325137376785,0.027350325137376785,0.07070866972208023,0.07070866972208023,3.6678
4248,0.027346566319465637,0.027346566319465637,0.07019926607608795,0.07019926607608795,3.6685
4249,0.027342993766069412,0.027342993766069412,0.07066390663385391,0.07066390663385391,3.6693
4250,0.027339886873960495,0.027339886873960495,0.07019700109958649,0.07019700109958649,3.6703
4251,0.027336666360497475,0.027336666360497475,0.0706523060798645,0.0706523060798645,3.671
4252,0.027333343401551247,0.027333343401551247,0.0702022910118103,0.0702022910118103,3.6717
4253,0.02732974849641323,0.02732974849641323,0.07061447948217392,0.07061447948217392,3.6724
4254,0.027326032519340515,0.027326032519340515,0.07019326835870743,0.07019326835870743,3.6731
4255,0.027322251349687576,0.027322251349687576,0.07054396718740463,0.07054396718740463,3.6738
4256,0.0273184385150671,0.0273184385150671,0.07021071016788483,0.07021071016788483,3.6764
4257,0.02731471322476864,0.02731471322476864,0.07048435509204865,0.07048435509204865,3.6784
4258,0.02731105126440525,0.02731105126440525,0.07023438811302185,0.07023438811302185,3.6798
4259,0.027307778596878052,0.027307778596878052,0.07041418552398682,0.07041418552398682,3.6809
4260,0.02730429545044899,0.02730429545044899,0.07025511562824249,0.07025511562824249,3.6843
4261,0.027301127091050148,0.027301127091050148,0.07038021087646484,0.07038021087646484,3.6867
4262,0.027297943830490112,0.027297943830490112,0.07026904821395874,0.07026904821395874,3.6881
4263,0.027294835075736046,0.027294835075736046,0.070340096950531,0.070340096950531,3.6907
4264,0.027291733771562576,0.027291733771562576,0.07027751952409744,0.07027751952409744,3.6917
4265,0.027288664132356644,0.027288664132356644,0.07031043618917465,0.07031043618917465,3.6927
4266,0.027285639196634293,0.027285639196634293,0.07028929144144058,0.07028929144144058,3.6936
4267,0.027282601222395897,0.027282601222395897,0.07027922570705414,0.07027922570705414,3.6968
4268,0.02727959118783474,0.02727959118783474,0.0702895075082779,0.0702895075082779,3.6978
4269,0.027276579290628433,0.027276579290628433,0.07025311887264252,0.07025311887264252,3.6997
4270,0.027273591607809067,0.027273591607809067,0.07029305398464203,0.07029305398464203,3.7009
4271,0.027270596474409103,0.027270596474409103,0.07022862136363983,0.07022862136363983,3.7017
4272,0.02726784348487854,0.02726784348487854,0.07028733193874359,0.07028733193874359,3.7025
4273,0.027264803647994995,0.027264803647994995,0.07019424438476562,0.07019424438476562,3.7034
4274,0.027261953800916672,0.027261953800916672,0.07028984278440475,0.07028984278440475,3.7046
4275,0.02725895121693611,0.02725895121693611,0.07017974555492401,0.07017974555492401,3.7053
4276,0.02725609578192234,0.02725609578192234,0.07029181718826294,0.07029181718826294,3.706
4277,0.02725311741232872,0.02725311741232872,0.0701572448015213,0.0701572448015213,3.7073
4278,0.027250176295638084,0.027250176295638084,0.07026257365942001,0.07026257365942001,3.7085
4279,0.027247246354818344,0.027247246354818344,0.07011362165212631,0.07011362165212631,3.7094
4280,0.027244288474321365,0.027244288474321365,0.07024995982646942,0.07024995982646942,3.7101
4281,0.027241399511694908,0.027241399511694908,0.07008764147758484,0.07008764147758484,3.7112
4282,0.027238741517066956,0.027238741517066956,0.07024215906858444,0.07024215906858444,3.7129
4283,0.027235954999923706,0.027235954999923706,0.07004199922084808,0.07004199922084808,3.7138
4284,0.027233397588133812,0.027233397588133812,0.07026852667331696,0.07026852667331696,3.7148
4285,0.027231058105826378,0.027231058105826378,0.07000221312046051,0.07000221312046051,3.7169
4286,0.02722874842584133,0.02722874842584133,0.07030291855335236,0.07030291855335236,3.7186
4287,0.027226680889725685,0.027226680889725685,0.06994328647851944,0.06994328647851944,3.7195
4288,0.02722480334341526,0.02722480334341526,0.07033691555261612,0.07033691555261612,3.7203
4289,0.027223190292716026,0.027223190292716026,0.06988240778446198,0.06988240778446198,3.7211
4290,0.027221936732530594,0.027221936732530594,0.07038899511098862,0.07038899511098862,3.7226
4291,0.027221012860536575,0.027221012860536575,0.06980737298727036,0.06980737298727036,3.7234
4292,0.027220511808991432,0.027220511808991432,0.07044591009616852,0.07044591009616852,3.7242
4293,0.02722029760479927,0.02722029760479927,0.06973248720169067,0.06973248720169067,3.7249
4294,0.02722049318253994,0.02722049318253994,0.07051636278629303,0.07051636278629303,3.7257
4295,0.02722126804292202,0.02722126804292202,0.0696512907743454,0.0696512907743454,3.7266
4296,0.027222078293561935,0.027222078293561935,0.07058148086071014,0.07058148086071014,3.7274
4297,0.02722250297665596,0.02722250297665596,0.06957606226205826,0.06957606226205826,3.7282
4298,0.02722086012363434,0.02722086012363434,0.07062326371669769,0.07062326371669769,3.7289
4299,0.0272165946662426,0.0272165946662426,0.06957594305276871,0.06957594305276871,3.7296
4300,0.027209211140871048,0.027209211140871048,0.07054613530635834,0.07054613530635834,3.7304
4301,0.027199584990739822,0.027199584990739822,0.06963396817445755,0.06963396817445755,3.7327
4302,0.027189353480935097,0.027189353480935097,0.07032807171344757,0.07032807171344757,3.7338
4303,0.027180243283510208,0.027180243283510208,0.06980524957180023,0.06980524957180023,3.7347
4304,0.027173712849617004,0.027173712849617004,0.07007931172847748,0.07007931172847748,3.7355
4305,0.027170035988092422,0.027170035988092422,0.07000972330570221,0.07000972330570221,3.7369
4306,0.027169112116098404,0.027169112116098404,0.06983839720487595,0.06983839720487595,3.7378
4307,0.027169570326805115,0.027169570326805115,0.0702003538608551,0.0702003538608551,3.7385
4308,0.027170026674866676,0.027170026674866676,0.06969717890024185,0.06969717890024185,3.7393
4309,0.02716902457177639,0.02716902457177639,0.07028713077306747,0.07028713077306747,3.74
4310,0.027166152372956276,0.027166152372956276,0.06965181231498718,0.06965181231498718,3.7407
4311,0.027161384001374245,0.027161384001374245,0.07024069875478745,0.07024069875478745,3.7415
4312,0.027155572548508644,0.027155572548508644,0.06971704959869385,0.06971704959869385,3.7422
4313,0.027149707078933716,0.027149707078933716,0.07010550796985626,0.07010550796985626,3.7429
4314,0.0271446593105793,0.0271446593105793,0.06984185427427292,0.06984185427427292,3.7437
4315,0.027140948921442032,0.027140948921442032,0.06993043422698975,0.06993043422698975,3.7444
4316,0.02713841199874878,0.02713841199874878,0.0699794739484787,0.0699794739484787,3.7451
4317,0.027136672288179398,0.027136672288179398,0.06979577243328094,0.06979577243328094,3.7458
4318,0.027135055512189865,0.027135055512189865,0.07006986439228058,0.07006986439228058,3.7465
4319,0.02713349461555481,0.02713349461555481,0.06970516592264175,0.06970516592264175,3.7472
4320,0.027131468057632446,0.027131468057632446,0.07010354101657867,0.07010354101657867,3.7479
4321,0.027128789573907852,0.027128789573907852,0.0696755051612854,0.0696755051612854,3.7487
4322,0.027125224471092224,0.027125224471092224,0.07008720189332962,0.07008720189332962,3.7495
4323,0.027121201157569885,0.027121201157569885,0.06971506774425507,0.06971506774425507,3.7507
4324,0.02711697854101658,0.02711697854101658,0.06999480724334717,0.06999480724334717,3.7515
4325,0.02711295522749424,0.02711295522749424,0.06976630538702011,0.06976630538702011,3.7522
4326,0.02710951305925846,0.02710951305925846,0.06985549628734589,0.06985549628734589,3.753
4327,0.02710658684372902,0.02710658684372902,0.06984254717826843,0.06984254717826843,3.7538
4328,0.027104031294584274,0.027104031294584274,0.06975337117910385,0.06975337117910385,3.7545
4329,0.027101770043373108,0.027101770043373108,0.06989911943674088,0.06989911943674088,3.7552
4330,0.027099717408418655,0.027099717408418655,0.06967184692621231,0.06967184692621231,3.7558
4331,0.027097363024950027,0.027097363024950027,0.06994164735078812,0.06994164735078812,3.7565
4332,0.027094805613160133,0.027094805613160133,0.06964395940303802,0.06964395940303802,3.7572
4333,0.027091678231954575,0.027091678231954575,0.06993423402309418,0.06993423402309418,3.7579
4334,0.02708836831152439,0.02708836831152439,0.06965042650699615,0.06965042650699615,3.7586
4335,0.02708486281335354,0.02708486281335354,0.06987394392490387,0.06987394392490387,3.7592
4336,0.02708139456808567,0.02708139456808567,0.0696917399764061,0.0696917399764061,3.7598
4337,0.027078187093138695,0.027078187093138695,0.06980133056640625,0.06980133056640625,3.7605
4338,0.02707510255277157,0.02707510255277157,0.06974147260189056,0.06974147260189056,3.7612
4339,0.02707231044769287,0.02707231044769287,0.06972423940896988,0.06972423940896988,3.7619
4340,0.027069607749581337,0.027069607749581337,0.06978645920753479,0.06978645920753479,3.7625
4341,0.02706698141992092,0.02706698141992092,0.0696721225976944,0.0696721225976944,3.7632
4342,0.027064388617873192,0.027064388617873192,0.06980814784765244,0.06980814784765244,3.7639
4343,0.027062276378273964,0.027062276378273964,0.06962068378925323,0.06962068378925323,3.7646
4344,0.027059173211455345,0.027059173211455345,0.0698138102889061,0.0698138102889061,3.7653
4345,0.027056485414505005,0.027056485414505005,0.06962216645479202,0.06962216645479202,3.7662
4346,0.02705341950058937,0.02705341950058937,0.06978321075439453,0.06978321075439453,3.7669
4347,0.027050301432609558,0.027050301432609558,0.06960727274417877,0.06960727274417877,3.7677
4348,0.02704738639295101,0.02704738639295101,0.06971576064825058,0.06971576064825058,3.7684
4349,0.027044221758842468,0.027044221758842468,0.0696260929107666,0.0696260929107666,3.7691
4350,0.027041366323828697,0.027041366323828697,0.06967878341674805,0.06967878341674805,3.7698
4351,0.02703847363591194,0.02703847363591194,0.06964635848999023,0.06964635848999023,3.7706
4352,0.027035648003220558,0.027035648003220558,0.0696236863732338,0.0696236863732338,3.7714
4353,0.027032900601625443,0.027032900601625443,0.06965811550617218,0.06965811550617218,3.7725
4354,0.027030179277062416,0.027030179277062416,0.06959111243486404,0.06959111243486404,3.7738
4355,0.027027279138565063,0.027027279138565063,0.06965161859989166,0.06965161859989166,3.7753
4356,0.02702452801167965,0.02702452801167965,0.06957536935806274,0.06957536935806274,3.7763
4357,0.027021652087569237,0.027021652087569237,0.06962569057941437,0.06962569057941437,3.7772
4358,0.027018850669264793,0.027018850669264793,0.06957986205816269,0.06957986205816269,3.778
4359,0.027016010135412216,0.027016010135412216,0.06961701810359955,0.06961701810359955,3.779
4360,0.027013132348656654,0.027013132348656654,0.06958423554897308,0.06958423554897308,3.7798
4361,0.027010386809706688,0.027010386809706688,0.06959390640258789,0.06959390640258789,3.7805
4362,0.027007510885596275,0.027007510885596275,0.06958138942718506,0.06958138942718506,3.7813
4363,0.027004778385162354,0.027004778385162354,0.06957376003265381,0.06957376003265381,3.7825
4364,0.027001935988664627,0.027001935988664627,0.06957335025072098,0.06957335025072098,3.7833
4365,0.02699914574623108,0.02699914574623108,0.06954824924468994,0.06954824924468994,3.784
4366,0.026996362954378128,0.026996362954378128,0.06956686079502106,0.06956686079502106,3.7847
4367,0.026993710547685623,0.026993710547685623,0.06952141225337982,0.06952141225337982,3.7856
4368,0.026991045102477074,0.026991045102477074,0.06958366930484772,0.06958366930484772,3.787
4369,0.026988491415977478,0.026988491415977478,0.06948186457157135,0.06948186457157135,3.7898
4370,0.026986008509993553,0.026986008509993553,0.06960125267505646,0.06960125267505646,3.7911
4371,0.02698349393904209,0.02698349393904209,0.06941388547420502,0.06941388547420502,3.7921
4372,0.02698102593421936,0.02698102593421936,0.06959587335586548,0.06959587335586548,3.7943
4373,0.026978489011526108,0.026978489011526108,0.0693715363740921,0.0693715363740921,3.7964
4374,0.02697593905031681,0.02697593905031681,0.06960514932870865,0.06960514932870865,3.7982
4375,0.026973363012075424,0.026973363012075424,0.06934257596731186,0.06934257596731186,3.8
4376,0.026970792561769485,0.026970792561769485,0.06960556656122208,0.06960556656122208,3.8036
4377,0.02696816995739937,0.02696816995739937,0.06931986659765244,0.06931986659765244,3.8171
4378,0.026965538039803505,0.026965538039803505,0.06960383802652359,0.06960383802652359,3.8182
4379,0.026962831616401672,0.026962831616401672,0.0692969337105751,0.0692969337105751,3.8239
4380,0.026960361748933792,0.026960361748933792,0.06958968192338943,0.06958968192338943,3.8368
4381,0.02695784531533718,0.02695784531533718,0.06926427781581879,0.06926427781581879,3.8774
4382,0.026955535635352135,0.026955535635352135,0.0696009173989296,0.0696009173989296,3.8836
4383,0.02695317193865776,0.02695317193865776,0.06923657655715942,0.06923657655715942,3.885
4384,0.026950791478157043,0.026950791478157043,0.06961357593536377,0.06961357593536377,3.886
4385,0.026948388665914536,0.026948388665914536,0.06921592354774475,0.06921592354774475,3.8874
4386,0.026945944875478745,0.026945944875478745,0.06962551921606064,0.06962551921606064,3.8885
4387,0.02694350853562355,0.02694350853562355,0.06919390708208084,0.06919390708208084,3.8893
4388,0.02694106101989746,0.02694106101989746,0.06962072104215622,0.06962072104215622,3.8901
4389,0.026939403265714645,0.026939403265714645,0.0691508874297142,0.0691508874297142,3.8909
4390,0.02693713642656803,0.02693713642656803,0.06963536888360977,0.06963536888360977,3.8916
4391,0.02693508192896843,0.02693508192896843,0.06912499666213989,0.06912499666213989,3.8927
4392,0.026932859793305397,0.026932859793305397,0.06963827461004257,0.06963827461004257,3.8939
4393,0.026930933818221092,0.026930933818221092,0.06906851381063461,0.06906851381063461,3.8949
4394,0.026928860694169998,0.026928860694169998,0.06963180005550385,0.06963180005550385,3.8957
4395,0.02692652866244316,0.02692652866244316,0.06904350221157074,0.06904350221157074,3.8965
4396,0.02692370116710663,0.02692370116710663,0.06963036209344864,0.06963036209344864,3.8977
4397,0.026920557022094727,0.026920557022094727,0.06903129070997238,0.06903129070997238,3.8992
4398,0.026917114853858948,0.026917114853858948,0.06959166377782822,0.06959166377782822,3.9027
4399,0.026913214474916458,0.026913214474916458,0.06905026733875275,0.06905026733875275,3.9104
4400,0.02690930664539337,0.02690930664539337,0.06954114139080048,0.06954114139080048,3.9122
4401,0.026905063539743423,0.026905063539743423,0.06908266991376877,0.06908266991376877,3.9156
4402,0.02690105512738228,0.02690105512738228,0.0694541335105896,0.0694541335105896,3.9168
4403,0.026897048577666283,0.026897048577666283,0.06912831962108612,0.06912831962108612,3.9178
4404,0.026893358677625656,0.026893358677625656,0.06937704980373383,0.06937704980373383,3.9185
4405,0.02688993513584137,0.02688993513584137,0.0691913515329361,0.0691913515329361,3.9192
4406,0.02688690461218357,0.02688690461218357,0.06929641962051392,0.06929641962051392,3.92
4407,0.026883985847234726,0.026883985847234726,0.06923040747642517,0.06923040747642517,3.9211
4408,0.026881271973252296,0.026881271973252296,0.0692472830414772,0.0692472830414772,3.922
4409,0.026878584176301956,0.026878584176301956,0.06925719976425171,0.06925719976425171,3.9235
4410,0.026875976473093033,0.026875976473093033,0.06920290738344193,0.06920290738344193,3.9251
4411,0.02687336876988411,0.02687336876988411,0.06927105039358139,0.06927105039358139,3.9313
4412,0.02687094174325466,0.02687094174325466,0.06916831433773041,0.06916831433773041,3.9322
4413,0.02686825767159462,0.02686825767159462,0.06926698982715607,0.06926698982715607,3.933
4414,0.026865502819418907,0.026865502819418907,0.06916303932666779,0.06916303932666779,3.9337
4415,0.026862794533371925,0.026862794533371925,0.06925425678491592,0.06925425678491592,3.9345
4416,0.026860054582357407,0.026860054582357407,0.06914905458688736,0.06914905458688736,3.9353
4417,0.026857322081923485,0.026857322081923485,0.06920897960662842,0.06920897960662842,3.9362
4418,0.026854613795876503,0.026854613795876503,0.06911829859018326,0.06911829859018326,3.937
4419,0.02685205265879631,0.02685205265879631,0.06918595731258392,0.06918595731258392,3.9377
4420,0.02684934437274933,0.02684934437274933,0.0691051185131073,0.0691051185131073,3.9384
4421,0.02684667706489563,0.02684667706489563,0.06918682903051376,0.06918682903051376,3.939
4422,0.026844162493944168,0.026844162493944168,0.0690743550658226,0.0690743550658226,3.9397
4423,0.02684149146080017,0.02684149146080017,0.0691896378993988,0.0691896378993988,3.9406
4424,0.026838943362236023,0.026838943362236023,0.06905863434076309,0.06905863434076309,3.9415
4425,0.026836350560188293,0.026836350560188293,0.06919194757938385,0.06919194757938385,3.9423
4426,0.026833752170205116,0.026833752170205116,0.06902740895748138,0.06902740895748138,3.943
4427,0.026831209659576416,0.026831209659576416,0.06918297708034515,0.06918297708034515,3.9447
4428,0.02682865783572197,0.02682865783572197,0.06900368630886078,0.06900368630886078,3.9454
4429,0.02682611346244812,0.02682611346244812,0.0691898837685585,0.0691898837685585,3.9461
4430,0.026823624968528748,0.026823624968528748,0.06897907704114914,0.06897907704114914,3.9468
4431,0.026821184903383255,0.026821184903383255,0.06919626891613007,0.06919626891613007,3.9474
4432,0.026818772777915,0.026818772777915,0.06895171105861664,0.06895171105861664,3.9481
4433,0.026816759258508682,0.026816759258508682,0.06920898705720901,0.06920898705720901,3.9488
4434,0.02681519091129303,0.02681519091129303,0.06888841092586517,0.06888841092586517,3.9495
4435,0.026813924312591553,0.026813924312591553,0.06926164031028748,0.06926164031028748,3.9502
4436,0.026813115924596786,0.026813115924596786,0.06881473958492279,0.06881473958492279,3.951
4437,0.026812653988599777,0.026812653988599777,0.06932626664638519,0.06932626664638519,3.9517
4438,0.026812534779310226,0.026812534779310226,0.06871581077575684,0.06871581077575684,3.9524
4439,0.02681291662156582,0.02681291662156582,0.069380983710289,0.069380983710289,3.9531
4440,0.026813438162207603,0.026813438162207603,0.06862890720367432,0.06862890720367432,3.9538
4441,0.026814308017492294,0.026814308017492294,0.06945482641458511,0.06945482641458511,3.9545
4442,0.026814673095941544,0.026814673095941544,0.06855158507823944,0.06855158507823944,3.9552
4443,0.02681460976600647,0.02681460976600647,0.0694914162158966,0.0694914162158966,3.9559
4444,0.026813644915819168,0.026813644915819168,0.06850381940603256,0.06850381940603256,3.9565
4445,0.026810824871063232,0.026810824871063232,0.069501131772995,0.069501131772995,3.9578
4446,0.026805315166711807,0.026805315166711807,0.06851942837238312,0.06851942837238312,3.959
4447,0.02679760754108429,0.02679760754108429,0.06939898431301117,0.06939898431301117,3.9598
4448,0.02678854390978813,0.02678854390978813,0.0686187818646431,0.0686187818646431,3.9605
4449,0.026779722422361374,0.026779722422361374,0.06921268254518509,0.06921268254518509,3.9612
4450,0.026772374287247658,0.026772374287247658,0.06879478693008423,0.06879478693008423,3.9619
4451,0.026767397299408913,0.026767397299408913,0.06898646801710129,0.06898646801710129,3.9626
4452,0.02676481567323208,0.02676481567323208,0.06897781044244766,0.06897781044244766,3.9632
4453,0.02676388993859291,0.02676388993859291,0.06879590451717377,0.06879590451717377,3.9639
4454,0.02676372230052948,0.02676372230052948,0.0691256895661354,0.0691256895661354,3.9646
4455,0.026763346046209335,0.026763346046209335,0.068680539727211,0.068680539727211,3.9653
4456,0.02676231786608696,0.02676231786608696,0.06918630003929138,0.06918630003929138,3.966
4457,0.026760458946228027,0.026760458946228027,0.06863199174404144,0.06863199174404144,3.9666
4458,0.02675706520676613,0.02675706520676613,0.06917611509561539,0.06917611509561539,3.9673
4459,0.026752840727567673,0.026752840727567673,0.06866168975830078,0.06866168975830078,3.9681
4460,0.02674833871424198,0.02674833871424198,0.06907398998737335,0.06907398998737335,3.9689
4461,0.026743581518530846,0.026743581518530846,0.06871155649423599,0.06871155649423599,3.9701
4462,0.02673964761197567,0.02673964761197567,0.06893392652273178,0.06893392652273178,3.971
4463,0.02673625573515892,0.02673625573515892,0.06880141794681549,0.06880141794681549,3.9719
4464,0.02673346921801567,0.02673346921801567,0.06881856173276901,0.06881856173276901,3.9727
4465,0.026731332764029503,0.026731332764029503,0.0688917264342308,0.0688917264342308,3.9736
4466,0.026729393750429153,0.026729393750429153,0.06872595846652985,0.06872595846652985,3.9747
4467,0.026727501302957535,0.026727501302957535,0.06894735991954803,0.06894735991954803,3.9755
4468,0.026725342497229576,0.026725342497229576,0.06867466866970062,0.06867466866970062,3.9765
4469,0.026722824200987816,0.026722824200987816,0.06894618272781372,0.06894618272781372,3.9778
4470,0.02672005631029606,0.02672005631029606,0.06865523755550385,0.06865523755550385,3.9787
4471,0.026717165485024452,0.026717165485024452,0.06890517473220825,0.06890517473220825,3.9795
4472,0.02671414613723755,0.02671414613723755,0.06867017596960068,0.06867017596960068,3.9802
4473,0.02671119011938572,0.02671119011938572,0.06886706501245499,0.06886706501245499,3.9808
4474,0.026708226650953293,0.026708226650953293,0.06870239228010178,0.06870239228010178,3.9815
4475,0.026705333963036537,0.026705333963036537,0.06881654262542725,0.06881654262542725,3.9823
4476,0.02670256793498993,0.02670256793498993,0.06874942034482956,0.06874942034482956,3.9831
4477,0.026699969545006752,0.026699969545006752,0.06876270473003387,0.06876270473003387,3.9838
4478,0.026697475463151932,0.026697475463151932,0.0687786191701889,0.0687786191701889,3.9846
4479,0.02669544890522957,0.02669544890522957,0.06869081407785416,0.06869081407785416,3.9854
4480,0.02669299580156803,0.02669299580156803,0.06881298124790192,0.06881298124790192,3.9862
4481,0.026690945029258728,0.026690945029258728,0.06864307820796967,0.06864307820796967,3.9873
4482,0.02668856456875801,0.02668856456875801,0.0688241720199585,0.0688241720199585,3.9882
4483,0.026686066761612892,0.026686066761612892,0.06859729439020157,0.06859729439020157,3.989
4484,0.026683473959565163,0.026683473959565163,0.06880322098731995,0.06880322098731995,3.9896
4485,0.026680778712034225,0.026680778712034225,0.06859534978866577,0.06859534978866577,3.9903
4486,0.026678195223212242,0.026678195223212242,0.06877826154232025,0.06877826154232025,3.991
4487,0.02667541801929474,0.02667541801929474,0.06858287006616592,0.06858287006616592,3.9917
4488,0.02667280100286007,0.02667280100286007,0.06874360889196396,0.06874360889196396,3.9925
4489,0.02667003497481346,0.02667003497481346,0.06858420372009277,0.06858420372009277,3.9935
4490,0.026667416095733643,0.026667416095733643,0.06871932744979858,0.06871932744979858,3.9942
4491,0.02666463889181614,0.02666463889181614,0.06859640032052994,0.06859640032052994,3.995
4492,0.026662027463316917,0.026662027463316917,0.06868233531713486,0.06868233531713486,3.9958
4493,0.02665933407843113,0.02665933407843113,0.06861145794391632,0.06861145794391632,3.9965
4494,0.026656746864318848,0.026656746864318848,0.0686524510383606,0.0686524510383606,3.9973
4495,0.02665412798523903,0.02665412798523903,0.06862139701843262,0.06862139701843262,3.9981
4496,0.026651659980416298,0.026651659980416298,0.06861048936843872,0.06861048936843872,3.9992
4497,0.026649098843336105,0.026649098843336105,0.06862376630306244,0.06862376630306244,4.0001
4498,0.026646578684449196,0.026646578684449196,0.0685877799987793,0.0685877799987793,4.0009
4499,0.026644131168723106,0.026644131168723106,0.06863324344158173,0.06863324344158173,4.0016
4500,0.026641732081770897,0.026641732081770897,0.06856459379196167,0.06856459379196167,4.0024
4501,0.02663913369178772,0.02663913369178772,0.0686199814081192,0.0686199814081192,4.0033
4502,0.02663671039044857,0.02663671039044857,0.06855117529630661,0.06855117529630661,4.0041
4503,0.026634201407432556,0.026634201407432556,0.06861995160579681,0.06861995160579681,4.0051
4504,0.0266317930072546,0.0266317930072546,0.06853578239679337,0.06853578239679337,4.0059
4505,0.026629209518432617,0.026629209518432617,0.06860379129648209,0.06860379129648209,4.0072
4506,0.02662675641477108,0.02662675641477108,0.06849744915962219,0.06849744915962219,4.0082
4507,0.026624232530593872,0.026624232530593872,0.06857967376708984,0.06857967376708984,4.0089
4508,0.026621723547577858,0.026621723547577858,0.06848189979791641,0.06848189979791641,4.0097
4509,0.026619214564561844,0.026619214564561844,0.06857122480869293,0.06857122480869293,4.0105
4510,0.026616713032126427,0.026616713032126427,0.06846632063388824,0.06846632063388824,4.0112
4511,0.02661418914794922,0.02661418914794922,0.06855592131614685,0.06855592131614685,4.0119
4512,0.026611685752868652,0.026611685752868652,0.06845283508300781,0.06845283508300781,4.0126
4513,0.026609202846884727,0.026609202846884727,0.06854400783777237,0.06854400783777237,4.0134
4514,0.026606809347867966,0.026606809347867966,0.06842398643493652,0.06842398643493652,4.0144
4515,0.02660449780523777,0.02660449780523777,0.06854810565710068,0.06854810565710068,4.0156
4516,0.02660216949880123,0.02660216949880123,0.06839136779308319,0.06839136779308319,4.0185
4517,0.026599889621138573,0.026599889621138573,0.06856225430965424,0.06856225430965424,4.0198
4518,0.026597613468766212,0.026597613468766212,0.06836626678705215,0.06836626678705215,4.0211
4519,0.02659538947045803,0.02659538947045803,0.06857883930206299,0.06857883930206299,4.0223
4520,0.026593178510665894,0.026593178510665894,0.0683395192027092,0.0683395192027092,4.0235
4521,0.026591062545776367,0.026591062545776367,0.06859204173088074,0.06859204173088074,4.0246
4522,0.0265889260917902,0.0265889260917902,0.06829752773046494,0.06829752773046494,4.0254
4523,0.02658732235431671,0.02658732235431671,0.06859854608774185,0.06859854608774185,4.0261
4524,0.026585835963487625,0.026585835963487625,0.06823976337909698,0.06823976337909698,4.0268
4525,0.026584425941109657,0.026584425941109657,0.06864764541387558,0.06864764541387558,4.0275
4526,0.026583561673760414,0.026583561673760414,0.06818504631519318,0.06818504631519318,4.0282
4527,0.026582885533571243,0.026582885533571243,0.0686967521905899,0.0686967521905899,4.0289
4528,0.026582468301057816,0.026582468301057816,0.06809898465871811,0.06809898465871811,4.0296
4529,0.026582662016153336,0.026582662016153336,0.06873613595962524,0.06873613595962524,4.0333
4530,0.02658325433731079,0.02658325433731079,0.06801271438598633,0.06801271438598633,4.0375
4531,0.026584137231111526,0.026584137231111526,0.06880243122577667,0.06880243122577667,4.0387
4532,0.02658608928322792,0.02658608928322792,0.06791818141937256,0.06791818141937256,4.0395
4533,0.02658722922205925,0.02658722922205925,0.06887251138687134,0.06887251138687134,4.0405
4534,0.02658679522573948,0.02658679522573948,0.06787283718585968,0.06787283718585968,4.0415
4535,0.026584187522530556,0.026584187522530556,0.06889283657073975,0.06889283657073975,4.0439
4536,0.026578828692436218,0.026578828692436218,0.06789223104715347,0.06789223104715347,4.0458
4537,0.026571106165647507,0.026571106165647507,0.06879784911870956,0.06879784911870956,4.0482
4538,0.026561876758933067,0.026561876758933067,0.06798999756574631,0.06798999756574631,4.0519
4539,0.02655273675918579,0.02655273675918579,0.06859596818685532,0.06859596818685532,4.0587
4540,0.026545196771621704,0.026545196771621704,0.06815516948699951,0.06815516948699951,4.0612
4541,0.026540135964751244,0.026540135964751244,0.0683591291308403,0.0683591291308403,4.0628
4542,0.026537764817476273,0.026537764817476273,0.06835080683231354,0.06835080683231354,4.0663
4543,0.026537423953413963,0.026537423953413963,0.0681576058268547,0.0681576058268547,4.0682
4544,0.026538144797086716,0.026538144797086716,0.06852623075246811,0.06852623075246811,4.0709
4545,0.026538753882050514,0.026538753882050514,0.06803028285503387,0.06803028285503387,4.0734
4546,0.02653823234140873,0.02653823234140873,0.06860009580850601,0.06860009580850601,4.0789
4547,0.026535814628005028,0.026535814628005028,0.06797277182340622,0.06797277182340622,4.0839
4548,0.026531774550676346,0.026531774550676346,0.06854191422462463,0.06854191422462463,4.086
4549,0.02652670070528984,0.02652670070528984,0.0680132657289505,0.0680132657289505,4.0901
4550,0.026521440595388412,0.026521440595388412,0.06841757893562317,0.06841757893562317,4.0918
4551,0.02651672065258026,0.02651672065258026,0.06812340766191483,0.06812340766191483,4.0939
4552,0.026513095945119858,0.026513095945119858,0.06826388090848923,0.06826388090848923,4.0947
4553,0.02651059627532959,0.02651059627532959,0.06824951618909836,0.06824951618909836,4.0956
4554,0.02650890313088894,0.02650890313088894,0.06813201308250427,0.06813201308250427,4.0964
4555,0.02650758996605873,0.02650758996605873,0.06834161281585693,0.06834161281585693,4.0971
4556,0.02650618553161621,0.02650618553161621,0.06803767383098602,0.06803767383098602,4.0979
4557,0.02650444209575653,0.02650444209575653,0.06836771965026855,0.06836771965026855,4.0995
4558,0.02650235965847969,0.02650235965847969,0.06799576431512833,0.06799576431512833,4.1009
4559,0.02649976871907711,0.02649976871907711,0.0683613196015358,0.0683613196015358,4.1021
4560,0.02649664506316185,0.02649664506316185,0.06801223754882812,0.06801223754882812,4.1033
4561,0.026493210345506668,0.026493210345506668,0.0683123916387558,0.0683123916387558,4.1042
4562,0.026489850133657455,0.026489850133657455,0.06807228177785873,0.06807228177785873,4.105
4563,0.0264867153018713,0.0264867153018713,0.06823041290044785,0.06823041290044785,4.1057
4564,0.02648388221859932,0.02648388221859932,0.06813698261976242,0.06813698261976242,4.1064
4565,0.02648143470287323,0.02648143470287323,0.06813502311706543,0.06813502311706543,4.1072
4566,0.026479369029402733,0.026479369029402733,0.06818803399801254,0.06818803399801254,4.1079
4567,0.02647762931883335,0.02647762931883335,0.06804800033569336,0.06804800033569336,4.1086
4568,0.026475805789232254,0.026475805789232254,0.06824439764022827,0.06824439764022827,4.1093
4569,0.02647393010556698,0.02647393010556698,0.06800113618373871,0.06800113618373871,4.11
4570,0.02647193893790245,0.02647193893790245,0.06825895607471466,0.06825895607471466,4.1106
4571,0.02646971307694912,0.02646971307694912,0.06795267015695572,0.06795267015695572,4.1113
4572,0.026467278599739075,0.026467278599739075,0.06823495775461197,0.06823495775461197,4.1119
4573,0.02646470069885254,0.02646470069885254,0.06794507801532745,0.06794507801532745,4.1126
4574,0.026461705565452576,0.026461705565452576,0.06819914281368256,0.06819914281368256,4.1133
4575,0.026458730921149254,0.026458730921149254,0.06797034293413162,0.06797034293413162,4.1139
4576,0.02645586058497429,0.02645586058497429,0.06813985109329224,0.06813985109329224,4.1146
4577,0.026453088968992233,0.026453088968992233,0.06801236420869827,0.06801236420869827,4.1154
4578,0.02645048126578331,0.02645048126578331,0.06807547807693481,0.06807547807693481,4.1163
4579,0.026448022574186325,0.026448022574186325,0.0680469274520874,0.0680469274520874,4.1173
4580,0.026445681229233742,0.026445681229233742,0.06800714135169983,0.06800714135169983,4.1182
4581,0.026443442329764366,0.026443442329764366,0.06807003915309906,0.06807003915309906,4.119
4582,0.02644125185906887,0.02644125185906887,0.06796181201934814,0.06796181201934814,4.1197
4583,0.026438981294631958,0.026438981294631958,0.06808976083993912,0.06808976083993912,4.1204
4584,0.026436755433678627,0.026436755433678627,0.06793664395809174,0.06793664395809174,4.1212
4585,0.0264345221221447,0.0264345221221447,0.06809496879577637,0.06809496879577637,4.1218
4586,0.026432281360030174,0.026432281360030174,0.06791142374277115,0.06791142374277115,4.1225
4587,0.02643008902668953,0.02643008902668953,0.06809523701667786,0.06809523701667786,4.1232
4588,0.026428449898958206,0.026428449898958206,0.06787355989217758,0.06787355989217758,4.1239
4589,0.026426047086715698,0.026426047086715698,0.06810740381479263,0.06810740381479263,4.1245
4590,0.02642395719885826,0.02642395719885826,0.06785980612039566,0.06785980612039566,4.1253
4591,0.026421556249260902,0.026421556249260902,0.0680956244468689,0.0680956244468689,4.1262
4592,0.026418983936309814,0.026418983936309814,0.06783507019281387,0.06783507019281387,4.1273
4593,0.026416247710585594,0.026416247710585594,0.0680537298321724,0.0680537298321724,4.128
4594,0.02641371823847294,0.02641371823847294,0.06784240901470184,0.06784240901470184,4.1287
4595,0.026411022990942,0.026411022990942,0.06801683455705643,0.06801683455705643,4.1293
4596,0.02640838362276554,0.02640838362276554,0.06784681230783463,0.06784681230783463,4.13
4597,0.02640584111213684,0.02640584111213684,0.06797192245721817,0.06797192245721817,4.1308
4598,0.026403237134218216,0.026403237134218216,0.06786775588989258,0.06786775588989258,4.1315
4599,0.026400815695524216,0.026400815695524216,0.06793924421072006,0.06793924421072006,4.1334
4600,0.026398519054055214,0.026398519054055214,0.0678788423538208,0.0678788423538208,4.1342
4601,0.026395995169878006,0.026395995169878006,0.06788657605648041,0.06788657605648041,4.1349
4602,0.02639366127550602,0.02639366127550602,0.06790895760059357,0.06790895760059357,4.1356
4603,0.02639152482151985,0.02639152482151985,0.06784407794475555,0.06784407794475555,4.1363
4604,0.02638925611972809,0.02638925611972809,0.0679313987493515,0.0679313987493515,4.1371
4605,0.02638716623187065,0.02638716623187065,0.06780344247817993,0.06780344247817993,4.1378
4606,0.026384970173239708,0.026384970173239708,0.06795217841863632,0.06795217841863632,4.1385
4607,0.026382869109511375,0.026382869109511375,0.06778104603290558,0.06778104603290558,4.1392
4608,0.026380673050880432,0.026380673050880432,0.06795863807201385,0.06795863807201385,4.1399
4609,0.02637917920947075,0.02637917920947075,0.06773252785205841,0.06773252785205841,4.1407
4610,0.026376957073807716,0.026376957073807716,0.06797436624765396,0.06797436624765396,4.1414
4611,0.02637520432472229,0.02637520432472229,0.06769680976867676,0.06769680976867676,4.1422
4612,0.02637326344847679,0.02637326344847679,0.06798766553401947,0.06798766553401947,4.1429
4613,0.02637138031423092,0.02637138031423092,0.06764296442270279,0.06764296442270279,4.1435
4614,0.02636929787695408,0.02636929787695408,0.0679817721247673,0.0679817721247673,4.1442
4615,0.026367586106061935,0.026367586106061935,0.06761322915554047,0.06761322915554047,4.1449
4616,0.02636595070362091,0.02636595070362091,0.0679936558008194,0.0679936558008194,4.1456
4617,0.02636406384408474,0.02636406384408474,0.06756837666034698,0.06756837666034698,4.1462
4618,0.02636275254189968,0.02636275254189968,0.06801199167966843,0.06801199167966843,4.1469
4619,0.026361173018813133,0.026361173018813133,0.06752796471118927,0.06752796471118927,4.1476
4620,0.026359662413597107,0.026359662413597107,0.06803445518016815,0.06803445518016815,4.1483
4621,0.02635800838470459,0.02635800838470459,0.06749280542135239,0.06749280542135239,4.1494
4622,0.026356186717748642,0.026356186717748642,0.06803791970014572,0.06803791970014572,4.1506
4623,0.02635416015982628,0.02635416015982628,0.06746895611286163,0.06746895611286163,4.1513
4624,0.026352038607001305,0.026352038607001305,0.06804154813289642,0.06804154813289642,4.152
4625,0.02634945511817932,0.02634945511817932,0.06746339797973633,0.06746339797973633,4.1527
4626,0.026346702128648758,0.026346702128648758,0.06801730394363403,0.06801730394363403,4.1534
4627,0.026343677192926407,0.026343677192926407,0.0674659013748169,0.0674659013748169,4.154
4628,0.026340415701270103,0.026340415701270103,0.06797558069229126,0.06797558069229126,4.1547
4629,0.02633695863187313,0.02633695863187313,0.0674862340092659,0.0674862340092659,4.1554
4630,0.02633378840982914,0.02633378840982914,0.06791995465755463,0.06791995465755463,4.1561
4631,0.02633112296462059,0.02633112296462059,0.0675002783536911,0.0675002783536911,4.1568
4632,0.026328396052122116,0.026328396052122116,0.06789592653512955,0.06789592653512955,4.1574
4633,0.02632562257349491,0.02632562257349491,0.06751494109630585,0.06751494109630585,4.1581
4634,0.026322584599256516,0.026322584599256516,0.06784696131944656,0.06784696131944656,4.1588
4635,0.026319723576307297,0.026319723576307297,0.06751585006713867,0.06751585006713867,4.1595
4636,0.026316707953810692,0.026316707953810692,0.06778392940759659,0.06778392940759659,4.1602
4637,0.026313919574022293,0.026313919574022293,0.06754215806722641,0.06754215806722641,4.1608
4638,0.026311064139008522,0.026311064139008522,0.0677293911576271,0.0677293911576271,4.1615
4639,0.026308465749025345,0.026308465749025345,0.06756792962551117,0.06756792962551117,4.1622
4640,0.026305848732590675,0.026305848732590675,0.06767209619283676,0.06767209619283676,4.1628
4641,0.026303425431251526,0.026303425431251526,0.0675956979393959,0.0675956979393959,4.1635
4642,0.02630099654197693,0.02630099654197693,0.06762317568063736,0.06762317568063736,4.1646
4643,0.02629874087870121,0.02629874087870121,0.06761191040277481,0.06761191040277481,4.1664
4644,0.026296481490135193,0.026296481490135193,0.06757767498493195,0.06757767498493195,4.1692
4645,0.026294291019439697,0.026294291019439697,0.06763086467981339,0.06763086467981339,4.1703
4646,0.026292189955711365,0.026292189955711365,0.06754609197378159,0.06754609197378159,4.171
4647,0.0262898001819849,0.0262898001819849,0.06763292849063873,0.06763292849063873,4.1718
4648,0.02628755010664463,0.02628755010664463,0.06753464043140411,0.06753464043140411,4.1726
4649,0.026285270228981972,0.026285270228981972,0.06762196123600006,0.06762196123600006,4.1734
4650,0.026283007115125656,0.026283007115125656,0.06752567738294601,0.06752567738294601,4.1741
4651,0.026280712336301804,0.026280712336301804,0.06761191785335541,0.06761191785335541,4.175
4652,0.026278560981154442,0.026278560981154442,0.06751681864261627,0.06751681864261627,4.176
4653,0.026276269927620888,0.026276269927620888,0.06758971512317657,0.06758971512317657,4.1769
4654,0.02627379819750786,0.02627379819750786,0.0675245076417923,0.0675245076417923,4.178
4655,0.026271585375070572,0.026271585375070572,0.06755886971950531,0.06755886971950531,4.1788
4656,0.026269366964697838,0.026269366964697838,0.0675172358751297,0.0675172358751297,4.1795
4657,0.026267018169164658,0.026267018169164658,0.06751620024442673,0.06751620024442673,4.1803
4658,0.026264678686857224,0.026264678686857224,0.06750237196683884,0.06750237196683884,4.181
4659,0.026262525469064713,0.026262525469064713,0.06749491393566132,0.06749491393566132,4.1818
4660,0.026260172948241234,0.026260172948241234,0.06750266253948212,0.06750266253948212,4.183
4661,0.026257935911417007,0.026257935911417007,0.06747337430715561,0.06747337430715561,4.1842
4662,0.026255715638399124,0.026255715638399124,0.06748426705598831,0.06748426705598831,4.1854
4663,0.02625337801873684,0.02625337801873684,0.06747151911258698,0.06747151911258698,4.1861
4664,0.026251113042235374,0.026251113042235374,0.0674591213464737,0.0674591213464737,4.1869
4665,0.026248911395668983,0.026248911395668983,0.06747260689735413,0.06747260689735413,4.1878
4666,0.026246637105941772,0.026246637105941772,0.06743653118610382,0.06743653118610382,4.1885
4667,0.02624444290995598,0.02624444290995598,0.06747354567050934,0.06747354567050934,4.1892
4668,0.02624226175248623,0.02624226175248623,0.0674154981970787,0.0674154981970787,4.1899
4669,0.026240050792694092,0.026240050792694092,0.06747905910015106,0.06747905910015106,4.1907
4670,0.026237841695547104,0.026237841695547104,0.0673912912607193,0.0673912912607193,4.1915
4671,0.02623572014272213,0.02623572014272213,0.06748591363430023,0.06748591363430023,4.1923
4672,0.02623363956809044,0.02623363956809044,0.06735672801733017,0.06735672801733017,4.193
4673,0.02623172104358673,0.02623172104358673,0.06748127937316895,0.06748127937316895,4.1937
4674,0.02622928097844124,0.02622928097844124,0.06734160333871841,0.06734160333871841,4.1944
4675,0.02622733637690544,0.02622733637690544,0.06748691201210022,0.06748691201210022,4.1951
4676,0.026225317269563675,0.026225317269563675,0.0673062652349472,0.0673062652349472,4.1958
4677,0.026223355904221535,0.026223355904221535,0.06748057901859283,0.06748057901859283,4.1965
4678,0.02622188627719879,0.02622188627719879,0.06723591685295105,0.06723591685295105,4.1972
4679,0.0262210164219141,0.0262210164219141,0.06753074377775192,0.06753074377775192,4.1979
4680,0.02622024156153202,0.02622024156153202,0.06715857982635498,0.06715857982635498,4.1986
4681,0.026220345869660378,0.026220345869660378,0.06760414689779282,0.06760414689779282,4.1994
4682,0.026221763342618942,0.026221763342618942,0.0670582577586174,0.0670582577586174,4.2003
4683,0.026224439963698387,0.026224439963698387,0.06772766262292862,0.06772766262292862,4.2014
4684,0.026229092851281166,0.026229092851281166,0.06692732870578766,0.06692732870578766,4.2021
4685,0.02623635157942772,0.02623635157942772,0.0678834542632103,0.0678834542632103,4.2028
4686,0.026245618239045143,0.026245618239045143,0.06675814092159271,0.06675814092159271,4.2035
4687,0.02625657245516777,0.02625657245516777,0.06806649267673492,0.06806649267673492,4.2042
4688,0.026266077533364296,0.026266077533364296,0.06662362813949585,0.06662362813949585,4.2049
4689,0.026270359754562378,0.026270359754562378,0.06817997992038727,0.06817997992038727,4.2056
4690,0.02626585029065609,0.02626585029065609,0.06659525632858276,0.06659525632858276,4.2064
4691,0.026249105110764503,0.026249105110764503,0.06806191056966782,0.06806191056966782,4.207
4692,0.02622479759156704,0.02622479759156704,0.06678444147109985,0.06678444147109985,4.2077
4693,0.026200419291853905,0.026200419291853905,0.06763748079538345,0.06763748079538345,4.2085
4694,0.02618592046201229,0.02618592046201229,0.06715951859951019,0.06715951859951019,4.2092
4695,0.026184026151895523,0.026184026151895523,0.06713317334651947,0.06713317334651947,4.2101
4696,0.026191573590040207,0.026191573590040207,0.06757457554340363,0.06757457554340363,4.2108
4697,0.02620009146630764,0.02620009146630764,0.06683610379695892,0.06683610379695892,4.2118
4698,0.02620312012732029,0.02620312012732029,0.06774953007698059,0.06774953007698059,4.2142
4699,0.026197129860520363,0.026197129860520363,0.06681519746780396,0.06681519746780396,4.2167
4700,0.026185384020209312,0.026185384020209312,0.06759238243103027,0.06759238243103027,4.2175
4701,0.026173453778028488,0.026173453778028488,0.0670410543680191,0.0670410543680191,4.2186
4702,0.026167016476392746,0.026167016476392746,0.06723964214324951,0.06723964214324951,4.2197
4703,0.026166941970586777,0.026166941970586777,0.06734845787286758,0.06734845787286758,4.2207
4704,0.026170212775468826,0.026170212775468826,0.06695907562971115,0.06695907562971115,4.2214
4705,0.026172315701842308,0.026172315701842308,0.06752961874008179,0.06752961874008179,4.2222
4706,0.02617017552256584,0.02617017552256584,0.0668872743844986,0.0668872743844986,4.2229
4707,0.026164252310991287,0.026164252310991287,0.06746216118335724,0.06746216118335724,4.2237
4708,0.026157114654779434,0.026157114654779434,0.06702186167240143,0.06702186167240143,4.2246
4709,0.0261521153151989,0.0261521153151989,0.06723292917013168,0.06723292917013168,4.2256
4710,0.026149749755859375,0.026149749755859375,0.06722495704889297,0.06722495704889297,4.2265
4711,0.02614951692521572,0.02614951692521572,0.06703300029039383,0.06703300029039383,4.2272
4712,0.026149343699216843,0.026149343699216843,0.06735619902610779,0.06735619902610779,4.2278
4713,0.026147916913032532,0.026147916913032532,0.06695783138275146,0.06695783138275146,4.2285
4714,0.026144813746213913,0.026144813746213913,0.06733481585979462,0.06733481585979462,4.2292
4715,0.026141321286559105,0.026141321286559105,0.06700259447097778,0.06700259447097778,4.2298
4716,0.026137346401810646,0.026137346401810646,0.06722179800271988,0.06722179800271988,4.2305
4717,0.026134546846151352,0.026134546846151352,0.06712473928928375,0.06712473928928375,4.2312
4718,0.026132559403777122,0.026132559403777122,0.0670747309923172,0.0670747309923172,4.232
4719,0.026131415739655495,0.026131415739655495,0.06720604747533798,0.06720604747533798,4.2327
4720,0.02612980082631111,0.02612980082631111,0.06696844100952148,0.06696844100952148,4.2333
4721,0.02612796425819397,0.02612796425819397,0.06722160428762436,0.06722160428762436,4.234
4722,0.026125162839889526,0.026125162839889526,0.06696697324514389,0.06696697324514389,4.2346
4723,0.026122242212295532,0.026122242212295532,0.06715467572212219,0.06715467572212219,4.2353
4724,0.026119425892829895,0.026119425892829895,0.06703551113605499,0.06703551113605499,4.2359
4725,0.02611722983419895,0.02611722983419895,0.06704837828874588,0.06704837828874588,4.2366
4726,0.026115525513887405,0.026115525513887405,0.06713069975376129,0.06713069975376129,4.2372
4727,0.02611420676112175,0.02611420676112175,0.06695423275232315,0.06695423275232315,4.2379
4728,0.02611234225332737,0.02611234225332737,0.06716370582580566,0.06716370582580566,4.2385
4729,0.0261100921779871,0.0261100921779871,0.06693248450756073,0.06693248450756073,4.2391
4730,0.02610744535923004,0.02610744535923004,0.06712811440229416,0.06712811440229416,4.2398
4731,0.02610473334789276,0.02610473334789276,0.06697351485490799,0.06697351485490799,4.2404
4732,0.026102298870682716,0.026102298870682716,0.06704948842525482,0.06704948842525482,4.2411
4733,0.02610008977353573,0.02610008977353573,0.06703944504261017,0.06703944504261017,4.2417
4734,0.026098107919096947,0.026098107919096947,0.0669756680727005,0.0669756680727005,4.2424
4735,0.02609645202755928,0.02609645202755928,0.06707503646612167,0.06707503646612167,4.243
4736,0.026095042005181313,0.026095042005181313,0.06691911071538925,0.06691911071538925,4.2436
4737,0.02609255351126194,0.02609255351126194,0.06709438562393188,0.06709438562393188,4.2443
4738,0.026090651750564575,0.026090651750564575,0.06690971553325653,0.06690971553325653,4.2449
4739,0.026088139042258263,0.026088139042258263,0.06705175340175629,0.06705175340175629,4.2456
4740,0.02608552947640419,0.02608552947640419,0.0669240802526474,0.0669240802526474,4.2462
4741,0.026083191856741905,0.026083191856741905,0.06697024405002594,0.06697024405002594,4.2471
4742,0.02608146145939827,0.02608146145939827,0.0669686421751976,0.0669686421751976,4.2487
4743,0.02607904002070427,0.02607904002070427,0.06689755618572235,0.06689755618572235,4.2497
4744,0.026077404618263245,0.026077404618263245,0.06700598448514938,0.06700598448514938,4.2504
4745,0.02607559598982334,0.02607559598982334,0.06685319542884827,0.06685319542884827,4.2511
4746,0.026073342189192772,0.026073342189192772,0.06701713800430298,0.06701713800430298,4.2518
4747,0.02607111632823944,0.02607111632823944,0.06685282289981842,0.06685282289981842,4.2525
4748,0.0260687917470932,0.0260687917470932,0.06697595119476318,0.06697595119476318,4.2534
4749,0.02606622315943241,0.02606622315943241,0.06687475740909576,0.06687475740909576,4.2542
4750,0.026064086705446243,0.026064086705446243,0.06691476702690125,0.06691476702690125,4.2549
4751,0.026061907410621643,0.026061907410621643,0.06691198796033859,0.06691198796033859,4.2557
4752,0.026059821248054504,0.026059821248054504,0.06686028838157654,0.06686028838157654,4.2564
4753,0.026057949289679527,0.026057949289679527,0.06693293154239655,0.06693293154239655,4.2571
4754,0.026055801659822464,0.026055801659822464,0.06683589518070221,0.06683589518070221,4.2578
4755,0.02605367824435234,0.02605367824435234,0.0669383853673935,0.0669383853673935,4.2585
4756,0.02605157159268856,0.02605157159268856,0.06683151423931122,0.06683151423931122,4.2592
4757,0.02604956552386284,0.02604956552386284,0.0668952465057373,0.0668952465057373,4.2599
4758,0.02604704722762108,0.02604704722762108,0.06685857474803925,0.06685857474803925,4.2607
4759,0.02604544535279274,0.02604544535279274,0.06684210151433945,0.06684210151433945,4.2614
4760,0.026043042540550232,0.026043042540550232,0.06686244904994965,0.06686244904994965,4.2621
4761,0.02604098990559578,0.02604098990559578,0.06680497527122498,0.06680497527122498,4.2628
4762,0.026038840413093567,0.026038840413093567,0.06684036552906036,0.06684036552906036,4.2634
4763,0.026036778464913368,0.026036778464913368,0.0668027400970459,0.0668027400970459,4.2641
4764,0.026034552603960037,0.026034552603960037,0.06683091819286346,0.06683091819286346,4.2648
4765,0.026032492518424988,0.026032492518424988,0.06679680198431015,0.06679680198431015,4.2656
4766,0.02603040263056755,0.02603040263056755,0.06680451333522797,0.06680451333522797,4.2663
4767,0.026028256863355637,0.026028256863355637,0.06679154932498932,0.06679154932498932,4.267
4768,0.026026124134659767,0.026026124134659767,0.0667804479598999,0.0667804479598999,4.2677
4769,0.02602412737905979,0.02602412737905979,0.0667867660522461,0.0667867660522461,4.2684
4770,0.026021962985396385,0.026021962985396385,0.06676197052001953,0.06676197052001953,4.2691
4771,0.02601989544928074,0.02601989544928074,0.06678158789873123,0.06678158789873123,4.2697
4772,0.0260178055614233,0.0260178055614233,0.06675433367490768,0.06675433367490768,4.2704
4773,0.026015665382146835,0.026015665382146835,0.06677188724279404,0.06677188724279404,4.2711
4774,0.0260135717689991,0.0260135717689991,0.06674368679523468,0.06674368679523468,4.2717
4775,0.026011520996689796,0.026011520996689796,0.06675602495670319,0.06675602495670319,4.2724
4776,0.026009466499090195,0.026009466499090195,0.06673777848482132,0.06673777848482132,4.273
4777,0.026007328182458878,0.026007328182458878,0.06672774255275726,0.06672774255275726,4.2737
4778,0.026005517691373825,0.026005517691373825,0.06674124300479889,0.06674124300479889,4.2745
4779,0.026003289967775345,0.026003289967775345,0.06671644747257233,0.06671644747257233,4.2752
4780,0.026001334190368652,0.026001334190368652,0.06673368066549301,0.06673368066549301,4.2759
4781,0.025999173521995544,0.025999173521995544,0.0667005404829979,0.0667005404829979,4.2765
4782,0.025997120887041092,0.025997120887041092,0.06670345366001129,0.06670345366001129,4.2772
4783,0.02599499188363552,0.02599499188363552,0.06667791306972504,0.06667791306972504,4.2778
4784,0.02599298395216465,0.02599298395216465,0.06668728590011597,0.06668728590011597,4.2785
4785,0.025990774855017662,0.025990774855017662,0.06667087972164154,0.06667087972164154,4.2792
4786,0.025988778099417686,0.025988778099417686,0.06667115539312363,0.06667115539312363,4.2799
4787,0.0259866826236248,0.0259866826236248,0.06665980070829391,0.06665980070829391,4.2805
4788,0.025984590873122215,0.025984590873122215,0.0666564404964447,0.0666564404964447,4.2812
4789,0.02598249912261963,0.02598249912261963,0.06664935499429703,0.06664935499429703,4.2819
4790,0.025980422273278236,0.025980422273278236,0.06663968414068222,0.06663968414068222,4.2826
4791,0.025978367775678635,0.025978367775678635,0.06663765013217926,0.06663765013217926,4.2833
4792,0.025976311415433884,0.025976311415433884,0.0666268840432167,0.0666268840432167,4.284
4793,0.0259743370115757,0.0259743370115757,0.06663371622562408,0.06663371622562408,4.2846
4794,0.02597218193113804,0.02597218193113804,0.06660903990268707,0.06660903990268707,4.2854
4795,0.025970224291086197,0.025970224291086197,0.06664731353521347,0.06664731353521347,4.2862
4796,0.025968214496970177,0.025968214496970177,0.06657977402210236,0.06657977402210236,4.2869
4797,0.025966202840209007,0.025966202840209007,0.06664887815713882,0.06664887815713882,4.2876
4798,0.025964315980672836,0.025964315980672836,0.06655588001012802,0.06655588001012802,4.2883
4799,0.02596239186823368,0.02596239186823368,0.06663353741168976,0.06663353741168976,4.289
4800,0.025960061699151993,0.025960061699151993,0.06656533479690552,0.06656533479690552,4.2898
4801,0.025957971811294556,0.025957971811294556,0.06660766899585724,0.06660766899585724,4.2906
4802,0.02595588006079197,0.02595588006079197,0.06656694412231445,0.06656694412231445,4.2913
4803,0.025953853502869606,0.025953853502869606,0.06656026840209961,0.06656026840209961,4.292
4804,0.02595171332359314,0.02595171332359314,0.06655488908290863,0.06655488908290863,4.2927
4805,0.025949720293283463,0.025949720293283463,0.06653139740228653,0.06653139740228653,4.2934
4806,0.025947630405426025,0.025947630405426025,0.06655361503362656,0.06655361503362656,4.2941
4807,0.025945618748664856,0.025945618748664856,0.06651252508163452,0.06651252508163452,4.2947
4808,0.02594355307519436,0.02594355307519436,0.06654942035675049,0.06654942035675049,4.2954
4809,0.025941569358110428,0.025941569358110428,0.06649710237979889,0.06649710237979889,4.2961
4810,0.02593952976167202,0.02593952976167202,0.06654094159603119,0.06654094159603119,4.2967
4811,0.02593754604458809,0.02593754604458809,0.06646855175495148,0.06646855175495148,4.2974
4812,0.025935614481568336,0.025935614481568336,0.06654583662748337,0.06654583662748337,4.2981
4813,0.025933703407645226,0.025933703407645226,0.06643998622894287,0.06643998622894287,4.2988
4814,0.025931764394044876,0.025931764394044876,0.06655425578355789,0.06655425578355789,4.2995
4815,0.02592984400689602,0.02592984400689602,0.0664198249578476,0.0664198249578476,4.3002
4816,0.0259279515594244,0.0259279515594244,0.066561758518219,0.066561758518219,4.3008
4817,0.025926072150468826,0.025926072150468826,0.06639751046895981,0.06639751046895981,4.3015
4818,0.02592424489557743,0.02592424489557743,0.06656590849161148,0.06656590849161148,4.3022
4819,0.025922810658812523,0.025922810658812523,0.06636093556880951,0.06636093556880951,4.3028
4820,0.025921186432242393,0.025921186432242393,0.06659097969532013,0.06659097969532013,4.3035
4821,0.025919809937477112,0.025919809937477112,0.06631597131490707,0.06631597131490707,4.3041
4822,0.02591831050813198,0.02591831050813198,0.06660525500774384,0.06660525500774384,4.3048
4823,0.025917094200849533,0.025917094200849533,0.06625203788280487,0.06625203788280487,4.3055
4824,0.025915807113051414,0.025915807113051414,0.06661926209926605,0.06661926209926605,4.3061
4825,0.025914903730154037,0.025914903730154037,0.06620544195175171,0.06620544195175171,4.3068
4826,0.02591392956674099,0.02591392956674099,0.06665517389774323,0.06665517389774323,4.3092
4827,0.025913184508681297,0.025913184508681297,0.06615640223026276,0.06615640223026276,4.3098
4828,0.02591289021074772,0.02591289021074772,0.06669168919324875,0.06669168919324875,4.3105
4829,0.025913048535585403,0.025913048535585403,0.06609203666448593,0.06609203666448593,4.3112
4830,0.025913510471582413,0.025913510471582413,0.06674347817897797,0.06674347817897797,4.3119
4831,0.025914069265127182,0.025914069265127182,0.06601906567811966,0.06601906567811966,4.3126
4832,0.025914456695318222,0.025914456695318222,0.06678798794746399,0.06678798794746399,4.3132
4833,0.025914359837770462,0.025914359837770462,0.06597363203763962,0.06597363203763962,4.3139
4834,0.025913601741194725,0.025913601741194725,0.06682123988866806,0.06682123988866806,4.3145
4835,0.025911640375852585,0.025911640375852585,0.0659589022397995,0.0659589022397995,4.3152
4836,0.0259084515273571,0.0259084515273571,0.06680064648389816,0.06680064648389816,4.316
4837,0.025904972106218338,0.025904972106218338,0.06596863269805908,0.06596863269805908,4.3167
4838,0.02589990757405758,0.02589990757405758,0.06673180311918259,0.06673180311918259,4.3173
4839,0.02589392103254795,0.02589392103254795,0.06602579355239868,0.06602579355239868,4.3181
4840,0.02588765323162079,0.02588765323162079,0.06659925729036331,0.06659925729036331,4.3188
4841,0.02588176727294922,0.02588176727294922,0.06611908227205276,0.06611908227205276,4.3195
4842,0.02587686851620674,0.02587686851620674,0.06642745435237885,0.06642745435237885,4.3203
4843,0.02587338164448738,0.02587338164448738,0.06624840945005417,0.06624840945005417,4.321
4844,0.025871073827147484,0.025871073827147484,0.06628043204545975,0.06628043204545975,4.3218
4845,0.025869805365800858,0.025869805365800858,0.06636952608823776,0.06636952608823776,4.3225
4846,0.025869358330965042,0.025869358330965042,0.06614919751882553,0.06614919751882553,4.3232
4847,0.025869261473417282,0.025869261473417282,0.06646440178155899,0.06646440178155899,4.3239
4848,0.025868916884064674,0.025868916884064674,0.06605711579322815,0.06605711579322815,4.3247
4849,0.025868022814393044,0.025868022814393044,0.06650682538747787,0.06650682538747787,4.3255
4850,0.02586628496646881,0.02586628496646881,0.06602203845977783,0.06602203845977783,4.3262
4851,0.025863856077194214,0.025863856077194214,0.06649268418550491,0.06649268418550491,4.3269
4852,0.02586083672940731,0.02586083672940731,0.06604284048080444,0.06604284048080444,4.3276
4853,0.025857528671622276,0.025857528671622276,0.06643877178430557,0.06643877178430557,4.3283
4854,0.025853976607322693,0.025853976607322693,0.06609481573104858,0.06609481573104858,4.329
4855,0.02585073933005333,0.02585073933005333,0.06634768098592758,0.06634768098592758,4.3297
4856,0.02584787830710411,0.02584787830710411,0.06615947186946869,0.06615947186946869,4.3303
4857,0.02584531344473362,0.02584531344473362,0.06624695658683777,0.06624695658683777,4.331
4858,0.02584330178797245,0.02584330178797245,0.06622853875160217,0.06622853875160217,4.3318
4859,0.02584175392985344,0.02584175392985344,0.06616133451461792,0.06616133451461792,4.3325
4860,0.025840122252702713,0.025840122252702713,0.06627001613378525,0.06627001613378525,4.3332
4861,0.025838147848844528,0.025838147848844528,0.06612563133239746,0.06612563133239746,4.3339
4862,0.025836434215307236,0.025836434215307236,0.06628552824258804,0.06628552824258804,4.3346
4863,0.02583453431725502,0.02583453431725502,0.0660996064543724,0.0660996064543724,4.3353
4864,0.02583264745771885,0.02583264745771885,0.06625869125127792,0.06625869125127792,4.3359
4865,0.025830715894699097,0.025830715894699097,0.06605950742959976,0.06605950742959976,4.3367
4866,0.025828948244452477,0.025828948244452477,0.06624983251094818,0.06624983251094818,4.3373
4867,0.025826910510659218,0.025826910510659218,0.06604473292827606,0.06604473292827606,4.338
4868,0.02582489885389805,0.02582489885389805,0.06623934209346771,0.06623934209346771,4.3387
4869,0.025822753086686134,0.025822753086686134,0.06605079025030136,0.06605079025030136,4.3394
4870,0.025820646435022354,0.025820646435022354,0.06621892005205154,0.06621892005205154,4.34
4871,0.025818441063165665,0.025818441063165665,0.06605902314186096,0.06605902314186096,4.3407
4872,0.025816332548856735,0.025816332548856735,0.06617850065231323,0.06617850065231323,4.3414
4873,0.025814149528741837,0.025814149528741837,0.06605824083089828,0.06605824083089828,4.3421
4874,0.025812095031142235,0.025812095031142235,0.0661347359418869,0.0661347359418869,4.3427
4875,0.025810033082962036,0.025810033082962036,0.06607352197170258,0.06607352197170258,4.3434
4876,0.025808047503232956,0.025808047503232956,0.0661117285490036,0.0661117285490036,4.3441
4877,0.025806035846471786,0.025806035846471786,0.06609170138835907,0.06609170138835907,4.3447
4878,0.02580411173403263,0.02580411173403263,0.06608571112155914,0.06608571112155914,4.3454
4879,0.025802146643400192,0.025802146643400192,0.06609407812356949,0.06609407812356949,4.3461
4880,0.025800246745347977,0.025800246745347977,0.0660591870546341,0.0660591870546341,4.3467
4881,0.025798320770263672,0.025798320770263672,0.06608269363641739,0.06608269363641739,4.3474
4882,0.025796372443437576,0.025796372443437576,0.06605155766010284,0.06605155766010284,4.348
4883,0.02579452469944954,0.02579452469944954,0.06606023758649826,0.06606023758649826,4.3488
4884,0.02579258754849434,0.02579258754849434,0.06602813303470612,0.06602813303470612,4.3495
4885,0.025790730491280556,0.025790730491280556,0.06605507433414459,0.06605507433414459,4.3502
4886,0.025788769125938416,0.025788769125938416,0.06599356234073639,0.06599356234073639,4.3509
4887,0.02578691765666008,0.02578691765666008,0.06606028228998184,0.06606028228998184,4.3515
4888,0.025785142555832863,0.025785142555832863,0.06597302109003067,0.06597302109003067,4.3522
4889,0.025783147662878036,0.025783147662878036,0.06606049835681915,0.06606049835681915,4.3529
4890,0.025781314820051193,0.025781314820051193,0.06594740599393845,0.06594740599393845,4.3536
4891,0.025779500603675842,0.025779500603675842,0.06605225056409836,0.06605225056409836,4.3542
4892,0.025777632370591164,0.025777632370591164,0.06592059135437012,0.06592059135437012,4.3549
4893,0.025775721296668053,0.025775721296668053,0.06605412811040878,0.06605412811040878,4.3556
4894,0.02577400580048561,0.02577400580048561,0.0658968836069107,0.0658968836069107,4.3577
4895,0.025772232562303543,0.025772232562303543,0.06606005877256393,0.06606005877256393,4.3586
4896,0.025770336389541626,0.025770336389541626,0.06587874889373779,0.06587874889373779,4.3595
4897,0.02576865814626217,0.02576865814626217,0.06606791913509369,0.06606791913509369,4.3605
4898,0.025767117738723755,0.025767117738723755,0.06585290282964706,0.06585290282964706,4.3618
4899,0.02576541341841221,0.02576541341841221,0.06607649475336075,0.06607649475336075,4.3629
4900,0.02576439455151558,0.02576439455151558,0.06580261141061783,0.06580261141061783,4.3648
4901,0.025763416662812233,0.025763416662812233,0.06611733138561249,0.06611733138561249,4.3666
4902,0.02576335333287716,0.02576335333287716,0.06573398411273956,0.06573398411273956,4.3675
4903,0.02576344832777977,0.02576344832777977,0.06617762893438339,0.06617762893438339,4.3685
4904,0.025764089077711105,0.025764089077711105,0.06563800573348999,0.06563800573348999,4.3696
4905,0.025765318423509598,0.025765318423509598,0.06624214351177216,0.06624214351177216,4.3707
4906,0.025767192244529724,0.025767192244529724,0.06555251032114029,0.06555251032114029,4.3716
4907,0.025769520550966263,0.025769520550966263,0.06633038818836212,0.06633038818836212,4.3725
4908,0.025772109627723694,0.025772109627723694,0.06546293199062347,0.06546293199062347,4.3734
4909,0.025774765759706497,0.025774765759706497,0.06640841066837311,0.06640841066837311,4.3747
4910,0.025776471942663193,0.025776471942663193,0.06539243459701538,0.06539243459701538,4.3756
4911,0.025776538997888565,0.025776538997888565,0.06644529104232788,0.06644529104232788,4.3765
4912,0.025773704051971436,0.025773704051971436,0.06537117063999176,0.06537117063999176,4.3772
4913,0.025767792016267776,0.025767792016267776,0.06638654321432114,0.06638654321432114,4.3779
4914,0.025759175419807434,0.025759175419807434,0.06543749570846558,0.06543749570846558,4.3786
4915,0.02574915811419487,0.02574915811419487,0.06622709333896637,0.06622709333896637,4.3798
4916,0.025739509612321854,0.025739509612321854,0.06559479236602783,0.06559479236602783,4.3809
4917,0.025732025504112244,0.025732025504112244,0.06599227339029312,0.06599227339029312,4.3818
4918,0.02572750113904476,0.02572750113904476,0.06579233705997467,0.06579233705997467,4.3829
4919,0.025725841522216797,0.025725841522216797,0.06576593965291977,0.06576593965291977,4.3837
4920,0.025726407766342163,0.025726407766342163,0.06597618758678436,0.06597618758678436,4.3844
4921,0.025728728622198105,0.025728728622198105,0.06558831036090851,0.06558831036090851,4.3852
4922,0.02573099359869957,0.02573099359869957,0.06612277030944824,0.06612277030944824,4.386
4923,0.025731703266501427,0.025731703266501427,0.06549001485109329,0.06549001485109329,4.3869
4924,0.02573016658425331,0.02573016658425331,0.06614749878644943,0.06614749878644943,4.3879
4925,0.025726372376084328,0.025726372376084328,0.06548431515693665,0.06548431515693665,4.389
4926,0.025721007958054543,0.025721007958054543,0.06604619324207306,0.06604619324207306,4.3899
4927,0.025715287774801254,0.025715287774801254,0.06557638943195343,0.06557638943195343,4.3907
4928,0.025710323825478554,0.025710323825478554,0.0658855065703392,0.0658855065703392,4.3915
4929,0.025706838816404343,0.025706838816404343,0.06571729481220245,0.06571729481220245,4.3924
4930,0.025704950094223022,0.025704950094223022,0.06571290642023087,0.06571290642023087,4.3932
4931,0.02570417895913124,0.02570417895913124,0.06584392488002777,0.06584392488002777,4.3942
4932,0.02570386603474617,0.02570386603474617,0.06558743119239807,0.06558743119239807,4.3949
4933,0.025703376159071922,0.025703376159071922,0.0659196749329567,0.0659196749329567,4.3956
4934,0.025702249258756638,0.025702249258756638,0.06553076207637787,0.06553076207637787,4.3964
4935,0.0257004015147686,0.0257004015147686,0.06592495739459991,0.06592495739459991,4.397
4936,0.02569769322872162,0.02569769322872162,0.06554130464792252,0.06554130464792252,4.3977
4937,0.025694554671645164,0.025694554671645164,0.0658702626824379,0.0658702626824379,4.3984
4938,0.025691363960504532,0.025691363960504532,0.0655951052904129,0.0655951052904129,4.3992
4939,0.0256885327398777,0.0256885327398777,0.06577403843402863,0.06577403843402863,4.3998
4940,0.025686189532279968,0.025686189532279968,0.06565399467945099,0.06565399467945099,4.4006
4941,0.025684189051389694,0.025684189051389694,0.06569256633520126,0.06569256633520126,4.4013
4942,0.025682440027594566,0.025682440027594566,0.06570090353488922,0.06570090353488922,4.402
4943,0.025680730119347572,0.025680730119347572,0.06564607471227646,0.06564607471227646,4.4029
4944,0.02567906118929386,0.02567906118929386,0.06572674214839935,0.06572674214839935,4.4039
4945,0.025677183642983437,0.025677183642983437,0.06561236083507538,0.06561236083507538,4.4046
4946,0.025675475597381592,0.025675475597381592,0.06571175158023834,0.06571175158023834,4.4053
4947,0.025673668831586838,0.025673668831586838,0.06558267027139664,0.06558267027139664,4.4062
4948,0.02567172423005104,0.02567172423005104,0.06568951904773712,0.06568951904773712,4.4069
4949,0.025669682770967484,0.025669682770967484,0.06557562202215195,0.06557562202215195,4.4076
4950,0.025667786598205566,0.025667786598205566,0.06566779315471649,0.06566779315471649,4.4083
4951,0.025665830820798874,0.025665830820798874,0.0655827671289444,0.0655827671289444,4.409
4952,0.02566385641694069,0.02566385641694069,0.06563922017812729,0.06563922017812729,4.4098
4953,0.025661934167146683,0.025661934167146683,0.06559904664754868,0.06559904664754868,4.4108
4954,0.025660071521997452,0.025660071521997452,0.06560294330120087,0.06560294330120087,4.4116
4955,0.025658225640654564,0.025658225640654564,0.0656040608882904,0.0656040608882904,4.4124
4956,0.025656411424279213,0.025656411424279213,0.06556804478168488,0.06556804478168488,4.4132
4957,0.025654679164290428,0.025654679164290428,0.06561130285263062,0.06561130285263062,4.414
4958,0.025652840733528137,0.025652840733528137,0.06554611027240753,0.06554611027240753,4.4147
4959,0.025651032105088234,0.025651032105088234,0.06561825424432755,0.06561825424432755,4.4155
4960,0.025649363175034523,0.025649363175034523,0.0655154436826706,0.0655154436826706,4.4162
4961,0.02564776875078678,0.02564776875078678,0.06563441455364227,0.06563441455364227,4.417
4962,0.02564639411866665,0.02564639411866665,0.06547363102436066,0.06547363102436066,4.4177
4963,0.02564486861228943,0.02564486861228943,0.06565447151660919,0.06565447151660919,4.4185
4964,0.02564331516623497,0.02564331516623497,0.06544037163257599,0.06544037163257599,4.4194
4965,0.025641556829214096,0.025641556829214096,0.06565439701080322,0.06565439701080322,4.4202
4966,0.025639856234192848,0.025639856234192848,0.06540851294994354,0.06540851294994354,4.421
4967,0.02563793957233429,0.02563793957233429,0.06563559919595718,0.06563559919595718,4.4219
4968,0.025636011734604836,0.025636011734604836,0.06539829820394516,0.06539829820394516,4.4226
4969,0.025633931159973145,0.025633931159973145,0.06561031192541122,0.06561031192541122,4.4233
4970,0.025631830096244812,0.025631830096244812,0.06540459394454956,0.06540459394454956,4.424
4971,0.025629708543419838,0.025629708543419838,0.06557472050189972,0.06557472050189972,4.4247
4972,0.025627601891756058,0.025627601891756058,0.06542347371578217,0.06542347371578217,4.4255
4973,0.025625532492995262,0.025625532492995262,0.06553483009338379,0.06553483009338379,4.4262
4974,0.025623563677072525,0.025623563677072525,0.06543789803981781,0.06543789803981781,4.4269
4975,0.025621619075536728,0.025621619075536728,0.06549172103404999,0.06549172103404999,4.4276
4976,0.02561972476541996,0.02561972476541996,0.06544990837574005,0.06544990837574005,4.4283
4977,0.02561785653233528,0.02561785653233528,0.06546344608068466,0.06546344608068466,4.429
4978,0.02561607025563717,0.02561607025563717,0.06546631455421448,0.06546631455421448,4.4297
4979,0.0256143007427454,0.0256143007427454,0.06543479859828949,0.06543479859828949,4.4304
4980,0.025612641125917435,0.025612641125917435,0.06547577679157257,0.06547577679157257,4.4311
4981,0.025610879063606262,0.025610879063606262,0.06539040803909302,0.06539040803909302,4.4318
4982,0.0256094541400671,0.0256094541400671,0.06549720466136932,0.06549720466136932,4.4325
4983,0.02560807764530182,0.02560807764530182,0.06533470749855042,0.06533470749855042,4.4332
4984,0.025607028976082802,0.025607028976082802,0.06553380191326141,0.06553380191326141,4.434
4985,0.025605838745832443,0.025605838745832443,0.06528681516647339,0.06528681516647339,4.4347
4986,0.02560456469655037,0.02560456469655037,0.06556498259305954,0.06556498259305954,4.4353
4987,0.02560354396700859,0.02560354396700859,0.06523259729146957,0.06523259729146957,4.436
4988,0.02560240961611271,0.02560240961611271,0.06557824462652206,0.06557824462652206,4.437
4989,0.025601306930184364,0.025601306930184364,0.06518328189849854,0.06518328189849854,4.4379
4990,0.02560030296444893,0.02560030296444893,0.0655912458896637,0.0655912458896637,4.4388
4991,0.025599300861358643,0.025599300861358643,0.06514401733875275,0.06514401733875275,4.4395
4992,0.025598198175430298,0.025598198175430298,0.0656098797917366,0.0656098797917366,4.4402
4993,0.025597160682082176,0.025597160682082176,0.0651136264204979,0.0651136264204979,4.4408
4994,0.02559610828757286,0.02559610828757286,0.0656307116150856,0.0656307116150856,4.4415
4995,0.025594893842935562,0.025594893842935562,0.06508523225784302,0.06508523225784302,4.4422
4996,0.02559356763958931,0.02559356763958931,0.06563110649585724,0.06563110649585724,4.4429
4997,0.025592157617211342,0.025592157617211342,0.06505857408046722,0.06505857408046722,4.4435
4998,0.02559056505560875,0.02559056505560875,0.06562678515911102,0.06562678515911102,4.4443
4999,0.025589454919099808,0.025589454919099808,0.06503869593143463,0.06503869593143463,4.445
5000,0.025588195770978928,0.025588195770978928,0.06563657522201538,0.06563657522201538,4.4487
5001,0.025587301701307297,0.025587301701307297,0.06501637399196625,0.06501637399196625,4.4503
5002,0.02558576501905918,0.02558576501905918,0.06564557552337646,0.06564557552337646,4.451
5003,0.025583654642105103,0.025583654642105103,0.0650094747543335,0.0650094747543335,4.4517
5004,0.025580888614058495,0.025580888614058495,0.06561030447483063,0.06561030447483063,4.4523
5005,0.02557777799665928,0.02557777799665928,0.06500663608312607,0.06500663608312607,4.453
5006,0.025574302300810814,0.025574302300810814,0.06553672254085541,0.06553672254085541,4.4537
5007,0.025570664554834366,0.025570664554834366,0.0650426596403122,0.0650426596403122,4.4543
5008,0.025567036122083664,0.025567036122083664,0.06546185165643692,0.06546185165643692,4.455
5009,0.02556353434920311,0.02556353434920311,0.06510251760482788,0.06510251760482788,4.4558
5010,0.025560352951288223,0.025560352951288223,0.0653759092092514,0.0653759092092514,4.4566
5011,0.025557611137628555,0.025557611137628555,0.06516731530427933,0.06516731530427933,4.4587
5012,0.02555520460009575,0.02555520460009575,0.06528693437576294,0.06528693437576294,4.4596
5013,0.02555314265191555,0.02555314265191555,0.06522835791110992,0.06522835791110992,4.4612
5014,0.02555142715573311,0.02555142715573311,0.06519830226898193,0.06519830226898193,4.4637
5015,0.025550011545419693,0.025550011545419693,0.065276600420475,0.065276600420475,4.4651
5016,0.025548601523041725,0.025548601523041725,0.06513682752847672,0.06513682752847672,4.4661
5017,0.025547483935952187,0.025547483935952187,0.06532078981399536,0.06532078981399536,4.4671
5018,0.02554621733725071,0.02554621733725071,0.06509266793727875,0.06509266793727875,4.468
5019,0.025544852018356323,0.025544852018356323,0.06534449011087418,0.06534449011087418,4.4714
5020,0.02554343268275261,0.02554343268275261,0.06505551189184189,0.06505551189184189,4.4726
5021,0.02554219961166382,0.02554219961166382,0.0653521791100502,0.0653521791100502,4.4735
5022,0.02554125152528286,0.02554125152528286,0.06500957906246185,0.06500957906246185,4.4746
5023,0.025540485978126526,0.025540485978126526,0.06537923961877823,0.06537923961877823,4.4754
5024,0.025539511814713478,0.025539511814713478,0.06496766954660416,0.06496766954660416,4.4761
5025,0.025538241490721703,0.025538241490721703,0.06539346277713776,0.06539346277713776,4.4768
5026,0.025536775588989258,0.025536775588989258,0.06493578851222992,0.06493578851222992,4.4775
5027,0.025535115972161293,0.025535115972161293,0.06538280099630356,0.06538280099630356,4.4782
5028,0.02553321048617363,0.02553321048617363,0.06492050737142563,0.06492050737142563,4.4789
5029,0.025531122460961342,0.025531122460961342,0.06536011397838593,0.06536011397838593,4.4796
5030,0.025528740137815475,0.025528740137815475,0.06492096185684204,0.06492096185684204,4.4803
5031,0.025526275858283043,0.025526275858283043,0.06531781703233719,0.06531781703233719,4.4809
5032,0.025523722171783447,0.025523722171783447,0.06493695080280304,0.06493695080280304,4.4816
5033,0.025521215051412582,0.025521215051412582,0.06527654826641083,0.06527654826641083,4.4825
5034,0.02551873028278351,0.02551873028278351,0.06496687978506088,0.06496687978506088,4.4832
5035,0.02551628276705742,0.02551628276705742,0.06522901356220245,0.06522901356220245,4.4839
5036,0.025513987988233566,0.025513987988233566,0.0649925023317337,0.0649925023317337,4.4846
5037,0.02551175095140934,0.02551175095140934,0.06518088281154633,0.06518088281154633,4.4853
5038,0.02550961636006832,0.02550961636006832,0.06501643359661102,0.06501643359661102,4.486
5039,0.02550756372511387,0.02550756372511387,0.0651300773024559,0.0651300773024559,4.4867
5040,0.025505632162094116,0.025505632162094116,0.06503468751907349,0.06503468751907349,4.4873
5041,0.025503790006041527,0.025503790006041527,0.06508442014455795,0.06508442014455795,4.4883
5042,0.025502050295472145,0.025502050295472145,0.06504736840724945,0.06504736840724945,4.4892
5043,0.025500383228063583,0.025500383228063583,0.0650608167052269,0.0650608167052269,4.4901
5044,0.025498703122138977,0.025498703122138977,0.06506569683551788,0.06506569683551788,4.4911
5045,0.025497008115053177,0.025497008115053177,0.06502596288919449,0.06502596288919449,4.4922
5046,0.025495316833257675,0.025495316833257675,0.06506979465484619,0.06506979465484619,4.4936
5047,0.025493690744042397,0.025493690744042397,0.06497950851917267,0.06497950851917267,4.4946
5048,0.02549196407198906,0.02549196407198906,0.06506162881851196,0.06506162881851196,4.4957
5049,0.025490421801805496,0.025490421801805496,0.06494631618261337,0.06494631618261337,4.4965
5050,0.025488805025815964,0.025488805025815964,0.06507079303264618,0.06507079303264618,4.4975
5051,0.025487184524536133,0.025487184524536133,0.06492505967617035,0.06492505967617035,4.4983
5052,0.02548561990261078,0.02548561990261078,0.0650806576013565,0.0650806576013565,4.499
5053,0.025484103709459305,0.025484103709459305,0.06489694118499756,0.06489694118499756,4.4998
5054,0.0254825409501791,0.0254825409501791,0.0650852844119072,0.0650852844119072,4.5005
5055,0.025481045246124268,0.025481045246124268,0.06486552953720093,0.06486552953720093,4.5012
5056,0.025479618459939957,0.025479618459939957,0.06508833169937134,0.06508833169937134,4.5019
5057,0.025478269904851913,0.025478269904851913,0.06483449041843414,0.06483449041843414,4.5026
5058,0.025477010756731033,0.025477010756731033,0.06510951370000839,0.06510951370000839,4.5033
5059,0.02547581121325493,0.02547581121325493,0.06480348110198975,0.06480348110198975,4.504
5060,0.02547489106655121,0.02547489106655121,0.06513633579015732,0.06513633579015732,4.5046
5061,0.02547476813197136,0.02547476813197136,0.06474636495113373,0.06474636495113373,4.5053
5062,0.025474820286035538,0.025474820286035538,0.06518536061048508,0.06518536061048508,4.506
5063,0.025476042181253433,0.025476042181253433,0.06466308981180191,0.06466308981180191,4.5067
5064,0.025477761402726173,0.025477761402726173,0.0652613565325737,0.0652613565325737,4.5073
5065,0.025480082258582115,0.025480082258582115,0.06455789506435394,0.06455789506435394,4.5082
5066,0.02548275887966156,0.02548275887966156,0.0653386190533638,0.0653386190533638,4.509
5067,0.025485575199127197,0.025485575199127197,0.06447695195674896,0.06447695195674896,4.5097
5068,0.025488432496786118,0.025488432496786118,0.06541964411735535,0.06541964411735535,4.5104
5069,0.025489836931228638,0.025489836931228638,0.06441612541675568,0.06441612541675568,4.5111
5070,0.025489404797554016,0.025489404797554016,0.0654449313879013,0.0654449313879013,4.5118
5071,0.025486204773187637,0.025486204773187637,0.0644005537033081,0.0644005537033081,4.5125
5072,0.025480162352323532,0.025480162352323532,0.06538237631320953,0.06538237631320953,4.5132
5073,0.025471385568380356,0.025471385568380356,0.06446854025125504,0.06446854025125504,4.5138
5074,0.02546164020895958,0.02546164020895958,0.06520967185497284,0.06520967185497284,4.5145
5075,0.025452693924307823,0.025452693924307823,0.06462470442056656,0.06462470442056656,4.5151
5076,0.02544579468667507,0.02544579468667507,0.06499332189559937,0.06499332189559937,4.5158
5077,0.025441806763410568,0.025441806763410568,0.06482163816690445,0.06482163816690445,4.5164
5078,0.025440465658903122,0.025440465658903122,0.06478507816791534,0.06478507816791534,4.517
5079,0.025440985336899757,0.025440985336899757,0.06498335301876068,0.06498335301876068,4.5177
5080,0.025442227721214294,0.025442227721214294,0.06463030725717545,0.06463030725717545,4.5183
5081,0.02544328011572361,0.02544328011572361,0.0650855079293251,0.0650855079293251,4.519
5082,0.02544376626610756,0.02544376626610756,0.06454841047525406,0.06454841047525406,4.5197
5083,0.025442684069275856,0.025442684069275856,0.06512056291103363,0.06512056291103363,4.5203
5084,0.025439927354454994,0.025439927354454994,0.06454353034496307,0.06454353034496307,4.521
5085,0.02543618157505989,0.02543618157505989,0.06505414098501205,0.06505414098501205,4.5216
5086,0.02543202042579651,0.02543202042579651,0.06458491832017899,0.06458491832017899,4.5223
5087,0.025428112596273422,0.025428112596273422,0.0649334266781807,0.0649334266781807,4.523
5088,0.025424515828490257,0.025424515828490257,0.06466756761074066,0.06466756761074066,4.5236
5089,0.025421705096960068,0.025421705096960068,0.06480808556079865,0.06480808556079865,4.5243
5090,0.025419708341360092,0.025419708341360092,0.06476999819278717,0.06476999819278717,4.525
5091,0.02541843056678772,0.02541843056678772,0.06470010429620743,0.06470010429620743,4.5257
5092,0.025417521595954895,0.025417521595954895,0.06484615057706833,0.06484615057706833,4.5264
5093,0.025416607037186623,0.025416607037186623,0.06462310254573822,0.06462310254573822,4.527
5094,0.025415515527129173,0.025415515527129173,0.06487900018692017,0.06487900018692017,4.5277
5095,0.025414055213332176,0.025414055213332176,0.06458514928817749,0.06458514928817749,4.5283
5096,0.02541220746934414,0.02541220746934414,0.06487127393484116,0.06487127393484116,4.529
5097,0.025410015136003494,0.025410015136003494,0.06460000574588776,0.06460000574588776,4.5296
5098,0.02540767751634121,0.02540767751634121,0.06483181565999985,0.06483181565999985,4.5303
5099,0.02540535107254982,0.02540535107254982,0.06463886052370071,0.06463886052370071,4.531
5100,0.025403141975402832,0.025403141975402832,0.06476318091154099,0.06476318091154099,4.5317
5101,0.02540120854973793,0.02540120854973793,0.06468486785888672,0.06468486785888672,4.5397
5102,0.02539956010878086,0.02539956010878086,0.06469520181417465,0.06469520181417465,4.5409
5103,0.025398030877113342,0.025398030877113342,0.06471356004476547,0.06471356004476547,4.5423
5104,0.025396397337317467,0.025396397337317467,0.0646558552980423,0.0646558552980423,4.5436
5105,0.02539471909403801,0.02539471909403801,0.06471624225378036,0.06471624225378036,4.5447
5106,0.025393139570951462,0.025393139570951462,0.06463252753019333,0.06463252753019333,4.5457
5107,0.025391649454832077,0.025391649454832077,0.0647021159529686,0.0647021159529686,4.5464
5108,0.02538999542593956,0.02538999542593956,0.06460732221603394,0.06460732221603394,4.5471
5109,0.025388384237885475,0.025388384237885475,0.06468886137008667,0.06468886137008667,4.5478
5110,0.0253867469727993,0.0253867469727993,0.06457854062318802,0.06457854062318802,4.5486
5111,0.02538532391190529,0.02538532391190529,0.06469584256410599,0.06469584256410599,4.5493
5112,0.02538381516933441,0.02538381516933441,0.06455521285533905,0.06455521285533905,4.5501
5113,0.02538197860121727,0.02538197860121727,0.0646839588880539,0.0646839588880539,4.5507
5114,0.025380145758390427,0.025380145758390427,0.06455861032009125,0.06455861032009125,4.5516
5115,0.02537839487195015,0.02537839487195015,0.06466230005025864,0.06466230005025864,4.5524
5116,0.02537674829363823,0.02537674829363823,0.0645662173628807,0.0645662173628807,4.5531
5117,0.025375109165906906,0.025375109165906906,0.0646355003118515,0.0646355003118515,4.5537
5118,0.025373350828886032,0.025373350828886032,0.06456749141216278,0.06456749141216278,4.5544
5119,0.025371622294187546,0.025371622294187546,0.06461991369724274,0.06461991369724274,4.5551
5120,0.025370020419359207,0.025370020419359207,0.06456737220287323,0.06456737220287323,4.5558
5121,0.025368425995111465,0.025368425995111465,0.06459736078977585,0.06459736078977585,4.5565
5122,0.02536672353744507,0.02536672353744507,0.06457272917032242,0.06457272917032242,4.5572
5123,0.025364961475133896,0.025364961475133896,0.06456903368234634,0.06456903368234634,4.5578
5124,0.025363370776176453,0.025363370776176453,0.06458236277103424,0.06458236277103424,4.5585
5125,0.02536173164844513,0.02536173164844513,0.06453626602888107,0.06453626602888107,4.5591
5126,0.025360286235809326,0.025360286235809326,0.06458374112844467,0.06458374112844467,4.5598
5127,0.025358712300658226,0.025358712300658226,0.06451305747032166,0.06451305747032166,4.5605
5128,0.02535690739750862,0.02535690739750862,0.06456784904003143,0.06456784904003143,4.5611
5129,0.02535531483590603,0.02535531483590603,0.06450847536325455,0.06450847536325455,4.5618
5130,0.02535371109843254,0.02535371109843254,0.06454228609800339,0.06454228609800339,4.5625
5131,0.025352049618959427,0.025352049618959427,0.064499631524086,0.064499631524086,4.5631
5132,0.025350356474518776,0.025350356474518776,0.0645110234618187,0.0645110234618187,4.5638
5133,0.025348741561174393,0.025348741561174393,0.0644885003566742,0.0644885003566742,4.5645
5134,0.02534712478518486,0.02534712478518486,0.06449246406555176,0.06449246406555176,4.5652
5135,0.025345418602228165,0.025345418602228165,0.0644766092300415,0.0644766092300415,4.566
5136,0.02534390054643154,0.02534390054643154,0.06447351723909378,0.06447351723909378,4.5667
5137,0.02534233033657074,0.02534233033657074,0.06447114795446396,0.06447114795446396,4.5674
5138,0.025340616703033447,0.025340616703033447,0.064455047249794,0.064455047249794,4.5682
5139,0.02533898316323757,0.02533898316323757,0.06447242200374603,0.06447242200374603,4.5692
5140,0.025337373837828636,0.025337373837828636,0.06442947685718536,0.06442947685718536,4.5699
5141,0.02533590793609619,0.02533590793609619,0.06447748094797134,0.06447748094797134,4.5707
5142,0.025334510952234268,0.025334510952234268,0.06438831239938736,0.06438831239938736,4.5714
5143,0.02533315122127533,0.02533315122127533,0.06451041996479034,0.06451041996479034,4.572
5144,0.02533205784857273,0.02533205784857273,0.0643462985754013,0.0643462985754013,4.5727
5145,0.02533104084432125,0.02533104084432125,0.06454657018184662,0.06454657018184662,4.5735
5146,0.02533022128045559,0.02533022128045559,0.06429456174373627,0.06429456174373627,4.5742
5147,0.025329595431685448,0.025329595431685448,0.0645892471075058,0.0645892471075058,4.5749
5148,0.025329183787107468,0.025329183787107468,0.06423310935497284,0.06423310935497284,4.5756
5149,0.02532947063446045,0.02532947063446045,0.06463296711444855,0.06463296711444855,4.5763
5150,0.02533038891851902,0.02533038891851902,0.06415480375289917,0.06415480375289917,4.577
5151,0.025332551449537277,0.025332551449537277,0.06471860408782959,0.06471860408782959,4.5776
5152,0.025335168465971947,0.025335168465971947,0.06406007707118988,0.06406007707118988,4.5783
5153,0.025338679552078247,0.025338679552078247,0.06481608748435974,0.06481608748435974,4.579
5154,0.025343116372823715,0.025343116372823715,0.06394398212432861,0.06394398212432861,4.5798
5155,0.025347968563437462,0.025347968563437462,0.06490883976221085,0.06490883976221085,4.5805
5156,0.0253522340208292,0.0253522340208292,0.06385104358196259,0.06385104358196259,4.5812
5157,0.02535543404519558,0.02535543404519558,0.06497667729854584,0.06497667729854584,4.582
5158,0.025356490164995193,0.025356490164995193,0.06380359083414078,0.06380359083414078,4.5827
5159,0.025352757424116135,0.025352757424116135,0.06497086584568024,0.06497086584568024,4.5834
5160,0.025343742221593857,0.025343742221593857,0.06384601444005966,0.06384601444005966,4.5841
5161,0.02533123455941677,0.02533123455941677,0.06481937319040298,0.06481937319040298,4.5848
5162,0.02531752921640873,0.02531752921640873,0.0640118420124054,0.0640118420124054,4.5854
5163,0.025305932387709618,0.025305932387709618,0.06453399360179901,0.06453399360179901,4.5861
5164,0.025299564003944397,0.025299564003944397,0.06426458805799484,0.06426458805799484,4.5868
5165,0.025298113003373146,0.025298113003373146,0.0642438605427742,0.0642438605427742,4.5874
5166,0.02530016005039215,0.02530016005039215,0.06448759883642197,0.06448759883642197,4.5881
5167,0.025303930044174194,0.025303930044174194,0.06403402984142303,0.06403402984142303,4.5888
5168,0.025306696072220802,0.025306696072220802,0.06461022794246674,0.06461022794246674,4.5894
5169,0.02530655637383461,0.02530655637383461,0.0639459490776062,0.0639459490776062,4.5901
5170,0.025303810834884644,0.025303810834884644,0.06459987908601761,0.06459987908601761,4.5908
5171,0.025299876928329468,0.025299876928329468,0.06396789848804474,0.06396789848804474,4.5915
5172,0.025294268503785133,0.025294268503785133,0.0644986480474472,0.0644986480474472,4.5921
5173,0.025288844481110573,0.025288844481110573,0.06407640129327774,0.06407640129327774,4.5928
5174,0.02528449334204197,0.02528449334204197,0.06433089077472687,0.06433089077472687,4.5934
5175,0.02528178133070469,0.02528178133070469,0.06421897560358047,0.06421897560358047,4.5941
5176,0.025280490517616272,0.025280490517616272,0.06417007744312286,0.06417007744312286,4.5948
5177,0.02528044581413269,0.02528044581413269,0.06435028463602066,0.06435028463602066,4.5955
5178,0.025280484929680824,0.025280484929680824,0.0640716701745987,0.0640716701745987,4.5963
5179,0.02527988888323307,0.02527988888323307,0.06440962851047516,0.06440962851047516,4.597
5180,0.025278588756918907,0.025278588756918907,0.064031682908535,0.064031682908535,4.5978
5181,0.025276491418480873,0.025276491418480873,0.06438852846622467,0.06438852846622467,4.5985
5182,0.025273680686950684,0.025273680686950684,0.06405435502529144,0.06405435502529144,4.5993
5183,0.025270795449614525,0.025270795449614525,0.06430904567241669,0.06430904567241669,4.6
5184,0.025268089026212692,0.025268089026212692,0.06411951780319214,0.06411951780319214,4.6008
5185,0.025265997275710106,0.025265997275710106,0.06420902162790298,0.06420902162790298,4.6015
5186,0.025264406576752663,0.025264406576752663,0.0641975924372673,0.0641975924372673,4.6022
5187,0.025263464078307152,0.025263464078307152,0.06411311775445938,0.06411311775445938,4.603
5188,0.02526254579424858,0.02526254579424858,0.06425744295120239,0.06425744295120239,4.6037
5189,0.025261515751481056,0.025261515751481056,0.06404048204421997,0.06404048204421997,4.6045
5190,0.02526029944419861,0.02526029944419861,0.06428086757659912,0.06428086757659912,4.6052
5191,0.025258749723434448,0.025258749723434448,0.06402108818292618,0.06402108818292618,4.6059
5192,0.02525668777525425,0.02525668777525425,0.06425227224826813,0.06425227224826813,4.6067
5193,0.02525443397462368,0.02525443397462368,0.06404196470975876,0.06404196470975876,4.6074
5194,0.025252467021346092,0.025252467021346092,0.06418712437152863,0.06418712437152863,4.6081
5195,0.025250941514968872,0.025250941514968872,0.06408080458641052,0.06408080458641052,4.6088
5196,0.02524922415614128,0.02524922415614128,0.06413938105106354,0.06413938105106354,4.6095
5197,0.02524731494486332,0.02524731494486332,0.0641019195318222,0.0641019195318222,4.6102
5198,0.025245975703001022,0.025245975703001022,0.06409446895122528,0.06409446895122528,4.6108
5199,0.025244582444429398,0.025244582444429398,0.06410125643014908,0.06410125643014908,4.6115
5200,0.025242865085601807,0.025242865085601807,0.06406491994857788,0.06406491994857788,4.6122
5201,0.025241127237677574,0.025241127237677574,0.06409890949726105,0.06409890949726105,4.6128
5202,0.025239769369363785,0.025239769369363785,0.06404661387205124,0.06404661387205124,4.6136
5203,0.02523835375905037,0.02523835375905037,0.06409710645675659,0.06409710645675659,4.6142
5204,0.025236571207642555,0.025236571207642555,0.06403942406177521,0.06403942406177521,4.6149
5205,0.025234932079911232,0.025234932079911232,0.06407909840345383,0.06407909840345383,4.6157
5206,0.025233685970306396,0.025233685970306396,0.06403583288192749,0.06403583288192749,4.6164
5207,0.025231968611478806,0.025231968611478806,0.06405750662088394,0.06405750662088394,4.6171
5208,0.02523023448884487,0.02523023448884487,0.06402289122343063,0.06402289122343063,4.6178
5209,0.02522870898246765,0.02522870898246765,0.06404857337474823,0.06404857337474823,4.6185
5210,0.02522720769047737,0.02522720769047737,0.06401604413986206,0.06401604413986206,4.6191
5211,0.025225603953003883,0.025225603953003883,0.06404666602611542,0.06404666602611542,4.6198
5212,0.025224070996046066,0.025224070996046066,0.064010851085186,0.064010851085186,4.6205
5213,0.025222593918442726,0.025222593918442726,0.0640333816409111,0.0640333816409111,4.6212
5214,0.025221342220902443,0.025221342220902443,0.06399328261613846,0.06399328261613846,4.6218
5215,0.02521953545510769,0.02521953545510769,0.06402412801980972,0.06402412801980972,4.6225
5216,0.0252179354429245,0.0252179354429245,0.06396804749965668,0.06396804749965668,4.6231
5217,0.025216445326805115,0.025216445326805115,0.06401988118886948,0.06401988118886948,4.6238
5218,0.025215184316039085,0.025215184316039085,0.06395257264375687,0.06395257264375687,4.6244
5219,0.025213738903403282,0.025213738903403282,0.06399966776371002,0.06399966776371002,4.6251
5220,0.02521183155477047,0.02521183155477047,0.06396947056055069,0.06396947056055069,4.6258
5221,0.025210237130522728,0.025210237130522728,0.06396080553531647,0.06396080553531647,4.6264
5222,0.02520887926220894,0.02520887926220894,0.06397543847560883,0.06397543847560883,4.6271
5223,0.02520741894841194,0.02520741894841194,0.06391448527574539,0.06391448527574539,4.6277
5224,0.025205735117197037,0.025205735117197037,0.0639638602733612,0.0639638602733612,4.6284
5225,0.025204185396432877,0.025204185396432877,0.06389617174863815,0.06389617174863815,4.6291
5226,0.025203067809343338,0.025203067809343338,0.06395922601222992,0.06395922601222992,4.6297
5227,0.025201693177223206,0.025201693177223206,0.06386683881282806,0.06386683881282806,4.6304
5228,0.025200068950653076,0.025200068950653076,0.06397998332977295,0.06397998332977295,4.631
5229,0.025198865681886673,0.025198865681886673,0.06383492052555084,0.06383492052555084,4.6317
5230,0.02519764006137848,0.02519764006137848,0.0639999732375145,0.0639999732375145,4.6325
5231,0.025196224451065063,0.025196224451065063,0.06380196660757065,0.06380196660757065,4.6331
5232,0.025194967165589333,0.025194967165589333,0.06400195509195328,0.06400195509195328,4.6338
5233,0.025193694978952408,0.025193694978952408,0.06378374248743057,0.06378374248743057,4.6345
5234,0.025192230939865112,0.025192230939865112,0.06400756537914276,0.06400756537914276,4.6351
5235,0.025190796703100204,0.025190796703100204,0.06376931816339493,0.06376931816339493,4.6358
5236,0.025189435109496117,0.025189435109496117,0.0640079528093338,0.0640079528093338,4.6365
5237,0.025188017636537552,0.025188017636537552,0.06374805420637131,0.06374805420637131,4.6371
5238,0.025186683982610703,0.025186683982610703,0.06400223076343536,0.06400223076343536,4.6378
5239,0.025185655802488327,0.025185655802488327,0.06371837854385376,0.06371837854385376,4.6385
5240,0.025184839963912964,0.025184839963912964,0.06400904804468155,0.06400904804468155,4.6391
5241,0.025183791294693947,0.025183791294693947,0.06368209421634674,0.06368209421634674,4.6398
5242,0.025182705372571945,0.025182705372571945,0.06402444839477539,0.06402444839477539,4.6405
5243,0.025181671604514122,0.025181671604514122,0.06364478170871735,0.06364478170871735,4.6411
5244,0.025180775672197342,0.025180775672197342,0.06402549892663956,0.06402549892663956,4.6418
5245,0.02517954632639885,0.02517954632639885,0.06361067295074463,0.06361067295074463,4.6424
5246,0.02517862245440483,0.02517862245440483,0.06402654945850372,0.06402654945850372,4.6431
5247,0.025177795439958572,0.025177795439958572,0.06358395516872406,0.06358395516872406,4.6438
5248,0.02517668344080448,0.02517668344080448,0.0640307292342186,0.0640307292342186,4.6445
5249,0.02517571672797203,0.02517571672797203,0.06355632841587067,0.06355632841587067,4.6452
5250,0.025175118818879128,0.025175118818879128,0.06405486911535263,0.06405486911535263,4.646
5251,0.02517412044107914,0.02517412044107914,0.06353844702243805,0.06353844702243805,4.6467
5252,0.025172695517539978,0.025172695517539978,0.06405320018529892,0.06405320018529892,4.6475
5253,0.025171250104904175,0.025171250104904175,0.06351753324270248,0.06351753324270248,4.6482
5254,0.025170113891363144,0.025170113891363144,0.06403852999210358,0.06403852999210358,4.649
5255,0.025169065222144127,0.025169065222144127,0.06349726766347885,0.06349726766347885,4.6497
5256,0.0251677967607975,0.0251677967607975,0.06403900682926178,0.06403900682926178,4.6505
5257,0.025166574865579605,0.025166574865579605,0.06347932666540146,0.06347932666540146,4.6513
5258,0.025165051221847534,0.025165051221847534,0.06404191255569458,0.06404191255569458,4.652
5259,0.025163158774375916,0.025163158774375916,0.0634826272726059,0.0634826272726059,4.6527
5260,0.02516089752316475,0.02516089752316475,0.06401269137859344,0.06401269137859344,4.6534
5261,0.025159573182463646,0.025159573182463646,0.06348367035388947,0.06348367035388947,4.654
5262,0.02515716850757599,0.02515716850757599,0.06397881358861923,0.06397881358861923,4.6547
5263,0.02515501156449318,0.02515501156449318,0.06347685307264328,0.06347685307264328,4.6554
5264,0.025152703747153282,0.025152703747153282,0.06394289433956146,0.06394289433956146,4.6563
5265,0.025150369852781296,0.025150369852781296,0.06348105520009995,0.06348105520009995,4.6571
5266,0.02514755167067051,0.02514755167067051,0.06388570368289948,0.06388570368289948,4.6578
5267,0.025144685059785843,0.025144685059785843,0.06351546198129654,0.06351546198129654,4.6588
5268,0.02514217421412468,0.02514217421412468,0.06382448971271515,0.06382448971271515,4.6595
5269,0.025140102952718735,0.025140102952718735,0.06355740129947662,0.06355740129947662,4.6604
5270,0.02513762190937996,0.02513762190937996,0.06375566124916077,0.06375566124916077,4.6612
5271,0.025135397911071777,0.025135397911071777,0.06358413398265839,0.06358413398265839,4.662
5272,0.025133678689599037,0.025133678689599037,0.06370595097541809,0.06370595097541809,4.6629
5273,0.025132011622190475,0.025132011622190475,0.0636100322008133,0.0636100322008133,4.6636
5274,0.02513032592833042,0.02513032592833042,0.06366179883480072,0.06366179883480072,4.6644
5275,0.02512875199317932,0.02512875199317932,0.06363777816295624,0.06363777816295624,4.6652
5276,0.025127267464995384,0.025127267464995384,0.06363243609666824,0.06363243609666824,4.666
5277,0.025125857442617416,0.025125857442617416,0.06366149336099625,0.06366149336099625,4.6666
5278,0.02512449026107788,0.02512449026107788,0.06359029561281204,0.06359029561281204,4.6674
5279,0.025123078376054764,0.025123078376054764,0.06366366147994995,0.06366366147994995,4.6681
5280,0.02512175217270851,0.02512175217270851,0.06355582177639008,0.06355582177639008,4.6688
5281,0.025120418518781662,0.025120418518781662,0.06367109715938568,0.06367109715938568,4.6695
5282,0.025119086727499962,0.025119086727499962,0.06352715194225311,0.06352715194225311,4.6703
5283,0.025117788463830948,0.025117788463830948,0.06368112564086914,0.06368112564086914,4.671
5284,0.02511655166745186,0.02511655166745186,0.06350348144769669,0.06350348144769669,4.6716
5285,0.02511545456945896,0.02511545456945896,0.06368441879749298,0.06368441879749298,4.6723
5286,0.025114431977272034,0.025114431977272034,0.06345847994089127,0.06345847994089127,4.673
5287,0.02511392906308174,0.02511392906308174,0.06371095031499863,0.06371095031499863,4.6736
5288,0.025114018470048904,0.025114018470048904,0.06339719146490097,0.06339719146490097,4.6743
5289,0.0251141544431448,0.0251141544431448,0.06377362459897995,0.06377362459897995,4.675
5290,0.025114506483078003,0.025114506483078003,0.06333030760288239,0.06333030760288239,4.6756
5291,0.025115350261330605,0.025115350261330605,0.0638294443488121,0.0638294443488121,4.6763
5292,0.025116726756095886,0.025116726756095886,0.06324408948421478,0.06324408948421478,4.677
5293,0.025118526071310043,0.025118526071310043,0.06388068199157715,0.06388068199157715,4.6776
5294,0.025121092796325684,0.025121092796325684,0.06316305696964264,0.06316305696964264,4.6783
5295,0.02512330189347267,0.02512330189347267,0.0639495700597763,0.0639495700597763,4.6789
5296,0.025122981518507004,0.025122981518507004,0.06311681121587753,0.06311681121587753,4.6796
5297,0.025121554732322693,0.025121554732322693,0.06395524740219116,0.06395524740219116,4.6802
5298,0.025119950994849205,0.025119950994849205,0.06310828775167465,0.06310828775167465,4.6809
5299,0.025117341428995132,0.025117341428995132,0.06393123418092728,0.06393123418092728,4.6815
5300,0.02511436678469181,0.02511436678469181,0.06311310082674026,0.06311310082674026,4.6823
5301,0.025109663605690002,0.025109663605690002,0.06386160105466843,0.06386160105466843,4.683
5302,0.025102723389863968,0.025102723389863968,0.06318633258342743,0.06318633258342743,4.6837
5303,0.025095731019973755,0.025095731019973755,0.06372159719467163,0.06372159719467163,4.6844
5304,0.025090396404266357,0.025090396404266357,0.06329989433288574,0.06329989433288574,4.6851
5305,0.025086406618356705,0.025086406618356705,0.06357048451900482,0.06357048451900482,4.6857
5306,0.02508348599076271,0.02508348599076271,0.06340722739696503,0.06340722739696503,4.6864
5307,0.02508176490664482,0.02508176490664482,0.06342635303735733,0.06342635303735733,4.6871
5308,0.025080982595682144,0.025080982595682144,0.06351105868816376,0.06351105868816376,4.6877
5309,0.025080841034650803,0.025080841034650803,0.06332143396139145,0.06332143396139145,4.6884
5310,0.02508099377155304,0.02508099377155304,0.06359829008579254,0.06359829008579254,4.6891
5311,0.02508188784122467,0.02508188784122467,0.06324397772550583,0.06324397772550583,4.6898
5312,0.02508237399160862,0.02508237399160862,0.06366704404354095,0.06366704404354095,4.6904
5313,0.025082897394895554,0.025082897394895554,0.06317304074764252,0.06317304074764252,4.6911
5314,0.025082191452383995,0.025082191452383995,0.06369331479072571,0.06369331479072571,4.6918
5315,0.025079991668462753,0.025079991668462753,0.06314222514629364,0.06314222514629364,4.6924
5316,0.025077026337385178,0.025077026337385178,0.06362690031528473,0.06362690031528473,4.6931
5317,0.025073830038309097,0.025073830038309097,0.06316439807415009,0.06316439807415009,4.6937
5318,0.02507106028497219,0.02507106028497219,0.06354895234107971,0.06354895234107971,4.6944
5319,0.025068309158086777,0.025068309158086777,0.06320623308420181,0.06320623308420181,4.6951
5320,0.02506544627249241,0.02506544627249241,0.06347213685512543,0.06347213685512543,4.6957
5321,0.025062909349799156,0.025062909349799156,0.06325360387563705,0.06325360387563705,4.6964
5322,0.025060931220650673,0.025060931220650673,0.06341686099767685,0.06341686099767685,4.6971
5323,0.025059062987565994,0.025059062987565994,0.0633147805929184,0.0633147805929184,4.6978
5324,0.02505742385983467,0.02505742385983467,0.0633617714047432,0.0633617714047432,4.6985
5325,0.025055984035134315,0.025055984035134315,0.06338440626859665,0.06338440626859665,4.6991
5326,0.025054868310689926,0.025054868310689926,0.06329835951328278,0.06329835951328278,4.6999
5327,0.02505388855934143,0.02505388855934143,0.06340916454792023,0.06340916454792023,4.7006
5328,0.025052528828382492,0.025052528828382492,0.06324853003025055,0.06324853003025055,4.7013
5329,0.025051170960068703,0.025051170960068703,0.06340435147285461,0.06340435147285461,4.702
5330,0.025050174444913864,0.025050174444913864,0.06321883201599121,0.06321883201599121,4.7027
5331,0.02504919469356537,0.02504919469356537,0.06340937316417694,0.06340937316417694,4.7034
5332,0.02504836395382881,0.02504836395382881,0.06319131702184677,0.06319131702184677,4.7041
5333,0.02504708804190159,0.02504708804190159,0.06344505399465561,0.06344505399465561,4.7048
5334,0.025046324357390404,0.025046324357390404,0.06315571069717407,0.06315571069717407,4.7054
5335,0.025045376271009445,0.025045376271009445,0.0634593740105629,0.0634593740105629,4.7061
5336,0.025043848901987076,0.025043848901987076,0.06312417984008789,0.06312417984008789,4.7069
5337,0.02504204772412777,0.02504204772412777,0.0634189248085022,0.0634189248085022,4.7076
5338,0.02504054829478264,0.02504054829478264,0.06310848146677017,0.06310848146677017,4.7083
5339,0.025039101019501686,0.025039101019501686,0.06339173018932343,0.06339173018932343,4.709
5340,0.02503764070570469,0.02503764070570469,0.06309951841831207,0.06309951841831207,4.7097
5341,0.02503601275384426,0.02503601275384426,0.0633782148361206,0.0633782148361206,4.7104
5342,0.025034457445144653,0.025034457445144653,0.0630926638841629,0.0630926638841629,4.711
5343,0.02503303624689579,0.02503303624689579,0.06337253749370575,0.06337253749370575,4.7117
5344,0.025032058358192444,0.025032058358192444,0.06308165937662125,0.06308165937662125,4.7124
5345,0.02503097988665104,0.02503097988665104,0.06338143348693848,0.06338143348693848,4.7131
5346,0.025029480457305908,0.025029480457305908,0.06307265907526016,0.06307265907526016,4.7138
5347,0.02502775751054287,0.02502775751054287,0.06337302923202515,0.06337302923202515,4.7144
5348,0.0250263549387455,0.0250263549387455,0.06306542456150055,0.06306542456150055,4.7152
5349,0.025025079026818275,0.025025079026818275,0.0633581206202507,0.0633581206202507,4.716
5350,0.02502378821372986,0.02502378821372986,0.06304119527339935,0.06304119527339935,4.7167
5351,0.02502259984612465,0.02502259984612465,0.06334958970546722,0.06334958970546722,4.7174
5352,0.025021428242325783,0.025021428242325783,0.06302258372306824,0.06302258372306824,4.718
5353,0.025020312517881393,0.025020312517881393,0.06335723400115967,0.06335723400115967,4.7187
5354,0.025019902735948563,0.025019902735948563,0.06300003826618195,0.06300003826618195,4.7194
5355,0.02501908876001835,0.02501908876001835,0.06338851153850555,0.06338851153850555,4.7201
5356,0.025018125772476196,0.025018125772476196,0.06297152489423752,0.06297152489423752,4.7208
5357,0.02501710131764412,0.02501710131764412,0.06337933242321014,0.06337933242321014,4.7215
5358,0.025016244500875473,0.025016244500875473,0.06292057037353516,0.06292057037353516,4.7222
5359,0.02501537837088108,0.02501537837088108,0.06336251646280289,0.06336251646280289,4.723
5360,0.02501455508172512,0.02501455508172512,0.0628850981593132,0.0628850981593132,4.7238
5361,0.025013798847794533,0.025013798847794533,0.06337399035692215,0.06337399035692215,4.7245
5362,0.025013357400894165,0.025013357400894165,0.06286921352148056,0.06286921352148056,4.7252
5363,0.025013092905282974,0.025013092905282974,0.06340048462152481,0.06340048462152481,4.7259
5364,0.02501240372657776,0.02501240372657776,0.0628490224480629,0.0628490224480629,4.7266
5365,0.02501140907406807,0.02501140907406807,0.0634247288107872,0.0634247288107872,4.7273
5366,0.025009652599692345,0.025009652599692345,0.06283487379550934,0.06283487379550934,4.7281
5367,0.025007430464029312,0.025007430464029312,0.06338600069284439,0.06338600069284439,4.7288
5368,0.025005033239722252,0.025005033239722252,0.06283615529537201,0.06283615529537201,4.7295
5369,0.025002960115671158,0.025002960115671158,0.06334304809570312,0.06334304809570312,4.7302
5370,0.02500074729323387,0.02500074729323387,0.06284866482019424,0.06284866482019424,4.7308
5371,0.024998165667057037,0.024998165667057037,0.06330187618732452,0.06330187618732452,4.7315
5372,0.02499564364552498,0.02499564364552498,0.06286583840847015,0.06286583840847015,4.7326
5373,0.024993430823087692,0.024993430823087692,0.06326891481876373,0.06326891481876373,4.7333
5374,0.024991193786263466,0.024991193786263466,0.06288973987102509,0.06288973987102509,4.734
5375,0.024988967925310135,0.024988967925310135,0.06321977823972702,0.06321977823972702,4.7347
5376,0.024987177923321724,0.024987177923321724,0.06290309131145477,0.06290309131145477,4.7354
5377,0.024985404685139656,0.024985404685139656,0.06317488849163055,0.06317488849163055,4.7361
5378,0.024983558803796768,0.024983558803796768,0.06290105730295181,0.06290105730295181,4.7368
5379,0.024981781840324402,0.024981781840324402,0.06314104795455933,0.06314104795455933,4.7375
5380,0.02498016133904457,0.02498016133904457,0.06290505081415176,0.06290505081415176,4.7382
5381,0.024978410452604294,0.024978410452604294,0.06311152875423431,0.06311152875423431,4.7389
5382,0.024977058172225952,0.024977058172225952,0.06291165202856064,0.06291165202856064,4.7395
5383,0.024975799024105072,0.024975799024105072,0.06310836225748062,0.06310836225748062,4.7402
5384,0.024974411353468895,0.024974411353468895,0.0629132017493248,0.0629132017493248,4.7409
5385,0.024972859770059586,0.024972859770059586,0.06310442090034485,0.06310442090034485,4.7416
5386,0.02497142180800438,0.02497142180800438,0.06289966404438019,0.06289966404438019,4.7422
5387,0.024969859048724174,0.024969859048724174,0.06308061629533768,0.06308061629533768,4.7429
5388,0.024968381971120834,0.024968381971120834,0.06288301944732666,0.06288301944732666,4.7435
5389,0.024966776371002197,0.024966776371002197,0.06304548680782318,0.06304548680782318,4.7442
5390,0.024965360760688782,0.024965360760688782,0.06287878751754761,0.06287878751754761,4.7449
5391,0.024964159354567528,0.024964159354567528,0.06302361190319061,0.06302361190319061,4.7455
5392,0.024962913244962692,0.024962913244962692,0.06287376582622528,0.06287376582622528,4.7462
5393,0.024961452931165695,0.024961452931165695,0.06303167343139648,0.06303167343139648,4.7469
5394,0.024960171431303024,0.024960171431303024,0.0628490224480629,0.0628490224480629,4.7476
5395,0.024959221482276917,0.024959221482276917,0.06304585933685303,0.06304585933685303,4.7482
5396,0.02495839074254036,0.02495839074254036,0.06281749904155731,0.06281749904155731,4.7491
5397,0.024957189336419106,0.024957189336419106,0.06305228173732758,0.06305228173732758,4.7498
5398,0.02495591901242733,0.02495591901242733,0.0627874881029129,0.0627874881029129,4.7505
5399,0.024955209344625473,0.024955209344625473,0.06305675208568573,0.06305675208568573,4.7512
5400,0.024954931810498238,0.024954931810498238,0.06275853514671326,0.06275853514671326,4.7518
5401,0.024954020977020264,0.024954020977020264,0.06308716535568237,0.06308716535568237,4.7526
5402,0.02495361864566803,0.02495361864566803,0.06271316856145859,0.06271316856145859,4.7532
5403,0.024953598156571388,0.024953598156571388,0.06312618404626846,0.06312618404626846,4.7539
5404,0.024954553693532944,0.024954553693532944,0.0626513808965683,0.0626513808965683,4.7546
5405,0.024955201894044876,0.024955201894044876,0.06317844986915588,0.06317844986915588,4.7553
5406,0.024955758824944496,0.024955758824944496,0.06258948147296906,0.06258948147296906,4.7561
5407,0.02495652437210083,0.02495652437210083,0.06319688260555267,0.06319688260555267,4.757
5408,0.024958411231637,0.024958411231637,0.06251154839992523,0.06251154839992523,4.7577
5409,0.024960674345493317,0.024960674345493317,0.06324489414691925,0.06324489414691925,4.7584
5410,0.024962827563285828,0.024962827563285828,0.062438201159238815,0.062438201159238815,4.7591
5411,0.024964863434433937,0.024964863434433937,0.06330573558807373,0.06330573558807373,4.7598
5412,0.02496587485074997,0.02496587485074997,0.06240250915288925,0.06240250915288925,4.7605
5413,0.02496500499546528,0.02496500499546528,0.06333158910274506,0.06333158910274506,4.7612
5414,0.024961816146969795,0.024961816146969795,0.06241418048739433,0.06241418048739433,4.7619
5415,0.02495521493256092,0.02495521493256092,0.06327424198389053,0.06327424198389053,4.7626
5416,0.024946298450231552,0.024946298450231552,0.06250656396150589,0.06250656396150589,4.7632
5417,0.024936899542808533,0.024936899542808533,0.06307898461818695,0.06307898461818695,4.7639
5418,0.02492937073111534,0.02492937073111534,0.06268401443958282,0.06268401443958282,4.7646
5419,0.02492520585656166,0.02492520585656166,0.06283949315547943,0.06283949315547943,4.7656
5420,0.024924304336309433,0.024924304336309433,0.06285850703716278,0.06285850703716278,4.7664
5421,0.024925727397203445,0.024925727397203445,0.06262011080980301,0.06262011080980301,4.7672
5422,0.024928350001573563,0.024928350001573563,0.062980517745018,0.062980517745018,4.7679
5423,0.024930961430072784,0.024930961430072784,0.0624813511967659,0.0624813511967659,4.7686
5424,0.024932464584708214,0.024932464584708214,0.0630585178732872,0.0630585178732872,4.7693
5425,0.024932922795414925,0.024932922795414925,0.06243014335632324,0.06243014335632324,4.77
5426,0.024931585416197777,0.024931585416197777,0.06309454143047333,0.06309454143047333,4.7708
5427,0.024928364902734756,0.024928364902734756,0.06245776265859604,0.06245776265859604,4.7716
5428,0.024923833087086678,0.024923833087086678,0.06304366886615753,0.06304366886615753,4.7725
5429,0.024918876588344574,0.024918876588344574,0.0625385195016861,0.0625385195016861,4.7735
5430,0.024913987144827843,0.024913987144827843,0.06291194260120392,0.06291194260120392,4.7742
5431,0.02491013891994953,0.02491013891994953,0.06266359984874725,0.06266359984874725,4.775
5432,0.024907639250159264,0.024907639250159264,0.06275482475757599,0.06275482475757599,4.7758
5433,0.024906368926167488,0.024906368926167488,0.06277920305728912,0.06277920305728912,4.7765
5434,0.024906352162361145,0.024906352162361145,0.06260895729064941,0.06260895729064941,4.7772
5435,0.024906951934099197,0.024906951934099197,0.06283652782440186,0.06283652782440186,4.7779
5436,0.02490711584687233,0.02490711584687233,0.06250613927841187,0.06250613927841187,4.7786
5437,0.02490660548210144,0.02490660548210144,0.06286382675170898,0.06286382675170898,4.7793
5438,0.024905551224946976,0.024905551224946976,0.062464237213134766,0.062464237213134766,4.7799
5439,0.02490394376218319,0.02490394376218319,0.06286433339118958,0.06286433339118958,4.7806
5440,0.024902094155550003,0.024902094155550003,0.06248665973544121,0.06248665973544121,4.7813
5441,0.024899844080209732,0.024899844080209732,0.06285202503204346,0.06285202503204346,4.782
5442,0.02489754930138588,0.02489754930138588,0.06253586709499359,0.06253586709499359,4.7828
5443,0.02489512413740158,0.02489512413740158,0.0628020167350769,0.0628020167350769,4.7834
5444,0.024892564862966537,0.024892564862966537,0.06259319931268692,0.06259319931268692,4.7841
5445,0.02489043027162552,0.02489043027162552,0.06271553039550781,0.06271553039550781,4.7848
5446,0.024888871237635612,0.024888871237635612,0.06264816224575043,0.06264816224575043,4.7854
5447,0.024887753650546074,0.024887753650546074,0.06260652840137482,0.06260652840137482,4.7861
5448,0.024886837229132652,0.024886837229132652,0.06269867718219757,0.06269867718219757,4.7868
5449,0.024886224418878555,0.024886224418878555,0.06252245604991913,0.06252245604991913,4.7876
5450,0.024885565042495728,0.024885565042495728,0.06274048984050751,0.06274048984050751,4.7884
5451,0.024884650483727455,0.024884650483727455,0.06249229237437248,0.06249229237437248,4.7892
5452,0.02488338015973568,0.02488338015973568,0.06275341659784317,0.06275341659784317,4.7902
5453,0.024882495403289795,0.024882495403289795,0.06248966604471207,0.06248966604471207,4.7909
5454,0.024881526827812195,0.024881526827812195,0.0627545714378357,0.0627545714378357,4.7916
5455,0.02487979829311371,0.02487979829311371,0.06248195096850395,0.06248195096850395,4.7923
5456,0.024877751246094704,0.024877751246094704,0.06270990520715714,0.06270990520715714,4.793
5457,0.024876099079847336,0.024876099079847336,0.06246580928564072,0.06246580928564072,4.7937
5458,0.024874506518244743,0.024874506518244743,0.06266330182552338,0.06266330182552338,4.7944
5459,0.024872761219739914,0.024872761219739914,0.06247330829501152,0.06247330829501152,4.7951
5460,0.024871092289686203,0.024871092289686203,0.06263487786054611,0.06263487786054611,4.7958
5461,0.024869348853826523,0.024869348853826523,0.06250843405723572,0.06250843405723572,4.7965
5462,0.024867886677384377,0.024867886677384377,0.06260260194540024,0.06260260194540024,4.7972
5463,0.024866491556167603,0.024866491556167603,0.06254467368125916,0.06254467368125916,4.7979
5464,0.024865007027983665,0.024865007027983665,0.06255809217691422,0.06255809217691422,4.7987
5465,0.024863755330443382,0.024863755330443382,0.06255368143320084,0.06255368143320084,4.7995
5466,0.024862637743353844,0.024862637743353844,0.06249567121267319,0.06249567121267319,4.8002
5467,0.024861548095941544,0.024861548095941544,0.06257111579179764,0.06257111579179764,4.8009
5468,0.024860301986336708,0.024860301986336708,0.062455277889966965,0.062455277889966965,4.8016
5469,0.024859149008989334,0.024859149008989334,0.06258895993232727,0.06258895993232727,4.8023
5470,0.024858180433511734,0.024858180433511734,0.0624384768307209,0.0624384768307209,4.803
5471,0.024856962263584137,0.024856962263584137,0.0626036673784256,0.0626036673784256,4.8036
5472,0.024855727329850197,0.024855727329850197,0.06242131069302559,0.06242131069302559,4.8043
5473,0.024854473769664764,0.024854473769664764,0.06258890777826309,0.06258890777826309,4.805
5474,0.024853235110640526,0.024853235110640526,0.06239478662610054,0.06239478662610054,4.8056
5475,0.02485194429755211,0.02485194429755211,0.06257352977991104,0.06257352977991104,4.8063
5476,0.024851065129041672,0.024851065129041672,0.06236238032579422,0.06236238032579422,4.807
5477,0.02485024556517601,0.02485024556517601,0.06259497255086899,0.06259497255086899,4.8077
5478,0.024849971756339073,0.024849971756339073,0.062333930283784866,0.062333930283784866,4.8084
5479,0.024849647656083107,0.024849647656083107,0.06263688951730728,0.06263688951730728,4.809
5480,0.024848876520991325,0.024848876520991325,0.06230355426669121,0.06230355426669121,4.8097
5481,0.02484786882996559,0.02484786882996559,0.06264743953943253,0.06264743953943253,4.8104
5482,0.024847082793712616,0.024847082793712616,0.06225528568029404,0.06225528568029404,4.811
5483,0.024846309795975685,0.024846309795975685,0.06263376027345657,0.06263376027345657,4.8117
5484,0.024845361709594727,0.024845361709594727,0.062218986451625824,0.062218986451625824,4.8123
5485,0.024844586849212646,0.024844586849212646,0.0626402348279953,0.0626402348279953,4.813
5486,0.024843966588377953,0.024843966588377953,0.06220325082540512,0.06220325082540512,4.8137
5487,0.024843180552124977,0.024843180552124977,0.06265319883823395,0.06265319883823395,4.8143
5488,0.024842381477355957,0.024842381477355957,0.062189310789108276,0.062189310789108276,4.8151
5489,0.02484137937426567,0.02484137937426567,0.06266544759273529,0.06266544759273529,4.8158
5490,0.024840569123625755,0.024840569123625755,0.06216313689947128,0.06216313689947128,4.8165
5491,0.024839099496603012,0.024839099496603012,0.06265592575073242,0.06265592575073242,4.8172
5492,0.02483692392706871,0.02483692392706871,0.06216510012745857,0.06216510012745857,4.8179
5493,0.02483457699418068,0.02483457699418068,0.06261689960956573,0.06261689960956573,4.8186
5494,0.024832623079419136,0.024832623079419136,0.06218276172876358,0.06218276172876358,4.8192
5495,0.02483072690665722,0.02483072690665722,0.06257542222738266,0.06257542222738266,4.8199
5496,0.02482873946428299,0.02482873946428299,0.06218457967042923,0.06218457967042923,4.8206
5497,0.024826833978295326,0.024826833978295326,0.06253968179225922,0.06253968179225922,4.8213
5498,0.02482505515217781,0.02482505515217781,0.06218978017568588,0.06218978017568588,4.8219
5499,0.024823356419801712,0.024823356419801712,0.06251808255910873,0.06251808255910873,4.8226
5500,0.02482171729207039,0.02482171729207039,0.06220390647649765,0.06220390647649765,4.8233
5501,0.02482001483440399,0.02482001483440399,0.06249856948852539,0.06249856948852539,4.824
5502,0.024818699806928635,0.024818699806928635,0.062216997146606445,0.062216997146606445,4.8246
5503,0.024817129597067833,0.024817129597067833,0.062465012073516846,0.062465012073516846,4.8253
5504,0.024815695360302925,0.024815695360302925,0.06219848245382309,0.06219848245382309,4.826
5505,0.024814223870635033,0.024814223870635033,0.062433935701847076,0.062433935701847076,4.8267
5506,0.024812906980514526,0.024812906980514526,0.062173642218112946,0.062173642218112946,4.8274
5507,0.024811752140522003,0.024811752140522003,0.062423527240753174,0.062423527240753174,4.8281
5508,0.024810567498207092,0.024810567498207092,0.06216524913907051,0.06216524913907051,4.8287
5509,0.024809347465634346,0.024809347465634346,0.06243368983268738,0.06243368983268738,4.8294
5510,0.024808432906866074,0.024808432906866074,0.06215764209628105,0.06215764209628105,4.83
5511,0.024807512760162354,0.024807512760162354,0.06242968514561653,0.06242968514561653,4.8307
5512,0.02480667270720005,0.02480667270720005,0.06212296336889267,0.06212296336889267,4.8314
5513,0.02480592392385006,0.02480592392385006,0.06243406608700752,0.06243406608700752,4.8322
5514,0.02480534091591835,0.02480534091591835,0.06207435578107834,0.06207435578107834,4.8329
5515,0.024804767221212387,0.024804767221212387,0.062445782124996185,0.062445782124996185,4.8336
5516,0.024803997948765755,0.024803997948765755,0.062051720917224884,0.062051720917224884,4.8343
5517,0.024803515523672104,0.024803515523672104,0.06247315928339958,0.06247315928339958,4.835
5518,0.024803314357995987,0.024803314357995987,0.06202871724963188,0.06202871724963188,4.8357
5519,0.02480301260948181,0.02480301260948181,0.06249378249049187,0.06249378249049187,4.8363
5520,0.024802058935165405,0.024802058935165405,0.06200329214334488,0.06200329214334488,4.837
5521,0.024800924584269524,0.024800924584269524,0.0624888651072979,0.0624888651072979,4.8377
5522,0.02480039931833744,0.02480039931833744,0.06197338551282883,0.06197338551282883,4.8383
5523,0.02479986660182476,0.02479986660182476,0.06249941512942314,0.06249941512942314,4.839
5524,0.024799451231956482,0.024799451231956482,0.061948955059051514,0.061948955059051514,4.8397
5525,0.024798762053251266,0.024798762053251266,0.0625077411532402,0.0625077411532402,4.8411
5526,0.024797996506094933,0.024797996506094933,0.06192722171545029,0.06192722171545029,4.8428
5527,0.024796774610877037,0.024796774610877037,0.06250207126140594,0.06250207126140594,4.8439
5528,0.024795426055788994,0.024795426055788994,0.06192246824502945,0.06192246824502945,4.8447
5529,0.024793094024062157,0.024793094024062157,0.062484752386808395,0.062484752386808395,4.846
5530,0.024789949879050255,0.024789949879050255,0.061943989247083664,0.061943989247083664,4.8475
5531,0.024786327034235,0.024786327034235,0.06241338700056076,0.06241338700056076,4.8484
5532,0.02478313446044922,0.02478313446044922,0.061988465487957,0.061988465487957,4.8492
5533,0.024780087172985077,0.024780087172985077,0.06232612207531929,0.06232612207531929,4.8504
5534,0.024777447804808617,0.024777447804808617,0.06203417107462883,0.06203417107462883,4.8531
5535,0.024775121361017227,0.024775121361017227,0.06223945692181587,0.06223945692181587,4.8543
5536,0.024773195385932922,0.024773195385932922,0.06207931041717529,0.06207931041717529,4.855
5537,0.024771571159362793,0.024771571159362793,0.06218190863728523,0.06218190863728523,4.8561
5538,0.024770153686404228,0.024770153686404228,0.062109269201755524,0.062109269201755524,4.8574
5539,0.02476881630718708,0.02476881630718708,0.062135182321071625,0.062135182321071625,4.8581
5540,0.024767491966485977,0.024767491966485977,0.06212550401687622,0.06212550401687622,4.8588
5541,0.02476627752184868,0.02476627752184868,0.0621044747531414,0.0621044747531414,4.8595
5542,0.024765033274888992,0.024765033274888992,0.06212325021624565,0.06212325021624565,4.8602
5543,0.024763833731412888,0.024763833731412888,0.0620882622897625,0.0620882622897625,4.8608
5544,0.024762554094195366,0.024762554094195366,0.062125302851200104,0.062125302851200104,4.8615
5545,0.024761315435171127,0.024761315435171127,0.06207275390625,0.06207275390625,4.8622
5546,0.024760210886597633,0.024760210886597633,0.06211872771382332,0.06211872771382332,4.8629
5547,0.024759013205766678,0.024759013205766678,0.06205381080508232,0.06205381080508232,4.8636
5548,0.02475770190358162,0.02475770190358162,0.062118351459503174,0.062118351459503174,4.8642
5549,0.024756453931331635,0.024756453931331635,0.06203730031847954,0.06203730031847954,4.8649
5550,0.02475522831082344,0.02475522831082344,0.062113381922245026,0.062113381922245026,4.8658
5551,0.02475404180586338,0.02475404180586338,0.0620206780731678,0.0620206780731678,4.8665
5552,0.024753019213676453,0.024753019213676453,0.062111128121614456,0.062111128121614456,4.8672
5553,0.024751953780651093,0.024751953780651093,0.061987411230802536,0.061987411230802536,4.8679
5554,0.024750996381044388,0.024750996381044388,0.0621303915977478,0.0621303915977478,4.8686
5555,0.024750223383307457,0.024750223383307457,0.061953771859407425,0.061953771859407425,4.8693
5556,0.024749569594860077,0.024749569594860077,0.062158942222595215,0.062158942222595215,4.8699
5557,0.024749040603637695,0.024749040603637695,0.061918146908283234,0.061918146908283234,4.8706
5558,0.024748612195253372,0.024748612195253372,0.062192000448703766,0.062192000448703766,4.8712
5559,0.024748478084802628,0.024748478084802628,0.06185771897435188,0.06185771897435188,4.8718
5560,0.02474876120686531,0.02474876120686531,0.062221020460128784,0.062221020460128784,4.8725
5561,0.024749498814344406,0.024749498814344406,0.06177800893783569,0.06177800893783569,4.8731
5562,0.02475082315504551,0.02475082315504551,0.06226601451635361,0.06226601451635361,4.8738
5563,0.024752987548708916,0.024752987548708916,0.06170762702822685,0.06170762702822685,4.8744
5564,0.024755317717790604,0.024755317717790604,0.06235369294881821,0.06235369294881821,4.875
5565,0.024754878133535385,0.024754878133535385,0.06165216118097305,0.06165216118097305,4.8757
5566,0.024752873927354813,0.024752873927354813,0.062392283231019974,0.062392283231019974,4.8763
5567,0.024750184267759323,0.024750184267759323,0.061585355550050735,0.061585355550050735,4.8769
5568,0.02474871650338173,0.02474871650338173,0.06242869421839714,0.06242869421839714,4.8776
5569,0.02474716678261757,0.02474716678261757,0.06156118959188461,0.06156118959188461,4.8782
5570,0.024745125323534012,0.024745125323534012,0.0625043511390686,0.0625043511390686,4.879
5571,0.024742629379034042,0.024742629379034042,0.06153194233775139,0.06153194233775139,4.8796
5572,0.024738846346735954,0.024738846346735954,0.06257839500904083,0.06257839500904083,4.8803
5573,0.024734726175665855,0.024734726175665855,0.06151313707232475,0.06151313707232475,4.8809
5574,0.024725617840886116,0.024725617840886116,0.06257693469524384,0.06257693469524384,4.8816
5575,0.024711159989237785,0.024711159989237785,0.06161806732416153,0.06161806732416153,4.8823
5576,0.02469414845108986,0.02469414845108986,0.06244044750928879,0.06244044750928879,4.883
5577,0.02467830292880535,0.02467830292880535,0.06187783554196358,0.06187783554196358,4.8836
5578,0.024666106328368187,0.024666106328368187,0.0622425451874733,0.0622425451874733,4.8843
5579,0.02465914748609066,0.02465914748609066,0.062175650149583817,0.062175650149583817,4.8849
5580,0.02465699054300785,0.02465699054300785,0.062053222209215164,0.062053222209215164,4.8855
5581,0.024657409638166428,0.024657409638166428,0.06239529699087143,0.06239529699087143,4.8862
5582,0.024658139795064926,0.024658139795064926,0.06192927435040474,0.06192927435040474,4.8868
5583,0.024657223373651505,0.024657223373651505,0.06251953542232513,0.06251953542232513,4.8875
5584,0.024653464555740356,0.024653464555740356,0.06190473958849907,0.06190473958849907,4.8881
5585,0.024647407233715057,0.024647407233715057,0.06252981722354889,0.06252981722354889,4.8887
5586,0.024640029296278954,0.024640029296278954,0.06197989732027054,0.06197989732027054,4.8894
5587,0.024632522836327553,0.024632522836327553,0.062457941472530365,0.062457941472530365,4.8901
5588,0.0246261153370142,0.0246261153370142,0.06210930272936821,0.06210930272936821,4.8907
5589,0.024619799107313156,0.024619799107313156,0.0623834952712059,0.0623834952712059,4.8914
5590,0.024614453315734863,0.024614453315734863,0.06224403902888298,0.06224403902888298,4.8921
5591,0.02461053989827633,0.02461053989827633,0.06232652813196182,0.06232652813196182,4.8927
5592,0.0246079470962286,0.0246079470962286,0.06235168129205704,0.06235168129205704,4.8934
5593,0.02460619807243347,0.02460619807243347,0.062253277748823166,0.062253277748823166,4.894
5594,0.024604329839348793,0.024604329839348793,0.06244724988937378,0.06244724988937378,4.8947
5595,0.02460292913019657,0.02460292913019657,0.0621679425239563,0.0621679425239563,4.8953
5596,0.02460114285349846,0.02460114285349846,0.062489986419677734,0.062489986419677734,4.896
5597,0.024599121883511543,0.024599121883511543,0.0621095672249794,0.0621095672249794,4.8967
5598,0.024596093222498894,0.024596093222498894,0.06247849389910698,0.06247849389910698,4.8973
5599,0.02459263801574707,0.02459263801574707,0.0621330626308918,0.0621330626308918,4.898
5600,0.0245888102799654,0.0245888102799654,0.0624496228992939,0.0624496228992939,4.8987
5601,0.02458483725786209,0.02458483725786209,0.06221338361501694,0.06221338361501694,4.8994
5602,0.024580972269177437,0.024580972269177437,0.06240085884928703,0.06240085884928703,4.9
5603,0.02457757666707039,0.02457757666707039,0.06229070574045181,0.06229070574045181,4.9007
5604,0.024574853479862213,0.024574853479862213,0.06232031434774399,0.06232031434774399,4.9013
5605,0.02457272633910179,0.02457272633910179,0.06232400983572006,0.06232400983572006,4.902
5606,0.024570826441049576,0.024570826441049576,0.06222957372665405,0.06222957372665405,4.9026
5607,0.024568958207964897,0.024568958207964897,0.06235898286104202,0.06235898286104202,4.9032
5608,0.024567071348428726,0.024567071348428726,0.062177252024412155,0.062177252024412155,4.9039
5609,0.024564962834119797,0.024564962834119797,0.062369562685489655,0.062369562685489655,4.9045
5610,0.024562548846006393,0.024562548846006393,0.062149882316589355,0.062149882316589355,4.9052
5611,0.024560002610087395,0.024560002610087395,0.062317024916410446,0.062317024916410446,4.9058
5612,0.02455740235745907,0.02455740235745907,0.06213446706533432,0.06213446706533432,4.9064
5613,0.024554884061217308,0.024554884061217308,0.06226670742034912,0.06226670742034912,4.9071
5614,0.024552462622523308,0.024552462622523308,0.062128663063049316,0.062128663063049316,4.9078
5615,0.024549994617700577,0.024549994617700577,0.06225051358342171,0.06225051358342171,4.9085
5616,0.024547535926103592,0.024547535926103592,0.06214066594839096,0.06214066594839096,4.9091
5617,0.024545107036828995,0.024545107036828995,0.06221972778439522,0.06221972778439522,4.9098
5618,0.02454269677400589,0.02454269677400589,0.06214339658617973,0.06214339658617973,4.9104
5619,0.024540482088923454,0.024540482088923454,0.06215257570147514,0.06215257570147514,4.911
5620,0.024538321420550346,0.024538321420550346,0.0621231272816658,0.0621231272816658,4.9117
5621,0.024536123499274254,0.024536123499274254,0.06210063770413399,0.06210063770413399,4.9124
5622,0.024533919990062714,0.024533919990062714,0.062115978449583054,0.062115978449583054,4.913
5623,0.024531787261366844,0.024531787261366844,0.06209026649594307,0.06209026649594307,4.9137
5624,0.024529675021767616,0.024529675021767616,0.062113404273986816,0.062113404273986816,4.9144
5625,0.024527592584490776,0.024527592584490776,0.06207524612545967,0.06207524612545967,4.915
5626,0.024525603279471397,0.024525603279471397,0.0620870515704155,0.0620870515704155,4.9157
5627,0.024523859843611717,0.024523859843611717,0.06202080100774765,0.06202080100774765,4.9164
5628,0.024521853774785995,0.024521853774785995,0.06207069009542465,0.06207069009542465,4.9171
5629,0.024520114064216614,0.024520114064216614,0.061955492943525314,0.061955492943525314,4.9178
5630,0.024518342688679695,0.024518342688679695,0.06208587437868118,0.06208587437868118,4.9185
5631,0.024516664445400238,0.024516664445400238,0.061904776841402054,0.061904776841402054,4.9191
5632,0.02451479062438011,0.02451479062438011,0.06208949163556099,0.06208949163556099,4.9198
5633,0.02451276406645775,0.02451276406645775,0.06187814474105835,0.06187814474105835,4.9204
5634,0.024510856717824936,0.024510856717824936,0.06204840540885925,0.06204840540885925,4.9211
5635,0.024509098380804062,0.024509098380804062,0.061833810061216354,0.061833810061216354,4.9218
5636,0.02450757473707199,0.02450757473707199,0.062019266188144684,0.062019266188144684,4.9225
5637,0.024506106972694397,0.024506106972694397,0.06177723407745361,0.06177723407745361,4.9232
5638,0.02450496517121792,0.02450496517121792,0.062044013291597366,0.062044013291597366,4.9239
5639,0.024504194036126137,0.024504194036126137,0.06173118203878403,0.06173118203878403,4.9246
5640,0.0245035532861948,0.0245035532861948,0.06207616999745369,0.06207616999745369,4.9252
5641,0.024502873420715332,0.024502873420715332,0.06169639155268669,0.06169639155268669,4.9259
5642,0.024502038955688477,0.024502038955688477,0.062075234949588776,0.062075234949588776,4.9266
5643,0.024500971660017967,0.024500971660017967,0.061641059815883636,0.061641059815883636,4.9272
5644,0.02450012043118477,0.02450012043118477,0.062062300741672516,0.062062300741672516,4.9279
5645,0.024500709027051926,0.024500709027051926,0.06157704442739487,0.06157704442739487,4.9285
5646,0.024501631036400795,0.024501631036400795,0.06210247427225113,0.06210247427225113,4.9292
5647,0.024503005668520927,0.024503005668520927,0.06151930242776871,0.06151930242776871,4.9298
5648,0.024504821747541428,0.024504821747541428,0.06215282529592514,0.06215282529592514,4.9304
5649,0.024505287408828735,0.024505287408828735,0.06146492436528206,0.06146492436528206,4.9311
5650,0.024504180997610092,0.024504180997610092,0.06215238571166992,0.06215238571166992,4.9318
5651,0.024500969797372818,0.024500969797372818,0.061434946954250336,0.061434946954250336,4.9325
5652,0.024496397003531456,0.024496397003531456,0.062087755650281906,0.062087755650281906,4.9332
5653,0.02449113130569458,0.02449113130569458,0.061434078961610794,0.061434078961610794,4.9338
5654,0.024485081434249878,0.024485081434249878,0.06199774891138077,0.06199774891138077,4.9345
5655,0.02447907254099846,0.02447907254099846,0.06148238107562065,0.06148238107562065,4.9351
5656,0.024473000317811966,0.024473000317811966,0.06189380958676338,0.06189380958676338,4.9357
5657,0.02446751855313778,0.02446751855313778,0.061563026160001755,0.061563026160001755,4.9364
5658,0.024463165551424026,0.024463165551424026,0.06176658347249031,0.06176658347249031,4.9371
5659,0.02445988729596138,0.02445988729596138,0.0616353377699852,0.0616353377699852,4.9377
5660,0.02445763722062111,0.02445763722062111,0.06164007633924484,0.06164007633924484,4.9383
5661,0.024456221610307693,0.024456221610307693,0.061671387404203415,0.061671387404203415,4.939
5662,0.024455253034830093,0.024455253034830093,0.06153876334428787,0.06153876334428787,4.9421
5663,0.024454571306705475,0.024454571306705475,0.061711788177490234,0.061711788177490234,4.9427
5664,0.024454113095998764,0.024454113095998764,0.06147400289773941,0.06147400289773941,4.9434
5665,0.02445363439619541,0.02445363439619541,0.06175708770751953,0.06175708770751953,4.9441
5666,0.02445269748568535,0.02445269748568535,0.06143388897180557,0.06143388897180557,4.9456
5667,0.024451086297631264,0.024451086297631264,0.06175969913601875,0.06175969913601875,4.9462
5668,0.024448905140161514,0.024448905140161514,0.06140161678195,0.06140161678195,4.947
5669,0.02444632351398468,0.02444632351398468,0.06171067804098129,0.06171067804098129,4.9477
5670,0.02444378472864628,0.02444378472864628,0.061381734907627106,0.061381734907627106,4.9484
5671,0.02444121614098549,0.02444121614098549,0.06165725737810135,0.06165725737810135,4.9491
5672,0.024438684806227684,0.024438684806227684,0.061388589441776276,0.061388589441776276,4.9498
5673,0.024436285719275475,0.024436285719275475,0.061622798442840576,0.061622798442840576,4.9506
5674,0.024434208869934082,0.024434208869934082,0.061396967619657516,0.061396967619657516,4.9513
5675,0.024432029575109482,0.024432029575109482,0.061592258512973785,0.061592258512973785,4.952
5676,0.024430375546216965,0.024430375546216965,0.06139465421438217,0.06139465421438217,4.9526
5677,0.024428609758615494,0.024428609758615494,0.061554837971925735,0.061554837971925735,4.9533
5678,0.024426888674497604,0.024426888674497604,0.06135626882314682,0.06135626882314682,4.9539
5679,0.024424893781542778,0.024424893781542778,0.06153620034456253,0.06153620034456253,4.9546
5680,0.02442331239581108,0.02442331239581108,0.06130325794219971,0.06130325794219971,4.9555
5681,0.024421531707048416,0.024421531707048416,0.061528682708740234,0.061528682708740234,4.9561
5682,0.02441936731338501,0.02441936731338501,0.06129380315542221,0.06129380315542221,4.9569
5683,0.024417269974946976,0.024417269974946976,0.061489760875701904,0.061489760875701904,4.9576
5684,0.02441531978547573,0.02441531978547573,0.06129595637321472,0.06129595637321472,4.9582
5685,0.02441352978348732,0.02441352978348732,0.06144672632217407,0.06144672632217407,4.9589
5686,0.024411696940660477,0.024411696940660477,0.061271946877241135,0.061271946877241135,4.9596
5687,0.024409934878349304,0.024409934878349304,0.06144075468182564,0.06144075468182564,4.9602
5688,0.024408403784036636,0.024408403784036636,0.06123962998390198,0.06123962998390198,4.9616
5689,0.024406777694821358,0.024406777694821358,0.06145248934626579,0.06145248934626579,4.9624
5690,0.02440519630908966,0.02440519630908966,0.0612248070538044,0.0612248070538044,4.963
5691,0.024403592571616173,0.024403592571616173,0.061433352530002594,0.061433352530002594,4.9644
5692,0.0244024358689785,0.0244024358689785,0.06119884178042412,0.06119884178042412,4.9652
5693,0.024401649832725525,0.024401649832725525,0.061410874128341675,0.061410874128341675,4.9659
5694,0.02440083958208561,0.02440083958208561,0.06114336848258972,0.06114336848258972,4.9685
5695,0.024400049820542336,0.024400049820542336,0.06143737956881523,0.06143737956881523,4.9692
5696,0.024399304762482643,0.024399304762482643,0.06108182668685913,0.06108182668685913,4.9698
5697,0.024398718029260635,0.024398718029260635,0.061467550694942474,0.061467550694942474,4.9705
5698,0.024398181587457657,0.024398181587457657,0.061041027307510376,0.061041027307510376,4.9712
5699,0.024397891014814377,0.024397891014814377,0.06147308275103569,0.06147308275103569,4.9719
5700,0.024398768320679665,0.024398768320679665,0.06099557876586914,0.06099557876586914,4.9725
5701,0.02439958229660988,0.02439958229660988,0.06148805096745491,0.06148805096745491,4.9732
5702,0.024400940164923668,0.024400940164923668,0.060954876244068146,0.060954876244068146,4.9739
5703,0.024401500821113586,0.024401500821113586,0.06152423098683357,0.06152423098683357,4.9746
5704,0.024402031674981117,0.024402031674981117,0.060903437435626984,0.060903437435626984,4.9752
5705,0.02440214529633522,0.02440214529633522,0.061551161110401154,0.061551161110401154,4.9759
5706,0.024400342255830765,0.024400342255830765,0.060850512236356735,0.060850512236356735,4.9766
5707,0.024396618828177452,0.024396618828177452,0.061502061784267426,0.061502061784267426,4.9772
5708,0.024392152205109596,0.024392152205109596,0.060854293406009674,0.060854293406009674,4.9779
5709,0.024386286735534668,0.024386286735534668,0.06141529232263565,0.06141529232263565,4.9785
5710,0.024379681795835495,0.024379681795835495,0.060914505273103714,0.060914505273103714,4.9792
5711,0.02437329664826393,0.02437329664826393,0.06130192428827286,0.06130192428827286,4.9798
5712,0.024367788806557655,0.024367788806557655,0.06099189445376396,0.06099189445376396,4.9804
5713,0.024363836273550987,0.024363836273550987,0.06117292493581772,0.06117292493581772,4.9811
5714,0.024361122399568558,0.024361122399568558,0.06104448437690735,0.06104448437690735,4.9817
5715,0.02435927279293537,0.02435927279293537,0.061055220663547516,0.061055220663547516,4.9825
5716,0.02435818687081337,0.02435818687081337,0.061107270419597626,0.061107270419597626,4.9832
5717,0.02435772679746151,0.02435772679746151,0.06097085401415825,0.06097085401415825,4.9838
5718,0.024357620626688004,0.024357620626688004,0.061188530176877975,0.061188530176877975,4.9845
5719,0.024357367306947708,0.024357367306947708,0.06091390177607536,0.06091390177607536,4.9853
5720,0.02435680665075779,0.02435680665075779,0.061227332800626755,0.061227332800626755,4.986
5721,0.024355564266443253,0.024355564266443253,0.060872633010149,0.060872633010149,4.9867
5722,0.024354107677936554,0.024354107677936554,0.06119828298687935,0.06119828298687935,4.9874
5723,0.024352427572011948,0.024352427572011948,0.060841478407382965,0.060841478407382965,4.988
5724,0.024350658059120178,0.024350658059120178,0.061164580285549164,0.061164580285549164,4.9887
5725,0.0243491530418396,0.0243491530418396,0.06082785129547119,0.06082785129547119,4.9894
5726,0.02434781938791275,0.02434781938791275,0.06116671487689018,0.06116671487689018,4.9901
5727,0.02434636279940605,0.02434636279940605,0.060819417238235474,0.060819417238235474,4.9908
5728,0.024344515055418015,0.024344515055418015,0.06116536259651184,0.06116536259651184,4.9915
5729,0.024342063814401627,0.024342063814401627,0.060809601098299026,0.060809601098299026,4.9924
5730,0.02433919534087181,0.02433919534087181,0.061115704476833344,0.061115704476833344,4.9931
5731,0.024336112663149834,0.024336112663149834,0.06081410497426987,0.06081410497426987,4.9938
5732,0.024333259090781212,0.024333259090781212,0.061034977436065674,0.061034977436065674,4.9944
5733,0.02433071658015251,0.02433071658015251,0.0608365461230278,0.0608365461230278,4.995
5734,0.024328360334038734,0.024328360334038734,0.060977719724178314,0.060977719724178314,4.9957
5735,0.024326641112565994,0.024326641112565994,0.06086599826812744,0.06086599826812744,4.9963
5736,0.024324703961610794,0.024324703961610794,0.060955535620450974,0.060955535620450974,4.997
5737,0.024322811514139175,0.024322811514139175,0.060872115194797516,0.060872115194797516,4.9977
5738,0.024320974946022034,0.024320974946022034,0.06092359498143196,0.06092359498143196,4.9983
5739,0.024319257587194443,0.024319257587194443,0.06084912270307541,0.06084912270307541,4.999
5740,0.02431759610772133,0.02431759610772133,0.06087305396795273,0.06087305396795273,4.9997
5741,0.024315882474184036,0.024315882474184036,0.06084594875574112,0.06084594875574112,5.0004
5742,0.02431425265967846,0.02431425265967846,0.0608396902680397,0.0608396902680397,5.001
5743,0.024312656372785568,0.024312656372785568,0.060875941067934036,0.060875941067934036,5.0017
5744,0.024311017245054245,0.024311017245054245,0.060819972306489944,0.060819972306489944,5.0024
5745,0.02430938556790352,0.02430938556790352,0.06088908761739731,0.06088908761739731,5.0031
5746,0.024307742714881897,0.024307742714881897,0.06079968065023422,0.06079968065023422,5.0037
5747,0.02430606447160244,0.02430606447160244,0.06085960194468498,0.06085960194468498,5.0044
5748,0.02430460788309574,0.02430460788309574,0.060781825333833694,0.060781825333833694,5.005
5749,0.024303186684846878,0.024303186684846878,0.060852132737636566,0.060852132737636566,5.0057
5750,0.02430160716176033,0.02430160716176033,0.06076958030462265,0.06076958030462265,5.0063
5751,0.02429996244609356,0.02429996244609356,0.06087728217244148,0.06087728217244148,5.007
5752,0.024298466742038727,0.024298466742038727,0.06074124574661255,0.06074124574661255,5.0077
5753,0.024297183379530907,0.024297183379530907,0.060889702290296555,0.060889702290296555,5.0083
5754,0.0242958702147007,0.0242958702147007,0.06070173531770706,0.06070173531770706,5.009
5755,0.02429455891251564,0.02429455891251564,0.06087510660290718,0.06087510660290718,5.0096
5756,0.024293607100844383,0.024293607100844383,0.06067897006869316,0.06067897006869316,5.0103
5757,0.02429266832768917,0.02429266832768917,0.06089843437075615,0.06089843437075615,5.0109
5758,0.024291735142469406,0.024291735142469406,0.06066230684518814,0.06066230684518814,5.0116
5759,0.02429090067744255,0.02429090067744255,0.06093659996986389,0.06093659996986389,5.0122
5760,0.02429017424583435,0.02429017424583435,0.06061884015798569,0.06061884015798569,5.0129
5761,0.024289797991514206,0.024289797991514206,0.060942959040403366,0.060942959040403366,5.0135
5762,0.024289974942803383,0.024289974942803383,0.06055126339197159,0.06055126339197159,5.0141
5763,0.02429095283150673,0.02429095283150673,0.060948073863983154,0.060948073863983154,5.0148
5764,0.02429281733930111,0.02429281733930111,0.060498904436826706,0.060498904436826706,5.0154
5765,0.024295438081026077,0.024295438081026077,0.06101105362176895,0.06101105362176895,5.0161
5766,0.024297941476106644,0.024297941476106644,0.06045536324381828,0.06045536324381828,5.0167
5767,0.024300510063767433,0.024300510063767433,0.06109439581632614,0.06109439581632614,5.0173
5768,0.024305060505867004,0.024305060505867004,0.06037064641714096,0.06037064641714096,5.018
5769,0.024308839812874794,0.024308839812874794,0.061161428689956665,0.061161428689956665,5.0186
5770,0.024311374872922897,0.024311374872922897,0.060315728187561035,0.060315728187561035,5.0192
5771,0.02431122027337551,0.02431122027337551,0.061159949749708176,0.061159949749708176,5.0199
5772,0.024306785315275192,0.024306785315275192,0.06032320111989975,0.06032320111989975,5.0205
5773,0.024298790842294693,0.024298790842294693,0.06108211353421211,0.06108211353421211,5.0212
5774,0.02428874932229519,0.02428874932229519,0.06036495044827461,0.06036495044827461,5.0219
5775,0.024277502670884132,0.024277502670884132,0.060948967933654785,0.060948967933654785,5.0226
5776,0.024267077445983887,0.024267077445983887,0.06046488136053085,0.06046488136053085,5.0232
5777,0.02425943873822689,0.02425943873822689,0.060754477977752686,0.060754477977752686,5.0239
5778,0.024255555123090744,0.024255555123090744,0.060632992535829544,0.060632992535829544,5.0245
5779,0.024255182594060898,0.024255182594060898,0.06056946516036987,0.06056946516036987,5.0252
5780,0.02425682172179222,0.02425682172179222,0.06078217178583145,0.06078217178583145,5.0259
5781,0.02425921894609928,0.02425921894609928,0.06045179441571236,0.06045179441571236,5.0265
5782,0.024261724203824997,0.024261724203824997,0.06086200475692749,0.06086200475692749,5.0273
5783,0.02426351234316826,0.02426351234316826,0.06039900705218315,0.06039900705218315,5.028
5784,0.024263527244329453,0.024263527244329453,0.06089368462562561,0.06089368462562561,5.0287
5785,0.0242605023086071,0.0242605023086071,0.06040017679333687,0.06040017679333687,5.0295
5786,0.024255309253931046,0.024255309253931046,0.060856759548187256,0.060856759548187256,5.0301
5787,0.02424927055835724,0.02424927055835724,0.060439128428697586,0.060439128428697586,5.0309
5788,0.024243628606200218,0.024243628606200218,0.06073816493153572,0.06073816493153572,5.0317
5789,0.024239329621195793,0.024239329621195793,0.06052776426076889,0.06052776426076889,5.0324
5790,0.024237031117081642,0.024237031117081642,0.06057531759142876,0.06057531759142876,5.0332
5791,0.024236230179667473,0.024236230179667473,0.06062392145395279,0.06062392145395279,5.034
5792,0.024236302822828293,0.024236302822828293,0.060456763952970505,0.060456763952970505,5.0347
5793,0.024236634373664856,0.024236634373664856,0.06070384383201599,0.06070384383201599,5.0354
5794,0.024236882105469704,0.024236882105469704,0.06041449308395386,0.06041449308395386,5.0374
5795,0.02423652447760105,0.02423652447760105,0.0607411153614521,0.0607411153614521,5.0402
5796,0.024235064163804054,0.024235064163804054,0.060420602560043335,0.060420602560043335,5.0417
5797,0.024232899770140648,0.024232899770140648,0.060724399983882904,0.060724399983882904,5.0428
5798,0.02422988787293434,0.02422988787293434,0.06042880937457085,0.06042880937457085,5.0435
5799,0.024226605892181396,0.024226605892181396,0.060663312673568726,0.060663312673568726,5.0443
5800,0.024223504588007927,0.024223504588007927,0.06044159457087517,0.06044159457087517,5.0452
5801,0.024220865219831467,0.024220865219831467,0.060579895973205566,0.060579895973205566,5.0459
5802,0.02421877160668373,0.02421877160668373,0.06048569828271866,0.06048569828271866,5.0466
5803,0.024217184633016586,0.024217184633016586,0.06050229072570801,0.06050229072570801,5.0473
5804,0.02421579509973526,0.02421579509973526,0.06053028628230095,0.06053028628230095,5.048
5805,0.024214640259742737,0.024214640259742737,0.06045468896627426,0.06045468896627426,5.0487
5806,0.024213507771492004,0.024213507771492004,0.06056696176528931,0.06056696176528931,5.0494
5807,0.024212319403886795,0.024212319403886795,0.060435451567173004,0.060435451567173004,5.05
5808,0.02421124465763569,0.02421124465763569,0.06056895852088928,0.06056895852088928,5.0507
5809,0.024209992960095406,0.024209992960095406,0.060422640293836594,0.060422640293836594,5.0514
5810,0.024208365008234978,0.024208365008234978,0.06055723503232002,0.06055723503232002,5.0521
5811,0.024206582456827164,0.024206582456827164,0.060396768152713776,0.060396768152713776,5.0528
5812,0.02420484460890293,0.02420484460890293,0.06053375452756882,0.06053375452756882,5.0534
5813,0.02420327626168728,0.02420327626168728,0.06038426235318184,0.06038426235318184,5.0541
5814,0.02420170232653618,0.02420170232653618,0.06052754074335098,0.06052754074335098,5.0551
5815,0.02420015074312687,0.02420015074312687,0.06039813905954361,0.06039813905954361,5.0559
5816,0.024198610335588455,0.024198610335588455,0.060515306890010834,0.060515306890010834,5.0566
5817,0.024197448045015335,0.024197448045015335,0.060421399772167206,0.060421399772167206,5.0573
5818,0.02419622614979744,0.02419622614979744,0.06049911305308342,0.06049911305308342,5.0579
5819,0.024194572120904922,0.024194572120904922,0.06039414554834366,0.06039414554834366,5.0586
5820,0.024192869663238525,0.024192869663238525,0.060488950461149216,0.060488950461149216,5.0593
5821,0.024191394448280334,0.024191394448280334,0.06034129858016968,0.06034129858016968,5.06
5822,0.024189885705709457,0.024189885705709457,0.06046835333108902,0.06046835333108902,5.0606
5823,0.024188058450818062,0.024188058450818062,0.06034650653600693,0.06034650653600693,5.0613
5824,0.02418624982237816,0.02418624982237816,0.06044726446270943,0.06044726446270943,5.062
5825,0.02418477274477482,0.02418477274477482,0.06039155274629593,0.06039155274629593,5.0627
5826,0.02418328821659088,0.02418328821659088,0.060416124761104584,0.060416124761104584,5.0634
5827,0.024181658402085304,0.024181658402085304,0.06040717288851738,0.06040717288851738,5.0641
5828,0.024180028587579727,0.024180028587579727,0.06039544194936752,0.06039544194936752,5.0647
5829,0.024178549647331238,0.024178549647331238,0.06038514897227287,0.06038514897227287,5.0654
5830,0.024177297949790955,0.024177297949790955,0.06037524342536926,0.06037524342536926,5.0661
5831,0.024175975471735,0.024175975471735,0.0603756420314312,0.0603756420314312,5.0667
5832,0.02417442761361599,0.02417442761361599,0.060353197157382965,0.060353197157382965,5.0674
5833,0.024172965437173843,0.024172965437173843,0.060403455048799515,0.060403455048799515,5.068
5834,0.024171650409698486,0.024171650409698486,0.0603337287902832,0.0603337287902832,5.0686
5835,0.024170314893126488,0.024170314893126488,0.06042568013072014,0.06042568013072014,5.0694
5836,0.024168869480490685,0.024168869480490685,0.060324180871248245,0.060324180871248245,5.0701
5837,0.02416742406785488,0.02416742406785488,0.06040990352630615,0.06040990352630615,5.0708
5838,0.024166002869606018,0.024166002869606018,0.060308776795864105,0.060308776795864105,5.0715
5839,0.02416461706161499,0.02416461706161499,0.060381971299648285,0.060381971299648285,5.0722
5840,0.02416331134736538,0.02416331134736538,0.060289811342954636,0.060289811342954636,5.0729
5841,0.024162042886018753,0.024162042886018753,0.06039158254861832,0.06039158254861832,5.0736
5842,0.02416103705763817,0.02416103705763817,0.0602615550160408,0.0602615550160408,5.0742
5843,0.024160215631127357,0.024160215631127357,0.0604247972369194,0.0604247972369194,5.0749
5844,0.02415948174893856,0.02415948174893856,0.06023304536938667,0.06023304536938667,5.0756
5845,0.024158846586942673,0.024158846586942673,0.06044309213757515,0.06044309213757515,5.0763
5846,0.024158259853720665,0.024158259853720665,0.060188937932252884,0.060188937932252884,5.077
5847,0.02415807917714119,0.02415807917714119,0.060453154146671295,0.060453154146671295,5.0787
5848,0.02415841445326805,0.02415841445326805,0.060135699808597565,0.060135699808597565,5.0794
5849,0.02415921911597252,0.02415921911597252,0.06049840897321701,0.06049840897321701,5.0801
5850,0.024160955101251602,0.024160955101251602,0.060099076479673386,0.060099076479673386,5.0807
5851,0.02416384406387806,0.02416384406387806,0.060579340904951096,0.060579340904951096,5.0814
5852,0.024167096242308617,0.024167096242308617,0.060062475502491,0.060062475502491,5.082
5853,0.024170849472284317,0.024170849472284317,0.06065509840846062,0.06065509840846062,5.0828
5854,0.024174323305487633,0.024174323305487633,0.059995412826538086,0.059995412826538086,5.0838
5855,0.024177663028240204,0.024177663028240204,0.0606992244720459,0.0606992244720459,5.0845
5856,0.024180414155125618,0.024180414155125618,0.0599190779030323,0.0599190779030323,5.0852
5857,0.024181809276342392,0.024181809276342392,0.06071794033050537,0.06071794033050537,5.0859
5858,0.0241827555000782,0.0241827555000782,0.05989861488342285,0.05989861488342285,5.0865
5859,0.02418031170964241,0.02418031170964241,0.06071393936872482,0.06071393936872482,5.0872
5860,0.024172630161046982,0.024172630161046982,0.05994080752134323,0.05994080752134323,5.0879
5861,0.024161972105503082,0.024161972105503082,0.06061378866434097,0.06061378866434097,5.0886
5862,0.024149427190423012,0.024149427190423012,0.06001913547515869,0.06001913547515869,5.0893
5863,0.024138202890753746,0.024138202890753746,0.06042790412902832,0.06042790412902832,5.09
5864,0.024130824953317642,0.024130824953317642,0.060139305889606476,0.060139305889606476,5.0907
5865,0.02412717044353485,0.02412717044353485,0.06025909259915352,0.06025909259915352,5.0914
5866,0.024126742035150528,0.024126742035150528,0.060297705233097076,0.060297705233097076,5.0921
5867,0.024128485471010208,0.024128485471010208,0.06011694669723511,0.06011694669723511,5.0931
5868,0.024130946025252342,0.024130946025252342,0.06042323261499405,0.06042323261499405,5.094
5869,0.02413254976272583,0.02413254976272583,0.0600261464715004,0.0600261464715004,5.0947
5870,0.02413289062678814,0.02413289062678814,0.060450196266174316,0.060450196266174316,5.0954
5871,0.02413167431950569,0.02413167431950569,0.0600011944770813,0.0600011944770813,5.0961
5872,0.0241291094571352,0.0241291094571352,0.0604218952357769,0.0604218952357769,5.0967
5873,0.024125520139932632,0.024125520139932632,0.06004725769162178,0.06004725769162178,5.0974
5874,0.02412136271595955,0.02412136271595955,0.06038227677345276,0.06038227677345276,5.0981
5875,0.02411709353327751,0.02411709353327751,0.06013137102127075,0.06013137102127075,5.0989
5876,0.02411327138543129,0.02411327138543129,0.06030362844467163,0.06030362844467163,5.1
5877,0.024111833423376083,0.024111833423376083,0.060280073434114456,0.060280073434114456,5.1009
5878,0.02411196567118168,0.02411196567118168,0.06018024682998657,0.06018024682998657,5.1019
5879,0.02411305531859398,0.02411305531859398,0.06032567098736763,0.06032567098736763,5.1027
5880,0.024113796651363373,0.024113796651363373,0.06005684286355972,0.06005684286355972,5.1035
5881,0.024113979190587997,0.024113979190587997,0.06033378094434738,0.06033378094434738,5.1042
5882,0.02411346323788166,0.02411346323788166,0.05998238921165466,0.05998238921165466,5.105
5883,0.024112429469823837,0.024112429469823837,0.06032641977071762,0.06032641977071762,5.1057
5884,0.024110551923513412,0.024110551923513412,0.059967268258333206,0.059967268258333206,5.1064
5885,0.024107884615659714,0.024107884615659714,0.060301266610622406,0.060301266610622406,5.1071
5886,0.02410455234348774,0.02410455234348774,0.060012541711330414,0.060012541711330414,5.1082
5887,0.02410113997757435,0.02410113997757435,0.06025443226099014,0.06025443226099014,5.1091
5888,0.024098021909594536,0.024098021909594536,0.060093771666288376,0.060093771666288376,5.1099
5889,0.024095632135868073,0.024095632135868073,0.0601889006793499,0.0601889006793499,5.1117
5890,0.024094108492136,0.024094108492136,0.06016460806131363,0.06016460806131363,5.1127
5891,0.02409334108233452,0.02409334108233452,0.06011074781417847,0.06011074781417847,5.1134
5892,0.024092957377433777,0.024092957377433777,0.06022254377603531,0.06022254377603531,5.1141
5893,0.02409261465072632,0.02409261465072632,0.06004537269473076,0.06004537269473076,5.1149
5894,0.0240921750664711,0.0240921750664711,0.06024898216128349,0.06024898216128349,5.1158
5895,0.02409147471189499,0.02409147471189499,0.06000373512506485,0.06000373512506485,5.1167
5896,0.024090638384222984,0.024090638384222984,0.060260675847530365,0.060260675847530365,5.1175
5897,0.024089455604553223,0.024089455604553223,0.05999885872006416,0.05999885872006416,5.1183
5898,0.024087991565465927,0.024087991565465927,0.06026489660143852,0.06026489660143852,5.119
5899,0.024086011573672295,0.024086011573672295,0.0600162148475647,0.0600162148475647,5.1197
5900,0.024083836004137993,0.024083836004137993,0.06023372337222099,0.06023372337222099,5.1204
5901,0.024081457406282425,0.024081457406282425,0.06002797931432724,0.06002797931432724,5.1212
5902,0.024079125374555588,0.024079125374555588,0.06017407029867172,0.06017407029867172,5.1218
5903,0.024077048525214195,0.024077048525214195,0.06004288047552109,0.06004288047552109,5.1225
5904,0.024075325578451157,0.024075325578451157,0.060108721256256104,0.060108721256256104,5.1232
5905,0.024073809385299683,0.024073809385299683,0.06007472798228264,0.06007472798228264,5.1239
5906,0.024072518572211266,0.024072518572211266,0.06007560342550278,0.06007560342550278,5.1246
5907,0.024071330204606056,0.024071330204606056,0.060114145278930664,0.060114145278930664,5.1253
5908,0.024070272222161293,0.024070272222161293,0.06005992367863655,0.06005992367863655,5.126
5909,0.02406918630003929,0.02406918630003929,0.06013740226626396,0.06013740226626396,5.1279
5910,0.024068057537078857,0.024068057537078857,0.06003261357545853,0.06003261357545853,5.1291
5911,0.024066898971796036,0.024066898971796036,0.060142386704683304,0.060142386704683304,5.1298
5912,0.02406580187380314,0.02406580187380314,0.0600009486079216,0.0600009486079216,5.1305
5913,0.02406468614935875,0.02406468614935875,0.06014586612582207,0.06014586612582207,5.1312
5914,0.024063419550657272,0.024063419550657272,0.05998825281858444,0.05998825281858444,5.1319
5915,0.024062052369117737,0.024062052369117737,0.060134947299957275,0.060134947299957275,5.1326
5916,0.024060623720288277,0.024060623720288277,0.059992991387844086,0.059992991387844086,5.1333
5917,0.024059290066361427,0.024059290066361427,0.06012088060379028,0.06012088060379028,5.134
5918,0.024057995527982712,0.024057995527982712,0.0599890761077404,0.0599890761077404,5.1351
5919,0.02405674383044243,0.02405674383044243,0.06013307720422745,0.06013307720422745,5.136
5920,0.024055417627096176,0.024055417627096176,0.05998263508081436,0.05998263508081436,5.1367
5921,0.024054015055298805,0.024054015055298805,0.060130201280117035,0.060130201280117035,5.1374
5922,0.02405254915356636,0.02405254915356636,0.05998282507061958,0.05998282507061958,5.1383
5923,0.02405126765370369,0.02405126765370369,0.060106564313173294,0.060106564313173294,5.1392
5924,0.024049971252679825,0.024049971252679825,0.059976182878017426,0.059976182878017426,5.14
5925,0.024048740044236183,0.024048740044236183,0.06010572239756584,0.06010572239756584,5.1407
5926,0.02404795028269291,0.02404795028269291,0.05997650697827339,0.05997650697827339,5.1414
5927,0.02404739335179329,0.02404739335179329,0.060133665800094604,0.060133665800094604,5.1421
5928,0.024046622216701508,0.024046622216701508,0.059971392154693604,0.059971392154693604,5.1428
5929,0.024045709520578384,0.024045709520578384,0.060155726969242096,0.060155726969242096,5.1434
5930,0.02404477633535862,0.02404477633535862,0.05992244556546211,0.05992244556546211,5.1441
5931,0.024043889716267586,0.024043889716267586,0.060153424739837646,0.060153424739837646,5.1448
5932,0.024042997509241104,0.024042997509241104,0.059870194643735886,0.059870194643735886,5.1456
5933,0.02404211275279522,0.02404211275279522,0.06013237312436104,0.06013237312436104,5.1463
5934,0.02404150739312172,0.02404150739312172,0.059845637530088425,0.059845637530088425,5.147
5935,0.02404092624783516,0.02404092624783516,0.06013618782162666,0.06013618782162666,5.1476
5936,0.024040279909968376,0.024040279909968376,0.05984935909509659,0.05984935909509659,5.1483
5937,0.024039680138230324,0.024039680138230324,0.060153793543577194,0.060153793543577194,5.1489
5938,0.024038996547460556,0.024038996547460556,0.059831440448760986,0.059831440448760986,5.1496
5939,0.02403848245739937,0.02403848245739937,0.0601712241768837,0.0601712241768837,5.1502
5940,0.0240384079515934,0.0240384079515934,0.05979757383465767,0.05979757383465767,5.1509
5941,0.02403872087597847,0.02403872087597847,0.06019973009824753,0.06019973009824753,5.1515
5942,0.024039020761847496,0.024039020761847496,0.05978352949023247,0.05978352949023247,5.1522
5943,0.0240391306579113,0.0240391306579113,0.06022043153643608,0.06022043153643608,5.1529
5944,0.024038979783654213,0.024038979783654213,0.05977039784193039,0.05977039784193039,5.1535
5945,0.02403845079243183,0.02403845079243183,0.06023291498422623,0.06023291498422623,5.1542
5946,0.024037398397922516,0.024037398397922516,0.059743572026491165,0.059743572026491165,5.1548
5947,0.024036118760704994,0.024036118760704994,0.06021895259618759,0.06021895259618759,5.1556
5948,0.024035001173615456,0.024035001173615456,0.059727348387241364,0.059727348387241364,5.1563
5949,0.024035032838582993,0.024035032838582993,0.0602237805724144,0.0602237805724144,5.1571
5950,0.024034559726715088,0.024034559726715088,0.05975019931793213,0.05975019931793213,5.1577
5951,0.024034854024648666,0.024034854024648666,0.060292840003967285,0.060292840003967285,5.1584
5952,0.024033453315496445,0.024033453315496445,0.05975997447967529,0.05975997447967529,5.1591
5953,0.024030927568674088,0.024030927568674088,0.060237713158130646,0.060237713158130646,5.1598
5954,0.024027019739151,0.024027019739151,0.05974655598402023,0.05974655598402023,5.1604
5955,0.024022823199629784,0.024022823199629784,0.06012195348739624,0.06012195348739624,5.1611
5956,0.024019207805395126,0.024019207805395126,0.05974627658724785,0.05974627658724785,5.1618
5957,0.024015244096517563,0.024015244096517563,0.06006256490945816,0.06006256490945816,5.1626
5958,0.024011481553316116,0.024011481553316116,0.05976402759552002,0.05976402759552002,5.1633
5959,0.024008292704820633,0.024008292704820633,0.060011185705661774,0.060011185705661774,5.164
5960,0.024005474522709846,0.024005474522709846,0.05981839820742607,0.05981839820742607,5.1646
5961,0.02400308847427368,0.02400308847427368,0.05994826555252075,0.05994826555252075,5.1653
5962,0.024001264944672585,0.024001264944672585,0.05989042669534683,0.05989042669534683,5.166
5963,0.02400006540119648,0.02400006540119648,0.05987074226140976,0.05987074226140976,5.1667
5964,0.023999277502298355,0.023999277502298355,0.05994085222482681,0.05994085222482681,5.1674
5965,0.023998837918043137,0.023998837918043137,0.059824395924806595,0.059824395924806595,5.1682
5966,0.023998524993658066,0.023998524993658066,0.05998684838414192,0.05998684838414192,5.1689
5967,0.02399848774075508,0.02399848774075508,0.059813596308231354,0.059813596308231354,5.1696
5968,0.023998264223337173,0.023998264223337173,0.06003661826252937,0.06003661826252937,5.1702
5969,0.023997712880373,0.023997712880373,0.059788964688777924,0.059788964688777924,5.1709
5970,0.02399681881070137,0.02399681881070137,0.06004687398672104,0.06004687398672104,5.1716
5971,0.023995568975806236,0.023995568975806236,0.05976148694753647,0.05976148694753647,5.1722
5972,0.023994097486138344,0.023994097486138344,0.06002768129110336,0.06002768129110336,5.1728
5973,0.023992707952857018,0.023992707952857018,0.0597536563873291,0.0597536563873291,5.1735
5974,0.02399122342467308,0.02399122342467308,0.06001085042953491,0.06001085042953491,5.1741
5975,0.02398953028023243,0.02398953028023243,0.05975617095828056,0.05975617095828056,5.1751
5976,0.023987647145986557,0.023987647145986557,0.0599810965359211,0.0599810965359211,5.1759
5977,0.02398568019270897,0.02398568019270897,0.059768665581941605,0.059768665581941605,5.1767
5978,0.02398374304175377,0.02398374304175377,0.05995545536279678,0.05995545536279678,5.1774
5979,0.023981919512152672,0.023981919512152672,0.059780560433864594,0.059780560433864594,5.1781
5980,0.023980218917131424,0.023980218917131424,0.05992661789059639,0.05992661789059639,5.1788
5981,0.023978684097528458,0.023978684097528458,0.059790629893541336,0.059790629893541336,5.1795
5982,0.023977208882570267,0.023977208882570267,0.059910427778959274,0.059910427778959274,5.1801
5983,0.023975754156708717,0.023975754156708717,0.05980747193098068,0.05980747193098068,5.1808
5984,0.023974362760782242,0.023974362760782242,0.05988876894116402,0.05988876894116402,5.1815
5985,0.02397298254072666,0.02397298254072666,0.05981530621647835,0.05981530621647835,5.1822
5986,0.02397172525525093,0.02397172525525093,0.05986420437693596,0.05986420437693596,5.1829
5987,0.023970473557710648,0.023970473557710648,0.05981077998876572,0.05981077998876572,5.1836
5988,0.023969165980815887,0.023969165980815887,0.0598505437374115,0.0598505437374115,5.1842
5989,0.023967871442437172,0.023967871442437172,0.05980673432350159,0.05980673432350159,5.1849
5990,0.023966580629348755,0.023966580629348755,0.059847213327884674,0.059847213327884674,5.1856
5991,0.02396535314619541,0.02396535314619541,0.05980579927563667,0.05980579927563667,5.1863
5992,0.023964107036590576,0.023964107036590576,0.059834010899066925,0.059834010899066925,5.1869
5993,0.02396281436085701,0.02396281436085701,0.05980994179844856,0.05980994179844856,5.1876
5994,0.023961566388607025,0.023961566388607025,0.059811968356370926,0.059811968356370926,5.1883
5995,0.023960405960679054,0.023960405960679054,0.05981620401144028,0.05981620401144028,5.189
5996,0.02395918034017086,0.02395918034017086,0.05979621410369873,0.05979621410369873,5.1897
5997,0.023958031088113785,0.023958031088113785,0.05983505770564079,0.05983505770564079,5.1904
5998,0.023956891149282455,0.023956891149282455,0.059790730476379395,0.059790730476379395,5.1921
5999,0.02395581267774105,0.02395581267774105,0.05984010174870491,0.05984010174870491,5.1931
6000,0.023954741656780243,0.023954741656780243,0.059773582965135574,0.059773582965135574,5.1963
6001,0.023953689262270927,0.023953689262270927,0.05984301492571831,0.05984301492571831,5.1985
6002,0.02395288646221161,0.02395288646221161,0.05974782630801201,0.05974782630801201,5.1993
6003,0.023952197283506393,0.023952197283506393,0.05987738445401192,0.05987738445401192,5.2
6004,0.023951636627316475,0.023951636627316475,0.05972260236740112,0.05972260236740112,5.2007
6005,0.023951256647706032,0.023951256647706032,0.05991051346063614,0.05991051346063614,5.2014
6006,0.02395106479525566,0.02395106479525566,0.05969264358282089,0.05969264358282089,5.202
6007,0.023951228708028793,0.023951228708028793,0.05993274599313736,0.05993274599313736,5.2027
6008,0.023951996117830276,0.023951996117830276,0.059642493724823,0.059642493724823,5.2034
6009,0.023953920230269432,0.023953920230269432,0.059957873076200485,0.059957873076200485,5.2043
6010,0.02395755983889103,0.02395755983889103,0.05958126112818718,0.05958126112818718,5.2051
6011,0.0239628367125988,0.0239628367125988,0.06005760282278061,0.06005760282278061,5.2058
6012,0.023969680070877075,0.023969680070877075,0.05951189249753952,0.05951189249753952,5.2066
6013,0.023978646844625473,0.023978646844625473,0.06019127368927002,0.06019127368927002,5.2074
6014,0.023988647386431694,0.023988647386431694,0.059433966875076294,0.059433966875076294,5.2087
6015,0.02399953454732895,0.02399953454732895,0.06030384451150894,0.06030384451150894,5.2112
6016,0.02400904893875122,0.02400904893875122,0.05936865881085396,0.05936865881085396,5.2121
6017,0.02401440590620041,0.02401440590620041,0.060347575694322586,0.060347575694322586,5.2138
6018,0.024010200053453445,0.024010200053453445,0.059350740164518356,0.059350740164518356,5.2148
6019,0.023997122421860695,0.023997122421860695,0.06026630848646164,0.06026630848646164,5.2167
6020,0.02397751808166504,0.02397751808166504,0.05941857025027275,0.05941857025027275,5.2187
6021,0.023955613374710083,0.023955613374710083,0.06009259074926376,0.06009259074926376,5.2195
6022,0.023937176913022995,0.023937176913022995,0.059606075286865234,0.059606075286865234,5.2202
6023,0.02392757311463356,0.02392757311463356,0.059834014624357224,0.059834014624357224,5.2209
6024,0.02392774261534214,0.02392774261534214,0.05986601114273071,0.05986601114273071,5.2215
6025,0.023934511467814445,0.023934511467814445,0.059615395963191986,0.059615395963191986,5.2222
6026,0.023940028622746468,0.023940028622746468,0.0600503571331501,0.0600503571331501,5.2229
6027,0.02394244447350502,0.02394244447350502,0.05959252268075943,0.05959252268075943,5.2238
6028,0.023941027000546455,0.023941027000546455,0.06003939360380173,0.06003939360380173,5.2247
6029,0.02393571101129055,0.02393571101129055,0.059587348252534866,0.059587348252534866,5.2255
6030,0.02392856404185295,0.02392856404185295,0.0599021390080452,0.0599021390080452,5.2262
6031,0.02392234466969967,0.02392234466969967,0.05961216613650322,0.05961216613650322,5.2269
6032,0.023918410763144493,0.023918410763144493,0.059736739844083786,0.059736739844083786,5.2276
6033,0.023916905745863914,0.023916905745863914,0.059685222804546356,0.059685222804546356,5.2284
6034,0.023917485028505325,0.023917485028505325,0.05958200618624687,0.05958200618624687,5.2291
6035,0.023918990045785904,0.023918990045785904,0.05977450683712959,0.05977450683712959,5.2297
6036,0.023920200765132904,0.023920200765132904,0.059516988694667816,0.059516988694667816,5.2304
6037,0.023920098319649696,0.023920098319649696,0.05985776335000992,0.05985776335000992,5.2311
6038,0.023918036371469498,0.023918036371469498,0.059557247906923294,0.059557247906923294,5.2318
6039,0.02391498163342476,0.02391498163342476,0.05984598398208618,0.05984598398208618,5.2327
6040,0.02391161397099495,0.02391161397099495,0.05964473634958267,0.05964473634958267,5.2334
6041,0.023908581584692,0.023908581584692,0.059773873537778854,0.059773873537778854,5.2345
6042,0.023906324058771133,0.023906324058771133,0.05970440432429314,0.05970440432429314,5.2354
6043,0.023905251175165176,0.023905251175165176,0.05969434976577759,0.05969434976577759,5.2361
6044,0.02390480786561966,0.02390480786561966,0.059734053909778595,0.059734053909778595,5.2369
6045,0.023904331028461456,0.023904331028461456,0.059598661959171295,0.059598661959171295,5.2376
6046,0.023903554305434227,0.023903554305434227,0.05974086374044418,0.05974086374044418,5.2385
6047,0.02390231564640999,0.02390231564640999,0.05951859802007675,0.05951859802007675,5.2393
6048,0.023900562897324562,0.023900562897324562,0.05969412997364998,0.05969412997364998,5.24
6049,0.023898400366306305,0.023898400366306305,0.05947761610150337,0.05947761610150337,5.2407
6050,0.02389620617032051,0.02389620617032051,0.05958104133605957,0.05958104133605957,5.2416
6051,0.02389427088201046,0.02389427088201046,0.05946255847811699,0.05946255847811699,5.2423
6052,0.023892762139439583,0.023892762139439583,0.05945620685815811,0.05945620685815811,5.2433
6053,0.023891553282737732,0.023891553282737732,0.05945662409067154,0.05945662409067154,5.244
6054,0.023890351876616478,0.023890351876616478,0.0593840666115284,0.0593840666115284,5.2447
6055,0.023889238014817238,0.023889238014817238,0.05944099277257919,0.05944099277257919,5.2454
6056,0.023888155817985535,0.023888155817985535,0.05935140699148178,0.05935140699148178,5.2461
6057,0.023887064307928085,0.023887064307928085,0.05940979719161987,0.05940979719161987,5.2468
6058,0.023885777220129967,0.023885777220129967,0.05933033674955368,0.05933033674955368,5.2476
6059,0.02388438954949379,0.02388438954949379,0.05939741060137749,0.05939741060137749,5.2489
6060,0.023882966488599777,0.023882966488599777,0.05932638794183731,0.05932638794183731,5.2499
6061,0.02388159930706024,0.02388159930706024,0.05939040333032608,0.05939040333032608,5.2511
6062,0.023880232125520706,0.023880232125520706,0.05933668464422226,0.05933668464422226,5.2522
6063,0.023878883570432663,0.023878883570432663,0.05936356261372566,0.05936356261372566,5.253
6064,0.02387763187289238,0.02387763187289238,0.05935550853610039,0.05935550853610039,5.2539
6065,0.02387647144496441,0.02387647144496441,0.059333205223083496,0.059333205223083496,5.2546
6066,0.02387533336877823,0.02387533336877823,0.059377193450927734,0.059377193450927734,5.2552
6067,0.023874174803495407,0.023874174803495407,0.05933058261871338,0.05933058261871338,5.256
6068,0.023872988298535347,0.023872988298535347,0.059389449656009674,0.059389449656009674,5.2567
6069,0.023871805518865585,0.023871805518865585,0.05934286117553711,0.05934286117553711,5.2573
6070,0.02387060411274433,0.02387060411274433,0.059387169778347015,0.059387169778347015,5.2581
6071,0.023869380354881287,0.023869380354881287,0.05934891849756241,0.05934891849756241,5.2588
6072,0.023868154734373093,0.023868154734373093,0.05938298627734184,0.05938298627734184,5.2595
6073,0.02386694774031639,0.02386694774031639,0.05934413522481918,0.05934413522481918,5.2601
6074,0.02386576123535633,0.02386576123535633,0.05938071012496948,0.05938071012496948,5.2608
6075,0.023864557966589928,0.023864557966589928,0.05933988094329834,0.05933988094329834,5.2614
6076,0.023863356560468674,0.023863356560468674,0.05936235189437866,0.05936235189437866,5.2621
6077,0.023862158879637718,0.023862158879637718,0.059337057173252106,0.059337057173252106,5.2628
6078,0.02386099472641945,0.02386099472641945,0.05933172628283501,0.05933172628283501,5.2634
6079,0.023859847337007523,0.023859847337007523,0.05932745337486267,0.05932745337486267,5.2642
6080,0.0238586887717247,0.0238586887717247,0.059304129332304,0.059304129332304,5.2648
6081,0.023857539519667625,0.023857539519667625,0.05930937081575394,0.05930937081575394,5.2655
6082,0.02385639399290085,0.02385639399290085,0.05928590148687363,0.05928590148687363,5.2664
6083,0.023855283856391907,0.023855283856391907,0.059291861951351166,0.059291861951351166,5.2672
6084,0.023854132741689682,0.023854132741689682,0.059268224984407425,0.059268224984407425,5.268
6085,0.023853013291954994,0.023853013291954994,0.059283994138240814,0.059283994138240814,5.2687
6086,0.02385188825428486,0.02385188825428486,0.05924389511346817,0.05924389511346817,5.2694
6087,0.023850765079259872,0.023850765079259872,0.05927189439535141,0.05927189439535141,5.2702
6088,0.02384963259100914,0.02384963259100914,0.05922447517514229,0.05922447517514229,5.271
6089,0.023848505690693855,0.023848505690693855,0.05925701931118965,0.05925701931118965,5.2717
6090,0.023847360163927078,0.023847360163927078,0.05921213701367378,0.05921213701367378,5.2723
6091,0.023846253752708435,0.023846253752708435,0.05923929810523987,0.05923929810523987,5.273
6092,0.023845111951231956,0.023845111951231956,0.059197984635829926,0.059197984635829926,5.2737
6093,0.023844003677368164,0.023844003677368164,0.059229958802461624,0.059229958802461624,5.2744
6094,0.02384289726614952,0.02384289726614952,0.05918336659669876,0.05918336659669876,5.2751
6095,0.023841774091124535,0.023841774091124535,0.059221051633358,0.059221051633358,5.2757
6096,0.023840663954615593,0.023840663954615593,0.05917077139019966,0.05917077139019966,5.2764
6097,0.023839546367526054,0.023839546367526054,0.059209488332271576,0.059209488332271576,5.2771
6098,0.023838456720113754,0.023838456720113754,0.059156280010938644,0.059156280010938644,5.2778
6099,0.0238373763859272,0.0238373763859272,0.05920334905385971,0.05920334905385971,5.2785
6100,0.023836322128772736,0.023836322128772736,0.05914236977696419,0.05914236977696419,5.2793
6101,0.02383524551987648,0.02383524551987648,0.05919688940048218,0.05919688940048218,5.2802
6102,0.023834172636270523,0.023834172636270523,0.05913080647587776,0.05913080647587776,5.2812
6103,0.02383311465382576,0.02383311465382576,0.05919215828180313,0.05919215828180313,5.2822
6104,0.023832222446799278,0.023832222446799278,0.05910981819033623,0.05910981819033623,5.2829
6105,0.023831425234675407,0.023831425234675407,0.05919969081878662,0.05919969081878662,5.2836
6106,0.02383066900074482,0.02383066900074482,0.059080976992845535,0.059080976992845535,5.2844
6107,0.023830058053135872,0.023830058053135872,0.05921199172735214,0.05921199172735214,5.2851
6108,0.023829562589526176,0.023829562589526176,0.05905351787805557,0.05905351787805557,5.2857
6109,0.023830577731132507,0.023830577731132507,0.059230268001556396,0.059230268001556396,5.2864
6110,0.02383144572377205,0.02383144572377205,0.05902763083577156,0.05902763083577156,5.287
6111,0.02383454144001007,0.02383454144001007,0.05934358760714531,0.05934358760714531,5.2877
6112,0.023838356137275696,0.023838356137275696,0.05896193906664848,0.05896193906664848,5.2883
6113,0.02384318970143795,0.02384318970143795,0.05939055606722832,0.05939055606722832,5.289
6114,0.023848889395594597,0.023848889395594597,0.0588742271065712,0.0588742271065712,5.2897
6115,0.023856420069932938,0.023856420069932938,0.05943748354911804,0.05943748354911804,5.2903
6116,0.023865697905421257,0.023865697905421257,0.05879013612866402,0.05879013612866402,5.291
6117,0.023875663056969643,0.023875663056969643,0.05950656533241272,0.05950656533241272,5.2916
6118,0.023884309455752373,0.023884309455752373,0.058703742921352386,0.058703742921352386,5.2923
6119,0.023889435455203056,0.023889435455203056,0.05956839397549629,0.05956839397549629,5.2929
6120,0.023886609822511673,0.023886609822511673,0.058670174330472946,0.058670174330472946,5.2935
6121,0.02387596108019352,0.02387596108019352,0.059547364711761475,0.059547364711761475,5.2942
6122,0.023857872933149338,0.023857872933149338,0.05874689668416977,0.05874689668416977,5.2949
6123,0.02383739873766899,0.02383739873766899,0.05937492847442627,0.05937492847442627,5.296
6124,0.023820282891392708,0.023820282891392708,0.05892591550946236,0.05892591550946236,5.2968
6125,0.02381121553480625,0.02381121553480625,0.05912412330508232,0.05912412330508232,5.2976
6126,0.023810196667909622,0.023810196667909622,0.05915490537881851,0.05915490537881851,5.2982
6127,0.023814871907234192,0.023814871907234192,0.05894484370946884,0.05894484370946884,5.2989
6128,0.023821542039513588,0.023821542039513588,0.059306155890226364,0.059306155890226364,5.2996
6129,0.023826610296964645,0.023826610296964645,0.05886485427618027,0.05886485427618027,5.3003
6130,0.02382768504321575,0.02382768504321575,0.05932987853884697,0.05932987853884697,5.3009
6131,0.023823779076337814,0.023823779076337814,0.05885649845004082,0.05885649845004082,5.3015
6132,0.023816535249352455,0.023816535249352455,0.05925370380282402,0.05925370380282402,5.3022
6133,0.023808619007468224,0.023808619007468224,0.058901477605104446,0.058901477605104446,5.3028
6134,0.02380262315273285,0.02380262315273285,0.05911008268594742,0.05911008268594742,5.3035
6135,0.023799726739525795,0.023799726739525795,0.058996595442295074,0.058996595442295074,5.3041
6136,0.023799728602170944,0.023799728602170944,0.058957237750291824,0.058957237750291824,5.3048
6137,0.023801486939191818,0.023801486939191818,0.059113264083862305,0.059113264083862305,5.3054
6138,0.023803355172276497,0.023803355172276497,0.05886739492416382,0.05886739492416382,5.3061
6139,0.02380404993891716,0.02380404993891716,0.059182059019804,0.059182059019804,5.3067
6140,0.023802822455763817,0.023802822455763817,0.05885845422744751,0.05885845422744751,5.3074
6141,0.023800047114491463,0.023800047114491463,0.05915775150060654,0.05915775150060654,5.308
6142,0.02379653789103031,0.02379653789103031,0.05890879034996033,0.05890879034996033,5.3087
6143,0.023793181404471397,0.023793181404471397,0.05908077955245972,0.05908077955245972,5.3093
6144,0.023790612816810608,0.023790612816810608,0.05898674577474594,0.05898674577474594,5.31
6145,0.023789169266819954,0.023789169266819954,0.05900173261761665,0.05900173261761665,5.3107
6146,0.0237886942923069,0.0237886942923069,0.059049952775239944,0.059049952775239944,5.3114
6147,0.023788729682564735,0.023788729682564735,0.05894296243786812,0.05894296243786812,5.312
6148,0.023788729682564735,0.023788729682564735,0.05908389016985893,0.05908389016985893,5.3127
6149,0.023788226768374443,0.023788226768374443,0.05891165882349014,0.05891165882349014,5.3133
6150,0.0237871240824461,0.0237871240824461,0.05909150838851929,0.05909150838851929,5.3139
6151,0.02378547377884388,0.02378547377884388,0.05891376733779907,0.05891376733779907,5.3146
6152,0.023783590644598007,0.023783590644598007,0.05906911939382553,0.05906911939382553,5.3152
6153,0.023781782016158104,0.023781782016158104,0.05894305557012558,0.05894305557012558,5.3159
6154,0.023780150339007378,0.023780150339007378,0.05902913957834244,0.05902913957834244,5.3165
6155,0.023778829723596573,0.023778829723596573,0.058989424258470535,0.058989424258470535,5.3172
6156,0.023777848109602928,0.023777848109602928,0.05898342654109001,0.05898342654109001,5.3178
6157,0.023777080699801445,0.023777080699801445,0.059030305594205856,0.059030305594205856,5.3185
6158,0.023776395246386528,0.023776395246386528,0.058951281011104584,0.058951281011104584,5.3191
6159,0.02377566136419773,0.02377566136419773,0.05904644727706909,0.05904644727706909,5.3197
6160,0.02377483807504177,0.02377483807504177,0.05893822759389877,0.05893822759389877,5.3204
6161,0.023773860186338425,0.023773860186338425,0.05904735252261162,0.05904735252261162,5.321
6162,0.02377273142337799,0.02377273142337799,0.05893818661570549,0.05893818661570549,5.3216
6163,0.02377147227525711,0.02377147227525711,0.059030868113040924,0.059030868113040924,5.3223
6164,0.02377016842365265,0.02377016842365265,0.05894439294934273,0.05894439294934273,5.3229
6165,0.023768896237015724,0.023768896237015724,0.05900474637746811,0.05900474637746811,5.3235
6166,0.023767683655023575,0.023767683655023575,0.05895589664578438,0.05895589664578438,5.3242
6167,0.02376660518348217,0.02376660518348217,0.058977000415325165,0.058977000415325165,5.3248
6168,0.023765578866004944,0.023765578866004944,0.05897112563252449,0.05897112563252449,5.3254
6169,0.02376459538936615,0.02376459538936615,0.058960508555173874,0.058960508555173874,5.3261
6170,0.023763665929436684,0.023763665929436684,0.058986324816942215,0.058986324816942215,5.3267
6171,0.023762736469507217,0.023762736469507217,0.05894721299409866,0.05894721299409866,5.3273
6172,0.02376176230609417,0.02376176230609417,0.05899541452527046,0.05899541452527046,5.328
6173,0.023760780692100525,0.023760780692100525,0.05893974378705025,0.05893974378705025,5.3286
6174,0.023759815841913223,0.023759815841913223,0.05899401754140854,0.05899401754140854,5.3293
6175,0.023758793249726295,0.023758793249726295,0.058937035501003265,0.058937035501003265,5.3299
6176,0.02375778928399086,0.02375778928399086,0.05899301916360855,0.05899301916360855,5.3305
6177,0.023756753653287888,0.023756753653287888,0.05893977731466293,0.05893977731466293,5.3312
6178,0.02375570312142372,0.02375570312142372,0.05898762866854668,0.05898762866854668,5.332
6179,0.02375464141368866,0.02375464141368866,0.058945395052433014,0.058945395052433014,5.3328
6180,0.02375360205769539,0.02375360205769539,0.058979250490665436,0.058979250490665436,5.3349
6181,0.023752566426992416,0.023752566426992416,0.05894780904054642,0.05894780904054642,5.3355
6182,0.023751556873321533,0.023751556873321533,0.05896876007318497,0.05896876007318497,5.3362
6183,0.023750530555844307,0.023750530555844307,0.05894801765680313,0.05894801765680313,5.3368
6184,0.023749511688947678,0.023749511688947678,0.058967698365449905,0.058967698365449905,5.3374
6185,0.02374851144850254,0.02374851144850254,0.058952637016773224,0.058952637016773224,5.3381
6186,0.023747507482767105,0.023747507482767105,0.05896390229463577,0.05896390229463577,5.3387
6187,0.023746518418192863,0.023746518418192863,0.05895724147558212,0.05895724147558212,5.3393
6188,0.023745525628328323,0.023745525628328323,0.058955978602170944,0.058955978602170944,5.3401
6189,0.02374453656375408,0.02374453656375408,0.058957017958164215,0.058957017958164215,5.341
6190,0.023743540048599243,0.023743540048599243,0.05894792079925537,0.05894792079925537,5.3417
6191,0.023742562159895897,0.023742562159895897,0.05896199867129326,0.05896199867129326,5.3423
6192,0.023741593584418297,0.023741593584418297,0.05894453451037407,0.05894453451037407,5.343
6193,0.02374061569571495,0.02374061569571495,0.05896357446908951,0.05896357446908951,5.3436
6194,0.0237396452575922,0.0237396452575922,0.05894201248884201,0.05894201248884201,5.3443
6195,0.02373979426920414,0.02373979426920414,0.0589638352394104,0.0589638352394104,5.3449
6196,0.023738767951726913,0.023738767951726913,0.05893983691930771,0.05893983691930771,5.3455
6197,0.02373933233320713,0.02373933233320713,0.05905895680189133,0.05905895680189133,5.3462
6198,0.02373969741165638,0.02373969741165638,0.05889998748898506,0.05889998748898506,5.3468
6199,0.023739775642752647,0.023739775642752647,0.05906643718481064,0.05906643718481064,5.3474
6200,0.02373952977359295,0.02373952977359295,0.058854781091213226,0.058854781091213226,5.3481
6201,0.023739676922559738,0.023739676922559738,0.05905481427907944,0.05905481427907944,5.3488
6202,0.023740455508232117,0.023740455508232117,0.05880618095397949,0.05880618095397949,5.3495
6203,0.023741573095321655,0.023741573095321655,0.059063781052827835,0.059063781052827835,5.3501
6204,0.02374326065182686,0.02374326065182686,0.058740220963954926,0.058740220963954926,5.3508
6205,0.02374538779258728,0.02374538779258728,0.05910783261060715,0.05910783261060715,5.3514
6206,0.023747436702251434,0.023747436702251434,0.05870308354496956,0.05870308354496956,5.352
6207,0.02374953217804432,0.02374953217804432,0.059178780764341354,0.059178780764341354,5.3527
6208,0.023751264438033104,0.023751264438033104,0.05870313569903374,0.05870313569903374,5.3533
6209,0.02375265583395958,0.02375265583395958,0.05922972038388252,0.05922972038388252,5.3539
6210,0.023753594607114792,0.023753594607114792,0.05870891734957695,0.05870891734957695,5.3549
6211,0.02375379204750061,0.02375379204750061,0.05925858020782471,0.05925858020782471,5.3556
6212,0.023752395063638687,0.023752395063638687,0.05873354151844978,0.05873354151844978,5.3562
6213,0.023749681189656258,0.023749681189656258,0.0592648983001709,0.0592648983001709,5.3571
6214,0.023745324462652206,0.023745324462652206,0.05876157432794571,0.05876157432794571,5.3578
6215,0.023739948868751526,0.023739948868751526,0.05922025442123413,0.05922025442123413,5.3584
6216,0.023733964189887047,0.023733964189887047,0.05878593400120735,0.05878593400120735,5.3591
6217,0.02372812293469906,0.02372812293469906,0.059130288660526276,0.059130288660526276,5.3597
6218,0.023722907528281212,0.023722907528281212,0.0588323250412941,0.0588323250412941,5.3603
6219,0.02371886745095253,0.02371886745095253,0.05902086943387985,0.05902086943387985,5.3612
6220,0.023716112598776817,0.023716112598776817,0.05889401584863663,0.05889401584863663,5.3619
6221,0.023714598268270493,0.023714598268270493,0.058917976915836334,0.058917976915836334,5.3626
6222,0.023714086040854454,0.023714086040854454,0.05895273759961128,0.05895273759961128,5.3633
6223,0.023714181035757065,0.023714181035757065,0.05885173752903938,0.05885173752903938,5.364
6224,0.023714622482657433,0.023714622482657433,0.05900787189602852,0.05900787189602852,5.3646
6225,0.023715157061815262,0.023715157061815262,0.058822907507419586,0.058822907507419586,5.3653
6226,0.023715579882264137,0.023715579882264137,0.05905129387974739,0.05905129387974739,5.3659
6227,0.023715665563941002,0.023715665563941002,0.05880645662546158,0.05880645662546158,5.3666
6228,0.023715343326330185,0.023715343326330185,0.059074390679597855,0.059074390679597855,5.3672
6229,0.0237144585698843,0.0237144585698843,0.058802634477615356,0.058802634477615356,5.3678
6230,0.02371310256421566,0.02371310256421566,0.059073448181152344,0.059073448181152344,5.3685
6231,0.02371135912835598,0.02371135912835598,0.05881104618310928,0.05881104618310928,5.3692
6232,0.023709362372756004,0.023709362372756004,0.05904880911111832,0.05904880911111832,5.3699
6233,0.023707270622253418,0.023707270622253418,0.058828890323638916,0.058828890323638916,5.3712
6234,0.02370520308613777,0.02370520308613777,0.05901377275586128,0.05901377275586128,5.372
6235,0.02370324172079563,0.02370324172079563,0.05885899066925049,0.05885899066925049,5.3726
6236,0.02370147779583931,0.02370147779583931,0.05898299068212509,0.05898299068212509,5.3733
6237,0.023699935525655746,0.023699935525655746,0.058893464505672455,0.058893464505672455,5.374
6238,0.02369861491024494,0.02369861491024494,0.058952949941158295,0.058952949941158295,5.3746
6239,0.023697495460510254,0.023697495460510254,0.05892195552587509,0.05892195552587509,5.3753
6240,0.0236965324729681,0.0236965324729681,0.058925796300172806,0.058925796300172806,5.376
6241,0.02369573339819908,0.02369573339819908,0.058948956429958344,0.058948956429958344,5.3766
6242,0.02369498461484909,0.02369498461484909,0.05890551209449768,0.05890551209449768,5.3773
6243,0.023694351315498352,0.023694351315498352,0.05897960811853409,0.05897960811853409,5.378
6244,0.0236937515437603,0.0236937515437603,0.05888859182596207,0.05888859182596207,5.3786
6245,0.023693153634667397,0.023693153634667397,0.05899707227945328,0.05899707227945328,5.3793
6246,0.023692529648542404,0.023692529648542404,0.05887480825185776,0.05887480825185776,5.3799
6247,0.02369188517332077,0.02369188517332077,0.05900479108095169,0.05900479108095169,5.3806
6248,0.0236913301050663,0.0236913301050663,0.05886212736368179,0.05886212736368179,5.3812
6249,0.02369075082242489,0.02369075082242489,0.05901594087481499,0.05901594087481499,5.3819
6250,0.023690147325396538,0.023690147325396538,0.058849286288022995,0.058849286288022995,5.3826
6251,0.023689528927206993,0.023689528927206993,0.05902324989438057,0.05902324989438057,5.3833
6252,0.02368888072669506,0.02368888072669506,0.058841217309236526,0.058841217309236526,5.384
6253,0.023688239976763725,0.023688239976763725,0.05903133004903793,0.05903133004903793,5.3846
6254,0.023687604814767838,0.023687604814767838,0.0588349923491478,0.0588349923491478,5.3853
6255,0.023686999455094337,0.023686999455094337,0.05903724953532219,0.05903724953532219,5.3859
6256,0.02368655987083912,0.02368655987083912,0.0588260293006897,0.0588260293006897,5.3866
6257,0.02368617057800293,0.02368617057800293,0.059054017066955566,0.059054017066955566,5.3872
6258,0.023685816675424576,0.023685816675424576,0.05881970375776291,0.05881970375776291,5.3879
6259,0.02368553727865219,0.02368553727865219,0.059071291238069534,0.059071291238069534,5.3886
6260,0.02368529513478279,0.02368529513478279,0.05881236866116524,0.05881236866116524,5.3893
6261,0.023685146123170853,0.023685146123170853,0.05908452346920967,0.05908452346920967,5.39
6262,0.023685064166784286,0.023685064166784286,0.058800019323825836,0.058800019323825836,5.3906
6263,0.02368510141968727,0.02368510141968727,0.05909799411892891,0.05909799411892891,5.3912
6264,0.02368541620671749,0.02368541620671749,0.05878506228327751,0.05878506228327751,5.3919
6265,0.023685859516263008,0.023685859516263008,0.059125520288944244,0.059125520288944244,5.3925
6266,0.023686306551098824,0.023686306551098824,0.05877174064517021,0.05877174064517021,5.3932
6267,0.023686803877353668,0.023686803877353668,0.05914894491434097,0.05914894491434097,5.3938
6268,0.02368718385696411,0.02368718385696411,0.0587582103908062,0.0587582103908062,5.3945
6269,0.023687511682510376,0.023687511682510376,0.05916398763656616,0.05916398763656616,5.3952
6270,0.023687541484832764,0.023687541484832764,0.058748193085193634,0.058748193085193634,5.3959
6271,0.02368733286857605,0.02368733286857605,0.05917215347290039,0.05917215347290039,5.3966
6272,0.023686841130256653,0.023686841130256653,0.05874314159154892,0.05874314159154892,5.3973
6273,0.023685872554779053,0.023685872554779053,0.05917946249246597,0.05917946249246597,5.3981
6274,0.023684170097112656,0.023684170097112656,0.05874849483370781,0.05874849483370781,5.3989
6275,0.023681920021772385,0.023681920021772385,0.05916775017976761,0.05916775017976761,5.3996
6276,0.02367902174592018,0.02367902174592018,0.058764319866895676,0.058764319866895676,5.4002
6277,0.023675749078392982,0.023675749078392982,0.05913298577070236,0.05913298577070236,5.4009
6278,0.023672189563512802,0.023672189563512802,0.058791983872652054,0.058791983872652054,5.4015
6279,0.023668648675084114,0.023668648675084114,0.05908339098095894,0.05908339098095894,5.4021
6280,0.0236652884632349,0.0236652884632349,0.05883008986711502,0.05883008986711502,5.4028
6281,0.023662324994802475,0.023662324994802475,0.05903131887316704,0.05903131887316704,5.4034
6282,0.023659924045205116,0.023659924045205116,0.058873843401670456,0.058873843401670456,5.4042
6283,0.023657988756895065,0.023657988756895065,0.058991193771362305,0.058991193771362305,5.405
6284,0.023656466975808144,0.023656466975808144,0.0589153878390789,0.0589153878390789,5.4056
6285,0.02365531027317047,0.02365531027317047,0.058950792998075485,0.058950792998075485,5.4063
6286,0.023654434829950333,0.023654434829950333,0.05895330756902695,0.05895330756902695,5.4069
6287,0.02365380898118019,0.02365380898118019,0.058915842324495316,0.058915842324495316,5.4076
6288,0.023654110729694366,0.023654110729694366,0.05898561328649521,0.05898561328649521,5.4083
6289,0.023654650896787643,0.023654650896787643,0.058897100389003754,0.058897100389003754,5.4089
6290,0.023656582459807396,0.023656582459807396,0.05910675600171089,0.05910675600171089,5.4096
6291,0.023658398538827896,0.023658398538827896,0.05885125324130058,0.05885125324130058,5.4102
6292,0.023660004138946533,0.023660004138946533,0.05912579223513603,0.05912579223513603,5.4108
6293,0.023661065846681595,0.023661065846681595,0.05879518389701843,0.05879518389701843,5.4114
6294,0.023662174120545387,0.023662174120545387,0.059114523231983185,0.059114523231983185,5.4121
6295,0.023663366213440895,0.023663366213440895,0.05875495821237564,0.05875495821237564,5.4127
6296,0.023664141073822975,0.023664141073822975,0.05910753458738327,0.05910753458738327,5.4134
6297,0.023664452135562897,0.023664452135562897,0.05871585011482239,0.05871585011482239,5.414
6298,0.023664195090532303,0.023664195090532303,0.059122465550899506,0.059122465550899506,5.4146
6299,0.023662813007831573,0.023662813007831573,0.058715689927339554,0.058715689927339554,5.4152
6300,0.023660549893975258,0.023660549893975258,0.05915017053484917,0.05915017053484917,5.4159
6301,0.023657413199543953,0.023657413199543953,0.058761268854141235,0.058761268854141235,5.4165
6302,0.023653702810406685,0.023653702810406685,0.05913843959569931,0.05913843959569931,5.4171
6303,0.023649871349334717,0.023649871349334717,0.05881687253713608,0.05881687253713608,5.4178
6304,0.023646334186196327,0.023646334186196327,0.059092871844768524,0.059092871844768524,5.4184
6305,0.023643115535378456,0.023643115535378456,0.05888914316892624,0.05888914316892624,5.419
6306,0.023640383034944534,0.023640383034944534,0.05905047804117203,0.05905047804117203,5.4196
6307,0.023638185113668442,0.023638185113668442,0.05894826725125313,0.05894826725125313,5.4203
6308,0.02363651618361473,0.02363651618361473,0.059001773595809937,0.059001773595809937,5.4209
6309,0.023635393008589745,0.023635393008589745,0.058975011110305786,0.058975011110305786,5.4215
6310,0.023634690791368484,0.023634690791368484,0.05895104259252548,0.05895104259252548,5.4221
6311,0.02363426983356476,0.02363426983356476,0.05899292230606079,0.05899292230606079,5.4228
6312,0.02363402582705021,0.02363402582705021,0.058903228491544724,0.058903228491544724,5.4234
6313,0.02363383211195469,0.02363383211195469,0.05900804325938225,0.05900804325938225,5.424
6314,0.023633593693375587,0.023633593693375587,0.058858610689640045,0.058858610689640045,5.4246
6315,0.023633267730474472,0.023633267730474472,0.05902092531323433,0.05902092531323433,5.4253
6316,0.023632828146219254,0.023632828146219254,0.05884099006652832,0.05884099006652832,5.4259
6317,0.023632269352674484,0.023632269352674484,0.05904054641723633,0.05904054641723633,5.4265
6318,0.02363159880042076,0.02363159880042076,0.058849044144153595,0.058849044144153595,5.4271
6319,0.023630836978554726,0.023630836978554726,0.05904838442802429,0.05904838442802429,5.4278
6320,0.02362998202443123,0.02362998202443123,0.05885573476552963,0.05885573476552963,5.4284
6321,0.02362905628979206,0.02362905628979206,0.05904423072934151,0.05904423072934151,5.429
6322,0.023628056049346924,0.023628056049346924,0.058860231190919876,0.058860231190919876,5.4296
6323,0.023627016693353653,0.023627016693353653,0.059042107313871384,0.059042107313871384,5.4302
6324,0.02362593449652195,0.02362593449652195,0.05886141210794449,0.05886141210794449,5.4309
6325,0.02362487092614174,0.02362487092614174,0.059038061648607254,0.059038061648607254,5.4315
6326,0.02362394519150257,0.02362394519150257,0.05885876342654228,0.05885876342654228,5.4321
6327,0.023623047396540642,0.023623047396540642,0.05904112011194229,0.05904112011194229,5.4327
6328,0.02362210489809513,0.02362210489809513,0.05886460468173027,0.05886460468173027,5.4334
6329,0.023621181026101112,0.023621181026101112,0.05904223769903183,0.05904223769903183,5.434
6330,0.023620255291461945,0.023620255291461945,0.05887455493211746,0.05887455493211746,5.4346
6331,0.023619361221790314,0.023619361221790314,0.0590386800467968,0.0590386800467968,5.4353
6332,0.023618509992957115,0.023618509992957115,0.05887949466705322,0.05887949466705322,5.4359
6333,0.023617688566446304,0.023617688566446304,0.05903976038098335,0.05903976038098335,5.4366
6334,0.02361687645316124,0.02361687645316124,0.05888199061155319,0.05888199061155319,5.4372
6335,0.02361614629626274,0.02361614629626274,0.0590498149394989,0.0590498149394989,5.4378
6336,0.023615572601556778,0.023615572601556778,0.05887959152460098,0.05887959152460098,5.4385
6337,0.02361508645117283,0.02361508645117283,0.05906935781240463,0.05906935781240463,5.4391
6338,0.023614659905433655,0.023614659905433655,0.05887196213006973,0.05887196213006973,5.4397
6339,0.023614317178726196,0.023614317178726196,0.05908150225877762,0.05908150225877762,5.4403
6340,0.023614082485437393,0.023614082485437393,0.05886336416006088,0.05886336416006088,5.441
6341,0.02361399307847023,0.02361399307847023,0.05909021943807602,0.05909021943807602,5.4416
6342,0.023614060133695602,0.023614060133695602,0.058850884437561035,0.058850884437561035,5.4422
6343,0.0236143060028553,0.0236143060028553,0.0591031089425087,0.0591031089425087,5.4429
6344,0.023614734411239624,0.023614734411239624,0.05883318930864334,0.05883318930864334,5.4435
6345,0.023615442216396332,0.023615442216396332,0.05912904813885689,0.05912904813885689,5.4441
6346,0.0236163679510355,0.0236163679510355,0.05881353095173836,0.05881353095173836,5.4448
6347,0.023617630824446678,0.023617630824446678,0.0591641366481781,0.0591641366481781,5.4454
6348,0.02361937053501606,0.02361937053501606,0.05878974124789238,0.05878974124789238,5.446
6349,0.023621439933776855,0.023621439933776855,0.059207938611507416,0.059207938611507416,5.4467
6350,0.023623516783118248,0.023623516783118248,0.05876852199435234,0.05876852199435234,5.4473
6351,0.023625651374459267,0.023625651374459267,0.05924387648701668,0.05924387648701668,5.448
6352,0.023627325892448425,0.023627325892448425,0.058755528181791306,0.058755528181791306,5.4487
6353,0.023628484457731247,0.023628484457731247,0.05926600843667984,0.05926600843667984,5.4493
6354,0.023628395050764084,0.023628395050764084,0.058750592172145844,0.058750592172145844,5.45
6355,0.023627107962965965,0.023627107962965965,0.05926603078842163,0.05926603078842163,5.4506
6356,0.023624397814273834,0.023624397814273834,0.058756984770298004,0.058756984770298004,5.4512
6357,0.0236202385276556,0.0236202385276556,0.05924689769744873,0.05924689769744873,5.4518
6358,0.023614639416337013,0.023614639416337013,0.05878704786300659,0.05878704786300659,5.4525
6359,0.023608461022377014,0.023608461022377014,0.059191107749938965,0.059191107749938965,5.4531
6360,0.023602265864610672,0.023602265864610672,0.058842502534389496,0.058842502534389496,5.4537
6361,0.023596858605742455,0.023596858605742455,0.05910667032003403,0.05910667032003403,5.4544
6362,0.02359270490705967,0.02359270490705967,0.05891699343919754,0.05891699343919754,5.455
6363,0.023590007796883583,0.023590007796883583,0.0590193048119545,0.0590193048119545,5.4556
6364,0.023588689044117928,0.023588689044117928,0.05899430438876152,0.05899430438876152,5.4562
6365,0.023588458076119423,0.023588458076119423,0.05895097926259041,0.05895097926259041,5.4568
6366,0.023588934913277626,0.023588934913277626,0.05905843898653984,0.05905843898653984,5.4575
6367,0.023589685559272766,0.023589685559272766,0.058907072991132736,0.058907072991132736,5.4581
6368,0.023590395227074623,0.023590395227074623,0.05909864977002144,0.05909864977002144,5.4587
6369,0.023590777069330215,0.023590777069330215,0.05888287350535393,0.05888287350535393,5.4594
6370,0.023590724915266037,0.023590724915266037,0.05911695957183838,0.05911695957183838,5.46
6371,0.0235900841653347,0.0235900841653347,0.0588749535381794,0.0588749535381794,5.4606
6372,0.02358897030353546,0.02358897030353546,0.05911725014448166,0.05911725014448166,5.4612
6373,0.02358742617070675,0.02358742617070675,0.05888194963335991,0.05888194963335991,5.4618
6374,0.023585662245750427,0.023585662245750427,0.05910264328122139,0.05910264328122139,5.4625
6375,0.023583870381116867,0.023583870381116867,0.05890052393078804,0.05890052393078804,5.4631
6376,0.02358204871416092,0.02358204871416092,0.059083662927150726,0.059083662927150726,5.4637
6377,0.023580282926559448,0.023580282926559448,0.058927930891513824,0.058927930891513824,5.4644
6378,0.023578669875860214,0.023578669875860214,0.05905430391430855,0.05905430391430855,5.465
6379,0.023577233776450157,0.023577233776450157,0.0589601993560791,0.0589601993560791,5.4656
6380,0.023576010018587112,0.023576010018587112,0.05902343988418579,0.05902343988418579,5.4663
6381,0.02357497811317444,0.02357497811317444,0.05899016931653023,0.05899016931653023,5.4669
6382,0.023574098944664,0.023574098944664,0.05899844691157341,0.05899844691157341,5.4675
6383,0.023573342710733414,0.023573342710733414,0.05901269242167473,0.05901269242167473,5.4681
6384,0.023572664707899094,0.023572664707899094,0.05898164585232735,0.05898164585232735,5.4688
6385,0.023572055622935295,0.023572055622935295,0.059030771255493164,0.059030771255493164,5.4694
6386,0.023571472615003586,0.023571472615003586,0.0589715838432312,0.0589715838432312,5.47
6387,0.02357088401913643,0.02357088401913643,0.059045009315013885,0.059045009315013885,5.4706
6388,0.023570289835333824,0.023570289835333824,0.0589621439576149,0.0589621439576149,5.4713
6389,0.023569675162434578,0.023569675162434578,0.059055935591459274,0.059055935591459274,5.4719
6390,0.023569054901599884,0.023569054901599884,0.05895383283495903,0.05895383283495903,5.4732
6391,0.023568421602249146,0.023568421602249146,0.059065449982881546,0.059065449982881546,5.4739
6392,0.02356814220547676,0.02356814220547676,0.05894879251718521,0.05894879251718521,5.4745
6393,0.023567184805870056,0.023567184805870056,0.05908968299627304,0.05908968299627304,5.4751
6394,0.023566897958517075,0.023566897958517075,0.05904628708958626,0.05904628708958626,5.4757
6395,0.023566314950585365,0.023566314950585365,0.05906332656741142,0.05906332656741142,5.4764
6396,0.023565413430333138,0.023565413430333138,0.05903502553701401,0.05903502553701401,5.477
6397,0.023564115166664124,0.023564115166664124,0.05901169031858444,0.05901169031858444,5.4776
6398,0.023562755435705185,0.023562755435705185,0.058993302285671234,0.058993302285671234,5.4783
6399,0.023561861366033554,0.023561861366033554,0.05898445099592209,0.05898445099592209,5.4789
6400,0.023560985922813416,0.023560985922813416,0.05896357446908951,0.05896357446908951,5.4795
6401,0.02356034517288208,0.02356034517288208,0.058969952166080475,0.058969952166080475,5.4801
6402,0.023559749126434326,0.023559749126434326,0.05896348878741264,0.05896348878741264,5.4808
6403,0.023558948189020157,0.023558948189020157,0.05897422507405281,0.05897422507405281,5.4814
6404,0.02355802431702614,0.02355802431702614,0.059009045362472534,0.059009045362472534,5.4853
6405,0.023557139560580254,0.023557139560580254,0.05898933485150337,0.05898933485150337,5.4859
6406,0.023556256666779518,0.023556256666779518,0.05904225632548332,0.05904225632548332,5.4875
6407,0.023555554449558258,0.023555554449558258,0.05899530649185181,0.05899530649185181,5.4909
6408,0.023554880172014236,0.023554880172014236,0.059065528213977814,0.059065528213977814,5.4956
6409,0.02355417050421238,0.02355417050421238,0.059026338160037994,0.059026338160037994,5.4997
6410,0.02355348691344261,0.02355348691344261,0.05909247323870659,0.05909247323870659,5.5012
6411,0.0235527865588665,0.0235527865588665,0.05904587358236313,0.05904587358236313,5.5019
6412,0.02355208620429039,0.02355208620429039,0.059093110263347626,0.059093110263347626,5.5027
6413,0.02355148270726204,0.02355148270726204,0.05902453511953354,0.05902453511953354,5.5036
6414,0.023550894111394882,0.023550894111394882,0.05908654257655144,0.05908654257655144,5.5043
6415,0.023550499230623245,0.023550499230623245,0.05898704379796982,0.05898704379796982,5.5051
6416,0.02355034649372101,0.02355034649372101,0.05909592658281326,0.05909592658281326,5.5059
6417,0.023550447076559067,0.023550447076559067,0.058943163603544235,0.058943163603544235,5.5066
6418,0.023550910875201225,0.023550910875201225,0.05911443382501602,0.05911443382501602,5.5074
6419,0.02355192042887211,0.02355192042887211,0.05890168994665146,0.05890168994665146,5.5081
6420,0.023553689941763878,0.023553689941763878,0.05916083976626396,0.05916083976626396,5.5088
6421,0.02355664223432541,0.02355664223432541,0.058876048773527145,0.058876048773527145,5.5097
6422,0.02356133423745632,0.02356133423745632,0.059236668050289154,0.059236668050289154,5.5104
6423,0.023568550124764442,0.023568550124764442,0.05883573368191719,0.05883573368191719,5.5111
6424,0.023579102009534836,0.023579102009534836,0.05934474989771843,0.05934474989771843,5.5119
6425,0.02359374240040779,0.02359374240040779,0.058774493634700775,0.058774493634700775,5.5126
6426,0.023612847551703453,0.023612847551703453,0.05949782207608223,0.05949782207608223,5.5133
6427,0.02363385073840618,0.02363385073840618,0.058711253106594086,0.058711253106594086,5.514
6428,0.023654337972402573,0.023654337972402573,0.059650421142578125,0.059650421142578125,5.5147
6429,0.023664643988013268,0.023664643988013268,0.05866830423474312,0.05866830423474312,5.5154
6430,0.02365965023636818,0.02365965023636818,0.05967693403363228,0.05967693403363228,5.5161
6431,0.023632818832993507,0.023632818832993507,0.05869171768426895,0.05869171768426895,5.5168
6432,0.023593593388795853,0.023593593388795853,0.05946110561490059,0.05946110561490059,5.5175
6433,0.023556062951683998,0.023556062951683998,0.05885336920619011,0.05885336920619011,5.5182
6434,0.02353583835065365,0.02353583835065365,0.05911539867520332,0.05911539867520332,5.5189
6435,0.023537423461675644,0.023537423461675644,0.05914710834622383,0.05914710834622383,5.5197
6436,0.023553598672151566,0.023553598672151566,0.05887025594711304,0.05887025594711304,5.5204
6437,0.023571297526359558,0.023571297526359558,0.05939691141247749,0.05939691141247749,5.5211
6438,0.023578371852636337,0.023578371852636337,0.05879688262939453,0.05879688262939453,5.5217
6439,0.023571083322167397,0.023571083322167397,0.05940737575292587,0.05940737575292587,5.5224
6440,0.023553524166345596,0.023553524166345596,0.05886904150247574,0.05886904150247574,5.5231
6441,0.02353649213910103,0.02353649213910103,0.059196848422288895,0.059196848422288895,5.5237
6442,0.02352846786379814,0.02352846786379814,0.0590544268488884,0.0590544268488884,5.5244
6443,0.023531191051006317,0.023531191051006317,0.05897712707519531,0.05897712707519531,5.525
6444,0.023539593443274498,0.023539593443274498,0.059244025498628616,0.059244025498628616,5.5257
6445,0.023546183481812477,0.023546183481812477,0.058880437165498734,0.058880437165498734,5.5263
6446,0.023546161130070686,0.023546161130070686,0.05929092690348625,0.05929092690348625,5.527
6447,0.02353942207992077,0.02353942207992077,0.058906376361846924,0.058906376361846924,5.5277
6448,0.023530388250947,0.023530388250947,0.0591798797249794,0.0591798797249794,5.5283
6449,0.023524049669504166,0.023524049669504166,0.05902364104986191,0.05902364104986191,5.529
6450,0.023522932082414627,0.023522932082414627,0.05903221294283867,0.05903221294283867,5.5296
6451,0.023525822907686234,0.023525822907686234,0.059159617871046066,0.059159617871046066,5.5303
6452,0.023529306054115295,0.023529306054115295,0.05894797295331955,0.05894797295331955,5.5309
6453,0.023530343547463417,0.023530343547463417,0.059219807386398315,0.059219807386398315,5.5316
6454,0.02352793514728546,0.02352793514728546,0.058950118720531464,0.058950118720531464,5.5323
6455,0.023523500189185143,0.023523500189185143,0.059174977242946625,0.059174977242946625,5.5329
6456,0.023519393056631088,0.023519393056631088,0.05902300402522087,0.05902300402522087,5.5336
6457,0.02351735532283783,0.02351735532283783,0.059079378843307495,0.059079378843307495,5.5342
6458,0.023517578840255737,0.023517578840255737,0.059119902551174164,0.059119902551174164,5.5348
6459,0.023518869653344154,0.023518869653344154,0.0590045228600502,0.0590045228600502,5.5355
6460,0.023519661277532578,0.023519661277532578,0.059179164469242096,0.059179164469242096,5.5361
6461,0.023519014939665794,0.023519014939665794,0.05898820236325264,0.05898820236325264,5.5367
6462,0.02351701259613037,0.02351701259613037,0.059168387204408646,0.059168387204408646,5.5374
6463,0.023514531552791595,0.023514531552791595,0.059027861803770065,0.059027861803770065,5.538
6464,0.023512549698352814,0.023512549698352814,0.059108756482601166,0.059108756482601166,5.5387
6465,0.023511584848165512,0.023511584848165512,0.05909479409456253,0.05909479409456253,5.5393
6466,0.023511506617069244,0.023511506617069244,0.059050001204013824,0.059050001204013824,5.5399
6467,0.023511696606874466,0.023511696606874466,0.059147726744413376,0.059147726744413376,5.5405
6468,0.02351151779294014,0.02351151779294014,0.05902557447552681,0.05902557447552681,5.5412
6469,0.02351074479520321,0.02351074479520321,0.0591573491692543,0.0591573491692543,5.5418
6470,0.023509478196501732,0.023509478196501732,0.0590386800467968,0.0590386800467968,5.5424
6471,0.02350802533328533,0.02350802533328533,0.05913683772087097,0.05913683772087097,5.543
6472,0.023506704717874527,0.023506704717874527,0.05907730013132095,0.05907730013132095,5.5437
6473,0.02350580133497715,0.02350580133497715,0.05909811705350876,0.05909811705350876,5.5443
6474,0.023505259305238724,0.023505259305238724,0.05911926180124283,0.05911926180124283,5.5449
6475,0.023504916578531265,0.023504916578531265,0.05906691029667854,0.05906691029667854,5.5456
6476,0.02350451424717903,0.02350451424717903,0.05914288014173508,0.05914288014173508,5.5463
6477,0.023503873497247696,0.023503873497247696,0.05905779451131821,0.05905779451131821,5.5469
6478,0.02350299060344696,0.02350299060344696,0.059140823781490326,0.059140823781490326,5.5475
6479,0.023501981049776077,0.023501981049776077,0.059072982519865036,0.059072982519865036,5.5481
6480,0.02350098267197609,0.02350098267197609,0.059123337268829346,0.059123337268829346,5.5488
6481,0.023500097915530205,0.023500097915530205,0.05910135433077812,0.05910135433077812,5.5495
6482,0.023499373346567154,0.023499373346567154,0.05910222604870796,0.05910222604870796,5.5502
6483,0.023498788475990295,0.023498788475990295,0.059126563370227814,0.059126563370227814,5.5508
6484,0.02349822223186493,0.02349822223186493,0.05908849835395813,0.05908849835395813,5.5515
6485,0.02349761500954628,0.02349761500954628,0.05914010480046272,0.05914010480046272,5.5521
6486,0.023496927693486214,0.023496927693486214,0.0590875968337059,0.0590875968337059,5.5527
6487,0.023496130481362343,0.023496130481362343,0.059140563011169434,0.059140563011169434,5.5534
6488,0.02349529229104519,0.02349529229104519,0.05909782648086548,0.05909782648086548,5.554
6489,0.02349446713924408,0.02349446713924408,0.0591307170689106,0.0591307170689106,5.5546
6490,0.023493696004152298,0.023493696004152298,0.059113241732120514,0.059113241732120514,5.5552
6491,0.023492958396673203,0.023492958396673203,0.0591176375746727,0.0591176375746727,5.5559
6492,0.023492291569709778,0.023492291569709778,0.059128809720277786,0.059128809720277786,5.5565
6493,0.023491647094488144,0.023491647094488144,0.0591084249317646,0.0591084249317646,5.5571
6494,0.023490991443395615,0.023490991443395615,0.05913938209414482,0.05913938209414482,5.5578
6495,0.023490305989980698,0.023490305989980698,0.05910626798868179,0.05910626798868179,5.5584
6496,0.023489588871598244,0.023489588871598244,0.059142567217350006,0.059142567217350006,5.559
6497,0.023488854989409447,0.023488854989409447,0.05911080911755562,0.05911080911755562,5.5596
6498,0.023488100618124008,0.023488100618124008,0.05913899093866348,0.05913899093866348,5.5602
6499,0.023487351834774017,0.023487351834774017,0.05912008136510849,0.05912008136510849,5.5609
6500,0.02348661981523037,0.02348661981523037,0.05913233011960983,0.05913233011960983,5.5615
6501,0.02348591387271881,0.02348591387271881,0.05913091450929642,0.05913091450929642,5.5621
6502,0.023485228419303894,0.023485228419303894,0.05912667512893677,0.05912667512893677,5.5627
6503,0.02348453179001808,0.02348453179001808,0.059140175580978394,0.059140175580978394,5.5634
6504,0.02348385378718376,0.02348385378718376,0.05912456661462784,0.05912456661462784,5.564
6505,0.023483168333768845,0.023483168333768845,0.0591459684073925,0.0591459684073925,5.5646
6506,0.023482484742999077,0.023482484742999077,0.059126175940036774,0.059126175940036774,5.5652
6507,0.023481769487261772,0.023481769487261772,0.059148289263248444,0.059148289263248444,5.5659
6508,0.023481061682105064,0.023481061682105064,0.059130776673555374,0.059130776673555374,5.5665
6509,0.02348034456372261,0.02348034456372261,0.05914832279086113,0.05914832279086113,5.5671
6510,0.023479634895920753,0.023479634895920753,0.05913705378770828,0.05913705378770828,5.5677
6511,0.023478925228118896,0.023478925228118896,0.05914707109332085,0.05914707109332085,5.5684
6512,0.02347821556031704,0.02347821556031704,0.05914359539747238,0.05914359539747238,5.5698
6513,0.023478105664253235,0.023478105664253235,0.05914631485939026,0.05914631485939026,5.5704
6514,0.023477835580706596,0.023477835580706596,0.05916089937090874,0.05916089937090874,5.5711
6515,0.02347847819328308,0.02347847819328308,0.05924969166517258,0.05924969166517258,5.5717
6516,0.023478759452700615,0.023478759452700615,0.05913661792874336,0.05913661792874336,5.5723
6517,0.023478493094444275,0.023478493094444275,0.05924227088689804,0.05924227088689804,5.573
6518,0.02347768284380436,0.02347768284380436,0.059093035757541656,0.059093035757541656,5.5736
6519,0.023476608097553253,0.023476608097553253,0.05920279026031494,0.05920279026031494,5.5742
6520,0.02347581461071968,0.02347581461071968,0.05907442420721054,0.05907442420721054,5.5748
6521,0.023475054651498795,0.023475054651498795,0.059157274663448334,0.059157274663448334,5.5755
6522,0.02347434125840664,0.02347434125840664,0.05906575918197632,0.05906575918197632,5.5761
6523,0.02347351238131523,0.02347351238131523,0.05913754552602768,0.05913754552602768,5.5767
6524,0.023472433909773827,0.023472433909773827,0.059088267385959625,0.059088267385959625,5.5773
6525,0.023471247404813766,0.023471247404813766,0.05916982144117355,0.05916982144117355,5.5779
6526,0.02347010001540184,0.02347010001540184,0.059129904955625534,0.059129904955625534,5.5786
6527,0.023469064384698868,0.023469064384698868,0.059196483343839645,0.059196483343839645,5.5792
6528,0.023468321189284325,0.023468321189284325,0.05915745347738266,0.05915745347738266,5.5798
6529,0.02346768230199814,0.02346768230199814,0.059203892946243286,0.059203892946243286,5.5804
6530,0.02346700429916382,0.02346700429916382,0.05919916555285454,0.05919916555285454,5.5811
6531,0.023466378450393677,0.023466378450393677,0.05920621007680893,0.05920621007680893,5.5817
6532,0.023465747013688087,0.023465747013688087,0.05923314020037651,0.05923314020037651,5.5823
6533,0.02346506156027317,0.02346506156027317,0.05918572098016739,0.05918572098016739,5.5829
6534,0.02346443198621273,0.02346443198621273,0.05923416465520859,0.05923416465520859,5.5836
6535,0.023463796824216843,0.023463796824216843,0.0591592974960804,0.0591592974960804,5.5842
6536,0.023463129997253418,0.023463129997253418,0.05922132730484009,0.05922132730484009,5.5848
6537,0.02346249856054783,0.02346249856054783,0.05914551764726639,0.05914551764726639,5.5854
6538,0.023461852222681046,0.023461852222681046,0.05920257419347763,0.05920257419347763,5.5861
6539,0.023461174219846725,0.023461174219846725,0.05913717299699783,0.05913717299699783,5.5867
6540,0.023460496217012405,0.023460496217012405,0.05919189006090164,0.05919189006090164,5.5873
6541,0.023459801450371742,0.023459801450371742,0.05914672464132309,0.05914672464132309,5.5879
6542,0.02345910295844078,0.02345910295844078,0.05920712277293205,0.05920712277293205,5.5885
6543,0.02345842495560646,0.02345842495560646,0.059161193668842316,0.059161193668842316,5.5892
6544,0.0234577264636755,0.0234577264636755,0.05922253057360649,0.05922253057360649,5.5898
6545,0.023457057774066925,0.023457057774066925,0.059160757809877396,0.059160757809877396,5.5904
6546,0.02345641329884529,0.02345641329884529,0.059230394661426544,0.059230394661426544,5.591
6547,0.02345573529601097,0.02345573529601097,0.0591597743332386,0.0591597743332386,5.5917
6548,0.023455074056982994,0.023455074056982994,0.0592380166053772,0.0592380166053772,5.5923
6549,0.02345443330705166,0.02345443330705166,0.05916202813386917,0.05916202813386917,5.5929
6550,0.023453785106539726,0.023453785106539726,0.05923895910382271,0.05923895910382271,5.5936
6551,0.023453185334801674,0.023453185334801674,0.059160612523555756,0.059160612523555756,5.5942
6552,0.023452632129192352,0.023452632129192352,0.05924021080136299,0.05924021080136299,5.5948
6553,0.023452099412679672,0.023452099412679672,0.05916331335902214,0.05916331335902214,5.5954
6554,0.023451605811715126,0.023451605811715126,0.05925080180168152,0.05925080180168152,5.5961
6555,0.023451169952750206,0.023451169952750206,0.05916322395205498,0.05916322395205498,5.5967
6556,0.023450810462236404,0.023450810462236404,0.059265077114105225,0.059265077114105225,5.5973
6557,0.02345055341720581,0.02345055341720581,0.05915680527687073,0.05915680527687073,5.5979
6558,0.02345043234527111,0.02345043234527111,0.05928746610879898,0.05928746610879898,5.5986
6559,0.023450477048754692,0.023450477048754692,0.05914895609021187,0.05914895609021187,5.5992
6560,0.02345077320933342,0.02345077320933342,0.05931665748357773,0.05931665748357773,5.5998
6561,0.02345135435461998,0.02345135435461998,0.059134531766176224,0.059134531766176224,5.6004
6562,0.023452365770936012,0.023452365770936012,0.059346962720155716,0.059346962720155716,5.601
6563,0.023453906178474426,0.023453906178474426,0.05911145359277725,0.05911145359277725,5.6017
6564,0.023456212133169174,0.023456212133169174,0.059385187923908234,0.059385187923908234,5.6023
6565,0.023459384217858315,0.023459384217858315,0.05908333137631416,0.05908333137631416,5.6029
6566,0.02346375212073326,0.02346375212073326,0.059436578303575516,0.059436578303575516,5.6035
6567,0.023469312116503716,0.023469312116503716,0.05904750898480415,0.05904750898480415,5.6042
6568,0.02347637340426445,0.02347637340426445,0.05950293689966202,0.05950293689966202,5.6048
6569,0.02348433807492256,0.02348433807492256,0.05901021510362625,0.05901021510362625,5.6054
6570,0.02349310740828514,0.02349310740828514,0.059581875801086426,0.059581875801086426,5.6061
6571,0.023500610142946243,0.023500610142946243,0.05898023396730423,0.05898023396730423,5.6067
6572,0.02350592240691185,0.02350592240691185,0.05964384600520134,0.05964384600520134,5.6074
6573,0.023505687713623047,0.023505687713623047,0.05896726995706558,0.05896726995706558,5.6082
6574,0.023499611765146255,0.023499611765146255,0.059637974947690964,0.059637974947690964,5.6088
6575,0.023486554622650146,0.023486554622650146,0.058992914855480194,0.058992914855480194,5.6095
6576,0.02346988394856453,0.02346988394856453,0.05953354388475418,0.05953354388475418,5.6101
6577,0.02345295250415802,0.02345295250415802,0.05907965824007988,0.05907965824007988,5.6108
6578,0.02344023622572422,0.02344023622572422,0.059364043176174164,0.059364043176174164,5.6114
6579,0.023433994501829147,0.023433994501829147,0.0592213049530983,0.0592213049530983,5.6121
6580,0.0234342310577631,0.0234342310577631,0.05920698121190071,0.05920698121190071,5.6128
6581,0.023438910022377968,0.023438910022377968,0.059370946139097214,0.059370946139097214,5.6134
6582,0.0234450064599514,0.0234450064599514,0.05911225080490112,0.05911225080490112,5.6141
6583,0.023449771106243134,0.023449771106243134,0.059464674443006516,0.059464674443006516,5.6147
6584,0.023451175540685654,0.023451175540685654,0.05908583477139473,0.05908583477139473,5.6154
6585,0.023448895663022995,0.023448895663022995,0.05946669727563858,0.05946669727563858,5.6161
6586,0.02344357967376709,0.02344357967376709,0.059118740260601044,0.059118740260601044,5.6167
6587,0.023437146097421646,0.023437146097421646,0.059393513947725296,0.059393513947725296,5.6174
6588,0.023431429639458656,0.023431429639458656,0.05919536203145981,0.05919536203145981,5.618
6589,0.02342780865728855,0.02342780865728855,0.059295784682035446,0.059295784682035446,5.6187
6590,0.023426663130521774,0.023426663130521774,0.05928646773099899,0.05928646773099899,5.6194
6591,0.023427477106451988,0.023427477106451988,0.05921845883131027,0.05921845883131027,5.62
6592,0.02343081124126911,0.02343081124126911,0.05936092138290405,0.05936092138290405,5.6207
6593,0.023433195427060127,0.023433195427060127,0.059166837483644485,0.059166837483644485,5.6214
6594,0.02343655750155449,0.02343655750155449,0.059471793472766876,0.059471793472766876,5.622
6595,0.02343713864684105,0.02343713864684105,0.05919475480914116,0.05919475480914116,5.6227
6596,0.02343544363975525,0.02343544363975525,0.059515394270420074,0.059515394270420074,5.6233
6597,0.02343210019171238,0.02343210019171238,0.059237509965896606,0.059237509965896606,5.624
6598,0.02342800609767437,0.02342800609767437,0.05940449237823486,0.05940449237823486,5.6246
6599,0.023424535989761353,0.023424535989761353,0.05922963470220566,0.05922963470220566,5.6253
6600,0.023422501981258392,0.023422501981258392,0.05926103517413139,0.05926103517413139,5.6259
6601,0.023421678692102432,0.023421678692102432,0.0592777356505394,0.0592777356505394,5.6266
6602,0.023421544581651688,0.023421544581651688,0.059237610548734665,0.059237610548734665,5.6272
6603,0.02342190593481064,0.02342190593481064,0.05937860161066055,0.05937860161066055,5.628
6604,0.02342233620584011,0.02342233620584011,0.0592743381857872,0.0592743381857872,5.6287
6605,0.023422250524163246,0.023422250524163246,0.05942467600107193,0.05942467600107193,5.6293
6606,0.02342158555984497,0.02342158555984497,0.0592910535633564,0.0592910535633564,5.63
6607,0.02342066913843155,0.02342066913843155,0.05941708758473396,0.05941708758473396,5.6307
6608,0.02341943047940731,0.02341943047940731,0.059310950338840485,0.059310950338840485,5.6313
6609,0.023417871445417404,0.023417871445417404,0.05941693112254143,0.05941693112254143,5.632
6610,0.02341639995574951,0.02341639995574951,0.05935259908437729,0.05935259908437729,5.6327
6611,0.02341521345078945,0.02341521345078945,0.05941902473568916,0.05941902473568916,5.6334
6612,0.023414259776473045,0.023414259776473045,0.05937959998846054,0.05937959998846054,5.6341
6613,0.023413583636283875,0.023413583636283875,0.05937894433736801,0.05937894433736801,5.6347
6614,0.0234131570905447,0.0234131570905447,0.05937270075082779,0.05937270075082779,5.6354
6615,0.02341284230351448,0.02341284230351448,0.05931772664189339,0.05931772664189339,5.6361
6616,0.02341292053461075,0.02341292053461075,0.059371255338191986,0.059371255338191986,5.6368
6617,0.0234135203063488,0.0234135203063488,0.05927581712603569,0.05927581712603569,5.6375
6618,0.023414896801114082,0.023414896801114082,0.059464145451784134,0.059464145451784134,5.6382
6619,0.02341555245220661,0.02341555245220661,0.05930096656084061,0.05930096656084061,5.6389
6620,0.02341538853943348,0.02341538853943348,0.05951832979917526,0.05951832979917526,5.6395
6621,0.02341422624886036,0.02341422624886036,0.059318412095308304,0.059318412095308304,5.6402
6622,0.02341243252158165,0.02341243252158165,0.05944310501217842,0.05944310501217842,5.6409
6623,0.023410871624946594,0.023410871624946594,0.05929340049624443,0.05929340049624443,5.6421
6624,0.023409727960824966,0.023409727960824966,0.05935455113649368,0.05935455113649368,5.6432
6625,0.02340882457792759,0.02340882457792759,0.05932676047086716,0.05932676047086716,5.644
6626,0.023407872766256332,0.023407872766256332,0.05935784429311752,0.05935784429311752,5.6447
6627,0.023406922817230225,0.023406922817230225,0.059393227100372314,0.059393227100372314,5.6455
6628,0.02340601198375225,0.02340601198375225,0.05938844755291939,0.05938844755291939,5.6462
6629,0.023405075073242188,0.023405075073242188,0.059416282922029495,0.059416282922029495,5.6468
6630,0.023404378443956375,0.023404378443956375,0.05940331146121025,0.05940331146121025,5.6475
6631,0.0234040766954422,0.0234040766954422,0.059420742094516754,0.059420742094516754,5.6482
6632,0.02340380847454071,0.02340380847454071,0.05941867083311081,0.05941867083311081,5.6488
6633,0.023403363302350044,0.023403363302350044,0.059446562081575394,0.059446562081575394,5.6495
6634,0.02340281382203102,0.02340281382203102,0.05943328142166138,0.05943328142166138,5.6502
6635,0.023402122780680656,0.023402122780680656,0.059480421245098114,0.059480421245098114,5.6509
6636,0.023401407524943352,0.023401407524943352,0.05942048504948616,0.05942048504948616,5.6515
6637,0.023400718346238136,0.023400718346238136,0.059480637311935425,0.059480637311935425,5.6522
6638,0.02340007945895195,0.02340007945895195,0.059379614889621735,0.059379614889621735,5.6529
6639,0.023399751633405685,0.023399751633405685,0.059455327689647675,0.059455327689647675,5.6536
6640,0.023400545120239258,0.023400545120239258,0.059342265129089355,0.059342265129089355,5.6543
6641,0.02340162731707096,0.02340162731707096,0.05952075868844986,0.05952075868844986,5.655
6642,0.02340184897184372,0.02340184897184372,0.0593729242682457,0.0593729242682457,5.6557
6643,0.023401623591780663,0.023401623591780663,0.05956757068634033,0.05956757068634033,5.6563
6644,0.023400843143463135,0.023400843143463135,0.059382468461990356,0.059382468461990356,5.657
6645,0.023399755358695984,0.023399755358695984,0.059491921216249466,0.059491921216249466,5.6578
6646,0.023398973047733307,0.023398973047733307,0.05933075398206711,0.05933075398206711,5.6585
6647,0.023398570716381073,0.023398570716381073,0.05941813066601753,0.05941813066601753,5.6591
6648,0.023398274555802345,0.023398274555802345,0.059345923364162445,0.059345923364162445,5.6598
6649,0.023397846147418022,0.023397846147418022,0.05945330113172531,0.05945330113172531,5.6604
6650,0.023397225886583328,0.023397225886583328,0.05940161272883415,0.05940161272883415,5.6611
6651,0.023396452888846397,0.023396452888846397,0.05950610712170601,0.05950610712170601,5.6617
6652,0.023395517840981483,0.023395517840981483,0.05940527841448784,0.05940527841448784,5.6624
6653,0.023394769057631493,0.023394769057631493,0.059532999992370605,0.059532999992370605,5.6631
6654,0.023394417017698288,0.023394417017698288,0.05938978120684624,0.05938978120684624,5.6637
6655,0.02339417301118374,0.02339417301118374,0.05956751108169556,0.05956751108169556,5.6644
6656,0.023393843322992325,0.023393843322992325,0.059399496763944626,0.059399496763944626,5.665
6657,0.02339351549744606,0.02339351549744606,0.059603024274110794,0.059603024274110794,5.6658
6658,0.02339305356144905,0.02339305356144905,0.05941713601350784,0.05941713601350784,5.6665
6659,0.02339259907603264,0.02339259907603264,0.059601254761219025,0.059601254761219025,5.6673
6660,0.023392323404550552,0.023392323404550552,0.05940462276339531,0.05940462276339531,5.6681
6661,0.023393938317894936,0.023393938317894936,0.05956711247563362,0.05956711247563362,5.6688
6662,0.023394722491502762,0.023394722491502762,0.059364695101976395,0.059364695101976395,5.6695
6663,0.02339746430516243,0.02339746430516243,0.059634387493133545,0.059634387493133545,5.6702
6664,0.023399684578180313,0.023399684578180313,0.05937683582305908,0.05937683582305908,5.6709
6665,0.02340245619416237,0.02340245619416237,0.059719640761613846,0.059719640761613846,5.6715
6666,0.023405268788337708,0.023405268788337708,0.05935777351260185,0.05935777351260185,5.6722
6667,0.023407921195030212,0.023407921195030212,0.05968855693936348,0.05968855693936348,5.6729
6668,0.023410778492689133,0.023410778492689133,0.059261344373226166,0.059261344373226166,5.6736
6669,0.02341395802795887,0.02341395802795887,0.05964922904968262,0.05964922904968262,5.6744
6670,0.023416530340909958,0.023416530340909958,0.05925556272268295,0.05925556272268295,5.6751
6671,0.02341831848025322,0.02341831848025322,0.05971268564462662,0.05971268564462662,5.6758
6672,0.02341831848025322,0.02341831848025322,0.05932122468948364,0.05932122468948364,5.6765
6673,0.023416368290781975,0.023416368290781975,0.05975773185491562,0.05975773185491562,5.6772
6674,0.023411890491843224,0.023411890491843224,0.05933716148138046,0.05933716148138046,5.678
6675,0.023405905812978745,0.023405905812978745,0.059729792177677155,0.059729792177677155,5.6787
6676,0.023399043828248978,0.023399043828248978,0.05934877321124077,0.05934877321124077,5.6794
6677,0.023392172530293465,0.023392172530293465,0.05969258397817612,0.05969258397817612,5.6801
6678,0.023385893553495407,0.023385893553495407,0.05941687896847725,0.05941687896847725,5.6807
6679,0.023381048813462257,0.023381048813462257,0.05964801460504532,0.05964801460504532,5.6814
6680,0.023377802222967148,0.023377802222967148,0.05950680375099182,0.05950680375099182,5.6821
6681,0.023377157747745514,0.023377157747745514,0.059563226997852325,0.059563226997852325,5.6828
6682,0.023377278819680214,0.023377278819680214,0.05955258756875992,0.05955258756875992,5.6834
6683,0.02337896265089512,0.02337896265089512,0.059539198875427246,0.059539198875427246,5.6841
6684,0.02337932586669922,0.02337932586669922,0.059608589857816696,0.059608589857816696,5.6848
6685,0.023379331454634666,0.023379331454634666,0.05953060835599899,0.05953060835599899,5.6855
6686,0.023379573598504066,0.023379573598504066,0.059641558676958084,0.059641558676958084,5.6862
6687,0.023379243910312653,0.023379243910312653,0.059452272951602936,0.059452272951602936,5.6874
6688,0.023378482088446617,0.023378482088446617,0.0595819465816021,0.0595819465816021,5.6882
6689,0.023377809673547745,0.023377809673547745,0.05936882644891739,0.05936882644891739,5.6889
6690,0.023376908153295517,0.023376908153295517,0.059556614607572556,0.059556614607572556,5.6898
6691,0.023375438526272774,0.023375438526272774,0.0594155415892601,0.0594155415892601,5.6907
6692,0.023373937234282494,0.023373937234282494,0.059608280658721924,0.059608280658721924,5.6915
6693,0.02337256446480751,0.02337256446480751,0.05951181799173355,0.05951181799173355,5.6924
6694,0.023371081799268723,0.023371081799268723,0.05961645767092705,0.05961645767092705,5.6932
6695,0.02336978167295456,0.02336978167295456,0.05954384803771973,0.05954384803771973,5.694
6696,0.023369038477540016,0.023369038477540016,0.05956996604800224,0.05956996604800224,5.6947
6697,0.02336852252483368,0.02336852252483368,0.05955998972058296,0.05955998972058296,5.6954
6698,0.02336784452199936,0.02336784452199936,0.05956301838159561,0.05956301838159561,5.696
6699,0.023367179557681084,0.023367179557681084,0.05960743501782417,0.05960743501782417,5.6967
6700,0.023367388173937798,0.023367388173937798,0.059585362672805786,0.059585362672805786,5.6974
6701,0.023367101326584816,0.023367101326584816,0.05960841104388237,0.05960841104388237,5.698
6702,0.02336844429373741,0.02336844429373741,0.05964428186416626,0.05964428186416626,5.6987
6703,0.02336851879954338,0.02336851879954338,0.05959286540746689,0.05959286540746689,5.6993
6704,0.023367512971162796,0.023367512971162796,0.05966172739863396,0.05966172739863396,5.7
6705,0.02336648479104042,0.02336648479104042,0.059572041034698486,0.059572041034698486,5.7006
6706,0.023365523666143417,0.023365523666143417,0.059593070298433304,0.059593070298433304,5.7013
6707,0.023364491760730743,0.023364491760730743,0.05951865762472153,0.05951865762472153,5.7019
6708,0.023363735526800156,0.023363735526800156,0.05951065570116043,0.05951065570116043,5.7026
6709,0.02336341142654419,0.02336341142654419,0.05952201038599014,0.05952201038599014,5.7033
6710,0.023363005369901657,0.023363005369901657,0.059525229036808014,0.059525229036808014,5.7039
6711,0.023362355306744576,0.023362355306744576,0.0595976822078228,0.0595976822078228,5.7046
6712,0.02336164377629757,0.02336164377629757,0.05958860367536545,0.05958860367536545,5.7052
6713,0.023360760882496834,0.023360760882496834,0.05964167043566704,0.05964167043566704,5.7058
6714,0.023359792307019234,0.023359792307019234,0.059617020189762115,0.059617020189762115,5.7065
6715,0.023359138518571854,0.023359138518571854,0.05961938947439194,0.05961938947439194,5.7071
6716,0.02335871011018753,0.02335871011018753,0.059625040739774704,0.059625040739774704,5.7078
6717,0.023358285427093506,0.023358285427093506,0.05959821864962578,0.05959821864962578,5.7084
6718,0.023357734084129333,0.023357734084129333,0.05965603515505791,0.05965603515505791,5.7091
6719,0.02335880510509014,0.02335880510509014,0.05960816144943237,0.05960816144943237,5.7097
6720,0.02335721254348755,0.02335721254348755,0.059658028185367584,0.059658028185367584,5.7104
6721,0.0233581755310297,0.0233581755310297,0.059676993638277054,0.059676993638277054,5.711
6722,0.02335817739367485,0.02335817739367485,0.05964032933115959,0.05964032933115959,5.7116
6723,0.023357417434453964,0.023357417434453964,0.05970824882388115,0.05970824882388115,5.7123
6724,0.023356830701231956,0.023356830701231956,0.059594012796878815,0.059594012796878815,5.7129
6725,0.023356353864073753,0.023356353864073753,0.05965343117713928,0.05965343117713928,5.7135
6726,0.023355714976787567,0.023355714976787567,0.05951626971364021,0.05951626971364021,5.7142
6727,0.02335507608950138,0.02335507608950138,0.059595633298158646,0.059595633298158646,5.7148
6728,0.023354630917310715,0.023354630917310715,0.05951126292347908,0.05951126292347908,5.7154
6729,0.023354310542345047,0.023354310542345047,0.05963168293237686,0.05963168293237686,5.7161
6730,0.023354191333055496,0.023354191333055496,0.05958346277475357,0.05958346277475357,5.7167
6731,0.023354340344667435,0.023354340344667435,0.05970175191760063,0.05970175191760063,5.7174
6732,0.023354703560471535,0.023354703560471535,0.05962251499295235,0.05962251499295235,5.718
6733,0.023355552926659584,0.023355552926659584,0.059737663716077805,0.059737663716077805,5.7186
6734,0.0233572069555521,0.0233572069555521,0.05959366634488106,0.05959366634488106,5.7192
6735,0.023359838873147964,0.023359838873147964,0.05977553129196167,0.05977553129196167,5.7199
6736,0.023363644257187843,0.023363644257187843,0.059549976140260696,0.059549976140260696,5.7205
6737,0.023372134193778038,0.023372134193778038,0.059867847710847855,0.059867847710847855,5.7212
6738,0.023381561040878296,0.023381561040878296,0.05949906259775162,0.05949906259775162,5.7219
6739,0.02339882403612137,0.02339882403612137,0.060069017112255096,0.060069017112255096,5.7225
6740,0.023419618606567383,0.023419618606567383,0.05944930762052536,0.05944930762052536,5.7232
6741,0.023444417864084244,0.023444417864084244,0.0602431483566761,0.0602431483566761,5.7238
6742,0.023468218743801117,0.023468218743801117,0.05936845391988754,0.05936845391988754,5.7245
6743,0.023486441001296043,0.023486441001296043,0.06026505306363106,0.06026505306363106,5.7251
6744,0.023485878482460976,0.023485878482460976,0.05929812788963318,0.05929812788963318,5.7257
6745,0.023464128375053406,0.023464128375053406,0.06009943038225174,0.06009943038225174,5.7264
6746,0.023421963676810265,0.023421963676810265,0.05937952548265457,0.05937952548265457,5.727
6747,0.02337745763361454,0.02337745763361454,0.059816766530275345,0.059816766530275345,5.7277
6748,0.023348871618509293,0.023348871618509293,0.05962888151407242,0.05962888151407242,5.7284
6749,0.023346247151494026,0.023346247151494026,0.05959513038396835,0.05959513038396835,5.729
6750,0.023363787680864334,0.023363787680864334,0.059909842908382416,0.059909842908382416,5.7297
6751,0.023385506123304367,0.023385506123304367,0.05951916426420212,0.05951916426420212,5.7304
6752,0.023396210744976997,0.023396210744976997,0.060025572776794434,0.060025572776794434,5.7311
6753,0.023388145491480827,0.023388145491480827,0.059531986713409424,0.059531986713409424,5.7318
6754,0.023368263617157936,0.023368263617157936,0.059916477650403976,0.059916477650403976,5.7324
6755,0.023349851369857788,0.023349851369857788,0.05961484834551811,0.05961484834551811,5.7331
6756,0.023342899978160858,0.023342899978160858,0.05981715768575668,0.05981715768575668,5.7339
6757,0.02334686554968357,0.02334686554968357,0.059801794588565826,0.059801794588565826,5.7346
6758,0.023355403915047646,0.023355403915047646,0.0597149133682251,0.0597149133682251,5.7353
6759,0.02336074784398079,0.02336074784398079,0.05991626903414726,0.05991626903414726,5.7359
6760,0.02335902862250805,0.02335902862250805,0.059550561010837555,0.059550561010837555,5.7366
6761,0.023352211341261864,0.023352211341261864,0.05982991307973862,0.05982991307973862,5.7372
6762,0.0233443770557642,0.0233443770557642,0.05949212238192558,0.05949212238192558,5.7379
6763,0.02333957329392433,0.02333957329392433,0.05969845503568649,0.05969845503568649,5.7386
6764,0.023339102044701576,0.023339102044701576,0.05965137481689453,0.05965137481689453,5.7392
6765,0.02334148809313774,0.02334148809313774,0.059621620923280716,0.059621620923280716,5.7399
6766,0.02334405481815338,0.02334405481815338,0.059838153421878815,0.059838153421878815,5.7406
6767,0.02334440127015114,0.02334440127015114,0.05959305912256241,0.05959305912256241,5.7412
6768,0.0233418308198452,0.0233418308198452,0.05988846346735954,0.05988846346735954,5.7419
6769,0.023337608203291893,0.023337608203291893,0.059643782675266266,0.059643782675266266,5.7426
6770,0.02333395928144455,0.02333395928144455,0.059816956520080566,0.059816956520080566,5.7433
6771,0.023332610726356506,0.023332610726356506,0.059765659272670746,0.059765659272670746,5.7439
6772,0.023335935547947884,0.023335935547947884,0.0597061924636364,0.0597061924636364,5.7446
6773,0.023341286927461624,0.023341286927461624,0.05995612218976021,0.05995612218976021,5.7452
6774,0.023343434557318687,0.023343434557318687,0.059678494930267334,0.059678494930267334,5.7459
6775,0.023341210559010506,0.023341210559010506,0.05998580902814865,0.05998580902814865,5.7466
6776,0.023336242884397507,0.023336242884397507,0.059693001210689545,0.059693001210689545,5.7472
6777,0.02333180420100689,0.02333180420100689,0.05978894978761673,0.05978894978761673,5.7479
6778,0.02333029732108116,0.02333029732108116,0.05969798564910889,0.05969798564910889,5.7485
6779,0.023331239819526672,0.023331239819526672,0.05959869548678398,0.05959869548678398,5.7492
6780,0.023332711309194565,0.023332711309194565,0.059759967029094696,0.059759967029094696,5.7501
6781,0.02333308756351471,0.02333308756351471,0.05959751456975937,0.05959751456975937,5.7508
6782,0.023331869393587112,0.023331869393587112,0.059816740453243256,0.059816740453243256,5.7515
6783,0.02332981675863266,0.02332981675863266,0.059691835194826126,0.059691835194826126,5.7522
6784,0.02332790195941925,0.02332790195941925,0.05979271978139877,0.05979271978139877,5.753
6785,0.02332661859691143,0.02332661859691143,0.05978361889719963,0.05978361889719963,5.7538
6786,0.023326052352786064,0.023326052352786064,0.05975257605314255,0.05975257605314255,5.7545
6787,0.023326236754655838,0.023326236754655838,0.05984722450375557,0.05984722450375557,5.7552
6788,0.023328576236963272,0.023328576236963272,0.059744130820035934,0.059744130820035934,5.7559
6789,0.023330746218562126,0.023330746218562126,0.059945665299892426,0.059945665299892426,5.7568
6790,0.02333049848675728,0.02333049848675728,0.059799354523420334,0.059799354523420334,5.7575
6791,0.023328756913542747,0.023328756913542747,0.059945493936538696,0.059945493936538696,5.7582
6792,0.023326536640524864,0.023326536640524864,0.05982162430882454,0.05982162430882454,5.7589
6793,0.02332434616982937,0.02332434616982937,0.05979926139116287,0.05979926139116287,5.7596
6794,0.02332315221428871,0.02332315221428871,0.05974895507097244,0.05974895507097244,5.7602
6795,0.02332308515906334,0.02332308515906334,0.05966365337371826,0.05966365337371826,5.7609
6796,0.023323362693190575,0.023323362693190575,0.059733688831329346,0.059733688831329346,5.7615
6797,0.023323390632867813,0.023323390632867813,0.05968592315912247,0.05968592315912247,5.7622
6798,0.023322876542806625,0.023322876542806625,0.05979566648602486,0.05979566648602486,5.7629
6799,0.023321818560361862,0.023321818560361862,0.05975787714123726,0.05975787714123726,5.7637
6800,0.023320460692048073,0.023320460692048073,0.059818290174007416,0.059818290174007416,5.7644
6801,0.023319199681282043,0.023319199681282043,0.059794168919324875,0.059794168919324875,5.765
6802,0.02331836149096489,0.02331836149096489,0.05981354042887688,0.05981354042887688,5.7657
6803,0.02331794984638691,0.02331794984638691,0.05983476713299751,0.05983476713299751,5.7663
6804,0.02331911213696003,0.02331911213696003,0.05983024835586548,0.05983024835586548,5.767
6805,0.023319143801927567,0.023319143801927567,0.05986088514328003,0.05986088514328003,5.7677
6806,0.0233207605779171,0.0233207605779171,0.05992148071527481,0.05992148071527481,5.7683
6807,0.023320645093917847,0.023320645093917847,0.05987910181283951,0.05987910181283951,5.769
6808,0.023319091647863388,0.023319091647863388,0.05993406102061272,0.05993406102061272,5.7696
6809,0.0233171284198761,0.0233171284198761,0.05984767526388168,0.05984767526388168,5.7703
6810,0.023315807804465294,0.023315807804465294,0.05981473997235298,0.05981473997235298,5.7709
6811,0.023315533995628357,0.023315533995628357,0.05976197123527527,0.05976197123527527,5.7715
6812,0.023315679281949997,0.023315679281949997,0.059714507311582565,0.059714507311582565,5.7723
6813,0.02331557497382164,0.02331557497382164,0.05975102260708809,0.05975102260708809,5.7731
6814,0.02331577241420746,0.02331577241420746,0.05975096672773361,0.05975096672773361,5.774
6815,0.02331443503499031,0.02331443503499031,0.05982015281915665,0.05982015281915665,5.7753
6816,0.023314625024795532,0.023314625024795532,0.05993220955133438,0.05993220955133438,5.776
6817,0.02331526018679142,0.02331526018679142,0.05982403829693794,0.05982403829693794,5.7767
6818,0.023315759375691414,0.023315759375691414,0.059945426881313324,0.059945426881313324,5.7774
6819,0.023315289989113808,0.023315289989113808,0.059793125838041306,0.059793125838041306,5.7781
6820,0.02331395633518696,0.02331395633518696,0.05989602953195572,0.05989602953195572,5.7789
6821,0.023312076926231384,0.023312076926231384,0.0597991943359375,0.0597991943359375,5.7798
6822,0.023310303688049316,0.023310303688049316,0.059831976890563965,0.059831976890563965,5.7805
6823,0.023309675976634026,0.023309675976634026,0.059814028441905975,0.059814028441905975,5.7812
6824,0.023313093930482864,0.023313093930482864,0.059780336916446686,0.059780336916446686,5.7818
6825,0.023309770971536636,0.023309770971536636,0.05982549861073494,0.05982549861073494,5.7826
6826,0.02330997958779335,0.02330997958779335,0.05984865874052048,0.05984865874052048,5.7832
6827,0.023309560492634773,0.023309560492634773,0.059855323284864426,0.059855323284864426,5.7839
6828,0.023309294134378433,0.023309294134378433,0.05989878252148628,0.05989878252148628,5.7845
6829,0.02330937795341015,0.02330937795341015,0.05984367057681084,0.05984367057681084,5.7852
6830,0.023308873176574707,0.023308873176574707,0.059857189655303955,0.059857189655303955,5.7858
6831,0.02330767549574375,0.02330767549574375,0.059794872999191284,0.059794872999191284,5.7864
6832,0.02330680750310421,0.02330680750310421,0.059810101985931396,0.059810101985931396,5.787
6833,0.023306213319301605,0.023306213319301605,0.05981310456991196,0.05981310456991196,5.7876
6834,0.023305516690015793,0.023305516690015793,0.059834979474544525,0.059834979474544525,5.7883
6835,0.023305052891373634,0.023305052891373634,0.05988144874572754,0.05988144874572754,5.7889
6836,0.023304756730794907,0.023304756730794907,0.0598716139793396,0.0598716139793396,5.7896
6837,0.02330402098596096,0.02330402098596096,0.05990167334675789,0.05990167334675789,5.7902
6838,0.023303713649511337,0.023303713649511337,0.05986496061086655,0.05986496061086655,5.7909
6839,0.023303620517253876,0.023303620517253876,0.059851597994565964,0.059851597994565964,5.7915
6840,0.023305591195821762,0.023305591195821762,0.05994417518377304,0.05994417518377304,5.7921
6841,0.023306315764784813,0.023306315764784813,0.059868596494197845,0.059868596494197845,5.7928
6842,0.0233062244951725,0.0233062244951725,0.06003604084253311,0.06003604084253311,5.7934
6843,0.023305486887693405,0.023305486887693405,0.05990545079112053,0.05990545079112053,5.794
6844,0.023303614929318428,0.023303614929318428,0.059979893267154694,0.059979893267154694,5.7947
6845,0.023301824927330017,0.023301824927330017,0.059838734567165375,0.059838734567165375,5.7953
6846,0.023301217705011368,0.023301217705011368,0.059844791889190674,0.059844791889190674,5.7959
6847,0.02330109104514122,0.02330109104514122,0.059813279658555984,0.059813279658555984,5.7966
6848,0.023300843313336372,0.023300843313336372,0.05983239412307739,0.05983239412307739,5.7972
6849,0.023300569504499435,0.023300569504499435,0.05988771840929985,0.05988771840929985,5.7978
6850,0.02329985983669758,0.02329985983669758,0.059882353991270065,0.059882353991270065,5.7985
6851,0.023298505693674088,0.023298505693674088,0.05991911143064499,0.05991911143064499,5.7992
6852,0.02329726330935955,0.02329726330935955,0.059887420386075974,0.059887420386075974,5.7999
6853,0.023296665400266647,0.023296665400266647,0.05990316718816757,0.05990316718816757,5.8006
6854,0.023296257480978966,0.023296257480978966,0.059913814067840576,0.059913814067840576,5.8012
6855,0.023295734077692032,0.023295734077692032,0.05992645025253296,0.05992645025253296,5.8018
6856,0.023297728970646858,0.023297728970646858,0.05997387692332268,0.05997387692332268,5.8025
6857,0.02329740859568119,0.02329740859568119,0.05994478613138199,0.05994478613138199,5.8031
6858,0.023299364373087883,0.023299364373087883,0.06006137281656265,0.06006137281656265,5.8037
6859,0.02329920046031475,0.02329920046031475,0.0599411204457283,0.0599411204457283,5.8043
6860,0.023297561332583427,0.023297561332583427,0.06004880741238594,0.06004880741238594,5.805
6861,0.023295793682336807,0.023295793682336807,0.05990137904882431,0.05990137904882431,5.8056
6862,0.02329457551240921,0.02329457551240921,0.05993691831827164,0.05993691831827164,5.8062
6863,0.02329382486641407,0.02329382486641407,0.05984003469347954,0.05984003469347954,5.8069
6864,0.023293402045965195,0.023293402045965195,0.05985245853662491,0.05985245853662491,5.8075
6865,0.023293444886803627,0.023293444886803627,0.05985065549612045,0.05985065549612045,5.8082
6866,0.02329372800886631,0.02329372800886631,0.05987467244267464,0.05987467244267464,5.8089
6867,0.023293593898415565,0.023293593898415565,0.05990471690893173,0.05990471690893173,5.8095
6868,0.023294206708669662,0.023294206708669662,0.06002310663461685,0.06002310663461685,5.8101
6869,0.02329438552260399,0.02329438552260399,0.05996725708246231,0.05996725708246231,5.8108
6870,0.02329510822892189,0.02329510822892189,0.06012878566980362,0.06012878566980362,5.8114
6871,0.02329598180949688,0.02329598180949688,0.05995967984199524,0.05995967984199524,5.812
6872,0.023295916616916656,0.023295916616916656,0.06010042503476143,0.06010042503476143,5.8126
6873,0.023295115679502487,0.023295115679502487,0.059873633086681366,0.059873633086681366,5.8133
6874,0.023294229060411453,0.023294229060411453,0.06005372852087021,0.06005372852087021,5.8139
6875,0.02329390123486519,0.02329390123486519,0.05987197160720825,0.05987197160720825,5.8145
6876,0.02329440228641033,0.02329440228641033,0.06008906289935112,0.06008906289935112,5.8152
6877,0.023295152932405472,0.023295152932405472,0.05992581322789192,0.05992581322789192,5.8158
6878,0.023295680060982704,0.023295680060982704,0.06009633094072342,0.06009633094072342,5.8165
6879,0.02329607680439949,0.02329607680439949,0.059915803372859955,0.059915803372859955,5.8173
6880,0.023296598345041275,0.023296598345041275,0.060067273676395416,0.060067273676395416,5.818
6881,0.023297222331166267,0.023297222331166267,0.059892378747463226,0.059892378747463226,5.8189
6882,0.02329791523516178,0.02329791523516178,0.06009836867451668,0.06009836867451668,5.8196
6883,0.023298684507608414,0.023298684507608414,0.059902966022491455,0.059902966022491455,5.8203
6884,0.0233002882450819,0.0233002882450819,0.06017310544848442,0.06017310544848442,5.821
6885,0.023304995149374008,0.023304995149374008,0.05989980697631836,0.05989980697631836,5.8216
6886,0.023311223834753036,0.023311223834753036,0.06031534820795059,0.06031534820795059,5.8223
6887,0.023315567523241043,0.023315567523241043,0.0598926842212677,0.0598926842212677,5.823
6888,0.023318331688642502,0.023318331688642502,0.06037016957998276,0.06037016957998276,5.8237
6889,0.023319514468312263,0.023319514468312263,0.05983573943376541,0.05983573943376541,5.8245
6890,0.02331952005624771,0.02331952005624771,0.060270942747592926,0.060270942747592926,5.8252
6891,0.02331753820180893,0.02331753820180893,0.059749115258455276,0.059749115258455276,5.8258
6892,0.023314330726861954,0.023314330726861954,0.06014113500714302,0.06014113500714302,5.8265
6893,0.023309968411922455,0.023309968411922455,0.059778887778520584,0.059778887778520584,5.8272
6894,0.0233046505600214,0.0233046505600214,0.06009795516729355,0.06009795516729355,5.8279
6895,0.02329879067838192,0.02329879067838192,0.05990593507885933,0.05990593507885933,5.8285
6896,0.023291852325201035,0.023291852325201035,0.06007275730371475,0.06007275730371475,5.8292
6897,0.0232880599796772,0.0232880599796772,0.06009718030691147,0.06009718030691147,5.8298
6898,0.023285020142793655,0.023285020142793655,0.06007103994488716,0.06007103994488716,5.8305
6899,0.02328299544751644,0.02328299544751644,0.06019184738397598,0.06019184738397598,5.8313
6900,0.02328244224190712,0.02328244224190712,0.060052573680877686,0.060052573680877686,5.832
6901,0.023283516988158226,0.023283516988158226,0.06014512851834297,0.06014512851834297,5.8329
6902,0.023285573348402977,0.023285573348402977,0.05999733880162239,0.05999733880162239,5.8346
6903,0.023287270218133926,0.023287270218133926,0.060098253190517426,0.060098253190517426,5.8356
6904,0.02328830398619175,0.02328830398619175,0.05998916178941727,0.05998916178941727,5.8364
6905,0.023288587108254433,0.023288587108254433,0.06013103574514389,0.06013103574514389,5.8371
6906,0.023287449032068253,0.023287449032068253,0.05999227613210678,0.05999227613210678,5.8383
6907,0.023285025730729103,0.023285025730729103,0.06015311926603317,0.06015311926603317,5.8397
6908,0.02328181266784668,0.02328181266784668,0.05996368080377579,0.05996368080377579,5.8405
6909,0.023279281333088875,0.023279281333088875,0.06014446169137955,0.06014446169137955,5.8414
6910,0.02327912487089634,0.02327912487089634,0.059957534074783325,0.059957534074783325,5.8422
6911,0.02328098937869072,0.02328098937869072,0.06023211404681206,0.06023211404681206,5.843
6912,0.02328154817223549,0.02328154817223549,0.06003595516085625,0.06003595516085625,5.8437
6913,0.02328035794198513,0.02328035794198513,0.06027569621801376,0.06027569621801376,5.8444
6914,0.0232777688652277,0.0232777688652277,0.06010599061846733,0.06010599061846733,5.8459
6915,0.023274531587958336,0.023274531587958336,0.060163289308547974,0.060163289308547974,5.8468
6916,0.02327239140868187,0.02327239140868187,0.06008486822247505,0.06008486822247505,5.849
6917,0.023272261023521423,0.023272261023521423,0.059997785836458206,0.059997785836458206,5.8504
6918,0.02327306754887104,0.02327306754887104,0.06007836014032364,0.06007836014032364,5.854
6919,0.023273592814803123,0.023273592814803123,0.05995030328631401,0.05995030328631401,5.8558
6920,0.023273533210158348,0.023273533210158348,0.06012379005551338,0.06012379005551338,5.8574
6921,0.02327260561287403,0.02327260561287403,0.059990424662828445,0.059990424662828445,5.8582
6922,0.02327098324894905,0.02327098324894905,0.06013313680887222,0.06013313680887222,5.8589
6923,0.023269575089216232,0.023269575089216232,0.060027074068784714,0.060027074068784714,5.8596
6924,0.023268943652510643,0.023268943652510643,0.06011033058166504,0.06011033058166504,5.8603
6925,0.023268738761544228,0.023268738761544228,0.06008036062121391,0.06008036062121391,5.861
6926,0.023268958553671837,0.023268958553671837,0.06013050675392151,0.06013050675392151,5.8616
6927,0.023269925266504288,0.023269925266504288,0.06013903766870499,0.06013903766870499,5.8623
6928,0.023271623998880386,0.023271623998880386,0.060254424810409546,0.060254424810409546,5.8629
6929,0.023272069171071053,0.023272069171071053,0.06015735864639282,0.06015735864639282,5.8637
6930,0.023271363228559494,0.023271363228559494,0.06028636172413826,0.06028636172413826,5.8644
6931,0.023270126432180405,0.023270126432180405,0.06007632613182068,0.06007632613182068,5.8651
6932,0.023269105702638626,0.023269105702638626,0.0601842887699604,0.0601842887699604,5.8659
6933,0.02326846867799759,0.02326846867799759,0.05996303632855415,0.05996303632855415,5.8668
6934,0.02326797880232334,0.02326797880232334,0.06010223552584648,0.06010223552584648,5.8676
6935,0.02326757088303566,0.02326757088303566,0.059963785111904144,0.059963785111904144,5.8683
6936,0.02326950617134571,0.02326950617134571,0.06012141704559326,0.06012141704559326,5.8691
6937,0.02326764166355133,0.02326764166355133,0.060029398649930954,0.060029398649930954,5.8698
6938,0.02326882630586624,0.02326882630586624,0.06024442985653877,0.06024442985653877,5.8706
6939,0.023269284516572952,0.023269284516572952,0.06010458618402481,0.06010458618402481,5.8713
6940,0.023269828408956528,0.023269828408956528,0.06031984090805054,0.06031984090805054,5.8729
6941,0.023270562291145325,0.023270562291145325,0.06012136489152908,0.06012136489152908,5.8739
6942,0.023270737379789352,0.023270737379789352,0.06028318405151367,0.06028318405151367,5.8747
6943,0.023270148783922195,0.023270148783922195,0.06006117910146713,0.06006117910146713,5.8759
6944,0.023269349709153175,0.023269349709153175,0.06023604795336723,0.06023604795336723,5.8769
6945,0.023269083350896835,0.023269083350896835,0.06005347892642021,0.06005347892642021,5.8782
6946,0.023269666358828545,0.023269666358828545,0.06026738882064819,0.06026738882064819,5.879
6947,0.02327040769159794,0.02327040769159794,0.060084979981184006,0.060084979981184006,5.8796
6948,0.023270731791853905,0.023270731791853905,0.06028251722455025,0.06028251722455025,5.8803
6949,0.023270558565855026,0.023270558565855026,0.06006494164466858,0.06006494164466858,5.8811
6950,0.02327139303088188,0.02327139303088188,0.06026269868016243,0.06026269868016243,5.8818
6951,0.023272257298231125,0.023272257298231125,0.06003311276435852,0.06003311276435852,5.8825
6952,0.02327585406601429,0.02327585406601429,0.06037811562418938,0.06037811562418938,5.8837
6953,0.023279044777154922,0.023279044777154922,0.06007533147931099,0.06007533147931099,5.8847
6954,0.023281484842300415,0.023281484842300415,0.060493312776088715,0.060493312776088715,5.8854
6955,0.023282157257199287,0.023282157257199287,0.06009366363286972,0.06009366363286972,5.8863
6956,0.023280959576368332,0.023280959576368332,0.0604461245238781,0.0604461245238781,5.8871
6957,0.023279007524251938,0.023279007524251938,0.060022152960300446,0.060022152960300446,5.8878
6958,0.023277541622519493,0.023277541622519493,0.06031764671206474,0.06031764671206474,5.8885
6959,0.02327585406601429,0.02327585406601429,0.06000477820634842,0.06000477820634842,5.8892
6960,0.023273786529898643,0.023273786529898643,0.06026867777109146,0.06026867777109146,5.8899
6961,0.023271286860108376,0.023271286860108376,0.060072243213653564,0.060072243213653564,5.8906
6962,0.023268017917871475,0.023268017917871475,0.0602635033428669,0.0602635033428669,5.8913
6963,0.023263687267899513,0.023263687267899513,0.06011705473065376,0.06011705473065376,5.8919
6964,0.023259984329342842,0.023259984329342842,0.06023663282394409,0.06023663282394409,5.8926
6965,0.023257803171873093,0.023257803171873093,0.06012594699859619,0.06012594699859619,5.8932
6966,0.023258503526449203,0.023258503526449203,0.06033273786306381,0.06033273786306381,5.8939
6967,0.023258795961737633,0.023258795961737633,0.06019945070147514,0.06019945070147514,5.8945
6968,0.023258764296770096,0.023258764296770096,0.06042146682739258,0.06042146682739258,5.8952
6969,0.023257609456777573,0.023257609456777573,0.06023870036005974,0.06023870036005974,5.8958
6970,0.02325468882918358,0.02325468882918358,0.060325466096401215,0.060325466096401215,5.8965
6971,0.023251937702298164,0.023251937702298164,0.060160696506500244,0.060160696506500244,5.8971
6972,0.023250754922628403,0.023250754922628403,0.06015430763363838,0.06015430763363838,5.8977
6973,0.023250538855791092,0.023250538855791092,0.06015418842434883,0.06015418842434883,5.8985
6974,0.023250771686434746,0.023250771686434746,0.060116879642009735,0.060116879642009735,5.8992
6975,0.023251404985785484,0.023251404985785484,0.0602523572742939,0.0602523572742939,5.8999
6976,0.023253440856933594,0.023253440856933594,0.060143809765577316,0.060143809765577316,5.9005
6977,0.02324960008263588,0.02324960008263588,0.06028734892606735,0.06028734892606735,5.9011
6978,0.023249920457601547,0.023249920457601547,0.06022840738296509,0.06022840738296509,5.9018
6979,0.02325066179037094,0.02325066179037094,0.06030041724443436,0.06030041724443436,5.9024
6980,0.023251071572303772,0.023251071572303772,0.060316793620586395,0.060316793620586395,5.9031
6981,0.023251233622431755,0.023251233622431755,0.06031222268939018,0.06031222268939018,5.9037
6982,0.023250507190823555,0.023250507190823555,0.060320593416690826,0.060320593416690826,5.9043
6983,0.0232485830783844,0.0232485830783844,0.06025540083646774,0.06025540083646774,5.905
6984,0.023246699944138527,0.023246699944138527,0.060246873646974564,0.060246873646974564,5.9056
6985,0.023245900869369507,0.023245900869369507,0.060213327407836914,0.060213327407836914,5.9062
6986,0.02324559912085533,0.02324559912085533,0.06021108105778694,0.06021108105778694,5.9068
6987,0.02324526570737362,0.02324526570737362,0.06024172157049179,0.06024172157049179,5.9074
6988,0.023244941607117653,0.023244941607117653,0.060212861746549606,0.060212861746549606,5.9081
6989,0.023245591670274734,0.023245591670274734,0.060276567935943604,0.060276567935943604,5.9087
6990,0.023244792595505714,0.023244792595505714,0.06019642949104309,0.06019642949104309,5.9093
6991,0.023247428238391876,0.023247428238391876,0.06037586182355881,0.06037586182355881,5.9099
6992,0.02324919030070305,0.02324919030070305,0.060221947729587555,0.060221947729587555,5.9106
6993,0.023249264806509018,0.023249264806509018,0.0604499951004982,0.0604499951004982,5.9112
6994,0.023248493671417236,0.023248493671417236,0.06026124954223633,0.06026124954223633,5.9118
6995,0.023247109726071358,0.023247109726071358,0.06041809171438217,0.06041809171438217,5.9124
6996,0.023245424032211304,0.023245424032211304,0.0602278895676136,0.0602278895676136,5.9131
6997,0.02324467897415161,0.02324467897415161,0.06032221391797066,0.06032221391797066,5.9137
6998,0.02324531599879265,0.02324531599879265,0.06018916517496109,0.06018916517496109,5.9143
6999,0.023246724158525467,0.023246724158525467,0.06029282137751579,0.06029282137751579,5.9149
7000,0.023248540237545967,0.023248540237545967,0.060205020010471344,0.060205020010471344,5.9179
7001,0.023250389844179153,0.023250389844179153,0.060338519513607025,0.060338519513607025,5.9189
7002,0.023252366110682487,0.023252366110682487,0.06022294610738754,0.06022294610738754,5.9196
7003,0.023253479972481728,0.023253479972481728,0.06038118526339531,0.06038118526339531,5.9202
7004,0.023257698863744736,0.023257698863744736,0.060298673808574677,0.060298673808574677,5.9209
7005,0.02326122298836708,0.02326122298836708,0.06047684699296951,0.06047684699296951,5.9215
7006,0.02326342836022377,0.02326342836022377,0.06034223362803459,0.06034223362803459,5.9222
7007,0.0232657752931118,0.0232657752931118,0.06059074401855469,0.06059074401855469,5.9228
7008,0.023268522694706917,0.023268522694706917,0.060265351086854935,0.060265351086854935,5.9242
7009,0.02327227033674717,0.02327227033674717,0.06062297150492668,0.06062297150492668,5.9263
7010,0.023276960477232933,0.023276960477232933,0.06012878566980362,0.06012878566980362,5.927
7011,0.023282036185264587,0.023282036185264587,0.060642898082733154,0.060642898082733154,5.9277
7012,0.02328496240079403,0.02328496240079403,0.0600961335003376,0.0600961335003376,5.9284
7013,0.023285312578082085,0.023285312578082085,0.06068800762295723,0.06068800762295723,5.9291
7014,0.023281294852495193,0.023281294852495193,0.06016042083501816,0.06016042083501816,5.9298
7015,0.023275844752788544,0.023275844752788544,0.06066356971859932,0.06066356971859932,5.9305
7016,0.02326582744717598,0.02326582744717598,0.06022755056619644,0.06022755056619644,5.9311
7017,0.023258894681930542,0.023258894681930542,0.060649462044239044,0.060649462044239044,5.9318
7018,0.023250989615917206,0.023250989615917206,0.06034960225224495,0.06034960225224495,5.9326
7019,0.023243281990289688,0.023243281990289688,0.060605160892009735,0.060605160892009735,5.9333
7020,0.023237649351358414,0.023237649351358414,0.060481488704681396,0.060481488704681396,5.9339
7021,0.02323444001376629,0.02323444001376629,0.06047994643449783,0.06047994643449783,5.9346
7022,0.023233285173773766,0.023233285173773766,0.060505181550979614,0.060505181550979614,5.9353
7023,0.023234138265252113,0.023234138265252113,0.060335673391819,0.060335673391819,5.9374
7024,0.023236332461237907,0.023236332461237907,0.06049409508705139,0.06049409508705139,5.9383
7025,0.023238571360707283,0.023238571360707283,0.060308314859867096,0.060308314859867096,5.9389
7026,0.023240212351083755,0.023240212351083755,0.06052554398775101,0.06052554398775101,5.9396
7027,0.023240653797984123,0.023240653797984123,0.06036069989204407,0.06036069989204407,5.9403
7028,0.02323906682431698,0.02323906682431698,0.06053255870938301,0.06053255870938301,5.9409
7029,0.023237932473421097,0.023237932473421097,0.06048151105642319,0.06048151105642319,5.9416
7030,0.023236354812979698,0.023236354812979698,0.060534894466400146,0.060534894466400146,5.9422
7031,0.023234274238348007,0.023234274238348007,0.06054724380373955,0.06054724380373955,5.9431
7032,0.023231979459524155,0.023231979459524155,0.060536038130521774,0.060536038130521774,5.9438
7033,0.02322974056005478,0.02322974056005478,0.060530006885528564,0.060530006885528564,5.9444
7034,0.023227844387292862,0.023227844387292862,0.06049732491374016,0.06049732491374016,5.9451
7035,0.02322709746658802,0.02322709746658802,0.060486823320388794,0.060486823320388794,5.9457
7036,0.023227853700518608,0.023227853700518608,0.060467351227998734,0.060467351227998734,5.9464
7037,0.023228952661156654,0.023228952661156654,0.06048734113574028,0.06048734113574028,5.947
7038,0.0232292078435421,0.0232292078435421,0.06046126410365105,0.06046126410365105,5.9476
7039,0.02322862111032009,0.02322862111032009,0.060513995587825775,0.060513995587825775,5.9483
7040,0.023227736353874207,0.023227736353874207,0.060453664511442184,0.060453664511442184,5.9489
7041,0.0232265442609787,0.0232265442609787,0.06053265184164047,0.06053265184164047,5.9498
7042,0.023227134719491005,0.023227134719491005,0.06053657457232475,0.06053657457232475,5.9505
7043,0.023226957768201828,0.023226957768201828,0.060580186545848846,0.060580186545848846,5.9511
7044,0.02322600781917572,0.02322600781917572,0.06059420108795166,0.06059420108795166,5.9518
7045,0.02322515845298767,0.02322515845298767,0.06060786172747612,0.06060786172747612,5.9524
7046,0.023224228993058205,0.023224228993058205,0.060563839972019196,0.060563839972019196,5.9531
7047,0.02322293445467949,0.02322293445467949,0.06055150181055069,0.06055150181055069,5.9537
7048,0.0232219360768795,0.0232219360768795,0.060504473745822906,0.060504473745822906,5.9562
7049,0.023221570998430252,0.023221570998430252,0.06049473211169243,0.06049473211169243,5.9569
7050,0.023221557959914207,0.023221557959914207,0.060513902455568314,0.060513902455568314,5.9575
7051,0.023221544921398163,0.023221544921398163,0.06049511581659317,0.06049511581659317,5.9581
7052,0.023221153765916824,0.023221153765916824,0.06056242063641548,0.06056242063641548,5.9587
7053,0.02322191558778286,0.02322191558778286,0.06050864979624748,0.06050864979624748,5.9594
7054,0.02321946620941162,0.02321946620941162,0.060576051473617554,0.060576051473617554,5.96
7055,0.023221392184495926,0.023221392184495926,0.060606539249420166,0.060606539249420166,5.9606
7056,0.023222465068101883,0.023222465068101883,0.06061425060033798,0.06061425060033798,5.9613
7057,0.023221997544169426,0.023221997544169426,0.060684822499752045,0.060684822499752045,5.9619
7058,0.023220915347337723,0.023220915347337723,0.06064514070749283,0.06064514070749283,5.9625
7059,0.02321944199502468,0.02321944199502468,0.06064795330166817,0.06064795330166817,5.9631
7060,0.023217851296067238,0.023217851296067238,0.06058971956372261,0.06058971956372261,5.9638
7061,0.023216858506202698,0.023216858506202698,0.06055351346731186,0.06055351346731186,5.9644
7062,0.023216400295495987,0.023216400295495987,0.06054479628801346,0.06054479628801346,5.9651
7063,0.023216087371110916,0.023216087371110916,0.06054273992776871,0.06054273992776871,5.9658
7064,0.023215999826788902,0.023215999826788902,0.060572754591703415,0.060572754591703415,5.9664
7065,0.02321813628077507,0.02321813628077507,0.06059062480926514,0.06059062480926514,5.9671
7066,0.023215383291244507,0.023215383291244507,0.06059034541249275,0.06059034541249275,5.9677
7067,0.023216452449560165,0.023216452449560165,0.06070208549499512,0.06070208549499512,5.9684
7068,0.023217689245939255,0.023217689245939255,0.06060636043548584,0.06060636043548584,5.9691
7069,0.023218784481287003,0.023218784481287003,0.060777436941862106,0.060777436941862106,5.9698
7070,0.02321961522102356,0.02321961522102356,0.060611724853515625,0.060611724853515625,5.9705
7071,0.023219609633088112,0.023219609633088112,0.060772012919187546,0.060772012919187546,5.9711
7072,0.023218581452965736,0.023218581452965736,0.06056459993124008,0.06056459993124008,5.9718
7073,0.023217756301164627,0.023217756301164627,0.06072671338915825,0.06072671338915825,5.9724
7074,0.023218287155032158,0.023218287155032158,0.060533393174409866,0.060533393174409866,5.9731
7075,0.023219849914312363,0.023219849914312363,0.06072195619344711,0.06072195619344711,5.9738
7076,0.023221757262945175,0.023221757262945175,0.06054757907986641,0.06054757907986641,5.9745
7077,0.023224536329507828,0.023224536329507828,0.060746967792510986,0.060746967792510986,5.9751
7078,0.02322736755013466,0.02322736755013466,0.06055691838264465,0.06055691838264465,5.9758
7079,0.0232328362762928,0.0232328362762928,0.06087219715118408,0.06087219715118408,5.9764
7080,0.023239489644765854,0.023239489644765854,0.06057159975171089,0.06057159975171089,5.9771
7081,0.02324714884161949,0.02324714884161949,0.06098056957125664,0.06098056957125664,5.9777
7082,0.023254429921507835,0.023254429921507835,0.06055502966046333,0.06055502966046333,5.9784
7083,0.023260828107595444,0.023260828107595444,0.06100662797689438,0.06100662797689438,5.979
7084,0.0232645645737648,0.0232645645737648,0.060499388724565506,0.060499388724565506,5.9797
7085,0.02326606586575508,0.02326606586575508,0.060984183102846146,0.060984183102846146,5.9803
7086,0.02326377108693123,0.02326377108693123,0.060493625700473785,0.060493625700473785,5.981
7087,0.023257603868842125,0.023257603868842125,0.06094370037317276,0.06094370037317276,5.9816
7088,0.023246776312589645,0.023246776312589645,0.06054196506738663,0.06054196506738663,5.9828
7089,0.02323368564248085,0.02323368564248085,0.06085514277219772,0.06085514277219772,5.9834
7090,0.023221855983138084,0.023221855983138084,0.060610342770814896,0.060610342770814896,5.9841
7091,0.023210784420371056,0.023210784420371056,0.060739122331142426,0.060739122331142426,5.9847
7092,0.0232083722949028,0.0232083722949028,0.06078791618347168,0.06078791618347168,5.9853
7093,0.023210065439343452,0.023210065439343452,0.06069811433553696,0.06069811433553696,5.986
7094,0.023214075714349747,0.023214075714349747,0.06092489883303642,0.06092489883303642,5.9866
7095,0.023219168186187744,0.023219168186187744,0.06069120019674301,0.06069120019674301,5.9872
7096,0.023223362863063812,0.023223362863063812,0.060921620577573776,0.060921620577573776,5.9879
7097,0.0232249666005373,0.0232249666005373,0.06063741445541382,0.06063741445541382,5.9887
7098,0.02322400175035,0.02322400175035,0.06083471700549126,0.06083471700549126,5.9893
7099,0.023220499977469444,0.023220499977469444,0.06060866266489029,0.06060866266489029,5.99
7100,0.023215269669890404,0.023215269669890404,0.060787927359342575,0.060787927359342575,5.9906
7101,0.023209553211927414,0.023209553211927414,0.06065424531698227,0.06065424531698227,5.9912
7102,0.023207345977425575,0.023207345977425575,0.06077686697244644,0.06077686697244644,5.9918
7103,0.023202139884233475,0.023202139884233475,0.06071304529905319,0.06071304529905319,5.9925
7104,0.023202866315841675,0.023202866315841675,0.060837872326374054,0.060837872326374054,5.9931
7105,0.023204810917377472,0.023204810917377472,0.060788385570049286,0.060788385570049286,5.9937
7106,0.023206543177366257,0.023206543177366257,0.06085418537259102,0.06085418537259102,5.9944
7107,0.023207243531942368,0.023207243531942368,0.06085020303726196,0.06085020303726196,5.9952
7108,0.023206397891044617,0.023206397891044617,0.060786664485931396,0.060786664485931396,5.9959
7109,0.023204438388347626,0.023204438388347626,0.06084998697042465,0.06084998697042465,5.9965
7110,0.023202763870358467,0.023202763870358467,0.06070054695010185,0.06070054695010185,5.9971
7111,0.02320213057100773,0.02320213057100773,0.06084386259317398,0.06084386259317398,5.9978
7112,0.02320173941552639,0.02320173941552639,0.06068529933691025,0.06068529933691025,5.9984
7113,0.023200733587145805,0.023200733587145805,0.06084941700100899,0.06084941700100899,5.9991
7114,0.02320055663585663,0.02320055663585663,0.0607241615653038,0.0607241615653038,5.9997
7115,0.0231968704611063,0.0231968704611063,0.060823000967502594,0.060823000967502594,6.0004
7116,0.023197323083877563,0.023197323083877563,0.060867756605148315,0.060867756605148315,6.001
7117,0.023199304938316345,0.023199304938316345,0.06080356985330582,0.06080356985330582,6.0017
7118,0.02320142462849617,0.02320142462849617,0.06097033619880676,0.06097033619880676,6.0024
7119,0.02320241928100586,0.02320241928100586,0.06077922508120537,0.06077922508120537,6.003
7120,0.023201782256364822,0.023201782256364822,0.06095552444458008,0.06095552444458008,6.0037
7121,0.023199880495667458,0.023199880495667458,0.060742028057575226,0.060742028057575226,6.0043
7122,0.023197948932647705,0.023197948932647705,0.06088998168706894,0.06088998168706894,6.005
7123,0.023196903988718987,0.023196903988718987,0.06076108664274216,0.06076108664274216,6.0057
7124,0.02319640852510929,0.02319640852510929,0.060852598398923874,0.060852598398923874,6.0063
7125,0.023195896297693253,0.023195896297693253,0.06081300973892212,0.06081300973892212,6.007
7126,0.02319587580859661,0.02319587580859661,0.06082972139120102,0.06082972139120102,6.0076
7127,0.023193789646029472,0.023193789646029472,0.06083695963025093,0.06083695963025093,6.0082
7128,0.02319381944835186,0.02319381944835186,0.060913167893886566,0.060913167893886566,6.0089
7129,0.023194370791316032,0.023194370791316032,0.060866761952638626,0.060866761952638626,6.0095
7130,0.023194927722215652,0.023194927722215652,0.0609758086502552,0.0609758086502552,6.0102
7131,0.023194892331957817,0.023194892331957817,0.06087195873260498,0.06087195873260498,6.0108
7132,0.02319398522377014,0.02319398522377014,0.0609406940639019,0.0609406940639019,6.0114
7133,0.023192282766103745,0.023192282766103745,0.06083688884973526,0.06083688884973526,6.012
7134,0.023190733045339584,0.023190733045339584,0.06087461858987808,0.06087461858987808,6.0127
7135,0.023190002888441086,0.023190002888441086,0.06084374338388443,0.06084374338388443,6.0133
7136,0.023189762607216835,0.023189762607216835,0.06085200235247612,0.06085200235247612,6.0139
7137,0.02318963035941124,0.02318963035941124,0.06088542938232422,0.06088542938232422,6.0145
7138,0.023190395906567574,0.023190395906567574,0.060845352709293365,0.060845352709293365,6.0152
7139,0.023188652470707893,0.023188652470707893,0.06090588495135307,0.06090588495135307,6.0158
7140,0.02318914793431759,0.02318914793431759,0.060936879366636276,0.060936879366636276,6.0166
7141,0.02318986877799034,0.02318986877799034,0.0609339103102684,0.0609339103102684,6.0172
7142,0.023190364241600037,0.023190364241600037,0.061003994196653366,0.061003994196653366,6.0178
7143,0.023190317675471306,0.023190317675471306,0.06093353033065796,0.06093353033065796,6.0185
7144,0.023189539089798927,0.023189539089798927,0.060979582369327545,0.060979582369327545,6.0191
7145,0.02318803407251835,0.02318803407251835,0.06088479608297348,0.06088479608297348,6.0197
7146,0.0231867004185915,0.0231867004185915,0.0609278678894043,0.0609278678894043,6.0203
7147,0.023186147212982178,0.023186147212982178,0.06086987257003784,0.06086987257003784,6.021
7148,0.023185970261693,0.023185970261693,0.06091869994997978,0.06091869994997978,6.0216
7149,0.023185810074210167,0.023185810074210167,0.06089429929852486,0.06089429929852486,6.0222
7150,0.023187190294265747,0.023187190294265747,0.06092642620205879,0.06092642620205879,6.0228
7151,0.02318533882498741,0.02318533882498741,0.060910314321517944,0.060910314321517944,6.0235
7152,0.023186448961496353,0.023186448961496353,0.06102730706334114,0.06102730706334114,6.0241
7153,0.023187778890132904,0.023187778890132904,0.0609370693564415,0.0609370693564415,6.0247
7154,0.02318883314728737,0.02318883314728737,0.06109660863876343,0.06109660863876343,6.0254
7155,0.023189397528767586,0.023189397528767586,0.06093244627118111,0.06093244627118111,6.026
7156,0.023189309984445572,0.023189309984445572,0.06107645109295845,0.06107645109295845,6.0267
7157,0.02318856678903103,0.02318856678903103,0.06087976694107056,0.06087976694107056,6.0273
7158,0.023188147693872452,0.023188147693872452,0.061034299433231354,0.061034299433231354,6.028
7159,0.02318871021270752,0.02318871021270752,0.060858774930238724,0.060858774930238724,6.0286
7160,0.023189907893538475,0.023189907893538475,0.061037421226501465,0.061037421226501465,6.0292
7161,0.023191437125205994,0.023191437125205994,0.06087461858987808,0.06087461858987808,6.0298
7162,0.02319580316543579,0.02319580316543579,0.06106217950582504,0.06106217950582504,6.0305
7163,0.0231965072453022,0.0231965072453022,0.06088370084762573,0.06088370084762573,6.0311
7164,0.02320166304707527,0.02320166304707527,0.06118537113070488,0.06118537113070488,6.0317
7165,0.023207493126392365,0.023207493126392365,0.06090329959988594,0.06090329959988594,6.0323
7166,0.02321375161409378,0.02321375161409378,0.061282239854335785,0.061282239854335785,6.033
7167,0.02321965992450714,0.02321965992450714,0.060892581939697266,0.060892581939697266,6.0336
7168,0.023224901407957077,0.023224901407957077,0.06128854304552078,0.06128854304552078,6.0342
7169,0.023227941244840622,0.023227941244840622,0.06084080785512924,0.06084080785512924,6.0349
7170,0.023229403421282768,0.023229403421282768,0.06125101447105408,0.06125101447105408,6.0355
7171,0.023228194564580917,0.023228194564580917,0.06083117052912712,0.06083117052912712,6.0361
7172,0.023224234580993652,0.023224234580993652,0.06121751666069031,0.06121751666069031,6.0367
7173,0.023216528818011284,0.023216528818011284,0.06087226793169975,0.06087226793169975,6.0374
7174,0.023209769278764725,0.023209769278764725,0.06116222217679024,0.06116222217679024,6.038
7175,0.023196328431367874,0.023196328431367874,0.06092412397265434,0.06092412397265434,6.039
7176,0.023188069462776184,0.023188069462776184,0.061176903545856476,0.061176903545856476,6.0396
7177,0.02318217232823372,0.02318217232823372,0.06100445240736008,0.06100445240736008,6.0402
7178,0.023179154843091965,0.023179154843091965,0.061158083379268646,0.061158083379268646,6.0409
7179,0.02317863143980503,0.02317863143980503,0.06107176095247269,0.06107176095247269,6.0415
7180,0.023179437965154648,0.023179437965154648,0.0610666386783123,0.0610666386783123,6.0421
7181,0.02318057045340538,0.02318057045340538,0.06109108775854111,0.06109108775854111,6.0427
7182,0.02318200282752514,0.02318200282752514,0.0609709732234478,0.0609709732234478,6.0434
7183,0.023183802142739296,0.023183802142739296,0.061118580400943756,0.061118580400943756,6.044
7184,0.023184916004538536,0.023184916004538536,0.06093854829668999,0.06093854829668999,6.0446
7185,0.023184657096862793,0.023184657096862793,0.06115201860666275,0.06115201860666275,6.0452
7186,0.02318608947098255,0.02318608947098255,0.060946881771087646,0.060946881771087646,6.0459
7187,0.023178692907094955,0.023178692907094955,0.06114516407251358,0.06114516407251358,6.0465
7188,0.02317618578672409,0.02317618578672409,0.06106581538915634,0.06106581538915634,6.0472
7189,0.02317493036389351,0.02317493036389351,0.06113259866833687,0.06113259866833687,6.0479
7190,0.023174531757831573,0.023174531757831573,0.061161838471889496,0.061161838471889496,6.0486
7191,0.02317444607615471,0.02317444607615471,0.06109689548611641,0.06109689548611641,6.0493
7192,0.02317410707473755,0.02317410707473755,0.061165452003479004,0.061165452003479004,6.05
7193,0.023173395544290543,0.023173395544290543,0.06103135272860527,0.06103135272860527,6.0507
7194,0.023172985762357712,0.023172985762357712,0.061133723706007004,0.061133723706007004,6.0513
7195,0.023173321038484573,0.023173321038484573,0.06101324036717415,0.06101324036717415,6.052
7196,0.02317376807332039,0.02317376807332039,0.0611293688416481,0.0611293688416481,6.0526
7197,0.02317405678331852,0.02317405678331852,0.061038948595523834,0.061038948595523834,6.0533
7198,0.023173529654741287,0.023173529654741287,0.06112443655729294,0.06112443655729294,6.054
7199,0.023174002766609192,0.023174002766609192,0.061165012419223785,0.061165012419223785,6.0546
7200,0.023174021393060684,0.023174021393060684,0.061135172843933105,0.061135172843933105,6.0553
7201,0.023173360154032707,0.023173360154032707,0.06122421473264694,0.06122421473264694,6.0559
7202,0.02317172847688198,0.02317172847688198,0.06112346798181534,0.06112346798181534,6.0566
7203,0.023169662803411484,0.023169662803411484,0.06116582825779915,0.06116582825779915,6.0572
7204,0.02316800318658352,0.02316800318658352,0.06109657883644104,0.06109657883644104,6.0579
7205,0.0231670793145895,0.0231670793145895,0.06111377477645874,0.06111377477645874,6.0585
7206,0.023167099803686142,0.023167099803686142,0.06113187596201897,0.06113187596201897,6.0592
7207,0.023167617619037628,0.023167617619037628,0.0611296072602272,0.0611296072602272,6.0598
7208,0.023167897015810013,0.023167897015810013,0.06116290017962456,0.06116290017962456,6.0605
7209,0.023168649524450302,0.023168649524450302,0.06113865226507187,0.06113865226507187,6.0611
7210,0.023167427629232407,0.023167427629232407,0.06113473325967789,0.06113473325967789,6.0618
7211,0.023168636485934258,0.023168636485934258,0.06124582141637802,0.06124582141637802,6.0624
7212,0.023169904947280884,0.023169904947280884,0.0611313097178936,0.0611313097178936,6.0631
7213,0.023171016946434975,0.023171016946434975,0.06133004277944565,0.06133004277944565,6.0637
7214,0.02317148819565773,0.02317148819565773,0.061118803918361664,0.061118803918361664,6.0643
7215,0.02317100204527378,0.02317100204527378,0.0612991563975811,0.0612991563975811,6.065
7216,0.02316940575838089,0.02316940575838089,0.06106971949338913,0.06106971949338913,6.0657
7217,0.023167474195361137,0.023167474195361137,0.06123071908950806,0.06123071908950806,6.0663
7218,0.02316599152982235,0.02316599152982235,0.06107710674405098,0.06107710674405098,6.0669
7219,0.023164983838796616,0.023164983838796616,0.061208970844745636,0.061208970844745636,6.0676
7220,0.0231644157320261,0.0231644157320261,0.061127692461013794,0.061127692461013794,6.0682
7221,0.023167703300714493,0.023167703300714493,0.06119823455810547,0.06119823455810547,6.0688
7222,0.023163985460996628,0.023163985460996628,0.061158835887908936,0.061158835887908936,6.0694
7223,0.023164743557572365,0.023164743557572365,0.06127915531396866,0.06127915531396866,6.0701
7224,0.023165343329310417,0.023165343329310417,0.061196066439151764,0.061196066439151764,6.0707
7225,0.02316562458872795,0.02316562458872795,0.0613364577293396,0.0613364577293396,6.0713
7226,0.023165643215179443,0.023165643215179443,0.06119919940829277,0.06119919940829277,6.0719
7227,0.023165157064795494,0.023165157064795494,0.06130896881222725,0.06130896881222725,6.0726
7228,0.02316383644938469,0.02316383644938469,0.06114803999662399,0.06114803999662399,6.0732
7229,0.023162484169006348,0.023162484169006348,0.0612579807639122,0.0612579807639122,6.0738
7230,0.02316189371049404,0.02316189371049404,0.06112479045987129,0.06112479045987129,6.0744
7231,0.023161713033914566,0.023161713033914566,0.06124880909919739,0.06124880909919739,6.075
7232,0.023163193836808205,0.023163193836808205,0.06114097684621811,0.06114097684621811,6.0757
7233,0.023161130025982857,0.023161130025982857,0.06125304102897644,0.06125304102897644,6.0763
7234,0.023161927238106728,0.023161927238106728,0.061263520270586014,0.061263520270586014,6.0769
7235,0.023163173347711563,0.023163173347711563,0.06127062439918518,0.06127062439918518,6.0775
7236,0.02316421829164028,0.02316421829164028,0.061333395540714264,0.061333395540714264,6.0782
7237,0.023163899779319763,0.023163899779319763,0.061254821717739105,0.061254821717739105,6.0788
7238,0.023162290453910828,0.023162290453910828,0.061277855187654495,0.061277855187654495,6.0794
7239,0.02316008135676384,0.02316008135676384,0.06122247129678726,0.06122247129678726,6.08
7240,0.02315802499651909,0.02315802499651909,0.061211179941892624,0.061211179941892624,6.0807
7241,0.023156996816396713,0.023156996816396713,0.061264753341674805,0.061264753341674805,6.0813
7242,0.023156875744462013,0.023156875744462013,0.061190009117126465,0.061190009117126465,6.082
7243,0.023157063871622086,0.023157063871622086,0.061312485486269,0.061312485486269,6.0827
7244,0.023159736767411232,0.023159736767411232,0.061150841414928436,0.061150841414928436,6.0833
7245,0.023156534880399704,0.023156534880399704,0.061309732496738434,0.061309732496738434,6.084
7246,0.02315704897046089,0.02315704897046089,0.06122126430273056,0.06122126430273056,6.0847
7247,0.023157654330134392,0.023157654330134392,0.061336539685726166,0.061336539685726166,6.0854
7248,0.023158039897680283,0.023158039897680283,0.0612943097949028,0.0612943097949028,6.086
7249,0.02315804548561573,0.02315804548561573,0.06133977323770523,0.06133977323770523,6.0867
7250,0.023157725110650063,0.023157725110650063,0.061260223388671875,0.061260223388671875,6.0873
7251,0.02315731905400753,0.02315731905400753,0.06128600984811783,0.06128600984811783,6.088
7252,0.023157354444265366,0.023157354444265366,0.06119474768638611,0.06119474768638611,6.0886
7253,0.023158010095357895,0.023158010095357895,0.06128387525677681,0.06128387525677681,6.0893
7254,0.02315891720354557,0.02315891720354557,0.06117633730173111,0.06117633730173111,6.0899
7255,0.023161839693784714,0.023161839693784714,0.06133139133453369,0.06133139133453369,6.0906
7256,0.023164385929703712,0.023164385929703712,0.06115150451660156,0.06115150451660156,6.0912
7257,0.023171113803982735,0.023171113803982735,0.06148884817957878,0.06148884817957878,6.0918
7258,0.023179829120635986,0.023179829120635986,0.06113051250576973,0.06113051250576973,6.0925
7259,0.02319054864346981,0.02319054864346981,0.061620939522981644,0.061620939522981644,6.0931
7260,0.023201553151011467,0.023201553151011467,0.06108217313885689,0.06108217313885689,6.0938
7261,0.02321271039545536,0.02321271039545536,0.06165371090173721,0.06165371090173721,6.0944
7262,0.023222025483846664,0.023222025483846664,0.06102854013442993,0.06102854013442993,6.0951
7263,0.023229507729411125,0.023229507729411125,0.06164057180285454,0.06164057180285454,6.0957
7264,0.023232262581586838,0.023232262581586838,0.06107107549905777,0.06107107549905777,6.0964
7265,0.023229796439409256,0.023229796439409256,0.061591051518917084,0.061591051518917084,6.097
7266,0.0232186671346426,0.0232186671346426,0.06115134805440903,0.06115134805440903,6.0977
7267,0.02320447936654091,0.02320447936654091,0.061450086534023285,0.061450086534023285,6.0984
7268,0.02317943051457405,0.02317943051457405,0.06120216101408005,0.06120216101408005,6.0991
7269,0.023160967975854874,0.023160967975854874,0.06139082834124565,0.06139082834124565,6.0998
7270,0.023150116205215454,0.023150116205215454,0.06129061058163643,0.06129061058163643,6.1004
7271,0.02314884588122368,0.02314884588122368,0.06136148422956467,0.06136148422956467,6.1011
7272,0.023154735565185547,0.023154735565185547,0.06137651205062866,0.06137651205062866,6.1017
7273,0.02316305600106716,0.02316305600106716,0.06127535179257393,0.06127535179257393,6.1024
7274,0.02316891774535179,0.02316891774535179,0.06139632314443588,0.06139632314443588,6.1031
7275,0.023169659078121185,0.023169659078121185,0.06118036434054375,0.06118036434054375,6.1038
7276,0.023166002705693245,0.023166002705693245,0.06140375882387161,0.06140375882387161,6.1044
7277,0.023159492760896683,0.023159492760896683,0.06115312501788139,0.06115312501788139,6.1051
7278,0.023155037313699722,0.023155037313699722,0.06139116361737251,0.06139116361737251,6.1058
7279,0.023150095716118813,0.023150095716118813,0.06117675453424454,0.06117675453424454,6.1064
7280,0.02314974181354046,0.02314974181354046,0.06143717095255852,0.06143717095255852,6.1071
7281,0.023149792104959488,0.023149792104959488,0.06126812845468521,0.06126812845468521,6.1077
7282,0.02314971573650837,0.02314971573650837,0.061400461941957474,0.061400461941957474,6.1084
7283,0.02314913645386696,0.02314913645386696,0.061357397586107254,0.061357397586107254,6.1091
7284,0.023148637264966965,0.023148637264966965,0.06125756353139877,0.06125756353139877,6.1097
7285,0.02314871922135353,0.02314871922135353,0.0613958016037941,0.0613958016037941,6.1104
7286,0.023148730397224426,0.023148730397224426,0.061162400990724564,0.061162400990724564,6.1111
7287,0.023148084059357643,0.023148084059357643,0.061427921056747437,0.061427921056747437,6.1117
7288,0.023146241903305054,0.023146241903305054,0.06119317561388016,0.06119317561388016,6.1124
7289,0.023143446072936058,0.023143446072936058,0.06139413267374039,0.06139413267374039,6.113
7290,0.023142727091908455,0.023142727091908455,0.061256326735019684,0.061256326735019684,6.1137
7291,0.02314199134707451,0.02314199134707451,0.06139577552676201,0.06139577552676201,6.1143
7292,0.02314099110662937,0.02314099110662937,0.0613485686480999,0.0613485686480999,6.115
7293,0.02314102277159691,0.02314102277159691,0.06136313080787659,0.06136313080787659,6.1156
7294,0.02314160019159317,0.02314160019159317,0.061407364904880524,0.061407364904880524,6.1162
7295,0.02314172126352787,0.02314172126352787,0.061274874955415726,0.061274874955415726,6.1169
7296,0.02314121089875698,0.02314121089875698,0.061377424746751785,0.061377424746751785,6.1175
7297,0.023140087723731995,0.023140087723731995,0.061228107661008835,0.061228107661008835,6.1181
7298,0.02313889004290104,0.02313889004290104,0.0613618902862072,0.0613618902862072,6.1187
7299,0.02313806116580963,0.02313806116580963,0.061285197734832764,0.061285197734832764,6.1194
7300,0.02313736453652382,0.02313736453652382,0.06134909391403198,0.06134909391403198,6.12
7301,0.023139316588640213,0.023139316588640213,0.0613287091255188,0.0613287091255188,6.1206
7302,0.023137841373682022,0.023137841373682022,0.061289411038160324,0.061289411038160324,6.1212
7303,0.02314024791121483,0.02314024791121483,0.06143619492650032,0.06143619492650032,6.1219
7304,0.02314165234565735,0.02314165234565735,0.061289023607969284,0.061289023607969284,6.1225
7305,0.02314172498881817,0.02314172498881817,0.06149592995643616,0.06149592995643616,6.1231
7306,0.023140497505664825,0.023140497505664825,0.06131601333618164,0.06131601333618164,6.1238
7307,0.023138634860515594,0.023138634860515594,0.061425913125276566,0.061425913125276566,6.1246
7308,0.023136908188462257,0.023136908188462257,0.06130243092775345,0.06130243092775345,6.1254
7309,0.023135924711823463,0.023135924711823463,0.0613226518034935,0.0613226518034935,6.1261
7310,0.023135889321565628,0.023135889321565628,0.06131885200738907,0.06131885200738907,6.1268
7311,0.02313588187098503,0.02313588187098503,0.061295390129089355,0.061295390129089355,6.1274
7312,0.02313811145722866,0.02313811145722866,0.06134762614965439,0.06134762614965439,6.1281
7313,0.02313557267189026,0.02313557267189026,0.06129642203450203,0.06129642203450203,6.1287
7314,0.023136040195822716,0.023136040195822716,0.061444241553545,0.061444241553545,6.1294
7315,0.02313598059117794,0.02313598059117794,0.06132985278964043,0.06132985278964043,6.13
7316,0.023135922849178314,0.023135922849178314,0.06147652864456177,0.06147652864456177,6.1307
7317,0.023135531693696976,0.023135531693696976,0.061346910893917084,0.061346910893917084,6.1313
7318,0.023134887218475342,0.023134887218475342,0.06140408664941788,0.06140408664941788,6.132
7319,0.023134369403123856,0.023134369403123856,0.06132698059082031,0.06132698059082031,6.1327
7320,0.02313382551074028,0.02313382551074028,0.061343830078840256,0.061343830078840256,6.1333
7321,0.02313336357474327,0.02313336357474327,0.06134827062487602,0.06134827062487602,6.134
7322,0.023132849484682083,0.023132849484682083,0.06135610491037369,0.06135610491037369,6.1346
7323,0.023133134469389915,0.023133134469389915,0.061357032507658005,0.061357032507658005,6.1352
7324,0.023131728172302246,0.023131728172302246,0.06135449558496475,0.06135449558496475,6.1358
7325,0.02313191071152687,0.02313191071152687,0.06142597272992134,0.06142597272992134,6.1365
7326,0.02313147857785225,0.02313147857785225,0.06137419492006302,0.06137419492006302,6.1371
7327,0.02313135750591755,0.02313135750591755,0.06146320700645447,0.06146320700645447,6.1377
7328,0.02313123270869255,0.02313123270869255,0.06138331815600395,0.06138331815600395,6.1384
7329,0.023130694404244423,0.023130694404244423,0.06141006946563721,0.06141006946563721,6.1391
7330,0.023130124434828758,0.023130124434828758,0.0613393671810627,0.0613393671810627,6.1397
7331,0.023129655048251152,0.023129655048251152,0.061358410865068436,0.061358410865068436,6.1403
7332,0.02312944270670414,0.02312944270670414,0.061344683170318604,0.061344683170318604,6.1409
7333,0.023129399865865707,0.023129399865865707,0.06138702109456062,0.06138702109456062,6.1416
7334,0.02312905713915825,0.02312905713915825,0.06136281415820122,0.06136281415820122,6.1422
7335,0.02313266322016716,0.02313266322016716,0.061402250081300735,0.061402250081300735,6.1428
7336,0.023128874599933624,0.023128874599933624,0.06132343411445618,0.06132343411445618,6.1434
7337,0.023131024092435837,0.023131024092435837,0.061498068273067474,0.061498068273067474,6.1441
7338,0.023132961243391037,0.023132961243391037,0.061325110495090485,0.061325110495090485,6.1447
7339,0.023134011775255203,0.023134011775255203,0.06157581880688667,0.06157581880688667,6.1453
7340,0.02313373237848282,0.02313373237848282,0.061335064470767975,0.061335064470767975,6.146
7341,0.023132335394620895,0.023132335394620895,0.06153116375207901,0.06153116375207901,6.1466
7342,0.023130327463150024,0.023130327463150024,0.0612994059920311,0.0612994059920311,6.1472
7343,0.023128636181354523,0.023128636181354523,0.061440713703632355,0.061440713703632355,6.1479
7344,0.023127829656004906,0.023127829656004906,0.06130727380514145,0.06130727380514145,6.1485
7345,0.023127540946006775,0.023127540946006775,0.06140788272023201,0.06140788272023201,6.1492
7346,0.0231320820748806,0.0231320820748806,0.061348892748355865,0.061348892748355865,6.1498
7347,0.023128187283873558,0.023128187283873558,0.06139424443244934,0.06139424443244934,6.1504
7348,0.02312966249883175,0.02312966249883175,0.061467815190553665,0.061467815190553665,6.151
7349,0.023130318149924278,0.023130318149924278,0.06141059473156929,0.06141059473156929,6.1517
7350,0.023129915818572044,0.023129915818572044,0.061517905443906784,0.061517905443906784,6.1523
7351,0.02312798984348774,0.02312798984348774,0.06141204759478569,0.06141204759478569,6.1529
7352,0.023125195875763893,0.023125195875763893,0.061443477869033813,0.061443477869033813,6.1535
7353,0.023122739046812057,0.023122739046812057,0.061393510550260544,0.061393510550260544,6.1541
7354,0.023121241480112076,0.023121241480112076,0.06136719509959221,0.06136719509959221,6.1548
7355,0.023121139034628868,0.023121139034628868,0.06143593788146973,0.06143593788146973,6.1554
7356,0.023121830075979233,0.023121830075979233,0.06135626882314682,0.06135626882314682,6.156
7357,0.023126104846596718,0.023126104846596718,0.06146995350718498,0.06146995350718498,6.1566
7358,0.02312450483441353,0.02312450483441353,0.061340123414993286,0.061340123414993286,6.1573
7359,0.023126382380723953,0.023126382380723953,0.061552952975034714,0.061552952975034714,6.1579
7360,0.023126406595110893,0.023126406595110893,0.06136457994580269,0.06136457994580269,6.1586
7361,0.023125475272536278,0.023125475272536278,0.061581991612911224,0.061581991612911224,6.1592
7362,0.02312377095222473,0.02312377095222473,0.06138813495635986,0.06138813495635986,6.1598
7363,0.023121774196624756,0.023121774196624756,0.06149734929203987,0.06149734929203987,6.1604
7364,0.023120496422052383,0.023120496422052383,0.06136995553970337,0.06136995553970337,6.1611
7365,0.023120209574699402,0.023120209574699402,0.061417777091264725,0.061417777091264725,6.1617
7366,0.023120950907468796,0.023120950907468796,0.06140429899096489,0.06140429899096489,6.1623
7367,0.02312212996184826,0.02312212996184826,0.06143222004175186,0.06143222004175186,6.1629
7368,0.023125484585762024,0.023125484585762024,0.06143302842974663,0.06143302842974663,6.1635
7369,0.0231249388307333,0.0231249388307333,0.06144637614488602,0.06144637614488602,6.1642
7370,0.023126641288399696,0.023126641288399696,0.06149366497993469,0.06149366497993469,6.1648
7371,0.02312696911394596,0.02312696911394596,0.061484288424253464,0.061484288424253464,6.1655
7372,0.023126767948269844,0.023126767948269844,0.06149240583181381,0.06149240583181381,6.1661
7373,0.023126278072595596,0.023126278072595596,0.06152765825390816,0.06152765825390816,6.1667
7374,0.023125890642404556,0.023125890642404556,0.06138939782977104,0.06138939782977104,6.1674
7375,0.02312672697007656,0.02312672697007656,0.06154508516192436,0.06154508516192436,6.168
7376,0.023129146546125412,0.023129146546125412,0.061288248747587204,0.061288248747587204,6.1686
7377,0.023133452981710434,0.023133452981710434,0.06162059307098389,0.06162059307098389,6.1692
7378,0.023138994351029396,0.023138994351029396,0.06126661226153374,0.06126661226153374,6.1698
7379,0.02314838394522667,0.02314838394522667,0.06170237064361572,0.06170237064361572,6.1705
7380,0.02315635420382023,0.02315635420382023,0.06124701350927353,0.06124701350927353,6.1712
7381,0.02316850796341896,0.02316850796341896,0.061835844069719315,0.061835844069719315,6.1719
7382,0.023178789764642715,0.023178789764642715,0.06126483529806137,0.06126483529806137,6.1725
7383,0.023187803104519844,0.023187803104519844,0.06189478561282158,0.06189478561282158,6.1731
7384,0.023192614316940308,0.023192614316940308,0.0613006129860878,0.0613006129860878,6.1738
7385,0.023192957043647766,0.023192957043647766,0.061801183968782425,0.061801183968782425,6.1744
7386,0.023186206817626953,0.023186206817626953,0.061319947242736816,0.061319947242736816,6.1751
7387,0.023173129186034203,0.023173129186034203,0.06164471060037613,0.06164471060037613,6.1757
7388,0.02315421774983406,0.02315421774983406,0.06138703227043152,0.06138703227043152,6.1764
7389,0.023134354501962662,0.023134354501962662,0.06153634935617447,0.06153634935617447,6.177
7390,0.023120546713471413,0.023120546713471413,0.06144920736551285,0.06144920736551285,6.1776
7391,0.02311202511191368,0.02311202511191368,0.0614464096724987,0.0614464096724987,6.1783
7392,0.02311524748802185,0.02311524748802185,0.061580829322338104,0.061580829322338104,6.1789
7393,0.023124177008867264,0.023124177008867264,0.06142044812440872,0.06142044812440872,6.1796
7394,0.023134667426347733,0.023134667426347733,0.061675213277339935,0.061675213277339935,6.1802
7395,0.02314141020178795,0.02314141020178795,0.06141451746225357,0.06141451746225357,6.1809
7396,0.023141298443078995,0.023141298443078995,0.06164781004190445,0.06164781004190445,6.1815
7397,0.02313448116183281,0.02313448116183281,0.061367977410554886,0.061367977410554886,6.1823
7398,0.02312437817454338,0.02312437817454338,0.06156235933303833,0.06156235933303833,6.183
7399,0.023115012794733047,0.023115012794733047,0.061387013643980026,0.061387013643980026,6.1836
7400,0.023109542205929756,0.023109542205929756,0.06151899695396423,0.06151899695396423,6.1842
7401,0.023109937086701393,0.023109937086701393,0.061463963240385056,0.061463963240385056,6.1849
7402,0.023111071437597275,0.023111071437597275,0.06145785376429558,0.06145785376429558,6.1855
7403,0.023116787895560265,0.023116787895560265,0.06162167713046074,0.06162167713046074,6.1873
7404,0.023121720179915428,0.023121720179915428,0.06141667440533638,0.06141667440533638,6.1879
7405,0.023124396800994873,0.023124396800994873,0.061704445630311966,0.061704445630311966,6.1886
7406,0.023123567923903465,0.023123567923903465,0.0614040270447731,0.0614040270447731,6.1892
7407,0.02311939001083374,0.02311939001083374,0.06163697689771652,0.06163697689771652,6.1899
7408,0.023113612085580826,0.023113612085580826,0.061395008116960526,0.061395008116960526,6.1908
7409,0.02310847118496895,0.02310847118496895,0.06151754781603813,0.06151754781603813,6.1914
7410,0.023105546832084656,0.023105546832084656,0.061466384679079056,0.061466384679079056,6.192
7411,0.023105304688215256,0.023105304688215256,0.061466921120882034,0.061466921120882034,6.1927
7412,0.023108744993805885,0.023108744993805885,0.06155874580144882,0.06155874580144882,6.1934
7413,0.023110361769795418,0.023110361769795418,0.061427973210811615,0.061427973210811615,6.195
7414,0.023114226758480072,0.023114226758480072,0.061679303646087646,0.061679303646087646,6.1956
7415,0.023115625604987144,0.023115625604987144,0.06142713874578476,0.06142713874578476,6.1962
7416,0.023114820942282677,0.023114820942282677,0.061696551740169525,0.061696551740169525,6.1969
7417,0.02311229333281517,0.02311229333281517,0.061459414660930634,0.061459414660930634,6.1975
7418,0.023108799010515213,0.023108799010515213,0.06158711761236191,0.06158711761236191,6.1981
7419,0.023105716332793236,0.023105716332793236,0.06147761270403862,0.06147761270403862,6.1987
7420,0.023103857412934303,0.023103857412934303,0.06147148460149765,0.06147148460149765,6.1994
7421,0.02310320734977722,0.02310320734977722,0.06153528764843941,0.06153528764843941,6.2
7422,0.023103410378098488,0.023103410378098488,0.06145622208714485,0.06145622208714485,6.2006
7423,0.023106267675757408,0.023106267675757408,0.061582695692777634,0.061582695692777634,6.2013
7424,0.023105600848793983,0.023105600848793983,0.06145913526415825,0.06145913526415825,6.2019
7425,0.02310740202665329,0.02310740202665329,0.061658501625061035,0.061658501625061035,6.2025
7426,0.023107774555683136,0.023107774555683136,0.0614827498793602,0.0614827498793602,6.2031
7427,0.023107346147298813,0.023107346147298813,0.06166147068142891,0.06166147068142891,6.2038
7428,0.023106271401047707,0.023106271401047707,0.06151256710290909,0.06151256710290909,6.2044
7429,0.023104408755898476,0.023104408755898476,0.061574786901474,0.061574786901474,6.205
7430,0.02310234308242798,0.02310234308242798,0.06150602549314499,0.06150602549314499,6.2056
7431,0.023100677877664566,0.023100677877664566,0.0614941231906414,0.0614941231906414,6.2062
7432,0.02309967204928398,0.02309967204928398,0.0615333691239357,0.0615333691239357,6.2069
7433,0.023099342361092567,0.023099342361092567,0.061499275267124176,0.061499275267124176,6.2075
7434,0.023102175444364548,0.023102175444364548,0.061565231531858444,0.061565231531858444,6.2081
7435,0.0231003575026989,0.0231003575026989,0.06150137260556221,0.06150137260556221,6.2088
7436,0.023102011531591415,0.023102011531591415,0.06164759397506714,0.06164759397506714,6.2094
7437,0.023102864623069763,0.023102864623069763,0.06151016801595688,0.06151016801595688,6.21
7438,0.02310323156416416,0.02310323156416416,0.06167410686612129,0.06167410686612129,6.2106
7439,0.023102877661585808,0.023102877661585808,0.0615215077996254,0.0615215077996254,6.2113
7440,0.023101534694433212,0.023101534694433212,0.06160861253738403,0.06160861253738403,6.2119
7441,0.023099783807992935,0.023099783807992935,0.0615030899643898,0.0615030899643898,6.2125
7442,0.023098241537809372,0.023098241537809372,0.061536382883787155,0.061536382883787155,6.2132
7443,0.023097192868590355,0.023097192868590355,0.061529744416475296,0.061529744416475296,6.2138
7444,0.02309657260775566,0.02309657260775566,0.0615367516875267,0.0615367516875267,6.2144
7445,0.023099444806575775,0.023099444806575775,0.06156698986887932,0.06156698986887932,6.215
7446,0.023096604272723198,0.023096604272723198,0.06152909994125366,0.06152909994125366,6.2157
7447,0.023097971454262733,0.023097971454262733,0.06165572255849838,0.06165572255849838,6.2163
7448,0.023098714649677277,0.023098714649677277,0.06153164431452751,0.06153164431452751,6.2169
7449,0.023099180310964584,0.023099180310964584,0.06168883293867111,0.06168883293867111,6.2175
7450,0.023099128156900406,0.023099128156900406,0.06153850629925728,0.06153850629925728,6.2182
7451,0.023098276928067207,0.023098276928067207,0.061628926545381546,0.061628926545381546,6.2188
7452,0.023097194731235504,0.023097194731235504,0.061516523361206055,0.061516523361206055,6.2202
7453,0.023096296936273575,0.023096296936273575,0.06156277656555176,0.06156277656555176,6.2209
7454,0.023095717653632164,0.023095717653632164,0.061539530754089355,0.061539530754089355,6.2218
7455,0.02309529483318329,0.02309529483318329,0.06156812980771065,0.06156812980771065,6.2234
7456,0.023098699748516083,0.023098699748516083,0.06157069280743599,0.06157069280743599,6.2241
7457,0.023094702512025833,0.023094702512025833,0.06156415864825249,0.06156415864825249,6.2248
7458,0.023095320910215378,0.023095320910215378,0.061652373522520065,0.061652373522520065,6.2254
7459,0.023095279932022095,0.023095279932022095,0.06156999617815018,0.06156999617815018,6.226
7460,0.023095017299056053,0.023095017299056053,0.06168259307742119,0.06168259307742119,6.2267
7461,0.023094449192285538,0.023094449192285538,0.06157635524868965,0.06157635524868965,6.2273
7462,0.023093372583389282,0.023093372583389282,0.06162325292825699,0.06162325292825699,6.2285
7463,0.023092426359653473,0.023092426359653473,0.061549872159957886,0.061549872159957886,6.2292
7464,0.023091962561011314,0.023091962561011314,0.06156332418322563,0.06156332418322563,6.2299
7465,0.02309199422597885,0.02309199422597885,0.061567533761262894,0.061567533761262894,6.2305
7466,0.02309224382042885,0.02309224382042885,0.06157783791422844,0.06157783791422844,6.2312
7467,0.023097027093172073,0.023097027093172073,0.061591338366270065,0.061591338366270065,6.2318
7468,0.023092791438102722,0.023092791438102722,0.06158391386270523,0.06158391386270523,6.2325
7469,0.0230936910957098,0.0230936910957098,0.06166328117251396,0.06166328117251396,6.2331
7470,0.023093586787581444,0.023093586787581444,0.06160085275769234,0.06160085275769234,6.2337
7471,0.023093044757843018,0.023093044757843018,0.06168460100889206,0.06168460100889206,6.2343
7472,0.023091983050107956,0.023091983050107956,0.061615776270627975,0.061615776270627975,6.235
7473,0.023090358823537827,0.023090358823537827,0.06161544471979141,0.06161544471979141,6.2356
7474,0.023088892921805382,0.023088892921805382,0.061595477163791656,0.061595477163791656,6.2362
7475,0.02308802865445614,0.02308802865445614,0.061547618359327316,0.061547618359327316,6.2369
7476,0.02308785356581211,0.02308785356581211,0.06161908060312271,0.06161908060312271,6.2375
7477,0.023087959736585617,0.023087959736585617,0.06155660003423691,0.06155660003423691,6.2381
7478,0.023093635216355324,0.023093635216355324,0.061647333204746246,0.061647333204746246,6.2387
7479,0.023089034482836723,0.023089034482836723,0.061559658497571945,0.061559658497571945,6.2394
7480,0.02309049293398857,0.02309049293398857,0.06172163411974907,0.06172163411974907,6.24
7481,0.023090843111276627,0.023090843111276627,0.06157715991139412,0.06157715991139412,6.2406
7482,0.023090599104762077,0.023090599104762077,0.061745572835206985,0.061745572835206985,6.2412
7483,0.02308964543044567,0.02308964543044567,0.061592113226652145,0.061592113226652145,6.2419
7484,0.02308800257742405,0.02308800257742405,0.061671506613492966,0.061671506613492966,6.2425
7485,0.02308649942278862,0.02308649942278862,0.06157269328832626,0.06157269328832626,6.2431
7486,0.023085670545697212,0.023085670545697212,0.06160147115588188,0.06160147115588188,6.2437
7487,0.023085668683052063,0.023085668683052063,0.06160074472427368,0.06160074472427368,6.2444
7488,0.023086674511432648,0.023086674511432648,0.06161057949066162,0.06161057949066162,6.245
7489,0.023086830973625183,0.023086830973625183,0.06162756681442261,0.06162756681442261,6.2456
7490,0.02308855578303337,0.02308855578303337,0.06172585487365723,0.06172585487365723,6.2467
7491,0.023090215399861336,0.023090215399861336,0.061614908277988434,0.061614908277988434,6.2473
7492,0.02309197001159191,0.02309197001159191,0.06177549436688423,0.06177549436688423,6.248
7493,0.02309372089803219,0.02309372089803219,0.06156020238995552,0.06156020238995552,6.2487
7494,0.0230952687561512,0.0230952687561512,0.06173856183886528,0.06173856183886528,6.2498
7495,0.02309722825884819,0.02309722825884819,0.06149155646562576,0.06149155646562576,6.2507
7496,0.023100469261407852,0.023100469261407852,0.06172586604952812,0.06172586604952812,6.2514
7497,0.023105185478925705,0.023105185478925705,0.06151203066110611,0.06151203066110611,6.2527
7498,0.023111563175916672,0.023111563175916672,0.06179933622479439,0.06179933622479439,6.2534
7499,0.023120278492569923,0.023120278492569923,0.06155131012201309,0.06155131012201309,6.2541
7500,0.023126263171434402,0.023126263171434402,0.06184098869562149,0.06184098869562149,6.2548
7501,0.02313428744673729,0.02313428744673729,0.061617154628038406,0.061617154628038406,6.2554
7502,0.023141074925661087,0.023141074925661087,0.06186113506555557,0.06186113506555557,6.2561
7503,0.023144878447055817,0.023144878447055817,0.06161922216415405,0.06161922216415405,6.2573
7504,0.023145297542214394,0.023145297542214394,0.06187863275408745,0.06187863275408745,6.2582
7505,0.02313990518450737,0.02313990518450737,0.06153879687190056,0.06153879687190056,6.2589
7506,0.02313006855547428,0.02313006855547428,0.061848234385252,0.061848234385252,6.2598
7507,0.023117050528526306,0.023117050528526306,0.0614614263176918,0.0614614263176918,6.2653
7508,0.023104127496480942,0.023104127496480942,0.06181609630584717,0.06181609630584717,6.2661
7509,0.0230930857360363,0.0230930857360363,0.06150026246905327,0.06150026246905327,6.2668
7510,0.023089732974767685,0.023089732974767685,0.061765480786561966,0.061765480786561966,6.2675
7511,0.023083653301000595,0.023083653301000595,0.06159338355064392,0.06159338355064392,6.2681
7512,0.023083776235580444,0.023083776235580444,0.06175730749964714,0.06175730749964714,6.2688
7513,0.023084450513124466,0.023084450513124466,0.061693765223026276,0.061693765223026276,6.2694
7514,0.02308587357401848,0.02308587357401848,0.06168872117996216,0.06168872117996216,6.2701
7515,0.02308768406510353,0.02308768406510353,0.06176261976361275,0.06176261976361275,6.2707
7516,0.023089012131094933,0.023089012131094933,0.061574362218379974,0.061574362218379974,6.2714
7517,0.023089518770575523,0.023089518770575523,0.06177177280187607,0.06177177280187607,6.2721
7518,0.023088756948709488,0.023088756948709488,0.06151432543992996,0.06151432543992996,6.2727
7519,0.023086655884981155,0.023086655884981155,0.06177682429552078,0.06177682429552078,6.2734
7520,0.02308344841003418,0.02308344841003418,0.06155829504132271,0.06155829504132271,6.2742
7521,0.023085514083504677,0.023085514083504677,0.06174662709236145,0.06174662709236145,6.275
7522,0.02307838760316372,0.02307838760316372,0.06161423772573471,0.06161423772573471,6.2757
7523,0.023077785968780518,0.023077785968780518,0.06175843998789787,0.06175843998789787,6.2763
7524,0.02307714708149433,0.02307714708149433,0.06167864799499512,0.06167864799499512,6.277
7525,0.02307697758078575,0.02307697758078575,0.061729978770017624,0.061729978770017624,6.2776
7526,0.023076986894011497,0.023076986894011497,0.061722494661808014,0.061722494661808014,6.2783
7527,0.023076655343174934,0.023076655343174934,0.06164158508181572,0.06164158508181572,6.2789
7528,0.02307622693479061,0.02307622693479061,0.06171015650033951,0.06171015650033951,6.2796
7529,0.023075830191373825,0.023075830191373825,0.06158626079559326,0.06158626079559326,6.2802
7530,0.023075493052601814,0.023075493052601814,0.061719249933958054,0.061719249933958054,6.2809
7531,0.023075105622410774,0.023075105622410774,0.061622876673936844,0.061622876673936844,6.2815
7532,0.023074837401509285,0.023074837401509285,0.06172046810388565,0.06172046810388565,6.2823
7533,0.02307620644569397,0.02307620644569397,0.061763517558574677,0.061763517558574677,6.283
7534,0.023077240213751793,0.023077240213751793,0.061692457646131516,0.061692457646131516,6.2837
7535,0.02307729795575142,0.02307729795575142,0.06179969385266304,0.06179969385266304,6.2843
7536,0.023076241835951805,0.023076241835951805,0.06164736673235893,0.06164736673235893,6.2849
7537,0.023074395954608917,0.023074395954608917,0.06171708181500435,0.06171708181500435,6.2856
7538,0.023072760552167892,0.023072760552167892,0.06161954253911972,0.06161954253911972,6.2862
7539,0.023072082549333572,0.023072082549333572,0.06165168434381485,0.06165168434381485,6.2868
7540,0.023072170093655586,0.023072170093655586,0.06168172508478165,0.06168172508478165,6.2875
7541,0.02307254634797573,0.02307254634797573,0.06168174743652344,0.06168174743652344,6.2881
7542,0.023074928671121597,0.023074928671121597,0.06174444407224655,0.06174444407224655,6.2887
7543,0.023073852062225342,0.023073852062225342,0.06169935315847397,0.06169935315847397,6.2894
7544,0.023074831813573837,0.023074831813573837,0.06181377172470093,0.06181377172470093,6.29
7545,0.023074299097061157,0.023074299097061157,0.06170231103897095,0.06170231103897095,6.2906
7546,0.023073235526680946,0.023073235526680946,0.061796337366104126,0.061796337366104126,6.2913
7547,0.023072248324751854,0.023072248324751854,0.061705924570560455,0.061705924570560455,6.2919
7548,0.023071061819791794,0.023071061819791794,0.06171034649014473,0.06171034649014473,6.2925
7549,0.023069914430379868,0.023069914430379868,0.06168615072965622,0.06168615072965622,6.2931
7550,0.023069340735673904,0.023069340735673904,0.06164491921663284,0.06164491921663284,6.2938
7551,0.0230693481862545,0.0230693481862545,0.06170213222503662,0.06170213222503662,6.2944
7552,0.02306949533522129,0.02306949533522129,0.06166847422719002,0.06166847422719002,6.295
7553,0.023074056953191757,0.023074056953191757,0.06172764301300049,0.06172764301300049,6.2956
7554,0.023069674149155617,0.023069674149155617,0.061696361750364304,0.061696361750364304,6.2963
7555,0.023070262745022774,0.023070262745022774,0.06179945543408394,0.06179945543408394,6.2969
7556,0.02307020127773285,0.02307020127773285,0.061714448034763336,0.061714448034763336,6.2975
7557,0.023069893941283226,0.023069893941283226,0.06180337816476822,0.06180337816476822,6.2981
7558,0.023069167509675026,0.023069167509675026,0.06171377748250961,0.06171377748250961,6.2987
7559,0.023067880421876907,0.023067880421876907,0.0617288239300251,0.0617288239300251,6.2994
7560,0.023066656664013863,0.023066656664013863,0.061693012714385986,0.061693012714385986,6.3
7561,0.023066004738211632,0.023066004738211632,0.06167346239089966,0.06167346239089966,6.3006
7562,0.023066028952598572,0.023066028952598572,0.06171898916363716,0.06171898916363716,6.3013
7563,0.023066941648721695,0.023066941648721695,0.0616893544793129,0.0616893544793129,6.3019
7564,0.023066414520144463,0.023066414520144463,0.06173533946275711,0.06173533946275711,6.3026
7565,0.023067506030201912,0.023067506030201912,0.061807937920093536,0.061807937920093536,6.3032
7566,0.023068564012646675,0.023068564012646675,0.06171112135052681,0.06171112135052681,6.3038
7567,0.02306980825960636,0.02306980825960636,0.06185648590326309,0.06185648590326309,6.3044
7568,0.02307090163230896,0.02307090163230896,0.06165367364883423,0.06165367364883423,6.3051
7569,0.023071227595210075,0.023071227595210075,0.06181326508522034,0.06181326508522034,6.3057
7570,0.02307118847966194,0.02307118847966194,0.06160014867782593,0.06160014867782593,6.3063
7571,0.02307153306901455,0.02307153306901455,0.06178619712591171,0.06178619712591171,6.3069
7572,0.02307260036468506,0.02307260036468506,0.06164262443780899,0.06164262443780899,6.3075
7573,0.023074550554156303,0.023074550554156303,0.06183396652340889,0.06183396652340889,6.3082
7574,0.023079128935933113,0.023079128935933113,0.06170029565691948,0.06170029565691948,6.3088
7575,0.02307990752160549,0.02307990752160549,0.0618474967777729,0.0618474967777729,6.3094
7576,0.023083988577127457,0.023083988577127457,0.061775803565979004,0.061775803565979004,6.31
7577,0.023087525740265846,0.023087525740265846,0.06184575706720352,0.06184575706720352,6.3107
7578,0.023090461269021034,0.023090461269021034,0.06176922470331192,0.06176922470331192,6.3113
7579,0.02309289202094078,0.02309289202094078,0.06186068803071976,0.06186068803071976,6.3119
7580,0.023094207048416138,0.023094207048416138,0.06167510896921158,0.06167510896921158,6.3126
7581,0.023095233365893364,0.023095233365893364,0.06187485530972481,0.06187485530972481,6.3132
7582,0.023096291348338127,0.023096291348338127,0.06158193200826645,0.06158193200826645,6.3138
7583,0.02309778891503811,0.02309778891503811,0.06193552166223526,0.06193552166223526,6.3144
7584,0.02309824898838997,0.02309824898838997,0.06157158687710762,0.06157158687710762,6.3151
7585,0.023103421553969383,0.023103421553969383,0.061984311789274216,0.061984311789274216,6.3158
7586,0.023098062723875046,0.023098062723875046,0.06158708408474922,0.06158708408474922,6.3164
7587,0.0230962336063385,0.0230962336063385,0.062040746212005615,0.062040746212005615,6.317
7588,0.02309025265276432,0.02309025265276432,0.06163177639245987,0.06163177639245987,6.3177
7589,0.02308225817978382,0.02308225817978382,0.061976492404937744,0.061976492404937744,6.3186
7590,0.02307381108403206,0.02307381108403206,0.061686981469392776,0.061686981469392776,6.3193
7591,0.023066718131303787,0.023066718131303787,0.06181064993143082,0.06181064993143082,6.32
7592,0.023062152788043022,0.023062152788043022,0.061730243265628815,0.061730243265628815,6.3207
7593,0.023060213774442673,0.023060213774442673,0.061685431748628616,0.061685431748628616,6.3213
7594,0.023060131818056107,0.023060131818056107,0.06180138513445854,0.06180138513445854,6.3219
7595,0.023061741143465042,0.023061741143465042,0.061671532690525055,0.061671532690525055,6.3225
7596,0.023060757666826248,0.023060757666826248,0.06183350831270218,0.06183350831270218,6.3232
7597,0.023062240332365036,0.023062240332365036,0.06178746372461319,0.06178746372461319,6.3238
7598,0.02306373603641987,0.02306373603641987,0.061813078820705414,0.061813078820705414,6.3244
7599,0.023064887151122093,0.023064887151122093,0.06183014065027237,0.06183014065027237,6.325
7600,0.0230652317404747,0.0230652317404747,0.061768244951963425,0.061768244951963425,6.3256
7601,0.023064251989126205,0.023064251989126205,0.06176421791315079,0.06176421791315079,6.3263
7602,0.023062411695718765,0.023062411695718765,0.06173525005578995,0.06173525005578995,6.3269
7603,0.02306031808257103,0.02306031808257103,0.06170551851391792,0.06170551851391792,6.3275
7604,0.023058421909809113,0.023058421909809113,0.061791740357875824,0.061791740357875824,6.3281
7605,0.023056983947753906,0.023056983947753906,0.061731915920972824,0.061731915920972824,6.3287
7606,0.023059632629156113,0.023059632629156113,0.061855338513851166,0.061855338513851166,6.3294
7607,0.023057719692587852,0.023057719692587852,0.06174434348940849,0.06174434348940849,6.33
7608,0.02305968664586544,0.02305968664586544,0.061927057802677155,0.061927057802677155,6.3306
7609,0.02306000329554081,0.02306000329554081,0.06174520403146744,0.06174520403146744,6.3312
7610,0.023059111088514328,0.023059111088514328,0.06190136820077896,0.06190136820077896,6.3319
7611,0.023057514801621437,0.023057514801621437,0.061755407601594925,0.061755407601594925,6.3325
7612,0.023055408149957657,0.023055408149957657,0.061797238886356354,0.061797238886356354,6.3331
7613,0.02305363304913044,0.02305363304913044,0.061756718903779984,0.061756718903779984,6.3337
7614,0.023052969947457314,0.023052969947457314,0.061713527888059616,0.061713527888059616,6.3344
7615,0.023053327575325966,0.023053327575325966,0.06179877370595932,0.06179877370595932,6.335
7616,0.023054106160998344,0.023054106160998344,0.06172128766775131,0.06172128766775131,6.3356
7617,0.023053821176290512,0.023053821176290512,0.06183450296521187,0.06183450296521187,6.3362
7618,0.02305437996983528,0.02305437996983528,0.061851464211940765,0.061851464211940765,6.3369
7619,0.023054534569382668,0.023054534569382668,0.06181960180401802,0.06181960180401802,6.3375
7620,0.02305455133318901,0.02305455133318901,0.061890073120594025,0.061890073120594025,6.3381
7621,0.02305440977215767,0.02305440977215767,0.06175762414932251,0.06175762414932251,6.3388
7622,0.023053791373968124,0.023053791373968124,0.06182305887341499,0.06182305887341499,6.3394
7623,0.02305285632610321,0.02305285632610321,0.061709970235824585,0.061709970235824585,6.34
7624,0.023051878437399864,0.023051878437399864,0.06177956983447075,0.06177956983447075,6.3406
7625,0.023051032796502113,0.023051032796502113,0.06176605075597763,0.06176605075597763,6.3413
7626,0.023050488904118538,0.023050488904118538,0.0618119053542614,0.0618119053542614,6.3419
7627,0.023053454235196114,0.023053454235196114,0.061833448708057404,0.061833448708057404,6.3425
7628,0.02305116318166256,0.02305116318166256,0.06180679053068161,0.06180679053068161,6.3431
7629,0.02305312640964985,0.02305312640964985,0.06191868707537651,0.06191868707537651,6.3438
7630,0.023054126650094986,0.023054126650094986,0.06178341060876846,0.06178341060876846,6.3444
7631,0.023054214194417,0.023054214194417,0.06192365288734436,0.06192365288734436,6.345
7632,0.023053394630551338,0.023053394630551338,0.06177258491516113,0.06177258491516113,6.3456
7633,0.023051396012306213,0.023051396012306213,0.06184743717312813,0.06184743717312813,6.3463
7634,0.02304905280470848,0.02304905280470848,0.06175937131047249,0.06175937131047249,6.3469
7635,0.023047661408782005,0.023047661408782005,0.06177385896444321,0.06177385896444321,6.3475
7636,0.023047594353556633,0.023047594353556633,0.06179919093847275,0.06179919093847275,6.3481
7637,0.023048173636198044,0.023048173636198044,0.06177461892366409,0.06177461892366409,6.3487
7638,0.023048827424645424,0.023048827424645424,0.06184309720993042,0.06184309720993042,6.3494
7639,0.02304992824792862,0.02304992824792862,0.061892956495285034,0.061892956495285034,6.35
7640,0.02305060625076294,0.02305060625076294,0.06183489039540291,0.06183489039540291,6.3506
7641,0.023051243275403976,0.023051243275403976,0.0619303360581398,0.0619303360581398,6.3512
7642,0.023051809519529343,0.023051809519529343,0.06176700443029404,0.06176700443029404,6.3519
7643,0.023052165284752846,0.023052165284752846,0.061881937086582184,0.061881937086582184,6.3532
7644,0.023052671924233437,0.023052671924233437,0.0617062933743,0.0617062933743,6.3539
7645,0.023053834214806557,0.023053834214806557,0.061875224113464355,0.061875224113464355,6.3545
7646,0.023055916652083397,0.023055916652083397,0.06174788996577263,0.06174788996577263,6.3552
7647,0.023059114813804626,0.023059114813804626,0.0619441382586956,0.0619441382586956,6.3558
7648,0.023066241294145584,0.023066241294145584,0.06179400160908699,0.06179400160908699,6.3564
7649,0.023067982867360115,0.023067982867360115,0.06196530908346176,0.06196530908346176,6.357
7650,0.023075077682733536,0.023075077682733536,0.061858732253313065,0.061858732253313065,6.3577
7651,0.02308305725455284,0.02308305725455284,0.06197502464056015,0.06197502464056015,6.3583
7652,0.023091411218047142,0.023091411218047142,0.06185539811849594,0.06185539811849594,6.3597
7653,0.023099778220057487,0.023099778220057487,0.0620126836001873,0.0620126836001873,6.3603
7654,0.023105990141630173,0.023105990141630173,0.06176485866308212,0.06176485866308212,6.3609
7655,0.02311049960553646,0.02311049960553646,0.06205011531710625,0.06205011531710625,6.3616
7656,0.023112144321203232,0.023112144321203232,0.06166549399495125,0.06166549399495125,6.3622
7657,0.02311115153133869,0.02311115153133869,0.062114417552948,0.062114417552948,6.3628
7658,0.02310428023338318,0.02310428023338318,0.06165080517530441,0.06165080517530441,6.3635
7659,0.023099254816770554,0.023099254816770554,0.06211935728788376,0.06211935728788376,6.3641
7660,0.023079682141542435,0.023079682141542435,0.06168370321393013,0.06168370321393013,6.3647
7661,0.023065272718667984,0.023065272718667984,0.06208612769842148,0.06208612769842148,6.3653
7662,0.02305176481604576,0.02305176481604576,0.06177417188882828,0.06177417188882828,6.366
7663,0.02304380014538765,0.02304380014538765,0.061939917504787445,0.061939917504787445,6.3666
7664,0.023042738437652588,0.023042738437652588,0.061890147626399994,0.061890147626399994,6.3672
7665,0.023046771064400673,0.023046771064400673,0.06176267936825752,0.06176267936825752,6.3678
7666,0.023052683100104332,0.023052683100104332,0.06196243688464165,0.06196243688464165,6.3684
7667,0.023057114332914352,0.023057114332914352,0.06168382242321968,0.06168382242321968,6.3691
7668,0.023058433085680008,0.023058433085680008,0.06199246644973755,0.06199246644973755,6.3697
7669,0.023058224469423294,0.023058224469423294,0.061734627932310104,0.061734627932310104,6.3703
7670,0.023051906377077103,0.023051906377077103,0.061939168721437454,0.061939168721437454,6.3709
7671,0.023049820214509964,0.023049820214509964,0.06191316992044449,0.06191316992044449,6.3715
7672,0.023048285394906998,0.023048285394906998,0.06185382604598999,0.06185382604598999,6.3722
7673,0.023046379908919334,0.023046379908919334,0.06198539584875107,0.06198539584875107,6.3728
7674,0.023044021800160408,0.023044021800160408,0.061791229993104935,0.061791229993104935,6.3735
7675,0.023041853681206703,0.023041853681206703,0.061910249292850494,0.061910249292850494,6.3741
7676,0.023041140288114548,0.023041140288114548,0.06177618354558945,0.06177618354558945,6.3747
7677,0.023042183369398117,0.023042183369398117,0.06183580681681633,0.06183580681681633,6.3753
7678,0.023043837398290634,0.023043837398290634,0.061856187880039215,0.061856187880039215,6.3761
7679,0.023044701665639877,0.023044701665639877,0.06186485290527344,0.06186485290527344,6.3768
7680,0.023048941045999527,0.023048941045999527,0.0619233138859272,0.0619233138859272,6.3774
7681,0.02304317057132721,0.02304317057132721,0.06189143657684326,0.06189143657684326,6.3781
7682,0.023041483014822006,0.023041483014822006,0.06197619438171387,0.06197619438171387,6.3787
7683,0.02303893491625786,0.02303893491625786,0.06189873069524765,0.06189873069524765,6.3794
7684,0.023037338629364967,0.023037338629364967,0.0619363896548748,0.0619363896548748,6.38
7685,0.02303731068968773,0.02303731068968773,0.0619010254740715,0.0619010254740715,6.3807
7686,0.023037904873490334,0.023037904873490334,0.06185596063733101,0.06185596063733101,6.3813
7687,0.023038208484649658,0.023038208484649658,0.06187231466174126,0.06187231466174126,6.382
7688,0.023038048297166824,0.023038048297166824,0.0618227943778038,0.0618227943778038,6.3827
7689,0.02303745225071907,0.02303745225071907,0.06186337023973465,0.06186337023973465,6.3833
7690,0.023038968443870544,0.023038968443870544,0.061879657208919525,0.061879657208919525,6.384
7691,0.023037424311041832,0.023037424311041832,0.0618610680103302,0.0618610680103302,6.3847
7692,0.02303961105644703,0.02303961105644703,0.062036991119384766,0.062036991119384766,6.3856
7693,0.02304079569876194,0.02304079569876194,0.06184873729944229,0.06184873729944229,6.3864
7694,0.02304043620824814,0.02304043620824814,0.062052927911281586,0.062052927911281586,6.3874
7695,0.02303866110742092,0.02303866110742092,0.06182362884283066,0.06182362884283066,6.388
7696,0.023036129772663116,0.023036129772663116,0.06192506477236748,0.06192506477236748,6.3886
7697,0.023034045472741127,0.023034045472741127,0.061826180666685104,0.061826180666685104,6.3893
7698,0.023032981902360916,0.023032981902360916,0.06182939559221268,0.06182939559221268,6.3899
7699,0.023032840341329575,0.023032840341329575,0.06191759556531906,0.06191759556531906,6.3905
7700,0.023033125326037407,0.023033125326037407,0.06185063719749451,0.06185063719749451,6.3911
7701,0.023038644343614578,0.023038644343614578,0.06198917701840401,0.06198917701840401,6.3918
7702,0.023034822195768356,0.023034822195768356,0.06187068298459053,0.06187068298459053,6.3924
7703,0.0230359248816967,0.0230359248816967,0.06204543262720108,0.06204543262720108,6.393
7704,0.023035507649183273,0.023035507649183273,0.06187780946493149,0.06187780946493149,6.3936
7705,0.02303476445376873,0.02303476445376873,0.06200539320707321,0.06200539320707321,6.3943
7706,0.023034371435642242,0.023034371435642242,0.06188897043466568,0.06188897043466568,6.3949
7707,0.02303384616971016,0.02303384616971016,0.06191030889749527,0.06191030889749527,6.3955
7708,0.023033052682876587,0.023033052682876587,0.061882149428129196,0.061882149428129196,6.3962
7709,0.02303231507539749,0.02303231507539749,0.061852991580963135,0.061852991580963135,6.3968
7710,0.023031724616885185,0.023031724616885185,0.061901699751615524,0.061901699751615524,6.3975
7711,0.023032881319522858,0.023032881319522858,0.06188629940152168,0.06188629940152168,6.3982
7712,0.023031024262309074,0.023031024262309074,0.06191451475024223,0.06191451475024223,6.399
7713,0.02303241193294525,0.02303241193294525,0.06203071027994156,0.06203071027994156,6.3997
7714,0.023033510893583298,0.023033510893583298,0.0618940107524395,0.0618940107524395,6.4003
7715,0.023033905774354935,0.023033905774354935,0.06205546110868454,0.06205546110868454,6.401
7716,0.02303324081003666,0.02303324081003666,0.06184462457895279,0.06184462457895279,6.4017
7717,0.02303151786327362,0.02303151786327362,0.06195209175348282,0.06195209175348282,6.4023
7718,0.023029612377285957,0.023029612377285957,0.06182653829455376,0.06182653829455376,6.403
7719,0.023028239607810974,0.023028239607810974,0.06188000366091728,0.06188000366091728,6.4037
7720,0.023027682676911354,0.023027682676911354,0.061914850026369095,0.061914850026369095,6.4043
7721,0.023027721792459488,0.023027721792459488,0.061904795467853546,0.061904795467853546,6.4052
7722,0.0230330228805542,0.0230330228805542,0.06199267506599426,0.06199267506599426,6.4059
7723,0.023029353469610214,0.023029353469610214,0.061906926333904266,0.061906926333904266,6.4066
7724,0.023030852898955345,0.023030852898955345,0.06206073239445686,0.06206073239445686,6.4074
7725,0.023030703887343407,0.023030703887343407,0.06189877912402153,0.06189877912402153,6.4088
7726,0.023029809817671776,0.023029809817671776,0.062035489827394485,0.062035489827394485,6.4107
7727,0.02302883192896843,0.02302883192896843,0.06190546229481697,0.06190546229481697,6.4116
7728,0.023027649149298668,0.023027649149298668,0.061943285167217255,0.061943285167217255,6.4123
7729,0.023026634007692337,0.023026634007692337,0.06190164014697075,0.06190164014697075,6.413
7730,0.02302638068795204,0.02302638068795204,0.06187887117266655,0.06187887117266655,6.4137
7731,0.023026790469884872,0.023026790469884872,0.06193152815103531,0.06193152815103531,6.4144
7732,0.023029252886772156,0.023029252886772156,0.0619061216711998,0.0619061216711998,6.4151
7733,0.023027673363685608,0.023027673363685608,0.06195005029439926,0.06195005029439926,6.4158
7734,0.02302945777773857,0.02302945777773857,0.06205092743039131,0.06205092743039131,6.4165
7735,0.023031290620565414,0.023031290620565414,0.061919908970594406,0.061919908970594406,6.4172
7736,0.02303294837474823,0.02303294837474823,0.062095195055007935,0.062095195055007935,6.4179
7737,0.023033929988741875,0.023033929988741875,0.061848439276218414,0.061848439276218414,6.4186
7738,0.023034101352095604,0.023034101352095604,0.0620260126888752,0.0620260126888752,6.4192
7739,0.02303408645093441,0.02303408645093441,0.06180613115429878,0.06180613115429878,6.42
7740,0.023034662008285522,0.023034662008285522,0.061985839158296585,0.061985839158296585,6.4207
7741,0.023036111146211624,0.023036111146211624,0.061878301203250885,0.061878301203250885,6.4213
7742,0.02303832396864891,0.02303832396864891,0.06202632933855057,0.06202632933855057,6.422
7743,0.023045841604471207,0.023045841604471207,0.061948906630277634,0.061948906630277634,6.4227
7744,0.023043252527713776,0.023043252527713776,0.06203044578433037,0.06203044578433037,6.4234
7745,0.023046186193823814,0.023046186193823814,0.06201591342687607,0.06201591342687607,6.4241
7746,0.023047545924782753,0.023047545924782753,0.06202768534421921,0.06202768534421921,6.4248
7747,0.02304764650762081,0.02304764650762081,0.06199073791503906,0.06199073791503906,6.4254
7748,0.023047033697366714,0.023047033697366714,0.06204824522137642,0.06204824522137642,6.4261
7749,0.02304539456963539,0.02304539456963539,0.061886321753263474,0.061886321753263474,6.4268
7750,0.02304353378713131,0.02304353378713131,0.06205824762582779,0.06205824762582779,6.4275
7751,0.02304190769791603,0.02304190769791603,0.06180441379547119,0.06180441379547119,6.4282
7752,0.0230406541377306,0.0230406541377306,0.062093038111925125,0.062093038111925125,6.4291
7753,0.023040566593408585,0.023040566593408585,0.0618254616856575,0.0618254616856575,6.4299
7754,0.023034274578094482,0.023034274578094482,0.06209665536880493,0.06209665536880493,6.4306
7755,0.023031417280435562,0.023031417280435562,0.06197524070739746,0.06197524070739746,6.4313
7756,0.0230290275067091,0.0230290275067091,0.06203920766711235,0.06203920766711235,6.432
7757,0.023026667535305023,0.023026667535305023,0.06202796846628189,0.06202796846628189,6.4327
7758,0.02302415668964386,0.02302415668964386,0.06194590404629707,0.06194590404629707,6.4334
7759,0.023021582514047623,0.023021582514047623,0.06196322292089462,0.06196322292089462,6.434
7760,0.023019632324576378,0.023019632324576378,0.06188993528485298,0.06188993528485298,6.4347
7761,0.023018671199679375,0.023018671199679375,0.06192631274461746,0.06192631274461746,6.4354
7762,0.023018507286906242,0.023018507286906242,0.061949778348207474,0.061949778348207474,6.436
7763,0.023018797859549522,0.023018797859549522,0.06197361275553703,0.06197361275553703,6.4367
7764,0.023019490763545036,0.023019490763545036,0.06200604885816574,0.06200604885816574,6.4373
7765,0.023021692410111427,0.023021692410111427,0.06210320070385933,0.06210320070385933,6.438
7766,0.02302401140332222,0.02302401140332222,0.06197606399655342,0.06197606399655342,6.4386
7767,0.023026082664728165,0.023026082664728165,0.06211806461215019,0.06211806461215019,6.4393
7768,0.023027390241622925,0.023027390241622925,0.061901651322841644,0.061901651322841644,6.44
7769,0.02302744798362255,0.02302744798362255,0.0620448999106884,0.0620448999106884,6.4406
7770,0.02302662655711174,0.02302662655711174,0.06185901165008545,0.06185901165008545,6.4413
7771,0.02302609570324421,0.02302609570324421,0.062002480030059814,0.062002480030059814,6.4419
7772,0.023026321083307266,0.023026321083307266,0.06191589683294296,0.06191589683294296,6.4426
7773,0.0230268444865942,0.0230268444865942,0.062040913850069046,0.062040913850069046,6.4433
7774,0.023030079901218414,0.023030079901218414,0.06198229268193245,0.06198229268193245,6.4439
7775,0.023026449605822563,0.023026449605822563,0.06205868721008301,0.06205868721008301,6.4446
7776,0.023025773465633392,0.023025773465633392,0.062063492834568024,0.062063492834568024,6.4452
7777,0.02302386984229088,0.02302386984229088,0.06204841285943985,0.06204841285943985,6.4459
7778,0.023021873086690903,0.023021873086690903,0.062037862837314606,0.062037862837314606,6.4465
7779,0.023020202293992043,0.023020202293992043,0.06202762573957443,0.06202762573957443,6.4471
7780,0.02301841415464878,0.02301841415464878,0.061943210661411285,0.061943210661411285,6.4478
7781,0.0230165533721447,0.0230165533721447,0.06200236827135086,0.06200236827135086,6.4484
7782,0.023015040904283524,0.023015040904283524,0.061895035207271576,0.061895035207271576,6.449
7783,0.023014068603515625,0.023014068603515625,0.06202353164553642,0.06202353164553642,6.4497
7784,0.023014862090349197,0.023014862090349197,0.061936505138874054,0.061936505138874054,6.4503
7785,0.023013202473521233,0.023013202473521233,0.062033046036958694,0.062033046036958694,6.4509
7786,0.023014681413769722,0.023014681413769722,0.062081385403871536,0.062081385403871536,6.4516
7787,0.023015907034277916,0.023015907034277916,0.06199908256530762,0.06199908256530762,6.4522
7788,0.023016419261693954,0.023016419261693954,0.06211452558636665,0.06211452558636665,6.4529
7789,0.02301601693034172,0.02301601693034172,0.06193544715642929,0.06193544715642929,6.4535
7790,0.023014843463897705,0.023014843463897705,0.06203540414571762,0.06203540414571762,6.4541
7791,0.023013783618807793,0.023013783618807793,0.061903215944767,0.061903215944767,6.4548
7792,0.023013504222035408,0.023013504222035408,0.06199169158935547,0.06199169158935547,6.4554
7793,0.023013999685645103,0.023013999685645103,0.06197526305913925,0.06197526305913925,6.456
7794,0.02301480993628502,0.02301480993628502,0.0620356984436512,0.0620356984436512,6.4566
7795,0.023020213469862938,0.023020213469862938,0.06203673034906387,0.06203673034906387,6.4573
7796,0.023016655817627907,0.023016655817627907,0.06204777956008911,0.06204777956008911,6.4579
7797,0.02301814593374729,0.02301814593374729,0.06209517642855644,0.06209517642855644,6.4585
7798,0.023018529638648033,0.023018529638648033,0.062043748795986176,0.062043748795986176,6.4591
7799,0.023018542677164078,0.023018542677164078,0.06206437945365906,0.06206437945365906,6.4598
7800,0.02301839366555214,0.02301839366555214,0.06205015629529953,0.06205015629529953,6.4604
7801,0.023017700761556625,0.023017700761556625,0.06196540594100952,0.06196540594100952,6.461
7802,0.02301706001162529,0.02301706001162529,0.062055349349975586,0.062055349349975586,6.4616
7803,0.023017337545752525,0.023017337545752525,0.06189464405179024,0.06189464405179024,6.4623
7804,0.023018885403871536,0.023018885403871536,0.06210662052035332,0.06210662052035332,6.4629
7805,0.0230229664593935,0.0230229664593935,0.06190944463014603,0.06190944463014603,6.4635
7806,0.023021915927529335,0.023021915927529335,0.062150098383426666,0.062150098383426666,6.4642
7807,0.023023996502161026,0.023023996502161026,0.06202845647931099,0.06202845647931099,6.4648
7808,0.02302609384059906,0.02302609384059906,0.06214491277933121,0.06214491277933121,6.4654
7809,0.023027975112199783,0.023027975112199783,0.062045030295848846,0.062045030295848846,6.466
7810,0.02302967756986618,0.02302967756986618,0.06210114806890488,0.06210114806890488,6.4666
7811,0.02303091622889042,0.02303091622889042,0.061956435441970825,0.061956435441970825,6.4673
7812,0.02303234674036503,0.02303234674036503,0.06208167225122452,0.06208167225122452,6.4679
7813,0.023033935576677322,0.023033935576677322,0.06190406531095505,0.06190406531095505,6.4685
7814,0.023035801947116852,0.023035801947116852,0.062168121337890625,0.062168121337890625,6.4691
7815,0.023037133738398552,0.023037133738398552,0.06193500757217407,0.06193500757217407,6.4698
7816,0.0230447668582201,0.0230447668582201,0.062246836721897125,0.062246836721897125,6.4704
7817,0.02304118685424328,0.02304118685424328,0.06193537637591362,0.06193537637591362,6.471
7818,0.023043718189001083,0.023043718189001083,0.06231928989291191,0.06231928989291191,6.4716
7819,0.02304266020655632,0.02304266020655632,0.061931341886520386,0.061931341886520386,6.4723
7820,0.023038968443870544,0.023038968443870544,0.06228484958410263,0.06228484958410263,6.4729
7821,0.023032907396554947,0.023032907396554947,0.06195048242807388,0.06195048242807388,6.4735
7822,0.023025494068861008,0.023025494068861008,0.06215013936161995,0.06215013936161995,6.4741
7823,0.0230180025100708,0.0230180025100708,0.06197214126586914,0.06197214126586914,6.4748
7824,0.023012075573205948,0.023012075573205948,0.06202663108706474,0.06202663108706474,6.4754
7825,0.023008162155747414,0.023008162155747414,0.06203265115618706,0.06203265115618706,6.476
7826,0.023008963093161583,0.023008963093161583,0.06200838088989258,0.06200838088989258,6.4768
7827,0.02300461195409298,0.02300461195409298,0.06208106130361557,0.06208106130361557,6.4774
7828,0.0230054073035717,0.0230054073035717,0.06212381273508072,0.06212381273508072,6.4781
7829,0.023006480187177658,0.023006480187177658,0.06207982823252678,0.06207982823252678,6.4787
7830,0.02300747111439705,0.02300747111439705,0.062137700617313385,0.062137700617313385,6.4794
7831,0.023008111864328384,0.023008111864328384,0.06203996390104294,0.06203996390104294,6.48
7832,0.02300809696316719,0.02300809696316719,0.06203647330403328,0.06203647330403328,6.4806
7833,0.023007621988654137,0.023007621988654137,0.062021948397159576,0.062021948397159576,6.4812
7834,0.02300681732594967,0.02300681732594967,0.06197183579206467,0.06197183579206467,6.4819
7835,0.02300591580569744,0.02300591580569744,0.06210150569677353,0.06210150569677353,6.4825
7836,0.023005831986665726,0.023005831986665726,0.06200612336397171,0.06200612336397171,6.4831
7837,0.02300395630300045,0.02300395630300045,0.062164485454559326,0.062164485454559326,6.4837
7838,0.02300436794757843,0.02300436794757843,0.062132783234119415,0.062132783234119415,6.4844
7839,0.023004552349448204,0.023004552349448204,0.062134455889463425,0.062134455889463425,6.485
7840,0.02300405316054821,0.02300405316054821,0.062144190073013306,0.062144190073013306,6.4857
7841,0.023003002628684044,0.023003002628684044,0.062056444585323334,0.062056444585323334,6.4863
7842,0.023001540452241898,0.023001540452241898,0.06206951290369034,0.06206951290369034,6.487
7843,0.023000190034508705,0.023000190034508705,0.06200852245092392,0.06200852245092392,6.4877
7844,0.022999610751867294,0.022999610751867294,0.062033750116825104,0.062033750116825104,6.4883
7845,0.022999798879027367,0.022999798879027367,0.06205650418996811,0.06205650418996811,6.4889
7846,0.02300010435283184,0.02300010435283184,0.062082670629024506,0.062082670629024506,6.4896
7847,0.023004712536931038,0.023004712536931038,0.06211266666650772,0.06211266666650772,6.4902
7848,0.023000776767730713,0.023000776767730713,0.06210947036743164,0.06210947036743164,6.4909
7849,0.02300168015062809,0.02300168015062809,0.06219064071774483,0.06219064071774483,6.4916
7850,0.02300172671675682,0.02300172671675682,0.062106043100357056,0.062106043100357056,6.4922
7851,0.023001525551080704,0.023001525551080704,0.06217114254832268,0.06217114254832268,6.4929
7852,0.023001009598374367,0.023001009598374367,0.062089331448078156,0.062089331448078156,6.4935
7853,0.02299967035651207,0.02299967035651207,0.062079936265945435,0.062079936265945435,6.4942
7854,0.022997934371232986,0.022997934371232986,0.06206963211297989,0.06206963211297989,6.4948
7855,0.022996744140982628,0.022996744140982628,0.06202547624707222,0.06202547624707222,6.4955
7856,0.022996501997113228,0.022996501997113228,0.06210578605532646,0.06210578605532646,6.4961
7857,0.022999782115221024,0.022999782115221024,0.06205495074391365,0.06205495074391365,6.4968
7858,0.022997157648205757,0.022997157648205757,0.062134407460689545,0.062134407460689545,6.4974
7859,0.02299835905432701,0.02299835905432701,0.06218453496694565,0.06218453496694565,6.4981
7860,0.022998934611678123,0.022998934611678123,0.062112223356962204,0.062112223356962204,6.4987
7861,0.022999141365289688,0.022999141365289688,0.062210679054260254,0.062210679054260254,6.4994
7862,0.02299901656806469,0.02299901656806469,0.06204944849014282,0.06204944849014282,6.5
7863,0.02299835905432701,0.02299835905432701,0.06213674694299698,0.06213674694299698,6.5007
7864,0.022997494786977768,0.022997494786977768,0.062010087072849274,0.062010087072849274,6.5013
7865,0.02299686148762703,0.02299686148762703,0.062101881951093674,0.062101881951093674,6.5019
7866,0.02299666218459606,0.02299666218459606,0.062075693160295486,0.062075693160295486,6.5026
7867,0.022997593507170677,0.022997593507170677,0.062148354947566986,0.062148354947566986,6.5032
7868,0.02299853228032589,0.02299853228032589,0.06213589385151863,0.06213589385151863,6.5039
7869,0.023001402616500854,0.023001402616500854,0.06227457523345947,0.06227457523345947,6.5045
7870,0.023004287853837013,0.023004287853837013,0.06211010366678238,0.06211010366678238,6.5052
7871,0.023007404059171677,0.023007404059171677,0.06228874996304512,0.06228874996304512,6.5059
7872,0.023010673001408577,0.023010673001408577,0.062032539397478104,0.062032539397478104,6.5065
7873,0.023013856261968613,0.023013856261968613,0.06222699210047722,0.06222699210047722,6.5072
7874,0.023017356172204018,0.023017356172204018,0.061983682215213776,0.061983682215213776,6.5078
7875,0.023022491484880447,0.023022491484880447,0.062215257436037064,0.062215257436037064,6.5085
7876,0.023029370233416557,0.023029370233416557,0.06204092502593994,0.06204092502593994,6.5091
7877,0.023037666454911232,0.023037666454911232,0.06229161098599434,0.06229161098599434,6.5098
7878,0.023049283772706985,0.023049283772706985,0.0621039979159832,0.0621039979159832,6.5104
7879,0.0230507031083107,0.0230507031083107,0.062332410365343094,0.062332410365343094,6.5111
7880,0.02305307611823082,0.02305307611823082,0.062172889709472656,0.062172889709472656,6.5117
7881,0.02305101975798607,0.02305101975798607,0.06233225390315056,0.06233225390315056,6.5123
7882,0.023044105619192123,0.023044105619192123,0.062134645879268646,0.062134645879268646,6.513
7883,0.023034119978547096,0.023034119978547096,0.062308747321367264,0.062308747321367264,6.5136
7884,0.023021722212433815,0.023021722212433815,0.06203169748187065,0.06203169748187065,6.5142
7885,0.023009637370705605,0.023009637370705605,0.06225166469812393,0.06225166469812393,6.5149
7886,0.022999858483672142,0.022999858483672142,0.06199603155255318,0.06199603155255318,6.5155
7887,0.022993791848421097,0.022993791848421097,0.06221374124288559,0.06221374124288559,6.5161
7888,0.02299404703080654,0.02299404703080654,0.06208598613739014,0.06208598613739014,6.5168
7889,0.022992635145783424,0.022992635145783424,0.062160976231098175,0.062160976231098175,6.5174
7890,0.022998709231615067,0.022998709231615067,0.062299974262714386,0.062299974262714386,6.518
7891,0.023005452007055283,0.023005452007055283,0.062090128660202026,0.062090128660202026,6.5187
7892,0.023010658100247383,0.023010658100247383,0.06237899139523506,0.06237899139523506,6.5193
7893,0.02301277220249176,0.02301277220249176,0.062022048979997635,0.062022048979997635,6.5199
7894,0.02301158383488655,0.02301158383488655,0.06229213625192642,0.06229213625192642,6.5206
7895,0.023007642477750778,0.023007642477750778,0.06201203912496567,0.06201203912496567,6.5212
7896,0.02300240471959114,0.02300240471959114,0.06219435855746269,0.06219435855746269,6.5218
7897,0.022996941581368446,0.022996941581368446,0.06212065368890762,0.06212065368890762,6.5224
7898,0.022992946207523346,0.022992946207523346,0.06217843294143677,0.06217843294143677,6.523
7899,0.02298993058502674,0.02298993058502674,0.06221954897046089,0.06221954897046089,6.5237
7900,0.022990025579929352,0.022990025579929352,0.06226887181401253,0.06226887181401253,6.5243
7901,0.022990716621279716,0.022990716621279716,0.06222149729728699,0.06222149729728699,6.525
7902,0.022991174831986427,0.022991174831986427,0.06224672868847847,0.06224672868847847,6.5257
7903,0.02299126610159874,0.02299126610159874,0.06216942146420479,0.06216942146420479,6.5263
7904,0.0229909960180521,0.0229909960180521,0.062140632420778275,0.062140632420778275,6.527
7905,0.022990716621279716,0.022990716621279716,0.06214548274874687,0.06214548274874687,6.5277
7906,0.02299060858786106,0.02299060858786106,0.06208721548318863,0.06208721548318863,6.5283
7907,0.022990403696894646,0.022990403696894646,0.062211036682128906,0.062211036682128906,6.529
7908,0.022989608347415924,0.022989608347415924,0.062132250517606735,0.062132250517606735,6.5296
7909,0.022993143647909164,0.022993143647909164,0.06226944923400879,0.06226944923400879,6.5303
7910,0.022988993674516678,0.022988993674516678,0.06216416507959366,0.06216416507959366,6.5309
7911,0.022989865392446518,0.022989865392446518,0.06233827397227287,0.06233827397227287,6.5315
7912,0.02298966981470585,0.02298966981470585,0.06217018514871597,0.06217018514871597,6.5321
7913,0.02298901043832302,0.02298901043832302,0.06229911372065544,0.06229911372065544,6.5328
7914,0.02298794500529766,0.02298794500529766,0.062167465686798096,0.062167465686798096,6.5334
7915,0.022986197844147682,0.022986197844147682,0.06218992546200752,0.06218992546200752,6.534
7916,0.022984445095062256,0.022984445095062256,0.06216394901275635,0.06216394901275635,6.5347
7917,0.022983569651842117,0.022983569651842117,0.062124304473400116,0.062124304473400116,6.5354
7918,0.022983741015195847,0.022983741015195847,0.06221086531877518,0.06221086531877518,6.536
7919,0.022987402975559235,0.022987402975559235,0.06215054541826248,0.06215054541826248,6.5367
7920,0.022984450682997704,0.022984450682997704,0.06224415451288223,0.06224415451288223,6.5373
7921,0.022985273972153664,0.022985273972153664,0.06228230148553848,0.06228230148553848,6.5381
7922,0.022985519841313362,0.022985519841313362,0.06222271919250488,0.06222271919250488,6.5388
7923,0.02298562601208687,0.02298562601208687,0.0623018741607666,0.0623018741607666,6.5394
7924,0.022985592484474182,0.022985592484474182,0.06216329336166382,0.06216329336166382,6.5401
7925,0.022984866052865982,0.022984866052865982,0.06221653148531914,0.06221653148531914,6.5407
7926,0.022983577102422714,0.022983577102422714,0.06213171407580376,0.06213171407580376,6.5414
7927,0.0229821614921093,0.0229821614921093,0.06216982752084732,0.06216982752084732,6.542
7928,0.022981198504567146,0.022981198504567146,0.06220538541674614,0.06220538541674614,6.5427
7929,0.022981848567724228,0.022981848567724228,0.062209419906139374,0.062209419906139374,6.5433
7930,0.022981703281402588,0.022981703281402588,0.062273114919662476,0.062273114919662476,6.5439
7931,0.02298342064023018,0.02298342064023018,0.062331460416316986,0.062331460416316986,6.5446
7932,0.02298426255583763,0.02298426255583763,0.062250811606645584,0.062250811606645584,6.5452
7933,0.022984299808740616,0.022984299808740616,0.062327176332473755,0.062327176332473755,6.5459
7934,0.022983919829130173,0.022983919829130173,0.06217556446790695,0.06217556446790695,6.5465
7935,0.022983070462942123,0.022983070462942123,0.062239862978458405,0.062239862978458405,6.5471
7936,0.02298208884894848,0.02298208884894848,0.062132835388183594,0.062132835388183594,6.5477
7937,0.02298145368695259,0.02298145368695259,0.06220293790102005,0.06220293790102005,6.5484
7938,0.022981317713856697,0.022981317713856697,0.06219363212585449,0.06219363212585449,6.549
7939,0.022981349378824234,0.022981349378824234,0.06225097179412842,0.06225097179412842,6.5496
7940,0.022986212745308876,0.022986212745308876,0.062259793281555176,0.062259793281555176,6.5502
7941,0.0229817982763052,0.0229817982763052,0.062265943735837936,0.062265943735837936,6.5509
7942,0.022983012720942497,0.022983012720942497,0.06234326213598251,0.06234326213598251,6.5515
7943,0.022983407601714134,0.022983407601714134,0.06224779039621353,0.06224779039621353,6.5521
7944,0.022983316332101822,0.022983316332101822,0.062329839915037155,0.062329839915037155,6.5527
7945,0.022982539609074593,0.022982539609074593,0.06222490221261978,0.06222490221261978,6.5534
7946,0.02298067882657051,0.02298067882657051,0.06224207207560539,0.06224207207560539,6.554
7947,0.022978493943810463,0.022978493943810463,0.06221053749322891,0.06221053749322891,6.5546
7948,0.02297714725136757,0.02297714725136757,0.06218237802386284,0.06218237802386284,6.5552
7949,0.022977057844400406,0.022977057844400406,0.062259890139102936,0.062259890139102936,6.5558
7950,0.022981487214565277,0.022981487214565277,0.0622001513838768,0.0622001513838768,6.5565
7951,0.02297770418226719,0.02297770418226719,0.06230146810412407,0.06230146810412407,6.5571
7952,0.02297835797071457,0.02297835797071457,0.06231755018234253,0.06231755018234253,6.5577
7953,0.0229785293340683,0.0229785293340683,0.06228278949856758,0.06228278949856758,6.5583
7954,0.02297867275774479,0.02297867275774479,0.062339819967746735,0.062339819967746735,6.559
7955,0.02297867462038994,0.02297867462038994,0.06221405789256096,0.06221405789256096,6.5596
7956,0.022978106513619423,0.022978106513619423,0.06227457523345947,0.06227457523345947,6.5608
7957,0.022977162152528763,0.022977162152528763,0.06216660887002945,0.06216660887002945,6.5614
7958,0.02297627180814743,0.02297627180814743,0.0622522309422493,0.0622522309422493,6.5645
7959,0.022975733503699303,0.022975733503699303,0.06222732737660408,0.06222732737660408,6.5652
7960,0.022977489978075027,0.022977489978075027,0.062302421778440475,0.062302421778440475,6.5659
7961,0.022977078333497047,0.022977078333497047,0.062287021428346634,0.062287021428346634,6.5665
7962,0.022979475557804108,0.022979475557804108,0.06242112070322037,0.06242112070322037,6.5672
7963,0.022981664165854454,0.022981664165854454,0.06226276233792305,0.06226276233792305,6.5679
7964,0.022984061390161514,0.022984061390161514,0.06242424249649048,0.06242424249649048,6.5685
7965,0.022986846044659615,0.022986846044659615,0.062187857925891876,0.062187857925891876,6.5692
7966,0.022989843040704727,0.022989843040704727,0.0623602494597435,0.0623602494597435,6.5698
7967,0.022993752732872963,0.022993752732872963,0.06214107945561409,0.06214107945561409,6.5705
7968,0.02300015464425087,0.02300015464425087,0.06235698610544205,0.06235698610544205,6.5711
7969,0.023009827360510826,0.023009827360510826,0.06219874694943428,0.06219874694943428,6.5717
7970,0.02302391454577446,0.02302391454577446,0.06245115399360657,0.06245115399360657,6.5724
7971,0.023041676729917526,0.023041676729917526,0.062266409397125244,0.062266409397125244,6.573
7972,0.02306359075009823,0.02306359075009823,0.06265483796596527,0.06265483796596527,6.5736
7973,0.02308371290564537,0.02308371290564537,0.06225528568029404,0.06225528568029404,6.5743
7974,0.023099401965737343,0.023099401965737343,0.06272150576114655,0.06272150576114655,6.5749
7975,0.023100489750504494,0.023100489750504494,0.06218079850077629,0.06218079850077629,6.5755
7976,0.023084353655576706,0.023084353655576706,0.06259330362081528,0.06259330362081528,6.5762
7977,0.023050226271152496,0.023050226271152496,0.06213817745447159,0.06213817745447159,6.5768
7978,0.02301175519824028,0.02301175519824028,0.062379319220781326,0.062379319220781326,6.5774
7979,0.022982504218816757,0.022982504218816757,0.062248945236206055,0.062248945236206055,6.5781
7980,0.022971700876951218,0.022971700876951218,0.06226269155740738,0.06226269155740738,6.5787
7981,0.022983374074101448,0.022983374074101448,0.06242375448346138,0.06242375448346138,6.5793
7982,0.022997697815299034,0.022997697815299034,0.062229931354522705,0.062229931354522705,6.58
7983,0.023015977814793587,0.023015977814793587,0.06258779764175415,0.06258779764175415,6.5806
7984,0.02302214875817299,0.02302214875817299,0.062238313257694244,0.062238313257694244,6.5812
7985,0.023015212267637253,0.023015212267637253,0.0625235065817833,0.0625235065817833,6.5818
7986,0.02299921214580536,0.02299921214580536,0.062265921384096146,0.062265921384096146,6.5824
7987,0.022982677444815636,0.022982677444815636,0.062318503856658936,0.062318503856658936,6.5831
7988,0.022972553968429565,0.022972553968429565,0.06231335550546646,0.06231335550546646,6.5837
7989,0.02297178842127323,0.02297178842127323,0.06219794228672981,0.06219794228672981,6.5844
7990,0.02297794446349144,0.02297794446349144,0.06239444017410278,0.06239444017410278,6.585
7991,0.022987699136137962,0.022987699136137962,0.062238920480012894,0.062238920480012894,6.5856
7992,0.022989168763160706,0.022989168763160706,0.06241174787282944,0.06241174787282944,6.5862
7993,0.022989174351096153,0.022989174351096153,0.06241225078701973,0.06241225078701973,6.5868
7994,0.022984113544225693,0.022984113544225693,0.06234753876924515,0.06234753876924515,6.5875
7995,0.02297692373394966,0.02297692373394966,0.06243177130818367,0.06243177130818367,6.5881
7996,0.02297162637114525,0.02297162637114525,0.06226971000432968,0.06226971000432968,6.5887
7997,0.022970499470829964,0.022970499470829964,0.062326155602931976,0.062326155602931976,6.5893
7998,0.022972917184233665,0.022972917184233665,0.06225594878196716,0.06225594878196716,6.59
7999,0.02297600731253624,0.02297600731253624,0.062276892364025116,0.062276892364025116,6.5906
8000,0.02297692745923996,0.02297692745923996,0.06233728677034378,0.06233728677034378,6.5927
8001,0.022975483909249306,0.022975483909249306,0.062335025519132614,0.062335025519132614,6.5935
8002,0.022972136735916138,0.022972136735916138,0.06238347291946411,0.06238347291946411,6.5942
8003,0.022971659898757935,0.022971659898757935,0.06248677894473076,0.06248677894473076,6.5948
8004,0.022971685975790024,0.022971685975790024,0.06234792619943619,0.06234792619943619,6.5955
8005,0.022971436381340027,0.022971436381340027,0.06246846914291382,0.06246846914291382,6.5961
8006,0.022970953956246376,0.022970953956246376,0.06229906156659126,0.06229906156659126,6.5968
8007,0.02297043614089489,0.02297043614089489,0.0623273141682148,0.0623273141682148,6.5974
8008,0.02296995371580124,0.02296995371580124,0.06230873987078667,0.06230873987078667,6.5981
8009,0.022969359531998634,0.022969359531998634,0.062244415283203125,0.062244415283203125,6.5987
8010,0.022968381643295288,0.022968381643295288,0.06239285320043564,0.06239285320043564,6.5994
8011,0.022966984659433365,0.022966984659433365,0.06228884309530258,0.06228884309530258,6.6002
8012,0.022971559315919876,0.022971559315919876,0.06243719905614853,0.06243719905614853,6.6008
8013,0.022966686636209488,0.022966686636209488,0.062351204454898834,0.062351204454898834,6.6015
8014,0.022967396304011345,0.022967396304011345,0.062477290630340576,0.062477290630340576,6.6021
8015,0.02296695113182068,0.02296695113182068,0.06238618493080139,0.06238618493080139,6.6028
8016,0.02296646311879158,0.02296646311879158,0.06240898370742798,0.06240898370742798,6.6034
8017,0.02296626567840576,0.02296626567840576,0.06238938495516777,0.06238938495516777,6.6041
8018,0.02296574041247368,0.02296574041247368,0.062302909791469574,0.062302909791469574,6.6047
8019,0.022964749485254288,0.022964749485254288,0.062366824597120285,0.062366824597120285,6.6059
8020,0.022963741794228554,0.022963741794228554,0.06227080151438713,0.06227080151438713,6.6069
8021,0.022963063791394234,0.022963063791394234,0.062374047935009,0.062374047935009,6.6077
8022,0.022967126220464706,0.022967126220464706,0.06233910471200943,0.06233910471200943,6.6084
8023,0.0229635052382946,0.0229635052382946,0.06237419322133064,0.06237419322133064,6.6091
8024,0.0229656845331192,0.0229656845331192,0.06250134855508804,0.06250134855508804,6.6098
8025,0.022966895252466202,0.022966895252466202,0.062346719205379486,0.062346719205379486,6.6104
8026,0.02296694740653038,0.02296694740653038,0.06250622868537903,0.06250622868537903,6.6111
8027,0.022965986281633377,0.022965986281633377,0.062306176871061325,0.062306176871061325,6.6117
8028,0.022964319214224815,0.022964319214224815,0.06238042190670967,0.06238042190670967,6.6124
8029,0.022962620481848717,0.022962620481848717,0.06230741739273071,0.06230741739273071,6.613
8030,0.022961491718888283,0.022961491718888283,0.062304772436618805,0.062304772436618805,6.6136
8031,0.02296113595366478,0.02296113595366478,0.062402211129665375,0.062402211129665375,6.6143
8032,0.022963177412748337,0.022963177412748337,0.062346410006284714,0.062346410006284714,6.6149
8033,0.022961508482694626,0.022961508482694626,0.06246579810976982,0.06246579810976982,6.6156
8034,0.02296297624707222,0.02296297624707222,0.062492989003658295,0.062492989003658295,6.6164
8035,0.022963671013712883,0.022963671013712883,0.06242576986551285,0.06242576986551285,6.6174
8036,0.022963542491197586,0.022963542491197586,0.062495894730091095,0.062495894730091095,6.6181
8037,0.022962946444749832,0.022962946444749832,0.06234220415353775,0.06234220415353775,6.6188
8038,0.022961918264627457,0.022961918264627457,0.062393855303525925,0.062393855303525925,6.6194
8039,0.022960731759667397,0.022960731759667397,0.06231166049838066,0.06231166049838066,6.6201
8040,0.022959763184189796,0.022959763184189796,0.06233745813369751,0.06233745813369751,6.6207
8041,0.02295926958322525,0.02295926958322525,0.0623905286192894,0.0623905286192894,6.6214
8042,0.022960159927606583,0.022960159927606583,0.062376391142606735,0.062376391142606735,6.622
8043,0.022959288209676743,0.022959288209676743,0.06246449798345566,0.06246449798345566,6.6227
8044,0.022960802540183067,0.022960802540183067,0.06252110749483109,0.06252110749483109,6.6233
8045,0.022961784154176712,0.022961784154176712,0.06244774907827377,0.06244774907827377,6.624
8046,0.022962043061852455,0.022962043061852455,0.06252153217792511,0.06252153217792511,6.6247
8047,0.02296154759824276,0.02296154759824276,0.062367033213377,0.062367033213377,6.6253
8048,0.022960210219025612,0.022960210219025612,0.062409430742263794,0.062409430742263794,6.6259
8049,0.022958621382713318,0.022958621382713318,0.062324054539203644,0.062324054539203644,6.6266
8050,0.022957544773817062,0.022957544773817062,0.062352102249860764,0.062352102249860764,6.6273
8051,0.022957298904657364,0.022957298904657364,0.0624002106487751,0.0624002106487751,6.628
8052,0.022957507520914078,0.022957507520914078,0.06239806488156319,0.06239806488156319,6.6286
8053,0.0229576975107193,0.0229576975107193,0.06247716024518013,0.06247716024518013,6.6293
8054,0.02295880950987339,0.02295880950987339,0.06254290044307709,0.06254290044307709,6.6299
8055,0.022959450259804726,0.022959450259804726,0.062458209693431854,0.062458209693431854,6.6305
8056,0.02295975387096405,0.02295975387096405,0.06253896653652191,0.06253896653652191,6.6323
8057,0.022959645837545395,0.022959645837545395,0.06237679719924927,0.06237679719924927,6.633
8058,0.022958604618906975,0.022958604618906975,0.062428154051303864,0.062428154051303864,6.6336
8059,0.022956831380724907,0.022956831380724907,0.06234060600399971,0.06234060600399971,6.6343
8060,0.02295534685254097,0.02295534685254097,0.0623726062476635,0.0623726062476635,6.6349
8061,0.022954927757382393,0.022954927757382393,0.062426477670669556,0.062426477670669556,6.6355
8062,0.022955358028411865,0.022955358028411865,0.06241505220532417,0.06241505220532417,6.6362
8063,0.02296055480837822,0.02296055480837822,0.06251044571399689,0.06251044571399689,6.6368
8064,0.022957637906074524,0.022957637906074524,0.06242992728948593,0.06242992728948593,6.6375
8065,0.022959141060709953,0.022959141060709953,0.06259174644947052,0.06259174644947052,6.6382
8066,0.022958973422646523,0.022958973422646523,0.06241331249475479,0.06241331249475479,6.6389
8067,0.022958263754844666,0.022958263754844666,0.06254937499761581,0.06254937499761581,6.6395
8068,0.022957447916269302,0.022957447916269302,0.062399543821811676,0.062399543821811676,6.6401
8069,0.02295619621872902,0.02295619621872902,0.0624421127140522,0.0624421127140522,6.6408
8070,0.022954802960157394,0.022954802960157394,0.06240331009030342,0.06240331009030342,6.6414
8071,0.022953955456614494,0.022953955456614494,0.062385786324739456,0.062385786324739456,6.642
8072,0.022953884676098824,0.022953884676098824,0.062461007386446,0.062461007386446,6.6427
8073,0.02295740507543087,0.02295740507543087,0.0624174103140831,0.0624174103140831,6.6433
8074,0.02295401133596897,0.02295401133596897,0.06249179691076279,0.06249179691076279,6.6439
8075,0.022955285385251045,0.022955285385251045,0.0625515729188919,0.0625515729188919,6.6445
8076,0.022956352680921555,0.022956352680921555,0.06245457008481026,0.06245457008481026,6.6451
8077,0.022957008332014084,0.022957008332014084,0.0625690370798111,0.0625690370798111,6.6458
8078,0.02295680344104767,0.02295680344104767,0.06237982586026192,0.06237982586026192,6.6464
8079,0.02295546419918537,0.02295546419918537,0.06248502805829048,0.06248502805829048,6.647
8080,0.022953761741518974,0.022953761741518974,0.062349699437618256,0.062349699437618256,6.6476
8081,0.022952547296881676,0.022952547296881676,0.06244468688964844,0.06244468688964844,6.6483
8082,0.02295212633907795,0.02295212633907795,0.06243905425071716,0.06243905425071716,6.6489
8083,0.022954052314162254,0.022954052314162254,0.062482595443725586,0.062482595443725586,6.6496
8084,0.022952403873205185,0.022952403873205185,0.06251626461744308,0.06251626461744308,6.6502
8085,0.02295326627790928,0.02295326627790928,0.06259403377771378,0.06259403377771378,6.6512
8086,0.022953858599066734,0.022953858599066734,0.06248979642987251,0.06248979642987251,6.6519
8087,0.022954514250159264,0.022954514250159264,0.06258109956979752,0.06258109956979752,6.6529
8088,0.022954922169446945,0.022954922169446945,0.062412865459918976,0.062412865459918976,6.6535
8089,0.022954244166612625,0.022954244166612625,0.062495291233062744,0.062495291233062744,6.6541
8090,0.022952651605010033,0.022952651605010033,0.062377117574214935,0.062377117574214935,6.6548
8091,0.022951340302824974,0.022951340302824974,0.062458883970975876,0.062458883970975876,6.6554
8092,0.022951126098632812,0.022951126098632812,0.06244873255491257,0.06244873255491257,6.656
8093,0.022952696308493614,0.022952696308493614,0.0625002384185791,0.0625002384185791,6.6566
8094,0.02295329049229622,0.02295329049229622,0.06252242624759674,0.06252242624759674,6.6573
8095,0.022955160588026047,0.022955160588026047,0.06263303756713867,0.06263303756713867,6.6579
8096,0.022956524044275284,0.022956524044275284,0.06250188499689102,0.06250188499689102,6.6585
8097,0.022958118468523026,0.022958118468523026,0.06263771653175354,0.06263771653175354,6.6592
8098,0.02295985445380211,0.02295985445380211,0.06241070479154587,0.06241070479154587,6.6598
8099,0.022960957139730453,0.022960957139730453,0.06255758553743362,0.06255758553743362,6.6604
8100,0.022961314767599106,0.022961314767599106,0.062357135117053986,0.062357135117053986,6.6611
8101,0.022961962968111038,0.022961962968111038,0.06253074109554291,0.06253074109554291,6.6617
8102,0.02296372689306736,0.02296372689306736,0.062429964542388916,0.062429964542388916,6.6623
8103,0.022967148572206497,0.022967148572206497,0.06258197128772736,0.06258197128772736,6.6629
8104,0.022972309961915016,0.022972309961915016,0.0625169649720192,0.0625169649720192,6.6636
8105,0.022978277876973152,0.022978277876973152,0.06271720677614212,0.06271720677614212,6.6642
8106,0.022983364760875702,0.022983364760875702,0.06250981241464615,0.06250981241464615,6.6648
8107,0.02298845909535885,0.02298845909535885,0.06271819770336151,0.06271819770336151,6.6655
8108,0.02299259975552559,0.02299259975552559,0.06243152543902397,0.06243152543902397,6.6662
8109,0.02299487218260765,0.02299487218260765,0.06263577938079834,0.06263577938079834,6.6668
8110,0.02299363538622856,0.02299363538622856,0.06238929182291031,0.06238929182291031,6.6675
8111,0.022989768534898758,0.022989768534898758,0.0625961646437645,0.0625961646437645,6.6681
8112,0.02298339642584324,0.02298339642584324,0.06246115639805794,0.06246115639805794,6.6687
8113,0.0229756198823452,0.0229756198823452,0.06261491030454636,0.06261491030454636,6.6693
8114,0.022971006110310555,0.022971006110310555,0.06253453344106674,0.06253453344106674,6.67
8115,0.022958526387810707,0.022958526387810707,0.06257941573858261,0.06257941573858261,6.6706
8116,0.022952968254685402,0.022952968254685402,0.06262897700071335,0.06262897700071335,6.6712
8117,0.02294931933283806,0.02294931933283806,0.06251633167266846,0.06251633167266846,6.6718
8118,0.02294817566871643,0.02294817566871643,0.06262347847223282,0.06262347847223282,6.6724
8119,0.022949105128645897,0.022949105128645897,0.062472473829984665,0.062472473829984665,6.6731
8120,0.022950928658246994,0.022950928658246994,0.06255767494440079,0.06255767494440079,6.6737
8121,0.022952964529395103,0.022952964529395103,0.06245994567871094,0.06245994567871094,6.6743
8122,0.022955086082220078,0.022955086082220078,0.06252620369195938,0.06252620369195938,6.6749
8123,0.022956684231758118,0.022956684231758118,0.06250924617052078,0.06250924617052078,6.6756
8124,0.022960621863603592,0.022960621863603592,0.06256039440631866,0.06256039440631866,6.6762
8125,0.022956427186727524,0.022956427186727524,0.06253846734762192,0.06253846734762192,6.6768
8126,0.022956082597374916,0.022956082597374916,0.06268751621246338,0.06268751621246338,6.6774
8127,0.02295481599867344,0.02295481599867344,0.06250758469104767,0.06250758469104767,6.678
8128,0.02295292541384697,0.02295292541384697,0.06268756091594696,0.06268756091594696,6.6787
8129,0.022950170561671257,0.022950170561671257,0.06244783475995064,0.06244783475995064,6.6793
8130,0.022946681827306747,0.022946681827306747,0.06257812678813934,0.06257812678813934,6.6799
8131,0.02294355258345604,0.02294355258345604,0.06243821978569031,0.06243821978569031,6.6805
8132,0.022941812872886658,0.022941812872886658,0.06250955909490585,0.06250955909490585,6.6812
8133,0.022941678762435913,0.022941678762435913,0.06254728883504868,0.06254728883504868,6.6818
8134,0.022944215685129166,0.022944215685129166,0.06252863258123398,0.06252863258123398,6.6825
8135,0.022943029180169106,0.022943029180169106,0.06264050304889679,0.06264050304889679,6.6831
8136,0.02294403687119484,0.02294403687119484,0.06263715028762817,0.06263715028762817,6.6838
8137,0.02294466271996498,0.02294466271996498,0.06262022256851196,0.06262022256851196,6.6844
8138,0.022945206612348557,0.022945206612348557,0.06262362748384476,0.06262362748384476,6.685
8139,0.02294539473950863,0.02294539473950863,0.06254084408283234,0.06254084408283234,6.6857
8140,0.022944433614611626,0.022944433614611626,0.06253796070814133,0.06253796070814133,6.6863
8141,0.022942442446947098,0.022942442446947098,0.06249978393316269,0.06249978393316269,6.687
8142,0.02294057048857212,0.02294057048857212,0.06250254064798355,0.06250254064798355,6.6876
8143,0.022939693182706833,0.022939693182706833,0.06256510317325592,0.06256510317325592,6.6882
8144,0.02294064126908779,0.02294064126908779,0.06254593282938004,0.06254593282938004,6.6889
8145,0.022940147668123245,0.022940147668123245,0.06263566017150879,0.06263566017150879,6.6895
8146,0.022941041737794876,0.022941041737794876,0.06268361210823059,0.06268361210823059,6.6901
8147,0.022941384464502335,0.022941384464502335,0.06261442601680756,0.06261442601680756,6.6907
8148,0.022941788658499718,0.022941788658499718,0.06268523633480072,0.06268523633480072,6.6913
8149,0.022942213341593742,0.022942213341593742,0.0625215545296669,0.0625215545296669,6.692
8150,0.022941829636693,0.022941829636693,0.06259588897228241,0.06259588897228241,6.6926
8151,0.022940557450056076,0.022940557450056076,0.062465958297252655,0.062465958297252655,6.6932
8152,0.022939179092645645,0.022939179092645645,0.06255919486284256,0.06255919486284256,6.6938
8153,0.02293853834271431,0.02293853834271431,0.06253647059202194,0.06253647059202194,6.6944
8154,0.022939041256904602,0.022939041256904602,0.06260236352682114,0.06260236352682114,6.6951
8155,0.022940313443541527,0.022940313443541527,0.06262233108282089,0.06262233108282089,6.6957
8156,0.02294192835688591,0.02294192835688591,0.06273051351308823,0.06273051351308823,6.6963
8157,0.02294253185391426,0.02294253185391426,0.06261248141527176,0.06261248141527176,6.6969
8158,0.02294292114675045,0.02294292114675045,0.06271621584892273,0.06271621584892273,6.6975
8159,0.02294335700571537,0.02294335700571537,0.06252695620059967,0.06252695620059967,6.6982
8160,0.022943127900362015,0.022943127900362015,0.06262222677469254,0.06262222677469254,6.6988
8161,0.02294198051095009,0.02294198051095009,0.06247817724943161,0.06247817724943161,6.6995
8162,0.02294069528579712,0.02294069528579712,0.06259328126907349,0.06259328126907349,6.7001
8163,0.02294015884399414,0.02294015884399414,0.06255096197128296,0.06255096197128296,6.7007
8164,0.022940436378121376,0.022940436378121376,0.06264340877532959,0.06264340877532959,6.7014
8165,0.022945722565054893,0.022945722565054893,0.06263108551502228,0.06263108551502228,6.702
8166,0.0229421965777874,0.0229421965777874,0.06264333426952362,0.06264333426952362,6.7027
8167,0.022944290190935135,0.022944290190935135,0.06272835284471512,0.06272835284471512,6.7033
8168,0.022945355623960495,0.022945355623960495,0.0626024603843689,0.0626024603843689,6.704
8169,0.022945521399378777,0.022945521399378777,0.06271563470363617,0.06271563470363617,6.7046
8170,0.02294451743364334,0.02294451743364334,0.06256656348705292,0.06256656348705292,6.7052
8171,0.022942185401916504,0.022942185401916504,0.06262725591659546,0.06262725591659546,6.7059
8172,0.022939538583159447,0.022939538583159447,0.06256477534770966,0.06256477534770966,6.7065
8173,0.022937843576073647,0.022937843576073647,0.0625641718506813,0.0625641718506813,6.7071
8174,0.022937532514333725,0.022937532514333725,0.06264066696166992,0.06264066696166992,6.7077
8175,0.022941693663597107,0.022941693663597107,0.06256509572267532,0.06256509572267532,6.7083
8176,0.022936932742595673,0.022936932742595673,0.0627007931470871,0.0627007931470871,6.709
8177,0.022936878725886345,0.022936878725886345,0.06266365945339203,0.06266365945339203,6.7096
8178,0.022937163710594177,0.022937163710594177,0.06268377602100372,0.06268377602100372,6.7102
8179,0.02293800376355648,0.02293800376355648,0.06266564130783081,0.06266564130783081,6.7108
8180,0.022938614711165428,0.022938614711165428,0.06261257082223892,0.06261257082223892,6.7117
8181,0.022937940433621407,0.022937940433621407,0.06259343028068542,0.06259343028068542,6.7123
8182,0.022936347872018814,0.022936347872018814,0.06257210671901703,0.06257210671901703,6.716
8183,0.02293490245938301,0.02293490245938301,0.06257299333810806,0.06257299333810806,6.7166
8184,0.022934477776288986,0.022934477776288986,0.06264863163232803,0.06264863163232803,6.7173
8185,0.02293764427304268,0.02293764427304268,0.06261791288852692,0.06261791288852692,6.7179
8186,0.022936204448342323,0.022936204448342323,0.06272314488887787,0.06272314488887787,6.7185
8187,0.022937579080462456,0.022937579080462456,0.06272315979003906,0.06272315979003906,6.7191
8188,0.022938376292586327,0.022938376292586327,0.06270261853933334,0.06270261853933334,6.7198
8189,0.022939298301935196,0.022939298301935196,0.06270414590835571,0.06270414590835571,6.7204
8190,0.022940460592508316,0.022940460592508316,0.06263222545385361,0.06263222545385361,6.721
8191,0.022941013798117638,0.022941013798117638,0.06261976063251495,0.06261976063251495,6.7216
8192,0.02294101193547249,0.02294101193547249,0.06260328739881516,0.06260328739881516,6.7223
8193,0.02294134721159935,0.02294134721159935,0.0625825747847557,0.0625825747847557,6.7229
8194,0.022943003103137016,0.022943003103137016,0.06269007921218872,0.06269007921218872,6.7236
8195,0.0229475237429142,0.0229475237429142,0.06260868161916733,0.06260868161916733,6.7242
8196,0.022950008511543274,0.022950008511543274,0.06279712170362473,0.06279712170362473,6.7249
8197,0.022954609245061874,0.022954609245061874,0.0627078115940094,0.0627078115940094,6.7255
8198,0.02295931614935398,0.02295931614935398,0.06282582134008408,0.06282582134008408,6.7261
8199,0.022964689880609512,0.022964689880609512,0.06266986578702927,0.06266986578702927,6.7268
8200,0.02297109365463257,0.02297109365463257,0.06278978288173676,0.06278978288173676,6.7274
8201,0.022977018728852272,0.022977018728852272,0.06255704164505005,0.06255704164505005,6.728
8202,0.022982347756624222,0.022982347756624222,0.06278173625469208,0.06278173625469208,6.7287
8203,0.022986020892858505,0.022986020892858505,0.06251413375139236,0.06251413375139236,6.7293
8204,0.02298833802342415,0.02298833802342415,0.06287117302417755,0.06287117302417755,6.73
8205,0.02298697829246521,0.02298697829246521,0.06256033480167389,0.06256033480167389,6.7307
8206,0.022989636287093163,0.022989636287093163,0.06293107569217682,0.06293107569217682,6.7313
8207,0.0229763425886631,0.0229763425886631,0.06257827579975128,0.06257827579975128,6.7321
8208,0.02296752855181694,0.02296752855181694,0.06296098977327347,0.06296098977327347,6.7328
8209,0.022955086082220078,0.022955086082220078,0.06258146464824677,0.06258146464824677,6.7335
8210,0.022942814975976944,0.022942814975976944,0.06284433603286743,0.06284433603286743,6.7342
8211,0.02293352410197258,0.02293352410197258,0.06261475384235382,0.06261475384235382,6.7349
8212,0.022928673774003983,0.022928673774003983,0.0626675933599472,0.0626675933599472,6.7355
8213,0.022928383201360703,0.022928383201360703,0.06267981976270676,0.06267981976270676,6.7364
8214,0.022931644693017006,0.022931644693017006,0.06256555020809174,0.06256555020809174,6.7371
8215,0.022936329245567322,0.022936329245567322,0.06277747452259064,0.06277747452259064,6.7378
8216,0.02294451929628849,0.02294451929628849,0.06258042901754379,0.06258042901754379,6.7391
8217,0.022939467802643776,0.022939467802643776,0.06280895322561264,0.06280895322561264,6.7398
8218,0.022939369082450867,0.022939369082450867,0.06272900104522705,0.06272900104522705,6.7404
8219,0.022938964888453484,0.022938964888453484,0.06274519860744476,0.06274519860744476,6.7411
8220,0.02293793484568596,0.02293793484568596,0.06277439743280411,0.06277439743280411,6.7417
8221,0.02293555997312069,0.02293555997312069,0.06263869255781174,0.06263869255781174,6.7424
8222,0.022931579500436783,0.022931579500436783,0.06270865350961685,0.06270865350961685,6.743
8223,0.02292746864259243,0.02292746864259243,0.06258644908666611,0.06258644908666611,6.7437
8224,0.022924955934286118,0.022924955934286118,0.06267212331295013,0.06267212331295013,6.7443
8225,0.022924743592739105,0.022924743592739105,0.06267175823450089,0.06267175823450089,6.745
8226,0.022929657250642776,0.022929657250642776,0.06271190941333771,0.06271190941333771,6.7457
8227,0.022927865386009216,0.022927865386009216,0.06275813281536102,0.06275813281536102,6.7463
8228,0.022929547354578972,0.022929547354578972,0.06282997131347656,0.06282997131347656,6.747
8229,0.02293034829199314,0.02293034829199314,0.06273262202739716,0.06273262202739716,6.7476
8230,0.022930899634957314,0.022930899634957314,0.06282062828540802,0.06282062828540802,6.7484
8231,0.02293110452592373,0.02293110452592373,0.06264666467905045,0.06264666467905045,6.7491
8232,0.02293010801076889,0.02293010801076889,0.06273587793111801,0.06273587793111801,6.7497
8233,0.022927796468138695,0.022927796468138695,0.0626060739159584,0.0626060739159584,6.7504
8234,0.022925173863768578,0.022925173863768578,0.06269317120313644,0.06269317120313644,6.751
8235,0.02292335405945778,0.02292335405945778,0.06268138438463211,0.06268138438463211,6.7517
8236,0.02292538248002529,0.02292538248002529,0.06272201985120773,0.06272201985120773,6.7523
8237,0.02292325161397457,0.02292325161397457,0.06277139484882355,0.06277139484882355,6.753
8238,0.02292422577738762,0.02292422577738762,0.06284208595752716,0.06284208595752716,6.7536
8239,0.022924432530999184,0.022924432530999184,0.0627710372209549,0.0627710372209549,6.7543
8240,0.022924605756998062,0.022924605756998062,0.06282379478216171,0.06282379478216171,6.7549
8241,0.02292485721409321,0.02292485721409321,0.0626918226480484,0.0626918226480484,6.7555
8242,0.02292446419596672,0.02292446419596672,0.06271975487470627,0.06271975487470627,6.7562
8243,0.02292325720191002,0.02292325720191002,0.0626417025923729,0.0626417025923729,6.7568
8244,0.022921904921531677,0.022921904921531677,0.06267920136451721,0.06267920136451721,6.7574
8245,0.022921159863471985,0.022921159863471985,0.0627131536602974,0.0627131536602974,6.758
8246,0.02292286977171898,0.02292286977171898,0.06272707134485245,0.06272707134485245,6.7593
8247,0.02292206883430481,0.02292206883430481,0.06279726326465607,0.06279726326465607,6.7608
8248,0.02292325347661972,0.02292325347661972,0.06285896897315979,0.06285896897315979,6.7621
8249,0.022923462092876434,0.022923462092876434,0.06278397142887115,0.06278397142887115,6.7629
8250,0.022923409938812256,0.022923409938812256,0.06284070014953613,0.06284070014953613,6.7638
8251,0.022923361510038376,0.022923361510038376,0.06269697844982147,0.06269697844982147,6.7646
8252,0.02292257361114025,0.02292257361114025,0.06273847073316574,0.06273847073316574,6.7654
8253,0.02292095683515072,0.02292095683515072,0.06265143305063248,0.06265143305063248,6.7661
8254,0.022919347509741783,0.022919347509741783,0.06270471960306168,0.06270471960306168,6.767
8255,0.02291865646839142,0.02291865646839142,0.06272989511489868,0.06272989511489868,6.7681
8256,0.022919293493032455,0.022919293493032455,0.06275452673435211,0.06275452673435211,6.769
8257,0.022920073941349983,0.022920073941349983,0.06281304359436035,0.06281304359436035,6.7697
8258,0.0229213647544384,0.0229213647544384,0.0628863126039505,0.0628863126039505,6.7704
8259,0.02292175218462944,0.02292175218462944,0.06279146671295166,0.06279146671295166,6.7712
8260,0.022922152653336525,0.022922152653336525,0.06287308037281036,0.06287308037281036,6.772
8261,0.022922728210687637,0.022922728210687637,0.06269297748804092,0.06269297748804092,6.7728
8262,0.022922497242689133,0.022922497242689133,0.06278040260076523,0.06278040260076523,6.7737
8263,0.02292117290198803,0.02292117290198803,0.06263701617717743,0.06263701617717743,6.775
8264,0.02291961759328842,0.02291961759328842,0.06275458633899689,0.06275458633899689,6.7759
8265,0.02291884645819664,0.02291884645819664,0.06271449476480484,0.06271449476480484,6.7766
8266,0.022919002920389175,0.022919002920389175,0.06280703097581863,0.06280703097581863,6.7773
8267,0.022924993187189102,0.022924993187189102,0.0628056675195694,0.0628056675195694,6.7779
8268,0.022921139374375343,0.022921139374375343,0.06280019879341125,0.06280019879341125,6.7786
8269,0.022924069315195084,0.022924069315195084,0.0629115030169487,0.0629115030169487,6.7793
8270,0.02292625978589058,0.02292625978589058,0.06274570524692535,0.06274570524692535,6.7799
8271,0.022927453741431236,0.022927453741431236,0.06290694326162338,0.06290694326162338,6.7806
8272,0.022927051410079002,0.022927051410079002,0.06269975006580353,0.06269975006580353,6.7812
8273,0.022924864664673805,0.022924864664673805,0.06282837688922882,0.06282837688922882,6.782
8274,0.02292213961482048,0.02292213961482048,0.06269674003124237,0.06269674003124237,6.7827
8275,0.022920552641153336,0.022920552641153336,0.06276877969503403,0.06276877969503403,6.7834
8276,0.022920548915863037,0.022920548915863037,0.06277953088283539,0.06277953088283539,6.7842
8277,0.022926244884729385,0.022926244884729385,0.06276150792837143,0.06276150792837143,6.7849
8278,0.022920934483408928,0.022920934483408928,0.06285102665424347,0.06285102665424347,6.7856
8279,0.022920707240700722,0.022920707240700722,0.06284615397453308,0.06284615397453308,6.7862
8280,0.022920632734894753,0.022920632734894753,0.06284305453300476,0.06284305453300476,6.7869
8281,0.02292148396372795,0.02292148396372795,0.0628359317779541,0.0628359317779541,6.7875
8282,0.022922739386558533,0.022922739386558533,0.06277988106012344,0.06277988106012344,6.7881
8283,0.022923285141587257,0.022923285141587257,0.06275828182697296,0.06275828182697296,6.7889
8284,0.022923177108168602,0.022923177108168602,0.06275099515914917,0.06275099515914917,6.7896
8285,0.022923199459910393,0.022923199459910393,0.06273540109395981,0.06273540109395981,6.7902
8286,0.022924231365323067,0.022924231365323067,0.06284242123365402,0.06284242123365402,6.7909
8287,0.022929679602384567,0.022929679602384567,0.0627717599272728,0.0627717599272728,6.7915
8288,0.02292921207845211,0.02292921207845211,0.06293563544750214,0.06293563544750214,6.7922
8289,0.022932466119527817,0.022932466119527817,0.0628601461648941,0.0628601461648941,6.7928
8290,0.022935625165700912,0.022935625165700912,0.0629369392991066,0.0629369392991066,6.7934
8291,0.022939443588256836,0.022939443588256836,0.06282423436641693,0.06282423436641693,6.7941
8292,0.02294427528977394,0.02294427528977394,0.0628882572054863,0.0628882572054863,6.7949
8293,0.022948864847421646,0.022948864847421646,0.06273563206195831,0.06273563206195831,6.7955
8294,0.022953113541007042,0.022953113541007042,0.06287547200918198,0.06287547200918198,6.7962
8295,0.02295673079788685,0.02295673079788685,0.06270737200975418,0.06270737200975418,6.7969
8296,0.022960180416703224,0.022960180416703224,0.0629621297121048,0.0629621297121048,6.7976
8297,0.022963685914874077,0.022963685914874077,0.06274841725826263,0.06274841725826263,6.7982
8298,0.022959604859352112,0.022959604859352112,0.06303765624761581,0.06303765624761581,6.7989
8299,0.022954817861318588,0.022954817861318588,0.06286443769931793,0.06286443769931793,6.7995
8300,0.022947560995817184,0.022947560995817184,0.06300302594900131,0.06300302594900131,6.8002
8301,0.02293873019516468,0.02293873019516468,0.06284381449222565,0.06284381449222565,6.8009
8302,0.02292989194393158,0.02292989194393158,0.0628843754529953,0.0628843754529953,6.8015
8303,0.022921498864889145,0.022921498864889145,0.06275315582752228,0.06275315582752228,6.8021
8304,0.022914746776223183,0.022914746776223183,0.06279188394546509,0.06279188394546509,6.8028
8305,0.022910794243216515,0.022910794243216515,0.06274416297674179,0.06274416297674179,6.8035
8306,0.022910067811608315,0.022910067811608315,0.06282208114862442,0.06282208114862442,6.8041
8307,0.022913392633199692,0.022913392633199692,0.06283454596996307,0.06283454596996307,6.8048
8308,0.022915635257959366,0.022915635257959366,0.06286993622779846,0.06286993622779846,6.8054
8309,0.022920776158571243,0.022920776158571243,0.0630132332444191,0.0630132332444191,6.8061
8310,0.02292516827583313,0.02292516827583313,0.06282848119735718,0.06282848119735718,6.8067
8311,0.022928690537810326,0.022928690537810326,0.0630376785993576,0.0630376785993576,6.8073
8312,0.022930622100830078,0.022930622100830078,0.06272324174642563,0.06272324174642563,6.8079
8313,0.022929906845092773,0.022929906845092773,0.06295359134674072,0.06295359134674072,6.8086
8314,0.022926250472664833,0.022926250472664833,0.06267330050468445,0.06267330050468445,6.8092
8315,0.022921202704310417,0.022921202704310417,0.06289935111999512,0.06289935111999512,6.8098
8316,0.02291644737124443,0.02291644737124443,0.06276649236679077,0.06276649236679077,6.8105
8317,0.022913912311196327,0.022913912311196327,0.06290528923273087,0.06290528923273087,6.8111
8318,0.022912204265594482,0.022912204265594482,0.06288515031337738,0.06288515031337738,6.8117
8319,0.02291163243353367,0.02291163243353367,0.06299363076686859,0.06299363076686859,6.8123
8320,0.02291051670908928,0.02291051670908928,0.06290394067764282,0.06290394067764282,6.813
8321,0.022909928113222122,0.022909928113222122,0.0629408210515976,0.0629408210515976,6.8136
8322,0.022910133004188538,0.022910133004188538,0.06283649057149887,0.06283649057149887,6.8142
8323,0.022910164669156075,0.022910164669156075,0.06282147765159607,0.06282147765159607,6.8149
8324,0.022909538820385933,0.022909538820385933,0.06279643625020981,0.06279643625020981,6.8157
8325,0.022908750921487808,0.022908750921487808,0.06278636306524277,0.06278636306524277,6.8163
8326,0.02290855161845684,0.02290855161845684,0.06287461519241333,0.06287461519241333,6.817
8327,0.022908959537744522,0.022908959537744522,0.06284498423337936,0.06284498423337936,6.8176
8328,0.022915247827768326,0.022915247827768326,0.06295908242464066,0.06295908242464066,6.8182
8329,0.02291163243353367,0.02291163243353367,0.06285560876131058,0.06285560876131058,6.8189
8330,0.022914309054613113,0.022914309054613113,0.06305400282144547,0.06305400282144547,6.8195
8331,0.022915631532669067,0.022915631532669067,0.06281711906194687,0.06281711906194687,6.8202
8332,0.02291574701666832,0.02291574701666832,0.06302905082702637,0.06302905082702637,6.8208
8333,0.02291438728570938,0.02291438728570938,0.06278002262115479,0.06278002262115479,6.8214
8334,0.022911522537469864,0.022911522537469864,0.06293366104364395,0.06293366104364395,6.822
8335,0.022908341139554977,0.022908341139554977,0.06278197467327118,0.06278197467327118,6.8232
8336,0.022906389087438583,0.022906389087438583,0.06286842375993729,0.06286842375993729,6.8239
8337,0.022906024008989334,0.022906024008989334,0.06286535412073135,0.06286535412073135,6.8245
8338,0.022911369800567627,0.022911369800567627,0.06286690384149551,0.06286690384149551,6.8251
8339,0.022905994206666946,0.022905994206666946,0.06293191015720367,0.06293191015720367,6.8258
8340,0.022905901074409485,0.022905901074409485,0.06296638399362564,0.06296638399362564,6.8264
8341,0.0229058675467968,0.0229058675467968,0.06291061639785767,0.06291061639785767,6.827
8342,0.022906551137566566,0.022906551137566566,0.06296863406896591,0.06296863406896591,6.8276
8343,0.022907251492142677,0.022907251492142677,0.06282903999090195,0.06282903999090195,6.8283
8344,0.022906865924596786,0.022906865924596786,0.06290048360824585,0.06290048360824585,6.8289
8345,0.022905441001057625,0.022905441001057625,0.06278256326913834,0.06278256326913834,6.8295
8346,0.022903764620423317,0.022903764620423317,0.06288640201091766,0.06288640201091766,6.8301
8347,0.022902654483914375,0.022902654483914375,0.06285794079303741,0.06285794079303741,6.8307
8348,0.022905956953763962,0.022905956953763962,0.06293296068906784,0.06293296068906784,6.8314
8349,0.02290373481810093,0.02290373481810093,0.06293787807226181,0.06293787807226181,6.8322
8350,0.022905031219124794,0.022905031219124794,0.06303522735834122,0.06303522735834122,6.8329
8351,0.02290531061589718,0.02290531061589718,0.06292072683572769,0.06292072683572769,6.8335
8352,0.02290545031428337,0.02290545031428337,0.06300526112318039,0.06300526112318039,6.8342
8353,0.022905612364411354,0.022905612364411354,0.06284403800964355,0.06284403800964355,6.8348
8354,0.022905098274350166,0.022905098274350166,0.062920942902565,0.062920942902565,6.8355
8355,0.0229038055986166,0.0229038055986166,0.06280311197042465,0.06280311197042465,6.8361
8356,0.02290252037346363,0.02290252037346363,0.06289993226528168,0.06289993226528168,6.8367
8357,0.022901885211467743,0.022901885211467743,0.06286915391683578,0.06286915391683578,6.8374
8358,0.022904474288225174,0.022904474288225174,0.0629492774605751,0.0629492774605751,6.838
8359,0.022903505712747574,0.022903505712747574,0.06294304877519608,0.06294304877519608,6.8392
8360,0.022905368357896805,0.022905368357896805,0.06307892501354218,0.06307892501354218,6.8422
8361,0.022906403988599777,0.022906403988599777,0.0629250779747963,0.0629250779747963,6.8431
8362,0.022907396778464317,0.022907396778464317,0.06306903064250946,0.06306903064250946,6.8444
8363,0.022908275946974754,0.022908275946974754,0.0628325566649437,0.0628325566649437,6.8452
8364,0.02290821634232998,0.02290821634232998,0.06298121809959412,0.06298121809959412,6.846
8365,0.022907212376594543,0.022907212376594543,0.06277702003717422,0.06277702003717422,6.8467
8366,0.022906197234988213,0.022906197234988213,0.06295762956142426,0.06295762956142426,6.8474
8367,0.02290612831711769,0.02290612831711769,0.06285009533166885,0.06285009533166885,6.8481
8368,0.022909360006451607,0.022909360006451607,0.06300835311412811,0.06300835311412811,6.8489
8369,0.02291136421263218,0.02291136421263218,0.0629412978887558,0.0629412978887558,6.8497
8370,0.02291596308350563,0.02291596308350563,0.06313379853963852,0.06313379853963852,6.8504
8371,0.022920260205864906,0.022920260205864906,0.06293550878763199,0.06293550878763199,6.8511
8372,0.02292562462389469,0.02292562462389469,0.06312078982591629,0.06312078982591629,6.8519
8373,0.022932153195142746,0.022932153195142746,0.06285599619150162,0.06285599619150162,6.8526
8374,0.022939374670386314,0.022939374670386314,0.06304638087749481,0.06304638087749481,6.8532
8375,0.0229465551674366,0.0229465551674366,0.06282375007867813,0.06282375007867813,6.8539
8376,0.022954721003770828,0.022954721003770828,0.06304281949996948,0.06304281949996948,6.8545
8377,0.02296311780810356,0.02296311780810356,0.06292285025119781,0.06292285025119781,6.8552
8378,0.02297184430062771,0.02297184430062771,0.06310007721185684,0.06310007721185684,6.8558
8379,0.0229763425886631,0.0229763425886631,0.06302571296691895,0.06302571296691895,6.8565
8380,0.022975875064730644,0.022975875064730644,0.06321025639772415,0.06321025639772415,6.8571
8381,0.022966347634792328,0.022966347634792328,0.063004270195961,0.063004270195961,6.8577
8382,0.02295079454779625,0.02295079454779625,0.06314639747142792,0.06314639747142792,6.8583
8383,0.02293182536959648,0.02293182536959648,0.06289134919643402,0.06289134919643402,6.859
8384,0.022914160043001175,0.022914160043001175,0.06299489736557007,0.06299489736557007,6.8596
8385,0.022901732474565506,0.022901732474565506,0.06283704936504364,0.06283704936504364,6.8602
8386,0.022897228598594666,0.022897228598594666,0.06293047964572906,0.06293047964572906,6.8609
8387,0.02290017530322075,0.02290017530322075,0.06294195353984833,0.06294195353984833,6.8615
8388,0.022907346487045288,0.022907346487045288,0.06296895444393158,0.06296895444393158,6.8621
8389,0.022919971495866776,0.022919971495866776,0.06306810677051544,0.06306810677051544,6.8627
8390,0.022920886054635048,0.022920886054635048,0.06295812129974365,0.06295812129974365,6.8634
8391,0.022924352437257767,0.022924352437257767,0.0631924495100975,0.0631924495100975,6.864
8392,0.02292286790907383,0.02292286790907383,0.06289879977703094,0.06289879977703094,6.8646
8393,0.0229180958122015,0.0229180958122015,0.06316359341144562,0.06316359341144562,6.8653
8394,0.022911230102181435,0.022911230102181435,0.06285959482192993,0.06285959482192993,6.8659
8395,0.022904057055711746,0.022904057055711746,0.06304308027029037,0.06304308027029037,6.8666
8396,0.02289867028594017,0.02289867028594017,0.0628841444849968,0.0628841444849968,6.8672
8397,0.022896599024534225,0.022896599024534225,0.06294858455657959,0.06294858455657959,6.8678
8398,0.022897575050592422,0.022897575050592422,0.06299803406000137,0.06299803406000137,6.8685
8399,0.022904396057128906,0.022904396057128906,0.062926284968853,0.062926284968853,6.8691
8400,0.02290077693760395,0.02290077693760395,0.06308363378047943,0.06308363378047943,6.8698
8401,0.02290171943604946,0.02290171943604946,0.06302478164434433,0.06302478164434433,6.8704
8402,0.022902194410562515,0.022902194410562515,0.06306199729442596,0.06306199729442596,6.871
8403,0.022902298718690872,0.022902298718690872,0.06303252279758453,0.06303252279758453,6.8717
8404,0.02290140651166439,0.02290140651166439,0.0629681721329689,0.0629681721329689,6.8723
8405,0.02289889194071293,0.02289889194071293,0.0629720464348793,0.0629720464348793,6.8729
8406,0.022895587608218193,0.022895587608218193,0.0629047304391861,0.0629047304391861,6.8735
8407,0.022893063724040985,0.022893063724040985,0.06296621263027191,0.06296621263027191,6.8742
8408,0.022892320528626442,0.022892320528626442,0.062964528799057,0.062964528799057,6.8748
8409,0.02289646491408348,0.02289646491408348,0.0630280002951622,0.0630280002951622,6.8754
8410,0.02289547584950924,0.02289547584950924,0.06303703784942627,0.06303703784942627,6.876
8411,0.02289758250117302,0.02289758250117302,0.06315217167139053,0.06315217167139053,6.8767
8412,0.022898251190781593,0.022898251190781593,0.06301458179950714,0.06301458179950714,6.8773
8413,0.02289823815226555,0.02289823815226555,0.06312506645917892,0.06312506645917892,6.878
8414,0.02289777621626854,0.02289777621626854,0.06293477863073349,0.06293477863073349,6.8789
8415,0.02289641462266445,0.02289641462266445,0.06302633136510849,0.06302633136510849,6.8796
8416,0.022894207388162613,0.022894207388162613,0.06290300190448761,0.06290300190448761,6.8802
8417,0.022892111912369728,0.022892111912369728,0.06298358738422394,0.06298358738422394,6.8808
8418,0.02289097011089325,0.02289097011089325,0.06298711150884628,0.06298711150884628,6.8814
8419,0.022893154993653297,0.022893154993653297,0.0630127340555191,0.0630127340555191,6.8821
8420,0.022891893982887268,0.022891893982887268,0.06308026611804962,0.06308026611804962,6.8827
8421,0.02289310097694397,0.02289310097694397,0.06313324719667435,0.06313324719667435,6.8833
8422,0.022893421351909637,0.022893421351909637,0.06307350099086761,0.06307350099086761,6.8839
8423,0.022893663495779037,0.022893663495779037,0.06311128288507462,0.06311128288507462,6.8846
8424,0.022894006222486496,0.022894006222486496,0.0629836767911911,0.0629836767911911,6.8852
8425,0.02289360575377941,0.02289360575377941,0.06301313638687134,0.06301313638687134,6.8858
8426,0.022892288863658905,0.022892288863658905,0.06292708963155746,0.06292708963155746,6.8864
8427,0.022890759631991386,0.022890759631991386,0.06298621743917465,0.06298621743917465,6.887
8428,0.022889835759997368,0.022889835759997368,0.06299591064453125,0.06299591064453125,6.8877
8429,0.02289125882089138,0.02289125882089138,0.06304003298282623,0.06304003298282623,6.8883
8430,0.022890791296958923,0.022890791296958923,0.06308126449584961,0.06308126449584961,6.8892
8431,0.022892121225595474,0.022892121225595474,0.06317173689603806,0.06317173689603806,6.8898
8432,0.022892463952302933,0.022892463952302933,0.06306736171245575,0.06306736171245575,6.8905
8433,0.022892650216817856,0.022892650216817856,0.06314742565155029,0.06314742565155029,6.8911
8434,0.022892821580171585,0.022892821580171585,0.06297583132982254,0.06297583132982254,6.8917
8435,0.022892188280820847,0.022892188280820847,0.06304804235696793,0.06304804235696793,6.8923
8436,0.022890526801347733,0.022890526801347733,0.06292837858200073,0.06292837858200073,6.8929
8437,0.022888723760843277,0.022888723760843277,0.06302161514759064,0.06302161514759064,6.8936
8438,0.02288779243826866,0.02288779243826866,0.06300994008779526,0.06300994008779526,6.8942
8439,0.022888371720910072,0.022888371720910072,0.0630694031715393,0.0630694031715393,6.8948
8440,0.02288934215903282,0.02288934215903282,0.06310053169727325,0.06310053169727325,6.8955
8441,0.02289067767560482,0.02289067767560482,0.06319296360015869,0.06319296360015869,6.8961
8442,0.022890929132699966,0.022890929132699966,0.06308387219905853,0.06308387219905853,6.8968
8443,0.022891158238053322,0.022891158238053322,0.06316552311182022,0.06316552311182022,6.8975
8444,0.022891590371727943,0.022891590371727943,0.06298655271530151,0.06298655271530151,6.8981
8445,0.022891176864504814,0.022891176864504814,0.06307009607553482,0.06307009607553482,6.8987
8446,0.02288968488574028,0.02288968488574028,0.06293218582868576,0.06293218582868576,6.8994
8447,0.022887926548719406,0.022887926548719406,0.0630514994263649,0.0630514994263649,6.9
8448,0.022886870428919792,0.022886870428919792,0.06300972402095795,0.06300972402095795,6.9006
8449,0.022886600345373154,0.022886600345373154,0.06310579925775528,0.06310579925775528,6.9012
8450,0.02289224974811077,0.02289224974811077,0.06310035288333893,0.06310035288333893,6.9018
8451,0.022887757048010826,0.022887757048010826,0.06309035420417786,0.06309035420417786,6.9025
8452,0.022890770807862282,0.022890770807862282,0.0632149800658226,0.0632149800658226,6.9031
8453,0.022893797606229782,0.022893797606229782,0.06301901489496231,0.06301901489496231,6.9037
8454,0.02289639599621296,0.02289639599621296,0.06322755664587021,0.06322755664587021,6.9047
8455,0.02289731241762638,0.02289731241762638,0.06295144557952881,0.06295144557952881,6.9166
8456,0.022895650938153267,0.022895650938153267,0.06317668408155441,0.06317668408155441,6.9174
8457,0.02289235033094883,0.02289235033094883,0.06292762607336044,0.06292762607336044,6.9181
8458,0.022889191284775734,0.022889191284775734,0.06313643604516983,0.06313643604516983,6.9189
8459,0.022887103259563446,0.022887103259563446,0.06299994140863419,0.06299994140863419,6.9197
8460,0.022891949862241745,0.022891949862241745,0.06312304735183716,0.06312304735183716,6.9204
8461,0.022886449471116066,0.022886449471116066,0.06308216601610184,0.06308216601610184,6.9211
8462,0.02288658544421196,0.02288658544421196,0.0631905049085617,0.0631905049085617,6.9218
8463,0.02288619801402092,0.02288619801402092,0.0630914717912674,0.0630914717912674,6.9225
8464,0.022886157035827637,0.022886157035827637,0.06315751373767853,0.06315751373767853,6.9232
8465,0.022886138409376144,0.022886138409376144,0.06303536891937256,0.06303536891937256,6.9239
8466,0.022885384038090706,0.022885384038090706,0.06307245045900345,0.06307245045900345,6.9246
8467,0.02288408949971199,0.02288408949971199,0.06300372630357742,0.06300372630357742,6.9253
8468,0.022882936522364616,0.022882936522364616,0.06306125223636627,0.06306125223636627,6.926
8469,0.022882426157593727,0.022882426157593727,0.06307779997587204,0.06307779997587204,6.9267
8470,0.02288641408085823,0.02288641408085823,0.0631176009774208,0.0631176009774208,6.9274
8471,0.022883933037519455,0.022883933037519455,0.06314076483249664,0.06314076483249664,6.9281
8472,0.022885622456669807,0.022885622456669807,0.06323207169771194,0.06323207169771194,6.9289
8473,0.02288660779595375,0.02288660779595375,0.06310504674911499,0.06310504674911499,6.9296
8474,0.022887643426656723,0.022887643426656723,0.06321873515844345,0.06321873515844345,6.9302
8475,0.022888783365488052,0.022888783365488052,0.06301422417163849,0.06301422417163849,6.9309
8476,0.022889237850904465,0.022889237850904465,0.06315524131059647,0.06315524131059647,6.9315
8477,0.022889021784067154,0.022889021784067154,0.0629621222615242,0.0629621222615242,6.9322
8478,0.022889140993356705,0.022889140993356705,0.06315428018569946,0.06315428018569946,6.9328
8479,0.022890368476510048,0.022890368476510048,0.06302251666784286,0.06302251666784286,6.9335
8480,0.022896170616149902,0.022896170616149902,0.0632152408361435,0.0632152408361435,6.9341
8481,0.022899435833096504,0.022899435833096504,0.06310011446475983,0.06310011446475983,6.9348
8482,0.022907327860593796,0.022907327860593796,0.06335431337356567,0.06335431337356567,6.9355
8483,0.02291584573686123,0.02291584573686123,0.06309313327074051,0.06309313327074051,6.9361
8484,0.02292652055621147,0.02292652055621147,0.06335895508527756,0.06335895508527756,6.9368
8485,0.02293892577290535,0.02293892577290535,0.06302148848772049,0.06302148848772049,6.9374
8486,0.022952711209654808,0.022952711209654808,0.06329473108053207,0.06329473108053207,6.9381
8487,0.022965580224990845,0.022965580224990845,0.06300699710845947,0.06300699710845947,6.9387
8488,0.022977706044912338,0.022977706044912338,0.06327921152114868,0.06327921152114868,6.9394
8489,0.022984664887189865,0.022984664887189865,0.06313309073448181,0.06313309073448181,6.94
8490,0.022986318916082382,0.022986318916082382,0.06329042464494705,0.06329042464494705,6.9407
8491,0.022971423342823982,0.022971423342823982,0.06324752420186996,0.06324752420186996,6.9413
8492,0.02294822968542576,0.02294822968542576,0.06332452595233917,0.06332452595233917,6.942
8493,0.022919412702322006,0.022919412702322006,0.0632125586271286,0.0632125586271286,6.9426
8494,0.022895608097314835,0.022895608097314835,0.06321431696414948,0.06321431696414948,6.9433
8495,0.02288356050848961,0.02288356050848961,0.0631108507514,0.0631108507514,6.9439
8496,0.022883940488100052,0.022883940488100052,0.06309635937213898,0.06309635937213898,6.9445
8497,0.022892601788043976,0.022892601788043976,0.06308718025684357,0.06308718025684357,6.9452
8498,0.0229034423828125,0.0229034423828125,0.06309279054403305,0.06309279054403305,6.9458
8499,0.022910889238119125,0.022910889238119125,0.0631815642118454,0.0631815642118454,6.9465
8500,0.02291104570031166,0.02291104570031166,0.06315045058727264,0.06315045058727264,6.9471
8501,0.022904660552740097,0.022904660552740097,0.06325379759073257,0.06325379759073257,6.9477
8502,0.022894300520420074,0.022894300520420074,0.06326349824666977,0.06326349824666977,6.9484
8503,0.022884372621774673,0.022884372621774673,0.06321428716182709,0.06321428716182709,6.9491
8504,0.022879628464579582,0.022879628464579582,0.0632244348526001,0.0632244348526001,6.9498
8505,0.022881198674440384,0.022881198674440384,0.06311428546905518,0.06311428546905518,6.9505
8506,0.022886093705892563,0.022886093705892563,0.06314045935869217,0.06314045935869217,6.9511
8507,0.022890379652380943,0.022890379652380943,0.0630621686577797,0.0630621686577797,6.9517
8508,0.022891640663146973,0.022891640663146973,0.0631367564201355,0.0631367564201355,6.9523
8509,0.02288949117064476,0.02288949117064476,0.06312369555234909,0.06312369555234909,6.953
8510,0.022885195910930634,0.022885195910930634,0.06320174783468246,0.06320174783468246,6.9536
8511,0.022885728627443314,0.022885728627443314,0.06319171190261841,0.06319171190261841,6.9543
8512,0.022877955809235573,0.022877955809235573,0.06320750713348389,0.06320750713348389,6.9549
8513,0.022878792136907578,0.022878792136907578,0.06329018622636795,0.06329018622636795,6.9561
8514,0.022881213575601578,0.022881213575601578,0.06315729767084122,0.06315729767084122,6.9571
8515,0.0228843055665493,0.0228843055665493,0.06327904015779495,0.06327904015779495,6.958
8516,0.022886300459504128,0.022886300459504128,0.06310053169727325,0.06310053169727325,6.9589
8517,0.022885670885443687,0.022885670885443687,0.06321201473474503,0.06321201473474503,6.9598
8518,0.022882824763655663,0.022882824763655663,0.06307686865329742,0.06307686865329742,6.9606
8519,0.022879507392644882,0.022879507392644882,0.06317189335823059,0.06317189335823059,6.9614
8520,0.02287694253027439,0.02287694253027439,0.06313936412334442,0.06313936412334442,6.9623
8521,0.02288062497973442,0.02288062497973442,0.06318002939224243,0.06318002939224243,6.9631
8522,0.022875363007187843,0.022875363007187843,0.06320847570896149,0.06320847570896149,6.9639
8523,0.022876450791954994,0.022876450791954994,0.06328462064266205,0.06328462064266205,6.9648
8524,0.022877667099237442,0.022877667099237442,0.06320426613092422,0.06320426613092422,6.9658
8525,0.022878924384713173,0.022878924384713173,0.0632658302783966,0.0632658302783966,6.9669
8526,0.02287948504090309,0.02287948504090309,0.06313927471637726,0.06313927471637726,6.9681
8527,0.022878451272845268,0.022878451272845268,0.06316612660884857,0.06316612660884857,6.969
8528,0.02287619560956955,0.02287619560956955,0.06310685724020004,0.06310685724020004,6.9699
8529,0.022873956710100174,0.022873956710100174,0.06313134729862213,0.06313134729862213,6.9706
8530,0.022872798144817352,0.022872798144817352,0.06318984180688858,0.06318984180688858,6.9714
8531,0.022875912487506866,0.022875912487506866,0.06318173557519913,0.06318173557519913,6.9722
8532,0.022873573005199432,0.022873573005199432,0.06326983124017715,0.06326983124017715,6.9729
8533,0.022874750196933746,0.022874750196933746,0.06330986320972443,0.06330986320972443,6.9736
8534,0.02287532389163971,0.02287532389163971,0.06323704868555069,0.06323704868555069,6.9744
8535,0.02287593111395836,0.02287593111395836,0.06329400837421417,0.06329400837421417,6.9751
8536,0.02287665754556656,0.02287665754556656,0.06313350051641464,0.06313350051641464,6.9796
8537,0.022876495495438576,0.022876495495438576,0.06321630626916885,0.06321630626916885,6.9805
8538,0.022875159978866577,0.022875159978866577,0.06307549774646759,0.06307549774646759,6.9815
8539,0.02287338115274906,0.02287338115274906,0.06319936364889145,0.06319936364889145,6.9822
8540,0.022872047498822212,0.022872047498822212,0.0631437748670578,0.0631437748670578,6.9829
8541,0.0228738971054554,0.0228738971054554,0.0632438212633133,0.0632438212633133,6.9835
8542,0.022873084992170334,0.022873084992170334,0.06323808431625366,0.06323808431625366,6.9843
8543,0.022874627262353897,0.022874627262353897,0.06336550414562225,0.06336550414562225,6.9851
8544,0.022874869406223297,0.022874869406223297,0.06324149668216705,0.06324149668216705,6.9858
8545,0.02287471480667591,0.02287471480667591,0.06332741677761078,0.06332741677761078,6.9865
8546,0.02287451922893524,0.02287451922893524,0.06316116452217102,0.06316116452217102,6.9873
8547,0.022873643785715103,0.022873643785715103,0.06320992112159729,0.06320992112159729,6.988
8548,0.022871974855661392,0.022871974855661392,0.06311456859111786,0.06311456859111786,6.9887
8549,0.022870350629091263,0.022870350629091263,0.06317094713449478,0.06317094713449478,6.9894
8550,0.022869577631354332,0.022869577631354332,0.06319576501846313,0.06319576501846313,6.99
8551,0.02287101559340954,0.02287101559340954,0.06322189420461655,0.06322189420461655,6.9907
8552,0.02287084236741066,0.02287084236741066,0.06329113245010376,0.06329113245010376,6.9913
8553,0.022872040048241615,0.022872040048241615,0.06335638463497162,0.06335638463497162,6.992
8554,0.022872289642691612,0.022872289642691612,0.06327556818723679,0.06327556818723679,6.9927
8555,0.022872578352689743,0.022872578352689743,0.06333301216363907,0.06333301216363907,6.9933
8556,0.02287311665713787,0.02287311665713787,0.06317102909088135,0.06317102909088135,6.994
8557,0.02287295088171959,0.02287295088171959,0.06324061006307602,0.06324061006307602,6.9946
8558,0.022871652618050575,0.022871652618050575,0.06310870498418808,0.06310870498418808,6.9953
8559,0.02286996878683567,0.02286996878683567,0.06322790682315826,0.06322790682315826,6.996
8560,0.022868910804390907,0.022868910804390907,0.06318099796772003,0.06318099796772003,6.9966
8561,0.022869085893034935,0.022869085893034935,0.06328658014535904,0.06328658014535904,6.9973
8562,0.02287079021334648,0.02287079021334648,0.0632719174027443,0.0632719174027443,6.998
8563,0.022872615605592728,0.022872615605592728,0.06341473758220673,0.06341473758220673,6.9986
8564,0.02287307009100914,0.02287307009100914,0.06325844675302505,0.06325844675302505,6.9993
8565,0.02287330850958824,0.02287330850958824,0.06337907165288925,0.06337907165288925,7.0
8566,0.02287360467016697,0.02287360467016697,0.06316129118204117,0.06316129118204117,7.0006
8567,0.0228730421513319,0.0228730421513319,0.06327465921640396,0.06327465921640396,7.0013
8568,0.022871334105730057,0.022871334105730057,0.06310830265283585,0.06310830265283585,7.0019
8569,0.022869326174259186,0.022869326174259186,0.06325248628854752,0.06325248628854752,7.0026
8570,0.022868061438202858,0.022868061438202858,0.06319115310907364,0.06319115310907364,7.0032
8571,0.022867660969495773,0.022867660969495773,0.0633060485124588,0.0633060485124588,7.0039
8572,0.022872742265462875,0.022872742265462875,0.06328896433115005,0.06328896433115005,7.0046
8573,0.022868622094392776,0.022868622094392776,0.06328977644443512,0.06328977644443512,7.0052
8574,0.022871557623147964,0.022871557623147964,0.0634085088968277,0.0634085088968277,7.0059
8575,0.022874517366290092,0.022874517366290092,0.0632130429148674,0.0632130429148674,7.0065
8576,0.02287721075117588,0.02287721075117588,0.06341789662837982,0.06341789662837982,7.0072
8577,0.022878404706716537,0.022878404706716537,0.06313691288232803,0.06313691288232803,7.0078
8578,0.022877007722854614,0.022877007722854614,0.06337065249681473,0.06337065249681473,7.0084
8579,0.022873856127262115,0.022873856127262115,0.06310506165027618,0.06310506165027618,7.009
8580,0.022870877757668495,0.022870877757668495,0.06334374845027924,0.06334374845027924,7.0097
8581,0.022868990898132324,0.022868990898132324,0.06317218393087387,0.06317218393087387,7.0103
8582,0.022873837500810623,0.022873837500810623,0.06334147602319717,0.06334147602319717,7.0109
8583,0.022869637235999107,0.022869637235999107,0.06325393915176392,0.06325393915176392,7.0116
8584,0.02287079393863678,0.02287079393863678,0.06341581046581268,0.06341581046581268,7.0122
8585,0.022871311753988266,0.022871311753988266,0.06326073408126831,0.06326073408126831,7.0128
8586,0.022872090339660645,0.022872090339660645,0.06338390707969666,0.06338390707969666,7.0135
8587,0.02287277579307556,0.02287277579307556,0.06319683790206909,0.06319683790206909,7.0141
8588,0.022872697561979294,0.022872697561979294,0.06330335140228271,0.06330335140228271,7.0147
8589,0.022871971130371094,0.022871971130371094,0.06315992772579193,0.06315992772579193,7.0154
8590,0.022871356457471848,0.022871356457471848,0.06329870223999023,0.06329870223999023,7.016
8591,0.022871365770697594,0.022871365770697594,0.06323428452014923,0.06323428452014923,7.0166
8592,0.022875580936670303,0.022875580936670303,0.06336027383804321,0.06336027383804321,7.0172
8593,0.022874997928738594,0.022874997928738594,0.06330157816410065,0.06330157816410065,7.0179
8594,0.022878263145685196,0.022878263145685196,0.06348250061273575,0.06348250061273575,7.0185
8595,0.022880524396896362,0.022880524396896362,0.0632689893245697,0.0632689893245697,7.0192
8596,0.022882504388689995,0.022882504388689995,0.06346466392278671,0.06346466392278671,7.0198
8597,0.022883960977196693,0.022883960977196693,0.06318192183971405,0.06318192183971405,7.0206
8598,0.02288413606584072,0.02288413606584072,0.06338682025671005,0.06338682025671005,7.0212
8599,0.022882746532559395,0.022882746532559395,0.06314049661159515,0.06314049661159515,7.0219
8600,0.02288096770644188,0.02288096770644188,0.06336482614278793,0.06336482614278793,7.0225
8601,0.022879473865032196,0.022879473865032196,0.06321859359741211,0.06321859359741211,7.0232
8602,0.022880954667925835,0.022880954667925835,0.06339678913354874,0.06339678913354874,7.0239
8603,0.022879790514707565,0.022879790514707565,0.06331713497638702,0.06331713497638702,7.0247
8604,0.022880354896187782,0.022880354896187782,0.06349929422140121,0.06349929422140121,7.0254
8605,0.022879287600517273,0.022879287600517273,0.06332120299339294,0.06332120299339294,7.0261
8606,0.02287783846259117,0.02287783846259117,0.06345082819461823,0.06345082819461823,7.0267
8607,0.022876083850860596,0.022876083850860596,0.06324152648448944,0.06324152648448944,7.0284
8608,0.022873517125844955,0.022873517125844955,0.0633358508348465,0.0633358508348465,7.0294
8609,0.022870123386383057,0.022870123386383057,0.06319618225097656,0.06319618225097656,7.0303
8610,0.022866856306791306,0.022866856306791306,0.06329885870218277,0.06329885870218277,7.0315
8611,0.02286454103887081,0.02286454103887081,0.06327806413173676,0.06327806413173676,7.0325
8612,0.022864308208227158,0.022864308208227158,0.0633404403924942,0.0633404403924942,7.0333
8613,0.022863594815135002,0.022863594815135002,0.06337285786867142,0.06337285786867142,7.034
8614,0.022864211350679398,0.022864211350679398,0.06346002966165543,0.06346002966165543,7.0352
8615,0.02286406420171261,0.02286406420171261,0.06335955858230591,0.06335955858230591,7.0359
8616,0.022864067927002907,0.022864067927002907,0.06342615187168121,0.06342615187168121,7.0366
8617,0.02286425791680813,0.02286425791680813,0.06326501071453094,0.06326501071453094,7.0372
8618,0.02286370098590851,0.02286370098590851,0.0633310079574585,0.0633310079574585,7.0379
8619,0.022862110286951065,0.022862110286951065,0.06321454793214798,0.06321454793214798,7.0385
8620,0.022860324010252953,0.022860324010252953,0.06331802904605865,0.06331802904605865,7.0392
8621,0.022859344258904457,0.022859344258904457,0.0632910281419754,0.0632910281419754,7.0398
8622,0.02285921201109886,0.02285921201109886,0.06337334215641022,0.06337334215641022,7.0405
8623,0.02286519482731819,0.02286519482731819,0.06337879598140717,0.06337879598140717,7.0411
8624,0.02286083623766899,0.02286083623766899,0.06335768848657608,0.06335768848657608,7.0418
8625,0.022864293307065964,0.022864293307065964,0.06349559128284454,0.06349559128284454,7.0425
8626,0.022867778316140175,0.022867778316140175,0.0632862076163292,0.0632862076163292,7.0432
8627,0.022870969027280807,0.022870969027280807,0.06350668519735336,0.06350668519735336,7.0438
8628,0.022872556000947952,0.022872556000947952,0.06321533769369125,0.06321533769369125,7.0445
8629,0.022871414199471474,0.022871414199471474,0.0634596198797226,0.0634596198797226,7.0452
8630,0.022868264466524124,0.022868264466524124,0.0631859079003334,0.0631859079003334,7.0459
8631,0.02286512777209282,0.02286512777209282,0.06343164294958115,0.06343164294958115,7.0465
8632,0.0228629969060421,0.0228629969060421,0.06325381994247437,0.06325381994247437,7.0472
8633,0.0228678397834301,0.0228678397834301,0.06342513859272003,0.06342513859272003,7.048
8634,0.02286335453391075,0.02286335453391075,0.06333844363689423,0.06333844363689423,7.0487
8635,0.022864462807774544,0.022864462807774544,0.06349171698093414,0.06349171698093414,7.0494
8636,0.022864993661642075,0.022864993661642075,0.06335129588842392,0.06335129588842392,7.05
8637,0.02286573126912117,0.02286573126912117,0.06345152109861374,0.06345152109861374,7.0506
8638,0.022866327315568924,0.022866327315568924,0.06329426169395447,0.06329426169395447,7.0513
8639,0.02286613918840885,0.02286613918840885,0.06336724758148193,0.06336724758148193,7.0519
8640,0.022865399718284607,0.022865399718284607,0.06326435506343842,0.06326435506343842,7.0526
8641,0.022864939644932747,0.022864939644932747,0.06336066126823425,0.06336066126823425,7.0532
8642,0.022865325212478638,0.022865325212478638,0.06334451586008072,0.06334451586008072,7.0539
8643,0.022870149463415146,0.022870149463415146,0.06341639906167984,0.06341639906167984,7.0545
8644,0.022869650274515152,0.022869650274515152,0.06341610848903656,0.06341610848903656,7.0551
8645,0.02287374809384346,0.02287374809384346,0.06353176385164261,0.06353176385164261,7.0557
8646,0.022877801209688187,0.022877801209688187,0.06339167058467865,0.06339167058467865,7.0564
8647,0.022882569581270218,0.022882569581270218,0.06351065635681152,0.06351065635681152,7.057
8648,0.022887710481882095,0.022887710481882095,0.06332126259803772,0.06332126259803772,7.0576
8649,0.022892452776432037,0.022892452776432037,0.0634315237402916,0.0634315237402916,7.0583
8650,0.02289609983563423,0.02289609983563423,0.06330308318138123,0.06330308318138123,7.059
8651,0.022899655625224113,0.022899655625224113,0.06340888887643814,0.06340888887643814,7.0596
8652,0.02290276065468788,0.02290276065468788,0.06340167671442032,0.06340167671442032,7.0603
8653,0.022906919941306114,0.022906919941306114,0.06344117224216461,0.06344117224216461,7.0613
8654,0.022904330864548683,0.022904330864548683,0.06350050866603851,0.06350050866603851,7.0621
8655,0.022900516167283058,0.022900516167283058,0.0635424479842186,0.0635424479842186,7.0629
8656,0.022892910987138748,0.022892910987138748,0.06347527354955673,0.06347527354955673,7.0637
8657,0.022884085774421692,0.022884085774421692,0.06350096315145493,0.06350096315145493,7.0644
8658,0.02287519909441471,0.02287519909441471,0.06335201114416122,0.06335201114416122,7.0652
8659,0.022867050021886826,0.022867050021886826,0.06340610980987549,0.06340610980987549,7.0658
8660,0.022860294207930565,0.022860294207930565,0.063268281519413,0.063268281519413,7.0665
8661,0.02285603992640972,0.02285603992640972,0.06339442729949951,0.06339442729949951,7.0672
8662,0.022854674607515335,0.022854674607515335,0.0633278638124466,0.0633278638124466,7.0678
8663,0.022856730967760086,0.022856730967760086,0.0634552389383316,0.0634552389383316,7.0685
8664,0.022860627621412277,0.022860627621412277,0.06342261284589767,0.06342261284589767,7.0691
8665,0.022865625098347664,0.022865625098347664,0.06358693540096283,0.06358693540096283,7.0698
8666,0.022868435829877853,0.022868435829877853,0.06342817842960358,0.06342817842960358,7.0718
8667,0.022869206964969635,0.022869206964969635,0.0635359138250351,0.0635359138250351,7.0725
8668,0.02286803349852562,0.02286803349852562,0.06336073577404022,0.06336073577404022,7.0732
8669,0.02286466583609581,0.02286466583609581,0.06339965760707855,0.06339965760707855,7.0739
8670,0.022859960794448853,0.022859960794448853,0.0633380338549614,0.0633380338549614,7.0745
8671,0.022855747491121292,0.022855747491121292,0.06334421038627625,0.06334421038627625,7.0752
8672,0.02285352721810341,0.02285352721810341,0.06343871355056763,0.06343871355056763,7.0758
8673,0.0228533037006855,0.0228533037006855,0.06338044255971909,0.06338044255971909,7.0765
8674,0.022860122844576836,0.022860122844576836,0.06353908777236938,0.06353908777236938,7.0771
8675,0.022858494892716408,0.022858494892716408,0.06338021904230118,0.06338021904230118,7.0777
8676,0.022862879559397697,0.022862879559397697,0.06364266574382782,0.06364266574382782,7.0783
8677,0.0228645671159029,0.0228645671159029,0.06334518641233444,0.06334518641233444,7.0789
8678,0.02286379598081112,0.02286379598081112,0.06358976662158966,0.06358976662158966,7.0796
8679,0.02286086603999138,0.02286086603999138,0.06332100182771683,0.06332100182771683,7.0802
8680,0.02285638079047203,0.02285638079047203,0.0634632259607315,0.0634632259607315,7.0808
8681,0.02285229042172432,0.02285229042172432,0.06334272772073746,0.06334272772073746,7.0815
8682,0.02285049296915531,0.02285049296915531,0.06338733434677124,0.06338733434677124,7.0821
8683,0.022850940003991127,0.022850940003991127,0.06344901025295258,0.06344901025295258,7.0827
8684,0.022856567054986954,0.022856567054986954,0.06338056921958923,0.06338056921958923,7.0833
8685,0.02285134792327881,0.02285134792327881,0.06353110074996948,0.06353110074996948,7.084
8686,0.02285073697566986,0.02285073697566986,0.0634780004620552,0.0634780004620552,7.0846
8687,0.02285044454038143,0.02285044454038143,0.06350187957286835,0.06350187957286835,7.0852
8688,0.022851157933473587,0.022851157933473587,0.06347952783107758,0.06347952783107758,7.0858
8689,0.022852130234241486,0.022852130234241486,0.06339424848556519,0.06339424848556519,7.0866
8690,0.02285217121243477,0.02285217121243477,0.06342794001102448,0.06342794001102448,7.0872
8691,0.022851111367344856,0.022851111367344856,0.06332661211490631,0.06332661211490631,7.0878
8692,0.022849639877676964,0.022849639877676964,0.06344027817249298,0.06344027817249298,7.0885
8693,0.02284860797226429,0.02284860797226429,0.06339094787836075,0.06339094787836075,7.0891
8694,0.02285165712237358,0.02285165712237358,0.06350765377283096,0.06350765377283096,7.0897
8695,0.022850750014185905,0.022850750014185905,0.06346510350704193,0.06346510350704193,7.0904
8696,0.022853096947073936,0.022853096947073936,0.06362941116094589,0.06362941116094589,7.091
8697,0.02285413071513176,0.02285413071513176,0.06344190984964371,0.06344190984964371,7.0916
8698,0.022854657843708992,0.022854657843708992,0.0635930746793747,0.0635930746793747,7.0923
8699,0.02285492606461048,0.02285492606461048,0.06335841119289398,0.06335841119289398,7.0929
8700,0.02285424992442131,0.02285424992442131,0.06349480152130127,0.06349480152130127,7.0935
8701,0.022852512076497078,0.022852512076497078,0.06331844627857208,0.06331844627857208,7.0941
8702,0.022850655019283295,0.022850655019283295,0.06346944719552994,0.06346944719552994,7.0948
8703,0.022849511355161667,0.022849511355161667,0.0633976012468338,0.0633976012468338,7.0954
8704,0.022850999608635902,0.022850999608635902,0.06351540982723236,0.06351540982723236,7.096
8705,0.02285124361515045,0.02285124361515045,0.06349273771047592,0.06349273771047592,7.0967
8706,0.02285328507423401,0.02285328507423401,0.06363965570926666,0.06363965570926666,7.0973
8707,0.022854235023260117,0.022854235023260117,0.06348615884780884,0.06348615884780884,7.0979
8708,0.022854944691061974,0.022854944691061974,0.06360526382923126,0.06360526382923126,7.0985
8709,0.0228554867208004,0.0228554867208004,0.06339067220687866,0.06339067220687866,7.0991
8710,0.022855209186673164,0.022855209186673164,0.06350193917751312,0.06350193917751312,7.0998
8711,0.022853974252939224,0.022853974252939224,0.06333328783512115,0.06333328783512115,7.1004
8712,0.022852687165141106,0.022852687165141106,0.06348277628421783,0.06348277628421783,7.101
8713,0.022852161899209023,0.022852161899209023,0.06341227889060974,0.06341227889060974,7.1016
8714,0.022853193804621696,0.022853193804621696,0.06354347616434097,0.06354347616434097,7.1022
8715,0.02285514399409294,0.02285514399409294,0.06350747495889664,0.06350747495889664,7.1029
8716,0.022857775911688805,0.022857775911688805,0.06367945671081543,0.06367945671081543,7.1035
8717,0.022859301418066025,0.022859301418066025,0.06348878145217896,0.06348878145217896,7.1041
8718,0.022860778495669365,0.022860778495669365,0.0636511966586113,0.0636511966586113,7.1048
8719,0.022862236946821213,0.022862236946821213,0.06338433176279068,0.06338433176279068,7.1054
8720,0.022862767800688744,0.022862767800688744,0.06355617940425873,0.06355617940425873,7.1061
8721,0.022861842066049576,0.022861842066049576,0.06333162635564804,0.06333162635564804,7.1067
8722,0.02286045253276825,0.02286045253276825,0.06354173272848129,0.06354173272848129,7.1073
8723,0.02285945788025856,0.02285945788025856,0.06341944634914398,0.06341944634914398,7.1079
8724,0.0228592436760664,0.0228592436760664,0.06359194219112396,0.06359194219112396,7.1086
8725,0.022864053025841713,0.022864053025841713,0.0635223463177681,0.0635223463177681,7.1092
8726,0.022859975695610046,0.022859975695610046,0.0635640025138855,0.0635640025138855,7.1098
8727,0.022862788289785385,0.022862788289785385,0.06364922225475311,0.06364922225475311,7.1104
8728,0.02286536991596222,0.02286536991596222,0.06348061561584473,0.06348061561584473,7.111
8729,0.022867050021886826,0.022867050021886826,0.0636502131819725,0.0636502131819725,7.1117
8730,0.022866535931825638,0.022866535931825638,0.0634089857339859,0.0634089857339859,7.1123
8731,0.022862786427140236,0.022862786427140236,0.06358074396848679,0.06358074396848679,7.1129
8732,0.022857099771499634,0.022857099771499634,0.06339124590158463,0.06339124590158463,7.1135
8733,0.02285190485417843,0.02285190485417843,0.0635329857468605,0.0635329857468605,7.1141
8734,0.022848371416330338,0.022848371416330338,0.06347699463367462,0.06347699463367462,7.1148
8735,0.022850824519991875,0.022850824519991875,0.06351625919342041,0.06351625919342041,7.1154
8736,0.022844742983579636,0.022844742983579636,0.06356745958328247,0.06356745958328247,7.116
8737,0.022843560203909874,0.022843560203909874,0.06358201801776886,0.06358201801776886,7.1166
8738,0.0228427704423666,0.0228427704423666,0.06356747448444366,0.06356747448444366,7.1173
8739,0.02284313179552555,0.02284313179552555,0.06354774534702301,0.06354774534702301,7.1179
8740,0.02284402586519718,0.02284402586519718,0.06348924338817596,0.06348924338817596,7.1185
8741,0.022844348102808,0.022844348102808,0.06347623467445374,0.06347623467445374,7.1191
8742,0.02284390851855278,0.02284390851855278,0.06343900412321091,0.06343900412321091,7.1197
8743,0.02284320630133152,0.02284320630133152,0.06348810344934464,0.06348810344934464,7.1204
8744,0.02284283936023712,0.02284283936023712,0.063504658639431,0.063504658639431,7.121
8745,0.022845745086669922,0.022845745086669922,0.06356583535671234,0.06356583535671234,7.1216
8746,0.022845197468996048,0.022845197468996048,0.06356275081634521,0.06356275081634521,7.1222
8747,0.022848118096590042,0.022848118096590042,0.0637049674987793,0.0637049674987793,7.1228
8748,0.022850530222058296,0.022850530222058296,0.06351723521947861,0.06351723521947861,7.1235
8749,0.022853126749396324,0.022853126749396324,0.06369676440954208,0.06369676440954208,7.1241
8750,0.022855842486023903,0.022855842486023903,0.06341490894556046,0.06341490894556046,7.1247
8751,0.02285771630704403,0.02285771630704403,0.06362802535295486,0.06362802535295486,7.1253
8752,0.0228582751005888,0.0228582751005888,0.06336179375648499,0.06336179375648499,7.1259
8753,0.022858349606394768,0.022858349606394768,0.06362316012382507,0.06362316012382507,7.1266
8754,0.022858530282974243,0.022858530282974243,0.06343530118465424,0.06343530118465424,7.1272
8755,0.022860947996377945,0.022860947996377945,0.06367550045251846,0.06367550045251846,7.1278
8756,0.022863170132040977,0.022863170132040977,0.0635344535112381,0.0635344535112381,7.1284
8757,0.022866684943437576,0.022866684943437576,0.063794806599617,0.063794806599617,7.1291
8758,0.02286827377974987,0.02286827377974987,0.06354168802499771,0.06354168802499771,7.1297
8759,0.022869031876325607,0.022869031876325607,0.06374093145132065,0.06374093145132065,7.1303
8760,0.02286868914961815,0.02286868914961815,0.06346796452999115,0.06346796452999115,7.1309
8761,0.022866830229759216,0.022866830229759216,0.06360731273889542,0.06360731273889542,7.1316
8762,0.02286320924758911,0.02286320924758911,0.06343565881252289,0.06343565881252289,7.1322
8763,0.022859159857034683,0.022859159857034683,0.06355182826519012,0.06355182826519012,7.1328
8764,0.02285544015467167,0.02285544015467167,0.06353653222322464,0.06353653222322464,7.1334
8765,0.022852422669529915,0.022852422669529915,0.06358029693365097,0.06358029693365097,7.1341
8766,0.022855818271636963,0.022855818271636963,0.06364387273788452,0.06364387273788452,7.1347
8767,0.022849252447485924,0.022849252447485924,0.06355969607830048,0.06355969607830048,7.1353
8768,0.02284989133477211,0.02284989133477211,0.06375276297330856,0.06375276297330856,7.1359
8769,0.02284933254122734,0.02284933254122734,0.06350264698266983,0.06350264698266983,7.1366
8770,0.022847894579172134,0.022847894579172134,0.06371334940195084,0.06371334940195084,7.1372
8771,0.022845542058348656,0.022845542058348656,0.06346301734447479,0.06346301734447479,7.1378
8772,0.02284226566553116,0.02284226566553116,0.06361179053783417,0.06361179053783417,7.1384
8773,0.022839495912194252,0.022839495912194252,0.06347019970417023,0.06347019970417023,7.139
8774,0.022838782519102097,0.022838782519102097,0.06355910003185272,0.06355910003185272,7.1397
8775,0.02284003421664238,0.02284003421664238,0.06356301158666611,0.06356301158666611,7.1403
8776,0.02284671552479267,0.02284671552479267,0.06356390565633774,0.06356390565633774,7.1409
8777,0.022842517122626305,0.022842517122626305,0.06363935768604279,0.06363935768604279,7.1415
8778,0.022843191400170326,0.022843191400170326,0.06366477161645889,0.06366477161645889,7.1422
8779,0.02284376323223114,0.02284376323223114,0.06361321359872818,0.06361321359872818,7.1428
8780,0.02284480445086956,0.02284480445086956,0.06366195529699326,0.06366195529699326,7.1434
8781,0.022845584899187088,0.022845584899187088,0.06351178884506226,0.06351178884506226,7.144
8782,0.02284509316086769,0.02284509316086769,0.06359998881816864,0.06359998881816864,7.1447
8783,0.022843290120363235,0.022843290120363235,0.06345413625240326,0.06345413625240326,7.1453
8784,0.022840989753603935,0.022840989753603935,0.0636008158326149,0.0636008158326149,7.1459
8785,0.022839069366455078,0.022839069366455078,0.06353211402893066,0.06353211402893066,7.1465
8786,0.022840935736894608,0.022840935736894608,0.06365691125392914,0.06365691125392914,7.1471
8787,0.02283937856554985,0.02283937856554985,0.06361569464206696,0.06361569464206696,7.1478
8788,0.0228407122194767,0.0228407122194767,0.06376777589321136,0.06376777589321136,7.1484
8789,0.022840771824121475,0.022840771824121475,0.06359587609767914,0.06359587609767914,7.149
8790,0.022840412333607674,0.022840412333607674,0.0637199804186821,0.0637199804186821,7.1496
8791,0.02284000813961029,0.02284000813961029,0.06351591646671295,0.06351591646671295,7.1503
8792,0.022838840261101723,0.022838840261101723,0.06361393630504608,0.06361393630504608,7.1509
8793,0.02283681556582451,0.02283681556582451,0.06348033249378204,0.06348033249378204,7.1515
8794,0.02283480204641819,0.02283480204641819,0.06358684599399567,0.06358684599399567,7.1522
8795,0.02283361926674843,0.02283361926674843,0.06356281787157059,0.06356281787157059,7.1528
8796,0.022834477946162224,0.022834477946162224,0.0636337623000145,0.0636337623000145,7.1534
8797,0.022834602743387222,0.022834602743387222,0.06365808844566345,0.06365808844566345,7.154
8798,0.02283603325486183,0.02283603325486183,0.0637580081820488,0.0637580081820488,7.1547
8799,0.022836487740278244,0.022836487740278244,0.06364995241165161,0.06364995241165161,7.1553
8800,0.02283674106001854,0.02283674106001854,0.06371930986642838,0.06371930986642838,7.1559
8801,0.022836927324533463,0.022836927324533463,0.06355266273021698,0.06355266273021698,7.1565
8802,0.022836219519376755,0.022836219519376755,0.06361210346221924,0.06361210346221924,7.1572
8803,0.02283458039164543,0.02283458039164543,0.06349413096904755,0.06349413096904755,7.1579
8804,0.02283286675810814,0.02283286675810814,0.06359270960092545,0.06359270960092545,7.1586
8805,0.02283192053437233,0.02283192053437233,0.0635753720998764,0.0635753720998764,7.1592
8806,0.022831862792372704,0.022831862792372704,0.06365306675434113,0.06365306675434113,7.1598
8807,0.022838125005364418,0.022838125005364418,0.0636742115020752,0.0636742115020752,7.1604
8808,0.022833893075585365,0.022833893075585365,0.0636444240808487,0.0636444240808487,7.1611
8809,0.02283715270459652,0.02283715270459652,0.06378821283578873,0.06378821283578873,7.1617
8810,0.022839803248643875,0.022839803248643875,0.06357733905315399,0.06357733905315399,7.1623
8811,0.022841759026050568,0.022841759026050568,0.06377775967121124,0.06377775967121124,7.1629
8812,0.022842222824692726,0.022842222824692726,0.0635136142373085,0.0635136142373085,7.1635
8813,0.02284037135541439,0.02284037135541439,0.06371414661407471,0.06371414661407471,7.1642
8814,0.02283722348511219,0.02283722348511219,0.06349260360002518,0.06349260360002518,7.1648
8815,0.022834837436676025,0.022834837436676025,0.06368710100650787,0.06368710100650787,7.1654
8816,0.022833844646811485,0.022833844646811485,0.0635659471154213,0.0635659471154213,7.166
8817,0.022838935256004333,0.022838935256004333,0.06369129568338394,0.06369129568338394,7.1666
8818,0.022834479808807373,0.022834479808807373,0.06364533305168152,0.06364533305168152,7.1673
8819,0.022834856063127518,0.022834856063127518,0.06377016007900238,0.06377016007900238,7.1679
8820,0.022834550589323044,0.022834550589323044,0.06364128738641739,0.06364128738641739,7.1685
8821,0.022834423929452896,0.022834423929452896,0.06373552978038788,0.06373552978038788,7.1691
8822,0.022834187373518944,0.022834187373518944,0.06356432288885117,0.06356432288885117,7.1698
8823,0.022833138704299927,0.022833138704299927,0.06365172564983368,0.06365172564983368,7.1704
8824,0.022831479087471962,0.022831479087471962,0.06352685391902924,0.06352685391902924,7.171
8825,0.0228298157453537,0.0228298157453537,0.06364639103412628,0.06364639103412628,7.1716
8826,0.022828776389360428,0.022828776389360428,0.06361673772335052,0.06361673772335052,7.1723
8827,0.02283122017979622,0.02283122017979622,0.06369760632514954,0.06369760632514954,7.1729
8828,0.02283012680709362,0.02283012680709362,0.06369917094707489,0.06369917094707489,7.1735
8829,0.022831667214632034,0.022831667214632034,0.06380044668912888,0.06380044668912888,7.1741
8830,0.02283201552927494,0.02283201552927494,0.06367453187704086,0.06367453187704086,7.1747
8831,0.02283203974366188,0.02283203974366188,0.06375725567340851,0.06375725567340851,7.1754
8832,0.022832071408629417,0.022832071408629417,0.0635901540517807,0.0635901540517807,7.176
8833,0.022831443697214127,0.022831443697214127,0.06366638839244843,0.06366638839244843,7.1766
8834,0.022830069065093994,0.022830069065093994,0.06354726850986481,0.06354726850986481,7.1772
8835,0.02282877266407013,0.02282877266407013,0.06365858763456345,0.06365858763456345,7.1778
8836,0.02282821200788021,0.02282821200788021,0.06361827254295349,0.06361827254295349,7.1785
8837,0.022829392924904823,0.022829392924904823,0.06372202932834625,0.06372202932834625,7.1791
8838,0.02283034846186638,0.02283034846186638,0.06369613111019135,0.06369613111019135,7.1797
8839,0.022832602262496948,0.022832602262496948,0.06385709345340729,0.06385709345340729,7.1803
8840,0.022834019735455513,0.022834019735455513,0.0636710673570633,0.0636710673570633,7.181
8841,0.022835517302155495,0.022835517302155495,0.06383508443832397,0.06383508443832397,7.1816
8842,0.022837016731500626,0.022837016731500626,0.06356124579906464,0.06356124579906464,7.1822
8843,0.022837629541754723,0.022837629541754723,0.06375143676996231,0.06375143676996231,7.1828
8844,0.022837340831756592,0.022837340831756592,0.0634927898645401,0.0634927898645401,7.1834
8845,0.02283724769949913,0.02283724769949913,0.06375614553689957,0.06375614553689957,7.1841
8846,0.022838551551103592,0.022838551551103592,0.06356741487979889,0.06356741487979889,7.1847
8847,0.022842541337013245,0.022842541337013245,0.06383220851421356,0.06383220851421356,7.1853
8848,0.022852487862110138,0.022852487862110138,0.06366757303476334,0.06366757303476334,7.1859
8849,0.02286672033369541,0.02286672033369541,0.06398093700408936,0.06398093700408936,7.1865
8850,0.022885411977767944,0.022885411977767944,0.06367640197277069,0.06367640197277069,7.1872
8851,0.022912852466106415,0.022912852466106415,0.06398756057024002,0.06398756057024002,7.1878
8852,0.02294963225722313,0.02294963225722313,0.0636443942785263,0.0636443942785263,7.1884
8853,0.022996272891759872,0.022996272891759872,0.06396279484033585,0.06396279484033585,7.189
8854,0.023040886968374252,0.023040886968374252,0.06371865421533585,0.06371865421533585,7.1897
8855,0.0230715312063694,0.0230715312063694,0.06398111581802368,0.06398111581802368,7.1903
8856,0.023058060556650162,0.023058060556650162,0.06387995928525925,0.06387995928525925,7.1909
8857,0.022996125742793083,0.022996125742793083,0.06388646364212036,0.06388646364212036,7.1915
8858,0.022910188883543015,0.022910188883543015,0.06385170668363571,0.06385170668363571,7.1921
8859,0.022842038422822952,0.022842038422822952,0.06368687748908997,0.06368687748908997,7.1928
8860,0.022838206961750984,0.022838206961750984,0.06388235092163086,0.06388235092163086,7.1934
8861,0.022880811244249344,0.022880811244249344,0.06369776278734207,0.06369776278734207,7.194
8862,0.022926727309823036,0.022926727309823036,0.06391777098178864,0.06391777098178864,7.1946
8863,0.022932961583137512,0.022932961583137512,0.06373782455921173,0.06373782455921173,7.1952
8864,0.02289469912648201,0.02289469912648201,0.06377492100000381,0.06377492100000381,7.1959
8865,0.02284427545964718,0.02284427545964718,0.0636492520570755,0.0636492520570755,7.1965
8866,0.022823845967650414,0.022823845967650414,0.0636558085680008,0.0636558085680008,7.1971
8867,0.02284173294901848,0.02284173294901848,0.06372016668319702,0.06372016668319702,7.1977
8868,0.022873636335134506,0.022873636335134506,0.06372296810150146,0.06372296810150146,7.1984
8869,0.022879209369421005,0.022879209369421005,0.06383572518825531,0.06383572518825531,7.199
8870,0.02285962924361229,0.02285962924361229,0.06381841003894806,0.06381841003894806,7.1996
8871,0.02283298224210739,0.02283298224210739,0.06379295140504837,0.06379295140504837,7.2002
8872,0.02282426878809929,0.02282426878809929,0.06374985724687576,0.06374985724687576,7.2008
8873,0.022836539894342422,0.022836539894342422,0.06371869146823883,0.06371869146823883,7.2015
8874,0.022851526737213135,0.022851526737213135,0.0637027844786644,0.0637027844786644,7.2021
8875,0.022851744666695595,0.022851744666695595,0.0636499896645546,0.0636499896645546,7.2027
8876,0.02283790335059166,0.02283790335059166,0.0637061595916748,0.0637061595916748,7.2033
8877,0.022824402898550034,0.022824402898550034,0.06365690380334854,0.06365690380334854,7.2039
8878,0.022824320942163467,0.022824320942163467,0.06378085911273956,0.06378085911273956,7.2046
8879,0.02283349260687828,0.02283349260687828,0.06375707685947418,0.06375707685947418,7.2052
8880,0.022841086611151695,0.022841086611151695,0.06392345577478409,0.06392345577478409,7.2058
8881,0.022837374359369278,0.022837374359369278,0.06380502879619598,0.06380502879619598,7.2064
8882,0.022828027606010437,0.022828027606010437,0.06380297243595123,0.06380297243595123,7.2071
8883,0.022823330014944077,0.022823330014944077,0.0637698769569397,0.0637698769569397,7.2077
8884,0.022826004773378372,0.022826004773378372,0.06363710016012192,0.06363710016012192,7.2083
8885,0.022830355912446976,0.022830355912446976,0.06372888386249542,0.06372888386249542,7.209
8886,0.022830162197351456,0.022830162197351456,0.06363537907600403,0.06363537907600403,7.2096
8887,0.022825362160801888,0.022825362160801888,0.06372930854558945,0.06372930854558945,7.2102
8888,0.022821087390184402,0.022821087390184402,0.06376435607671738,0.06376435607671738,7.2109
8889,0.022825978696346283,0.022825978696346283,0.0637531653046608,0.0637531653046608,7.2115
8890,0.02282307669520378,0.02282307669520378,0.06385059654712677,0.06385059654712677,7.2121
8891,0.022825373336672783,0.022825373336672783,0.06385277211666107,0.06385277211666107,7.2128
8892,0.022825444117188454,0.022825444117188454,0.06381383538246155,0.06381383538246155,7.2134
8893,0.022824585437774658,0.022824585437774658,0.06383229792118073,0.06383229792118073,7.214
8894,0.022823786363005638,0.022823786363005638,0.06370965391397476,0.06370965391397476,7.2146
8895,0.02282286062836647,0.02282286062836647,0.06375883519649506,0.06375883519649506,7.2153
8896,0.022821685299277306,0.022821685299277306,0.0636514276266098,0.0636514276266098,7.2159
8897,0.022820524871349335,0.022820524871349335,0.0637211948633194,0.0637211948633194,7.2165
8898,0.022819723933935165,0.022819723933935165,0.06373146176338196,0.06373146176338196,7.2171
8899,0.02282385155558586,0.02282385155558586,0.0637349858880043,0.0637349858880043,7.2178
8900,0.02281983196735382,0.02281983196735382,0.06383327394723892,0.06383327394723892,7.2184
8901,0.02282046712934971,0.02282046712934971,0.06385593116283417,0.06385593116283417,7.219
8902,0.02282067947089672,0.02282067947089672,0.06382500380277634,0.06382500380277634,7.2196
8903,0.02282097004354,0.02282097004354,0.06383899599313736,0.06383899599313736,7.2203
8904,0.02282131090760231,0.02282131090760231,0.06372416019439697,0.06372416019439697,7.2209
8905,0.022820916026830673,0.022820916026830673,0.06373853981494904,0.06373853981494904,7.2215
8906,0.022819634526968002,0.022819634526968002,0.06366021186113358,0.06366021186113358,7.2221
8907,0.022818107157945633,0.022818107157945633,0.06371243298053741,0.06371243298053741,7.2228
8908,0.022817183285951614,0.022817183285951614,0.06373797357082367,0.06373797357082367,7.2234
8909,0.022818628698587418,0.022818628698587418,0.06378014385700226,0.06378014385700226,7.224
8910,0.02281876467168331,0.02281876467168331,0.06384120136499405,0.06384120136499405,7.2246
8911,0.022820383310317993,0.022820383310317993,0.06392492353916168,0.06392492353916168,7.2252
8912,0.02282036654651165,0.02282036654651165,0.0638413056731224,0.0638413056731224,7.2259
8913,0.022819718345999718,0.022819718345999718,0.06387283653020859,0.06387283653020859,7.2265
8914,0.022819388657808304,0.022819388657808304,0.06375335156917572,0.06375335156917572,7.2271
8915,0.022819029167294502,0.022819029167294502,0.06374186277389526,0.06374186277389526,7.2277
8916,0.022818271070718765,0.022818271070718765,0.0636947751045227,0.0636947751045227,7.2283
8917,0.02281724475324154,0.02281724475324154,0.06370817124843597,0.06370817124843597,7.229
8918,0.022816453129053116,0.022816453129053116,0.06376466900110245,0.06376466900110245,7.2296
8919,0.02281619980931282,0.02281619980931282,0.06378082931041718,0.06378082931041718,7.2302
8920,0.022822082042694092,0.022822082042694092,0.06386101990938187,0.06386101990938187,7.2308
8921,0.022818300873041153,0.022818300873041153,0.06382136046886444,0.06382136046886444,7.2314
8922,0.022820139303803444,0.022820139303803444,0.06396155059337616,0.06396155059337616,7.2321
8923,0.02282039448618889,0.02282039448618889,0.06380018591880798,0.06380018591880798,7.2327
8924,0.02282017655670643,0.02282017655670643,0.0638904720544815,0.0638904720544815,7.2333
8925,0.022819513455033302,0.022819513455033302,0.063751220703125,0.063751220703125,7.2339
8926,0.022817878052592278,0.022817878052592278,0.06376922875642776,0.06376922875642776,7.2345
8927,0.022816037759184837,0.022816037759184837,0.06372912228107452,0.06372912228107452,7.2352
8928,0.022815044969320297,0.022815044969320297,0.06372986733913422,0.06372986733913422,7.2358
8929,0.022815058007836342,0.022815058007836342,0.06380479037761688,0.06380479037761688,7.2364
8930,0.022820143029093742,0.022820143029093742,0.06377272307872772,0.06377272307872772,7.237
8931,0.022815849632024765,0.022815849632024765,0.06387622654438019,0.06387622654438019,7.2376
8932,0.022816753014922142,0.022816753014922142,0.06391232460737228,0.06391232460737228,7.2383
8933,0.022817200049757957,0.022817200049757957,0.06384428590536118,0.06384428590536118,7.2389
8934,0.022817570716142654,0.022817570716142654,0.06390218436717987,0.06390218436717987,7.2395
8935,0.022817794233560562,0.022817794233560562,0.0637429803609848,0.0637429803609848,7.2401
8936,0.022817229852080345,0.022817229852080345,0.06380052864551544,0.06380052864551544,7.2408
8937,0.022815873846411705,0.022815873846411705,0.06369707733392715,0.06369707733392715,7.2414
8938,0.022814428433775902,0.022814428433775902,0.06376931071281433,0.06376931071281433,7.242
8939,0.02281355671584606,0.02281355671584606,0.06379144638776779,0.06379144638776779,7.2426
8940,0.022815298289060593,0.022815298289060593,0.06382928788661957,0.06382928788661957,7.2432
8941,0.022814443334937096,0.022814443334937096,0.06389107555150986,0.06389107555150986,7.2439
8942,0.022815760225057602,0.022815760225057602,0.06396609544754028,0.06396609544754028,7.2445
8943,0.022816017270088196,0.022816017270088196,0.06387476623058319,0.06387476623058319,7.2451
8944,0.022815989330410957,0.022815989330410957,0.06392097473144531,0.06392097473144531,7.2457
8945,0.022816043347120285,0.022816043347120285,0.0637793317437172,0.0637793317437172,7.2463
8946,0.022815462201833725,0.022815462201833725,0.06380119919776917,0.06380119919776917,7.247
8947,0.022814055904746056,0.022814055904746056,0.06372614204883575,0.06372614204883575,7.2476
8948,0.022812610492110252,0.022812610492110252,0.06376920640468597,0.06376920640468597,7.2482
8949,0.022811943665146828,0.022811943665146828,0.06380762159824371,0.06380762159824371,7.2488
8950,0.022812116891145706,0.022812116891145706,0.06382917612791061,0.06382917612791061,7.2494
8951,0.022818628698587418,0.022818628698587418,0.06391461193561554,0.06391461193561554,7.2508
8952,0.022815098986029625,0.022815098986029625,0.06384721398353577,0.06384721398353577,7.2515
8953,0.02281760983169079,0.02281760983169079,0.06402292102575302,0.06402292102575302,7.2521
8954,0.022818217054009438,0.022818217054009438,0.06381301581859589,0.06381301581859589,7.2528
8955,0.022818036377429962,0.022818036377429962,0.06395890563726425,0.06395890563726425,7.2534
8956,0.022817183285951614,0.022817183285951614,0.06376791000366211,0.06376791000366211,7.2541
8957,0.022815145552158356,0.022815145552158356,0.06384023278951645,0.06384023278951645,7.2547
8958,0.022812841460108757,0.022812841460108757,0.06375603377819061,0.06375603377819061,7.2554
8959,0.022811537608504295,0.022811537608504295,0.06379787623882294,0.06379787623882294,7.256
8960,0.022811289876699448,0.022811289876699448,0.0638393759727478,0.0638393759727478,7.2567
8961,0.022816328331828117,0.022816328331828117,0.06382707506418228,0.06382707506418228,7.2573
8962,0.022811347618699074,0.022811347618699074,0.0639180988073349,0.0639180988073349,7.258
8963,0.022811954841017723,0.022811954841017723,0.06394524872303009,0.06394524872303009,7.2586
8964,0.02281256392598152,0.02281256392598152,0.06389327347278595,0.06389327347278595,7.2592
8965,0.02281343936920166,0.02281343936920166,0.06393168866634369,0.06393168866634369,7.2599
8966,0.022813988849520683,0.022813988849520683,0.06379296630620956,0.06379296630620956,7.2605
8967,0.022813323885202408,0.022813323885202408,0.0638447180390358,0.0638447180390358,7.2611
8968,0.02281160280108452,0.02281160280108452,0.06374248117208481,0.06374248117208481,7.2617
8969,0.02280980907380581,0.02280980907380581,0.0638263002038002,0.0638263002038002,7.2624
8970,0.022808898240327835,0.022808898240327835,0.06383287906646729,0.06383287906646729,7.263
8971,0.022811129689216614,0.022811129689216614,0.06388482451438904,0.06388482451438904,7.2636
8972,0.02281060814857483,0.02281060814857483,0.06392817199230194,0.06392817199230194,7.2642
8973,0.022812150418758392,0.022812150418758392,0.06401392072439194,0.06401392072439194,7.2648
8974,0.02281247451901436,0.02281247451901436,0.06390629708766937,0.06390629708766937,7.2655
8975,0.022812550887465477,0.022812550887465477,0.06397459656000137,0.06397459656000137,7.2661
8976,0.022812822833657265,0.022812822833657265,0.06380631774663925,0.06380631774663925,7.2667
8977,0.022812440991401672,0.022812440991401672,0.06387072801589966,0.06387072801589966,7.2673
8978,0.022811008617281914,0.022811008617281914,0.06374867260456085,0.06374867260456085,7.268
8979,0.022809265181422234,0.022809265181422234,0.06385142356157303,0.06385142356157303,7.2686
8980,0.022808104753494263,0.022808104753494263,0.06382487714290619,0.06382487714290619,7.2692
8981,0.022807825356721878,0.022807825356721878,0.06390943378210068,0.06390943378210068,7.2698
8982,0.02280959114432335,0.02280959114432335,0.06393096596002579,0.06393096596002579,7.2705
8983,0.022811219096183777,0.022811219096183777,0.06404253095388412,0.06404253095388412,7.2711
8984,0.022811468690633774,0.022811468690633774,0.06393289566040039,0.06393289566040039,7.2717
8985,0.02281135320663452,0.02281135320663452,0.06399532407522202,0.06399532407522202,7.2723
8986,0.022811349481344223,0.022811349481344223,0.06383274495601654,0.06383274495601654,7.273
8987,0.02281077951192856,0.02281077951192856,0.06387438625097275,0.06387438625097275,7.2736
8988,0.022809414193034172,0.022809414193034172,0.06376630067825317,0.06376630067825317,7.2742
8989,0.022807877510786057,0.022807877510786057,0.06384925544261932,0.06384925544261932,7.2748
8990,0.02280697040259838,0.02280697040259838,0.06384702026844025,0.06384702026844025,7.2755
8991,0.02280689775943756,0.02280689775943756,0.06391734629869461,0.06391734629869461,7.2761
8992,0.022811466827988625,0.022811466827988625,0.06395445764064789,0.06395445764064789,7.2767
8993,0.02280886098742485,0.02280886098742485,0.06392394006252289,0.06392394006252289,7.2773
8994,0.02281159535050392,0.02281159535050392,0.06407076120376587,0.06407076120376587,7.278
8995,0.022813577204942703,0.022813577204942703,0.06386210769414902,0.06386210769414902,7.2786
8996,0.022815242409706116,0.022815242409706116,0.06404159963130951,0.06404159963130951,7.2792
8997,0.02281598187983036,0.02281598187983036,0.06379131227731705,0.06379131227731705,7.2799
8998,0.022814802825450897,0.022814802825450897,0.06396741420030594,0.06396741420030594,7.2805
8999,0.022812465205788612,0.022812465205788612,0.06376268714666367,0.06376268714666367,7.2812
9000,0.022810693830251694,0.022810693830251694,0.06394987553358078,0.06394987553358078,7.2833
9001,0.022809971123933792,0.022809971123933792,0.06383591890335083,0.06383591890335083,7.2842
9002,0.02281314693391323,0.02281314693391323,0.06396981328725815,0.06396981328725815,7.2849
9003,0.022810891270637512,0.022810891270637512,0.06391794234514236,0.06391794234514236,7.2856
9004,0.022811580449342728,0.022811580449342728,0.06406290084123611,0.06406290084123611,7.2863
9005,0.022811496630311012,0.022811496630311012,0.06390874087810516,0.06390874087810516,7.287
9006,0.02281157299876213,0.02281157299876213,0.06402795016765594,0.06402795016765594,7.2876
9007,0.02281145192682743,0.02281145192682743,0.06382069736719131,0.06382069736719131,7.2883
9008,0.022810369729995728,0.022810369729995728,0.06393815577030182,0.06393815577030182,7.289
9009,0.0228083785623312,0.0228083785623312,0.06377454847097397,0.06377454847097397,7.2897
9010,0.02280622161924839,0.02280622161924839,0.06392742693424225,0.06392742693424225,7.2903
9011,0.022804653272032738,0.022804653272032738,0.06386657804250717,0.06386657804250717,7.2913
9012,0.02280438505113125,0.02280438505113125,0.06398029625415802,0.06398029625415802,7.2924
9013,0.02280580624938011,0.02280580624938011,0.06396313011646271,0.06396313011646271,7.2933
9014,0.022807424888014793,0.022807424888014793,0.06409245729446411,0.06409245729446411,7.294
9015,0.022807713598012924,0.022807713598012924,0.06394664198160172,0.06394664198160172,7.2948
9016,0.022807642817497253,0.022807642817497253,0.06403954327106476,0.06403954327106476,7.2955
9017,0.022807683795690536,0.022807683795690536,0.0638585314154625,0.0638585314154625,7.2969
9018,0.02280712127685547,0.02280712127685547,0.063934326171875,0.063934326171875,7.2977
9019,0.02280568704009056,0.02280568704009056,0.06381203234195709,0.06381203234195709,7.2986
9020,0.02280418947339058,0.02280418947339058,0.06392029672861099,0.06392029672861099,7.2994
9021,0.02280339226126671,0.02280339226126671,0.06388801336288452,0.06388801336288452,7.3001
9022,0.02280326746404171,0.02280326746404171,0.06398427486419678,0.06398427486419678,7.3008
9023,0.022807398810982704,0.022807398810982704,0.06398024410009384,0.06398024410009384,7.3014
9024,0.022804509848356247,0.022804509848356247,0.06398014724254608,0.06398014724254608,7.3021
9025,0.022807186469435692,0.022807186469435692,0.06409760564565659,0.06409760564565659,7.3027
9026,0.02280927076935768,0.02280927076935768,0.06391330063343048,0.06391330063343048,7.3034
9027,0.022810984402894974,0.022810984402894974,0.06408335268497467,0.06408335268497467,7.304
9028,0.022811729460954666,0.022811729460954666,0.06383798271417618,0.06383798271417618,7.3046
9029,0.022810570895671844,0.022810570895671844,0.06401871889829636,0.06401871889829636,7.3053
9030,0.02280827984213829,0.02280827984213829,0.06379801034927368,0.06379801034927368,7.3059
9031,0.022806748747825623,0.022806748747825623,0.06401024013757706,0.06401024013757706,7.3066
9032,0.02280658856034279,0.02280658856034279,0.06385792791843414,0.06385792791843414,7.3073
9033,0.02281132899224758,0.02281132899224758,0.06404270231723785,0.06404270231723785,7.3079
9034,0.02281060442328453,0.02281060442328453,0.06393291056156158,0.06393291056156158,7.3085
9035,0.022813918069005013,0.022813918069005013,0.06414490938186646,0.06414490938186646,7.3092
9036,0.022816678509116173,0.022816678509116173,0.0639251098036766,0.0639251098036766,7.3099
9037,0.022819628939032555,0.022819628939032555,0.06412574648857117,0.06412574648857117,7.3105
9038,0.02282201312482357,0.02282201312482357,0.06383863836526871,0.06383863836526871,7.3112
9039,0.022823121398687363,0.022823121398687363,0.06406067311763763,0.06406067311763763,7.3118
9040,0.022822679951786995,0.022822679951786995,0.06378553062677383,0.06378553062677383,7.3125
9041,0.022821402177214622,0.022821402177214622,0.06406630575656891,0.06406630575656891,7.3131
9042,0.022819608449935913,0.022819608449935913,0.06386405974626541,0.06386405974626541,7.3137
9043,0.022818943485617638,0.022818943485617638,0.06411579996347427,0.06411579996347427,7.3143
9044,0.022819533944129944,0.022819533944129944,0.0639529675245285,0.0639529675245285,7.315
9045,0.022820349782705307,0.022820349782705307,0.06421837955713272,0.06421837955713272,7.3159
9046,0.0228190328925848,0.0228190328925848,0.06393728405237198,0.06393728405237198,7.3168
9047,0.022816626355051994,0.022816626355051994,0.06415288895368576,0.06415288895368576,7.3175
9048,0.022813575342297554,0.022813575342297554,0.06386270374059677,0.06386270374059677,7.3182
9049,0.022809689864516258,0.022809689864516258,0.06401880085468292,0.06401880085468292,7.3188
9050,0.022805210202932358,0.022805210202932358,0.06384261697530746,0.06384261697530746,7.3195
9051,0.02280144952237606,0.02280144952237606,0.06396335363388062,0.06396335363388062,7.3201
9052,0.02279934287071228,0.02279934287071228,0.06394648551940918,0.06394648551940918,7.3208
9053,0.022798802703619003,0.022798802703619003,0.06399165093898773,0.06399165093898773,7.3214
9054,0.02280319109559059,0.02280319109559059,0.06406105309724808,0.06406105309724808,7.3221
9055,0.02280266210436821,0.02280266210436821,0.0639682412147522,0.0639682412147522,7.3227
9056,0.022807922214269638,0.022807922214269638,0.06419656425714493,0.06419656425714493,7.3233
9057,0.0228122528642416,0.0228122528642416,0.06389675289392471,0.06389675289392471,7.324
9058,0.02281498908996582,0.02281498908996582,0.06418420374393463,0.06418420374393463,7.3246
9059,0.022815246134996414,0.022815246134996414,0.06383766233921051,0.06383766233921051,7.3253
9060,0.022812535986304283,0.022812535986304283,0.06409616768360138,0.06409616768360138,7.3259
9061,0.02280820719897747,0.02280820719897747,0.06383442133665085,0.06383442133665085,7.3265
9062,0.022804826498031616,0.022804826498031616,0.06404335051774979,0.06404335051774979,7.3271
9063,0.022803381085395813,0.022803381085395813,0.06393365561962128,0.06393365561962128,7.3278
9064,0.022806432098150253,0.022806432098150253,0.06402965635061264,0.06402965635061264,7.3284
9065,0.02280355989933014,0.02280355989933014,0.0640362873673439,0.0640362873673439,7.329
9066,0.022803273051977158,0.022803273051977158,0.06409672647714615,0.06409672647714615,7.3297
9067,0.022802425548434258,0.022802425548434258,0.06404232978820801,0.06404232978820801,7.3303
9068,0.022801922634243965,0.022801922634243965,0.06405767053365707,0.06405767053365707,7.3309
9069,0.022801440209150314,0.022801440209150314,0.06396321952342987,0.06396321952342987,7.3316
9070,0.02280035801231861,0.02280035801231861,0.06398658454418182,0.06398658454418182,7.3323
9071,0.022798841819167137,0.022798841819167137,0.0639110654592514,0.0639110654592514,7.3329
9072,0.022797467187047005,0.022797467187047005,0.06399675458669662,0.06399675458669662,7.3336
9073,0.022796647623181343,0.022796647623181343,0.06398377567529678,0.06398377567529678,7.3342
9074,0.02279665134847164,0.02279665134847164,0.06405942142009735,0.06405942142009735,7.3348
9075,0.02279846742749214,0.02279846742749214,0.06405960023403168,0.06405960023403168,7.3355
9076,0.022800542414188385,0.022800542414188385,0.06417971849441528,0.06417971849441528,7.3361
9077,0.022801322862505913,0.022801322862505913,0.06402847170829773,0.06402847170829773,7.3367
9078,0.022801470011472702,0.022801470011472702,0.06413792073726654,0.06413792073726654,7.3374
9079,0.022801170125603676,0.022801170125603676,0.06393948942422867,0.06393948942422867,7.338
9080,0.022799896076321602,0.022799896076321602,0.0640336126089096,0.0640336126089096,7.3386
9081,0.022797759622335434,0.022797759622335434,0.06390494108200073,0.06390494108200073,7.3393
9082,0.022795790806412697,0.022795790806412697,0.06400804221630096,0.06400804221630096,7.3399
9083,0.022794926539063454,0.022794926539063454,0.06399206072092056,0.06399206072092056,7.3405
9084,0.022795025259256363,0.022795025259256363,0.06405607610940933,0.06405607610940933,7.3411
9085,0.022799044847488403,0.022799044847488403,0.06408663094043732,0.06408663094043732,7.3418
9086,0.022798048332333565,0.022798048332333565,0.06404052674770355,0.06404052674770355,7.3424
9087,0.022802093997597694,0.022802093997597694,0.06420625746250153,0.06420625746250153,7.343
9088,0.022805213928222656,0.022805213928222656,0.06396938860416412,0.06396938860416412,7.3437
9089,0.022806959226727486,0.022806959226727486,0.0641915574669838,0.0641915574669838,7.3443
9090,0.022806992754340172,0.022806992754340172,0.06390075385570526,0.06390075385570526,7.345
9091,0.02280450239777565,0.02280450239777565,0.06411515176296234,0.06411515176296234,7.3456
9092,0.022800851613283157,0.022800851613283157,0.06388384103775024,0.06388384103775024,7.3462
9093,0.022798415273427963,0.022798415273427963,0.06408283859491348,0.06408283859491348,7.3468
9094,0.022798141464591026,0.022798141464591026,0.06396792083978653,0.06396792083978653,7.3475
9095,0.02280217595398426,0.02280217595398426,0.06408878415822983,0.06408878415822983,7.3481
9096,0.022801417857408524,0.022801417857408524,0.06405097246170044,0.06405097246170044,7.3488
9097,0.022802898660302162,0.022802898660302162,0.06417213380336761,0.06417213380336761,7.3506
9098,0.0228034146130085,0.0228034146130085,0.06403835862874985,0.06403835862874985,7.3513
9099,0.022803643718361855,0.022803643718361855,0.06414580345153809,0.06414580345153809,7.3519
9100,0.022803444415330887,0.022803444415330887,0.06394870579242706,0.06394870579242706,7.353
9101,0.022802093997597694,0.022802093997597694,0.06407850235700607,0.06407850235700607,7.3536
9102,0.022800050675868988,0.022800050675868988,0.06390349566936493,0.06390349566936493,7.3543
9103,0.02279820293188095,0.02279820293188095,0.06408083438873291,0.06408083438873291,7.3549
9104,0.02279718592762947,0.02279718592762947,0.06399697065353394,0.06399697065353394,7.3555
9105,0.02279711328446865,0.02279711328446865,0.06411848217248917,0.06411848217248917,7.3562
9106,0.022803815081715584,0.022803815081715584,0.06410225480794907,0.06410225480794907,7.3568
9107,0.022800397127866745,0.022800397127866745,0.06406094878911972,0.06406094878911972,7.3575
9108,0.02280736342072487,0.02280736342072487,0.06424456834793091,0.06424456834793091,7.3581
9109,0.022816559299826622,0.022816559299826622,0.06396408379077911,0.06396408379077911,7.3587
9110,0.02282727137207985,0.02282727137207985,0.06430327892303467,0.06430327892303467,7.3594
9111,0.02283744141459465,0.02283744141459465,0.06388987600803375,0.06388987600803375,7.36
9112,0.022845132276415825,0.022845132276415825,0.0642976239323616,0.0642976239323616,7.3606
9113,0.022849658504128456,0.022849658504128456,0.0638752356171608,0.0638752356171608,7.3613
9114,0.02285364642739296,0.02285364642739296,0.06427032500505447,0.06427032500505447,7.3619
9115,0.0228571854531765,0.0228571854531765,0.0639919638633728,0.0639919638633728,7.3626
9116,0.02286611683666706,0.02286611683666706,0.06421913206577301,0.06421913206577301,7.3632
9117,0.022866446524858475,0.022866446524858475,0.06414806097745895,0.06414806097745895,7.3638
9118,0.022867828607559204,0.022867828607559204,0.06421837955713272,0.06421837955713272,7.3645
9119,0.02286352589726448,0.02286352589726448,0.06421378999948502,0.06421378999948502,7.3652
9120,0.02285485714673996,0.02285485714673996,0.06410185247659683,0.06410185247659683,7.3659
9121,0.022840645164251328,0.022840645164251328,0.06415612995624542,0.06415612995624542,7.3666
9122,0.022823061794042587,0.022823061794042587,0.06396905332803726,0.06396905332803726,7.3673
9123,0.02280549332499504,0.02280549332499504,0.06406637281179428,0.06406637281179428,7.3683
9124,0.022793248295783997,0.022793248295783997,0.06397464126348495,0.06397464126348495,7.369
9125,0.02278992533683777,0.02278992533683777,0.06407774984836578,0.06407774984836578,7.3704
9126,0.022795531898736954,0.022795531898736954,0.06410372257232666,0.06410372257232666,7.3722
9127,0.02280653640627861,0.02280653640627861,0.06411179155111313,0.06411179155111313,7.3732
9128,0.02281785197556019,0.02281785197556019,0.06429535895586014,0.06429535895586014,7.3754
9129,0.02282238006591797,0.02282238006591797,0.06407545506954193,0.06407545506954193,7.3778
9130,0.022818315774202347,0.022818315774202347,0.06424286216497421,0.06424286216497421,7.3795
9131,0.02280879020690918,0.02280879020690918,0.06401118636131287,0.06401118636131287,7.3805
9132,0.022798165678977966,0.022798165678977966,0.06405996531248093,0.06405996531248093,7.3815
9133,0.022791307419538498,0.022791307419538498,0.064022958278656,0.064022958278656,7.3823
9134,0.022790417075157166,0.022790417075157166,0.06397505849599838,0.06397505849599838,7.3829
9135,0.022793740034103394,0.022793740034103394,0.06415243446826935,0.06415243446826935,7.3836
9136,0.022797372192144394,0.022797372192144394,0.06403136253356934,0.06403136253356934,7.3843
9137,0.02280294895172119,0.02280294895172119,0.06423517316579819,0.06423517316579819,7.385
9138,0.022800108417868614,0.022800108417868614,0.0640786662697792,0.0640786662697792,7.3856
9139,0.022798731923103333,0.022798731923103333,0.06426901370286942,0.06426901370286942,7.3863
9140,0.0227949321269989,0.0227949321269989,0.06409561634063721,0.06409561634063721,7.387
9141,0.02279188483953476,0.02279188483953476,0.06413128972053528,0.06413128972053528,7.3877
9142,0.02279084548354149,0.02279084548354149,0.06410924345254898,0.06410924345254898,7.3884
9143,0.022790763527154922,0.022790763527154922,0.063993439078331,0.063993439078331,7.3892
9144,0.022791016846895218,0.022791016846895218,0.06411470472812653,0.06411470472812653,7.3901
9145,0.022791104391217232,0.022791104391217232,0.0639881044626236,0.0639881044626236,7.3911
9146,0.022790387272834778,0.022790387272834778,0.06414828449487686,0.06414828449487686,7.3918
9147,0.02279091067612171,0.02279091067612171,0.06407959759235382,0.06407959759235382,7.3926
9148,0.022788314148783684,0.022788314148783684,0.06414233148097992,0.06414233148097992,7.3933
9149,0.022791530936956406,0.022791530936956406,0.06426931917667389,0.06426931917667389,7.394
9150,0.022795692086219788,0.022795692086219788,0.06406261026859283,0.06406261026859283,7.3948
9151,0.022798506543040276,0.022798506543040276,0.06429093331098557,0.06429093331098557,7.3956
9152,0.022798292338848114,0.022798292338848114,0.06396634876728058,0.06396634876728058,7.3966
9153,0.022794600576162338,0.022794600576162338,0.0641716942191124,0.0641716942191124,7.3976
9154,0.022789666429162025,0.022789666429162025,0.0639720931649208,0.0639720931649208,7.3985
9155,0.022786352783441544,0.022786352783441544,0.0640842467546463,0.0640842467546463,7.3992
9156,0.0227859728038311,0.0227859728038311,0.06412971019744873,0.06412971019744873,7.3999
9157,0.022787507623434067,0.022787507623434067,0.06409143656492233,0.06409143656492233,7.4006
9158,0.02279525063931942,0.02279525063931942,0.06425429880619049,0.06425429880619049,7.4013
9159,0.022793132811784744,0.022793132811784744,0.06407346576452255,0.06407346576452255,7.4078
9160,0.02279573678970337,0.02279573678970337,0.06433518975973129,0.06433518975973129,7.4089
9161,0.022795099765062332,0.022795099765062332,0.0640450119972229,0.0640450119972229,7.41
9162,0.022792892530560493,0.022792892530560493,0.06424369663000107,0.06424369663000107,7.411
9163,0.0227908156812191,0.0227908156812191,0.06405370682477951,0.06405370682477951,7.4117
9164,0.022789351642131805,0.022789351642131805,0.06410139799118042,0.06410139799118042,7.4125
9165,0.022788817062973976,0.022788817062973976,0.06409016251564026,0.06409016251564026,7.4134
9166,0.022789105772972107,0.022789105772972107,0.06404610723257065,0.06404610723257065,7.4145
9167,0.02278921753168106,0.02278921753168106,0.0641658827662468,0.0641658827662468,7.4161
9168,0.022790905088186264,0.022790905088186264,0.06408872455358505,0.06408872455358505,7.4174
9169,0.022786449640989304,0.022786449640989304,0.06419139355421066,0.06419139355421066,7.4182
9170,0.022786960005760193,0.022786960005760193,0.06424356997013092,0.06424356997013092,7.4191
9171,0.022788412868976593,0.022788412868976593,0.0641254410147667,0.0641254410147667,7.42
9172,0.022790085524320602,0.022790085524320602,0.06425793468952179,0.06425793468952179,7.4208
9173,0.022790763527154922,0.022790763527154922,0.06402118504047394,0.06402118504047394,7.4215
9174,0.022789452224969864,0.022789452224969864,0.06416555494070053,0.06416555494070053,7.4225
9175,0.022786825895309448,0.022786825895309448,0.06399869918823242,0.06399869918823242,7.4234
9176,0.02278434857726097,0.02278434857726097,0.06411558389663696,0.06411558389663696,7.4241
9177,0.02278311178088188,0.02278311178088188,0.06412909179925919,0.06412909179925919,7.4248
9178,0.022783219814300537,0.022783219814300537,0.06413928419351578,0.06413928419351578,7.4258
9179,0.02279086410999298,0.02279086410999298,0.0642477497458458,0.0642477497458458,7.4265
9180,0.022787678986787796,0.022787678986787796,0.06411268562078476,0.06411268562078476,7.4274
9181,0.022791732102632523,0.022791732102632523,0.06434611976146698,0.06434611976146698,7.4282
9182,0.022793244570493698,0.022793244570493698,0.06406955420970917,0.06406955420970917,7.4289
9183,0.0227925106883049,0.0227925106883049,0.06429159641265869,0.06429159641265869,7.4296
9184,0.02279037982225418,0.02279037982225418,0.06405788660049438,0.06405788660049438,7.4303
9185,0.0227873083204031,0.0227873083204031,0.0641697496175766,0.0641697496175766,7.4311
9186,0.022784965112805367,0.022784965112805367,0.06408028304576874,0.06408028304576874,7.432
9187,0.022784635424613953,0.022784635424613953,0.06410406529903412,0.06410406529903412,7.4328
9188,0.022785747423768044,0.022785747423768044,0.06417125463485718,0.06417125463485718,7.4337
9189,0.022790532559156418,0.022790532559156418,0.06412385404109955,0.06412385404109955,7.4345
9190,0.02278647944331169,0.02278647944331169,0.06422503292560577,0.06422503292560577,7.4352
9191,0.02278689295053482,0.02278689295053482,0.06425520777702332,0.06425520777702332,7.4359
9192,0.022787339985370636,0.022787339985370636,0.0641757994890213,0.0641757994890213,7.4366
9193,0.022787991911172867,0.022787991911172867,0.06426186859607697,0.06426186859607697,7.4373
9194,0.022788381204009056,0.022788381204009056,0.0640682578086853,0.0640682578086853,7.438
9195,0.022787919268012047,0.022787919268012047,0.06418941915035248,0.06418941915035248,7.4387
9196,0.022786686196923256,0.022786686196923256,0.06402180343866348,0.06402180343866348,7.4393
9197,0.022785229608416557,0.022785229608416557,0.06417882442474365,0.06417882442474365,7.44
9198,0.022784043103456497,0.022784043103456497,0.06412208825349808,0.06412208825349808,7.4407
9199,0.022784234955906868,0.022784234955906868,0.06422992795705795,0.06422992795705795,7.4414
9200,0.02278457209467888,0.02278457209467888,0.06421971321105957,0.06421971321105957,7.442
9201,0.022786205634474754,0.022786205634474754,0.06433876603841782,0.06433876603841782,7.4428
9202,0.02278699353337288,0.02278699353337288,0.0641990527510643,0.0641990527510643,7.4435
9203,0.022787533700466156,0.022787533700466156,0.06428637355566025,0.06428637355566025,7.4442
9204,0.02278796210885048,0.02278796210885048,0.06411080807447433,0.06411080807447433,7.4449
9205,0.02278750017285347,0.02278750017285347,0.06418224424123764,0.06418224424123764,7.4456
9206,0.022786196321249008,0.022786196321249008,0.06406788527965546,0.06406788527965546,7.4464
9207,0.022785047069191933,0.022785047069191933,0.06416422128677368,0.06416422128677368,7.447
9208,0.022784769535064697,0.022784769535064697,0.06414656341075897,0.06414656341075897,7.4477
9209,0.022785183042287827,0.022785183042287827,0.06422732770442963,0.06422732770442963,7.4485
9210,0.022789087146520615,0.022789087146520615,0.0642300620675087,0.0642300620675087,7.4493
9211,0.022786732763051987,0.022786732763051987,0.06423108279705048,0.06423108279705048,7.45
9212,0.022788360714912415,0.022788360714912415,0.06432215869426727,0.06432215869426727,7.4507
9213,0.022788643836975098,0.022788643836975098,0.0641823410987854,0.0641823410987854,7.4514
9214,0.022788235917687416,0.022788235917687416,0.06426645070314407,0.06426645070314407,7.4521
9215,0.022787095978856087,0.022787095978856087,0.06413614749908447,0.06413614749908447,7.4528
9216,0.022784609347581863,0.022784609347581863,0.0641629546880722,0.0641629546880722,7.4536
9217,0.022781934589147568,0.022781934589147568,0.06413371860980988,0.06413371860980988,7.4543
9218,0.022780468687415123,0.022780468687415123,0.06412975490093231,0.06412975490093231,7.455
9219,0.02278030477464199,0.02278030477464199,0.06422547996044159,0.06422547996044159,7.4557
9220,0.02278246358036995,0.02278246358036995,0.06415390968322754,0.06415390968322754,7.4564
9221,0.02277999185025692,0.02277999185025692,0.06429324299097061,0.06429324299097061,7.4572
9222,0.022780243307352066,0.022780243307352066,0.06425817310810089,0.06425817310810089,7.4579
9223,0.022780532017350197,0.022780532017350197,0.06425441801548004,0.06425441801548004,7.4587
9224,0.022781047970056534,0.022781047970056534,0.06424125283956528,0.06424125283956528,7.4594
9225,0.022781167179346085,0.022781167179346085,0.06415757536888123,0.06415757536888123,7.4602
9226,0.02278015948832035,0.02278015948832035,0.06417157500982285,0.06417157500982285,7.4609
9227,0.02277849055826664,0.02277849055826664,0.06411747634410858,0.06411747634410858,7.4616
9228,0.022777151316404343,0.022777151316404343,0.06417517364025116,0.06417517364025116,7.4623
9229,0.022776711732149124,0.022776711732149124,0.06420513242483139,0.06420513242483139,7.4631
9230,0.022776922211050987,0.022776922211050987,0.06423654407262802,0.06423654407262802,7.4638
9231,0.02278268337249756,0.02278268337249756,0.06427859514951706,0.06427859514951706,7.4644
9232,0.02277868427336216,0.02277868427336216,0.06421564519405365,0.06421564519405365,7.4652
9233,0.022781426087021828,0.022781426087021828,0.06436457484960556,0.06436457484960556,7.4659
9234,0.02278367429971695,0.02278367429971695,0.06415247917175293,0.06415247917175293,7.4665
9235,0.022785702720284462,0.022785702720284462,0.06435112655162811,0.06435112655162811,7.4672
9236,0.022787172347307205,0.022787172347307205,0.06410233676433563,0.06410233676433563,7.468
9237,0.02278732880949974,0.02278732880949974,0.0642925575375557,0.0642925575375557,7.4686
9238,0.02278709039092064,0.02278709039092064,0.06408488005399704,0.06408488005399704,7.4694
9239,0.0227881520986557,0.0227881520986557,0.06427250802516937,0.06427250802516937,7.4701
9240,0.02279113046824932,0.02279113046824932,0.06415609270334244,0.06415609270334244,7.4708
9241,0.022799398750066757,0.022799398750066757,0.06430001556873322,0.06430001556873322,7.4715
9242,0.022805726155638695,0.022805726155638695,0.06422675400972366,0.06422675400972366,7.4722
9243,0.022818882018327713,0.022818882018327713,0.06442904472351074,0.06442904472351074,7.4729
9244,0.0228344164788723,0.0228344164788723,0.06421767175197601,0.06421767175197601,7.4736
9245,0.02285274863243103,0.02285274863243103,0.06445728242397308,0.06445728242397308,7.4742
9246,0.022870227694511414,0.022870227694511414,0.06415657699108124,0.06415657699108124,7.4749
9247,0.022884469479322433,0.022884469479322433,0.06442593038082123,0.06442593038082123,7.4756
9248,0.022888919338583946,0.022888919338583946,0.06413713842630386,0.06413713842630386,7.4763
9249,0.022882401943206787,0.022882401943206787,0.06441135704517365,0.06441135704517365,7.4769
9250,0.022861378267407417,0.022861378267407417,0.06421872228384018,0.06421872228384018,7.4776
9251,0.022832229733467102,0.022832229733467102,0.06437122821807861,0.06437122821807861,7.4783
9252,0.022803517058491707,0.022803517058491707,0.06428270041942596,0.06428270041942596,7.479
9253,0.02278328500688076,0.02278328500688076,0.06438225507736206,0.06438225507736206,7.4796
9254,0.022775858640670776,0.022775858640670776,0.06427965313196182,0.06427965313196182,7.4803
9255,0.022781100124120712,0.022781100124120712,0.06429240852594376,0.06429240852594376,7.481
9256,0.022793546319007874,0.022793546319007874,0.0642566829919815,0.0642566829919815,7.4817
9257,0.02280494198203087,0.02280494198203087,0.06419085711240768,0.06419085711240768,7.4824
9258,0.022809647023677826,0.022809647023677826,0.06425107270479202,0.06425107270479202,7.483
9259,0.022805824875831604,0.022805824875831604,0.06416463851928711,0.06416463851928711,7.4837
9260,0.022796254605054855,0.022796254605054855,0.06430067867040634,0.06430067867040634,7.4844
9261,0.022784950211644173,0.022784950211644173,0.06421774625778198,0.06421774625778198,7.485
9262,0.022779205814003944,0.022779205814003944,0.06433359533548355,0.06433359533548355,7.4857
9263,0.022775355726480484,0.022775355726480484,0.06424978375434875,0.06424978375434875,7.4863
9264,0.022778980433940887,0.022778980433940887,0.06439608335494995,0.06439608335494995,7.487
9265,0.022783581167459488,0.022783581167459488,0.0642545074224472,0.0642545074224472,7.4876
9266,0.022787515074014664,0.022787515074014664,0.06431765109300613,0.06431765109300613,7.4883
9267,0.022788790985941887,0.022788790985941887,0.06424470245838165,0.06424470245838165,7.489
9268,0.022786084562540054,0.022786084562540054,0.06420393288135529,0.06420393288135529,7.4896
9269,0.022781047970056534,0.022781047970056534,0.0642375573515892,0.0642375573515892,7.4903
9270,0.02277628518640995,0.02277628518640995,0.06417356431484222,0.06417356431484222,7.491
9271,0.022773345932364464,0.022773345932364464,0.0642932578921318,0.0642932578921318,7.4916
9272,0.022772759199142456,0.022772759199142456,0.06422420591115952,0.06422420591115952,7.4923
9273,0.02277359925210476,0.02277359925210476,0.06432527303695679,0.06432527303695679,7.4929
9274,0.02277722954750061,0.02277722954750061,0.06438304483890533,0.06438304483890533,7.4936
9275,0.02278052642941475,0.02278052642941475,0.06426829099655151,0.06426829099655151,7.4942
9276,0.022782238200306892,0.022782238200306892,0.06438765674829483,0.06438765674829483,7.4949
9277,0.022781720384955406,0.022781720384955406,0.06416742503643036,0.06416742503643036,7.4955
9278,0.022778961807489395,0.022778961807489395,0.064291812479496,0.064291812479496,7.4962
9279,0.02277514711022377,0.02277514711022377,0.06414400041103363,0.06414400041103363,7.4968
9280,0.022772088646888733,0.022772088646888733,0.06424355506896973,0.06424355506896973,7.4975
9281,0.02277076244354248,0.02277076244354248,0.06426188349723816,0.06426188349723816,7.4982
9282,0.022771010175347328,0.022771010175347328,0.06427167356014252,0.06427167356014252,7.4989
9283,0.022775979712605476,0.022775979712605476,0.06436872482299805,0.06436872482299805,7.4996
9284,0.022775834426283836,0.022775834426283836,0.0642513632774353,0.0642513632774353,7.5004
9285,0.02277969755232334,0.02277969755232334,0.06446675211191177,0.06446675211191177,7.5016
9286,0.02278101071715355,0.02278101071715355,0.06420394033193588,0.06420394033193588,7.5023
9287,0.0227801650762558,0.0227801650762558,0.06440325081348419,0.06440325081348419,7.503
9288,0.022777635604143143,0.022777635604143143,0.06418762356042862,0.06418762356042862,7.5037
9289,0.022773798555135727,0.022773798555135727,0.06428266316652298,0.06428266316652298,7.5044
9290,0.022770408540964127,0.022770408540964127,0.06421633809804916,0.06421633809804916,7.5051
9291,0.022769177332520485,0.022769177332520485,0.0642189159989357,0.0642189159989357,7.5057
9292,0.022769998759031296,0.022769998759031296,0.06431420892477036,0.06431420892477036,7.5064
9293,0.022771939635276794,0.022771939635276794,0.06422625482082367,0.06422625482082367,7.5072
9294,0.022771459072828293,0.022771459072828293,0.06437335908412933,0.06437335908412933,7.508
9295,0.02277190051972866,0.02277190051972866,0.0643462985754013,0.0643462985754013,7.5087
9296,0.022772030904889107,0.022772030904889107,0.06432459503412247,0.06432459503412247,7.5094
9297,0.022772327065467834,0.022772327065467834,0.06434153020381927,0.06434153020381927,7.5101
9298,0.022772541269659996,0.022772541269659996,0.06421533972024918,0.06421533972024918,7.5108
9299,0.02277197502553463,0.02277197502553463,0.06427568197250366,0.06427568197250366,7.5115
9300,0.02277069166302681,0.02277069166302681,0.06416790187358856,0.06416790187358856,7.5124
9301,0.022769367322325706,0.022769367322325706,0.0642736405134201,0.0642736405134201,7.5132
9302,0.022768480703234673,0.022768480703234673,0.06426069885492325,0.06426069885492325,7.5139
9303,0.022768111899495125,0.022768111899495125,0.06432469934225082,0.06432469934225082,7.5146
9304,0.02277236618101597,0.02277236618101597,0.06434675306081772,0.06434675306081772,7.5153
9305,0.022769400849938393,0.022769400849938393,0.06429755687713623,0.06429755687713623,7.5159
9306,0.022772379219532013,0.022772379219532013,0.06444276124238968,0.06444276124238968,7.5166
9307,0.02277452126145363,0.02277452126145363,0.06423620134592056,0.06423620134592056,7.5172
9308,0.022775568068027496,0.022775568068027496,0.06441639363765717,0.06441639363765717,7.5179
9309,0.022775057703256607,0.022775057703256607,0.06420449912548065,0.06420449912548065,7.5186
9310,0.022772327065467834,0.022772327065467834,0.06433440744876862,0.06433440744876862,7.5192
9311,0.022768806666135788,0.022768806666135788,0.06421123445034027,0.06421123445034027,7.5199
9312,0.022766616195440292,0.022766616195440292,0.06427879631519318,0.06427879631519318,7.5206
9313,0.02276628091931343,0.02276628091931343,0.06429745256900787,0.06429745256900787,7.5212
9314,0.022768599912524223,0.022768599912524223,0.06426940113306046,0.06426940113306046,7.5219
9315,0.0227675698697567,0.0227675698697567,0.06437207758426666,0.06437207758426666,7.5226
9316,0.02276836708188057,0.02276836708188057,0.06436546891927719,0.06436546891927719,7.5233
9317,0.022768687456846237,0.022768687456846237,0.06435129046440125,0.06435129046440125,7.524
9318,0.022768914699554443,0.022768914699554443,0.06434629112482071,0.06434629112482071,7.5247
9319,0.022768866270780563,0.022768866270780563,0.06426285207271576,0.06426285207271576,7.5253
9320,0.022768031805753708,0.022768031805753708,0.06427901983261108,0.06427901983261108,7.526
9321,0.022766858339309692,0.022766858339309692,0.06421555578708649,0.06421555578708649,7.5268
9322,0.022765953093767166,0.022765953093767166,0.06428974866867065,0.06428974866867065,7.5276
9323,0.02276556007564068,0.02276556007564068,0.0642913207411766,0.0642913207411766,7.5283
9324,0.022765545174479485,0.022765545174479485,0.06435709446668625,0.06435709446668625,7.5293
9325,0.022770371288061142,0.022770371288061142,0.06435871124267578,0.06435871124267578,7.5306
9326,0.022766008973121643,0.022766008973121643,0.06433864682912827,0.06433864682912827,7.5319
9327,0.022768091410398483,0.022768091410398483,0.0644453763961792,0.0644453763961792,7.5328
9328,0.022769782692193985,0.022769782692193985,0.06427715718746185,0.06427715718746185,7.5338
9329,0.02277131751179695,0.02277131751179695,0.06443339586257935,0.06443339586257935,7.5349
9330,0.022772014141082764,0.022772014141082764,0.0642319768667221,0.0642319768667221,7.5357
9331,0.022770702838897705,0.022770702838897705,0.06437607854604721,0.06437607854604721,7.5366
9332,0.022768110036849976,0.022768110036849976,0.0642121285200119,0.0642121285200119,7.5375
9333,0.022765884175896645,0.022765884175896645,0.06433792412281036,0.06433792412281036,7.5383
9334,0.022764619439840317,0.022764619439840317,0.06427626311779022,0.06427626311779022,7.539
9335,0.02276642620563507,0.02276642620563507,0.06432988494634628,0.06432988494634628,7.5397
9336,0.02276471257209778,0.02276471257209778,0.0643453374505043,0.0643453374505043,7.5405
9337,0.022765761241316795,0.022765761241316795,0.06441537290811539,0.06441537290811539,7.5413
9338,0.02276650071144104,0.02276650071144104,0.0643388032913208,0.0643388032913208,7.5424
9339,0.02276715077459812,0.02276715077459812,0.06438292562961578,0.06438292562961578,7.5431
9340,0.02276720106601715,0.02276720106601715,0.06427218019962311,0.06427218019962311,7.5438
9341,0.02276613935828209,0.02276613935828209,0.06430033594369888,0.06430033594369888,7.5446
9342,0.022764602676033974,0.022764602676033974,0.06423787027597427,0.06423787027597427,7.5453
9343,0.022763455286622047,0.022763455286622047,0.06429794430732727,0.06429794430732727,7.5459
9344,0.022763043642044067,0.022763043642044067,0.06431883573532104,0.06431883573532104,7.5466
9345,0.022763211280107498,0.022763211280107498,0.06435869634151459,0.06435869634151459,7.5473
9346,0.022768693044781685,0.022768693044781685,0.06438679993152618,0.06438679993152618,7.548
9347,0.02276470698416233,0.02276470698416233,0.06434156000614166,0.06434156000614166,7.5488
9348,0.022767215967178345,0.022767215967178345,0.06447462737560272,0.06447462737560272,7.5496
9349,0.022768933326005936,0.022768933326005936,0.06428907811641693,0.06428907811641693,7.5503
9350,0.022770263254642487,0.022770263254642487,0.06446671485900879,0.06446671485900879,7.551
9351,0.02277074195444584,0.02277074195444584,0.06424959003925323,0.06424959003925323,7.5531
9352,0.022769343107938766,0.022769343107938766,0.06441152095794678,0.06441152095794678,7.5538
9353,0.02276718057692051,0.02276718057692051,0.06422089040279388,0.06422089040279388,7.5544
9354,0.022765155881643295,0.022765155881643295,0.06437816470861435,0.06437816470861435,7.555
9355,0.022763589397072792,0.022763589397072792,0.06427619606256485,0.06427619606256485,7.5559
9356,0.02276497706770897,0.02276497706770897,0.06437240540981293,0.06437240540981293,7.5565
9357,0.022762658074498177,0.022762658074498177,0.06434605270624161,0.06434605270624161,7.5575
9358,0.02276361733675003,0.02276361733675003,0.06445953994989395,0.06445953994989395,7.5583
9359,0.022764379158616066,0.022764379158616066,0.06434110552072525,0.06434110552072525,7.5591
9360,0.022765222936868668,0.022765222936868668,0.06443200260400772,0.06443200260400772,7.5598
9361,0.02276545576751232,0.02276545576751232,0.06426872313022614,0.06426872313022614,7.5606
9362,0.02276444621384144,0.02276444621384144,0.06434837728738785,0.06434837728738785,7.5614
9363,0.022762639448046684,0.022762639448046684,0.06423459947109222,0.06423459947109222,7.5621
9364,0.022760901600122452,0.022760901600122452,0.06433986127376556,0.06433986127376556,7.5628
9365,0.02275998704135418,0.02275998704135418,0.06432805210351944,0.06432805210351944,7.5635
9366,0.022759992629289627,0.022759992629289627,0.06439180672168732,0.06439180672168732,7.5647
9367,0.022765561938285828,0.022765561938285828,0.06440816074609756,0.06440816074609756,7.5654
9368,0.022762026637792587,0.022762026637792587,0.06436134874820709,0.06436134874820709,7.5666
9369,0.022765496745705605,0.022765496745705605,0.0645093321800232,0.0645093321800232,7.5672
9370,0.02276831865310669,0.02276831865310669,0.06429623067378998,0.06429623067378998,7.568
9371,0.02277063950896263,0.02277063950896263,0.06451825797557831,0.06451825797557831,7.5686
9372,0.02277190051972866,0.02277190051972866,0.06424455344676971,0.06424455344676971,7.5693
9373,0.02277102693915367,0.02277102693915367,0.06447125226259232,0.06447125226259232,7.5699
9374,0.02276908978819847,0.02276908978819847,0.06420844793319702,0.06420844793319702,7.5706
9375,0.022766947746276855,0.022766947746276855,0.06444037705659866,0.06444037705659866,7.5712
9376,0.022765319794416428,0.022765319794416428,0.06425820291042328,0.06425820291042328,7.5718
9377,0.022766245529055595,0.022766245529055595,0.06443504989147186,0.06443504989147186,7.5725
9378,0.0227636881172657,0.0227636881172657,0.06432700157165527,0.06432700157165527,7.5731
9379,0.022764109075069427,0.022764109075069427,0.06451348960399628,0.06451348960399628,7.5738
9380,0.022764261811971664,0.022764261811971664,0.06432882696390152,0.06432882696390152,7.5744
9381,0.022764425724744797,0.022764425724744797,0.06446827948093414,0.06446827948093414,7.575
9382,0.022764109075069427,0.022764109075069427,0.06426458060741425,0.06426458060741425,7.5756
9383,0.022762607783079147,0.022762607783079147,0.0643671303987503,0.0643671303987503,7.5763
9384,0.022760402411222458,0.022760402411222458,0.06424318253993988,0.06424318253993988,7.5769
9385,0.022758400067687035,0.022758400067687035,0.06434755027294159,0.06434755027294159,7.5775
9386,0.02275739051401615,0.02275739051401615,0.06435282528400421,0.06435282528400421,7.5782
9387,0.022757481783628464,0.022757481783628464,0.06439107656478882,0.06439107656478882,7.5788
9388,0.022763416171073914,0.022763416171073914,0.06444983184337616,0.06444983184337616,7.5794
9389,0.022761475294828415,0.022761475294828415,0.06435476243495941,0.06435476243495941,7.5801
9390,0.022766519337892532,0.022766519337892532,0.06456378847360611,0.06456378847360611,7.5807
9391,0.022770509123802185,0.022770509123802185,0.06429298222064972,0.06429298222064972,7.5813
9392,0.022773435339331627,0.022773435339331627,0.06457433849573135,0.06457433849573135,7.5819
9393,0.02277451567351818,0.02277451567351818,0.0642501562833786,0.0642501562833786,7.5826
9394,0.02277269959449768,0.02277269959449768,0.06451715528964996,0.06451715528964996,7.5832
9395,0.02276955544948578,0.02276955544948578,0.06422798335552216,0.06422798335552216,7.5838
9396,0.02276633307337761,0.02276633307337761,0.06446737051010132,0.06446737051010132,7.5845
9397,0.02276400849223137,0.02276400849223137,0.06430120021104813,0.06430120021104813,7.5851
9398,0.02276447042822838,0.02276447042822838,0.0644402727484703,0.0644402727484703,7.5857
9399,0.022762000560760498,0.022762000560760498,0.06439145654439926,0.06439145654439926,7.5863
9400,0.022762805223464966,0.022762805223464966,0.06449701637029648,0.06449701637029648,7.587
9401,0.02276432327926159,0.02276432327926159,0.0644071102142334,0.0644071102142334,7.5876
9402,0.022767245769500732,0.022767245769500732,0.06443685293197632,0.06443685293197632,7.5882
9403,0.02277158573269844,0.02277158573269844,0.0643620640039444,0.0643620640039444,7.5889
9404,0.022777417674660683,0.022777417674660683,0.06432749330997467,0.06432749330997467,7.5895
9405,0.022786598652601242,0.022786598652601242,0.06438007950782776,0.06438007950782776,7.5901
9406,0.022801686078310013,0.022801686078310013,0.06431429088115692,0.06431429088115692,7.5907
9407,0.02282656542956829,0.02282656542956829,0.06456297636032104,0.06456297636032104,7.5914
9408,0.022862723097205162,0.022862723097205162,0.06439108401536942,0.06439108401536942,7.592
9409,0.022917838767170906,0.022917838767170906,0.06477583944797516,0.06477583944797516,7.5926
9410,0.02297009341418743,0.02297009341418743,0.06443096697330475,0.06443096697330475,7.5932
9411,0.02301965281367302,0.02301965281367302,0.06499551236629486,0.06499551236629486,7.5939
9412,0.02302013710141182,0.02302013710141182,0.06443944573402405,0.06443944573402405,7.5945
9413,0.022962993010878563,0.022962993010878563,0.06482677161693573,0.06482677161693573,7.5951
9414,0.022862892597913742,0.022862892597913742,0.06440063565969467,0.06440063565969467,7.5957
9415,0.022782476618885994,0.022782476618885994,0.06436359882354736,0.06436359882354736,7.5964
9416,0.02276388369500637,0.02276388369500637,0.06448783725500107,0.06448783725500107,7.597
9417,0.022800078615546227,0.022800078615546227,0.06421611458063126,0.06421611458063126,7.5977
9418,0.022844847291707993,0.022844847291707993,0.06467394530773163,0.06467394530773163,7.5983
9419,0.022854458540678024,0.022854458540678024,0.06435362994670868,0.06435362994670868,7.5989
9420,0.02282610721886158,0.02282610721886158,0.06454026699066162,0.06454026699066162,7.5995
9421,0.022794172167778015,0.022794172167778015,0.06461694091558456,0.06461694091558456,7.6002
9422,0.022782593965530396,0.022782593965530396,0.06427764892578125,0.06427764892578125,7.6008
9423,0.022789767012000084,0.022789767012000084,0.06469462066888809,0.06469462066888809,7.6014
9424,0.02279812842607498,0.02279812842607498,0.06422297656536102,0.06422297656536102,7.6021
9425,0.02279597334563732,0.02279597334563732,0.06448199599981308,0.06448199599981308,7.6027
9426,0.02278611995279789,0.02278611995279789,0.06437263637781143,0.06437263637781143,7.6034
9427,0.022778062149882317,0.022778062149882317,0.06424432247877121,0.06424432247877121,7.604
9428,0.02277473360300064,0.02277473360300064,0.06459567695856094,0.06459567695856094,7.6047
9429,0.022773554548621178,0.022773554548621178,0.06426557153463364,0.06426557153463364,7.6055
9430,0.022776443511247635,0.022776443511247635,0.0646003931760788,0.0646003931760788,7.6062
9431,0.022769948467612267,0.022769948467612267,0.0644230991601944,0.0644230991601944,7.6069
9432,0.022766269743442535,0.022766269743442535,0.06448241323232651,0.06448241323232651,7.6078
9433,0.02276368997991085,0.02276368997991085,0.06455133855342865,0.06455133855342865,7.6084
9434,0.022764112800359726,0.022764112800359726,0.06432117521762848,0.06432117521762848,7.6091
9435,0.022764574736356735,0.022764574736356735,0.06453849375247955,0.06453849375247955,7.6097
9436,0.0227626021951437,0.0227626021951437,0.06430692225694656,0.06430692225694656,7.6104
9437,0.02275918610394001,0.02275918610394001,0.0643899217247963,0.0643899217247963,7.611
9438,0.022757263854146004,0.022757263854146004,0.06441954523324966,0.06441954523324966,7.6117
9439,0.02275754138827324,0.02275754138827324,0.06432308256626129,0.06432308256626129,7.6123
9440,0.022759655490517616,0.022759655490517616,0.0645223930478096,0.0645223930478096,7.6129
9441,0.022760991007089615,0.022760991007089615,0.06437297910451889,0.06437297910451889,7.6136
9442,0.022760067135095596,0.022760067135095596,0.06461209058761597,0.06461209058761597,7.6142
9443,0.022756317630410194,0.022756317630410194,0.06444495916366577,0.06444495916366577,7.6148
9444,0.022754505276679993,0.022754505276679993,0.06446162611246109,0.06446162611246109,7.6155
9445,0.022756069898605347,0.022756069898605347,0.06447490304708481,0.06447490304708481,7.6161
9446,0.02275804616510868,0.02275804616510868,0.0642881765961647,0.0642881765961647,7.6168
9447,0.022757165133953094,0.022757165133953094,0.06443993747234344,0.06443993747234344,7.6174
9448,0.022753821685910225,0.022753821685910225,0.06431323289871216,0.06431323289871216,7.6181
9449,0.022751066833734512,0.022751066833734512,0.06442548334598541,0.06442548334598541,7.6187
9450,0.022751087322831154,0.022751087322831154,0.06448616087436676,0.06448616087436676,7.6193
9451,0.022755354642868042,0.022755354642868042,0.06443287432193756,0.06443287432193756,7.62
9452,0.022753247991204262,0.022753247991204262,0.06455393135547638,0.06455393135547638,7.6206
9453,0.022753093391656876,0.022753093391656876,0.06451151520013809,0.06451151520013809,7.6213
9454,0.022752543911337852,0.022752543911337852,0.06448392570018768,0.06448392570018768,7.6219
9455,0.0227529164403677,0.0227529164403677,0.06448788195848465,0.06448788195848465,7.6227
9456,0.022753721103072166,0.022753721103072166,0.06439298391342163,0.06439298391342163,7.6234
9457,0.022753460332751274,0.022753460332751274,0.0644383653998375,0.0644383653998375,7.624
9458,0.02275197207927704,0.02275197207927704,0.06436266750097275,0.06436266750097275,7.6247
9459,0.022750234231352806,0.022750234231352806,0.06441587954759598,0.06441587954759598,7.6258
9460,0.02274933271110058,0.02274933271110058,0.06444109976291656,0.06444109976291656,7.6265
9461,0.022749504074454308,0.022749504074454308,0.06443069130182266,0.06443069130182266,7.6272
9462,0.022756395861506462,0.022756395861506462,0.06450442969799042,0.06450442969799042,7.6278
9463,0.022751396521925926,0.022751396521925926,0.06443119049072266,0.06443119049072266,7.6285
9464,0.02275245264172554,0.02275245264172554,0.064567431807518,0.064567431807518,7.6291
9465,0.022752264514565468,0.022752264514565468,0.06442931294441223,0.06442931294441223,7.6298
9466,0.02275189384818077,0.02275189384818077,0.06448985636234283,0.06448985636234283,7.6304
9467,0.02275128662586212,0.02275128662586212,0.06442658603191376,0.06442658603191376,7.6311
9468,0.02275053597986698,0.02275053597986698,0.06439123302698135,0.06439123302698135,7.6318
9469,0.022749852389097214,0.022749852389097214,0.0644332766532898,0.0644332766532898,7.6324
9470,0.02274911478161812,0.02274911478161812,0.0643794983625412,0.0643794983625412,7.633
9471,0.022748474031686783,0.022748474031686783,0.06448318809270859,0.06448318809270859,7.6337
9472,0.022750787436962128,0.022750787436962128,0.06443984806537628,0.06443984806537628,7.6343
9473,0.022748928517103195,0.022748928517103195,0.06448481231927872,0.06448481231927872,7.635
9474,0.0227513425052166,0.0227513425052166,0.06459340453147888,0.06459340453147888,7.6356
9475,0.02275252901017666,0.02275252901017666,0.0644349753856659,0.0644349753856659,7.6365
9476,0.02275208942592144,0.02275208942592144,0.06456039100885391,0.06456039100885391,7.6372
9477,0.02275087870657444,0.02275087870657444,0.0643995925784111,0.0643995925784111,7.6378
9478,0.022749586030840874,0.022749586030840874,0.06442109495401382,0.06442109495401382,7.6384
9479,0.022748734802007675,0.022748734802007675,0.06441675126552582,0.06441675126552582,7.639
9480,0.022748513147234917,0.022748513147234917,0.06437237560749054,0.06437237560749054,7.6397
9481,0.022748397663235664,0.022748397663235664,0.06450144946575165,0.06450144946575165,7.6403
9482,0.02274799346923828,0.02274799346923828,0.0644378513097763,0.0644378513097763,7.641
9483,0.02275223843753338,0.02275223843753338,0.06454844772815704,0.06454844772815704,7.6416
9484,0.022748682647943497,0.022748682647943497,0.0644766315817833,0.0644766315817833,7.6422
9485,0.022749507799744606,0.022749507799744606,0.06459188461303711,0.06459188461303711,7.6428
9486,0.022749189287424088,0.022749189287424088,0.06448134034872055,0.06448134034872055,7.6435
9487,0.022749103605747223,0.022749103605747223,0.06449643522500992,0.06449643522500992,7.6441
9488,0.022749101743102074,0.022749101743102074,0.06446951627731323,0.06446951627731323,7.6447
9489,0.022748354822397232,0.022748354822397232,0.06440652906894684,0.06440652906894684,7.6454
9490,0.022747281938791275,0.022747281938791275,0.06444577872753143,0.06444577872753143,7.646
9491,0.022746417671442032,0.022746417671442032,0.06440932303667068,0.06440932303667068,7.6466
9492,0.022745899856090546,0.022745899856090546,0.06447696685791016,0.06447696685791016,7.6472
9493,0.022747153416275978,0.022747153416275978,0.06446464359760284,0.06446464359760284,7.6479
9494,0.022747209295630455,0.022747209295630455,0.06449364125728607,0.06449364125728607,7.6485
9495,0.022749587893486023,0.022749587893486023,0.06461366266012192,0.06461366266012192,7.6492
9496,0.022750649601221085,0.022750649601221085,0.0644570142030716,0.0644570142030716,7.6498
9497,0.02275044657289982,0.02275044657289982,0.06458640098571777,0.06458640098571777,7.6504
9498,0.0227492805570364,0.0227492805570364,0.06441053003072739,0.06441053003072739,7.6511
9499,0.022747721523046494,0.022747721523046494,0.06444678455591202,0.06444678455591202,7.6517
9500,0.022746633738279343,0.022746633738279343,0.06442022323608398,0.06442022323608398,7.6523
9501,0.022746291011571884,0.022746291011571884,0.06439133733510971,0.06439133733510971,7.6529
9502,0.022746283560991287,0.022746283560991287,0.06451833248138428,0.06451833248138428,7.6536
9503,0.022746192291378975,0.022746192291378975,0.06445515155792236,0.06445515155792236,7.6544
9504,0.022750115022063255,0.022750115022063255,0.06457938998937607,0.06457938998937607,7.655
9505,0.022747164592146873,0.022747164592146873,0.06448746472597122,0.06448746472597122,7.6556
9506,0.022748205810785294,0.022748205810785294,0.06463082879781723,0.06463082879781723,7.6563
9507,0.022747864946722984,0.022747864946722984,0.06448614597320557,0.06448614597320557,7.6569
9508,0.022747445851564407,0.022747445851564407,0.06453689932823181,0.06453689932823181,7.6575
9509,0.022747281938791275,0.022747281938791275,0.06448482722043991,0.06448482722043991,7.6581
9510,0.02274651825428009,0.02274651825428009,0.06443818658590317,0.06443818658590317,7.6588
9511,0.022745439782738686,0.022745439782738686,0.0644807368516922,0.0644807368516922,7.6594
9512,0.022744592279195786,0.022744592279195786,0.06442955881357193,0.06442955881357193,7.66
9513,0.022744109854102135,0.022744109854102135,0.06451685726642609,0.06451685726642609,7.6607
9514,0.022744065150618553,0.022744065150618553,0.06447567790746689,0.06447567790746689,7.6613
9515,0.02274472638964653,0.02274472638964653,0.06453300267457962,0.06453300267457962,7.662
9516,0.022746827453374863,0.022746827453374863,0.06462202966213226,0.06462202966213226,7.6626
9517,0.022748248651623726,0.022748248651623726,0.064488984644413,0.064488984644413,7.6633
9518,0.02274858020246029,0.02274858020246029,0.06460493057966232,0.06460493057966232,7.6639
9519,0.022747764363884926,0.022747764363884926,0.06442095339298248,0.06442095339298248,7.6645
9520,0.022746019065380096,0.022746019065380096,0.06448133289813995,0.06448133289813995,7.6651
9521,0.022744279354810715,0.022744279354810715,0.06441988795995712,0.06441988795995712,7.6658
9522,0.022743448615074158,0.022743448615074158,0.06443148106336594,0.06443148106336594,7.6664
9523,0.022743526846170425,0.022743526846170425,0.06453200429677963,0.06453200429677963,7.667
9524,0.022743985056877136,0.022743985056877136,0.06448112428188324,0.06448112428188324,7.6677
9525,0.022747235372662544,0.022747235372662544,0.06460247933864594,0.06460247933864594,7.6683
9526,0.0227457694709301,0.0227457694709301,0.06449171900749207,0.06449171900749207,7.6689
9527,0.022747116163372993,0.022747116163372993,0.06465822458267212,0.06465822458267212,7.6695
9528,0.022746747359633446,0.022746747359633446,0.06447829306125641,0.06447829306125641,7.6702
9529,0.02274593710899353,0.02274593710899353,0.06457576900720596,0.06457576900720596,7.6708
9530,0.022745171561837196,0.022745171561837196,0.06448040157556534,0.06448040157556534,7.6714
9531,0.022744089365005493,0.022744089365005493,0.06447232514619827,0.06447232514619827,7.672
9532,0.022743094712495804,0.022743094712495804,0.06449277698993683,0.06449277698993683,7.6727
9533,0.022742748260498047,0.022742748260498047,0.06444393843412399,0.06444393843412399,7.6733
9534,0.02274276874959469,0.02274276874959469,0.06454527378082275,0.06454527378082275,7.6739
9535,0.022742563858628273,0.022742563858628273,0.06447650492191315,0.06447650492191315,7.6746
9536,0.02274888940155506,0.02274888940155506,0.06456701457500458,0.06456701457500458,7.6752
9537,0.02274269238114357,0.02274269238114357,0.06448478996753693,0.06448478996753693,7.6758
9538,0.022743696346879005,0.022743696346879005,0.06462202966213226,0.06462202966213226,7.6765
9539,0.022744175046682358,0.022744175046682358,0.06449101120233536,0.06449101120233536,7.6772
9540,0.02274465188384056,0.02274465188384056,0.06457364559173584,0.06457364559173584,7.6778
9541,0.022744324058294296,0.022744324058294296,0.06448790431022644,0.06448790431022644,7.6785
9542,0.02274302765727043,0.02274302765727043,0.06449715793132782,0.06449715793132782,7.6791
9543,0.02274177595973015,0.02274177595973015,0.06448440998792648,0.06448440998792648,7.6797
9544,0.022741124033927917,0.022741124033927917,0.06447798013687134,0.06447798013687134,7.6803
9545,0.02274084836244583,0.02274084836244583,0.06454091519117355,0.06454091519117355,7.681
9546,0.022743409499526024,0.022743409499526024,0.06449510157108307,0.06449510157108307,7.6816
9547,0.022740446031093597,0.022740446031093597,0.06456297636032104,0.06456297636032104,7.6822
9548,0.022741641849279404,0.022741641849279404,0.06461679190397263,0.06461679190397263,7.6829
9549,0.022742941975593567,0.022742941975593567,0.0645194947719574,0.0645194947719574,7.6835
9550,0.022744012996554375,0.022744012996554375,0.0646277517080307,0.0646277517080307,7.6841
9551,0.022744258865714073,0.022744258865714073,0.06445479393005371,0.06445479393005371,7.6848
9552,0.02274305559694767,0.02274305559694767,0.0645468682050705,0.0645468682050705,7.6854
9553,0.022741103544831276,0.022741103544831276,0.06443524360656738,0.06443524360656738,7.686
9554,0.022739578038454056,0.022739578038454056,0.06450235843658447,0.06450235843658447,7.6866
9555,0.02273903414607048,0.02273903414607048,0.06452910602092743,0.06452910602092743,7.6873
9556,0.022739240899682045,0.022739240899682045,0.06453027576208115,0.06453027576208115,7.688
9557,0.022744053974747658,0.022744053974747658,0.06461198627948761,0.06461198627948761,7.6886
9558,0.02274218015372753,0.02274218015372753,0.06451330333948135,0.06451330333948135,7.6893
9559,0.022745255380868912,0.022745255380868912,0.06470763683319092,0.06470763683319092,7.69
9560,0.02274627797305584,0.02274627797305584,0.06447918713092804,0.06447918713092804,7.6906
9561,0.022745925933122635,0.022745925933122635,0.06466341018676758,0.06466341018676758,7.6913
9562,0.02274448238313198,0.02274448238313198,0.06446926295757294,0.06446926295757294,7.6919
9563,0.02274211123585701,0.02274211123585701,0.06455814838409424,0.06455814838409424,7.6926
9564,0.02273998036980629,0.02273998036980629,0.06448511779308319,0.06448511779308319,7.6932
9565,0.022739211097359657,0.022739211097359657,0.06450186669826508,0.06450186669826508,7.6938
9566,0.022739583626389503,0.022739583626389503,0.06456661224365234,0.06456661224365234,7.6945
9567,0.022740438580513,0.022740438580513,0.06450089067220688,0.06450089067220688,7.6951
9568,0.02273934707045555,0.02273934707045555,0.0646146684885025,0.0646146684885025,7.6958
9569,0.022739816457033157,0.022739816457033157,0.06461472809314728,0.06461472809314728,7.6964
9570,0.022740816697478294,0.022740816697478294,0.06457457691431046,0.06457457691431046,7.6971
9571,0.0227421335875988,0.0227421335875988,0.0646219477057457,0.0646219477057457,7.6977
9572,0.02274278737604618,0.02274278737604618,0.0644817054271698,0.0644817054271698,7.6983
9573,0.022741874679923058,0.022741874679923058,0.06455802917480469,0.06455802917480469,7.699
9574,0.02273992821574211,0.02273992821574211,0.06443418562412262,0.06443418562412262,7.6996
9575,0.022738102823495865,0.022738102823495865,0.06454192847013474,0.06454192847013474,7.7003
9576,0.02273721434175968,0.02273721434175968,0.06452283263206482,0.06452283263206482,7.7009
9577,0.02273740991950035,0.02273740991950035,0.06457975506782532,0.06457975506782532,7.7015
9578,0.022740934044122696,0.022740934044122696,0.06460683047771454,0.06460683047771454,7.7022
9579,0.022739902138710022,0.022739902138710022,0.06454944610595703,0.06454944610595703,7.7028
9580,0.02274295687675476,0.02274295687675476,0.06470612436532974,0.06470612436532974,7.7034
9581,0.02274438366293907,0.02274438366293907,0.0644979476928711,0.0644979476928711,7.7041
9582,0.022744381800293922,0.022744381800293922,0.06468059122562408,0.06468059122562408,7.7047
9583,0.02274315245449543,0.02274315245449543,0.06447708606719971,0.06447708606719971,7.7053
9584,0.02274075150489807,0.02274075150489807,0.06460008770227432,0.06460008770227432,7.7059
9585,0.022738462314009666,0.022738462314009666,0.06448796391487122,0.06448796391487122,7.7065
9586,0.022737571969628334,0.022737571969628334,0.06455236673355103,0.06455236673355103,7.7072
9587,0.02273779734969139,0.02273779734969139,0.06456984579563141,0.06456984579563141,7.7078
9588,0.022738033905625343,0.022738033905625343,0.06454648077487946,0.06454648077487946,7.7084
9589,0.022744515910744667,0.022744515910744667,0.06462788581848145,0.06462788581848145,7.709
9590,0.022739756852388382,0.022739756852388382,0.0645122081041336,0.0645122081041336,7.7097
9591,0.022742394357919693,0.022742394357919693,0.06471488624811172,0.06471488624811172,7.7103
9592,0.022743964567780495,0.022743964567780495,0.06449374556541443,0.06449374556541443,7.7109
9593,0.022744718939065933,0.022744718939065933,0.06468547880649567,0.06468547880649567,7.7116
9594,0.02274397388100624,0.02274397388100624,0.06449344009160995,0.06449344009160995,7.7122
9595,0.022741565480828285,0.022741565480828285,0.06460636109113693,0.06460636109113693,7.7128
9596,0.022738775238394737,0.022738775238394737,0.06450622528791428,0.06450622528791428,7.7134
9597,0.022736862301826477,0.022736862301826477,0.06456683576107025,0.06456683576107025,7.714
9598,0.022735968232154846,0.022735968232154846,0.0645810216665268,0.0645810216665268,7.7147
9599,0.022737881168723106,0.022737881168723106,0.0645429715514183,0.0645429715514183,7.7153
9600,0.02273542620241642,0.02273542620241642,0.06462591141462326,0.06462591141462326,7.7159
9601,0.022736454382538795,0.022736454382538795,0.06462182104587555,0.06462182104587555,7.7165
9602,0.02273773029446602,0.02273773029446602,0.0646052286028862,0.0646052286028862,7.7171
9603,0.022739041596651077,0.022739041596651077,0.06462538242340088,0.06462538242340088,7.7178
9604,0.02273942530155182,0.02273942530155182,0.06454338133335114,0.06454338133335114,7.7184
9605,0.022738352417945862,0.022738352417945862,0.06456854194402695,0.06456854194402695,7.719
9606,0.022736627608537674,0.022736627608537674,0.06450679153203964,0.06450679153203964,7.7196
9607,0.022735413163900375,0.022735413163900375,0.06455771625041962,0.06455771625041962,7.7202
9608,0.022735310718417168,0.022735310718417168,0.06458041816949844,0.06458041816949844,7.7209
9609,0.022736286744475365,0.022736286744475365,0.06459663063287735,0.06459663063287735,7.7215
9610,0.02274143323302269,0.02274143323302269,0.0646461471915245,0.0646461471915245,7.7221
9611,0.02274152636528015,0.02274152636528015,0.06457018852233887,0.06457018852233887,7.7227
9612,0.02274707891047001,0.02274707891047001,0.06475069373846054,0.06475069373846054,7.7234
9613,0.022752240300178528,0.022752240300178528,0.06452545523643494,0.06452545523643494,7.724
9614,0.022757429629564285,0.022757429629564285,0.06475673615932465,0.06475673615932465,7.7246
9615,0.022762909531593323,0.022762909531593323,0.06450121104717255,0.06450121104717255,7.7253
9616,0.022768670693039894,0.022768670693039894,0.06470385938882828,0.06470385938882828,7.726
9617,0.022776326164603233,0.022776326164603233,0.06450750678777695,0.06450750678777695,7.7266
9618,0.022785579785704613,0.022785579785704613,0.06467117369174957,0.06467117369174957,7.7273
9619,0.0227961502969265,0.0227961502969265,0.06460518389940262,0.06460518389940262,7.728
9620,0.022805335000157356,0.022805335000157356,0.06465939432382584,0.06465939432382584,7.7286
9621,0.022812828421592712,0.022812828421592712,0.06470836699008942,0.06470836699008942,7.7292
9622,0.022816434502601624,0.022816434502601624,0.06473012268543243,0.06473012268543243,7.7299
9623,0.022814614698290825,0.022814614698290825,0.06474091857671738,0.06474091857671738,7.7305
9624,0.022804800420999527,0.022804800420999527,0.06465759873390198,0.06465759873390198,7.7311
9625,0.022787895053625107,0.022787895053625107,0.06468731164932251,0.06468731164932251,7.7317
9626,0.02276647463440895,0.02276647463440895,0.06451056897640228,0.06451056897640228,7.7324
9627,0.022747734561562538,0.022747734561562538,0.06462094932794571,0.06462094932794571,7.733
9628,0.02273653820157051,0.02273653820157051,0.0644819512963295,0.0644819512963295,7.7336
9629,0.022734183818101883,0.022734183818101883,0.06465800106525421,0.06465800106525421,7.7342
9630,0.022738102823495865,0.022738102823495865,0.06458999961614609,0.06458999961614609,7.7349
9631,0.022746849805116653,0.022746849805116653,0.06467988342046738,0.06467988342046738,7.7355
9632,0.022750254720449448,0.022750254720449448,0.064663827419281,0.064663827419281,7.7362
9633,0.022753078490495682,0.022753078490495682,0.06470756232738495,0.06470756232738495,7.7368
9634,0.022751886397600174,0.022751886397600174,0.06468815356492996,0.06468815356492996,7.7375
9635,0.022748371586203575,0.022748371586203575,0.06462365388870239,0.06462365388870239,7.7382
9636,0.022743603214621544,0.022743603214621544,0.06466783583164215,0.06466783583164215,7.7388
9637,0.022737938910722733,0.022737938910722733,0.0645398497581482,0.0645398497581482,7.7394
9638,0.022733177989721298,0.022733177989721298,0.06461203098297119,0.06461203098297119,7.7401
9639,0.022730901837348938,0.022730901837348938,0.06454507261514664,0.06454507261514664,7.7407
9640,0.022731315344572067,0.022731315344572067,0.06461925804615021,0.06461925804615021,7.7413
9641,0.022733360528945923,0.022733360528945923,0.06461151689291,0.06461151689291,7.742
9642,0.02274087630212307,0.02274087630212307,0.06463922560214996,0.06463922560214996,7.7427
9643,0.02273687534034252,0.02273687534034252,0.06463070958852768,0.06463070958852768,7.7433
9644,0.022737298160791397,0.022737298160791397,0.06469997018575668,0.06469997018575668,7.744
9645,0.022736748680472374,0.022736748680472374,0.06462030112743378,0.06462030112743378,7.7447
9646,0.02273581549525261,0.02273581549525261,0.06465580314397812,0.06465580314397812,7.7454
9647,0.022733913734555244,0.022733913734555244,0.06459074467420578,0.06459074467420578,7.7461
9648,0.022731417790055275,0.022731417790055275,0.06459064781665802,0.06459064781665802,7.7467
9649,0.02272971346974373,0.02272971346974373,0.06457556784152985,0.06457556784152985,7.7474
9650,0.022729257121682167,0.022729257121682167,0.06458330154418945,0.06458330154418945,7.7488
9651,0.02272985875606537,0.02272985875606537,0.06464220583438873,0.06464220583438873,7.7495
9652,0.02273169532418251,0.02273169532418251,0.06460484862327576,0.06460484862327576,7.7502
9653,0.022731365635991096,0.022731365635991096,0.0646720752120018,0.0646720752120018,7.7511
9654,0.02273281291127205,0.02273281291127205,0.06473199278116226,0.06473199278116226,7.7517
9655,0.022734200581908226,0.022734200581908226,0.0646202564239502,0.0646202564239502,7.7524
9656,0.022735461592674255,0.022735461592674255,0.06475081294775009,0.06475081294775009,7.7531
9657,0.022735873237252235,0.022735873237252235,0.06454148143529892,0.06454148143529892,7.7538
9658,0.022734615951776505,0.022734615951776505,0.06467487663030624,0.06467487663030624,7.7544
9659,0.022732052952051163,0.022732052952051163,0.06451141089200974,0.06451141089200974,7.7551
9660,0.022729521617293358,0.022729521617293358,0.06463387608528137,0.06463387608528137,7.7557
9661,0.022727930918335915,0.022727930918335915,0.06460658460855484,0.06460658460855484,7.7564
9662,0.022727571427822113,0.022727571427822113,0.06465208530426025,0.06465208530426025,7.757
9663,0.022729847580194473,0.022729847580194473,0.06470543891191483,0.06470543891191483,7.7577
9664,0.022731153294444084,0.022731153294444084,0.0646124929189682,0.0646124929189682,7.7583
9665,0.022735770791769028,0.022735770791769028,0.06482619047164917,0.06482619047164917,7.759
9666,0.02273862063884735,0.02273862063884735,0.0645572692155838,0.0645572692155838,7.7596
9667,0.022739563137292862,0.022739563137292862,0.06480191648006439,0.06480191648006439,7.7603
9668,0.022738363593816757,0.022738363593816757,0.06453150510787964,0.06453150510787964,7.7609
9669,0.0227351151406765,0.0227351151406765,0.06470107287168503,0.06470107287168503,7.7616
9670,0.022731458768248558,0.022731458768248558,0.06454630941152573,0.06454630941152573,7.7622
9671,0.022729376330971718,0.022729376330971718,0.06463339179754257,0.06463339179754257,7.7629
9672,0.022729167714715004,0.022729167714715004,0.06464619934558868,0.06464619934558868,7.7635
9673,0.022729890421032906,0.022729890421032906,0.06461317837238312,0.06461317837238312,7.7642
9674,0.022735830396413803,0.022735830396413803,0.06472919881343842,0.06472919881343842,7.7648
9675,0.022733822464942932,0.022733822464942932,0.06457419693470001,0.06457419693470001,7.7655
9676,0.022737368941307068,0.022737368941307068,0.06483892351388931,0.06483892351388931,7.7661
9677,0.022738436236977577,0.022738436236977577,0.06456167250871658,0.06456167250871658,7.7668
9678,0.02273762784898281,0.02273762784898281,0.06480610370635986,0.06480610370635986,7.7674
9679,0.022734802216291428,0.022734802216291428,0.06456290930509567,0.06456290930509567,7.768
9680,0.022730998694896698,0.022730998694896698,0.06469546258449554,0.06469546258449554,7.7687
9681,0.022728323936462402,0.022728323936462402,0.06457588821649551,0.06457588821649551,7.7693
9682,0.022727683186531067,0.022727683186531067,0.06463371962308884,0.06463371962308884,7.7699
9683,0.022728610783815384,0.022728610783815384,0.06466995179653168,0.06466995179653168,7.7705
9684,0.022730769589543343,0.022730769589543343,0.06461727619171143,0.06461727619171143,7.7711
9685,0.022730398923158646,0.022730398923158646,0.06474019587039948,0.06474019587039948,7.7718
9686,0.022730741649866104,0.022730741649866104,0.06471360474824905,0.06471360474824905,7.7724
9687,0.02273055724799633,0.02273055724799633,0.06470693647861481,0.06470693647861481,7.773
9688,0.022730475291609764,0.022730475291609764,0.06472690403461456,0.06472690403461456,7.7737
9689,0.022730473428964615,0.022730473428964615,0.06460647284984589,0.06460647284984589,7.7743
9690,0.022730162367224693,0.022730162367224693,0.06468015164136887,0.06468015164136887,7.7749
9691,0.022729340940713882,0.022729340940713882,0.0645434632897377,0.0645434632897377,7.7755
9692,0.022728268057107925,0.022728268057107925,0.06468329578638077,0.06468329578638077,7.7761
9693,0.022727372124791145,0.022727372124791145,0.06460120528936386,0.06460120528936386,7.7768
9694,0.022726643830537796,0.022726643830537796,0.0647432804107666,0.0647432804107666,7.7774
9695,0.02272658981382847,0.02272658981382847,0.06466555595397949,0.06466555595397949,7.778
9696,0.022724922746419907,0.022724922746419907,0.0647178664803505,0.0647178664803505,7.7786
9697,0.02272665500640869,0.02272665500640869,0.06477968394756317,0.06477968394756317,7.7792
9698,0.022728729993104935,0.022728729993104935,0.06464161723852158,0.06464161723852158,7.7799
9699,0.022730786353349686,0.022730786353349686,0.06478512287139893,0.06478512287139893,7.7805
9700,0.022731993347406387,0.022731993347406387,0.06457516551017761,0.06457516551017761,7.7811
9701,0.022731220349669456,0.022731220349669456,0.06473155319690704,0.06473155319690704,7.7817
9702,0.02272932603955269,0.02272932603955269,0.06453907489776611,0.06453907489776611,7.7824
9703,0.022727306932210922,0.022727306932210922,0.06470917165279388,0.06470917165279388,7.783
9704,0.02272588387131691,0.02272588387131691,0.06460835039615631,0.06460835039615631,7.7836
9705,0.022725259885191917,0.022725259885191917,0.0647132620215416,0.0647132620215416,7.7842
9706,0.022729182615876198,0.022729182615876198,0.06468986719846725,0.06468986719846725,7.7848
9707,0.02272718772292137,0.02272718772292137,0.06465896964073181,0.06465896964073181,7.7854
9708,0.022731322795152664,0.022731322795152664,0.06481152772903442,0.06481152772903442,7.7861
9709,0.022734899073839188,0.022734899073839188,0.06460624933242798,0.06460624933242798,7.7867
9710,0.02273734286427498,0.02273734286427498,0.0648190900683403,0.0648190900683403,7.7873
9711,0.022736942395567894,0.022736942395567894,0.06457506120204926,0.06457506120204926,7.7879
9712,0.02273336425423622,0.02273336425423622,0.06475390493869781,0.06475390493869781,7.7886
9713,0.02272886596620083,0.02272886596620083,0.06456981599330902,0.06456981599330902,7.7892
9714,0.022725176066160202,0.022725176066160202,0.06470415741205215,0.06470415741205215,7.7898
9715,0.022723305970430374,0.022723305970430374,0.0646589919924736,0.0646589919924736,7.7904
9716,0.022723082453012466,0.022723082453012466,0.0646737813949585,0.0646737813949585,7.791
9717,0.02272302284836769,0.02272302284836769,0.06474070250988007,0.06474070250988007,7.7917
9718,0.02272365428507328,0.02272365428507328,0.06473956257104874,0.06473956257104874,7.7923
9719,0.02272394672036171,0.02272394672036171,0.0647411197423935,0.0647411197423935,7.7929
9720,0.022724226117134094,0.022724226117134094,0.06471551954746246,0.06471551954746246,7.7936
9721,0.022724252194166183,0.022724252194166183,0.06467413902282715,0.06467413902282715,7.7942
9722,0.022723553702235222,0.022723553702235222,0.0646483451128006,0.0646483451128006,7.7948
9723,0.022722436115145683,0.022722436115145683,0.06462647765874863,0.06462647765874863,7.7954
9724,0.022721469402313232,0.022721469402313232,0.0646543875336647,0.0646543875336647,7.7961
9725,0.022721009328961372,0.022721009328961372,0.06469286978244781,0.06469286978244781,7.7968
9726,0.022721117362380028,0.022721117362380028,0.0647272914648056,0.0647272914648056,7.7974
9727,0.02272159419953823,0.02272159419953823,0.06474260240793228,0.06474260240793228,7.7981
9728,0.022722071036696434,0.022722071036696434,0.06471896916627884,0.06471896916627884,7.7988
9729,0.022724399343132973,0.022724399343132973,0.06482578814029694,0.06482578814029694,7.7995
9730,0.022726286202669144,0.022726286202669144,0.06466428190469742,0.06466428190469742,7.8001
9731,0.02272808365523815,0.02272808365523815,0.06482065469026566,0.06482065469026566,7.8009
9732,0.022729314863681793,0.022729314863681793,0.06461255252361298,0.06461255252361298,7.8015
9733,0.022729402408003807,0.022729402408003807,0.06477898359298706,0.06477898359298706,7.8022
9734,0.02272924780845642,0.02272924780845642,0.0645747035741806,0.0645747035741806,7.8028
9735,0.022729745134711266,0.022729745134711266,0.06477725505828857,0.06477725505828857,7.8035
9736,0.022731447592377663,0.022731447592377663,0.06461875140666962,0.06461875140666962,7.8041
9737,0.02273399569094181,0.02273399569094181,0.06480713188648224,0.06480713188648224,7.8047
9738,0.022740546613931656,0.022740546613931656,0.06466761976480484,0.06466761976480484,7.8053
9739,0.02274239994585514,0.02274239994585514,0.06477879732847214,0.06477879732847214,7.806
9740,0.02275140956044197,0.02275140956044197,0.06477417051792145,0.06477417051792145,7.8066
9741,0.022763604298233986,0.022763604298233986,0.06475184857845306,0.06475184857845306,7.8072
9742,0.02277839556336403,0.02277839556336403,0.06479611247777939,0.06479611247777939,7.8078
9743,0.022794192656874657,0.022794192656874657,0.06475234031677246,0.06475234031677246,7.8085
9744,0.02280755341053009,0.02280755341053009,0.06476224958896637,0.06476224958896637,7.8091
9745,0.022818421944975853,0.022818421944975853,0.06478285789489746,0.06478285789489746,7.8097
9746,0.02282308228313923,0.02282308228313923,0.06472087651491165,0.06472087651491165,7.8103
9747,0.022821631282567978,0.022821631282567978,0.06489472091197968,0.06489472091197968,7.8109
9748,0.022810455411672592,0.022810455411672592,0.06465069949626923,0.06465069949626923,7.8116
9749,0.022801415994763374,0.022801415994763374,0.06497254967689514,0.06497254967689514,7.8122
9750,0.022777294740080833,0.022777294740080833,0.06455041468143463,0.06455041468143463,7.8128
9751,0.022761909291148186,0.022761909291148186,0.06503502279520035,0.06503502279520035,7.8135
9752,0.02274688147008419,0.02274688147008419,0.06455652415752411,0.06455652415752411,7.8141
9753,0.022736411541700363,0.022736411541700363,0.06490756571292877,0.06490756571292877,7.8147
9754,0.022731997072696686,0.022731997072696686,0.06465475261211395,0.06465475261211395,7.8153
9755,0.022734183818101883,0.022734183818101883,0.06470371782779694,0.06470371782779694,7.816
9756,0.022741705179214478,0.022741705179214478,0.06477440148591995,0.06477440148591995,7.8166
9757,0.022748913615942,0.022748913615942,0.06459029018878937,0.06459029018878937,7.8172
9758,0.022750701755285263,0.022750701755285263,0.06490685045719147,0.06490685045719147,7.8179
9759,0.022745074704289436,0.022745074704289436,0.06457777321338654,0.06457777321338654,7.8186
9760,0.022744035348296165,0.022744035348296165,0.064910888671875,0.064910888671875,7.8192
9761,0.02272767946124077,0.02272767946124077,0.06462285667657852,0.06462285667657852,7.8199
9762,0.022722352296113968,0.022722352296113968,0.06486566364765167,0.06486566364765167,7.8205
9763,0.022720735520124435,0.022720735520124435,0.06473325192928314,0.06473325192928314,7.8212
9764,0.022723477333784103,0.022723477333784103,0.06472551077604294,0.06472551077604294,7.8219
9765,0.02272755280137062,0.02272755280137062,0.06480152904987335,0.06480152904987335,7.8226
9766,0.022730346769094467,0.022730346769094467,0.06460992246866226,0.06460992246866226,7.8232
9767,0.02273007296025753,0.02273007296025753,0.06479175388813019,0.06479175388813019,7.8239
9768,0.022726070135831833,0.022726070135831833,0.06461092829704285,0.06461092829704285,7.8245
9769,0.02272079885005951,0.02272079885005951,0.06479080021381378,0.06479080021381378,7.8252
9770,0.022718152031302452,0.022718152031302452,0.06469657272100449,0.06469657272100449,7.8259
9771,0.02271725796163082,0.02271725796163082,0.06474274396896362,0.06474274396896362,7.8266
9772,0.022722583264112473,0.022722583264112473,0.06489801406860352,0.06489801406860352,7.8272
9773,0.022727854549884796,0.022727854549884796,0.06466697156429291,0.06466697156429291,7.8279
9774,0.02273000404238701,0.02273000404238701,0.0649159699678421,0.0649159699678421,7.8285
9775,0.022728389129042625,0.022728389129042625,0.06461946666240692,0.06461946666240692,7.8292
9776,0.022724200040102005,0.022724200040102005,0.06476370245218277,0.06476370245218277,7.8298
9777,0.02271992899477482,0.02271992899477482,0.06464404612779617,0.06464404612779617,7.8305
9778,0.02271774224936962,0.02271774224936962,0.0646636113524437,0.0646636113524437,7.8312
9779,0.022717883810400963,0.022717883810400963,0.06478340923786163,0.06478340923786163,7.8318
9780,0.02271914854645729,0.02271914854645729,0.06468749791383743,0.06468749791383743,7.8325
9781,0.022722220048308372,0.022722220048308372,0.06488889455795288,0.06488889455795288,7.8331
9782,0.022723685950040817,0.022723685950040817,0.06469662487506866,0.06469662487506866,7.8337
9783,0.022725149989128113,0.022725149989128113,0.06495178490877151,0.06495178490877151,7.8347
9784,0.02272322028875351,0.02272322028875351,0.06470629572868347,0.06470629572868347,7.8355
9785,0.022720709443092346,0.022720709443092346,0.0648270696401596,0.0648270696401596,7.8361
9786,0.02271907590329647,0.02271907590329647,0.06473544985055923,0.06473544985055923,7.8368
9787,0.022718187421560287,0.022718187421560287,0.06468211114406586,0.06468211114406586,7.8377
9788,0.02271811105310917,0.02271811105310917,0.0647619441151619,0.0647619441151619,7.8383
9789,0.022718284279108047,0.022718284279108047,0.06465235352516174,0.06465235352516174,7.839
9790,0.022717952728271484,0.022717952728271484,0.06481880694627762,0.06481880694627762,7.8399
9791,0.022716905921697617,0.022716905921697617,0.06470421701669693,0.06470421701669693,7.8407
9792,0.022719841450452805,0.022719841450452805,0.06483028829097748,0.06483028829097748,7.8414
9793,0.022716371342539787,0.022716371342539787,0.06472726166248322,0.06472726166248322,7.842
9794,0.02271679788827896,0.02271679788827896,0.06485610455274582,0.06485610455274582,7.8429
9795,0.02271701581776142,0.02271701581776142,0.06474648416042328,0.06474648416042328,7.8436
9796,0.022717591375112534,0.022717591375112534,0.06478127092123032,0.06478127092123032,7.8444
9797,0.022717278450727463,0.022717278450727463,0.06474660336971283,0.06474660336971283,7.8451
9798,0.022716164588928223,0.022716164588928223,0.06470456719398499,0.06470456719398499,7.8458
9799,0.022715136408805847,0.022715136408805847,0.06473857164382935,0.06473857164382935,7.8465
9800,0.022714337334036827,0.022714337334036827,0.06470181047916412,0.06470181047916412,7.8471
9801,0.022713830694556236,0.022713830694556236,0.06479299068450928,0.06479299068450928,7.8478
9802,0.022713642567396164,0.022713642567396164,0.06473471224308014,0.06473471224308014,7.8484
9803,0.0227196104824543,0.0227196104824543,0.0648081824183464,0.0648081824183464,7.8491
9804,0.022714031860232353,0.022714031860232353,0.06473132222890854,0.06473132222890854,7.8498
9805,0.022715112194418907,0.022715112194418907,0.06485056132078171,0.06485056132078171,7.8504
9806,0.022715911269187927,0.022715911269187927,0.0647401437163353,0.0647401437163353,7.8511
9807,0.022716406732797623,0.022716406732797623,0.06481804698705673,0.06481804698705673,7.8518
9808,0.022715825587511063,0.022715825587511063,0.06473882496356964,0.06473882496356964,7.8524
9809,0.022714469581842422,0.022714469581842422,0.06475980579853058,0.06475980579853058,7.8531
9810,0.022713255137205124,0.022713255137205124,0.06473354250192642,0.06473354250192642,7.8537
9811,0.022712457925081253,0.022712457925081253,0.06473661959171295,0.06473661959171295,7.8544
9812,0.02271224372088909,0.02271224372088909,0.06479416787624359,0.06479416787624359,7.855
9813,0.0227123461663723,0.0227123461663723,0.06474033743143082,0.06474033743143082,7.8556
9814,0.022719722241163254,0.022719722241163254,0.0648234635591507,0.0648234635591507,7.8563
9815,0.022713540121912956,0.022713540121912956,0.06472563743591309,0.06472563743591309,7.8569
9816,0.022715304046869278,0.022715304046869278,0.06488747894763947,0.06488747894763947,7.8576
9817,0.022716356441378593,0.022716356441378593,0.06473267078399658,0.06473267078399658,7.8583
9818,0.02271650731563568,0.02271650731563568,0.06486407667398453,0.06486407667398453,7.8589
9819,0.022715341299772263,0.022715341299772263,0.06473050266504288,0.06473050266504288,7.8596
9820,0.022713497281074524,0.022713497281074524,0.06479011476039886,0.06479011476039886,7.8603
9821,0.022711925208568573,0.022711925208568573,0.06473341584205627,0.06473341584205627,7.8609
9822,0.022711094468832016,0.022711094468832016,0.0647459328174591,0.0647459328174591,7.8617
9823,0.02271117828786373,0.02271117828786373,0.06480632722377777,0.06480632722377777,7.8624
9824,0.022712120786309242,0.022712120786309242,0.06473593413829803,0.06473593413829803,7.863
9825,0.02271145209670067,0.02271145209670067,0.0648375153541565,0.0648375153541565,7.8637
9826,0.022712383419275284,0.022712383419275284,0.06485065072774887,0.06485065072774887,7.8644
9827,0.02271333336830139,0.02271333336830139,0.06479893624782562,0.06479893624782562,7.865
9828,0.022714221850037575,0.022714221850037575,0.06486842781305313,0.06486842781305313,7.8657
9829,0.02271454967558384,0.02271454967558384,0.0647287592291832,0.0647287592291832,7.8663
9830,0.022713813930749893,0.022713813930749893,0.06480163335800171,0.06480163335800171,7.8669
9831,0.022712379693984985,0.022712379693984985,0.06468721479177475,0.06468721479177475,7.8676
9832,0.02271103486418724,0.02271103486418724,0.06478391587734222,0.06478391587734222,7.8682
9833,0.022710317745804787,0.022710317745804787,0.06476473808288574,0.06476473808288574,7.8688
9834,0.022710196673870087,0.022710196673870087,0.06481755524873734,0.06481755524873734,7.8694
9835,0.022711332887411118,0.022711332887411118,0.06484575569629669,0.06484575569629669,7.8701
9836,0.02271248959004879,0.02271248959004879,0.06478099524974823,0.06478099524974823,7.8707
9837,0.022716108709573746,0.022716108709573746,0.06495882570743561,0.06495882570743561,7.8713
9838,0.02271822653710842,0.02271822653710842,0.06473338603973389,0.06473338603973389,7.8719
9839,0.022718889638781548,0.022718889638781548,0.06493910402059555,0.06493910402059555,7.8727
9840,0.022718006744980812,0.022718006744980812,0.06470780074596405,0.06470780074596405,7.8733
9841,0.022715453058481216,0.022715453058481216,0.06485103070735931,0.06485103070735931,7.874
9842,0.02271287702023983,0.02271287702023983,0.06469960510730743,0.06469960510730743,7.8747
9843,0.02271113730967045,0.02271113730967045,0.06479823589324951,0.06479823589324951,7.8753
9844,0.022710274904966354,0.022710274904966354,0.06478031724691391,0.06478031724691391,7.8759
9845,0.022709887474775314,0.022709887474775314,0.06478569656610489,0.06478569656610489,7.8766
9846,0.02271326258778572,0.02271326258778572,0.06485454738140106,0.06485454738140106,7.8773
9847,0.02271234057843685,0.02271234057843685,0.0647411197423935,0.0647411197423935,7.878
9848,0.022716069594025612,0.022716069594025612,0.06495998054742813,0.06495998054742813,7.8786
9849,0.022718776017427444,0.022718776017427444,0.06471564620733261,0.06471564620733261,7.8793
9850,0.022720571607351303,0.022720571607351303,0.06494992971420288,0.06494992971420288,7.88
9851,0.022719884291291237,0.022719884291291237,0.06470318138599396,0.06470318138599396,7.8807
9852,0.022716861218214035,0.022716861218214035,0.06487896293401718,0.06487896293401718,7.8813
9853,0.022713324055075645,0.022713324055075645,0.06470140069723129,0.06470140069723129,7.882
9854,0.022710436955094337,0.022710436955094337,0.06483273208141327,0.06483273208141327,7.8826
9855,0.022708658128976822,0.022708658128976822,0.06478133052587509,0.06478133052587509,7.8833
9856,0.022707870230078697,0.022707870230078697,0.06480978429317474,0.06480978429317474,7.8839
9857,0.022713903337717056,0.022713903337717056,0.06485164165496826,0.06485164165496826,7.8846
9858,0.022710435092449188,0.022710435092449188,0.06475462019443512,0.06475462019443512,7.8852
9859,0.02271454967558384,0.02271454967558384,0.0649641826748848,0.0649641826748848,7.8859
9860,0.02271796390414238,0.02271796390414238,0.06472869217395782,0.06472869217395782,7.8865
9861,0.02272038348019123,0.02272038348019123,0.06497390568256378,0.06497390568256378,7.8872
9862,0.022719895467162132,0.022719895467162132,0.06470859050750732,0.06470859050750732,7.8878
9863,0.022716624662280083,0.022716624662280083,0.06490816175937653,0.06490816175937653,7.8885
9864,0.02271266281604767,0.02271266281604767,0.06469468027353287,0.06469468027353287,7.8891
9865,0.022709157317876816,0.022709157317876816,0.0648503303527832,0.0648503303527832,7.8897
9866,0.022707048803567886,0.022707048803567886,0.06477485597133636,0.06477485597133636,7.8904
9867,0.022706201300024986,0.022706201300024986,0.06481343507766724,0.06481343507766724,7.891
9868,0.022713463753461838,0.022713463753461838,0.06485824286937714,0.06485824286937714,7.8917
9869,0.022709738463163376,0.022709738463163376,0.06475168466567993,0.06475168466567993,7.8923
9870,0.022714585065841675,0.022714585065841675,0.06498228758573532,0.06498228758573532,7.893
9871,0.02271856926381588,0.02271856926381588,0.06472203135490417,0.06472203135490417,7.8936
9872,0.022721130400896072,0.022721130400896072,0.06499587744474411,0.06499587744474411,7.8942
9873,0.022720426321029663,0.022720426321029663,0.06469792872667313,0.06469792872667313,7.8949
9874,0.022716905921697617,0.022716905921697617,0.0649256780743599,0.0649256780743599,7.8955
9875,0.022712811827659607,0.022712811827659607,0.06469054520130157,0.06469054520130157,7.8962
9876,0.02270929142832756,0.02270929142832756,0.06486336141824722,0.06486336141824722,7.8968
9877,0.022707538679242134,0.022707538679242134,0.06478546559810638,0.06478546559810638,7.8975
9878,0.022707432508468628,0.022707432508468628,0.06482617557048798,0.06482617557048798,7.8981
9879,0.02270875684916973,0.02270875684916973,0.0648777037858963,0.0648777037858963,7.8988
9880,0.022711366415023804,0.022711366415023804,0.06490254402160645,0.06490254402160645,7.8994
9881,0.022714240476489067,0.022714240476489067,0.06488499790430069,0.06488499790430069,7.9001
9882,0.022717982530593872,0.022717982530593872,0.06489092856645584,0.06489092856645584,7.9007
9883,0.022722655907273293,0.022722655907273293,0.06481869518756866,0.06481869518756866,7.9013
9884,0.02272876165807247,0.02272876165807247,0.06482487171888351,0.06482487171888351,7.902
9885,0.022737320512533188,0.022737320512533188,0.06478486955165863,0.06478486955165863,7.9027
9886,0.02275034412741661,0.02275034412741661,0.06485337018966675,0.06485337018966675,7.9033
9887,0.022768504917621613,0.022768504917621613,0.06488363444805145,0.06488363444805145,7.9039
9888,0.022793153300881386,0.022793153300881386,0.06498156487941742,0.06498156487941742,7.9046
9889,0.022820856422185898,0.022820856422185898,0.06498109549283981,0.06498109549283981,7.9052
9890,0.02285376936197281,0.02285376936197281,0.06505243480205536,0.06505243480205536,7.9059
9891,0.02286590076982975,0.02286590076982975,0.06494992971420288,0.06494992971420288,7.9065
9892,0.022868191823363304,0.022868191823363304,0.06515459716320038,0.06515459716320038,7.9071
9893,0.02284218743443489,0.02284218743443489,0.06485460698604584,0.06485460698604584,7.9078
9894,0.022796520963311195,0.022796520963311195,0.06508959829807281,0.06508959829807281,7.9084
9895,0.02274586632847786,0.02274586632847786,0.06475996971130371,0.06475996971130371,7.909
9896,0.022712409496307373,0.022712409496307373,0.0649058073759079,0.0649058073759079,7.9097
9897,0.0227073822170496,0.0227073822170496,0.06478007137775421,0.06478007137775421,7.9103
9898,0.022726165130734444,0.022726165130734444,0.06481073051691055,0.06481073051691055,7.9109
9899,0.022752124816179276,0.022752124816179276,0.06492731720209122,0.06492731720209122,7.9115
9900,0.022767558693885803,0.022767558693885803,0.06480108201503754,0.06480108201503754,7.9122
9901,0.02275780774652958,0.02275780774652958,0.0649709552526474,0.0649709552526474,7.9128
9902,0.022736698389053345,0.022736698389053345,0.06489914655685425,0.06489914655685425,7.9134
9903,0.022716037929058075,0.022716037929058075,0.06486666202545166,0.06486666202545166,7.914
9904,0.022707054391503334,0.022707054391503334,0.06491325795650482,0.06491325795650482,7.9147
9905,0.02271145209670067,0.02271145209670067,0.06475945562124252,0.06475945562124252,7.9153
9906,0.022722307592630386,0.022722307592630386,0.06488792598247528,0.06488792598247528,7.9159
9907,0.02273004688322544,0.02273004688322544,0.06475202739238739,0.06475202739238739,7.9166
9908,0.02272920310497284,0.02272920310497284,0.06488101184368134,0.06488101184368134,7.9172
9909,0.022720733657479286,0.022720733657479286,0.06487087905406952,0.06487087905406952,7.9178
9910,0.02271055243909359,0.02271055243909359,0.06487562507390976,0.06487562507390976,7.9184
9911,0.02270675264298916,0.02270675264298916,0.06495895236730576,0.06495895236730576,7.9191
9912,0.022707104682922363,0.022707104682922363,0.0648341178894043,0.0648341178894043,7.9197
9913,0.022714700549840927,0.022714700549840927,0.06504940241575241,0.06504940241575241,7.9203
9914,0.02271985076367855,0.02271985076367855,0.06482850015163422,0.06482850015163422,7.921
9915,0.022719955071806908,0.022719955071806908,0.06497745215892792,0.06497745215892792,7.9216
9916,0.022715259343385696,0.022715259343385696,0.06484620273113251,0.06484620273113251,7.9222
9917,0.02270893193781376,0.02270893193781376,0.06483602523803711,0.06483602523803711,7.9228
9918,0.02270468696951866,0.02270468696951866,0.06486872583627701,0.06486872583627701,7.9235
9919,0.022704001516103745,0.022704001516103745,0.06477446854114532,0.06477446854114532,7.9241
9920,0.022705819457769394,0.022705819457769394,0.06493564695119858,0.06493564695119858,7.9247
9921,0.022707749158143997,0.022707749158143997,0.06481530517339706,0.06481530517339706,7.9254
9922,0.022710632532835007,0.022710632532835007,0.06494459509849548,0.06494459509849548,7.926
9923,0.02270783856511116,0.02270783856511116,0.06485261768102646,0.06485261768102646,7.9266
9924,0.022706175222992897,0.022706175222992897,0.06496229022741318,0.06496229022741318,7.9272
9925,0.02270413376390934,0.02270413376390934,0.06487536430358887,0.06487536430358887,7.9279
9926,0.022703414782881737,0.022703414782881737,0.0648789182305336,0.0648789182305336,7.9285
9927,0.022703619673848152,0.022703619673848152,0.06486822664737701,0.06486822664737701,7.9291
9928,0.022704068571329117,0.022704068571329117,0.06481007486581802,0.06481007486581802,7.9297
9929,0.022704239934682846,0.022704239934682846,0.06485377252101898,0.06485377252101898,7.9304
9930,0.0227036215364933,0.0227036215364933,0.0648234561085701,0.0648234561085701,7.931
9931,0.02270250953733921,0.02270250953733921,0.06489837169647217,0.06489837169647217,7.9316
9932,0.022701289504766464,0.022701289504766464,0.06486870348453522,0.06486870348453522,7.9323
9933,0.022704189643263817,0.022704189643263817,0.06490807980298996,0.06490807980298996,7.9329
9934,0.02270035445690155,0.02270035445690155,0.06487324088811874,0.06487324088811874,7.9336
9935,0.022701863199472427,0.022701863199472427,0.06496606767177582,0.06496606767177582,7.9342
9936,0.02270340733230114,0.02270340733230114,0.06487682461738586,0.06487682461738586,7.9351
9937,0.02270442806184292,0.02270442806184292,0.06494488567113876,0.06494488567113876,7.9364
9938,0.022703979164361954,0.022703979164361954,0.06486381590366364,0.06486381590366364,7.9372
9939,0.02270238660275936,0.02270238660275936,0.06488652527332306,0.06488652527332306,7.9379
9940,0.02270076610147953,0.02270076610147953,0.06484202295541763,0.06484202295541763,7.9386
9941,0.022699495777487755,0.022699495777487755,0.06485868990421295,0.06485868990421295,7.9393
9942,0.02269900217652321,0.02269900217652321,0.06489695608615875,0.06489695608615875,7.9401
9943,0.022699233144521713,0.022699233144521713,0.06486430019140244,0.06486430019140244,7.9407
9944,0.022704416885972023,0.022704416885972023,0.06493576616048813,0.06493576616048813,7.9415
9945,0.022701038047671318,0.022701038047671318,0.06485294550657272,0.06485294550657272,7.9422
9946,0.022703027352690697,0.022703027352690697,0.0650060772895813,0.0650060772895813,7.9428
9947,0.022703992202878,0.022703992202878,0.06485249102115631,0.06485249102115631,7.9435
9948,0.022704044356942177,0.022704044356942177,0.06497759371995926,0.06497759371995926,7.9442
9949,0.022702673450112343,0.022702673450112343,0.06484278291463852,0.06484278291463852,7.945
9950,0.02270067296922207,0.02270067296922207,0.06489964574575424,0.06489964574575424,7.9457
9951,0.022699128836393356,0.022699128836393356,0.06483963131904602,0.06483963131904602,7.9463
9952,0.022698216140270233,0.022698216140270233,0.0648534744977951,0.0648534744977951,7.947
9953,0.022698216140270233,0.022698216140270233,0.06491468846797943,0.06491468846797943,7.9477
9954,0.022698720917105675,0.022698720917105675,0.06485385447740555,0.06485385447740555,7.9484
9955,0.022704433649778366,0.022704433649778366,0.06496385484933853,0.06496385484933853,7.949
9956,0.022700954228639603,0.022700954228639603,0.06484782695770264,0.06484782695770264,7.9497
9957,0.022702936083078384,0.022702936083078384,0.06503833085298538,0.06503833085298538,7.9504
9958,0.022703494876623154,0.022703494876623154,0.06485886871814728,0.06485886871814728,7.9511
9959,0.022702863439917564,0.022702863439917564,0.06499721854925156,0.06499721854925156,7.9518
9960,0.022701166570186615,0.022701166570186615,0.06485749781131744,0.06485749781131744,7.9526
9961,0.022699180990457535,0.022699180990457535,0.06490024924278259,0.06490024924278259,7.9533
9962,0.022697819396853447,0.022697819396853447,0.064864881336689,0.064864881336689,7.954
9963,0.022697383537888527,0.022697383537888527,0.06484855711460114,0.06484855711460114,7.9547
9964,0.02269785664975643,0.02269785664975643,0.06494571268558502,0.06494571268558502,7.9553
9965,0.022698532789945602,0.022698532789945602,0.06485030800104141,0.06485030800104141,7.956
9966,0.02270473726093769,0.02270473726093769,0.06498779356479645,0.06498779356479645,7.9567
9967,0.022700626403093338,0.022700626403093338,0.06484591960906982,0.06484591960906982,7.9573
9968,0.02270229533314705,0.02270229533314705,0.06505174934864044,0.06505174934864044,7.958
9969,0.022702474147081375,0.022702474147081375,0.06486169993877411,0.06486169993877411,7.9587
9970,0.022701676934957504,0.022701676934957504,0.06500289589166641,0.06500289589166641,7.9593
9971,0.022699937224388123,0.022699937224388123,0.06486643850803375,0.06486643850803375,7.96
9972,0.02269796095788479,0.02269796095788479,0.06490518152713776,0.06490518152713776,7.9606
9973,0.02269664779305458,0.02269664779305458,0.06487596035003662,0.06487596035003662,7.9613
9974,0.022696305066347122,0.022696305066347122,0.06485740840435028,0.06485740840435028,7.962
9975,0.02269683964550495,0.02269683964550495,0.06495530903339386,0.06495530903339386,7.9626
9976,0.022697508335113525,0.022697508335113525,0.06485708057880402,0.06485708057880402,7.9633
9977,0.022704187780618668,0.022704187780618668,0.06499680131673813,0.06499680131673813,7.9639
9978,0.02269977517426014,0.02269977517426014,0.06484751403331757,0.06484751403331757,7.9645
9979,0.022701634094119072,0.022701634094119072,0.06506309658288956,0.06506309658288956,7.9652
9980,0.02270202897489071,0.02270202897489071,0.06486248224973679,0.06486248224973679,7.9658
9981,0.022701317444443703,0.022701317444443703,0.06501973420381546,0.06501973420381546,7.9665
9982,0.02269946224987507,0.02269946224987507,0.0648677870631218,0.0648677870631218,7.9671
9983,0.02269718237221241,0.02269718237221241,0.06492523103952408,0.06492523103952408,7.9677
9984,0.02269568108022213,0.02269568108022213,0.06486854702234268,0.06486854702234268,7.9684
9985,0.022694995626807213,0.022694995626807213,0.06487703323364258,0.06487703323364258,7.969
9986,0.022695135325193405,0.022695135325193405,0.06494379043579102,0.06494379043579102,7.9696
9987,0.02269572950899601,0.02269572950899601,0.06486928462982178,0.06486928462982178,7.9702
9988,0.022702883929014206,0.022702883929014206,0.06499555706977844,0.06499555706977844,7.9709
9989,0.022698666900396347,0.022698666900396347,0.06485023349523544,0.06485023349523544,7.9715
9990,0.02270115539431572,0.02270115539431572,0.06507275253534317,0.06507275253534317,7.9721
9991,0.02270224131643772,0.02270224131643772,0.06485728919506073,0.06485728919506073,7.9728
9992,0.022702250629663467,0.022702250629663467,0.06504708528518677,0.06504708528518677,7.9735
9993,0.02270045503973961,0.02270045503973961,0.06485310196876526,0.06485310196876526,7.9742
9994,0.022697729989886284,0.022697729989886284,0.06496237218379974,0.06496237218379974,7.9748
9995,0.02269553206861019,0.02269553206861019,0.06485074758529663,0.06485074758529663,7.9755
9996,0.022694140672683716,0.022694140672683716,0.06490746140480042,0.06490746140480042,7.9762
9997,0.022693809121847153,0.022693809121847153,0.06492854654788971,0.06492854654788971,7.9768
9998,0.02269408106803894,0.02269408106803894,0.06489206850528717,0.06489206850528717,7.9775
9999,0.022701462730765343,0.022701462730765343,0.06499364972114563,0.06499364972114563,7.9781
