epoch,total_loss,state_mse,pinn_loss,elapsed_seconds,epoch_wall_time_s,nfe
0,3.0814616680145264,3.081416606903076,4.506111145019531e-05,7.91,7.909963,1520
1,3.9106762409210205,3.9106156826019287,6.0558319091796875e-05,16.0027,8.092688,1496
2,4.010930061340332,4.010869026184082,6.103515625e-05,24.0768,8.074138,1508
3,3.5684080123901367,3.568350315093994,5.7697296142578125e-05,31.6847,7.607956,1466
4,2.9281415939331055,2.9280922412872314,4.935264587402344e-05,39.3906,7.705874,1490
5,3.574028968811035,3.573988199234009,4.076957702636719e-05,47.6049,8.214284,1526
6,3.6024134159088135,3.602372884750366,4.0531158447265625e-05,55.6846,8.079734,1544
7,2.964873790740967,2.9648289680480957,4.482269287109375e-05,63.9928,8.30818,1526
8,2.997206687927246,2.9971561431884766,5.054473876953125e-05,72.3305,8.337715,1490
9,3.271279811859131,3.2712254524230957,5.435943603515625e-05,80.3857,8.055148,1406
10,3.3316798210144043,3.331624984741211,5.4836273193359375e-05,88.6327,8.247037,1472
11,3.190763235092163,3.1907098293304443,5.340576171875e-05,96.4045,7.771739,1472
12,2.8706698417663574,2.8706207275390625,4.9114227294921875e-05,104.3702,7.965733,1490
13,2.8147497177124023,2.8147048950195312,4.482269287109375e-05,112.419,8.048772,1514
14,3.1005403995513916,3.1004979610443115,4.2438507080078125e-05,120.6753,8.256299,1538
15,2.9800772666931152,2.980034112930298,4.315376281738281e-05,128.8978,8.222499,1520
16,2.697378158569336,2.6973326206207275,4.553794860839844e-05,136.9179,8.020142,1496
17,2.7668819427490234,2.766834020614624,4.792213439941406e-05,145.0719,8.154022,1520
18,2.8906846046447754,2.8906350135803223,4.9591064453125e-05,153.1712,8.099228,1502
19,2.737401247024536,2.737353563308716,4.76837158203125e-05,161.3672,8.196018,1514
20,2.626664400100708,2.6266186237335205,4.57763671875e-05,169.9358,8.568626,1514
21,2.74344801902771,2.7434043884277344,4.363059997558594e-05,178.2014,8.265589,1502
22,2.7666327953338623,2.766589403152466,4.3392181396484375e-05,186.441,8.239651,1514
23,2.608128309249878,2.608083486557007,4.482269287109375e-05,194.7474,8.306405,1544
24,2.6441311836242676,2.644084930419922,4.6253204345703125e-05,203.065,8.317582,1526
25,2.71823787689209,2.718191146850586,4.673004150390625e-05,211.5105,8.445453,1550
26,2.686744213104248,2.6866981983184814,4.601478576660156e-05,219.9436,8.433133,1544
27,2.5918383598327637,2.5917937755584717,4.458427429199219e-05,228.4187,8.475048,1532
28,2.631193161010742,2.631150245666504,4.291534423828125e-05,236.8202,8.401546,1544
29,2.662790298461914,2.662748098373413,4.220008850097656e-05,245.1693,8.349056,1526
30,2.5623581409454346,2.5623152256011963,4.291534423828125e-05,253.655,8.485706,1538
31,2.5967860221862793,2.596742630004883,4.3392181396484375e-05,262.1225,8.467552,1550
32,2.624316453933716,2.6242733001708984,4.315376281738281e-05,270.6188,8.49625,1556
33,2.570504665374756,2.570462465286255,4.220008850097656e-05,279.1127,8.493977,1544
34,2.550417184829712,2.5503764152526855,4.076957702636719e-05,287.54,8.427276,1526
35,2.5943408012390137,2.5943009853363037,3.981590270996094e-05,295.945,8.404981,1514
36,2.550758123397827,2.550718307495117,3.981590270996094e-05,304.3053,8.360293,1508
37,2.5446548461914062,2.544614791870117,4.00543212890625e-05,312.6289,8.32357,1520
38,2.5797479152679443,2.5797080993652344,3.981590270996094e-05,320.9751,8.346258,1520
39,2.534942150115967,2.5349032878875732,3.886222839355469e-05,329.2414,8.266242,1502
40,2.543572187423706,2.543534517288208,3.7670135498046875e-05,337.5449,8.303547,1508
41,2.5552268028259277,2.555189847946167,3.695487976074219e-05,345.7458,8.200878,1502
42,2.522473096847534,2.5224361419677734,3.695487976074219e-05,354.0603,8.314521,1490
43,2.5302608013153076,2.530223846435547,3.695487976074219e-05,362.4549,8.394603,1514
44,2.535588264465332,2.5355517864227295,3.647804260253906e-05,370.8175,8.362635,1520
45,2.5108718872070312,2.510836362838745,3.552436828613281e-05,379.0868,8.269279,1514
46,2.516727924346924,2.516693115234375,3.4809112548828125e-05,387.4111,8.324308,1484
47,2.516587734222412,2.5165536403656006,3.409385681152344e-05,395.6965,8.285371,1502
48,2.4983415603637695,2.498307466506958,3.409385681152344e-05,404.0835,8.387037,1514
49,2.509528636932373,2.5094950199127197,3.361701965332031e-05,412.4378,8.354226,1526
50,2.4996285438537598,2.4995954036712646,3.314018249511719e-05,422.2961,9.858339,1520
51,2.4925155639648438,2.492483377456665,3.218650817871094e-05,431.8461,9.549961,1520
52,2.499405860900879,2.4993741512298584,3.170967102050781e-05,441.0765,9.230447,1508
53,2.4848523139953613,2.484821081161499,3.123283386230469e-05,449.4657,8.389154,1526
54,2.49165415763855,2.4916231632232666,3.0994415283203125e-05,458.4277,8.96206,1532
55,2.483647108078003,2.483616828918457,3.0279159545898438e-05,466.8141,8.386401,1508
56,2.4811341762542725,2.4811043739318848,2.9802322387695312e-05,475.3374,8.523237,1526
57,2.480860948562622,2.4808316230773926,2.9325485229492188e-05,483.9103,8.572952,1508
58,2.47383451461792,2.4738056659698486,2.8848648071289062e-05,492.4549,8.544599,1544
59,2.4764466285705566,2.4764182567596436,2.8371810913085938e-05,501.0416,8.586728,1526
60,2.468526840209961,2.468498945236206,2.7894973754882812e-05,509.6987,8.657103,1532
61,2.4705922603607178,2.470564842224121,2.7418136596679688e-05,518.1887,8.489928,1526
62,2.4650962352752686,2.465069055557251,2.7179718017578125e-05,526.5301,8.341468,1502
63,2.464207172393799,2.4641804695129395,2.6702880859375e-05,535.078,8.547832,1532
64,2.462620735168457,2.4625942707061768,2.6464462280273438e-05,543.5623,8.484366,1526
65,2.458301067352295,2.458275079727173,2.5987625122070312e-05,552.0369,8.474508,1520
66,2.4590368270874023,2.4590110778808594,2.574920654296875e-05,560.4488,8.411929,1496
67,2.4540059566497803,2.4539804458618164,2.5510787963867188e-05,568.9629,8.514085,1520
68,2.454497814178467,2.454472541809082,2.5272369384765625e-05,577.3269,8.364042,1520
69,2.4503798484802246,2.450354814529419,2.5033950805664062e-05,585.7935,8.466613,1502
70,2.4499378204345703,2.4499127864837646,2.5033950805664062e-05,594.1281,8.334599,1520
71,2.4468607902526855,2.446835994720459,2.47955322265625e-05,602.5311,8.402989,1502
72,2.4456288814544678,2.445604085922241,2.47955322265625e-05,610.937,8.405857,1532
73,2.443636655807495,2.4436120986938477,2.4557113647460938e-05,619.4012,8.464243,1526
74,2.441642999649048,2.4416184425354004,2.4557113647460938e-05,627.8828,8.481628,1520
75,2.440267562866211,2.4402430057525635,2.4557113647460938e-05,636.2075,8.324661,1514
76,2.438159465789795,2.4381349086761475,2.4557113647460938e-05,644.8354,8.627907,1550
77,2.4369750022888184,2.436950445175171,2.4557113647460938e-05,653.279,8.443597,1538
78,2.4347383975982666,2.434713840484619,2.4557113647460938e-05,661.7463,8.467289,1532
79,2.433685779571533,2.4336612224578857,2.4557113647460938e-05,670.218,8.471752,1526
80,2.4315531253814697,2.4315285682678223,2.4557113647460938e-05,678.6789,8.460812,1538
81,2.4304325580596924,2.430407762527466,2.47955322265625e-05,688.4191,9.740263,1532
82,2.4284064769744873,2.4283816814422607,2.47955322265625e-05,696.8479,8.428741,1538
83,2.4272971153259277,2.427272319793701,2.47955322265625e-05,705.7136,8.86574,1544
84,2.425445556640625,2.4254205226898193,2.5033950805664062e-05,714.0288,8.315209,1508
85,2.4242818355560303,2.4242568016052246,2.5033950805664062e-05,722.7782,8.749376,1562
86,2.4225738048553467,2.422548532485962,2.5272369384765625e-05,731.4338,8.655653,1550
87,2.4213879108428955,2.4213624000549316,2.5510787963867188e-05,740.0055,8.571686,1538
88,2.4198367595672607,2.4198110103607178,2.574920654296875e-05,748.6051,8.59962,1550
89,2.418592929840088,2.418567180633545,2.574920654296875e-05,757.2563,8.651143,1568
90,2.417156457901001,2.417130470275879,2.5987625122070312e-05,765.7619,8.50562,1538
91,2.415865659713745,2.415839433670044,2.6226043701171875e-05,774.4339,8.671949,1562
92,2.4145681858062744,2.414541721343994,2.6464462280273438e-05,783.9546,9.520735,1562
93,2.4132354259490967,2.4132087230682373,2.6702880859375e-05,793.7172,9.762576,1556
94,2.412045955657959,2.4120190143585205,2.6941299438476562e-05,802.9675,9.250365,1550
95,2.4106788635253906,2.410651683807373,2.7179718017578125e-05,811.686,8.718448,1556
96,2.4095897674560547,2.409562349319458,2.7418136596679688e-05,820.6492,8.963182,1586
97,2.4082353115081787,2.408207654953003,2.765655517578125e-05,829.4844,8.835193,1586
98,2.4071943759918213,2.4071664810180664,2.7894973754882812e-05,838.2014,8.717095,1568
99,2.4058821201324463,2.4058539867401123,2.8133392333984375e-05,846.939,8.737589,1574
100,2.4048399925231934,2.404811382293701,2.86102294921875e-05,856.1164,9.177402,1574
101,2.403594970703125,2.4035661220550537,2.8848648071289062e-05,864.8627,8.746283,1568
102,2.4025306701660156,2.4025015830993652,2.9087066650390625e-05,873.718,8.855312,1586
103,2.401390790939331,2.4013614654541016,2.9325485229492188e-05,882.5921,8.874018,1592
104,2.4002866744995117,2.400257110595703,2.956390380859375e-05,891.3856,8.793533,1568
105,2.3992326259613037,2.399202585220337,3.0040740966796875e-05,900.2986,8.913055,1574
106,2.3981125354766846,2.3980822563171387,3.0279159545898438e-05,909.1412,8.842572,1568
107,2.3971166610717773,2.3970861434936523,3.0517578125e-05,918.0658,8.924636,1580
108,2.3960201740264893,2.395989418029785,3.075599670410156e-05,927.0662,9.000325,1580
109,2.395035982131958,2.395004987716675,3.0994415283203125e-05,936.0132,8.947057,1562
110,2.393991231918335,2.3939597606658936,3.147125244140625e-05,945.0558,9.042559,1568
111,2.3929948806762695,2.392963171005249,3.170967102050781e-05,954.1466,9.09082,1556
112,2.392009973526001,2.3919780254364014,3.1948089599609375e-05,963.1982,9.051548,1574
113,2.391003370285034,2.3909711837768555,3.218650817871094e-05,972.3364,9.138217,1580
114,2.3900699615478516,2.3900375366210938,3.24249267578125e-05,981.3929,9.056491,1556
115,2.3890793323516846,2.3890464305877686,3.2901763916015625e-05,991.458,10.065158,1580
116,2.388148784637451,2.388115644454956,3.314018249511719e-05,1000.6552,9.197196,1598
117,2.387205123901367,2.387171745300293,3.337860107421875e-05,1009.7724,9.117169,1586
118,2.386270761489868,2.386237144470215,3.361701965332031e-05,1018.982,9.209566,1592
119,2.3853707313537598,2.3853366374969482,3.409385681152344e-05,1028.0949,9.112912,1574
120,2.384443998336792,2.3844096660614014,3.4332275390625e-05,1037.3727,9.277827,1574
121,2.3835604190826416,2.383525848388672,3.457069396972656e-05,1046.4723,9.099595,1562
122,2.3826639652252197,2.382629156112671,3.4809112548828125e-05,1055.7093,9.237014,1592
123,2.381776809692383,2.381741762161255,3.504753112792969e-05,1064.9099,9.200615,1580
124,2.3809173107147217,2.3808820247650146,3.528594970703125e-05,1074.1054,9.195488,1586
125,2.3800437450408936,2.3800079822540283,3.5762786865234375e-05,1083.8979,9.792466,1574
126,2.3791937828063965,2.379157781600952,3.600120544433594e-05,1094.3584,10.46049,1586
127,2.378350019454956,2.3783137798309326,3.62396240234375e-05,1104.7681,10.40969,1586
128,2.377504348754883,2.3774678707122803,3.647804260253906e-05,1114.616,9.84799,1598
129,2.376682996749878,2.3766462802886963,3.6716461181640625e-05,1123.8628,9.246715,1604
130,2.37585186958313,2.375814914703369,3.695487976074219e-05,1133.117,9.254292,1592
131,2.3750340938568115,2.3749969005584717,3.719329833984375e-05,1142.5428,9.425732,1616
132,2.3742308616638184,2.3741934299468994,3.743171691894531e-05,1151.8233,9.280568,1580
133,2.3734233379364014,2.3733856678009033,3.7670135498046875e-05,1161.1388,9.315437,1586
134,2.372631549835205,2.372593641281128,3.790855407714844e-05,1170.6333,9.494562,1592
135,2.3718438148498535,2.3718056678771973,3.814697265625e-05,1179.9006,9.267301,1586
136,2.3710615634918213,2.371023178100586,3.838539123535156e-05,1189.2293,9.328656,1586
137,2.3702876567840576,2.370249032974243,3.8623809814453125e-05,1201.0078,11.77845,1604
138,2.3695199489593506,2.369481086730957,3.886222839355469e-05,1211.0452,10.037493,1592
139,2.368755340576172,2.368716239929199,3.910064697265625e-05,1220.7229,9.677678,1616
140,2.367997884750366,2.3679585456848145,3.933906555175781e-05,1230.1938,9.470905,1592
141,2.367246627807617,2.3672070503234863,3.9577484130859375e-05,1239.7666,9.572733,1616
142,2.3665032386779785,2.3664634227752686,3.981590270996094e-05,1248.9392,9.172647,1544
143,2.3657643795013428,2.3657243251800537,4.00543212890625e-05,1258.5252,9.585986,1610
144,2.3650293350219727,2.3649890422821045,4.029273986816406e-05,1267.8198,9.294639,1568
145,2.364304542541504,2.3642640113830566,4.0531158447265625e-05,1277.3636,9.543744,1598
146,2.3635807037353516,2.363539934158325,4.076957702636719e-05,1287.017,9.653439,1586
147,2.3628640174865723,2.362823009490967,4.100799560546875e-05,1296.6563,9.639302,1622
148,2.3621528148651123,2.3621115684509277,4.124641418457031e-05,1306.101,9.444723,1592
149,2.361450672149658,2.3614091873168945,4.1484832763671875e-05,1315.6099,9.508819,1604
150,2.3607466220855713,2.3607048988342285,4.172325134277344e-05,1325.155,9.5451,1604
151,2.360049247741699,2.3600075244903564,4.172325134277344e-05,1334.8189,9.663898,1604
152,2.359361171722412,2.3593192100524902,4.1961669921875e-05,1344.3947,9.575836,1616
153,2.3586716651916504,2.3586294651031494,4.220008850097656e-05,1353.9473,9.552576,1598
154,2.35799241065979,2.35794997215271,4.2438507080078125e-05,1363.3837,9.436453,1580
155,2.3573176860809326,2.3572750091552734,4.267692565917969e-05,1372.9645,9.580771,1622
156,2.356642246246338,2.3565995693206787,4.267692565917969e-05,1382.4536,9.489149,1604
157,2.355977773666382,2.3559348583221436,4.291534423828125e-05,1392.1365,9.68285,1628
158,2.3553130626678467,2.3552699089050293,4.315376281738281e-05,1401.6401,9.503614,1604
159,2.354656219482422,2.3546128273010254,4.3392181396484375e-05,1411.3094,9.669335,1598
160,2.354001045227051,2.353957414627075,4.363059997558594e-05,1422.5092,11.199801,1616
161,2.353351593017578,2.3533079624176025,4.363059997558594e-05,1432.6236,10.114397,1616
162,2.352705717086792,2.3526618480682373,4.38690185546875e-05,1443.116,10.492313,1622
163,2.3520681858062744,2.3520240783691406,4.410743713378906e-05,1454.545,11.429051,1628
164,2.351431369781494,2.3513872623443604,4.410743713378906e-05,1465.449,10.904024,1610
165,2.350797176361084,2.350752830505371,4.4345855712890625e-05,1475.2306,9.781594,1610
166,2.3501689434051514,2.3501243591308594,4.458427429199219e-05,1484.9148,9.68422,1616
167,2.3495445251464844,2.3494999408721924,4.458427429199219e-05,1494.7577,9.842831,1628
168,2.3489205837249756,2.3488757610321045,4.482269287109375e-05,1504.517,9.759279,1628
169,2.348306655883789,2.348261594772339,4.506111145019531e-05,1514.2833,9.766327,1634
170,2.34769606590271,2.3476510047912598,4.506111145019531e-05,1524.0906,9.807311,1628
171,2.347085475921631,2.3470401763916016,4.5299530029296875e-05,1533.9007,9.810131,1634
172,2.3464818000793457,2.3464365005493164,4.5299530029296875e-05,1543.6041,9.703349,1634
173,2.3458781242370605,2.345832586288452,4.553794860839844e-05,1553.22,9.615918,1610
174,2.3452847003936768,2.3452389240264893,4.57763671875e-05,1562.8565,9.636542,1622
175,2.344693660736084,2.3446478843688965,4.57763671875e-05,1572.4591,9.60258,1616
176,2.344104051589966,2.344058036804199,4.601478576660156e-05,1582.267,9.807879,1640
177,2.343517303466797,2.3434712886810303,4.601478576660156e-05,1591.959,9.692018,1634
178,2.342933416366577,2.3428871631622314,4.6253204345703125e-05,1601.6368,9.677837,1640
179,2.3423588275909424,2.3423125743865967,4.6253204345703125e-05,1611.3829,9.746071,1628
180,2.341780662536621,2.3417341709136963,4.649162292480469e-05,1621.0056,9.622641,1616
181,2.3412082195281982,2.3411617279052734,4.649162292480469e-05,1631.0084,10.002849,1640
182,2.3406434059143066,2.3405966758728027,4.673004150390625e-05,1640.6441,9.635722,1622
183,2.3400800228118896,2.3400332927703857,4.673004150390625e-05,1650.3968,9.752671,1640
184,2.3395204544067383,2.3394734859466553,4.696846008300781e-05,1659.9343,9.537465,1604
185,2.3389620780944824,2.3389151096343994,4.696846008300781e-05,1669.6116,9.677355,1622
186,2.3384087085723877,2.3383615016937256,4.7206878662109375e-05,1679.3544,9.742777,1640
187,2.3378608226776123,2.33781361579895,4.7206878662109375e-05,1688.8967,9.542291,1610
188,2.3373124599456787,2.3372652530670166,4.7206878662109375e-05,1698.6685,9.771859,1646
189,2.336766242980957,2.336718797683716,4.744529724121094e-05,1708.4026,9.73407,1640
190,2.3362278938293457,2.3361804485321045,4.744529724121094e-05,1718.0179,9.615334,1628
191,2.3356940746307373,2.335646390914917,4.76837158203125e-05,1727.7823,9.76435,1646
192,2.335160255432129,2.3351125717163086,4.76837158203125e-05,1737.4743,9.69198,1634
193,2.3346292972564697,2.3345816135406494,4.76837158203125e-05,1747.3095,9.835236,1646
194,2.3341028690338135,2.334054946899414,4.792213439941406e-05,1757.0273,9.717757,1634
195,2.3335795402526855,2.333531618118286,4.792213439941406e-05,1766.7772,9.749926,1640
196,2.3330628871917725,2.333014726638794,4.8160552978515625e-05,1776.5047,9.727481,1646
197,2.332543134689331,2.3324949741363525,4.8160552978515625e-05,1786.3715,9.866819,1646
198,2.332031011581421,2.3319828510284424,4.8160552978515625e-05,1797.297,10.925526,1658
199,2.3315205574035645,2.331472158432007,4.839897155761719e-05,1808.3865,11.089446,1640
200,2.331010341644287,2.3309619426727295,4.839897155761719e-05,1819.3537,10.967235,1634
201,2.3305037021636963,2.3304553031921387,4.839897155761719e-05,1829.2179,9.864188,1664
202,2.3300013542175293,2.3299527168273926,4.863739013671875e-05,1839.0804,9.862529,1652
203,2.3295040130615234,2.3294553756713867,4.863739013671875e-05,1848.9455,9.865073,1658
204,2.3290083408355713,2.3289597034454346,4.863739013671875e-05,1859.5685,10.622958,1652
205,2.3285162448883057,2.328467607498169,4.863739013671875e-05,1869.468,9.899586,1652
206,2.328028678894043,2.327979803085327,4.887580871582031e-05,1879.339,9.870918,1622
207,2.3275418281555176,2.3274929523468018,4.887580871582031e-05,1890.4953,11.156324,1664
208,2.3270583152770996,2.327009439468384,4.887580871582031e-05,1900.4259,9.930622,1658
209,2.3265786170959473,2.3265297412872314,4.887580871582031e-05,1910.4495,10.023564,1670
210,2.3260998725891113,2.3260507583618164,4.9114227294921875e-05,1920.3968,9.947292,1664
211,2.3256261348724365,2.3255770206451416,4.9114227294921875e-05,1930.212,9.815249,1646
212,2.3251566886901855,2.3251075744628906,4.9114227294921875e-05,1940.1532,9.941161,1652
213,2.3246877193450928,2.324638605117798,4.9114227294921875e-05,1950.1128,9.959598,1646
214,2.32421875,2.324169397354126,4.935264587402344e-05,1959.9303,9.817547,1652
215,2.323756694793701,2.323707342147827,4.935264587402344e-05,1969.6292,9.698911,1640
216,2.3232927322387695,2.3232433795928955,4.935264587402344e-05,1979.4678,9.838591,1658
217,2.3228368759155273,2.3227875232696533,4.935264587402344e-05,1989.1905,9.72267,1658
218,2.3223824501037598,2.3223330974578857,4.935264587402344e-05,1999.1003,9.909846,1676
219,2.3219313621520996,2.3218817710876465,4.9591064453125e-05,2008.9322,9.831873,1664
220,2.321481227874756,2.3214316368103027,4.9591064453125e-05,2018.8724,9.940235,1682
221,2.3210337162017822,2.320984125137329,4.9591064453125e-05,2028.6757,9.803289,1664
222,2.3205909729003906,2.3205413818359375,4.9591064453125e-05,2038.6541,9.978375,1670
223,2.3201496601104736,2.3201000690460205,4.9591064453125e-05,2048.483,9.828944,1664
224,2.3197109699249268,2.3196611404418945,4.982948303222656e-05,2058.4098,9.926759,1676
225,2.319272756576538,2.319222927093506,4.982948303222656e-05,2068.2458,9.836041,1664
226,2.3188390731811523,2.31878924369812,4.982948303222656e-05,2077.9306,9.684723,1664
227,2.3184080123901367,2.3183581829071045,4.982948303222656e-05,2087.7617,9.831133,1670
228,2.3179757595062256,2.3179259300231934,4.982948303222656e-05,2097.597,9.835276,1670
229,2.3175508975982666,2.3175010681152344,4.982948303222656e-05,2107.4466,9.849659,1682
230,2.317126989364624,2.317077159881592,4.982948303222656e-05,2117.3907,9.944068,1682
231,2.3167080879211426,2.3166580200195312,5.0067901611328125e-05,2127.1682,9.777527,1676
232,2.316288709640503,2.3162386417388916,5.0067901611328125e-05,2137.0853,9.917101,1676
233,2.3158717155456543,2.315821647644043,5.0067901611328125e-05,2146.8611,9.775718,1664
234,2.3154611587524414,2.31541109085083,5.0067901611328125e-05,2156.6839,9.822814,1682
235,2.315047025680542,2.3149969577789307,5.0067901611328125e-05,2166.5841,9.900233,1670
236,2.3146374225616455,2.314587354660034,5.0067901611328125e-05,2176.3544,9.770279,1664
237,2.314232110977173,2.3141820430755615,5.0067901611328125e-05,2186.3687,10.014311,1676
238,2.3138256072998047,2.3137755393981934,5.0067901611328125e-05,2196.3753,10.00661,1694
239,2.313424587249756,2.3133745193481445,5.0067901611328125e-05,2206.5493,10.173973,1676
240,2.313028335571289,2.3129782676696777,5.0067901611328125e-05,2219.6838,13.134537,1700
241,2.3126280307769775,2.312577962875366,5.0067901611328125e-05,2232.2104,12.526614,1670
242,2.3122363090515137,2.3121860027313232,5.030632019042969e-05,2243.6786,11.468139,1676
243,2.3118417263031006,2.31179141998291,5.030632019042969e-05,2254.1474,10.4688,1700
244,2.3114540576934814,2.311403751373291,5.030632019042969e-05,2264.3683,10.220946,1670
245,2.3110649585723877,2.3110146522521973,5.030632019042969e-05,2274.9344,10.566073,1688
246,2.310680389404297,2.3106300830841064,5.030632019042969e-05,2285.2944,10.36005,1688
247,2.310297727584839,2.3102474212646484,5.030632019042969e-05,2295.6007,10.306219,1682
248,2.30991792678833,2.3098676204681396,5.030632019042969e-05,2306.0809,10.480252,1688
249,2.309540033340454,2.3094897270202637,5.030632019042969e-05,2316.6502,10.56929,1694
250,2.3091700077056885,2.309119701385498,5.030632019042969e-05,2327.0108,10.360567,1682
251,2.3088033199310303,2.30875301361084,5.030632019042969e-05,2337.5131,10.502308,1694
252,2.3084447383880615,2.308394432067871,5.030632019042969e-05,2347.9353,10.422238,1688
253,2.3081116676330566,2.308061361312866,5.030632019042969e-05,2358.3636,10.428262,1682
254,2.307812452316284,2.3077621459960938,5.030632019042969e-05,2368.8301,10.466533,1688
255,2.307591199874878,2.3075408935546875,5.030632019042969e-05,2379.243,10.412852,1688
256,2.307509183883667,2.3074588775634766,5.030632019042969e-05,2389.7559,10.512914,1694
257,2.307814836502075,2.3077645301818848,5.030632019042969e-05,2400.1352,10.379297,1688
258,2.308589458465576,2.3085391521453857,5.030632019042969e-05,2410.5394,10.404282,1682
259,2.3107619285583496,2.310711622238159,5.030632019042969e-05,2421.0112,10.471742,1694
260,2.312852382659912,2.3128020763397217,5.030632019042969e-05,2433.0821,12.070895,1682
261,2.3172318935394287,2.3171815872192383,5.030632019042969e-05,2444.4351,11.35297,1694
262,2.3141820430755615,2.314131736755371,5.030632019042969e-05,2455.1566,10.721538,1694
263,2.313406229019165,2.3133559226989746,5.030632019042969e-05,2465.6135,10.456887,1706
264,2.3092775344848633,2.309227228164673,5.030632019042969e-05,2476.0254,10.411885,1712
265,2.307480573654175,2.3074302673339844,5.030632019042969e-05,2486.291,10.265608,1688
266,2.3059003353118896,2.305850028991699,5.030632019042969e-05,2496.4184,10.127441,1688
267,2.305410385131836,2.3053600788116455,5.030632019042969e-05,2506.5616,10.143154,1700
268,2.3050975799560547,2.3050472736358643,5.030632019042969e-05,2516.5897,10.028099,1670
269,2.3057119846343994,2.305661678314209,5.030632019042969e-05,2527.6749,11.0852,1712
270,2.3064279556274414,2.306377649307251,5.030632019042969e-05,2539.3795,11.704665,1712
271,2.3088366985321045,2.308786392211914,5.030632019042969e-05,2551.0882,11.708623,1718
272,2.3093669414520264,2.309316635131836,5.030632019042969e-05,2561.1851,10.09699,1700
273,2.312140464782715,2.3120901584625244,5.030632019042969e-05,2571.1952,10.010041,1688
274,2.308704137802124,2.3086538314819336,5.030632019042969e-05,2581.3624,10.167209,1706
275,2.3078079223632812,2.307757616043091,5.030632019042969e-05,2591.5681,10.205689,1712
276,2.3049325942993164,2.304882287979126,5.030632019042969e-05,2601.8584,10.290307,1748
277,2.3040075302124023,2.303957223892212,5.030632019042969e-05,2612.1305,10.272105,1724
278,2.3029232025146484,2.302872896194458,5.030632019042969e-05,2622.2309,10.10041,1718
279,2.30307674407959,2.3030264377593994,5.030632019042969e-05,2632.4695,10.238611,1730
280,2.3030776977539062,2.303027391433716,5.030632019042969e-05,2642.5736,10.104099,1700
281,2.3045573234558105,2.30450701713562,5.030632019042969e-05,2652.365,9.791379,1628
282,2.304903268814087,2.3048529624938965,5.030632019042969e-05,2662.4468,10.081805,1712
283,2.307375431060791,2.3073251247406006,5.030632019042969e-05,2672.4757,10.028929,1706
284,2.305542469024658,2.305492401123047,5.0067901611328125e-05,2682.7278,10.252114,1742
285,2.3060779571533203,2.30602765083313,5.030632019042969e-05,2692.9486,10.220723,1736
286,2.303156614303589,2.3031065464019775,5.0067901611328125e-05,2702.8718,9.923186,1664
287,2.3024401664733887,2.3023898601531982,5.030632019042969e-05,2713.1252,10.253449,1730
288,2.3008487224578857,2.3007986545562744,5.0067901611328125e-05,2723.1931,10.067931,1718
289,2.3007962703704834,2.300745964050293,5.030632019042969e-05,2733.0028,9.8097,1640
290,2.300307273864746,2.3002572059631348,5.0067901611328125e-05,2743.233,10.230174,1682
291,2.301290988922119,2.3012406826019287,5.030632019042969e-05,2753.3197,10.086655,1718
292,2.3012583255767822,2.301208257675171,5.0067901611328125e-05,2763.5451,10.225436,1724
293,2.3031795024871826,2.3031294345855713,5.0067901611328125e-05,2775.3172,11.77208,1724
294,2.302116632461548,2.3020665645599365,5.0067901611328125e-05,2786.659,11.341807,1748
295,2.3033816814422607,2.3033316135406494,5.0067901611328125e-05,2797.268,10.609052,1736
296,2.300929307937622,2.3008792400360107,5.0067901611328125e-05,2807.7723,10.504281,1754
297,2.3007919788360596,2.3007419109344482,5.0067901611328125e-05,2818.1508,10.378531,1736
298,2.2988922595977783,2.298842191696167,5.0067901611328125e-05,2828.4377,10.286896,1718
299,2.298816680908203,2.298766613006592,5.0067901611328125e-05,2839.0317,10.593993,1748
300,2.2978975772857666,2.2978477478027344,4.982948303222656e-05,2849.3821,10.350395,1742
301,2.2985639572143555,2.298513889312744,5.0067901611328125e-05,2859.6673,10.285189,1754
302,2.2981932163238525,2.2981433868408203,4.982948303222656e-05,2870.0894,10.422098,1748
303,2.29968523979187,2.299635410308838,4.982948303222656e-05,2880.6086,10.519198,1760
304,2.298912525177002,2.2988626956939697,4.982948303222656e-05,2892.5646,11.956019,1736
305,2.30039644241333,2.300346612930298,4.982948303222656e-05,2904.5706,12.005947,1754
306,2.298466920852661,2.298417091369629,4.982948303222656e-05,2916.2034,11.632807,1748
307,2.2989003658294678,2.2988505363464355,4.982948303222656e-05,2926.4473,10.243938,1730
308,2.296905279159546,2.2968554496765137,4.982948303222656e-05,2936.8145,10.367194,1748
309,2.2969777584075928,2.2969279289245605,4.982948303222656e-05,2947.102,10.28752,1742
310,2.2957160472869873,2.295666456222534,4.9591064453125e-05,2957.534,10.432007,1754
311,2.296231269836426,2.2961814403533936,4.982948303222656e-05,2967.8665,10.332499,1760
312,2.2955307960510254,2.2954812049865723,4.9591064453125e-05,2978.1152,10.248619,1748
313,2.2966983318328857,2.2966487407684326,4.9591064453125e-05,2988.4596,10.344448,1766
314,2.2959444522857666,2.2958948612213135,4.9591064453125e-05,2998.8414,10.38177,1754
315,2.2973711490631104,2.2973215579986572,4.9591064453125e-05,3009.2625,10.421102,1748
316,2.2958507537841797,2.2958011627197266,4.9591064453125e-05,3019.6739,10.411422,1766
317,2.2966811656951904,2.2966315746307373,4.9591064453125e-05,3029.992,10.318065,1748
318,2.2947776317596436,2.2947282791137695,4.935264587402344e-05,3040.3053,10.313348,1760
319,2.295097827911377,2.295048236846924,4.9591064453125e-05,3050.6674,10.362127,1760
320,2.29362154006958,2.293572187423706,4.935264587402344e-05,3060.9556,10.28818,1748
321,2.294111728668213,2.294062376022339,4.935264587402344e-05,3071.3328,10.37715,1766
322,2.2931478023529053,2.2930984497070312,4.935264587402344e-05,3081.7915,10.458685,1760
323,2.294126272201538,2.294076919555664,4.935264587402344e-05,3092.0992,10.307715,1736
324,2.29327654838562,2.293227434158325,4.9114227294921875e-05,3102.2981,10.198908,1748
325,2.2945961952209473,2.2945468425750732,4.935264587402344e-05,3112.5825,10.284423,1754
326,2.2932963371276855,2.2932472229003906,4.9114227294921875e-05,3122.7906,10.208065,1742
327,2.2943570613861084,2.2943079471588135,4.9114227294921875e-05,3133.0738,10.283273,1760
328,2.29260516166687,2.292556047439575,4.9114227294921875e-05,3143.4831,10.409304,1760
329,2.2931876182556152,2.2931385040283203,4.9114227294921875e-05,3153.8526,10.369431,1772
330,2.291600465774536,2.291551351547241,4.9114227294921875e-05,3163.8569,10.004291,1706
331,2.2921481132507324,2.2920989990234375,4.9114227294921875e-05,3174.1193,10.262414,1760
332,2.2909767627716064,2.2909278869628906,4.887580871582031e-05,3184.5611,10.44178,1784
333,2.2918593883514404,2.2918102741241455,4.9114227294921875e-05,3194.4485,9.887451,1688
334,2.290879011154175,2.290830135345459,4.887580871582031e-05,3204.8542,10.405661,1784
335,2.292085886001587,2.292037010192871,4.887580871582031e-05,3215.2164,10.362207,1766
336,2.2908682823181152,2.2908194065093994,4.887580871582031e-05,3225.5489,10.332532,1754
337,2.292008876800537,2.2919600009918213,4.887580871582031e-05,3235.8966,10.347656,1772
338,2.2904052734375,2.2903566360473633,4.863739013671875e-05,3246.3079,10.411298,1778
339,2.2911934852600098,2.291144609451294,4.887580871582031e-05,3256.8456,10.537697,1772
340,2.2895872592926025,2.289538621902466,4.863739013671875e-05,3267.2841,10.438501,1766
341,2.290255069732666,2.2902064323425293,4.863739013671875e-05,3277.8936,10.609528,1784
342,2.288943290710449,2.2888946533203125,4.863739013671875e-05,3288.1248,10.231196,1754
343,2.289818286895752,2.2897696495056152,4.863739013671875e-05,3298.4763,10.351529,1766
344,2.288700819015503,2.288652181625366,4.863739013671875e-05,3310.1531,11.676763,1766
345,2.2898404598236084,2.2897918224334717,4.863739013671875e-05,3321.968,11.814889,1778
346,2.2886056900024414,2.288557291030884,4.839897155761719e-05,3332.7763,10.80836,1766
347,2.2897636890411377,2.28971529006958,4.839897155761719e-05,3343.2734,10.497085,1790
348,2.2882397174835205,2.288191318511963,4.839897155761719e-05,3353.6481,10.374649,1772
349,2.289165496826172,2.2891170978546143,4.839897155761719e-05,3364.048,10.399977,1778
350,2.287576675415039,2.2875282764434814,4.839897155761719e-05,3374.5453,10.497304,1778
351,2.2883684635162354,2.2883200645446777,4.839897155761719e-05,3385.0973,10.551915,1784
352,2.2869744300842285,2.28692626953125,4.8160552978515625e-05,3395.4905,10.393236,1772
353,2.2878735065460205,2.287825345993042,4.8160552978515625e-05,3405.8784,10.387873,1778
354,2.2866499423980713,2.2866017818450928,4.8160552978515625e-05,3416.3202,10.441825,1778
355,2.287752628326416,2.2877044677734375,4.8160552978515625e-05,3426.8556,10.535428,1790
356,2.286475658416748,2.2864274978637695,4.8160552978515625e-05,3437.6484,10.792746,1790
357,2.2876293659210205,2.287581205368042,4.8160552978515625e-05,3447.9452,10.296793,1766
358,2.286147356033325,2.286099433898926,4.792213439941406e-05,3458.4709,10.525685,1790
359,2.2871525287628174,2.287104606628418,4.792213439941406e-05,3468.8451,10.374268,1778
360,2.285593032836914,2.2855451107025146,4.792213439941406e-05,3479.2946,10.449514,1790
361,2.286484718322754,2.2864367961883545,4.792213439941406e-05,3489.8837,10.589057,1802
362,2.2850451469421387,2.2849972248077393,4.792213439941406e-05,3500.3117,10.427981,1790
363,2.286005735397339,2.2859578132629395,4.792213439941406e-05,3510.7753,10.463589,1790
364,2.2846999168395996,2.2846522331237793,4.76837158203125e-05,3521.5424,10.767126,1796
365,2.2858054637908936,2.2857577800750732,4.76837158203125e-05,3532.0094,10.467041,1790
366,2.284470319747925,2.2844226360321045,4.76837158203125e-05,3542.6746,10.665133,1808
367,2.28562068939209,2.2855730056762695,4.76837158203125e-05,3553.347,10.672408,1814
368,2.2841501235961914,2.284102439880371,4.76837158203125e-05,3563.8546,10.507662,1796
369,2.285207509994507,2.2851598262786865,4.76837158203125e-05,3574.4091,10.554443,1802
370,2.283663272857666,2.283615827560425,4.744529724121094e-05,3584.9812,10.572147,1808
371,2.28462553024292,2.2845780849456787,4.744529724121094e-05,3595.6981,10.716902,1808
372,2.283162832260132,2.2831153869628906,4.744529724121094e-05,3605.8734,10.175279,1736
373,2.2841591835021973,2.284111738204956,4.744529724121094e-05,3616.3789,10.505468,1796
374,2.2827956676483154,2.282748222351074,4.744529724121094e-05,3626.9005,10.521661,1802
375,2.283902406692505,2.2838549613952637,4.744529724121094e-05,3637.5593,10.6588,1808
376,2.2825417518615723,2.28249454498291,4.7206878662109375e-05,3648.0767,10.517352,1796
377,2.2836928367614746,2.2836456298828125,4.7206878662109375e-05,3659.2196,11.142925,1820
378,2.2822279930114746,2.2821807861328125,4.7206878662109375e-05,3671.2189,11.999307,1814
379,2.2833175659179688,2.2832703590393066,4.7206878662109375e-05,3683.3231,12.104154,1802
380,2.2817916870117188,2.2817444801330566,4.7206878662109375e-05,3694.0634,10.740327,1820
381,2.28279972076416,2.282752513885498,4.7206878662109375e-05,3704.7215,10.658102,1814
382,2.2813286781311035,2.2812817096710205,4.696846008300781e-05,3715.0098,10.288294,1742
383,2.2823598384857178,2.2823128700256348,4.696846008300781e-05,3725.7899,10.780064,1814
384,2.2809722423553467,2.2809252738952637,4.696846008300781e-05,3736.5271,10.737227,1826
385,2.282095432281494,2.282048463821411,4.696846008300781e-05,3747.1748,10.647742,1814
386,2.280705451965332,2.280658483505249,4.696846008300781e-05,3757.9422,10.76736,1832
387,2.281865358352661,2.281818389892578,4.696846008300781e-05,3768.6327,10.690478,1802
388,2.280393600463867,2.2803468704223633,4.673004150390625e-05,3779.2924,10.65974,1820
389,2.2815067768096924,2.2814600467681885,4.673004150390625e-05,3789.5442,10.251839,1748
390,2.279991388320923,2.279944658279419,4.673004150390625e-05,3800.1599,10.615648,1826
391,2.2810521125793457,2.281005382537842,4.673004150390625e-05,3810.8638,10.703906,1814
392,2.279573678970337,2.279526948928833,4.673004150390625e-05,3821.5866,10.722761,1838
393,2.2806544303894043,2.2806077003479004,4.673004150390625e-05,3832.193,10.606466,1814
394,2.2792298793792725,2.2791833877563477,4.649162292480469e-05,3842.8455,10.652505,1832
395,2.2803797721862793,2.2803332805633545,4.649162292480469e-05,3853.4379,10.592425,1820
396,2.2789523601531982,2.2789058685302734,4.649162292480469e-05,3864.126,10.688039,1832
397,2.2801318168640137,2.280085325241089,4.649162292480469e-05,3874.8172,10.691176,1838
398,2.2786436080932617,2.278597116470337,4.649162292480469e-05,3885.4977,10.680556,1838
399,2.2797839641571045,2.2797374725341797,4.649162292480469e-05,3896.0377,10.539995,1814
400,2.2782630920410156,2.27821683883667,4.6253204345703125e-05,3906.5232,10.485523,1796
401,2.2793688774108887,2.279322624206543,4.6253204345703125e-05,3917.1592,10.63598,1826
402,2.2778773307800293,2.2778310775756836,4.6253204345703125e-05,3927.749,10.58974,1826
403,2.278986930847168,2.2789406776428223,4.6253204345703125e-05,3938.4601,10.711182,1820
404,2.277533531188965,2.277487277984619,4.6253204345703125e-05,3949.2429,10.782809,1838
405,2.2786877155303955,2.27864146232605,4.6253204345703125e-05,3959.9417,10.698749,1832
406,2.2772464752197266,2.27720046043396,4.601478576660156e-05,3970.6496,10.70792,1814
407,2.278435468673706,2.2783894538879395,4.601478576660156e-05,3981.4388,10.789153,1826
408,2.2769556045532227,2.276909589767456,4.601478576660156e-05,3993.1419,11.703101,1838
409,2.278136968612671,2.2780909538269043,4.601478576660156e-05,4003.828,10.686139,1820
410,2.276625633239746,2.2765796184539795,4.601478576660156e-05,4014.5436,10.715606,1832
411,2.2777841091156006,2.277738094329834,4.601478576660156e-05,4025.9276,11.384014,1826
412,2.2762646675109863,2.276218891143799,4.57763671875e-05,4038.9221,12.99446,1838
413,2.2774059772491455,2.277360200881958,4.57763671875e-05,4050.9431,12.020991,1832
414,2.2759201526641846,2.275874376296997,4.57763671875e-05,4061.8831,10.940018,1856
415,2.2770895957946777,2.2770438194274902,4.57763671875e-05,4072.2114,10.328255,1754
416,2.275618314743042,2.2755725383758545,4.57763671875e-05,4083.0883,10.876939,1826
417,2.276817560195923,2.2767717838287354,4.57763671875e-05,4093.8674,10.779058,1820
418,2.2753326892852783,2.275286912918091,4.57763671875e-05,4104.7264,10.859063,1838
419,2.2765233516693115,2.276477813720703,4.553794860839844e-05,4115.0762,10.349788,1748
420,2.275012731552124,2.2749671936035156,4.553794860839844e-05,4125.7823,10.706102,1838
421,2.276193141937256,2.2761476039886475,4.553794860839844e-05,4136.5809,10.798598,1850
422,2.2746777534484863,2.274632215499878,4.553794860839844e-05,4147.3822,10.801285,1844
423,2.275848865509033,2.275803327560425,4.553794860839844e-05,4158.1812,10.799015,1838
424,2.2743496894836426,2.274304151535034,4.553794860839844e-05,4168.9918,10.81056,1832
425,2.2755415439605713,2.275496244430542,4.5299530029296875e-05,4179.9714,10.979632,1838
426,2.2740609645843506,2.2740156650543213,4.5299530029296875e-05,4190.7916,10.820179,1850
427,2.2752795219421387,2.2752342224121094,4.5299530029296875e-05,4201.4896,10.69807,1826
428,2.273780584335327,2.273735284805298,4.5299530029296875e-05,4212.3644,10.874803,1838
429,2.275007724761963,2.2749624252319336,4.5299530029296875e-05,4223.2021,10.837609,1850
430,2.2734854221343994,2.27344012260437,4.5299530029296875e-05,4234.0376,10.835594,1850
431,2.2746963500976562,2.274651050567627,4.5299530029296875e-05,4244.9033,10.865658,1832
432,2.2731714248657227,2.2731263637542725,4.506111145019531e-05,4255.7233,10.820007,1850
433,2.274374008178711,2.2743289470672607,4.506111145019531e-05,4266.6126,10.889331,1850
434,2.272859811782837,2.2728147506713867,4.506111145019531e-05,4277.5292,10.916582,1850
435,2.2740814685821533,2.274036407470703,4.506111145019531e-05,4288.4213,10.892027,1832
436,2.2725775241851807,2.2725324630737305,4.506111145019531e-05,4299.1853,10.764072,1838
437,2.2738161087036133,2.273771047592163,4.506111145019531e-05,4310.2244,11.039055,1844
438,2.27230167388916,2.272256851196289,4.482269287109375e-05,4321.1206,10.896258,1850
439,2.2735414505004883,2.273496627807617,4.482269287109375e-05,4331.9687,10.848014,1856
440,2.2720119953155518,2.2719671726226807,4.482269287109375e-05,4343.8566,11.887975,1850
441,2.273244619369507,2.2731997966766357,4.482269287109375e-05,4356.2663,12.409706,1844
442,2.2717106342315674,2.2716658115386963,4.482269287109375e-05,4368.1828,11.916508,1856
443,2.272942543029785,2.272897720336914,4.482269287109375e-05,4379.1018,10.918963,1850
444,2.27142333984375,2.271378517150879,4.482269287109375e-05,4389.9987,10.896932,1856
445,2.2726759910583496,2.2726314067840576,4.458427429199219e-05,4400.8232,10.824418,1850
446,2.2711544036865234,2.2711098194122314,4.458427429199219e-05,4412.0615,11.238349,1868
447,2.2724201679229736,2.2723755836486816,4.458427429199219e-05,4423.0497,10.988185,1868
448,2.2708868980407715,2.2708423137664795,4.458427429199219e-05,4433.969,10.91934,1862
449,2.2721521854400635,2.2721076011657715,4.458427429199219e-05,4444.7696,10.800554,1844
450,2.270604133605957,2.270559549331665,4.458427429199219e-05,4455.7893,11.019741,1868
451,2.2718605995178223,2.2718162536621094,4.4345855712890625e-05,4466.5273,10.73796,1838
452,2.2703142166137695,2.2702698707580566,4.4345855712890625e-05,4477.6413,11.114026,1886
453,2.2715728282928467,2.271528482437134,4.4345855712890625e-05,4488.6119,10.970607,1850
454,2.2700295448303223,2.2699851989746094,4.4345855712890625e-05,4499.5406,10.92865,1868
455,2.2713005542755127,2.2712562084198,4.4345855712890625e-05,4510.4497,10.909173,1850
456,2.2697575092315674,2.2697131633758545,4.4345855712890625e-05,4521.4676,11.017881,1880
457,2.2710423469543457,2.270998001098633,4.4345855712890625e-05,4532.4013,10.93371,1856
458,2.269496202468872,2.269451856613159,4.4345855712890625e-05,4543.3705,10.969214,1868
459,2.270787477493286,2.2707433700561523,4.410743713378906e-05,4554.2485,10.877968,1856
460,2.2692348957061768,2.269190788269043,4.410743713378906e-05,4565.2806,11.032091,1868
461,2.2705302238464355,2.2704861164093018,4.410743713378906e-05,4577.654,12.373359,1874
462,2.2689669132232666,2.268922805786133,4.410743713378906e-05,4589.8755,12.221571,1874
463,2.2702598571777344,2.2702157497406006,4.410743713378906e-05,4600.8847,11.009195,1874
464,2.2686986923217773,2.2686545848846436,4.410743713378906e-05,4611.8141,10.929406,1844
465,2.269990921020508,2.269947052001953,4.38690185546875e-05,4623.1621,11.347969,1874
466,2.268429756164551,2.268385887145996,4.38690185546875e-05,4634.1932,11.031143,1850
467,2.269728899002075,2.2696850299835205,4.38690185546875e-05,4645.1105,10.917252,1856
468,2.268162250518799,2.268118381500244,4.38690185546875e-05,4656.1109,11.000426,1868
469,2.2694599628448486,2.269416093826294,4.38690185546875e-05,4667.046,10.935065,1856
470,2.267893075942993,2.2678492069244385,4.38690185546875e-05,4677.994,10.947997,1868
471,2.269193410873413,2.2691495418548584,4.38690185546875e-05,4688.928,10.934059,1868
472,2.267629861831665,2.2675859928131104,4.38690185546875e-05,4699.8693,10.941254,1874
473,2.2689461708068848,2.268902540206909,4.363059997558594e-05,4710.8329,10.963616,1868
474,2.2673864364624023,2.2673428058624268,4.363059997558594e-05,4723.2463,12.413429,1850
475,2.26871395111084,2.2686703205108643,4.363059997558594e-05,4735.6938,12.447439,1868
476,2.267146348953247,2.2671027183532715,4.363059997558594e-05,4747.3138,11.620062,1874
477,2.2684757709503174,2.268432140350342,4.363059997558594e-05,4758.4292,11.115333,1868
478,2.2668869495391846,2.266843318939209,4.363059997558594e-05,4769.3895,10.960346,1874
479,2.268200397491455,2.2681570053100586,4.3392181396484375e-05,4780.3537,10.964176,1874
480,2.266611099243164,2.2665674686431885,4.363059997558594e-05,4791.3671,11.013369,1874
481,2.26792311668396,2.2678797245025635,4.3392181396484375e-05,4804.8021,13.43503,1868
482,2.266347646713257,2.2663042545318604,4.3392181396484375e-05,4816.7039,11.901754,1910
483,2.2676680088043213,2.267624616622925,4.3392181396484375e-05,4827.6376,10.933703,1856
484,2.266101837158203,2.2660584449768066,4.3392181396484375e-05,4838.7421,11.104539,1886
485,2.2674474716186523,2.267404079437256,4.3392181396484375e-05,4849.7201,10.978027,1856
486,2.2658796310424805,2.265836238861084,4.3392181396484375e-05,4860.9882,11.268121,1904
487,2.2672431468963623,2.267199993133545,4.315376281738281e-05,4871.932,10.943726,1880
488,2.2656524181365967,2.2656092643737793,4.315376281738281e-05,4883.0606,11.12864,1880
489,2.2670087814331055,2.266965627670288,4.315376281738281e-05,4894.1186,11.057997,1862
490,2.265392303466797,2.2653491497039795,4.315376281738281e-05,4905.2322,11.113616,1904
491,2.2667298316955566,2.2666866779327393,4.315376281738281e-05,4916.4185,11.186265,1898
492,2.265117883682251,2.2650747299194336,4.315376281738281e-05,4927.5388,11.12033,1904
493,2.266449451446533,2.266406297683716,4.315376281738281e-05,4938.5866,11.04781,1886
494,2.2648606300354004,2.264817476272583,4.315376281738281e-05,4949.7373,11.150685,1910
495,2.2662160396575928,2.2661731243133545,4.291534423828125e-05,4960.5849,10.847541,1862
496,2.2646381855010986,2.2645952701568604,4.291534423828125e-05,4971.6787,11.093859,1904
497,2.266021251678467,2.2659783363342285,4.291534423828125e-05,4982.684,11.005323,1892
498,2.2644283771514893,2.264385461807251,4.291534423828125e-05,4994.4119,11.727885,1898
499,2.2658133506774902,2.265770435333252,4.291534423828125e-05,5012.4092,17.997245,1892
500,2.264195680618286,2.264152765274048,4.291534423828125e-05,5027.6423,15.233132,1892
501,2.265564441680908,2.265521764755249,4.267692565917969e-05,5040.4692,12.826856,1886
502,2.2639377117156982,2.26389479637146,4.291534423828125e-05,5053.0777,12.608563,1898
503,2.265294075012207,2.265251398086548,4.267692565917969e-05,5066.6954,13.617684,1880
504,2.2636828422546387,2.2636401653289795,4.267692565917969e-05,5081.3874,14.692044,1898
505,2.265056848526001,2.265014171600342,4.267692565917969e-05,5093.5301,12.142623,1880
506,2.263460874557495,2.263418197631836,4.267692565917969e-05,5105.5747,12.044595,1898
507,2.264857769012451,2.264815092086792,4.267692565917969e-05,5117.9836,12.408884,1898
508,2.2632479667663574,2.2632052898406982,4.267692565917969e-05,5130.2083,12.224787,1916
509,2.2646443843841553,2.264601945877075,4.2438507080078125e-05,5142.2293,12.020992,1886
510,2.2630178928375244,2.2629752159118652,4.267692565917969e-05,5154.4457,12.216419,1910
511,2.26440167427063,2.26435923576355,4.2438507080078125e-05,5166.4694,12.023622,1904
512,2.262767791748047,2.262725353240967,4.2438507080078125e-05,5178.6682,12.198852,1904
513,2.2641489505767822,2.264106512069702,4.2438507080078125e-05,5190.9431,12.274856,1910
514,2.2625250816345215,2.2624826431274414,4.2438507080078125e-05,5203.0749,12.1318,1910
515,2.263911724090576,2.263869285583496,4.2438507080078125e-05,5215.2088,12.133971,1904
516,2.2622947692871094,2.2622523307800293,4.2438507080078125e-05,5227.2831,12.074238,1904
517,2.2636966705322266,2.2636544704437256,4.220008850097656e-05,5239.5407,12.257593,1904
518,2.2620811462402344,2.2620387077331543,4.2438507080078125e-05,5251.6141,12.073446,1910
519,2.2634952068328857,2.2634530067443848,4.220008850097656e-05,5263.6086,11.994461,1898
520,2.2618703842163086,2.2618281841278076,4.220008850097656e-05,5275.6012,11.992565,1898
521,2.2632853984832764,2.2632431983947754,4.220008850097656e-05,5287.589,11.98784,1892
522,2.2616448402404785,2.2616026401519775,4.220008850097656e-05,5300.1534,12.564383,1934
523,2.2630510330200195,2.2630088329315186,4.220008850097656e-05,5312.2851,12.131724,1898
524,2.2614126205444336,2.2613704204559326,4.220008850097656e-05,5324.2896,12.004536,1922
525,2.2628188133239746,2.2627768516540527,4.1961669921875e-05,5335.9647,11.675078,1898
526,2.261183977127075,2.261141777038574,4.220008850097656e-05,5347.7259,11.761154,1928
527,2.2626028060913086,2.2625608444213867,4.1961669921875e-05,5359.3185,11.592681,1904
528,2.2609708309173584,2.2609286308288574,4.220008850097656e-05,5371.0633,11.744773,1916
529,2.2623963356018066,2.2623543739318848,4.1961669921875e-05,5382.488,11.424706,1898
530,2.2607555389404297,2.260713577270508,4.1961669921875e-05,5394.2622,11.774187,1916
531,2.2621829509735107,2.262140989303589,4.1961669921875e-05,5406.7114,12.449177,1898
532,2.260528326034546,2.260486364364624,4.1961669921875e-05,5420.4014,13.69003,1928
533,2.2619495391845703,2.2619075775146484,4.1961669921875e-05,5433.6575,13.256077,1916
534,2.260298013687134,2.260256052017212,4.1961669921875e-05,5445.3825,11.725026,1940
535,2.261720895767212,2.261679172515869,4.172325134277344e-05,5456.9457,11.563155,1910
536,2.260075330734253,2.260033369064331,4.1961669921875e-05,5468.514,11.568341,1916
537,2.261500835418701,2.2614591121673584,4.172325134277344e-05,5480.3067,11.792697,1922
538,2.2598609924316406,2.259819269180298,4.172325134277344e-05,5492.0973,11.790623,1910
539,2.2613015174865723,2.2612597942352295,4.172325134277344e-05,5503.6417,11.544316,1916
540,2.2596585750579834,2.2596168518066406,4.172325134277344e-05,5515.2685,11.626877,1934
541,2.2610995769500732,2.2610578536987305,4.172325134277344e-05,5526.851,11.582505,1922
542,2.259446382522583,2.2594046592712402,4.172325134277344e-05,5538.5568,11.705744,1940
543,2.260890007019043,2.2608485221862793,4.1484832763671875e-05,5550.1393,11.582488,1922
544,2.259234666824341,2.259192943572998,4.172325134277344e-05,5561.8745,11.735232,1952
545,2.260680675506592,2.260639190673828,4.1484832763671875e-05,5573.5157,11.641152,1928
546,2.2590224742889404,2.2589809894561768,4.1484832763671875e-05,5585.1679,11.652232,1940
547,2.2604730129241943,2.2604315280914307,4.1484832763671875e-05,5596.8639,11.696041,1934
548,2.2588088512420654,2.2587673664093018,4.1484832763671875e-05,5608.7686,11.904633,1934
549,2.2602665424346924,2.2602250576019287,4.1484832763671875e-05,5620.4549,11.686368,1928
550,2.2586028575897217,2.258561372756958,4.1484832763671875e-05,5632.2317,11.776759,1934
551,2.2600600719451904,2.260018825531006,4.124641418457031e-05,5643.8605,11.628793,1904
552,2.2583911418914795,2.258349657058716,4.1484832763671875e-05,5655.5847,11.724199,1928
553,2.2598483562469482,2.2598071098327637,4.124641418457031e-05,5667.2801,11.695472,1922
554,2.258178234100342,2.258136749267578,4.1484832763671875e-05,5679.3764,12.096205,1928
555,2.2596359252929688,2.259594678878784,4.124641418457031e-05,5691.1712,11.7948,1922
556,2.257970094680786,2.2579288482666016,4.124641418457031e-05,5703.1037,11.93252,1946
557,2.259431838989258,2.2593905925750732,4.124641418457031e-05,5715.0397,11.936066,1940
558,2.2577662467956543,2.2577250003814697,4.124641418457031e-05,5726.8055,11.765757,1934
559,2.259235143661499,2.2591938972473145,4.124641418457031e-05,5738.5591,11.753576,1922
560,2.2575674057006836,2.257526159286499,4.124641418457031e-05,5750.7477,12.18865,1958
561,2.2590363025665283,2.258995294570923,4.100799560546875e-05,5764.6148,13.867082,1946
562,2.2573633193969727,2.257322072982788,4.124641418457031e-05,5779.6039,14.989059,1940
563,2.2588322162628174,2.258791208267212,4.100799560546875e-05,5794.4575,14.853636,1916
564,2.257153034210205,2.2571117877960205,4.124641418457031e-05,5807.1908,12.733289,1946
565,2.2586212158203125,2.258580207824707,4.100799560546875e-05,5819.8315,12.640721,1934
566,2.2569456100463867,2.2569046020507812,4.100799560546875e-05,5832.6402,12.808701,1940
567,2.2584173679351807,2.258376359939575,4.100799560546875e-05,5845.1979,12.55767,1916
568,2.2567484378814697,2.2567074298858643,4.100799560546875e-05,5857.7529,12.555052,1940
569,2.258228302001953,2.2581872940063477,4.100799560546875e-05,5870.5135,12.760545,1940
570,2.256556987762451,2.2565159797668457,4.100799560546875e-05,5883.3072,12.793762,1970
571,2.2580454349517822,2.258004665374756,4.076957702636719e-05,5895.9807,12.673465,1940
572,2.256361961364746,2.2563209533691406,4.100799560546875e-05,5908.924,12.943266,1964
573,2.257852792739868,2.257812023162842,4.076957702636719e-05,5921.5228,12.598785,1946
574,2.256164312362671,2.2561233043670654,4.100799560546875e-05,5934.2279,12.705108,1970
575,2.2576518058776855,2.257611036300659,4.076957702636719e-05,5946.788,12.560104,1946
576,2.2559609413146973,2.255920171737671,4.076957702636719e-05,5959.5705,12.782577,1952
577,2.257446050643921,2.2574052810668945,4.076957702636719e-05,5972.087,12.516488,1946
578,2.255753755569458,2.2557129859924316,4.076957702636719e-05,5984.8087,12.72167,1958
579,2.257242441177368,2.257201910018921,4.0531158447265625e-05,5997.1718,12.36308,1940
580,2.255561113357544,2.2555203437805176,4.076957702636719e-05,6009.4762,12.304398,1958
581,2.2570643424987793,2.257023811340332,4.0531158447265625e-05,6021.4457,11.969498,1940
582,2.2553763389587402,2.255335569381714,4.076957702636719e-05,6033.4222,11.976479,1952
583,2.2568774223327637,2.2568368911743164,4.0531158447265625e-05,6045.444,12.02185,1946
584,2.2551791667938232,2.255138397216797,4.076957702636719e-05,6057.5695,12.125484,1976
585,2.256680488586426,2.2566399574279785,4.0531158447265625e-05,6069.4909,11.921369,1964
586,2.254976987838745,2.254936456680298,4.0531158447265625e-05,6081.5622,12.071352,1982
587,2.2564806938171387,2.2564401626586914,4.0531158447265625e-05,6093.3264,11.764162,1958
588,2.254779577255249,2.2547390460968018,4.0531158447265625e-05,6105.2356,11.909177,1982
589,2.2562856674194336,2.2562453746795654,4.029273986816406e-05,6116.8416,11.606076,1934
590,2.2545888423919678,2.2545483112335205,4.0531158447265625e-05,6128.7771,11.935442,1976
591,2.256099224090576,2.256058931350708,4.029273986816406e-05,6140.6049,11.827831,1958
592,2.2544031143188477,2.2543625831604004,4.0531158447265625e-05,6152.4097,11.804762,1964
593,2.255925178527832,2.255884885787964,4.029273986816406e-05,6164.1624,11.752784,1940
594,2.2542214393615723,2.254180908203125,4.0531158447265625e-05,6176.1293,11.966901,1988
595,2.2557437419891357,2.2557034492492676,4.029273986816406e-05,6189.8616,13.732287,1952
596,2.254030704498291,2.253990411758423,4.029273986816406e-05,6209.2923,19.430676,1982
597,2.2555508613586426,2.2555105686187744,4.029273986816406e-05,6225.7711,16.478807,1958
598,2.2538325786590576,2.2537922859191895,4.029273986816406e-05,6239.9541,14.182983,1952
599,2.2553467750549316,2.2553067207336426,4.00543212890625e-05,6252.7406,12.786535,1946
600,2.2536332607269287,2.2535929679870605,4.029273986816406e-05,6265.8196,13.078926,1964
601,2.255147933959961,2.255107879638672,4.00543212890625e-05,6278.7187,12.899106,1964
602,2.253443479537964,2.2534031867980957,4.029273986816406e-05,6291.7657,13.046997,1964
603,2.254971981048584,2.254931926727295,4.00543212890625e-05,6304.669,12.903367,1958
604,2.253263473510742,2.253223180770874,4.029273986816406e-05,6317.8228,13.153808,1970
605,2.2547969818115234,2.2547569274902344,4.00543212890625e-05,6331.0068,13.183945,1976
606,2.2530813217163086,2.2530412673950195,4.00543212890625e-05,6343.9877,12.980894,1982
607,2.2546133995056152,2.254573345184326,4.00543212890625e-05,6356.8736,12.885942,1970
608,2.25289249420166,2.252852439880371,4.00543212890625e-05,6369.7394,12.865805,1976
609,2.254425048828125,2.254384994506836,4.00543212890625e-05,6382.7921,13.052638,1970
610,2.25270414352417,2.252664089202881,4.00543212890625e-05,6395.4189,12.626881,1952
611,2.2542335987091064,2.2541937828063965,3.981590270996094e-05,6408.1767,12.757765,1970
612,2.2525136470794678,2.2524735927581787,4.00543212890625e-05,6421.182,13.005304,1970
613,2.254044771194458,2.254004955291748,3.981590270996094e-05,6434.127,12.945013,1970
614,2.2523326873779297,2.2522926330566406,4.00543212890625e-05,6446.5059,12.378834,1970
615,2.2538812160491943,2.2538414001464844,3.981590270996094e-05,6458.5917,12.085841,1958
616,2.252164602279663,2.252124547958374,4.00543212890625e-05,6470.841,12.249305,1988
617,2.2537198066711426,2.2536799907684326,3.981590270996094e-05,6482.896,12.054995,1952
618,2.2519872188568115,2.2519474029541016,3.981590270996094e-05,6495.3854,12.489426,2006
619,2.253535270690918,2.253495454788208,3.981590270996094e-05,6507.3862,12.000762,1958
620,2.2517969608306885,2.2517571449279785,3.981590270996094e-05,6519.7307,12.344548,1994
621,2.253340721130371,2.2533011436462402,3.9577484130859375e-05,6531.8268,12.096067,1976
622,2.2516067028045654,2.2515668869018555,3.981590270996094e-05,6545.504,13.67718,2000
623,2.2531566619873047,2.253117084503174,3.9577484130859375e-05,6559.6379,14.133903,1976
624,2.25142765045166,2.25138783454895,3.981590270996094e-05,6572.8937,13.255847,2000
625,2.252983331680298,2.252943754196167,3.9577484130859375e-05,6584.9286,12.034869,1964
626,2.251253128051758,2.251213312149048,3.981590270996094e-05,6597.0643,12.135722,1994
627,2.2528176307678223,2.2527780532836914,3.9577484130859375e-05,6608.959,11.894699,1952
628,2.251082181930542,2.251042366027832,3.981590270996094e-05,6621.2053,12.246307,1994
629,2.252650022506714,2.252610445022583,3.9577484130859375e-05,6633.2282,12.022878,1988
630,2.2509090900421143,2.2508695125579834,3.9577484130859375e-05,6645.4502,12.221944,1994
631,2.2524831295013428,2.252443552017212,3.9577484130859375e-05,6657.4895,12.039333,1958
632,2.250739097595215,2.250699520111084,3.9577484130859375e-05,6670.7839,13.294427,1994
633,2.2523207664489746,2.252281427383423,3.933906555175781e-05,6683.0941,12.310155,1982
634,2.2505693435668945,2.2505297660827637,3.9577484130859375e-05,6695.2502,12.156132,1988
635,2.2521488666534424,2.2521095275878906,3.933906555175781e-05,6707.4372,12.187045,1982
636,2.2503859996795654,2.2503464221954346,3.9577484130859375e-05,6719.6099,12.172641,1988
637,2.2519612312316895,2.2519218921661377,3.933906555175781e-05,6731.693,12.083064,1982
638,2.2502009868621826,2.2501614093780518,3.9577484130859375e-05,6743.8413,12.148388,1988
639,2.2517783641815186,2.251739025115967,3.933906555175781e-05,6755.817,11.975617,1970
640,2.2500205039978027,2.249980926513672,3.9577484130859375e-05,6768.0882,12.271246,2012
641,2.251601457595825,2.2515621185302734,3.933906555175781e-05,6780.1671,12.078856,1970
642,2.249847412109375,2.2498080730438232,3.933906555175781e-05,6792.2892,12.122179,2000
643,2.2514352798461914,2.2513959407806396,3.933906555175781e-05,6804.4644,12.175175,1970
644,2.2496790885925293,2.2496397495269775,3.933906555175781e-05,6816.7872,12.32283,2006
645,2.2512686252593994,2.2512295246124268,3.910064697265625e-05,6828.8206,12.033325,1976
646,2.249506950378418,2.249467611312866,3.933906555175781e-05,6841.0288,12.208193,2006
647,2.251096248626709,2.2510571479797363,3.910064697265625e-05,6853.0171,11.988311,1976
648,2.2493321895599365,2.2492928504943848,3.933906555175781e-05,6865.2579,12.240801,2018
649,2.250920295715332,2.2508811950683594,3.910064697265625e-05,6877.2442,11.986287,1982
650,2.2491555213928223,2.2491161823272705,3.933906555175781e-05,6889.3795,12.1353,1994
651,2.250741958618164,2.2507028579711914,3.910064697265625e-05,6902.8369,13.457414,1976
652,2.24898362159729,2.2489442825317383,3.933906555175781e-05,6917.4722,14.635318,2012
653,2.250584125518799,2.250545024871826,3.910064697265625e-05,6930.6043,13.132101,1988
654,2.248823642730713,2.2487845420837402,3.910064697265625e-05,6942.621,12.016721,1964
655,2.2504327297210693,2.2503936290740967,3.910064697265625e-05,6954.9163,12.295262,1988
656,2.2486610412597656,2.248621940612793,3.910064697265625e-05,6967.0282,12.111971,1952
657,2.2502572536468506,2.250218391418457,3.886222839355469e-05,6979.4489,12.420615,1982
658,2.248476028442383,2.24843692779541,3.910064697265625e-05,6991.9338,12.484927,1994
659,2.2500672340393066,2.250028371810913,3.886222839355469e-05,7004.2657,12.331884,1994
660,2.248298406600952,2.2482593059539795,3.910064697265625e-05,7016.5582,12.292571,1988
661,2.2498960494995117,2.249857187271118,3.886222839355469e-05,7029.182,12.623793,2000
662,2.248135805130005,2.2480967044830322,3.910064697265625e-05,7041.643,12.460916,2006
663,2.24975323677063,2.2497143745422363,3.886222839355469e-05,7053.9755,12.33251,2006
664,2.24798846244812,2.2479493618011475,3.910064697265625e-05,7066.5755,12.600001,2018
665,2.249617576599121,2.2495787143707275,3.886222839355469e-05,7078.9644,12.388894,2006
666,2.247835159301758,2.2477962970733643,3.886222839355469e-05,7091.4312,12.466816,2018
667,2.2494590282440186,2.249420166015625,3.886222839355469e-05,7103.7945,12.363364,1988
668,2.247663736343384,2.2476248741149902,3.886222839355469e-05,7116.6847,12.890179,2012
669,2.2492759227752686,2.249237298965454,3.8623809814453125e-05,7129.0928,12.408086,2006
670,2.2474827766418457,2.247443914413452,3.886222839355469e-05,7141.5997,12.50692,2024
671,2.2490952014923096,2.249056577682495,3.8623809814453125e-05,7154.108,12.508304,2000
672,2.247311592102051,2.2472727298736572,3.886222839355469e-05,7166.5298,12.421776,2012
673,2.248936891555786,2.2488982677459717,3.8623809814453125e-05,7178.9231,12.393285,1982
674,2.2471535205841064,2.247114658355713,3.886222839355469e-05,7191.4216,12.498527,2024
675,2.248781442642212,2.2487428188323975,3.8623809814453125e-05,7203.7737,12.352133,1988
676,2.2469940185546875,2.246955156326294,3.886222839355469e-05,7216.3824,12.608613,2036
677,2.2486207485198975,2.248582124710083,3.8623809814453125e-05,7228.5267,12.144386,1988
678,2.246829032897949,2.2467901706695557,3.886222839355469e-05,7240.8579,12.331204,2018
679,2.2484543323516846,2.24841570854187,3.8623809814453125e-05,7254.3514,13.493405,1994
680,2.246656656265259,2.2466180324554443,3.8623809814453125e-05,7269.3706,15.019247,2024
681,2.248281717300415,2.2482430934906006,3.8623809814453125e-05,7283.3588,13.988204,2006
682,2.246485471725464,2.2464468479156494,3.8623809814453125e-05,7295.8114,12.452595,2024
683,2.2481119632720947,2.2480735778808594,3.838539123535156e-05,7308.0981,12.286671,1988
684,2.246328115463257,2.2462894916534424,3.8623809814453125e-05,7320.6092,12.51108,2030
685,2.247972249984741,2.247933864593506,3.838539123535156e-05,7332.6485,12.039391,1958
686,2.246182441711426,2.2461438179016113,3.8623809814453125e-05,7345.4368,12.788286,2036
687,2.247828960418701,2.247790575027466,3.838539123535156e-05,7357.5458,12.10897,1982
688,2.2460219860076904,2.245983362197876,3.8623809814453125e-05,7370.0751,12.529322,2042
689,2.2476608753204346,2.247622489929199,3.838539123535156e-05,7382.2813,12.206169,1988
690,2.245852470397949,2.2458138465881348,3.8623809814453125e-05,7394.8267,12.545439,2030
691,2.247488498687744,2.247450113296509,3.838539123535156e-05,7407.3093,12.482605,2006
692,2.24568510055542,2.2456464767456055,3.8623809814453125e-05,7421.5473,14.237945,2036
693,2.2473275661468506,2.2472891807556152,3.838539123535156e-05,7434.0273,12.480021,2000
694,2.245532751083374,2.2454943656921387,3.838539123535156e-05,7446.4406,12.413316,2024
695,2.2471859455108643,2.247147560119629,3.838539123535156e-05,7458.8568,12.416198,2018
696,2.245379686355591,2.2453413009643555,3.838539123535156e-05,7471.3067,12.449868,2012
697,2.2470335960388184,2.246995449066162,3.814697265625e-05,7483.6637,12.357054,2024
698,2.245227098464966,2.2451887130737305,3.838539123535156e-05,7496.0712,12.407468,2030
699,2.246889591217041,2.2468514442443848,3.814697265625e-05,7508.3415,12.270339,2012
700,2.245074510574341,2.2450361251831055,3.838539123535156e-05,7520.6946,12.3531,2012
701,2.246736526489258,2.2466983795166016,3.814697265625e-05,7532.9493,12.254706,2006
702,2.244917869567871,2.2448794841766357,3.838539123535156e-05,7545.5728,12.623452,2030
703,2.246577024459839,2.2465388774871826,3.814697265625e-05,7557.9493,12.376478,2024
704,2.2447524070739746,2.2447140216827393,3.838539123535156e-05,7570.2651,12.315813,2042
705,2.2464091777801514,2.246371030807495,3.814697265625e-05,7582.5839,12.318817,2012
706,2.2445878982543945,2.244549512863159,3.838539123535156e-05,7595.0199,12.435943,2042
707,2.2462496757507324,2.246211528778076,3.814697265625e-05,7607.3428,12.322975,2018
708,2.2444329261779785,2.2443947792053223,3.814697265625e-05,7622.6322,15.289339,2036
709,2.2461013793945312,2.246063232421875,3.814697265625e-05,7639.1282,16.496018,2018
710,2.244276762008667,2.2442386150360107,3.814697265625e-05,7652.9281,13.799967,2042
711,2.245943307876587,2.2459053993225098,3.790855407714844e-05,7666.0128,13.084656,2024
712,2.2441189289093018,2.2440807819366455,3.814697265625e-05,7679.132,13.119211,2054
713,2.2457900047302246,2.2457520961761475,3.790855407714844e-05,7692.1202,12.988134,2018
714,2.243972063064575,2.243933916091919,3.814697265625e-05,7705.5315,13.411389,2042
715,2.24565052986145,2.245612621307373,3.790855407714844e-05,7718.6838,13.152308,2036
716,2.243825674057007,2.2437875270843506,3.814697265625e-05,7731.4347,12.750831,1946
717,2.2455036640167236,2.2454657554626465,3.790855407714844e-05,7744.7336,13.298965,2042
718,2.243671417236328,2.243633270263672,3.814697265625e-05,7757.9967,13.263033,2048
719,2.2453525066375732,2.245314598083496,3.790855407714844e-05,7771.1519,13.155231,2024
720,2.2435226440429688,2.2434844970703125,3.814697265625e-05,7784.5689,13.416993,2054
721,2.245211362838745,2.245173454284668,3.790855407714844e-05,7797.6573,13.088377,2042
722,2.2433815002441406,2.2433433532714844,3.814697265625e-05,7810.8594,13.202156,2048
723,2.245079755783081,2.245041847229004,3.790855407714844e-05,7824.066,13.20661,2036
724,2.2432398796081543,2.243201971054077,3.790855407714844e-05,7837.2085,13.142459,2042
725,2.244943141937256,2.244905471801758,3.7670135498046875e-05,7850.4455,13.236962,2030
726,2.2430899143218994,2.2430520057678223,3.790855407714844e-05,7863.5563,13.110859,2042
727,2.2447752952575684,2.2447376251220703,3.7670135498046875e-05,7876.817,13.26067,2054
728,2.242919445037842,2.2428815364837646,3.790855407714844e-05,7889.5117,12.694665,2036
729,2.2445971965789795,2.2445595264434814,3.7670135498046875e-05,7902.1663,12.654686,2030
730,2.2427546977996826,2.2427167892456055,3.790855407714844e-05,7915.0169,12.850602,2030
731,2.244448661804199,2.244410991668701,3.7670135498046875e-05,7929.6511,14.634176,2042
732,2.2426156997680664,2.2425777912139893,3.790855407714844e-05,7945.1022,15.451108,2042
733,2.244318723678589,2.244281053543091,3.7670135498046875e-05,7959.0903,13.988072,2030
734,2.242478609085083,2.242440700531006,3.790855407714844e-05,7979.2926,20.20232,2036
735,2.244194746017456,2.244157075881958,3.7670135498046875e-05,7995.877,16.584391,2042
736,2.242341995239258,2.2423040866851807,3.790855407714844e-05,8009.9058,14.028761,2060
737,2.244053602218628,2.24401593208313,3.7670135498046875e-05,8023.4324,13.52664,2042
738,2.24218487739563,2.2421469688415527,3.790855407714844e-05,8036.8515,13.419081,2060
739,2.243879556655884,2.2438418865203857,3.7670135498046875e-05,8050.624,13.772515,2060
740,2.242017984390259,2.2419803142547607,3.7670135498046875e-05,8068.7879,18.163888,2036
741,2.2437193393707275,2.2436819076538086,3.743171691894531e-05,8084.5614,15.773499,2048
742,2.241870403289795,2.241832733154297,3.7670135498046875e-05,8101.0333,16.471865,2054
743,2.243582248687744,2.243544816970825,3.743171691894531e-05,8117.0943,16.061045,2036
744,2.241731643676758,2.2416939735412598,3.7670135498046875e-05,8134.4796,17.385261,2036
745,2.243450880050659,2.2434134483337402,3.743171691894531e-05,8153.0427,18.563162,2042
746,2.241591453552246,2.241553783416748,3.7670135498046875e-05,8172.4575,19.414813,2066
747,2.2433083057403564,2.2432708740234375,3.743171691894531e-05,8190.3747,17.917126,2024
748,2.2414426803588867,2.2414050102233887,3.7670135498046875e-05,8208.8753,18.500679,2048
749,2.2431583404541016,2.2431209087371826,3.743171691894531e-05,8227.5134,18.638017,2042
750,2.2412943840026855,2.2412567138671875,3.7670135498046875e-05,8246.3039,18.790503,2060
751,2.243015766143799,2.24297833442688,3.743171691894531e-05,8263.9707,17.66687,2042
752,2.2411563396453857,2.2411186695098877,3.7670135498046875e-05,8283.3878,19.41706,2030
753,2.242886781692505,2.242849349975586,3.743171691894531e-05,8302.9932,19.605381,2048
754,2.241018772125244,2.240981101989746,3.7670135498046875e-05,8320.3692,17.37603,2060
755,2.242750406265259,2.24271297454834,3.743171691894531e-05,8337.9032,17.53402,2042
756,2.240872621536255,2.240835189819336,3.743171691894531e-05,8359.8616,21.958362,2072
757,2.2426035404205322,2.2425663471221924,3.719329833984375e-05,8387.0731,27.21155,2036
758,2.240724563598633,2.240687131881714,3.743171691894531e-05,8404.4332,17.360033,2072
759,2.2424521446228027,2.242414951324463,3.719329833984375e-05,8424.4191,19.985925,2030
760,2.2405807971954346,2.2405433654785156,3.743171691894531e-05,8441.6402,17.221085,2054
761,2.2423202991485596,2.2422831058502197,3.719329833984375e-05,8459.4048,17.764654,2066
762,2.240443468093872,2.240406036376953,3.743171691894531e-05,8476.8108,17.406,2054
763,2.242185115814209,2.242147922515869,3.719329833984375e-05,8494.323,17.512206,2054
764,2.2403032779693604,2.2402658462524414,3.743171691894531e-05,8512.8006,18.477541,2078
765,2.2420506477355957,2.242013454437256,3.719329833984375e-05,8531.4684,18.667777,2060
766,2.240170478820801,2.240133047103882,3.743171691894531e-05,8550.1984,18.730061,2054
767,2.2419145107269287,2.241877317428589,3.719329833984375e-05,8569.6847,19.486304,2060
768,2.2400271892547607,2.239989757537842,3.743171691894531e-05,8586.2897,16.605005,2078
769,2.2417750358581543,2.2417378425598145,3.719329833984375e-05,8604.815,18.525246,2048
770,2.2398829460144043,2.2398455142974854,3.743171691894531e-05,8625.3965,20.58157,2066
771,2.241621255874634,2.241584062576294,3.719329833984375e-05,8644.7359,19.339327,2042
772,2.2397286891937256,2.2396914958953857,3.719329833984375e-05,8667.0396,22.303766,2090
773,2.2414636611938477,2.241426706314087,3.695487976074219e-05,8689.5156,22.475965,2048
774,2.2395846843719482,2.2395474910736084,3.719329833984375e-05,8709.178,19.662414,2084
775,2.2413315773010254,2.2412946224212646,3.695487976074219e-05,8728.9463,19.768267,2048
776,2.2394537925720215,2.2394165992736816,3.719329833984375e-05,8747.2853,18.339008,2078
777,2.2412075996398926,2.241170644760132,3.695487976074219e-05,8765.4573,18.172053,2066
778,2.239326000213623,2.239288806915283,3.719329833984375e-05,8783.9812,18.523811,2060
779,2.2410888671875,2.2410519123077393,3.695487976074219e-05,8803.1799,19.198702,2078
780,2.2391951084136963,2.2391579151153564,3.719329833984375e-05,8823.108,19.92812,2054
781,2.240957498550415,2.2409205436706543,3.695487976074219e-05,8841.301,18.192989,2066
782,2.239055633544922,2.239018440246582,3.719329833984375e-05,8858.3043,17.003349,2084
783,2.240809679031372,2.2407727241516113,3.695487976074219e-05,8883.7376,25.433291,2066
784,2.2389047145843506,2.2388675212860107,3.719329833984375e-05,8898.8066,15.068958,2054
785,2.2406532764434814,2.2406163215637207,3.695487976074219e-05,8913.3873,14.580715,2066
786,2.2387547492980957,2.238717555999756,3.719329833984375e-05,8927.9705,14.583245,2060
787,2.2405145168304443,2.2404775619506836,3.695487976074219e-05,8942.2918,14.32131,2054
788,2.2386274337768555,2.2385902404785156,3.719329833984375e-05,8956.5889,14.297067,2066
789,2.2404041290283203,2.2403671741485596,3.695487976074219e-05,8970.7859,14.196951,2066
790,2.2385101318359375,2.2384731769561768,3.695487976074219e-05,8984.9721,14.186212,2078
791,2.240291118621826,2.2402544021606445,3.6716461181640625e-05,8999.2131,14.241002,2078
792,2.2383854389190674,2.2383484840393066,3.695487976074219e-05,9013.2758,14.062781,2072
793,2.240159511566162,2.2401227951049805,3.6716461181640625e-05,9027.1555,13.879688,2060
794,2.2382423877716064,2.2382054328918457,3.695487976074219e-05,9041.0781,13.922598,2084
795,2.2400035858154297,2.239966869354248,3.6716461181640625e-05,9055.7423,14.664174,2066
796,2.2380855083465576,2.238048553466797,3.695487976074219e-05,9072.0955,16.353206,2072
797,2.239854097366333,2.2398173809051514,3.6716461181640625e-05,9087.9996,15.904131,2066
798,2.2379584312438965,2.2379214763641357,3.695487976074219e-05,9102.0955,14.095834,2078
799,2.239748001098633,2.239711284637451,3.6716461181640625e-05,9116.6485,14.552979,2072
800,2.2378454208374023,2.2378084659576416,3.695487976074219e-05,9131.5842,14.935719,2102
801,2.239644765853882,2.2396080493927,3.6716461181640625e-05,9147.979,16.394771,2078
802,2.2377216815948486,2.237684726715088,3.695487976074219e-05,9164.7152,16.73626,2084
803,2.239511728286743,2.2394750118255615,3.6716461181640625e-05,9180.6863,15.971058,2078
804,2.237578868865967,2.237541913986206,3.695487976074219e-05,9196.7975,16.111266,2096
805,2.239356756210327,2.2393200397491455,3.6716461181640625e-05,9211.6728,14.875282,2084
806,2.2374267578125,2.2373898029327393,3.695487976074219e-05,9226.2834,14.610591,2090
807,2.23919939994812,2.2391626834869385,3.6716461181640625e-05,9240.6823,14.398896,2084
808,2.237283945083618,2.2372472286224365,3.6716461181640625e-05,9255.6324,14.95012,2084
809,2.2390732765197754,2.239036798477173,3.647804260253906e-05,9269.9717,14.339236,2078
810,2.2371668815612793,2.2371301651000977,3.6716461181640625e-05,9291.8074,21.835771,2084
811,2.23897123336792,2.2389347553253174,3.647804260253906e-05,9307.1874,15.379962,2078
812,2.2370526790618896,2.237015962600708,3.6716461181640625e-05,9321.6646,14.477243,2084
813,2.238853931427002,2.2388174533843994,3.647804260253906e-05,9336.5226,14.857973,2066
814,2.2369251251220703,2.2368884086608887,3.6716461181640625e-05,9352.1146,15.592,2072
815,2.238722324371338,2.2386858463287354,3.647804260253906e-05,9367.9111,15.796478,2084
816,2.2367866039276123,2.2367498874664307,3.6716461181640625e-05,9387.4811,19.570006,2060
817,2.238574981689453,2.2385385036468506,3.647804260253906e-05,9407.9913,20.510166,2072
818,2.2366390228271484,2.236602306365967,3.6716461181640625e-05,9426.5947,18.603484,2120
819,2.2384283542633057,2.238391876220703,3.647804260253906e-05,9444.7257,18.130959,2084
820,2.2365057468414307,2.236469030380249,3.6716461181640625e-05,9460.8674,16.14174,2078
821,2.238307476043701,2.2382709980010986,3.647804260253906e-05,9476.712,15.844588,2102
822,2.2363922595977783,2.2363555431365967,3.6716461181640625e-05,9492.1085,15.396481,2096
823,2.2382092475891113,2.238172769546509,3.647804260253906e-05,9506.9772,14.868654,2072
824,2.2362797260284424,2.2362430095672607,3.6716461181640625e-05,9522.1339,15.156726,2114
825,2.238093614578247,2.2380571365356445,3.647804260253906e-05,9537.1336,14.999692,2102
826,2.2361512184143066,2.236114501953125,3.6716461181640625e-05,9551.8236,14.689993,2102
827,2.2379612922668457,2.2379250526428223,3.62396240234375e-05,9566.457,14.63342,2090
828,2.2360146045684814,2.235978126525879,3.647804260253906e-05,9581.5402,15.083192,2096
829,2.23781418800354,2.2377779483795166,3.62396240234375e-05,9596.1061,14.565868,2096
830,2.2358720302581787,2.235835552215576,3.647804260253906e-05,9613.4865,17.380486,2102
831,2.2376813888549805,2.237645149230957,3.62396240234375e-05,9633.3873,19.900728,2096
832,2.235750198364258,2.2357137203216553,3.647804260253906e-05,9653.306,19.918757,2096
833,2.2375783920288086,2.237542152404785,3.62396240234375e-05,9672.9104,19.604363,2078
834,2.2356455326080322,2.2356090545654297,3.647804260253906e-05,9693.7083,20.797909,2096
835,2.2374794483184814,2.237443208694458,3.62396240234375e-05,9714.2197,20.511447,2102
836,2.2355315685272217,2.235495090484619,3.647804260253906e-05,9737.1971,22.977357,2090
837,2.2373592853546143,2.237323045730591,3.62396240234375e-05,9756.0195,18.822392,2096
838,2.2354021072387695,2.235365629196167,3.647804260253906e-05,9769.8232,13.803746,2090
839,2.2372257709503174,2.237189531326294,3.62396240234375e-05,9784.6758,14.852516,2096
840,2.235264778137207,2.2352283000946045,3.647804260253906e-05,9797.8768,13.201037,2000
841,2.2370800971984863,2.237043857574463,3.62396240234375e-05,9812.2531,14.37628,2108
842,2.235123872756958,2.2350873947143555,3.647804260253906e-05,9826.6104,14.357311,2126
843,2.2369372844696045,2.236901044845581,3.62396240234375e-05,9841.0389,14.428488,2102
844,2.2349965572357178,2.2349600791931152,3.647804260253906e-05,9855.7851,14.746254,2102
845,2.236823081970215,2.2367868423461914,3.62396240234375e-05,9870.3838,14.598708,2108
846,2.234879732131958,2.2348432540893555,3.647804260253906e-05,9885.0371,14.653269,2114
847,2.23671293258667,2.2366769313812256,3.600120544433594e-05,9899.4927,14.45563,2114
848,2.2347683906555176,2.234732151031494,3.62396240234375e-05,9914.0221,14.529322,2108
849,2.236604928970337,2.2365689277648926,3.600120544433594e-05,9928.5829,14.560803,2114
850,2.2346484661102295,2.234612226486206,3.62396240234375e-05,9943.1719,14.589046,2114
851,2.2364799976348877,2.2364439964294434,3.600120544433594e-05,9957.7871,14.615186,2120
852,2.2345213890075684,2.234485149383545,3.62396240234375e-05,9972.283,14.495877,2102
853,2.2363550662994385,2.236319065093994,3.600120544433594e-05,9986.7341,14.45112,2102
854,2.2343997955322266,2.234363555908203,3.62396240234375e-05,10001.1943,14.460177,2090
855,2.23624324798584,2.2362072467803955,3.600120544433594e-05,10015.7417,14.547387,2108
856,2.2342796325683594,2.234243392944336,3.62396240234375e-05,10030.3879,14.64623,2000
857,2.2361161708831787,2.2360801696777344,3.600120544433594e-05,10045.672,15.284086,2114
858,2.2341530323028564,2.234116792678833,3.62396240234375e-05,10059.5882,13.916219,2000
859,2.2359917163848877,2.2359557151794434,3.600120544433594e-05,10073.9224,14.334212,2108
860,2.2340335845947266,2.233997344970703,3.62396240234375e-05,10088.133,14.21057,2126
861,2.235882520675659,2.235846519470215,3.600120544433594e-05,10102.3497,14.216691,2114
862,2.233922243118286,2.2338860034942627,3.62396240234375e-05,10118.9047,16.555033,2150
863,2.2357723712921143,2.23573637008667,3.600120544433594e-05,10134.9999,16.095243,2072
864,2.233802080154419,2.2337658405303955,3.62396240234375e-05,10154.1401,19.140134,2138
865,2.235651969909668,2.2356159687042236,3.600120544433594e-05,10175.2362,21.096106,2114
866,2.2336835861206055,2.233647346496582,3.62396240234375e-05,10197.6065,22.370284,2138
867,2.2355310916900635,2.2354953289031982,3.5762786865234375e-05,10217.846,20.239559,2090
868,2.2335586547851562,2.233522653579712,3.600120544433594e-05,10245.5346,27.688559,2108
869,2.2354116439819336,2.2353758811950684,3.5762786865234375e-05,10276.1456,30.611043,2114
870,2.233440637588501,2.2334046363830566,3.600120544433594e-05,10307.2614,31.115733,2138
871,2.235300302505493,2.235264539718628,3.5762786865234375e-05,10323.5873,16.32599,2120
872,2.233330488204956,2.2332944869995117,3.600120544433594e-05,10339.6777,16.090404,2132
873,2.2351858615875244,2.235150098800659,3.5762786865234375e-05,10355.2615,15.583803,2120
874,2.233201265335083,2.2331652641296387,3.600120544433594e-05,10371.276,16.014482,2138
875,2.235051393508911,2.235015630722046,3.5762786865234375e-05,10386.7649,15.488859,2096
876,2.2330729961395264,2.233036994934082,3.600120544433594e-05,10402.4078,15.642913,2108
877,2.234919548034668,2.2348837852478027,3.5762786865234375e-05,10416.7206,14.312782,1994
878,2.2329466342926025,2.232910633087158,3.600120544433594e-05,10431.9132,15.192614,2114
879,2.2348058223724365,2.2347700595855713,3.5762786865234375e-05,10450.1914,18.278152,2132
880,2.232837438583374,2.2328014373779297,3.600120544433594e-05,10465.2079,15.016572,2120
881,2.234705924987793,2.2346701622009277,3.5762786865234375e-05,10481.6133,16.405412,2114
882,2.2327351570129395,2.232699155807495,3.600120544433594e-05,10497.9711,16.357741,2126
883,2.234604835510254,2.2345690727233887,3.5762786865234375e-05,10511.8992,13.92811,2114
884,2.232624053955078,2.232588052749634,3.600120544433594e-05,10525.6503,13.751136,2138
885,2.2344894409179688,2.2344536781311035,3.5762786865234375e-05,10539.1861,13.535756,2126
886,2.2325000762939453,2.232464075088501,3.600120544433594e-05,10552.8049,13.618859,2132
887,2.234362840652466,2.2343270778656006,3.5762786865234375e-05,10566.3342,13.529224,2126
888,2.2323741912841797,2.2323381900787354,3.600120544433594e-05,10579.9448,13.610675,2138
889,2.234241485595703,2.234205961227417,3.552436828613281e-05,10593.5501,13.605259,2126
890,2.2322609424591064,2.232225179672241,3.5762786865234375e-05,10607.0906,13.540483,2138
891,2.2341268062591553,2.234091281890869,3.552436828613281e-05,10620.5468,13.456231,2132
892,2.232142448425293,2.2321066856384277,3.5762786865234375e-05,10634.0745,13.527701,2114
893,2.2340142726898193,2.233978748321533,3.552436828613281e-05,10647.8443,13.769777,2132
894,2.232030153274536,2.231994390487671,3.5762786865234375e-05,10661.3936,13.549313,2132
895,2.233905076980591,2.2338695526123047,3.552436828613281e-05,10674.3613,12.967655,2036
896,2.2319183349609375,2.2318825721740723,3.5762786865234375e-05,10687.8215,13.460243,2126
897,2.2337944507598877,2.2337589263916016,3.552436828613281e-05,10701.3706,13.54907,2132
898,2.2318058013916016,2.2317700386047363,3.5762786865234375e-05,10715.0292,13.658632,2138
899,2.233682632446289,2.233647108078003,3.552436828613281e-05,10728.9353,13.906087,2120
900,2.2316908836364746,2.2316551208496094,3.5762786865234375e-05,10742.6637,13.728363,2126
901,2.2335734367370605,2.2335379123687744,3.552436828613281e-05,10757.7591,15.095482,2132
902,2.231576442718506,2.2315406799316406,3.5762786865234375e-05,10771.9841,14.22499,2132
903,2.233456611633301,2.2334210872650146,3.552436828613281e-05,10786.2728,14.288666,2120
904,2.231456756591797,2.2314209938049316,3.5762786865234375e-05,10801.0164,14.74361,2144
905,2.2333359718322754,2.2333004474639893,3.552436828613281e-05,10815.383,14.366569,2138
906,2.2313437461853027,2.2313079833984375,3.5762786865234375e-05,10831.6113,16.228285,2126
907,2.2332346439361572,2.233199119567871,3.552436828613281e-05,10848.9149,17.3036,2144
908,2.231243133544922,2.2312073707580566,3.5762786865234375e-05,10864.0675,15.152613,2132
909,2.2331392765045166,2.2331037521362305,3.552436828613281e-05,10878.628,14.560484,2144
910,2.2311365604400635,2.2311007976531982,3.5762786865234375e-05,10894.4326,15.804648,2126
911,2.233027935028076,2.232992649078369,3.528594970703125e-05,10909.2167,14.784079,2150
912,2.231020450592041,2.230984687805176,3.5762786865234375e-05,10928.9655,19.748796,2144
913,2.2329089641571045,2.2328736782073975,3.528594970703125e-05,10948.89,19.924576,2144
914,2.2308998107910156,2.2308642864227295,3.552436828613281e-05,10967.5517,18.661673,2012
915,2.2327840328216553,2.2327487468719482,3.528594970703125e-05,10983.5856,16.033904,2120
916,2.230778932571411,2.230743408203125,3.552436828613281e-05,11000.6076,17.021994,2132
917,2.2326643466949463,2.2326290607452393,3.528594970703125e-05,11019.054,18.446376,2150
918,2.2306625843048096,2.2306270599365234,3.552436828613281e-05,11035.5015,16.447479,2138
919,2.232551336288452,2.232516050338745,3.528594970703125e-05,11051.4003,15.898779,2138
920,2.2305498123168945,2.2305142879486084,3.552436828613281e-05,11068.6048,17.204591,2156
921,2.2324445247650146,2.2324092388153076,3.528594970703125e-05,11084.6832,16.07835,2156
922,2.2304489612579346,2.2304134368896484,3.552436828613281e-05,11100.6531,15.969892,2138
923,2.2323508262634277,2.2323155403137207,3.528594970703125e-05,11118.9104,18.257278,2138
924,2.2303452491760254,2.2303097248077393,3.552436828613281e-05,11135.1214,16.211042,2138
925,2.2322497367858887,2.2322144508361816,3.528594970703125e-05,11149.9704,14.84897,2060
926,2.2302348613739014,2.2301993370056152,3.552436828613281e-05,11165.9179,15.947489,2144
927,2.232135057449341,2.232099771499634,3.528594970703125e-05,11183.7178,17.79989,2132
928,2.230114698410034,2.230079174041748,3.552436828613281e-05,11204.3383,20.620502,2150
929,2.2320055961608887,2.2319703102111816,3.528594970703125e-05,11222.5381,18.199816,2156
930,2.229992151260376,2.22995662689209,3.552436828613281e-05,11239.9329,17.394843,2126
931,2.231886148452759,2.2318508625030518,3.528594970703125e-05,11256.162,16.229078,2144
932,2.22988224029541,2.229846715927124,3.552436828613281e-05,11272.4248,16.262822,2138
933,2.2317793369293213,2.2317440509796143,3.528594970703125e-05,11288.8038,16.379027,2144
934,2.2297801971435547,2.2297446727752686,3.552436828613281e-05,11305.3457,16.5419,2156
935,2.231696605682373,2.231661558151245,3.504753112792969e-05,11321.8265,16.48075,2114
936,2.229693651199341,2.2296581268310547,3.552436828613281e-05,11340.5833,18.756784,2156
937,2.2316112518310547,2.2315762042999268,3.504753112792969e-05,11360.3475,19.764189,2162
938,2.229584217071533,2.229548931121826,3.528594970703125e-05,11380.4729,20.125433,2144
939,2.2314839363098145,2.2314488887786865,3.504753112792969e-05,11395.5175,15.044594,2138
940,2.229457139968872,2.229421854019165,3.528594970703125e-05,11410.6983,15.180762,2144
941,2.2313504219055176,2.2313153743743896,3.504753112792969e-05,11426.2157,15.517456,2114
942,2.229334831237793,2.229299545288086,3.528594970703125e-05,11443.6193,17.403608,2084
943,2.2312304973602295,2.2311954498291016,3.504753112792969e-05,11461.6804,18.061101,2162
944,2.229224443435669,2.229189157485962,3.528594970703125e-05,11483.9027,22.222292,2168
945,2.231132745742798,2.23109769821167,3.504753112792969e-05,11502.4842,18.581451,2138
946,2.229130744934082,2.229095458984375,3.528594970703125e-05,11518.0306,15.546396,2144
947,2.2310478687286377,2.2310128211975098,3.504753112792969e-05,11534.7564,16.725865,2156
948,2.2290327548980713,2.2289974689483643,3.528594970703125e-05,11554.8093,20.052867,2174
949,2.2309463024139404,2.2309112548828125,3.504753112792969e-05,11571.6224,16.813059,2126
950,2.228924036026001,2.228888750076294,3.528594970703125e-05,11587.3587,15.736316,2090
951,2.2308294773101807,2.2307944297790527,3.504753112792969e-05,11603.9917,16.633048,2144
952,2.2288014888763428,2.2287662029266357,3.528594970703125e-05,11621.1391,17.147385,2156
953,2.2307000160217285,2.2306649684906006,3.504753112792969e-05,11637.4787,16.339577,2132
954,2.228681802749634,2.2286465167999268,3.528594970703125e-05,11653.9267,16.447977,2150
955,2.2305822372436523,2.2305471897125244,3.504753112792969e-05,11670.5507,16.624026,2168
956,2.22857403755188,2.228538751602173,3.528594970703125e-05,11687.6021,17.051448,2168
957,2.2304892539978027,2.230454206466675,3.504753112792969e-05,11704.1548,16.552685,2156
958,2.2284886837005615,2.2284533977508545,3.528594970703125e-05,11721.281,17.126145,2156
959,2.230422019958496,2.2303872108459473,3.4809112548828125e-05,11738.2315,16.950541,2138
960,2.228405237197876,2.228369951248169,3.528594970703125e-05,11755.3005,17.06903,2150
961,2.230339527130127,2.230304718017578,3.4809112548828125e-05,11772.3383,17.037804,2156
962,2.2283027172088623,2.2282676696777344,3.504753112792969e-05,11789.1881,16.849805,2168
963,2.2302136421203613,2.2301788330078125,3.4809112548828125e-05,11808.1027,18.91454,2162
964,2.228172779083252,2.228137731552124,3.504753112792969e-05,11825.9544,17.851762,2162
965,2.2300755977630615,2.2300407886505127,3.4809112548828125e-05,11844.5879,18.633503,2168
966,2.2280426025390625,2.2280075550079346,3.504753112792969e-05,11863.1181,18.530197,2150
967,2.2299466133117676,2.2299118041992188,3.4809112548828125e-05,11881.0185,17.900349,2150
968,2.2279303073883057,2.2278952598571777,3.504753112792969e-05,11900.5007,19.482202,2150
969,2.229844331741333,2.229809522628784,3.4809112548828125e-05,11919.5164,19.015731,2156
970,2.227834463119507,2.227799415588379,3.504753112792969e-05,11936.5979,17.081462,2168
971,2.229762077331543,2.229727268218994,3.4809112548828125e-05,11953.5509,16.952983,2162
972,2.2277495861053467,2.2277145385742188,3.504753112792969e-05,11970.6127,17.061868,2150
973,2.2296841144561768,2.229649305343628,3.4809112548828125e-05,11987.4623,16.849591,2150
974,2.2276618480682373,2.2276268005371094,3.504753112792969e-05,12003.9145,16.452144,2174
975,2.229602813720703,2.2295680046081543,3.4809112548828125e-05,12020.2209,16.306394,2168
976,2.2275657653808594,2.2275307178497314,3.504753112792969e-05,12036.7722,16.551332,2162
977,2.2294981479644775,2.2294633388519287,3.4809112548828125e-05,12053.7571,16.984953,2156
978,2.227449417114258,2.22741436958313,3.504753112792969e-05,12072.6044,18.84726,2180
979,2.229362726211548,2.229327917098999,3.4809112548828125e-05,12091.792,19.187544,2162
980,2.227320909500122,2.227285861968994,3.504753112792969e-05,12109.5924,17.800466,2162
981,2.2292308807373047,2.229196071624756,3.4809112548828125e-05,12127.2041,17.611711,2168
982,2.2272064685821533,2.2271714210510254,3.504753112792969e-05,12144.4634,17.259244,2108
983,2.2291266918182373,2.2290918827056885,3.4809112548828125e-05,12162.4676,18.004212,2180
984,2.227113723754883,2.227078676223755,3.504753112792969e-05,12180.7725,18.304943,2174
985,2.229053020477295,2.229018449783325,3.457069396972656e-05,12198.397,17.62449,2174
986,2.227032423019409,2.2269973754882812,3.504753112792969e-05,12216.2165,17.819521,2186
987,2.2289838790893555,2.2289493083953857,3.457069396972656e-05,12233.8865,17.669955,2156
988,2.226952075958252,2.226917028427124,3.504753112792969e-05,12253.7523,19.865793,2174
989,2.2288990020751953,2.2288644313812256,3.457069396972656e-05,12275.5495,21.79721,2150
990,2.2268519401550293,2.2268171310424805,3.4809112548828125e-05,12295.0214,19.471874,2162
991,2.2287847995758057,2.228750228881836,3.457069396972656e-05,12312.535,17.513632,2174
992,2.226724147796631,2.226689338684082,3.4809112548828125e-05,12329.7014,17.166361,2156
993,2.2286410331726074,2.2286064624786377,3.457069396972656e-05,12346.8028,17.101426,2162
994,2.2265968322753906,2.226562023162842,3.4809112548828125e-05,12362.67,15.867254,2192
995,2.2285072803497314,2.2284727096557617,3.457069396972656e-05,12378.1642,15.494174,2186
996,2.2264797687530518,2.226444959640503,3.4809112548828125e-05,12394.6718,16.507597,2168
997,2.228400945663452,2.2283663749694824,3.457069396972656e-05,12408.8976,14.225756,2030
998,2.226386308670044,2.226351499557495,3.4809112548828125e-05,12424.8891,15.99155,2180
999,2.2283287048339844,2.2282941341400146,3.457069396972656e-05,12442.3028,17.413672,2180
1000,2.226311445236206,2.2262766361236572,3.4809112548828125e-05,12458.656,16.353194,2180
1001,2.2282652854919434,2.2282307147979736,3.457069396972656e-05,12473.5727,14.916724,2168
1002,2.2262282371520996,2.226193428039551,3.4809112548828125e-05,12488.761,15.18829,2198
1003,2.228172540664673,2.228137969970703,3.457069396972656e-05,12503.7351,14.974134,2174
1004,2.2261219024658203,2.2260870933532715,3.4809112548828125e-05,12518.6824,14.947241,2180
1005,2.228057622909546,2.228023052215576,3.457069396972656e-05,12533.7066,15.02418,2150
1006,2.2260076999664307,2.225972890853882,3.4809112548828125e-05,12548.5868,14.880276,2186
1007,2.227935552597046,2.227900981903076,3.457069396972656e-05,12562.9696,14.38279,2108
1008,2.2258944511413574,2.2258596420288086,3.4809112548828125e-05,12577.9281,14.958436,2198
1009,2.2278244495391846,2.227789878845215,3.457069396972656e-05,12592.938,15.00995,2150
1010,2.2257936000823975,2.2257587909698486,3.4809112548828125e-05,12608.0333,15.095246,2186
1011,2.2277345657348633,2.2277002334594727,3.4332275390625e-05,12625.5133,17.48003,2174
1012,2.2257080078125,2.225673198699951,3.4809112548828125e-05,12642.6895,17.17622,2180
1013,2.22766375541687,2.2276294231414795,3.4332275390625e-05,12657.6092,14.919686,2174
1014,2.2256317138671875,2.2255969047546387,3.4809112548828125e-05,12672.818,15.208857,2192
1015,2.227592706680298,2.2275583744049072,3.4332275390625e-05,12688.0635,15.24548,2174
1016,2.225536823272705,2.2255022525787354,3.457069396972656e-05,12703.2438,15.180235,2180
1017,2.227482557296753,2.2274482250213623,3.4332275390625e-05,12717.1356,13.891883,2018
1018,2.225416898727417,2.2253823280334473,3.457069396972656e-05,12732.2752,15.139577,2204
1019,2.227350950241089,2.2273166179656982,3.4332275390625e-05,12747.0561,14.780844,2150
1020,2.225297689437866,2.2252631187438965,3.457069396972656e-05,12761.9566,14.900485,2174
1021,2.22723126411438,2.2271969318389893,3.4332275390625e-05,12779.2347,17.278113,2180
1022,2.2251954078674316,2.225160837173462,3.457069396972656e-05,12794.5672,15.332503,2198
1023,2.2271363735198975,2.227102041244507,3.4332275390625e-05,12809.5214,14.95426,2144
1024,2.2251081466674805,2.2250735759735107,3.457069396972656e-05,12824.4988,14.977385,2174
1025,2.2270686626434326,2.227034330368042,3.4332275390625e-05,12839.3227,14.823881,2174
1026,2.2250311374664307,2.224996566772461,3.457069396972656e-05,12854.1466,14.823897,2204
1027,2.2269978523254395,2.226963520050049,3.4332275390625e-05,12869.607,15.460382,2168
1028,2.2249433994293213,2.2249088287353516,3.457069396972656e-05,12884.9157,15.308692,2210
1029,2.226895332336426,2.226861000061035,3.4332275390625e-05,12900.4945,15.578862,2186
1030,2.2248270511627197,2.22479248046875,3.457069396972656e-05,12916.5639,16.069412,2180
1031,2.226757764816284,2.2267234325408936,3.4332275390625e-05,12937.0539,20.490003,2156
1032,2.2246999740600586,2.224665403366089,3.457069396972656e-05,12953.9673,16.913403,2198
1033,2.2266361713409424,2.2266018390655518,3.4332275390625e-05,12973.6192,19.651874,2174
1034,2.2246005535125732,2.2245659828186035,3.457069396972656e-05,12992.8361,19.216928,2192
1035,2.226553440093994,2.2265191078186035,3.4332275390625e-05,13011.0436,18.207426,2186
1036,2.224526882171631,2.224492311477661,3.457069396972656e-05,13026.306,15.262388,2210
1037,2.2264978885650635,2.226463556289673,3.4332275390625e-05,13049.4358,23.129874,2186
1038,2.224456787109375,2.2244222164154053,3.457069396972656e-05,13067.3984,17.962585,2198
1039,2.2264363765716553,2.2264020442962646,3.4332275390625e-05,13087.1505,19.752114,2192
1040,2.2243757247924805,2.2243411540985107,3.457069396972656e-05,13106.5329,19.382316,2216
1041,2.226346969604492,2.2263128757476807,3.409385681152344e-05,13122.4905,15.957638,2204
1042,2.224269390106201,2.2242348194122314,3.457069396972656e-05,13138.2574,15.766919,2078
1043,2.22621488571167,2.2261807918548584,3.409385681152344e-05,13152.6305,14.373098,2192
1044,2.224142074584961,2.224107503890991,3.457069396972656e-05,13167.11,14.479515,2210
1045,2.2260820865631104,2.226047992706299,3.409385681152344e-05,13181.6578,14.547757,2204
1046,2.2240264415740967,2.223992109298706,3.4332275390625e-05,13195.8268,14.169009,2198
1047,2.2259738445281982,2.2259397506713867,3.409385681152344e-05,13209.5799,13.753096,2102
1048,2.2239346504211426,2.223900318145752,3.4332275390625e-05,13225.4731,15.893207,2216
1049,2.225904703140259,2.2258706092834473,3.409385681152344e-05,13240.8254,15.352318,2072
1050,2.2238688468933105,2.22383451461792,3.4332275390625e-05,13257.414,16.588614,2204
1051,2.2258472442626953,2.225813150405884,3.409385681152344e-05,13275.3368,17.922769,2204
1052,2.223790407180786,2.2237560749053955,3.4332275390625e-05,13292.6367,17.299957,2216
1053,2.225759506225586,2.2257254123687744,3.409385681152344e-05,13310.1896,17.552869,2186
1054,2.2236876487731934,2.2236533164978027,3.4332275390625e-05,13333.3955,23.205855,2216
1055,2.2256364822387695,2.225602388381958,3.409385681152344e-05,13351.5279,18.132385,2162
1056,2.2235655784606934,2.2235312461853027,3.4332275390625e-05,13365.9015,14.373599,2216
1057,2.225508213043213,2.2254741191864014,3.409385681152344e-05,13377.9721,12.070656,2192
1058,2.2234537601470947,2.223419427871704,3.4332275390625e-05,13389.8967,11.924616,2210
1059,2.225409746170044,2.2253756523132324,3.409385681152344e-05,13401.7324,11.83563,2168
1060,2.2233715057373047,2.223337173461914,3.4332275390625e-05,13413.7565,12.02412,2192
1061,2.225342273712158,2.2253081798553467,3.409385681152344e-05,13425.8299,12.073463,2192
1062,2.223301887512207,2.2232675552368164,3.4332275390625e-05,13438.4932,12.663219,2210
1063,2.2252871990203857,2.225253105163574,3.409385681152344e-05,13450.7597,12.266521,2204
1064,2.22322416305542,2.2231898307800293,3.4332275390625e-05,13462.7306,11.970874,2216
1065,2.2252042293548584,2.225170135498047,3.409385681152344e-05,13474.9085,12.177982,2192
1066,2.223130702972412,2.2230963706970215,3.4332275390625e-05,13486.9309,12.022413,2210
1067,2.225097417831421,2.2250633239746094,3.409385681152344e-05,13498.4154,11.48442,2204
1068,2.223017692565918,2.2229833602905273,3.4332275390625e-05,13510.0402,11.62479,2234
1069,2.2249717712402344,2.224937915802002,3.3855438232421875e-05,13521.6403,11.60017,2186
1070,2.222904682159424,2.222870349884033,3.4332275390625e-05,13533.7836,12.143309,2222
1071,2.2248647212982178,2.2248308658599854,3.3855438232421875e-05,13545.6252,11.841576,2222
1072,2.222818374633789,2.2227840423583984,3.4332275390625e-05,13557.1037,11.478475,2240
1073,2.224799633026123,2.2247657775878906,3.3855438232421875e-05,13568.8835,11.779807,2186
1074,2.2227470874786377,2.222712755203247,3.4332275390625e-05,13580.7393,11.855779,2216
1075,2.224735736846924,2.2247018814086914,3.3855438232421875e-05,13592.4727,11.733469,2228
1076,2.2226712703704834,2.222637176513672,3.409385681152344e-05,13604.1664,11.693623,2228
1077,2.2246572971343994,2.224623441696167,3.3855438232421875e-05,13617.2376,13.071247,2198
1078,2.2225735187530518,2.2225394248962402,3.409385681152344e-05,13632.4442,15.206633,2216
1079,2.224536180496216,2.2245023250579834,3.3855438232421875e-05,13644.3852,11.9409,2192
1080,2.222445011138916,2.2224109172821045,3.409385681152344e-05,13657.1538,12.768696,2240
1081,2.2243852615356445,2.224351406097412,3.3855438232421875e-05,13669.2349,12.081048,2174
1082,2.222320795059204,2.2222867012023926,3.409385681152344e-05,13681.3243,12.089389,2240
1083,2.2242772579193115,2.224243402481079,3.3855438232421875e-05,13695.2352,13.910908,2192
1084,2.222243070602417,2.2222089767456055,3.409385681152344e-05,13709.5503,14.315071,2234
1085,2.224226474761963,2.2241926193237305,3.3855438232421875e-05,13720.5424,10.992113,2168
1086,2.2221829891204834,2.222148895263672,3.409385681152344e-05,13735.2039,14.661515,2210
1087,2.224181890487671,2.2241480350494385,3.3855438232421875e-05,13749.3544,14.150555,2204
1088,2.222111701965332,2.2220776081085205,3.409385681152344e-05,13761.1357,11.781275,2240
1089,2.2240986824035645,2.224064826965332,3.3855438232421875e-05,13771.7715,10.635796,2186
1090,2.22200870513916,2.2219746112823486,3.409385681152344e-05,13782.4943,10.722809,2228
1091,2.223968029022217,2.2239341735839844,3.3855438232421875e-05,13794.0228,11.528507,2204
1092,2.22188138961792,2.2218472957611084,3.409385681152344e-05,13806.3989,12.376051,2222
1093,2.2238340377807617,2.2238001823425293,3.3855438232421875e-05,13817.7181,11.319238,2078
1094,2.221773624420166,2.2217395305633545,3.409385681152344e-05,13829.7295,12.011383,2222
1095,2.2237355709075928,2.2237017154693604,3.3855438232421875e-05,13840.4506,10.721095,2186
1096,2.2216885089874268,2.2216544151306152,3.409385681152344e-05,13853.1005,12.649883,2228
1097,2.223675012588501,2.2236411571502686,3.3855438232421875e-05,13867.7829,14.682454,2210
1098,2.221625804901123,2.2215917110443115,3.409385681152344e-05,13882.0777,14.29479,2216
1099,2.223618745803833,2.2235848903656006,3.3855438232421875e-05,13894.6008,12.523054,2192
1100,2.221545457839966,2.2215113639831543,3.409385681152344e-05,13906.8586,12.257814,2234
1101,2.223522901535034,2.223489284515381,3.361701965332031e-05,13921.1444,14.285844,2210
1102,2.2214417457580566,2.221407651901245,3.409385681152344e-05,13934.0133,12.868889,2216
1103,2.2234058380126953,2.223372220993042,3.361701965332031e-05,13945.5402,11.526912,2198
1104,2.22133207321167,2.2212979793548584,3.409385681152344e-05,13956.7453,11.205019,2228
1105,2.2233054637908936,2.2232718467712402,3.361701965332031e-05,13968.1182,11.372967,2210
1106,2.221249580383301,2.2212154865264893,3.409385681152344e-05,13980.711,12.592743,2246
1107,2.2232296466827393,2.223196029663086,3.361701965332031e-05,13992.8189,12.107977,2228
1108,2.221163749694824,2.221129894256592,3.3855438232421875e-05,14005.8733,13.054366,2246
1109,2.223147392272949,2.223113775253296,3.361701965332031e-05,14016.9801,11.106812,2222
1110,2.221080780029297,2.2210469245910645,3.3855438232421875e-05,14029.1249,12.144789,2240
1111,2.2230587005615234,2.22302508354187,3.361701965332031e-05,14041.232,12.107106,2198
1112,2.2209877967834473,2.220953941345215,3.3855438232421875e-05,14054.2129,12.980874,2240
1113,2.2229576110839844,2.222923994064331,3.361701965332031e-05,14068.7817,14.568816,2198
1114,2.2208850383758545,2.220851182937622,3.3855438232421875e-05,14080.9068,12.125088,2240
1115,2.2228541374206543,2.222820520401001,3.361701965332031e-05,14092.902,11.995204,2228
1116,2.220790386199951,2.2207565307617188,3.3855438232421875e-05,14105.0327,12.130685,2240
1117,2.2227678298950195,2.222734212875366,3.361701965332031e-05,14116.3907,11.358027,2216
1118,2.220707654953003,2.2206737995147705,3.3855438232421875e-05,14127.3533,10.962614,2222
1119,2.2226881980895996,2.2226545810699463,3.361701965332031e-05,14138.232,10.878697,2192
1120,2.2206308841705322,2.2205970287323,3.3855438232421875e-05,14149.2153,10.983271,2228
1121,2.2226173877716064,2.222583770751953,3.361701965332031e-05,14159.8569,10.641581,2216
1122,2.2205467224121094,2.220512866973877,3.3855438232421875e-05,14170.6144,10.757476,2240
1123,2.2225351333618164,2.222501516342163,3.361701965332031e-05,14181.5297,10.915383,2234
1124,2.2204625606536865,2.220428705215454,3.3855438232421875e-05,14193.5638,12.03406,2246
1125,2.222456693649292,2.2224230766296387,3.361701965332031e-05,14205.857,12.293215,2222
1126,2.220371723175049,2.2203378677368164,3.3855438232421875e-05,14217.9177,12.06065,2258
1127,2.2223479747772217,2.2223143577575684,3.361701965332031e-05,14229.7359,11.818252,2204
1128,2.2202677726745605,2.220233917236328,3.3855438232421875e-05,14241.8214,12.085454,2228
1129,2.2222445011138916,2.2222108840942383,3.361701965332031e-05,14253.8979,12.076543,2240
1130,2.2201766967773438,2.2201428413391113,3.3855438232421875e-05,14266.1989,12.300967,2240
1131,2.2221574783325195,2.222123861312866,3.361701965332031e-05,14277.7332,11.534341,2234
1132,2.2200851440429688,2.2200512886047363,3.3855438232421875e-05,14291.6544,13.921195,2234
1133,2.22206711769104,2.222033739089966,3.337860107421875e-05,14305.5727,13.918278,2246
1134,2.2200019359588623,2.21996808052063,3.3855438232421875e-05,14329.5423,23.969607,2228
1135,2.2219951152801514,2.221961736679077,3.337860107421875e-05,14343.6387,14.096393,2234
1136,2.2199251651763916,2.219891309738159,3.3855438232421875e-05,14360.2993,16.660582,2222
1137,2.2219250202178955,2.2218916416168213,3.337860107421875e-05,14375.1974,14.898176,2240
1138,2.2198493480682373,2.219815492630005,3.3855438232421875e-05,14388.3695,13.172068,2246
1139,2.2218434810638428,2.2218101024627686,3.337860107421875e-05,14402.7525,14.383022,2228
1140,2.219754219055176,2.2197206020355225,3.361701965332031e-05,14413.9994,11.246853,2246
1141,2.221731424331665,2.221698045730591,3.337860107421875e-05,14434.5564,20.55704,2246
1142,2.219644546508789,2.2196109294891357,3.361701965332031e-05,14463.0366,28.480123,2240
1143,2.2216219902038574,2.221588611602783,3.337860107421875e-05,14480.2467,17.21016,2234
1144,2.2195544242858887,2.2195208072662354,3.361701965332031e-05,14497.1908,16.944062,2252
1145,2.2215523719787598,2.2215189933776855,3.337860107421875e-05,14510.1614,12.970633,2234
1146,2.2194888591766357,2.2194552421569824,3.361701965332031e-05,14523.0803,12.918895,2252
1147,2.2214996814727783,2.221466302871704,3.337860107421875e-05,14536.4075,13.327232,2234
1148,2.2194204330444336,2.2193868160247803,3.361701965332031e-05,14551.9881,15.580534,2258
1149,2.221423625946045,2.2213902473449707,3.337860107421875e-05,14573.3439,21.35584,2234
1150,2.2193291187286377,2.2192955017089844,3.361701965332031e-05,14590.3433,16.999396,2246
1151,2.2213146686553955,2.2212812900543213,3.337860107421875e-05,14603.8411,13.497838,2246
1152,2.219217538833618,2.219183921813965,3.361701965332031e-05,14622.3811,18.539967,2240
1153,2.2211904525756836,2.2211570739746094,3.337860107421875e-05,14635.2028,12.821656,2228
1154,2.219114303588867,2.219080686569214,3.361701965332031e-05,14649.9798,14.777004,2258
1155,2.2210986614227295,2.2210652828216553,3.337860107421875e-05,14663.0642,13.084441,2240
1156,2.21903920173645,2.219005584716797,3.361701965332031e-05,14675.7506,12.686427,2234
1157,2.221043825149536,2.221010446548462,3.337860107421875e-05,14689.7391,13.98842,2234
1158,2.21897292137146,2.2189393043518066,3.361701965332031e-05,14702.2202,12.481109,2240
1159,2.2209794521331787,2.2209460735321045,3.337860107421875e-05,14713.9827,11.762562,2240
1160,2.2188994884490967,2.2188658714294434,3.361701965332031e-05,14725.0206,11.037873,2234
1161,2.2209079265594482,2.220874547958374,3.337860107421875e-05,14737.5919,12.571346,2246
1162,2.2188198566436768,2.2187862396240234,3.361701965332031e-05,14749.3202,11.728284,2252
1163,2.220822334289551,2.2207889556884766,3.337860107421875e-05,14764.4949,15.174622,2246
1164,2.218723773956299,2.2186901569366455,3.361701965332031e-05,14781.2558,16.760918,2246
1165,2.2207190990448,2.2206857204437256,3.337860107421875e-05,14795.3121,14.056327,2252
1166,2.218620538711548,2.2185869216918945,3.361701965332031e-05,14808.1204,12.808324,2234
1167,2.220600128173828,2.220566987991333,3.314018249511719e-05,14821.5661,13.445715,2258
1168,2.2185189723968506,2.2184853553771973,3.361701965332031e-05,14836.5815,15.015364,2252
1169,2.220503330230713,2.2204701900482178,3.314018249511719e-05,14850.9124,14.330941,2240
1170,2.2184336185455322,2.218400001525879,3.361701965332031e-05,14863.942,13.029607,2246
1171,2.220433235168457,2.220400094985962,3.314018249511719e-05,14879.1965,15.254497,2252
1172,2.218363046646118,2.218329429626465,3.361701965332031e-05,14892.2313,13.03474,2234
1173,2.220372200012207,2.220339059829712,3.314018249511719e-05,14904.3741,12.142796,2234
1174,2.2182962894439697,2.2182629108428955,3.337860107421875e-05,14917.0967,12.722647,2258
1175,2.220310688018799,2.2202775478363037,3.314018249511719e-05,14929.0083,11.911613,2252
1176,2.2182271480560303,2.218193769454956,3.337860107421875e-05,14942.9249,13.916522,2258
1177,2.2202391624450684,2.2202060222625732,3.314018249511719e-05,14959.1357,16.21087,2252
1178,2.2181403636932373,2.218106985092163,3.337860107421875e-05,14970.4749,11.339199,2264
1179,2.220141649246216,2.2201085090637207,3.314018249511719e-05,14981.3907,10.9158,2222
1180,2.21803879737854,2.218005418777466,3.337860107421875e-05,14992.9485,11.557805,2246
1181,2.220026969909668,2.219993829727173,3.314018249511719e-05,15004.1787,11.230141,2240
1182,2.217935562133789,2.217902183532715,3.337860107421875e-05,15015.4884,11.309696,2246
1183,2.219924211502075,2.21989107131958,3.314018249511719e-05,15026.9111,11.422681,2246
1184,2.2178452014923096,2.2178118228912354,3.337860107421875e-05,15038.9792,12.068151,2258
1185,2.2198433876037598,2.2198102474212646,3.314018249511719e-05,15051.6809,12.701731,2258
1186,2.2177696228027344,2.21773624420166,3.337860107421875e-05,15064.2999,12.618994,2252
1187,2.2197775840759277,2.2197444438934326,3.314018249511719e-05,15076.4193,12.119325,2252
1188,2.217703104019165,2.217669725418091,3.337860107421875e-05,15089.1309,12.711614,2234
1189,2.219719648361206,2.219686508178711,3.314018249511719e-05,15099.7526,10.621712,2240
1190,2.217637777328491,2.217604398727417,3.337860107421875e-05,15111.0549,11.302346,2246
1191,2.2196590900421143,2.219625949859619,3.314018249511719e-05,15122.2071,11.152123,2240
1192,2.2175562381744385,2.2175228595733643,3.337860107421875e-05,15141.7311,19.524001,2276
1193,2.219555139541626,2.219521999359131,3.314018249511719e-05,15161.6799,19.948823,2258
1194,2.2174453735351562,2.217411994934082,3.337860107421875e-05,15178.6347,16.954835,2264
1195,2.219423532485962,2.219390392303467,3.314018249511719e-05,15194.2066,15.57186,2264
1196,2.217337131500244,2.21730375289917,3.337860107421875e-05,15214.9123,20.7057,2264
1197,2.2193260192871094,2.2192928791046143,3.314018249511719e-05,15233.5525,18.640178,2276
1198,2.2172579765319824,2.217224597930908,3.337860107421875e-05,15247.1462,13.593797,2270
1199,2.219266176223755,2.2192330360412598,3.314018249511719e-05,15260.3251,13.17881,2222
1200,2.2172048091888428,2.2171714305877686,3.337860107421875e-05,15273.8309,13.505857,2234
1201,2.219243288040161,2.219210386276245,3.2901763916015625e-05,15296.3364,22.505455,2264
1202,2.217165946960449,2.217132568359375,3.337860107421875e-05,15310.9939,14.657549,2294
1203,2.2192046642303467,2.2191717624664307,3.2901763916015625e-05,15322.5758,11.581904,2270
1204,2.2170872688293457,2.2170538902282715,3.337860107421875e-05,15336.3616,13.785784,2288
1205,2.2190897464752197,2.2190568447113037,3.2901763916015625e-05,15350.7955,14.433863,2270
1206,2.2169618606567383,2.216928482055664,3.337860107421875e-05,15363.2708,12.475321,2264
1207,2.218937397003174,2.218904495239258,3.2901763916015625e-05,15375.8516,12.580795,2264
1208,2.216839075088501,2.2168056964874268,3.337860107421875e-05,15392.8516,17.000062,2264
1209,2.218820810317993,2.218787908554077,3.2901763916015625e-05,15408.8198,15.968109,2270
1210,2.216756820678711,2.216723680496216,3.314018249511719e-05,15424.5013,15.681547,2276
1211,2.2187724113464355,2.2187395095825195,3.2901763916015625e-05,15439.9112,15.409914,2252
1212,2.216718912124634,2.2166857719421387,3.314018249511719e-05,15455.1517,15.240477,2222
1213,2.2187693119049072,2.218736410140991,3.2901763916015625e-05,15471.5934,16.441712,2264
1214,2.216682195663452,2.216649055480957,3.314018249511719e-05,15487.2666,15.673197,2264
1215,2.2187347412109375,2.2187018394470215,3.2901763916015625e-05,15502.7827,15.516145,2258
1216,2.2166125774383545,2.2165794372558594,3.314018249511719e-05,15518.0534,15.27067,2222
1217,2.218634605407715,2.218601703643799,3.2901763916015625e-05,15533.7464,15.692952,2264
1218,2.2165005207061768,2.2164673805236816,3.314018249511719e-05,15549.2562,15.509844,2270
1219,2.2184958457946777,2.2184629440307617,3.2901763916015625e-05,15564.6209,15.364667,2252
1220,2.2163825035095215,2.2163493633270264,3.314018249511719e-05,15580.3446,15.723685,2288
1221,2.218372106552124,2.218339204788208,3.2901763916015625e-05,15595.9851,15.640532,2258
1222,2.2162818908691406,2.2162487506866455,3.314018249511719e-05,15611.4388,15.453722,2234
1223,2.218287706375122,2.218254804611206,3.2901763916015625e-05,15627.089,15.650149,2264
1224,2.2162132263183594,2.2161800861358643,3.314018249511719e-05,15643.0199,15.930913,2288
1225,2.218234062194824,2.218201160430908,3.2901763916015625e-05,15658.8871,15.867195,2258
1226,2.216153860092163,2.216120719909668,3.314018249511719e-05,15675.5107,16.62363,2282
1227,2.2181854248046875,2.2181525230407715,3.2901763916015625e-05,15692.4284,16.917697,2252
1228,2.216087818145752,2.216054677963257,3.314018249511719e-05,15710.9836,18.555157,2282
1229,2.2181153297424316,2.2180824279785156,3.2901763916015625e-05,15727.0568,16.073253,2258
1230,2.216008186340332,2.215975046157837,3.314018249511719e-05,15742.7397,15.682885,2276
1231,2.2180287837982178,2.2179958820343018,3.2901763916015625e-05,15758.3544,15.61468,2258
1232,2.21592116355896,2.215888023376465,3.314018249511719e-05,15774.1653,15.81089,2270
1233,2.2179372310638428,2.2179043292999268,3.2901763916015625e-05,15789.8277,15.662389,2258
1234,2.2158286571502686,2.2157955169677734,3.314018249511719e-05,15805.8022,15.974553,2282
1235,2.217836856842041,2.217803955078125,3.2901763916015625e-05,15821.4844,15.682195,2264
1236,2.2157349586486816,2.2157018184661865,3.314018249511719e-05,15837.2262,15.741829,2282
1237,2.2177462577819824,2.2177135944366455,3.266334533691406e-05,15853.0049,15.778707,2276
1238,2.215662956237793,2.215629816055298,3.314018249511719e-05,15868.7498,15.744891,2282
1239,2.2176997661590576,2.2176671028137207,3.266334533691406e-05,15884.5119,15.762111,2282
1240,2.215613842010498,2.215580701828003,3.314018249511719e-05,15900.5001,15.988152,2306
1241,2.217663288116455,2.217630624771118,3.266334533691406e-05,15917.0953,16.595155,2276
1242,2.21555757522583,2.215524435043335,3.314018249511719e-05,15932.8939,15.798675,2282
1243,2.2176010608673096,2.2175683975219727,3.266334533691406e-05,15948.7963,15.90237,2288
1244,2.2154669761657715,2.2154338359832764,3.314018249511719e-05,15964.7237,15.927415,2288
1245,2.217482566833496,2.217449903488159,3.266334533691406e-05,15980.5968,15.873049,2282
1246,2.215355634689331,2.215322732925415,3.2901763916015625e-05,15996.7813,16.184551,2282
1247,2.217353343963623,2.217320680618286,3.266334533691406e-05,16013.0035,16.2222,2264
1248,2.215247631072998,2.215214729309082,3.2901763916015625e-05,16029.057,16.05352,2282
1249,2.217255115509033,2.2172224521636963,3.266334533691406e-05,16044.4871,15.430094,2240
1250,2.2151780128479004,2.2151451110839844,3.2901763916015625e-05,16060.1601,15.672934,2276
1251,2.2172114849090576,2.2171788215637207,3.266334533691406e-05,16075.6786,15.518507,2246
1252,2.215125322341919,2.215092420578003,3.2901763916015625e-05,16091.573,15.894455,2294
1253,2.2171757221221924,2.2171430587768555,3.266334533691406e-05,16107.3571,15.784073,2264
1254,2.2150752544403076,2.2150423526763916,3.2901763916015625e-05,16122.4301,15.073017,2162
1255,2.2171216011047363,2.2170889377593994,3.266334533691406e-05,16137.8512,15.421069,2228
1256,2.2149922847747803,2.2149593830108643,3.2901763916015625e-05,16153.6893,15.838084,2288
1257,2.2170050144195557,2.2169723510742188,3.266334533691406e-05,16171.5527,17.863409,2270
1258,2.2148783206939697,2.2148454189300537,3.2901763916015625e-05,16187.3026,15.749969,2288
1259,2.2168827056884766,2.2168500423431396,3.266334533691406e-05,16203.0081,15.705493,2276
1260,2.2147839069366455,2.2147510051727295,3.2901763916015625e-05,16218.8687,15.860566,2300
1261,2.2168078422546387,2.2167751789093018,3.266334533691406e-05,16234.5836,15.714912,2270
1262,2.2147247791290283,2.2146918773651123,3.2901763916015625e-05,16250.4025,15.818911,2294
1263,2.2167670726776123,2.2167344093322754,3.266334533691406e-05,16266.2411,15.838554,2288
1264,2.2146618366241455,2.2146289348602295,3.2901763916015625e-05,16282.4874,16.246323,2312
1265,2.2166948318481445,2.2166621685028076,3.266334533691406e-05,16298.1669,15.679467,2270
1266,2.214580774307251,2.214547872543335,3.2901763916015625e-05,16314.4446,16.277742,2330
1267,2.216604232788086,2.216571569442749,3.266334533691406e-05,16330.2835,15.838913,2300
1268,2.2144925594329834,2.2144596576690674,3.2901763916015625e-05,16346.0714,15.787874,2300
1269,2.2165181636810303,2.2164855003356934,3.266334533691406e-05,16361.6822,15.61083,2264
1270,2.2144150733947754,2.2143821716308594,3.2901763916015625e-05,16378.009,16.326786,2306
1271,2.2164502143859863,2.2164175510406494,3.266334533691406e-05,16395.624,17.614967,2282
1272,2.2143514156341553,2.2143185138702393,3.2901763916015625e-05,16412.5574,16.933411,2318
1273,2.216400146484375,2.216367483139038,3.266334533691406e-05,16428.2505,15.693132,2276
1274,2.2142906188964844,2.2142577171325684,3.2901763916015625e-05,16445.176,16.925435,2318
1275,2.216334104537964,2.216301679611206,3.24249267578125e-05,16460.7545,15.578515,2276
1276,2.2142138481140137,2.2141809463500977,3.2901763916015625e-05,16476.6228,15.868319,2318
1277,2.216247797012329,2.2162153720855713,3.24249267578125e-05,16492.309,15.686179,2282
1278,2.214125394821167,2.214092493057251,3.2901763916015625e-05,16508.0964,15.787464,2306
1279,2.216158866882324,2.2161264419555664,3.24249267578125e-05,16523.777,15.680606,2282
1280,2.214043617248535,2.214010715484619,3.2901763916015625e-05,16539.8498,16.072732,2318
1281,2.2160825729370117,2.216050148010254,3.24249267578125e-05,16555.8395,15.989763,2300
1282,2.213972568511963,2.213939666748047,3.2901763916015625e-05,16571.7234,15.883858,2318
1283,2.2160186767578125,2.2159862518310547,3.24249267578125e-05,16587.6286,15.905222,2270
1284,2.213900327682495,2.213867664337158,3.266334533691406e-05,16603.2999,15.671234,2288
1285,2.215941905975342,2.215909481048584,3.24249267578125e-05,16618.8592,15.5593,2276
1286,2.2138237953186035,2.2137911319732666,3.266334533691406e-05,16634.5169,15.657794,2294
1287,2.2158591747283936,2.2158267498016357,3.24249267578125e-05,16650.2031,15.686126,2300
1288,2.2137346267700195,2.2137019634246826,3.266334533691406e-05,16665.8834,15.680345,2300
1289,2.215764284133911,2.2157318592071533,3.24249267578125e-05,16681.6514,15.76796,2288
1290,2.2136518955230713,2.2136192321777344,3.266334533691406e-05,16697.3747,15.723285,2288
1291,2.2156822681427,2.2156498432159424,3.24249267578125e-05,16713.5216,16.146971,2276
1292,2.213573932647705,2.213541269302368,3.266334533691406e-05,16730.1897,16.668074,2294
1293,2.215618133544922,2.215585708618164,3.24249267578125e-05,16746.5317,16.341969,2258
1294,2.213510036468506,2.213477373123169,3.266334533691406e-05,16762.3768,15.845081,2282
1295,2.2155611515045166,2.215528726577759,3.24249267578125e-05,16778.1419,15.765097,2276
1296,2.2134463787078857,2.213413715362549,3.266334533691406e-05,16794.1333,15.99148,2300
1297,2.215491533279419,2.215459108352661,3.24249267578125e-05,16809.9985,15.865181,2282
1298,2.213371753692627,2.21333909034729,3.266334533691406e-05,16825.9435,15.944947,2288
1299,2.2154133319854736,2.215380907058716,3.24249267578125e-05,16842.0057,16.062215,2306
1300,2.2132883071899414,2.2132556438446045,3.266334533691406e-05,16857.9678,15.962096,2276
1301,2.2153232097625732,2.2152907848358154,3.24249267578125e-05,16873.9048,15.937067,2288
1302,2.21319842338562,2.213165760040283,3.266334533691406e-05,16889.9662,16.061322,2300
1303,2.2152233123779297,2.215190887451172,3.24249267578125e-05,16906.7186,16.752479,2306
1304,2.2131128311157227,2.2130801677703857,3.266334533691406e-05,16923.14,16.421311,2306
1305,2.215150833129883,2.215118408203125,3.24249267578125e-05,16938.9766,15.836681,2318
1306,2.2130496501922607,2.213016986846924,3.266334533691406e-05,16956.0703,17.093663,2306
1307,2.215106725692749,2.215074300765991,3.24249267578125e-05,16971.8297,15.759434,2288
1308,2.2130038738250732,2.2129712104797363,3.266334533691406e-05,16987.8288,15.999056,2330
1309,2.215080976486206,2.2150485515594482,3.24249267578125e-05,17003.5362,15.707402,2294
1310,2.212956428527832,2.212923765182495,3.266334533691406e-05,17019.4262,15.890016,2318
1311,2.215027332305908,2.2149949073791504,3.24249267578125e-05,17035.0202,15.593962,2288
1312,2.212873935699463,2.212841272354126,3.266334533691406e-05,17050.7954,15.775204,2294
1313,2.2149100303649902,2.2148778438568115,3.218650817871094e-05,17066.5114,15.716072,2288
1314,2.2127633094787598,2.212730646133423,3.266334533691406e-05,17082.3904,15.878968,2336
1315,2.2147867679595947,2.214754581451416,3.218650817871094e-05,17098.5095,16.119102,2300
1316,2.212663412094116,2.2126307487487793,3.266334533691406e-05,17114.9754,16.465877,2318
1317,2.214691638946533,2.2146594524383545,3.218650817871094e-05,17134.0625,19.087091,2300
1318,2.2125887870788574,2.2125561237335205,3.266334533691406e-05,17150.1412,16.078754,2318
1319,2.2146387100219727,2.214606523513794,3.218650817871094e-05,17165.9609,15.819644,2300
1320,2.2125437259674072,2.2125110626220703,3.266334533691406e-05,17182.2072,16.246357,2324
1321,2.214625120162964,2.214592933654785,3.218650817871094e-05,17197.861,15.653743,2264
1322,2.212507486343384,2.212474822998047,3.266334533691406e-05,17214.1427,16.281697,2318
1323,2.214585304260254,2.214553117752075,3.218650817871094e-05,17230.055,15.912358,2306
1324,2.2124338150024414,2.2124013900756836,3.24249267578125e-05,17246.1973,16.142314,2330
1325,2.214482069015503,2.214449882507324,3.218650817871094e-05,17262.4059,16.208593,2312
1326,2.2123353481292725,2.2123029232025146,3.24249267578125e-05,17278.2781,15.872173,2306
1327,2.2143733501434326,2.214341163635254,3.218650817871094e-05,17294.1187,15.840578,2300
1328,2.2122373580932617,2.212204933166504,3.24249267578125e-05,17310.1521,16.033394,2318
1329,2.2142715454101562,2.2142393589019775,3.218650817871094e-05,17325.9354,15.783336,2288
1330,2.2121543884277344,2.2121219635009766,3.24249267578125e-05,17342.1245,16.189066,2330
1331,2.214205503463745,2.2141733169555664,3.218650817871094e-05,17358.0319,15.907439,2306
1332,2.212102174758911,2.2120697498321533,3.24249267578125e-05,17374.3163,16.284419,2324
1333,2.214179277420044,2.2141470909118652,3.218650817871094e-05,17390.2165,15.900186,2306
1334,2.2120578289031982,2.2120254039764404,3.24249267578125e-05,17406.2822,16.065652,2336
1335,2.2141387462615967,2.214106559753418,3.218650817871094e-05,17422.2344,15.952186,2306
1336,2.211996078491211,2.211963653564453,3.24249267578125e-05,17438.3201,16.085742,2324
1337,2.214064598083496,2.2140324115753174,3.218650817871094e-05,17454.2673,15.947166,2312
1338,2.2119102478027344,2.2118778228759766,3.24249267578125e-05,17470.2842,16.016963,2318
1339,2.213963747024536,2.2139315605163574,3.218650817871094e-05,17486.2015,15.917282,2288
1340,2.211820125579834,2.211787700653076,3.24249267578125e-05,17502.2647,16.063151,2336
1341,2.213871955871582,2.2138397693634033,3.218650817871094e-05,17517.9262,15.661533,2276
1342,2.211742639541626,2.211710214614868,3.24249267578125e-05,17534.0747,16.148529,2330
1343,2.2138068675994873,2.2137746810913086,3.218650817871094e-05,17549.9908,15.916079,2306
1344,2.211674451828003,2.211642026901245,3.24249267578125e-05,17566.1877,16.196883,2336
1345,2.2137372493743896,2.213705062866211,3.218650817871094e-05,17582.0875,15.899802,2300
1346,2.2116000652313232,2.2115676403045654,3.24249267578125e-05,17598.2512,16.163695,2342
1347,2.213660955429077,2.2136287689208984,3.218650817871094e-05,17614.2569,16.005685,2324
1348,2.2115259170532227,2.211493492126465,3.24249267578125e-05,17630.4536,16.196732,2330
1349,2.21358323097229,2.2135510444641113,3.218650817871094e-05,17646.426,15.972376,2324
1350,2.2114555835723877,2.21142315864563,3.24249267578125e-05,17662.5461,16.12013,2330
1351,2.2135214805603027,2.213489294052124,3.218650817871094e-05,17678.5245,15.97836,2324
1352,2.211390256881714,2.211357831954956,3.24249267578125e-05,17694.8267,16.302186,2336
1353,2.2134511470794678,2.213418960571289,3.218650817871094e-05,17711.0339,16.207252,2336
1354,2.211317777633667,2.211285352706909,3.24249267578125e-05,17727.1211,16.087169,2342
1355,2.213378667831421,2.2133467197418213,3.1948089599609375e-05,17743.2257,16.104645,2336
1356,2.211242914199829,2.2112104892730713,3.24249267578125e-05,17759.3849,16.159139,2342
1357,2.213303804397583,2.2132718563079834,3.1948089599609375e-05,17775.298,15.9131,2306
1358,2.2111735343933105,2.2111411094665527,3.24249267578125e-05,17791.7004,16.402454,2342
1359,2.2132468223571777,2.213214874267578,3.1948089599609375e-05,17807.7607,16.060305,2330
1360,2.2111129760742188,2.211080551147461,3.24249267578125e-05,17824.0162,16.255473,2348
1361,2.213190793991089,2.2131588459014893,3.1948089599609375e-05,17840.0245,16.008319,2318
1362,2.2110493183135986,2.211016893386841,3.24249267578125e-05,17856.116,16.091511,2318
1363,2.2131166458129883,2.2130846977233887,3.1948089599609375e-05,17872.2581,16.142044,2336
1364,2.210966110229492,2.2109339237213135,3.218650817871094e-05,17888.3656,16.107532,2336
1365,2.213024139404297,2.2129921913146973,3.1948089599609375e-05,17904.5487,16.183053,2342
1366,2.2108805179595947,2.210848331451416,3.218650817871094e-05,17920.6311,16.082438,2336
1367,2.212939977645874,2.2129080295562744,3.1948089599609375e-05,17936.7396,16.108475,2336
1368,2.2108094692230225,2.2107772827148438,3.218650817871094e-05,17952.826,16.086382,2336
1369,2.212881565093994,2.2128496170043945,3.1948089599609375e-05,17968.7418,15.915863,2318
1370,2.210750102996826,2.2107179164886475,3.218650817871094e-05,17984.8044,16.062592,2336
1371,2.21283221244812,2.2128002643585205,3.1948089599609375e-05,18001.0398,16.235351,2342
1372,2.2106924057006836,2.210660219192505,3.218650817871094e-05,18017.2055,16.16579,2330
1373,2.2127788066864014,2.2127468585968018,3.1948089599609375e-05,18033.1843,15.978715,2312
1374,2.21063232421875,2.2106001377105713,3.218650817871094e-05,18049.2765,16.092262,2330
1375,2.2127225399017334,2.212690591812134,3.1948089599609375e-05,18065.3177,16.041125,2330
1376,2.210566520690918,2.2105343341827393,3.218650817871094e-05,18081.6412,16.323505,2348
1377,2.2126400470733643,2.2126080989837646,3.1948089599609375e-05,18097.485,15.843806,2300
1378,2.2104718685150146,2.210439682006836,3.218650817871094e-05,18113.4301,15.945123,2330
1379,2.2125251293182373,2.2124931812286377,3.1948089599609375e-05,18129.4344,16.004302,2330
1380,2.2103757858276367,2.210343599319458,3.218650817871094e-05,18145.6476,16.213233,2336
1381,2.2124381065368652,2.2124061584472656,3.1948089599609375e-05,18161.6902,16.042558,2324
1382,2.210312604904175,2.210280418395996,3.218650817871094e-05,18177.7968,16.106669,2342
1383,2.212397336959839,2.2123653888702393,3.1948089599609375e-05,18193.8242,16.027385,2336
1384,2.210265874862671,2.210233688354492,3.218650817871094e-05,18209.9725,16.148303,2342
1385,2.2123589515686035,2.212327003479004,3.1948089599609375e-05,18225.953,15.980505,2324
1386,2.210214138031006,2.210181951522827,3.218650817871094e-05,18242.0904,16.137323,2342
1387,2.2123093605041504,2.212277412414551,3.1948089599609375e-05,18258.2419,16.151534,2336
1388,2.2101492881774902,2.2101171016693115,3.218650817871094e-05,18274.44,16.198058,2342
1389,2.212238311767578,2.2122063636779785,3.1948089599609375e-05,18290.5131,16.073151,2336
1390,2.2100729942321777,2.210040807723999,3.218650817871094e-05,18306.6902,16.17711,2342
1391,2.212149143218994,2.2121171951293945,3.1948089599609375e-05,18322.8995,16.209277,2336
1392,2.209986686706543,2.2099545001983643,3.218650817871094e-05,18339.0508,16.15132,2342
1393,2.2120535373687744,2.212021589279175,3.1948089599609375e-05,18355.0294,15.978621,2324
1394,2.209906578063965,2.209874391555786,3.218650817871094e-05,18371.194,16.164526,2354
1395,2.2119836807250977,2.211951971054077,3.170967102050781e-05,18387.4883,16.29436,2342
1396,2.2098450660705566,2.209812879562378,3.218650817871094e-05,18403.8184,16.330071,2354
1397,2.2119410037994385,2.211909294128418,3.170967102050781e-05,18419.8609,16.042488,2336
1398,2.2097983360290527,2.209766149520874,3.218650817871094e-05,18435.9975,16.136652,2342
1399,2.2119014263153076,2.211869716644287,3.170967102050781e-05,18452.0639,16.066386,2330
1400,2.2097384929656982,2.2097063064575195,3.218650817871094e-05,18468.3847,16.320756,2354
1401,2.211827278137207,2.2117955684661865,3.170967102050781e-05,18484.4294,16.044707,2330
1402,2.2096548080444336,2.209622621536255,3.218650817871094e-05,18500.6167,16.187315,2348
1403,2.2117297649383545,2.211698055267334,3.170967102050781e-05,18516.7083,16.091592,2336
1404,2.2095701694488525,2.209537982940674,3.218650817871094e-05,18532.9672,16.258922,2360
1405,2.2116527557373047,2.211621046066284,3.170967102050781e-05,18549.1732,16.206025,2354
1406,2.209503412246704,2.2094714641571045,3.1948089599609375e-05,18565.4581,16.284841,2366
1407,2.211601972579956,2.2115702629089355,3.170967102050781e-05,18581.6699,16.211864,2348
1408,2.2094509601593018,2.209419012069702,3.1948089599609375e-05,18598.0631,16.393157,2378
1409,2.211552858352661,2.2115211486816406,3.170967102050781e-05,18614.3445,16.281442,2360
1410,2.209392786026001,2.2093608379364014,3.1948089599609375e-05,18630.6332,16.288676,2354
1411,2.2114923000335693,2.211460590362549,3.170967102050781e-05,18646.895,16.261802,2348
1412,2.209321975708008,2.209290027618408,3.1948089599609375e-05,18663.0495,16.154525,2330
1413,2.21142578125,2.2113940715789795,3.170967102050781e-05,18679.3541,16.304556,2372
1414,2.209254741668701,2.2092227935791016,3.1948089599609375e-05,18695.8559,16.501829,2366
1415,2.211348533630371,2.2113168239593506,3.170967102050781e-05,18712.3644,16.508463,2336
1416,2.209179639816284,2.2091476917266846,3.1948089599609375e-05,18728.8458,16.481408,2360
1417,2.211272716522217,2.2112410068511963,3.170967102050781e-05,18745.1158,16.27004,2366
1418,2.2091140747070312,2.2090821266174316,3.1948089599609375e-05,18761.3507,16.234902,2360
1419,2.2112202644348145,2.211188554763794,3.170967102050781e-05,18777.6777,16.326935,2354
1420,2.2090530395507812,2.2090210914611816,3.1948089599609375e-05,18793.9302,16.252498,2366
1421,2.2111527919769287,2.211121082305908,3.170967102050781e-05,18810.0591,16.128887,2342
1422,2.208974599838257,2.2089426517486572,3.1948089599609375e-05,18826.3488,16.289745,2366
1423,2.211063861846924,2.2110321521759033,3.170967102050781e-05,18842.563,16.214225,2348
1424,2.2088985443115234,2.208866596221924,3.1948089599609375e-05,18858.9242,16.361182,2372
1425,2.21099853515625,2.2109668254852295,3.170967102050781e-05,18875.1044,16.180171,2348
1426,2.20884370803833,2.2088117599487305,3.1948089599609375e-05,18891.2498,16.145447,2348
1427,2.21095609664917,2.2109243869781494,3.170967102050781e-05,18907.5073,16.257506,2348
1428,2.2087910175323486,2.208759069442749,3.1948089599609375e-05,18923.2363,15.728956,2270
1429,2.210897922515869,2.2108662128448486,3.170967102050781e-05,18939.5596,16.323324,2348
1430,2.2087173461914062,2.2086853981018066,3.1948089599609375e-05,18956.2929,16.733336,2366
1431,2.2108097076416016,2.210777997970581,3.170967102050781e-05,18972.5943,16.301332,2366
1432,2.2086341381073,2.2086021900177,3.1948089599609375e-05,18989.0459,16.451638,2372
1433,2.2107341289520264,2.210702419281006,3.170967102050781e-05,19005.3137,16.267802,2360
1434,2.2085659503936768,2.208534002304077,3.1948089599609375e-05,19021.6023,16.288577,2366
1435,2.2106711864471436,2.210639476776123,3.170967102050781e-05,19038.0539,16.451607,2360
1436,2.208505392074585,2.2084734439849854,3.1948089599609375e-05,19054.3803,16.32635,2360
1437,2.210616111755371,2.2105844020843506,3.170967102050781e-05,19070.7665,16.3862,2378
1438,2.2084484100341797,2.20841646194458,3.1948089599609375e-05,19087.1162,16.349717,2360
1439,2.2105629444122314,2.21053147315979,3.147125244140625e-05,19103.4285,16.312306,2366
1440,2.208388566970825,2.2083566188812256,3.1948089599609375e-05,19119.7373,16.308841,2360
1441,2.2105016708374023,2.210470199584961,3.147125244140625e-05,19136.0138,16.276449,2366
1442,2.2083258628845215,2.208293914794922,3.1948089599609375e-05,19152.2605,16.246703,2360
1443,2.2104387283325195,2.210407257080078,3.147125244140625e-05,19168.5895,16.328992,2366
1444,2.2082571983337402,2.2082252502441406,3.1948089599609375e-05,19184.8677,16.278263,2360
1445,2.2103705406188965,2.210339069366455,3.147125244140625e-05,19201.3704,16.502689,2384
1446,2.2081854343414307,2.208153486251831,3.1948089599609375e-05,19217.6923,16.321853,2366
1447,2.2102885246276855,2.210257053375244,3.147125244140625e-05,19234.0773,16.385073,2372
1448,2.208104372024536,2.2080726623535156,3.170967102050781e-05,19250.5416,16.464239,2378
1449,2.2102017402648926,2.210170269012451,3.147125244140625e-05,19267.0,16.458412,2384
1450,2.2080326080322266,2.208000898361206,3.170967102050781e-05,19283.4799,16.479867,2366
1451,2.2101454734802246,2.210114002227783,3.147125244140625e-05,19300.0115,16.531596,2384
1452,2.2079813480377197,2.207949638366699,3.170967102050781e-05,19316.5146,16.503189,2378
1453,2.2101051807403564,2.210073709487915,3.147125244140625e-05,19332.8935,16.378862,2372
1454,2.2079262733459473,2.2078945636749268,3.170967102050781e-05,19349.2506,16.357059,2372
1455,2.2100467681884766,2.210015296936035,3.147125244140625e-05,19365.6929,16.442339,2366
1456,2.20786190032959,2.2078301906585693,3.170967102050781e-05,19382.2283,16.535352,2396
1457,2.209979295730591,2.2099478244781494,3.147125244140625e-05,19398.7592,16.530915,2378
1458,2.207794427871704,2.2077627182006836,3.170967102050781e-05,19415.2947,16.535555,2390
1459,2.209906578063965,2.2098751068115234,3.147125244140625e-05,19431.5883,16.293604,2360
1460,2.2077152729034424,2.207683563232422,3.170967102050781e-05,19448.0192,16.430835,2390
1461,2.209818124771118,2.2097866535186768,3.147125244140625e-05,19464.2926,16.273477,2366
1462,2.2076406478881836,2.207608938217163,3.170967102050781e-05,19480.8253,16.532627,2396
1463,2.2097535133361816,2.2097220420837402,3.147125244140625e-05,19497.2654,16.440136,2378
1464,2.207582950592041,2.2075512409210205,3.170967102050781e-05,19513.687,16.42158,2372
1465,2.2097036838531494,2.209672212600708,3.147125244140625e-05,19530.0126,16.325645,2366
1466,2.2075297832489014,2.207498073577881,3.170967102050781e-05,19546.4361,16.423473,2378
1467,2.209655523300171,2.2096240520477295,3.147125244140625e-05,19562.7866,16.350532,2342
1468,2.207474946975708,2.2074432373046875,3.170967102050781e-05,19579.2446,16.457976,2384
1469,2.2096071243286133,2.209575653076172,3.147125244140625e-05,19595.7945,16.549861,2372
1470,2.2074129581451416,2.207381248474121,3.170967102050781e-05,19612.2798,16.485283,2390
1471,2.2095305919647217,2.2094991207122803,3.147125244140625e-05,19628.7299,16.450148,2378
1472,2.2073299884796143,2.2072982788085938,3.170967102050781e-05,19645.1708,16.440876,2378
1473,2.2094340324401855,2.209402561187744,3.147125244140625e-05,19661.6348,16.464032,2384
1474,2.2072558403015137,2.207224130630493,3.170967102050781e-05,19678.1906,16.555819,2396
1475,2.209380865097046,2.2093493938446045,3.147125244140625e-05,19694.4577,16.2671,2360
1476,2.207206964492798,2.2071752548217773,3.170967102050781e-05,19711.0999,16.642129,2396
1477,2.2093520164489746,2.209320545196533,3.147125244140625e-05,19727.4039,16.303997,2372
1478,2.207162857055664,2.2071311473846436,3.170967102050781e-05,19743.7674,16.363509,2372
1479,2.2093021869659424,2.209270715713501,3.147125244140625e-05,19760.1255,16.358175,2366
1480,2.2070934772491455,2.207061767578125,3.170967102050781e-05,19776.528,16.40241,2390
1481,2.2092125415802,2.209181070327759,3.147125244140625e-05,19792.9237,16.3957,2372
1482,2.207005500793457,2.2069737911224365,3.170967102050781e-05,19809.3684,16.444757,2378
1483,2.2091073989868164,2.209076166152954,3.123283386230469e-05,19825.752,16.383555,2378
1484,2.2069225311279297,2.206890821456909,3.170967102050781e-05,19842.1585,16.4065,2378
1485,2.209043264389038,2.209012031555176,3.123283386230469e-05,19858.65,16.491585,2390
1486,2.206874370574951,2.2068426609039307,3.170967102050781e-05,19875.042,16.391945,2372
1487,2.2090251445770264,2.208993911743164,3.123283386230469e-05,19891.4425,16.400514,2366
1488,2.206848621368408,2.2068169116973877,3.170967102050781e-05,19907.8182,16.375736,2378
1489,2.2090117931365967,2.2089805603027344,3.123283386230469e-05,19924.2197,16.401493,2378
1490,2.2067978382110596,2.206766128540039,3.170967102050781e-05,19940.7414,16.521627,2378
1491,2.208928346633911,2.208897113800049,3.123283386230469e-05,19957.0558,16.314438,2366
1492,2.2067036628723145,2.206671953201294,3.170967102050781e-05,19973.632,16.57622,2378
1493,2.2088067531585693,2.208775520324707,3.123283386230469e-05,19990.046,16.413995,2372
1494,2.2066023349761963,2.206570863723755,3.147125244140625e-05,20006.3959,16.3499,2378
1495,2.2087061405181885,2.208674907684326,3.123283386230469e-05,20023.0513,16.655399,2396
1496,2.2065377235412598,2.2065062522888184,3.147125244140625e-05,20039.5103,16.458981,2390
1497,2.208683729171753,2.2086524963378906,3.123283386230469e-05,20055.81,16.299744,2372
1498,2.206519603729248,2.2064881324768066,3.147125244140625e-05,20072.3039,16.493844,2396
1499,2.208693265914917,2.2086620330810547,3.123283386230469e-05,20088.7572,16.453313,2384
1500,2.206491708755493,2.2064602375030518,3.147125244140625e-05,20105.6399,16.882696,2396
1501,2.208648681640625,2.2086174488067627,3.123283386230469e-05,20122.1172,16.477293,2372
1502,2.2064156532287598,2.2063841819763184,3.147125244140625e-05,20138.7203,16.603093,2408
1503,2.2085416316986084,2.208510398864746,3.123283386230469e-05,20155.2018,16.48154,2390
1504,2.2063188552856445,2.206287384033203,3.147125244140625e-05,20171.8359,16.634036,2396
1505,2.208435297012329,2.208404064178467,3.123283386230469e-05,20188.4646,16.628752,2396
1506,2.2062337398529053,2.206202268600464,3.147125244140625e-05,20204.9739,16.509317,2402
1507,2.2083628177642822,2.20833158493042,3.123283386230469e-05,20221.3622,16.38826,2384
1508,2.2061800956726074,2.206148624420166,3.147125244140625e-05,20237.9306,16.568415,2408
1509,2.2083346843719482,2.208303451538086,3.123283386230469e-05,20254.4912,16.56063,2402
1510,2.206153392791748,2.2061219215393066,3.147125244140625e-05,20270.9829,16.491708,2402
1511,2.2083263397216797,2.2082951068878174,3.123283386230469e-05,20287.4215,16.438529,2390
1512,2.2061104774475098,2.2060790061950684,3.147125244140625e-05,20303.9027,16.481255,2378
1513,2.2082622051239014,2.208230972290039,3.123283386230469e-05,20320.534,16.631292,2402
1514,2.2060256004333496,2.205994129180908,3.147125244140625e-05,20337.0593,16.525249,2372
1515,2.2081472873687744,2.208116054534912,3.123283386230469e-05,20353.5536,16.494333,2390
1516,2.20592999458313,2.2058985233306885,3.147125244140625e-05,20370.1335,16.579941,2390
1517,2.208054780960083,2.2080235481262207,3.123283386230469e-05,20386.6975,16.563968,2390
1518,2.2058682441711426,2.205836772918701,3.147125244140625e-05,20403.1049,16.407348,2378
1519,2.2080295085906982,2.207998275756836,3.123283386230469e-05,20419.5562,16.451372,2402
1520,2.2058444023132324,2.205812931060791,3.147125244140625e-05,20436.0299,16.473694,2384
1521,2.2080254554748535,2.207994222640991,3.123283386230469e-05,20452.5751,16.545158,2396
1522,2.2058026790618896,2.2057712078094482,3.147125244140625e-05,20469.106,16.53091,2378
1523,2.2079548835754395,2.207923650741577,3.123283386230469e-05,20485.7585,16.652497,2396
1524,2.205713987350464,2.2056825160980225,3.147125244140625e-05,20502.2389,16.480446,2402
1525,2.2078418731689453,2.207810640335083,3.123283386230469e-05,20518.8144,16.575451,2402
1526,2.2056221961975098,2.2055907249450684,3.147125244140625e-05,20535.2454,16.431028,2402
1527,2.2077510356903076,2.2077198028564453,3.123283386230469e-05,20551.8827,16.637282,2408
1528,2.2055578231811523,2.205526351928711,3.147125244140625e-05,20568.4716,16.588929,2396
1529,2.207711935043335,2.2076809406280518,3.0994415283203125e-05,20585.0785,16.606897,2408
1530,2.205523729324341,2.2054922580718994,3.147125244140625e-05,20601.5631,16.484552,2390
1531,2.207698106765747,2.207667112350464,3.0994415283203125e-05,20618.1464,16.583302,2414
1532,2.205486536026001,2.2054550647735596,3.147125244140625e-05,20634.6038,16.457421,2384
1533,2.2076597213745117,2.2076287269592285,3.0994415283203125e-05,20651.2473,16.64355,2396
1534,2.20542311668396,2.2053916454315186,3.147125244140625e-05,20667.8314,16.584072,2414
1535,2.2075722217559814,2.2075412273406982,3.0994415283203125e-05,20684.2971,16.465702,2396
1536,2.2053372859954834,2.205305814743042,3.147125244140625e-05,20700.9091,16.612006,2402
1537,2.2074739933013916,2.2074429988861084,3.0994415283203125e-05,20717.5249,16.615799,2396
1538,2.205258369445801,2.2052271366119385,3.123283386230469e-05,20734.1182,16.593323,2408
1539,2.207406759262085,2.2073757648468018,3.0994415283203125e-05,20750.6787,16.560478,2402
1540,2.205209732055664,2.2051784992218018,3.123283386230469e-05,20767.3363,16.657578,2396
1541,2.2073843479156494,2.207353353500366,3.0994415283203125e-05,20784.0546,16.718267,2402
1542,2.205179214477539,2.2051479816436768,3.123283386230469e-05,20800.8301,16.775581,2414
1543,2.2073681354522705,2.2073371410369873,3.0994415283203125e-05,20817.4348,16.604608,2408
1544,2.2051334381103516,2.2051022052764893,3.123283386230469e-05,20834.0414,16.606694,2408
1545,2.2073071002960205,2.2072761058807373,3.0994415283203125e-05,20850.5133,16.471834,2402
1546,2.2050540447235107,2.2050228118896484,3.123283386230469e-05,20867.2189,16.705609,2420
1547,2.2071938514709473,2.207162857055664,3.0994415283203125e-05,20883.8769,16.657962,2408
1548,2.2049601078033447,2.2049288749694824,3.123283386230469e-05,20900.466,16.589098,2408
1549,2.2070982456207275,2.2070672512054443,3.0994415283203125e-05,20916.9967,16.530768,2402
1550,2.204890727996826,2.204859495162964,3.123283386230469e-05,20933.5872,16.590509,2402
1551,2.207049608230591,2.2070186138153076,3.0994415283203125e-05,20950.3502,16.762994,2414
1552,2.2048490047454834,2.204817771911621,3.123283386230469e-05,20967.0067,16.656496,2408
1553,2.2070345878601074,2.207003593444824,3.0994415283203125e-05,20983.6249,16.618203,2402
1554,2.2048182487487793,2.204787015914917,3.123283386230469e-05,21000.2022,16.577268,2402
1555,2.2069995403289795,2.2069685459136963,3.0994415283203125e-05,21016.7486,16.5464,2402
1556,2.2047600746154785,2.204728841781616,3.123283386230469e-05,21033.0386,16.290003,2360
1557,2.2069284915924072,2.206897497177124,3.0994415283203125e-05,21049.6322,16.59363,2408
1558,2.204684257507324,2.204653024673462,3.123283386230469e-05,21066.1858,16.553537,2402
1559,2.2068395614624023,2.206808567047119,3.0994415283203125e-05,21082.935,16.749276,2390
1560,2.204610586166382,2.2045793533325195,3.123283386230469e-05,21099.6622,16.727131,2408
1561,2.2067723274230957,2.2067413330078125,3.0994415283203125e-05,21116.3311,16.668959,2402
1562,2.2045557498931885,2.204524517059326,3.123283386230469e-05,21132.7842,16.453038,2396
1563,2.206732988357544,2.2067019939422607,3.0994415283203125e-05,21149.4214,16.637258,2408
1564,2.204514265060425,2.2044830322265625,3.123283386230469e-05,21166.0327,16.611248,2402
1565,2.206709861755371,2.206678867340088,3.0994415283203125e-05,21182.6772,16.644528,2420
1566,2.204474687576294,2.2044434547424316,3.123283386230469e-05,21199.2334,16.556172,2396
1567,2.2066681385040283,2.206637144088745,3.0994415283203125e-05,21215.9331,16.699748,2408
1568,2.2044131755828857,2.2043819427490234,3.123283386230469e-05,21232.4944,16.561298,2420
1569,2.2065863609313965,2.2065553665161133,3.0994415283203125e-05,21249.0218,16.527375,2402
1570,2.2043349742889404,2.204303741455078,3.123283386230469e-05,21265.6573,16.635481,2408
1571,2.206500291824341,2.2064692974090576,3.0994415283203125e-05,21282.076,16.418703,2372
1572,2.2042593955993652,2.204228162765503,3.123283386230469e-05,21298.782,16.70607,2420
1573,2.2064290046691895,2.2063980102539062,3.0994415283203125e-05,21315.5173,16.735239,2414
1574,2.20420503616333,2.2041738033294678,3.123283386230469e-05,21331.9723,16.454983,2384
1575,2.2063958644866943,2.2063651084899902,3.075599670410156e-05,21348.6197,16.647471,2426
1576,2.2041635513305664,2.204132318496704,3.123283386230469e-05,21365.1869,16.567146,2408
1577,2.206353187561035,2.206322431564331,3.075599670410156e-05,21381.8248,16.637903,2408
1578,2.204105854034424,2.2040746212005615,3.123283386230469e-05,21398.6133,16.788553,2414
1579,2.2062876224517822,2.206256866455078,3.075599670410156e-05,21415.2602,16.646897,2420
1580,2.20404052734375,2.2040092945098877,3.123283386230469e-05,21432.1192,16.858941,2420
1581,2.20621919631958,2.206188440322876,3.075599670410156e-05,21448.8721,16.752919,2426
1582,2.2039778232574463,2.203946590423584,3.123283386230469e-05,21465.5551,16.683026,2414
1583,2.2061574459075928,2.2061266899108887,3.075599670410156e-05,21482.1856,16.630502,2426
1584,2.2039196491241455,2.203888416290283,3.123283386230469e-05,21498.8847,16.699097,2420
1585,2.2061121463775635,2.2060813903808594,3.075599670410156e-05,21515.5256,16.640873,2408
1586,2.203871488571167,2.203840494155884,3.0994415283203125e-05,21532.2737,16.748077,2426
1587,2.2060623168945312,2.206031560897827,3.075599670410156e-05,21549.0869,16.813226,2432
1588,2.2038156986236572,2.203784704208374,3.0994415283203125e-05,21565.788,16.701112,2414
1589,2.206005334854126,2.205974578857422,3.075599670410156e-05,21582.7195,16.931512,2426
1590,2.2037549018859863,2.203723907470703,3.0994415283203125e-05,21599.6403,16.920779,2444
1591,2.2059414386749268,2.2059106826782227,3.075599670410156e-05,21616.3997,16.759437,2426
1592,2.2036917209625244,2.203660726547241,3.0994415283203125e-05,21633.1798,16.780042,2426
1593,2.205875873565674,2.2058451175689697,3.075599670410156e-05,21649.835,16.655196,2414
1594,2.2036335468292236,2.2036025524139404,3.0994415283203125e-05,21666.613,16.778042,2420
1595,2.205824851989746,2.205794095993042,3.075599670410156e-05,21683.3845,16.771478,2426
1596,2.2035763263702393,2.203545331954956,3.0994415283203125e-05,21700.0676,16.683055,2420
1597,2.2057607173919678,2.2057299613952637,3.075599670410156e-05,21716.7474,16.6798,2414
1598,2.2035114765167236,2.2034804821014404,3.0994415283203125e-05,21733.4123,16.664957,2414
1599,2.205693006515503,2.205662250518799,3.075599670410156e-05,21750.2081,16.795814,2432
1600,2.2034521102905273,2.203421115875244,3.0994415283203125e-05,21766.8766,16.668444,2414
1601,2.2056493759155273,2.2056186199188232,3.075599670410156e-05,21783.5535,16.676927,2408
1602,2.203413248062134,2.2033822536468506,3.0994415283203125e-05,21800.2734,16.719955,2414
1603,2.2056169509887695,2.2055861949920654,3.075599670410156e-05,21817.0479,16.774419,2432
1604,2.2033579349517822,2.203326940536499,3.0994415283203125e-05,21833.863,16.815135,2426
1605,2.2055552005767822,2.205524444580078,3.075599670410156e-05,21850.7964,16.9334,2432
1606,2.20328950881958,2.203258514404297,3.0994415283203125e-05,21867.6637,16.867254,2438
1607,2.205471992492676,2.2054412364959717,3.075599670410156e-05,21884.4945,16.830837,2426
1608,2.203219413757324,2.203188419342041,3.0994415283203125e-05,21901.3245,16.829984,2420
1609,2.2054121494293213,2.205381393432617,3.075599670410156e-05,21918.3423,17.017829,2438
1610,2.2031688690185547,2.2031378746032715,3.0994415283203125e-05,21935.0994,16.757077,2426
1611,2.205366611480713,2.205335855484009,3.075599670410156e-05,21951.9839,16.884531,2444
1612,2.203120708465576,2.203089714050293,3.0994415283203125e-05,21968.9422,16.958325,2438
1613,2.2053298950195312,2.205299139022827,3.075599670410156e-05,21985.8971,16.954874,2438
1614,2.203077554702759,2.2030465602874756,3.0994415283203125e-05,22003.5794,17.682307,2444
1615,2.2052907943725586,2.2052600383758545,3.075599670410156e-05,22030.0031,26.42364,2456
1616,2.203021764755249,2.202990770339966,3.0994415283203125e-05,22047.0938,17.09071,2438
1617,2.2052197456359863,2.2051889896392822,3.075599670410156e-05,22064.4009,17.307104,2444
1618,2.20294451713562,2.202913522720337,3.0994415283203125e-05,22087.7155,23.314589,2414
1619,2.205127716064453,2.205096960067749,3.075599670410156e-05,22119.0188,31.303344,2426
1620,2.202876091003418,2.2028450965881348,3.0994415283203125e-05,22136.6838,17.664988,2432
1621,2.2050771713256836,2.2050464153289795,3.075599670410156e-05,22154.1871,17.503313,2432
1622,2.2028331756591797,2.2028021812438965,3.0994415283203125e-05,22170.7796,16.592528,2438
1623,2.2050492763519287,2.2050187587738037,3.0517578125e-05,22187.389,16.609322,2438
1624,2.2027933597564697,2.2027623653411865,3.0994415283203125e-05,22205.3513,17.962327,2450
1625,2.205014944076538,2.204984426498413,3.0517578125e-05,22222.7306,17.379357,2426
1626,2.202735662460327,2.202704668045044,3.0994415283203125e-05,22239.2271,16.496432,2420
1627,2.204932451248169,2.204901933670044,3.0517578125e-05,22256.0552,16.828107,2432
1628,2.2026567459106445,2.2026257514953613,3.0994415283203125e-05,22272.6348,16.57959,2444
1629,2.2048444747924805,2.2048139572143555,3.0517578125e-05,22289.2982,16.663423,2432
1630,2.2025928497314453,2.202561855316162,3.0994415283203125e-05,22305.8807,16.582482,2450
1631,2.2048017978668213,2.2047712802886963,3.0517578125e-05,22322.9197,17.039037,2426
1632,2.2025516033172607,2.2025206089019775,3.0994415283203125e-05,22340.7986,17.878841,2444
1633,2.2047739028930664,2.2047433853149414,3.0517578125e-05,22357.6464,16.847838,2438
1634,2.2025086879730225,2.2024779319763184,3.075599670410156e-05,22374.4563,16.809888,2432
1635,2.2047245502471924,2.2046940326690674,3.0517578125e-05,22390.9983,16.542021,2426
1636,2.2024457454681396,2.2024149894714355,3.075599670410156e-05,22407.681,16.682678,2438
1637,2.2046449184417725,2.2046144008636475,3.0517578125e-05,22424.2686,16.587608,2414
1638,2.2023732662200928,2.2023425102233887,3.075599670410156e-05,22441.0809,16.812361,2444
1639,2.2045722007751465,2.2045416831970215,3.0517578125e-05,22457.5734,16.492404,2414
1640,2.202315330505371,2.202284574508667,3.075599670410156e-05,22474.2922,16.718843,2438
1641,2.20453143119812,2.204500913619995,3.0517578125e-05,22491.0639,16.771694,2432
1642,2.202282190322876,2.202251434326172,3.075599670410156e-05,22507.8518,16.787893,2450
1643,2.2045178413391113,2.2044873237609863,3.0517578125e-05,22524.4363,16.584538,2420
1644,2.202244520187378,2.202213764190674,3.075599670410156e-05,22541.2395,16.803173,2456
1645,2.204469919204712,2.204439401626587,3.0517578125e-05,22558.4368,17.197318,2450
1646,2.202178716659546,2.202147960662842,3.075599670410156e-05,22575.3591,16.922254,2444
1647,2.2043864727020264,2.2043559551239014,3.0517578125e-05,22593.2452,17.886101,2456
1648,2.202096462249756,2.2020657062530518,3.075599670410156e-05,22610.1078,16.862634,2450
1649,2.204296350479126,2.204265832901001,3.0517578125e-05,22626.6636,16.555798,2420
1650,2.202031373977661,2.202000617980957,3.075599670410156e-05,22643.3885,16.724913,2438
1651,2.2042438983917236,2.2042133808135986,3.0517578125e-05,22660.3007,16.912191,2468
1652,2.2019917964935303,2.201961040496826,3.075599670410156e-05,22677.026,16.725251,2432
1653,2.2042274475097656,2.2041969299316406,3.0517578125e-05,22693.783,16.757053,2438
1654,2.2019619941711426,2.2019312381744385,3.075599670410156e-05,22710.8547,17.071705,2456
1655,2.2041983604431152,2.2041678428649902,3.0517578125e-05,22727.8226,16.967935,2456
1656,2.2019107341766357,2.2018799781799316,3.075599670410156e-05,22744.7107,16.888013,2456
1657,2.2041358947753906,2.2041053771972656,3.0517578125e-05,22761.419,16.708371,2432
1658,2.20184326171875,2.201812505722046,3.075599670410156e-05,22778.3067,16.887674,2462
1659,2.20406174659729,2.204031229019165,3.0517578125e-05,22795.3465,17.039798,2462
1660,2.2017815113067627,2.2017507553100586,3.075599670410156e-05,22812.3758,17.029295,2456
1661,2.203995704650879,2.203965187072754,3.0517578125e-05,22829.1774,16.801631,2456
1662,2.2017226219177246,2.2016918659210205,3.075599670410156e-05,22846.0622,16.884771,2462
1663,2.203949213027954,2.203918695449829,3.0517578125e-05,22863.0962,17.034037,2462
1664,2.201676607131958,2.201645851135254,3.075599670410156e-05,22880.0126,16.916406,2444
1665,2.203916311264038,2.203885793685913,3.0517578125e-05,22896.9438,16.931116,2462
1666,2.201634168624878,2.201603412628174,3.075599670410156e-05,22913.8272,16.883445,2444
1667,2.203873872756958,2.203843355178833,3.0517578125e-05,22930.7337,16.906462,2456
1668,2.201582670211792,2.201551914215088,3.075599670410156e-05,22947.6382,16.904563,2462
1669,2.203813314437866,2.203782796859741,3.0517578125e-05,22964.4478,16.809526,2414
1670,2.201512575149536,2.201481819152832,3.075599670410156e-05,22981.2312,16.783408,2444
1671,2.2037250995635986,2.2036945819854736,3.0517578125e-05,22998.0683,16.837092,2456
1672,2.201439619064331,2.201408863067627,3.075599670410156e-05,23016.8658,18.797573,2432
1673,2.2036588191986084,2.2036285400390625,3.0279159545898438e-05,23033.6858,16.819954,2462
1674,2.2013981342315674,2.2013673782348633,3.075599670410156e-05,23050.5919,16.906091,2456
1675,2.2036499977111816,2.2036197185516357,3.0279159545898438e-05,23067.4729,16.881038,2462
1676,2.201371431350708,2.201340675354004,3.075599670410156e-05,23084.3986,16.925649,2468
1677,2.2036216259002686,2.2035913467407227,3.0279159545898438e-05,23101.2558,16.857196,2450
1678,2.201310873031616,2.201280117034912,3.075599670410156e-05,23118.3226,17.066895,2474
1679,2.203536033630371,2.203505754470825,3.0279159545898438e-05,23135.171,16.848302,2444
1680,2.2012312412261963,2.201200485229492,3.075599670410156e-05,23151.9895,16.818523,2450
1681,2.2034380435943604,2.2034077644348145,3.0279159545898438e-05,23168.9365,16.947038,2462
1682,2.2011587619781494,2.2011282444000244,3.0517578125e-05,23185.9318,16.995308,2450
1683,2.2033815383911133,2.2033512592315674,3.0279159545898438e-05,23202.8264,16.894557,2444
1684,2.2011141777038574,2.2010836601257324,3.0517578125e-05,23219.6681,16.841702,2468
1685,2.203359365463257,2.203329086303711,3.0279159545898438e-05,23236.472,16.803939,2462
1686,2.2010810375213623,2.2010505199432373,3.0517578125e-05,23253.4321,16.960129,2474
1687,2.203336715698242,2.2033064365386963,3.0279159545898438e-05,23270.3478,16.915655,2462
1688,2.201042890548706,2.201012372970581,3.0517578125e-05,23287.2719,16.924074,2468
1689,2.2032887935638428,2.203258514404297,3.0279159545898438e-05,23304.0887,16.816821,2456
1690,2.200989007949829,2.200958490371704,3.0517578125e-05,23321.0582,16.969523,2480
1691,2.203228712081909,2.2031984329223633,3.0279159545898438e-05,23337.8694,16.811131,2462
1692,2.200928211212158,2.200897693634033,3.0517578125e-05,23354.9537,17.084309,2486
1693,2.2031683921813965,2.2031381130218506,3.0279159545898438e-05,23371.8487,16.895006,2462
1694,2.2008728981018066,2.2008423805236816,3.0517578125e-05,23388.8797,17.031065,2474
1695,2.2031190395355225,2.2030887603759766,3.0279159545898438e-05,23405.8306,16.950892,2468
1696,2.200819730758667,2.200789213180542,3.0517578125e-05,23422.8526,17.021933,2462
1697,2.203066349029541,2.203036069869995,3.0279159545898438e-05,23439.6957,16.843115,2462
1698,2.200760841369629,2.200730323791504,3.0517578125e-05,23456.5396,16.843925,2462
1699,2.202993631362915,2.202963352203369,3.0279159545898438e-05,23473.4909,16.951315,2468
1700,2.200700521469116,2.200670003890991,3.0517578125e-05,23490.4822,16.99128,2468
1701,2.2029435634613037,2.202913284301758,3.0279159545898438e-05,23507.5907,17.108491,2468
1702,2.2006583213806152,2.2006278038024902,3.0517578125e-05,23524.5717,16.980999,2474
1703,2.2029225826263428,2.202892303466797,3.0279159545898438e-05,23541.4604,16.888743,2462
1704,2.2006263732910156,2.2005958557128906,3.0517578125e-05,23557.9321,16.471628,2396
1705,2.2028889656066895,2.2028586864471436,3.0279159545898438e-05,23574.9134,16.981348,2468
1706,2.2005739212036133,2.2005434036254883,3.0517578125e-05,23591.6951,16.781717,2450
1707,2.202824354171753,2.202794075012207,3.0279159545898438e-05,23608.6394,16.944275,2468
1708,2.2005040645599365,2.2004735469818115,3.0517578125e-05,23625.4951,16.855661,2450
1709,2.2027416229248047,2.202711343765259,3.0279159545898438e-05,23642.4308,16.935772,2468
1710,2.200436592102051,2.200406074523926,3.0517578125e-05,23659.4824,17.051529,2468
1711,2.2026827335357666,2.2026524543762207,3.0279159545898438e-05,23676.4476,16.965253,2474
1712,2.2003891468048096,2.2003586292266846,3.0517578125e-05,23693.3861,16.938457,2462
1713,2.2026429176330566,2.2026126384735107,3.0279159545898438e-05,23710.2311,16.845049,2450
1714,2.2003443241119385,2.2003138065338135,3.0517578125e-05,23727.2765,17.04541,2486
1715,2.2026002407073975,2.2025699615478516,3.0279159545898438e-05,23744.3436,17.067035,2474
1716,2.20029616355896,2.200265645980835,3.0517578125e-05,23761.2587,16.915188,2462
1717,2.20255446434021,2.202524185180664,3.0279159545898438e-05,23778.2188,16.960096,2462
1718,2.2002389430999756,2.2002084255218506,3.0517578125e-05,23795.3226,17.103728,2468
1719,2.202495574951172,2.202465295791626,3.0279159545898438e-05,23812.2985,16.975976,2468
1720,2.2001900672912598,2.2001595497131348,3.0517578125e-05,23829.2508,16.952298,2468
1721,2.2024476528167725,2.2024173736572266,3.0279159545898438e-05,23845.9825,16.7317,2438
1722,2.200134515762329,2.200103998184204,3.0517578125e-05,23862.9536,16.971083,2474
1723,2.2023873329162598,2.202357292175293,3.0040740966796875e-05,23879.8329,16.879277,2468
1724,2.200076103210449,2.200045585632324,3.0517578125e-05,23896.3856,16.552724,2414
1725,2.202326774597168,2.202296733856201,3.0040740966796875e-05,23913.4038,17.01815,2468
1726,2.200025796890259,2.199995279312134,3.0517578125e-05,23930.3804,16.976639,2480
1727,2.20229172706604,2.2022616863250732,3.0040740966796875e-05,23947.3174,16.937022,2468
1728,2.19999098777771,2.199960470199585,3.0517578125e-05,23964.5089,17.191428,2492
1729,2.2022716999053955,2.2022416591644287,3.0040740966796875e-05,23981.4142,16.90535,2462
1730,2.199955701828003,2.199925184249878,3.0517578125e-05,23998.4563,17.042116,2480
1731,2.202226400375366,2.2021963596343994,3.0040740966796875e-05,24015.3482,16.891854,2456
1732,2.19989275932312,2.199862480163574,3.0279159545898438e-05,24032.4085,17.060347,2480
1733,2.2021470069885254,2.2021169662475586,3.0040740966796875e-05,24049.4231,17.014531,2480
1734,2.1998183727264404,2.1997880935668945,3.0279159545898438e-05,24066.4222,16.999084,2480
1735,2.2020602226257324,2.2020301818847656,3.0040740966796875e-05,24083.5165,17.094328,2474
1736,2.1997487545013428,2.199718475341797,3.0279159545898438e-05,24100.3488,16.832317,2462
1737,2.201995372772217,2.20196533203125,3.0040740966796875e-05,24117.2798,16.930972,2468
1738,2.199697494506836,2.19966721534729,3.0279159545898438e-05,24134.3773,17.097491,2480
1739,2.2019591331481934,2.2019290924072266,3.0040740966796875e-05,24151.3398,16.962519,2474
1740,2.1996724605560303,2.1996421813964844,3.0279159545898438e-05,24168.3759,17.036159,2486
1741,2.2019686698913574,2.2019386291503906,3.0040740966796875e-05,24185.3175,16.941557,2480
1742,2.1996545791625977,2.1996243000030518,3.0279159545898438e-05,24202.1768,16.85929,2468
1743,2.2019381523132324,2.2019081115722656,3.0040740966796875e-05,24219.1157,16.93893,2474
1744,2.199596643447876,2.19956636428833,3.0279159545898438e-05,24236.1036,16.987888,2474
1745,2.2018585205078125,2.2018284797668457,3.0040740966796875e-05,24252.9814,16.877844,2468
1746,2.1995127201080322,2.1994824409484863,3.0279159545898438e-05,24270.0813,17.099853,2480
1747,2.201756000518799,2.201725959777832,3.0040740966796875e-05,24287.055,16.973661,2468
1748,2.1994385719299316,2.1994082927703857,3.0279159545898438e-05,24303.994,16.939044,2474
1749,2.201691150665283,2.2016611099243164,3.0040740966796875e-05,24321.0908,17.096821,2486
1750,2.1993937492370605,2.1993634700775146,3.0279159545898438e-05,24338.004,16.913161,2462
1751,2.201671838760376,2.201641798019409,3.0040740966796875e-05,24355.0435,17.039548,2480
1752,2.199369192123413,2.199338912963867,3.0279159545898438e-05,24372.0204,16.976875,2486
1753,2.2016611099243164,2.2016310691833496,3.0040740966796875e-05,24389.1008,17.080375,2480
1754,2.199342727661133,2.199312448501587,3.0279159545898438e-05,24406.2497,17.148904,2492
1755,2.2016355991363525,2.2016055583953857,3.0040740966796875e-05,24423.3205,17.070861,2486
1756,2.199296236038208,2.199265956878662,3.0279159545898438e-05,24440.3333,17.012718,2468
1757,2.2015671730041504,2.2015371322631836,3.0040740966796875e-05,24457.2595,16.926228,2474
1758,2.1992197036743164,2.1991894245147705,3.0279159545898438e-05,24474.3382,17.078684,2486
1759,2.2014665603637695,2.2014365196228027,3.0040740966796875e-05,24491.2963,16.958117,2480
1760,2.199141025543213,2.199110746383667,3.0279159545898438e-05,24508.2336,16.937326,2492
1761,2.201399803161621,2.2013697624206543,3.0040740966796875e-05,24525.2889,17.055291,2480
1762,2.1990933418273926,2.1990630626678467,3.0279159545898438e-05,24542.2813,16.992358,2486
1763,2.2013728618621826,2.201342821121216,3.0040740966796875e-05,24559.3044,17.02315,2486
1764,2.1990606784820557,2.1990303993225098,3.0279159545898438e-05,24576.3815,17.077082,2492
1765,2.201350688934326,2.2013206481933594,3.0040740966796875e-05,24593.6379,17.256388,2486
1766,2.1990244388580322,2.1989941596984863,3.0279159545898438e-05,24610.7389,17.100967,2498
1767,2.2013099193573,2.201279878616333,3.0040740966796875e-05,24627.8554,17.116573,2492
1768,2.1989798545837402,2.1989495754241943,3.0279159545898438e-05,24644.794,16.938548,2480
1769,2.201265573501587,2.20123553276062,3.0040740966796875e-05,24661.7344,16.940407,2468
1770,2.198934316635132,2.198904037475586,3.0279159545898438e-05,24678.7587,17.024266,2492
1771,2.2012219429016113,2.2011919021606445,3.0040740966796875e-05,24695.8042,17.045571,2474
1772,2.1988723278045654,2.1988420486450195,3.0279159545898438e-05,24712.8622,17.058012,2492
1773,2.2011427879333496,2.201112747192383,3.0040740966796875e-05,24729.9343,17.072032,2492
1774,2.198802947998047,2.198772668838501,3.0279159545898438e-05,24747.211,17.276718,2504
1775,2.2010719776153564,2.2010421752929688,2.9802322387695312e-05,24764.2602,17.049197,2498
1776,2.1987497806549072,2.1987195014953613,3.0279159545898438e-05,24781.5067,17.246488,2510
1777,2.201033353805542,2.2010035514831543,2.9802322387695312e-05,24798.5566,17.049948,2486
1778,2.198721170425415,2.198690891265869,3.0279159545898438e-05,24815.7005,17.143912,2498
1779,2.2010326385498047,2.201002836227417,2.9802322387695312e-05,24832.8091,17.108583,2498
1780,2.198694944381714,2.198664665222168,3.0279159545898438e-05,24849.9556,17.146481,2498
1781,2.2009871006011963,2.2009572982788086,2.9802322387695312e-05,24867.1637,17.208065,2486
1782,2.198639154434204,2.1986091136932373,3.0040740966796875e-05,24884.1184,16.954773,2480
1783,2.2009241580963135,2.200894355773926,2.9802322387695312e-05,24901.2667,17.148287,2486
1784,2.1985862255096436,2.1985561847686768,3.0040740966796875e-05,24918.4167,17.149938,2498
1785,2.2008755207061768,2.200845718383789,2.9802322387695312e-05,24935.5756,17.158985,2492
1786,2.198526382446289,2.1984963417053223,3.0040740966796875e-05,24952.477,16.901372,2462
1787,2.2008039951324463,2.2007741928100586,2.9802322387695312e-05,24969.5022,17.025155,2486
1788,2.198460817337036,2.1984307765960693,3.0040740966796875e-05,24986.852,17.349855,2510
1789,2.200737237930298,2.20070743560791,2.9802322387695312e-05,25003.9852,17.133137,2492
1790,2.1984169483184814,2.1983869075775146,3.0040740966796875e-05,25021.0969,17.111757,2492
1791,2.2007181644439697,2.200688362121582,2.9802322387695312e-05,25037.9383,16.841428,2450
1792,2.198392868041992,2.1983628273010254,3.0040740966796875e-05,25055.3185,17.380107,2516
1793,2.2007083892822266,2.200678586959839,2.9802322387695312e-05,25071.9318,16.613311,2420
1794,2.198354959487915,2.1983249187469482,3.0040740966796875e-05,25088.8633,16.931579,2480
1795,2.200657367706299,2.200627565383911,2.9802322387695312e-05,25105.8874,17.024091,2486
1796,2.1982955932617188,2.198265552520752,3.0040740966796875e-05,25122.83,16.942606,2504
1797,2.200577735900879,2.200547933578491,2.9802322387695312e-05,25139.906,17.075954,2492
1798,2.1982243061065674,2.1981942653656006,3.0040740966796875e-05,25156.9845,17.078547,2492
1799,2.2005069255828857,2.200477123260498,2.9802322387695312e-05,25174.0719,17.087395,2486
1800,2.198172092437744,2.1981420516967773,3.0040740966796875e-05,25191.1617,17.089801,2492
1801,2.200467109680176,2.200437307357788,2.9802322387695312e-05,25208.0414,16.879662,2450
1802,2.198129177093506,2.198099136352539,3.0040740966796875e-05,25225.1961,17.154712,2504
1803,2.2004282474517822,2.2003984451293945,2.9802322387695312e-05,25242.2478,17.051691,2492
1804,2.1980879306793213,2.1980578899383545,3.0040740966796875e-05,25259.1314,16.883625,2462
1805,2.2003893852233887,2.200359582901001,2.9802322387695312e-05,25276.1739,17.042488,2498
1806,2.198040723800659,2.1980106830596924,3.0040740966796875e-05,25293.4034,17.229533,2498
1807,2.200338125228882,2.200308322906494,2.9802322387695312e-05,25310.4876,17.084201,2486
1808,2.1979925632476807,2.197962522506714,3.0040740966796875e-05,25327.5429,17.055251,2492
1809,2.20029878616333,2.2002689838409424,2.9802322387695312e-05,25344.4803,16.937414,2474
1810,2.1979496479034424,2.1979196071624756,3.0040740966796875e-05,25361.6412,17.160929,2510
1811,2.200249433517456,2.2002196311950684,2.9802322387695312e-05,25378.7659,17.124632,2492
1812,2.1978960037231445,2.1978659629821777,3.0040740966796875e-05,25395.8133,17.047386,2492
1813,2.200197219848633,2.200167417526245,2.9802322387695312e-05,25412.8655,17.052273,2492
1814,2.197857141494751,2.197827100753784,3.0040740966796875e-05,25430.0398,17.17428,2498
1815,2.2001755237579346,2.200145721435547,2.9802322387695312e-05,25446.937,16.897225,2462
1816,2.1978254318237305,2.1977953910827637,3.0040740966796875e-05,25464.0636,17.126524,2498
1817,2.2001442909240723,2.2001144886016846,2.9802322387695312e-05,25480.9946,16.93106,2474
1818,2.197770595550537,2.1977405548095703,3.0040740966796875e-05,25498.0215,17.026855,2474
1819,2.2000598907470703,2.2000300884246826,2.9802322387695312e-05,25515.3048,17.283309,2510
1820,2.1976966857910156,2.197666645050049,3.0040740966796875e-05,25532.5851,17.280279,2516
1821,2.1999709606170654,2.1999411582946777,2.9802322387695312e-05,25549.734,17.148923,2498
1822,2.1976354122161865,2.1976053714752197,3.0040740966796875e-05,25566.6475,16.913514,2468
1823,2.1999378204345703,2.1999080181121826,2.9802322387695312e-05,25583.9326,17.285144,2492
1824,2.197608709335327,2.1975786685943604,3.0040740966796875e-05,25600.9011,16.968478,2474
1825,2.199937343597412,2.1999075412750244,2.9802322387695312e-05,25618.1743,17.273134,2510
1826,2.1975839138031006,2.197553873062134,3.0040740966796875e-05,25635.1012,16.926897,2462
1827,2.1999056339263916,2.199876070022583,2.956390380859375e-05,25652.079,16.977845,2474
1828,2.197537899017334,2.197507858276367,3.0040740966796875e-05,25669.138,17.058998,2510
1829,2.1998443603515625,2.199814796447754,2.956390380859375e-05,25686.4563,17.318284,2516
1830,2.197477102279663,2.1974470615386963,3.0040740966796875e-05,25703.673,17.216762,2504
1831,2.1997807025909424,2.199751138687134,2.956390380859375e-05,25720.8643,17.191296,2510
1832,2.197422504425049,2.197392463684082,3.0040740966796875e-05,25738.0326,17.168225,2516
1833,2.199725866317749,2.1996963024139404,2.956390380859375e-05,25755.3351,17.302573,2510
1834,2.197368860244751,2.1973390579223633,2.9802322387695312e-05,25772.2924,16.957269,2480
1835,2.199676036834717,2.199646472930908,2.956390380859375e-05,25789.2597,16.967304,2474
1836,2.197317600250244,2.1972877979278564,2.9802322387695312e-05,25806.164,16.904292,2456
1837,2.1996231079101562,2.1995935440063477,2.956390380859375e-05,25823.2767,17.11272,2504
1838,2.1972692012786865,2.197239398956299,2.9802322387695312e-05,25840.6229,17.346186,2516
1839,2.199580192565918,2.1995506286621094,2.956390380859375e-05,25857.7586,17.135691,2510
1840,2.197230100631714,2.197200298309326,2.9802322387695312e-05,25872.4442,14.685638,2522
1841,2.1995556354522705,2.199526071548462,2.956390380859375e-05,25884.15,11.705779,2462
1842,2.1971988677978516,2.197169065475464,2.9802322387695312e-05,25896.0068,11.856784,2510
1843,2.19952654838562,2.1994969844818115,2.956390380859375e-05,25908.0509,12.0441,2486
1844,2.197160482406616,2.1971306800842285,2.9802322387695312e-05,25919.964,11.91315,2504
1845,2.1994833946228027,2.199453830718994,2.956390380859375e-05,25931.6771,11.713059,2504
1846,2.197097063064575,2.1970672607421875,2.9802322387695312e-05,25943.3202,11.643081,2498
1847,2.1993868350982666,2.199357271194458,2.956390380859375e-05,25955.1258,11.805571,2516
1848,2.1970062255859375,2.19697642326355,2.9802322387695312e-05,25966.6748,11.549092,2468
1849,2.1992807388305664,2.199251174926758,2.956390380859375e-05,25978.3754,11.70059,2498
1850,2.1969497203826904,2.1969199180603027,2.9802322387695312e-05,25991.0404,12.664991,2528
1851,2.1992645263671875,2.199234962463379,2.956390380859375e-05,26003.108,12.067618,2474
1852,2.196939706802368,2.1969099044799805,2.9802322387695312e-05,26015.6623,12.554247,2504
1853,2.199291229248047,2.1992616653442383,2.956390380859375e-05,26027.5416,11.879331,2516
1854,2.196937322616577,2.1969075202941895,2.9802322387695312e-05,26039.5798,12.038138,2522
1855,2.199291467666626,2.1992619037628174,2.956390380859375e-05,26051.4193,11.839548,2480
1856,2.196901798248291,2.1968719959259033,2.9802322387695312e-05,26063.3946,11.975249,2528
1857,2.199226140975952,2.1991965770721436,2.956390380859375e-05,26080.2329,16.838356,2528
1858,2.196821451187134,2.196791648864746,2.9802322387695312e-05,26094.4666,14.233655,2510
1859,2.1991019248962402,2.1990723609924316,2.956390380859375e-05,26107.861,13.394418,2522
1860,2.1967225074768066,2.196692705154419,2.9802322387695312e-05,26120.8894,13.028428,2504
1861,2.1989989280700684,2.1989693641662598,2.956390380859375e-05,26134.7953,13.905905,2522
1862,2.1966633796691895,2.1966335773468018,2.9802322387695312e-05,26147.3754,12.580074,2534
1863,2.198967218399048,2.1989376544952393,2.956390380859375e-05,26159.9308,12.555425,2522
1864,2.196648359298706,2.1966185569763184,2.9802322387695312e-05,26173.3883,13.457465,2522
1865,2.1989986896514893,2.1989691257476807,2.956390380859375e-05,26186.433,13.044739,2516
1866,2.196655511856079,2.1966257095336914,2.9802322387695312e-05,26199.334,12.900974,2474
1867,2.1990175247192383,2.1989879608154297,2.956390380859375e-05,26211.5835,12.249477,2522
1868,2.196622848510742,2.1965930461883545,2.9802322387695312e-05,26224.6579,13.074438,2498
1869,2.1989450454711914,2.198915481567383,2.956390380859375e-05,26237.7416,13.083695,2516
1870,2.196540117263794,2.1965103149414062,2.9802322387695312e-05,26250.6509,12.909272,2492
1871,2.198833703994751,2.1988041400909424,2.956390380859375e-05,26263.6922,13.041282,2516
1872,2.19645619392395,2.1964263916015625,2.9802322387695312e-05,26276.1366,12.444412,2522
1873,2.1987500190734863,2.1987204551696777,2.956390380859375e-05,26289.2715,13.134885,2516
1874,2.1964046955108643,2.1963748931884766,2.9802322387695312e-05,26302.2492,12.977715,2522
1875,2.198730230331421,2.1987006664276123,2.956390380859375e-05,26315.4271,13.17788,2522
1876,2.1963889598846436,2.196359157562256,2.9802322387695312e-05,26328.7805,13.353423,2510
1877,2.198730707168579,2.1987011432647705,2.956390380859375e-05,26343.4573,14.676816,2528
1878,2.196367025375366,2.1963372230529785,2.9802322387695312e-05,26356.4947,13.037436,2516
1879,2.1987178325653076,2.198688268661499,2.956390380859375e-05,26371.6858,15.191041,2522
1880,2.196331262588501,2.1963014602661133,2.9802322387695312e-05,26385.4628,13.77705,2516
1881,2.198662042617798,2.1986327171325684,2.9325485229492188e-05,26405.623,20.160161,2516
1882,2.1962685585021973,2.1962387561798096,2.9802322387695312e-05,26420.0677,14.444758,2468
1883,2.198582410812378,2.1985530853271484,2.9325485229492188e-05,26433.6901,13.622399,2516
1884,2.196202516555786,2.1961727142333984,2.9802322387695312e-05,26447.0283,13.338195,2510
1885,2.198517084121704,2.1984877586364746,2.9325485229492188e-05,26459.315,12.286622,2510
1886,2.19614577293396,2.1961159706115723,2.9802322387695312e-05,26471.5333,12.218306,2522
1887,2.1984550952911377,2.198425769805908,2.9325485229492188e-05,26484.132,12.598712,2516
1888,2.196092367172241,2.1960628032684326,2.956390380859375e-05,26497.8947,13.762724,2528
1889,2.1984260082244873,2.198396682739258,2.9325485229492188e-05,26512.2826,14.387916,2516
1890,2.196078062057495,2.1960484981536865,2.956390380859375e-05,26526.0759,13.793313,2528
1891,2.1984288692474365,2.198399543762207,2.9325485229492188e-05,26538.5849,12.509004,2522
1892,2.196047782897949,2.1960182189941406,2.956390380859375e-05,26551.1297,12.544816,2540
1893,2.1983916759490967,2.198362350463867,2.9325485229492188e-05,26564.3625,13.232713,2516
1894,2.1959943771362305,2.195964813232422,2.956390380859375e-05,26576.7549,12.392481,2516
1895,2.1983208656311035,2.198291540145874,2.9325485229492188e-05,26589.4972,12.742277,2522
1896,2.195927619934082,2.1958980560302734,2.956390380859375e-05,26602.1349,12.637634,2534
1897,2.1982228755950928,2.1981935501098633,2.9325485229492188e-05,26614.6299,12.495094,2516
1898,2.195847749710083,2.1958181858062744,2.956390380859375e-05,26627.9458,13.315829,2540
1899,2.1981616020202637,2.198132276535034,2.9325485229492188e-05,26640.1138,12.16805,2528
1900,2.1958162784576416,2.195786714553833,2.956390380859375e-05,26652.5216,12.407807,2528
1901,2.1981678009033203,2.198138475418091,2.9325485229492188e-05,26665.9123,13.390685,2516
1902,2.195812940597534,2.1957833766937256,2.956390380859375e-05,26678.4407,12.528405,2510
1903,2.1981687545776367,2.1981394290924072,2.9325485229492188e-05,26691.9004,13.459678,2522
1904,2.1957807540893555,2.195751190185547,2.956390380859375e-05,26705.3125,13.412059,2534
1905,2.198124408721924,2.1980950832366943,2.9325485229492188e-05,26718.2353,12.922829,2516
1906,2.19571852684021,2.1956889629364014,2.956390380859375e-05,26730.9538,12.718463,2522
1907,2.198031187057495,2.1980018615722656,2.9325485229492188e-05,26742.7703,11.816578,2456
1908,2.195640802383423,2.1956112384796143,2.956390380859375e-05,26756.31,13.539647,2510
1909,2.1979498863220215,2.197920560836792,2.9325485229492188e-05,26770.8523,14.542299,2516
1910,2.1955909729003906,2.195561408996582,2.956390380859375e-05,26785.976,15.123713,2528
1911,2.1979289054870605,2.197899580001831,2.9325485229492188e-05,26799.8719,13.895943,2534
1912,2.195570230484009,2.1955406665802,2.956390380859375e-05,26815.6758,15.803847,2540
1913,2.1979289054870605,2.197899580001831,2.9325485229492188e-05,26829.0734,13.397577,2516
1914,2.195549249649048,2.1955196857452393,2.956390380859375e-05,26843.1929,14.11952,2504
1915,2.1979002952575684,2.197870969772339,2.9325485229492188e-05,26859.1319,15.939068,2522
1916,2.1954941749572754,2.195464611053467,2.956390380859375e-05,26871.3638,12.231859,2498
1917,2.1978158950805664,2.197786569595337,2.9325485229492188e-05,26883.3445,11.98067,2510
1918,2.195422887802124,2.1953933238983154,2.956390380859375e-05,26895.4075,12.063072,2522
1919,2.197741746902466,2.1977124214172363,2.9325485229492188e-05,26907.5707,12.163169,2528
1920,2.1953699588775635,2.195340394973755,2.956390380859375e-05,26919.6368,12.066075,2516
1921,2.197709321975708,2.1976799964904785,2.9325485229492188e-05,26931.6582,12.021453,2540
1922,2.1953482627868652,2.1953186988830566,2.956390380859375e-05,26943.7229,12.064706,2522
1923,2.197697162628174,2.1976678371429443,2.9325485229492188e-05,26955.7235,12.000591,2534
1924,2.195307731628418,2.1952781677246094,2.956390380859375e-05,26967.7325,12.008959,2528
1925,2.197643995285034,2.1976146697998047,2.9325485229492188e-05,26979.6127,11.880199,2528
1926,2.1952545642852783,2.1952250003814697,2.956390380859375e-05,26991.6085,11.995814,2534
1927,2.1975929737091064,2.197563648223877,2.9325485229492188e-05,27004.1915,12.582977,2534
1928,2.195209503173828,2.1951799392700195,2.956390380859375e-05,27016.1931,12.001613,2540
1929,2.197544813156128,2.1975154876708984,2.9325485229492188e-05,27028.3378,12.144688,2534
1930,2.195162773132324,2.1951332092285156,2.956390380859375e-05,27040.9491,12.611292,2534
1931,2.197498321533203,2.1974689960479736,2.9325485229492188e-05,27054.0327,13.083633,2546
1932,2.1951169967651367,2.195087432861328,2.956390380859375e-05,27065.8948,11.862053,2498
1933,2.197453737258911,2.1974244117736816,2.9325485229492188e-05,27077.9498,12.055042,2528
1934,2.1950747966766357,2.195045232772827,2.956390380859375e-05,27090.0313,12.081538,2540
1935,2.1974148750305176,2.197385787963867,2.9087066650390625e-05,27101.9286,11.897225,2522
1936,2.1950316429138184,2.1950020790100098,2.956390380859375e-05,27113.7629,11.834305,2522
1937,2.1973748207092285,2.197345733642578,2.9087066650390625e-05,27125.669,11.906102,2540
1938,2.1949970722198486,2.19496750831604,2.956390380859375e-05,27137.7103,12.041339,2534
1939,2.1973493099212646,2.1973202228546143,2.9087066650390625e-05,27149.7057,11.995414,2528
1940,2.1949591636657715,2.194929838180542,2.9325485229492188e-05,27163.4778,13.77205,2540
1941,2.1973063945770264,2.197277307510376,2.9087066650390625e-05,27177.1604,13.682607,2546
1942,2.1949093341827393,2.1948800086975098,2.9325485229492188e-05,27190.2542,13.093777,2534
1943,2.197244167327881,2.1972150802612305,2.9087066650390625e-05,27204.88,14.625841,2552
1944,2.194852590560913,2.1948232650756836,2.9325485229492188e-05,27217.2378,12.357765,2534
1945,2.1971869468688965,2.197157859802246,2.9087066650390625e-05,27229.416,12.178222,2534
1946,2.1948091983795166,2.194779872894287,2.9325485229492188e-05,27241.9737,12.55766,2540
1947,2.197162628173828,2.1971335411071777,2.9087066650390625e-05,27254.5408,12.567126,2546
1948,2.1947789192199707,2.194749593734741,2.9325485229492188e-05,27266.8336,12.292779,2534
1949,2.197133779525757,2.1971046924591064,2.9087066650390625e-05,27279.3464,12.512859,2546
1950,2.194739818572998,2.1947104930877686,2.9325485229492188e-05,27291.6441,12.297672,2546
1951,2.197087287902832,2.1970582008361816,2.9087066650390625e-05,27303.8573,12.213224,2552
1952,2.194690704345703,2.1946613788604736,2.9325485229492188e-05,27316.4382,12.580901,2558
1953,2.1970319747924805,2.19700288772583,2.9087066650390625e-05,27329.1413,12.703112,2546
1954,2.194633722305298,2.1946043968200684,2.9325485229492188e-05,27341.667,12.525718,2546
1955,2.196967363357544,2.1969382762908936,2.9087066650390625e-05,27354.1514,12.484384,2546
1956,2.194584846496582,2.1945555210113525,2.9325485229492188e-05,27366.5584,12.407012,2540
1957,2.1969380378723145,2.196908950805664,2.9087066650390625e-05,27382.4606,15.902173,2546
1958,2.194563865661621,2.1945345401763916,2.9325485229492188e-05,27398.5993,16.138677,2546
1959,2.196932315826416,2.1969032287597656,2.9087066650390625e-05,27412.4134,13.814116,2552
1960,2.194535255432129,2.1945059299468994,2.9325485229492188e-05,27424.8161,12.402698,2546
1961,2.1968936920166016,2.196864604949951,2.9087066650390625e-05,27437.7403,12.924185,2552
1962,2.1944844722747803,2.194455146789551,2.9325485229492188e-05,27450.2769,12.536587,2552
1963,2.1968235969543457,2.1967945098876953,2.9087066650390625e-05,27464.5355,14.258657,2558
1964,2.1944198608398438,2.1943905353546143,2.9325485229492188e-05,27478.7908,14.255289,2552
1965,2.1967532634735107,2.1967241764068604,2.9087066650390625e-05,27492.6218,13.830993,2552
1966,2.194371461868286,2.1943421363830566,2.9325485229492188e-05,27505.7246,13.102739,2552
1967,2.196723699569702,2.1966946125030518,2.9087066650390625e-05,27519.1956,13.471021,2552
1968,2.194343090057373,2.1943137645721436,2.9325485229492188e-05,27532.0946,12.898977,2564
1969,2.1967103481292725,2.196681261062622,2.9087066650390625e-05,27545.3088,13.214245,2552
1970,2.194319009780884,2.1942896842956543,2.9325485229492188e-05,27557.692,12.38321,2552
1971,2.1966915130615234,2.196662425994873,2.9087066650390625e-05,27571.0768,13.384749,2558
1972,2.194284200668335,2.1942548751831055,2.9325485229492188e-05,27586.149,15.072246,2552
1973,2.1966423988342285,2.196613311767578,2.9087066650390625e-05,27602.0962,15.947195,2534
1974,2.1942293643951416,2.194200038909912,2.9325485229492188e-05,27616.6126,14.516444,2540
1975,2.1965765953063965,2.196547508239746,2.9087066650390625e-05,27630.8757,14.263018,2558
1976,2.194167375564575,2.1941380500793457,2.9325485229492188e-05,27642.7597,11.884004,2546
1977,2.196498155593872,2.1964690685272217,2.9087066650390625e-05,27655.7698,13.010187,2564
1978,2.194106101989746,2.1940767765045166,2.9325485229492188e-05,27668.6626,12.892746,2564
1979,2.196444034576416,2.1964149475097656,2.9087066650390625e-05,27682.1818,13.519241,2558
1980,2.194068431854248,2.1940391063690186,2.9325485229492188e-05,27695.7171,13.535256,2540
1981,2.1964261531829834,2.196397066116333,2.9087066650390625e-05,27708.0634,12.346346,2552
1982,2.194044351577759,2.1940150260925293,2.9325485229492188e-05,27720.5874,12.524009,2546
1983,2.196410655975342,2.1963815689086914,2.9087066650390625e-05,27732.8142,12.226803,2552
1984,2.194016456604004,2.1939871311187744,2.9325485229492188e-05,27744.6179,11.803666,2558
1985,2.1963865756988525,2.196357488632202,2.9087066650390625e-05,27756.9234,12.305485,2558
1986,2.1939759254455566,2.193946599960327,2.9325485229492188e-05,27768.5961,11.67267,2558
1987,2.1963295936584473,2.196300506591797,2.9087066650390625e-05,27780.3676,11.771575,2552
1988,2.193915843963623,2.1938865184783936,2.9325485229492188e-05,27792.2259,11.858206,2564
1989,2.1962549686431885,2.196226119995117,2.8848648071289062e-05,27803.9425,11.716648,2546
1990,2.193857431411743,2.1938281059265137,2.9325485229492188e-05,27815.7956,11.853067,2576
1991,2.196208953857422,2.1961801052093506,2.8848648071289062e-05,27827.5723,11.776713,2528
1992,2.1938281059265137,2.193798780441284,2.9325485229492188e-05,27839.3775,11.805266,2564
1993,2.1962015628814697,2.1961727142333984,2.8848648071289062e-05,27851.7223,12.344774,2552
1994,2.1938087940216064,2.193779468536377,2.9325485229492188e-05,27870.3322,18.609839,2546
1995,2.1961867809295654,2.196157932281494,2.8848648071289062e-05,27884.5809,14.248716,2570
1996,2.193769693374634,2.1937406063079834,2.9087066650390625e-05,27896.777,12.196081,2552
1997,2.1961283683776855,2.1960995197296143,2.8848648071289062e-05,27909.2559,12.478943,2546
1998,2.1937127113342285,2.193683624267578,2.9087066650390625e-05,27921.8671,12.611214,2564
1999,2.1960556507110596,2.1960268020629883,2.8848648071289062e-05,27935.3862,13.519068,2540
2000,2.193650007247925,2.1936209201812744,2.9087066650390625e-05,27949.7602,14.374043,2576
2001,2.1959969997406006,2.1959681510925293,2.8848648071289062e-05,27963.3406,13.580361,2570
2002,2.193610429763794,2.1935813426971436,2.9087066650390625e-05,27976.3702,13.029634,2570
2003,2.195979118347168,2.1959502696990967,2.8848648071289062e-05,27992.2151,15.844886,2552
2004,2.1935858726501465,2.193556785583496,2.9087066650390625e-05,28005.4676,13.252547,2552
2005,2.1959550380706787,2.1959261894226074,2.8848648071289062e-05,28019.9044,14.43675,2570
2006,2.193546772003174,2.1935176849365234,2.9087066650390625e-05,28034.1235,14.219087,2552
2007,2.1959068775177,2.195878028869629,2.8848648071289062e-05,28046.8523,12.728814,2552
2008,2.1935012340545654,2.193472146987915,2.9087066650390625e-05,28059.9804,13.128126,2540
2009,2.1958670616149902,2.195838212966919,2.8848648071289062e-05,28077.1917,17.211261,2558
2010,2.193455696105957,2.1934266090393066,2.9087066650390625e-05,28090.4468,13.255119,2552
2011,2.1958119869232178,2.1957831382751465,2.8848648071289062e-05,28103.4738,13.026991,2570
2012,2.1934070587158203,2.19337797164917,2.9087066650390625e-05,28116.5023,13.028507,2570
2013,2.1957621574401855,2.1957333087921143,2.8848648071289062e-05,28130.3877,13.885389,2564
2014,2.1933674812316895,2.193338394165039,2.9087066650390625e-05,28145.3453,14.957632,2540
2015,2.195735216140747,2.195706367492676,2.8848648071289062e-05,28159.0244,13.679025,2576
2016,2.1933388710021973,2.193309783935547,2.9087066650390625e-05,28172.9353,13.910911,2570
2017,2.1957180500030518,2.1956892013549805,2.8848648071289062e-05,28187.6461,14.710807,2564
2018,2.1933059692382812,2.193276882171631,2.9087066650390625e-05,28203.2317,15.585655,2582
2019,2.195683240890503,2.1956543922424316,2.8848648071289062e-05,28217.9654,14.733667,2570
2020,2.193260669708252,2.1932315826416016,2.9087066650390625e-05,28233.4146,15.449239,2558
2021,2.195619821548462,2.1955909729003906,2.8848648071289062e-05,28248.479,15.064363,2576
2022,2.1932015419006348,2.1931724548339844,2.9087066650390625e-05,28261.7813,13.302323,2570
2023,2.1955459117889404,2.195517063140869,2.8848648071289062e-05,28274.8122,13.030839,2570
2024,2.1931443214416504,2.193115234375,2.9087066650390625e-05,28288.2985,13.486336,2540
2025,2.1954965591430664,2.195467710494995,2.8848648071289062e-05,28302.36,14.061559,2582
2026,2.193114995956421,2.1930859088897705,2.9087066650390625e-05,28317.1603,14.800292,2576
2027,2.195496082305908,2.195467233657837,2.8848648071289062e-05,28334.0777,16.9174,2564
2028,2.193100690841675,2.1930716037750244,2.9087066650390625e-05,28348.6083,14.530527,2576
2029,2.1954870223999023,2.195458173751831,2.8848648071289062e-05,28363.6297,15.021404,2564
2030,2.193068265914917,2.1930391788482666,2.9087066650390625e-05,28378.0649,14.435256,2564
2031,2.1954400539398193,2.195411205291748,2.8848648071289062e-05,28390.9919,12.926972,2570
2032,2.19301700592041,2.1929879188537598,2.9087066650390625e-05,28403.9746,12.982705,2582
2033,2.1953797340393066,2.1953508853912354,2.8848648071289062e-05,28415.9113,11.936655,2450
2034,2.192963123321533,2.192934036254883,2.9087066650390625e-05,28428.6364,12.725171,2576
2035,2.195317506790161,2.19528865814209,2.8848648071289062e-05,28441.0396,12.403183,2576
2036,2.1929070949554443,2.192878007888794,2.9087066650390625e-05,28453.5901,12.550475,2582
2037,2.1952638626098633,2.195235013961792,2.8848648071289062e-05,28466.1979,12.607807,2582
2038,2.1928670406341553,2.192837953567505,2.9087066650390625e-05,28478.6857,12.487782,2570
2039,2.195239543914795,2.1952106952667236,2.8848648071289062e-05,28491.1519,12.466227,2576
2040,2.1928467750549316,2.1928176879882812,2.9087066650390625e-05,28503.2572,12.10528,2546
2041,2.195230722427368,2.195201873779297,2.8848648071289062e-05,28515.6912,12.433974,2570
2042,2.1928176879882812,2.192788600921631,2.9087066650390625e-05,28528.8354,13.144203,2570
2043,2.1951918601989746,2.1951630115509033,2.8848648071289062e-05,28542.5485,13.713098,2576
2044,2.192768096923828,2.1927390098571777,2.9087066650390625e-05,28555.6634,13.114941,2576
2045,2.195132255554199,2.195103645324707,2.86102294921875e-05,28570.3376,14.674154,2582
2046,2.1927108764648438,2.1926817893981934,2.9087066650390625e-05,28583.7832,13.445656,2414
2047,2.195068120956421,2.1950395107269287,2.86102294921875e-05,28596.5497,12.766511,2576
2048,2.192659616470337,2.1926305294036865,2.9087066650390625e-05,28609.1521,12.602361,2576
2049,2.1950161457061768,2.1949875354766846,2.86102294921875e-05,28621.7536,12.601513,2576
2050,2.1926183700561523,2.192589521408081,2.8848648071289062e-05,28634.3773,12.623724,2564
2051,2.1949877738952637,2.1949591636657715,2.86102294921875e-05,28646.8584,12.481128,2576
2052,2.1925857067108154,2.192556858062744,2.8848648071289062e-05,28660.2615,13.403026,2588
2053,2.194955348968506,2.1949267387390137,2.86102294921875e-05,28673.8212,13.559683,2576
2054,2.1925501823425293,2.192521333694458,2.8848648071289062e-05,28689.078,15.256814,2552
2055,2.1949238777160645,2.1948952674865723,2.86102294921875e-05,28701.9419,12.863933,2576
2056,2.1925158500671387,2.1924870014190674,2.8848648071289062e-05,28714.9171,12.975208,2570
2057,2.1948928833007812,2.194864273071289,2.86102294921875e-05,28728.1275,13.210433,2576
2058,2.1924831867218018,2.1924543380737305,2.8848648071289062e-05,28741.8997,13.772161,2570
2059,2.194851875305176,2.1948232650756836,2.86102294921875e-05,28755.436,13.536291,2576
2060,2.192430257797241,2.19240140914917,2.8848648071289062e-05,28768.4644,13.028373,2582
2061,2.1947832107543945,2.1947546005249023,2.86102294921875e-05,28781.5533,13.088919,2582
2062,2.1923727989196777,2.1923439502716064,2.8848648071289062e-05,28795.1169,13.56363,2582
2063,2.1947364807128906,2.1947078704833984,2.86102294921875e-05,28809.7141,14.597169,2564
2064,2.1923391819000244,2.192310333251953,2.8848648071289062e-05,28823.5027,13.788642,2582
2065,2.1947200298309326,2.1946914196014404,2.86102294921875e-05,28838.3929,14.890133,2588
2066,2.19231915473938,2.1922903060913086,2.8848648071289062e-05,28851.8101,13.417222,2576
2067,2.194704055786133,2.1946754455566406,2.86102294921875e-05,28864.3697,12.559649,2570
2068,2.192286968231201,2.19225811958313,2.8848648071289062e-05,28876.5415,12.171795,2588
2069,2.1946663856506348,2.1946377754211426,2.86102294921875e-05,28888.8475,12.305933,2582
2070,2.1922378540039062,2.192209005355835,2.8848648071289062e-05,28903.1956,14.348129,2600
2071,2.1946022510528564,2.1945736408233643,2.86102294921875e-05,28916.2851,13.089532,2576
2072,2.1921794414520264,2.192150592803955,2.8848648071289062e-05,28929.6533,13.368192,2594
2073,2.1945338249206543,2.194505214691162,2.86102294921875e-05,28942.5281,12.874795,2594
2074,2.192129135131836,2.1921002864837646,2.8848648071289062e-05,28955.7357,13.207555,2576
2075,2.1944944858551025,2.1944658756256104,2.86102294921875e-05,28969.3788,13.643107,2576
2076,2.192098379135132,2.1920695304870605,2.8848648071289062e-05,28981.3712,11.99241,2438
2077,2.1944761276245117,2.1944475173950195,2.86102294921875e-05,28993.6733,12.302159,2582
2078,2.1920714378356934,2.192042589187622,2.8848648071289062e-05,29006.1949,12.521521,2582
2079,2.1944501399993896,2.1944215297698975,2.86102294921875e-05,29018.9383,12.743483,2594
2080,2.192033290863037,2.192004442214966,2.8848648071289062e-05,29033.5527,14.614358,2588
2081,2.1944081783294678,2.1943795680999756,2.86102294921875e-05,29046.5934,13.040701,2594
2082,2.1919872760772705,2.191958427429199,2.8848648071289062e-05,29061.2212,14.627828,2594
2083,2.194350242614746,2.194321632385254,2.86102294921875e-05,29076.9729,15.751673,2576
2084,2.191929817199707,2.1919009685516357,2.8848648071289062e-05,29091.495,14.522075,2594
2085,2.1942906379699707,2.1942620277404785,2.86102294921875e-05,29105.1009,13.605915,2582
2086,2.1918957233428955,2.191866874694824,2.8848648071289062e-05,29118.4166,13.315684,2600
2087,2.194279432296753,2.1942508220672607,2.86102294921875e-05,29131.415,12.998446,2582
2088,2.1918785572052,2.191849708557129,2.8848648071289062e-05,29148.1828,16.767827,2570
2089,2.1942710876464844,2.194242477416992,2.86102294921875e-05,29163.4986,15.315706,2588
2090,2.1918468475341797,2.1918179988861084,2.8848648071289062e-05,29178.5821,15.083513,2480
2091,2.1942267417907715,2.1941981315612793,2.86102294921875e-05,29193.7331,15.150988,2564
2092,2.1917972564697266,2.1917684078216553,2.8848648071289062e-05,29207.3358,13.602726,2600
2093,2.1941685676574707,2.1941399574279785,2.86102294921875e-05,29222.8262,15.49045,2582
2094,2.1917452812194824,2.191716432571411,2.8848648071289062e-05,29237.8088,14.982565,2582
2095,2.1941158771514893,2.194087266921997,2.86102294921875e-05,29250.8039,12.995071,2582
2096,2.1917004585266113,2.19167160987854,2.8848648071289062e-05,29264.4521,13.648255,2588
2097,2.19407320022583,2.194044589996338,2.86102294921875e-05,29277.7582,13.306096,2594
2098,2.1916656494140625,2.191636800765991,2.8848648071289062e-05,29291.3807,13.622449,2606
2099,2.194047451019287,2.194019079208374,2.8371810913085938e-05,29305.4008,14.020101,2576
2100,2.1916351318359375,2.191606283187866,2.8848648071289062e-05,29320.5517,15.15094,2594
2101,2.1940269470214844,2.1939985752105713,2.8371810913085938e-05,29338.581,18.029299,2588
2102,2.191608190536499,2.1915793418884277,2.8848648071289062e-05,29354.135,15.553993,2588
2103,2.1939897537231445,2.1939613819122314,2.8371810913085938e-05,29369.2784,15.143447,2606
2104,2.1915555000305176,2.1915266513824463,2.8848648071289062e-05,29382.9185,13.640041,2594
2105,2.1939239501953125,2.1938955783843994,2.8371810913085938e-05,29396.223,13.30453,2594
2106,2.191495895385742,2.19146728515625,2.86102294921875e-05,29408.9608,12.7378,2606
2107,2.193856954574585,2.193828582763672,2.8371810913085938e-05,29422.0858,13.125028,2576
2108,2.1914544105529785,2.1914258003234863,2.86102294921875e-05,29435.368,13.282189,2606
2109,2.1938319206237793,2.193803548812866,2.8371810913085938e-05,29448.8741,13.506083,2588
2110,2.1914310455322266,2.1914024353027344,2.86102294921875e-05,29462.8425,13.968413,2588
2111,2.1938230991363525,2.1937947273254395,2.8371810913085938e-05,29476.8812,14.03863,2594
2112,2.191411256790161,2.191382646560669,2.86102294921875e-05,29492.44,15.558809,2588
2113,2.193812370300293,2.19378399848938,2.8371810913085938e-05,29507.5381,15.098083,2588
2114,2.1913774013519287,2.1913487911224365,2.86102294921875e-05,29521.351,13.812908,2606
2115,2.19376277923584,2.1937344074249268,2.8371810913085938e-05,29534.7429,13.391972,2600
2116,2.191326379776001,2.191297769546509,2.86102294921875e-05,29548.6584,13.915456,2600
2117,2.193692207336426,2.1936638355255127,2.8371810913085938e-05,29561.7789,13.120511,2534
2118,2.1912736892700195,2.1912450790405273,2.86102294921875e-05,29576.3286,14.549736,2612
2119,2.1936535835266113,2.1936252117156982,2.8371810913085938e-05,29589.238,12.909319,2594
2120,2.1912343502044678,2.1912057399749756,2.86102294921875e-05,29603.6808,14.442873,2618
2121,2.193608522415161,2.193580150604248,2.8371810913085938e-05,29616.1915,12.510687,2612
2122,2.1911911964416504,2.191162586212158,2.86102294921875e-05,29629.0169,12.825347,2612
2123,2.193570613861084,2.193542242050171,2.8371810913085938e-05,29641.7679,12.750989,2600
2124,2.1911678314208984,2.1911392211914062,2.86102294921875e-05,29654.4663,12.698411,2612
2125,2.193577527999878,2.193549156188965,2.8371810913085938e-05,29667.4345,12.968218,2594
2126,2.1911559104919434,2.191127300262451,2.86102294921875e-05,29680.9703,13.535857,2606
2127,2.1935653686523438,2.1935369968414307,2.8371810913085938e-05,29695.247,14.27662,2594
2128,2.191119909286499,2.191091299057007,2.86102294921875e-05,29708.196,12.949076,2594
2129,2.1935172080993652,2.193488836288452,2.8371810913085938e-05,29721.4411,13.245111,2594
2130,2.191067695617676,2.1910390853881836,2.86102294921875e-05,29736.2907,14.84955,2606
2131,2.1934449672698975,2.1934165954589844,2.8371810913085938e-05,29751.2602,14.969513,2606
2132,2.1910037994384766,2.1909751892089844,2.86102294921875e-05,29765.844,14.583768,2606
2133,2.1933648586273193,2.1933364868164062,2.8371810913085938e-05,29782.9369,17.092885,2582
2134,2.190950393676758,2.1909217834472656,2.86102294921875e-05,29797.365,14.428175,2612
2135,2.193326473236084,2.193298101425171,2.8371810913085938e-05,29810.5875,13.222503,2606
2136,2.190922498703003,2.1908938884735107,2.86102294921875e-05,29831.1361,20.548561,2618
2137,2.193328380584717,2.1933000087738037,2.8371810913085938e-05,29857.5477,26.411627,2594
2138,2.1909172534942627,2.1908886432647705,2.86102294921875e-05,29882.2801,24.73239,2600
2139,2.193340301513672,2.193311929702759,2.8371810913085938e-05,29936.117,53.836901,2582
2140,2.1908957958221436,2.1908671855926514,2.86102294921875e-05,29953.555,17.438031,2606
2141,2.193288803100586,2.193260431289673,2.8371810913085938e-05,29971.5228,17.967794,2606
2142,2.190836191177368,2.190807580947876,2.86102294921875e-05,29988.1814,16.658525,2594
2143,2.193214178085327,2.193185806274414,2.8371810913085938e-05,30006.7383,18.556959,2624
2144,2.1907758712768555,2.1907472610473633,2.86102294921875e-05,30023.2847,16.546335,2612
2145,2.193138837814331,2.193110466003418,2.8371810913085938e-05,30038.8639,15.579271,2618
2146,2.1907107830047607,2.1906821727752686,2.86102294921875e-05,30054.3343,15.470337,2630
2147,2.193066358566284,2.193037986755371,2.8371810913085938e-05,30069.4445,15.110187,2594
2148,2.1906661987304688,2.1906375885009766,2.86102294921875e-05,30084.7468,15.302322,2612
2149,2.1930599212646484,2.1930315494537354,2.8371810913085938e-05,30098.9053,14.15852,2600
2150,2.1906723976135254,2.190643787384033,2.86102294921875e-05,30111.3979,12.492579,2612
2151,2.1931025981903076,2.1930742263793945,2.8371810913085938e-05,30123.8808,12.482924,2618
2152,2.190670967102051,2.1906423568725586,2.86102294921875e-05,30136.6341,12.753337,2624
2153,2.1930840015411377,2.1930556297302246,2.8371810913085938e-05,30149.0475,12.413406,2606
2154,2.1906259059906006,2.1905972957611084,2.86102294921875e-05,30161.5241,12.476557,2624
2155,2.19301700592041,2.192988872528076,2.8133392333984375e-05,30174.0173,12.49324,2618
2156,2.1905624866485596,2.1905338764190674,2.86102294921875e-05,30186.8061,12.788715,2630
2157,2.1929309368133545,2.1929028034210205,2.8133392333984375e-05,30199.2372,12.431178,2612
2158,2.190495252609253,2.1904666423797607,2.86102294921875e-05,30211.3872,12.150002,2492
2159,2.1928651332855225,2.1928369998931885,2.8133392333984375e-05,30223.9315,12.544248,2606
2160,2.1904587745666504,2.1904304027557373,2.8371810913085938e-05,30236.6661,12.734635,2618
2161,2.1928534507751465,2.1928253173828125,2.8133392333984375e-05,30248.9903,12.324169,2564
2162,2.1904444694519043,2.190416097640991,2.8371810913085938e-05,30262.1166,13.12631,2618
2163,2.192857265472412,2.192829132080078,2.8133392333984375e-05,30275.0171,12.900456,2600
2164,2.190434455871582,2.190406084060669,2.8371810913085938e-05,30289.508,14.490936,2618
2165,2.1928584575653076,2.1928303241729736,2.8133392333984375e-05,30302.7906,13.282594,2612
2166,2.190403699874878,2.190375328063965,2.8371810913085938e-05,30315.3707,12.580104,2618
2167,2.192798137664795,2.192770004272461,2.8133392333984375e-05,30327.8056,12.434861,2618
2168,2.1903300285339355,2.1903016567230225,2.8371810913085938e-05,30339.9918,12.186268,2582
2169,2.1926822662353516,2.1926541328430176,2.8133392333984375e-05,30352.3723,12.380457,2612
2170,2.1902475357055664,2.1902191638946533,2.8371810913085938e-05,30365.0992,12.726938,2630
2171,2.1926121711730957,2.1925840377807617,2.8133392333984375e-05,30377.6471,12.547852,2612
2172,2.190215587615967,2.1901872158050537,2.8371810913085938e-05,30390.8573,13.210271,2618
2173,2.192614793777466,2.192586660385132,2.8133392333984375e-05,30403.8665,13.009204,2606
2174,2.190220355987549,2.1901919841766357,2.8371810913085938e-05,30417.7791,13.912562,2618
2175,2.1926512718200684,2.1926231384277344,2.8133392333984375e-05,30430.8769,13.09777,2612
2176,2.190220594406128,2.190192222595215,2.8371810913085938e-05,30443.3023,12.425429,2612
2177,2.192641019821167,2.192612886428833,2.8133392333984375e-05,30455.8079,12.505619,2618
2178,2.190176248550415,2.190147876739502,2.8371810913085938e-05,30468.3235,12.515567,2618
2179,2.192561626434326,2.192533493041992,2.8133392333984375e-05,30480.6798,12.356295,2618
2180,2.190101385116577,2.190073013305664,2.8371810913085938e-05,30493.1539,12.47408,2618
2181,2.1924760341644287,2.1924479007720947,2.8133392333984375e-05,30505.6776,12.523759,2624
2182,2.1900386810302734,2.1900103092193604,2.8371810913085938e-05,30518.2112,12.533608,2618
2183,2.1924009323120117,2.1923727989196777,2.8133392333984375e-05,30530.8918,12.680535,2636
2184,2.189997673034668,2.189969301223755,2.8371810913085938e-05,30543.5714,12.679616,2630
2185,2.1923983097076416,2.1923701763153076,2.8133392333984375e-05,30556.0859,12.51449,2630
2186,2.1899964809417725,2.1899681091308594,2.8371810913085938e-05,30568.6582,12.57228,2624
2187,2.19242787361145,2.192399740219116,2.8133392333984375e-05,30581.2385,12.580302,2624
2188,2.1899940967559814,2.1899657249450684,2.8371810913085938e-05,30593.7653,12.526846,2642
2189,2.1924118995666504,2.1923837661743164,2.8133392333984375e-05,30606.2834,12.518057,2618
2190,2.189945697784424,2.1899173259735107,2.8371810913085938e-05,30618.8706,12.587283,2624
2191,2.192324161529541,2.192296028137207,2.8133392333984375e-05,30631.5238,12.653116,2636
2192,2.189875364303589,2.189846992492676,2.8371810913085938e-05,30644.3537,12.829911,2636
2193,2.1922500133514404,2.1922218799591064,2.8133392333984375e-05,30656.964,12.610373,2624
2194,2.1898233890533447,2.1897950172424316,2.8371810913085938e-05,30669.5065,12.54248,2630
2195,2.192209005355835,2.192180871963501,2.8133392333984375e-05,30682.2628,12.756235,2636
2196,2.1897897720336914,2.1897614002227783,2.8371810913085938e-05,30694.7922,12.529458,2630
2197,2.192185640335083,2.192157506942749,2.8133392333984375e-05,30707.3625,12.570289,2636
2198,2.1897716522216797,2.1897432804107666,2.8371810913085938e-05,30720.5054,13.142866,2630
2199,2.192192554473877,2.192164421081543,2.8133392333984375e-05,30733.9511,13.445727,2624
2200,2.189760684967041,2.189732313156128,2.8371810913085938e-05,30746.8177,12.866653,2642
2201,2.192183256149292,2.192155122756958,2.8133392333984375e-05,30759.5356,12.717873,2630
2202,2.1897246837615967,2.1896963119506836,2.8371810913085938e-05,30772.0766,12.541015,2630
2203,2.19211483001709,2.192086696624756,2.8133392333984375e-05,30784.7029,12.626219,2636
2204,2.1896567344665527,2.1896283626556396,2.8371810913085938e-05,30797.4112,12.708302,2648
2205,2.192028522491455,2.192000389099121,2.8133392333984375e-05,30809.9203,12.509164,2624
2206,2.189596176147461,2.189567804336548,2.8371810913085938e-05,30822.7279,12.807592,2642
2207,2.191972255706787,2.191944122314453,2.8133392333984375e-05,30835.4801,12.752233,2642
2208,2.189561605453491,2.189533233642578,2.8371810913085938e-05,30848.1113,12.63117,2630
2209,2.191962718963623,2.191934585571289,2.8133392333984375e-05,30860.6493,12.538031,2624
2210,2.189552068710327,2.189523696899414,2.8371810913085938e-05,30873.4,12.750674,2642
2211,2.1919779777526855,2.1919500827789307,2.7894973754882812e-05,30886.0436,12.643566,2636
2212,2.1895384788513184,2.1895101070404053,2.8371810913085938e-05,30898.5573,12.513679,2618
2213,2.1919567584991455,2.1919288635253906,2.7894973754882812e-05,30911.1672,12.609981,2636
2214,2.189500570297241,2.189472198486328,2.8371810913085938e-05,30923.8585,12.691258,2648
2215,2.1918976306915283,2.1918697357177734,2.7894973754882812e-05,30936.5304,12.671924,2636
2216,2.189443588256836,2.189415454864502,2.8133392333984375e-05,30949.0934,12.562963,2636
2217,2.1918234825134277,2.191795587539673,2.7894973754882812e-05,30961.7474,12.654034,2636
2218,2.1893880367279053,2.1893599033355713,2.8133392333984375e-05,30974.6501,12.902629,2630
2219,2.1917707920074463,2.1917428970336914,2.7894973754882812e-05,30987.5218,12.87176,2642
2220,2.1893575191497803,2.1893293857574463,2.8133392333984375e-05,31000.3387,12.81689,2636
2221,2.1917734146118164,2.1917455196380615,2.7894973754882812e-05,31012.9137,12.575019,2642
2222,2.189347743988037,2.189319610595703,2.8133392333984375e-05,31027.7331,14.81938,2630
2223,2.1917710304260254,2.1917431354522705,2.7894973754882812e-05,31041.359,13.625854,2630
2224,2.1893198490142822,2.1892917156219482,2.8133392333984375e-05,31053.7416,12.382652,2594
2225,2.1917226314544678,2.191694736480713,2.7894973754882812e-05,31069.6084,15.866768,2624
2226,2.189258575439453,2.189230442047119,2.8133392333984375e-05,31084.3638,14.755408,2660
2227,2.1916329860687256,2.1916050910949707,2.7894973754882812e-05,31099.046,14.682217,2630
2228,2.1891908645629883,2.1891627311706543,2.8133392333984375e-05,31113.0156,13.969613,2624
2229,2.1915712356567383,2.1915433406829834,2.7894973754882812e-05,31128.2961,15.280452,2642
2230,2.1891543865203857,2.1891262531280518,2.8133392333984375e-05,31141.8754,13.579293,2642
2231,2.1915552616119385,2.1915273666381836,2.7894973754882812e-05,31154.7875,12.912112,2642
2232,2.1891472339630127,2.1891191005706787,2.8133392333984375e-05,31169.317,14.529531,2648
2233,2.1915767192840576,2.1915488243103027,2.7894973754882812e-05,31189.0387,19.721701,2612
2234,2.189134359359741,2.1891062259674072,2.8133392333984375e-05,31209.3973,20.358565,2630
2235,2.1915464401245117,2.191518545150757,2.7894973754882812e-05,31227.8893,18.492073,2654
2236,2.189087152481079,2.189059019088745,2.8133392333984375e-05,31245.1229,17.233583,2654
2237,2.191481590270996,2.191453695297241,2.7894973754882812e-05,31262.7834,17.66045,2642
2238,2.1890387535095215,2.1890106201171875,2.8133392333984375e-05,31277.2371,14.453728,2630
2239,2.191434860229492,2.1914069652557373,2.7894973754882812e-05,31291.5397,14.302566,2648
2240,2.188995361328125,2.188967227935791,2.8133392333984375e-05,31305.9893,14.449676,2654
2241,2.1913938522338867,2.191365957260132,2.7894973754882812e-05,31319.7556,13.766221,2648
2242,2.1889662742614746,2.1889381408691406,2.8133392333984375e-05,31333.6465,13.890914,2642
2243,2.191383123397827,2.1913552284240723,2.7894973754882812e-05,31347.6037,13.957224,2630
2244,2.1889472007751465,2.1889190673828125,2.8133392333984375e-05,31363.4483,15.844565,2660
2245,2.1913652420043945,2.1913373470306396,2.7894973754882812e-05,31380.9661,17.517869,2648
2246,2.1889114379882812,2.1888833045959473,2.8133392333984375e-05,31397.7349,16.768802,2636
2247,2.191317319869995,2.1912894248962402,2.7894973754882812e-05,31415.1912,17.456282,2624
2248,2.1888644695281982,2.1888363361358643,2.8133392333984375e-05,31441.5807,26.389448,2666
2249,2.1912574768066406,2.1912295818328857,2.7894973754882812e-05,31460.406,18.82529,2636
2250,2.1888175010681152,2.1887893676757812,2.8133392333984375e-05,31478.0405,17.634573,2660
2251,2.191213607788086,2.191185712814331,2.7894973754882812e-05,31493.3973,15.356775,2636
2252,2.188779830932617,2.188751697540283,2.8133392333984375e-05,31510.3705,16.97317,2648
2253,2.191179037094116,2.1911511421203613,2.7894973754882812e-05,31525.0673,14.696856,2636
2254,2.1887431144714355,2.1887149810791016,2.8133392333984375e-05,31538.4652,13.397904,2642
2255,2.191148042678833,2.191120147705078,2.7894973754882812e-05,31552.1661,13.700855,2642
2256,2.1887128353118896,2.1886847019195557,2.8133392333984375e-05,31566.3489,14.182828,2642
2257,2.1911163330078125,2.1910884380340576,2.7894973754882812e-05,31579.6578,13.308873,2636
2258,2.188678741455078,2.188650608062744,2.8133392333984375e-05,31594.6986,15.040858,2648
2259,2.1910743713378906,2.1910464763641357,2.7894973754882812e-05,31609.0751,14.376419,2648
2260,2.1886377334594727,2.1886096000671387,2.8133392333984375e-05,31622.7685,13.693462,2642
2261,2.1910400390625,2.191012144088745,2.7894973754882812e-05,31638.5756,15.807042,2642
2262,2.1886041164398193,2.1885759830474854,2.8133392333984375e-05,31654.1729,15.59729,2660
2263,2.191014051437378,2.190986156463623,2.7894973754882812e-05,31668.0948,13.921912,2648
2264,2.188577175140381,2.188549041748047,2.8133392333984375e-05,31682.5544,14.45959,2636
2265,2.1909916400909424,2.1909637451171875,2.7894973754882812e-05,31696.2559,13.701525,2648
2266,2.188546895980835,2.188518762588501,2.8133392333984375e-05,31709.3456,13.089699,2648
2267,2.190953254699707,2.190925359725952,2.7894973754882812e-05,31722.7817,13.436155,2660
2268,2.1885058879852295,2.1884777545928955,2.8133392333984375e-05,31738.551,15.76921,2654
2269,2.190904378890991,2.1908767223358154,2.765655517578125e-05,31766.826,28.275009,2648
2270,2.1884684562683105,2.1884403228759766,2.8133392333984375e-05,31793.4759,26.649974,2666
2271,2.190880298614502,2.190852642059326,2.765655517578125e-05,31819.2048,25.728831,2636
2272,2.1884400844573975,2.1884121894836426,2.7894973754882812e-05,31838.3496,19.144863,2570
2273,2.1908514499664307,2.190823793411255,2.765655517578125e-05,31857.8139,19.464273,2660
2274,2.1884076595306396,2.1883797645568848,2.7894973754882812e-05,31876.6891,18.87517,2654
2275,2.190816640853882,2.190788984298706,2.765655517578125e-05,31891.9521,15.262981,2648
2276,2.188368320465088,2.188340425491333,2.7894973754882812e-05,31905.884,13.931917,2648
2277,2.1907801628112793,2.1907525062561035,2.765655517578125e-05,31919.9639,14.079962,2666
2278,2.1883344650268555,2.1883065700531006,2.7894973754882812e-05,31933.0219,13.057973,2654
2279,2.1907436847686768,2.190716028213501,2.765655517578125e-05,31951.323,18.301102,2654
2280,2.1882944107055664,2.1882665157318115,2.7894973754882812e-05,31966.8159,15.492933,2624
2281,2.1906940937042236,2.190666437149048,2.765655517578125e-05,31981.3223,14.506385,2666
2282,2.188255548477173,2.188227653503418,2.7894973754882812e-05,31995.4785,14.156218,2660
2283,2.1906726360321045,2.1906449794769287,2.765655517578125e-05,32008.2934,12.814818,2660
2284,2.188237428665161,2.1882095336914062,2.7894973754882812e-05,32020.7682,12.474792,2660
2285,2.1906661987304688,2.190638542175293,2.765655517578125e-05,32033.3199,12.551702,2666
2286,2.188215494155884,2.188187599182129,2.7894973754882812e-05,32047.1793,13.859451,2636
2287,2.190638780593872,2.1906111240386963,2.765655517578125e-05,32060.5145,13.335156,2642
2288,2.188175678253174,2.188147783279419,2.7894973754882812e-05,32073.414,12.899502,2666
2289,2.1905782222747803,2.1905505657196045,2.765655517578125e-05,32088.6598,15.245856,2654
2290,2.1881186962127686,2.1880908012390137,2.7894973754882812e-05,32102.2392,13.579395,2654
2291,2.190509080886841,2.190481424331665,2.765655517578125e-05,32115.4066,13.167397,2672
2292,2.188072443008423,2.188044548034668,2.7894973754882812e-05,32134.4684,19.06176,2642
2293,2.1904714107513428,2.190443754196167,2.765655517578125e-05,32155.7697,21.301288,2648
2294,2.1880407333374023,2.1880128383636475,2.7894973754882812e-05,32172.1677,16.398035,2666
2295,2.1904516220092773,2.1904239654541016,2.765655517578125e-05,32185.4275,13.259762,2654
2296,2.1880223751068115,2.1879944801330566,2.7894973754882812e-05,32200.3895,14.96207,2654
2297,2.1904497146606445,2.1904220581054688,2.765655517578125e-05,32213.335,12.945431,2654
2298,2.188005208969116,2.1879773139953613,2.7894973754882812e-05,32225.9522,12.617207,2672
2299,2.1904287338256836,2.190401077270508,2.765655517578125e-05,32237.7636,11.811462,2516
2300,2.1879725456237793,2.1879446506500244,2.7894973754882812e-05,32250.1102,12.346568,2654
2301,2.1903860569000244,2.1903584003448486,2.765655517578125e-05,32264.3807,14.270488,2648
2302,2.187924385070801,2.187896490097046,2.7894973754882812e-05,32277.6044,13.223743,2666
2303,2.1903188228607178,2.190291166305542,2.765655517578125e-05,32294.9102,17.305773,2654
2304,2.1878650188446045,2.1878371238708496,2.7894973754882812e-05,32310.3449,15.434712,2666
2305,2.1902551651000977,2.190227508544922,2.765655517578125e-05,32324.5087,14.163762,2672
2306,2.187821626663208,2.187793731689453,2.7894973754882812e-05,32337.4529,12.94422,2648
2307,2.190232276916504,2.190204620361328,2.765655517578125e-05,32350.371,12.918122,2678
2308,2.18780779838562,2.1877799034118652,2.7894973754882812e-05,32363.8916,13.520636,2678
2309,2.1902315616607666,2.190203905105591,2.765655517578125e-05,32378.986,15.094395,2672
2310,2.1877920627593994,2.1877641677856445,2.7894973754882812e-05,32391.9577,12.971611,2660
2311,2.1902263164520264,2.1901986598968506,2.765655517578125e-05,32405.1583,13.200653,2666
2312,2.187767505645752,2.187739610671997,2.7894973754882812e-05,32418.1406,12.982297,2666
2313,2.190185070037842,2.190157413482666,2.765655517578125e-05,32433.2255,15.084913,2672
2314,2.187716484069824,2.1876885890960693,2.7894973754882812e-05,32445.8921,12.666532,2678
2315,2.190112590789795,2.190084934234619,2.765655517578125e-05,32458.9081,13.016025,2672
2316,2.1876578330993652,2.1876299381256104,2.7894973754882812e-05,32473.0799,14.171847,2684
2317,2.1900501251220703,2.1900224685668945,2.765655517578125e-05,32488.3026,15.222698,2678
2318,2.1876165866851807,2.187588691711426,2.7894973754882812e-05,32503.4691,15.166505,2666
2319,2.1900298595428467,2.190002202987671,2.765655517578125e-05,32518.1652,14.696073,2648
2320,2.1876068115234375,2.1875789165496826,2.7894973754882812e-05,32535.6907,17.525532,2684
2321,2.190034866333008,2.190007209777832,2.765655517578125e-05,32552.7405,17.049799,2648
2322,2.1875884532928467,2.187560558319092,2.7894973754882812e-05,32573.5389,20.798405,2666
2323,2.1900157928466797,2.189988136291504,2.765655517578125e-05,32596.5664,23.027427,2684
2324,2.187549591064453,2.1875216960906982,2.7894973754882812e-05,32618.9192,22.352799,2678
2325,2.189950466156006,2.189923048019409,2.7418136596679688e-05,32641.9073,22.988113,2672
2326,2.1874892711639404,2.1874613761901855,2.7894973754882812e-05,32660.2431,18.335781,2684
2327,2.189884662628174,2.189857244491577,2.7418136596679688e-05,32677.6055,17.362473,2678
2328,2.187452554702759,2.187424659729004,2.7894973754882812e-05,32693.5431,15.937595,2504
2329,2.189876079559326,2.1898486614227295,2.7418136596679688e-05,32709.4074,15.864263,2672
2330,2.187443971633911,2.1874163150787354,2.765655517578125e-05,32726.1845,16.777135,2648
2331,2.189884662628174,2.189857244491577,2.7418136596679688e-05,32739.6064,13.421882,2666
2332,2.187432289123535,2.1874046325683594,2.765655517578125e-05,32752.307,12.70055,2672
2333,2.189863443374634,2.189836025238037,2.7418136596679688e-05,32765.8733,13.566332,2678
2334,2.18738055229187,2.1873528957366943,2.765655517578125e-05,32786.1258,20.252536,2672
2335,2.189772605895996,2.1897451877593994,2.7418136596679688e-05,32799.7479,13.622089,2672
2336,2.1873128414154053,2.1872851848602295,2.765655517578125e-05,32813.0269,13.278998,2678
2337,2.1896989345550537,2.189671516418457,2.7418136596679688e-05,32826.3027,13.27578,2672
2338,2.1872661113739014,2.1872384548187256,2.765655517578125e-05,32839.2461,12.943414,2684
2339,2.189667224884033,2.1896398067474365,2.7418136596679688e-05,32852.272,13.025932,2660
2340,2.1872498989105225,2.1872222423553467,2.765655517578125e-05,32866.0461,13.774032,2690
2341,2.1896815299987793,2.1896541118621826,2.7418136596679688e-05,32879.8313,13.785277,2666
2342,2.1872446537017822,2.1872169971466064,2.765655517578125e-05,32897.73,17.898654,2672
2343,2.189682722091675,2.189655303955078,2.7418136596679688e-05,32914.0112,16.281153,2684
2344,2.1872236728668213,2.1871960163116455,2.765655517578125e-05,32927.0227,13.011533,2696
2345,2.189645767211914,2.1896183490753174,2.7418136596679688e-05,32940.0216,12.998932,2660
2346,2.1871750354766846,2.187147378921509,2.765655517578125e-05,32953.8314,13.80981,2678
2347,2.189570903778076,2.1895434856414795,2.7418136596679688e-05,32968.932,15.100557,2678
2348,2.1871070861816406,2.187079429626465,2.765655517578125e-05,32985.1642,16.232223,2678
2349,2.189491033554077,2.1894636154174805,2.7418136596679688e-05,32999.4217,14.257503,2666
2350,2.187058687210083,2.1870310306549072,2.765655517578125e-05,33013.2911,13.869344,2672
2351,2.1894688606262207,2.189441442489624,2.7418136596679688e-05,33027.4187,14.127608,2678
2352,2.187055826187134,2.187028169631958,2.765655517578125e-05,33043.6673,16.248608,2696
2353,2.189509868621826,2.1894824504852295,2.7418136596679688e-05,33066.9324,23.265178,2678
2354,2.1870694160461426,2.187041759490967,2.765655517578125e-05,33081.3708,14.438371,2696
2355,2.1895220279693604,2.1894946098327637,2.7418136596679688e-05,33094.8154,13.444602,2666
2356,2.1870362758636475,2.1870086193084717,2.765655517578125e-05,33108.9133,14.097924,2648
2357,2.1894474029541016,2.189419984817505,2.7418136596679688e-05,33124.6586,15.745302,2678
2358,2.1869547367095947,2.186927080154419,2.765655517578125e-05,33139.196,14.537337,2708
2359,2.189335346221924,2.189307928085327,2.7418136596679688e-05,33154.5981,15.402107,2678
2360,2.186882495880127,2.186854839324951,2.765655517578125e-05,33174.5915,19.993404,2702
2361,2.1892611980438232,2.1892337799072266,2.7418136596679688e-05,33187.9347,13.343183,2672
2362,2.1868515014648438,2.186823844909668,2.765655517578125e-05,33201.5546,13.619911,2690
2363,2.189281702041626,2.1892542839050293,2.7418136596679688e-05,33215.6161,14.061523,2672
2364,2.186872720718384,2.186845064163208,2.765655517578125e-05,33229.4888,13.872641,2690
2365,2.1893310546875,2.1893036365509033,2.7418136596679688e-05,33242.501,13.012287,2678
2366,2.1868696212768555,2.1868419647216797,2.765655517578125e-05,33256.224,13.722933,2690
2367,2.1892993450164795,2.189271926879883,2.7418136596679688e-05,33270.0173,13.793304,2678
2368,2.186805248260498,2.1867775917053223,2.765655517578125e-05,33282.8974,12.880086,2678
2369,2.189180374145508,2.189152956008911,2.7418136596679688e-05,33295.7559,12.858532,2684
2370,2.186718225479126,2.18669056892395,2.765655517578125e-05,33308.6489,12.893043,2702
2371,2.189091682434082,2.1890642642974854,2.7418136596679688e-05,33320.707,12.058047,2504
2372,2.1866824626922607,2.186654806137085,2.765655517578125e-05,33333.743,13.035978,2690
2373,2.1891088485717773,2.1890814304351807,2.7418136596679688e-05,33346.7303,12.98738,2684
2374,2.1867001056671143,2.1866724491119385,2.765655517578125e-05,33359.5328,12.802485,2690
2375,2.189159631729126,2.1891322135925293,2.7418136596679688e-05,33372.5988,13.065949,2684
2376,2.186704397201538,2.1866767406463623,2.765655517578125e-05,33385.6899,13.091171,2678
2377,2.189138412475586,2.1891109943389893,2.7418136596679688e-05,33398.9789,13.28893,2684
2378,2.186652660369873,2.1866250038146973,2.765655517578125e-05,33412.7035,13.724651,2690
2379,2.189044952392578,2.1890175342559814,2.7418136596679688e-05,33425.5572,12.853675,2684
2380,2.1865713596343994,2.1865437030792236,2.765655517578125e-05,33439.0404,13.483178,2684
2381,2.188952922821045,2.1889255046844482,2.7418136596679688e-05,33452.4885,13.448074,2690
2382,2.186525344848633,2.186497688293457,2.765655517578125e-05,33466.9689,14.48044,2690
2383,2.1889431476593018,2.188915967941284,2.7179718017578125e-05,33480.588,13.619062,2690
2384,2.186530351638794,2.186502695083618,2.765655517578125e-05,33493.4886,12.900688,2708
2385,2.1889872550964355,2.188960075378418,2.7179718017578125e-05,33506.3447,12.856038,2696
2386,2.1865360736846924,2.1865086555480957,2.7418136596679688e-05,33519.3078,12.963158,2690
2387,2.188971519470215,2.1889443397521973,2.7179718017578125e-05,33532.5807,13.272832,2690
2388,2.1864845752716064,2.1864571571350098,2.7418136596679688e-05,33545.1635,12.582871,2648
2389,2.1888742446899414,2.188847064971924,2.7179718017578125e-05,33558.0782,12.914623,2696
2390,2.1864030361175537,2.186375617980957,2.7418136596679688e-05,33571.6166,13.538402,2708
2391,2.188781499862671,2.1887543201446533,2.7179718017578125e-05,33585.1532,13.536589,2696
2392,2.1863620281219482,2.1863346099853516,2.7418136596679688e-05,33598.5768,13.423593,2708
2393,2.1887834072113037,2.188756227493286,2.7179718017578125e-05,33612.0242,13.447436,2684
2394,2.186370372772217,2.18634295463562,2.7418136596679688e-05,33624.77,12.745784,2702
2395,2.1888182163238525,2.188791036605835,2.7179718017578125e-05,33637.5472,12.777261,2702
2396,2.186365842819214,2.186338424682617,2.7418136596679688e-05,33650.7898,13.242568,2708
2397,2.1888020038604736,2.188774824142456,2.7179718017578125e-05,33663.5922,12.802378,2684
2398,2.1863253116607666,2.18629789352417,2.7418136596679688e-05,33678.1219,14.529685,2696
2399,2.1887428760528564,2.188715696334839,2.7179718017578125e-05,33696.7238,18.601904,2684
2400,2.1862692832946777,2.186241865158081,2.7418136596679688e-05,33714.8477,18.123959,2702
2401,2.188666820526123,2.1886396408081055,2.7179718017578125e-05,33729.3219,14.474141,2702
2402,2.186211347579956,2.1861839294433594,2.7418136596679688e-05,33742.9224,13.600549,2696
2403,2.1886072158813477,2.18858003616333,2.7179718017578125e-05,33758.527,15.604604,2684
2404,2.1861746311187744,2.1861472129821777,2.7418136596679688e-05,33771.7883,13.261299,2708
2405,2.1885929107666016,2.188565731048584,2.7179718017578125e-05,33785.5125,13.72421,2696
2406,2.186166286468506,2.186138868331909,2.7418136596679688e-05,33798.8833,13.370732,2702
2407,2.188601016998291,2.1885738372802734,2.7179718017578125e-05,33813.17,14.286775,2684
2408,2.1861605644226074,2.1861331462860107,2.7418136596679688e-05,33826.874,13.704008,2702
2409,2.188598394393921,2.1885712146759033,2.7179718017578125e-05,33841.1541,14.280081,2702
2410,2.1861283779144287,2.186100959777832,2.7418136596679688e-05,33854.6799,13.525743,2702
2411,2.188546895980835,2.1885197162628174,2.7179718017578125e-05,33867.6337,12.953844,2702
2412,2.186074733734131,2.186047315597534,2.7418136596679688e-05,33880.6062,12.972497,2702
2413,2.188477039337158,2.1884498596191406,2.7179718017578125e-05,33895.1713,14.565047,2690
2414,2.186028242111206,2.1860008239746094,2.7418136596679688e-05,33908.4776,13.306385,2708
2415,2.1884405612945557,2.188413381576538,2.7179718017578125e-05,33921.8633,13.385639,2702
2416,2.1860058307647705,2.185978412628174,2.7418136596679688e-05,33935.0607,13.197377,2702
2417,2.1884427070617676,2.18841552734375,2.7179718017578125e-05,33949.6879,14.627286,2708
2418,2.1859991550445557,2.185971736907959,2.7418136596679688e-05,33964.2764,14.588461,2702
2419,2.1884419918060303,2.1884148120880127,2.7179718017578125e-05,33983.6086,19.332217,2714
2420,2.1859686374664307,2.185941219329834,2.7418136596679688e-05,34001.2162,17.607591,2696
2421,2.188389539718628,2.1883623600006104,2.7179718017578125e-05,34015.4189,14.202668,2696
2422,2.1859169006347656,2.185889482498169,2.7418136596679688e-05,34029.0143,13.59538,2714
2423,2.188321352005005,2.1882941722869873,2.7179718017578125e-05,34043.5106,14.496291,2690
2424,2.1858654022216797,2.185837984085083,2.7418136596679688e-05,34058.9927,15.482192,2714
2425,2.1882734298706055,2.188246250152588,2.7179718017578125e-05,34074.1563,15.163572,2702
2426,2.1858325004577637,2.185805082321167,2.7418136596679688e-05,34087.5709,13.414589,2708
2427,2.188253402709961,2.1882262229919434,2.7179718017578125e-05,34100.65,13.079101,2690
2428,2.185814619064331,2.1857872009277344,2.7418136596679688e-05,34115.5342,14.884238,2708
2429,2.1882426738739014,2.188215494155884,2.7179718017578125e-05,34132.6129,17.078648,2702
2430,2.1857943534851074,2.1857669353485107,2.7418136596679688e-05,34146.0916,13.478705,2708
2431,2.188225269317627,2.1881980895996094,2.7179718017578125e-05,34159.7409,13.649335,2696
2432,2.185757637023926,2.185730218887329,2.7418136596679688e-05,34173.0327,13.291807,2702
2433,2.1881682872772217,2.188141107559204,2.7179718017578125e-05,34190.2634,17.230633,2702
2434,2.1857078075408936,2.185680389404297,2.7418136596679688e-05,34211.7982,21.534869,2708
2435,2.188108205795288,2.1880810260772705,2.7179718017578125e-05,34228.8114,17.013157,2702
2436,2.1856703758239746,2.185642957687378,2.7418136596679688e-05,34246.3281,17.516724,2708
2437,2.188091993331909,2.1880648136138916,2.7179718017578125e-05,34260.4297,14.1016,2714
2438,2.1856608390808105,2.185633420944214,2.7418136596679688e-05,34276.3836,15.953853,2738
2439,2.1881067752838135,2.188079833984375,2.6941299438476562e-05,34290.5389,14.15534,2708
2440,2.1856517791748047,2.185624361038208,2.7418136596679688e-05,34303.6703,13.13134,2708
2441,2.1880898475646973,2.188062906265259,2.6941299438476562e-05,34317.0682,13.397923,2708
2442,2.1856133937835693,2.1855859756469727,2.7418136596679688e-05,34330.9019,13.833759,2708
2443,2.1880264282226562,2.1879994869232178,2.6941299438476562e-05,34344.6822,13.780253,2702
2444,2.1855530738830566,2.185525894165039,2.7179718017578125e-05,34357.5526,12.870417,2696
2445,2.187957763671875,2.1879308223724365,2.6941299438476562e-05,34370.7784,13.225802,2690
2446,2.185514450073242,2.1854872703552246,2.7179718017578125e-05,34384.7489,13.970512,2714
2447,2.1879444122314453,2.187917470932007,2.6941299438476562e-05,34398.8635,14.114605,2702
2448,2.1855039596557617,2.185476779937744,2.7179718017578125e-05,34413.1396,14.276099,2702
2449,2.1879379749298096,2.187911033630371,2.6941299438476562e-05,34426.8111,13.671508,2714
2450,2.1854801177978516,2.185452938079834,2.7179718017578125e-05,34440.0597,13.248519,2714
2451,2.1879098415374756,2.187882900238037,2.6941299438476562e-05,34453.6717,13.612081,2714
2452,2.1854422092437744,2.185415029525757,2.7179718017578125e-05,34466.2416,12.569851,2552
2453,2.1878583431243896,2.187831401824951,2.6941299438476562e-05,34479.6081,13.3665,2714
2454,2.1854026317596436,2.185375452041626,2.7179718017578125e-05,34492.613,13.004876,2708
2455,2.18782377243042,2.1877968311309814,2.6941299438476562e-05,34507.441,14.828053,2708
2456,2.1853716373443604,2.1853444576263428,2.7179718017578125e-05,34522.6168,15.175796,2720
2457,2.1877999305725098,2.1877729892730713,2.6941299438476562e-05,34537.006,14.389193,2708
2458,2.185344696044922,2.1853175163269043,2.7179718017578125e-05,34550.4281,13.422122,2708
2459,2.1877689361572266,2.187741994857788,2.6941299438476562e-05,34563.2825,12.854393,2726
2460,2.185307264328003,2.1852800846099854,2.7179718017578125e-05,34576.8261,13.54359,2714
2461,2.1877224445343018,2.1876955032348633,2.6941299438476562e-05,34591.5452,14.719127,2714
2462,2.1852705478668213,2.1852433681488037,2.7179718017578125e-05,34606.322,14.776754,2714
2463,2.18770170211792,2.1876747608184814,2.6941299438476562e-05,34619.3103,12.988333,2702
2464,2.185253381729126,2.1852262020111084,2.7179718017578125e-05,34632.4067,13.096361,2714
2465,2.1876938343048096,2.187666893005371,2.6941299438476562e-05,34645.8099,13.403222,2714
2466,2.1852304935455322,2.1852033138275146,2.7179718017578125e-05,34659.0648,13.25491,2720
2467,2.1876611709594727,2.187634229660034,2.6941299438476562e-05,34672.7933,13.728446,2714
2468,2.185192823410034,2.1851656436920166,2.7179718017578125e-05,34686.1901,13.396878,2708
2469,2.1876111030578613,2.187584161758423,2.6941299438476562e-05,34700.3841,14.193919,2720
2470,2.185148000717163,2.1851208209991455,2.7179718017578125e-05,34713.8509,13.466885,2714
2471,2.1875739097595215,2.187546968460083,2.6941299438476562e-05,34728.5828,14.731857,2726
2472,2.1851179599761963,2.1850907802581787,2.7179718017578125e-05,34742.5613,13.978491,2708
2473,2.1875486373901367,2.1875216960906982,2.6941299438476562e-05,34756.0213,13.45997,2684
2474,2.185096502304077,2.1850693225860596,2.7179718017578125e-05,34773.4308,17.409563,2726
2475,2.1875319480895996,2.187505006790161,2.6941299438476562e-05,34788.2246,14.793815,2726
2476,2.1850719451904297,2.185044765472412,2.7179718017578125e-05,34804.166,15.941362,2726
2477,2.187506914138794,2.1874799728393555,2.6941299438476562e-05,34817.6399,13.473919,2726
2478,2.185039520263672,2.1850123405456543,2.7179718017578125e-05,34831.0617,13.421751,2732
2479,2.187469244003296,2.1874423027038574,2.6941299438476562e-05,34845.3945,14.332857,2576
2480,2.1849985122680664,2.184971332550049,2.7179718017578125e-05,34860.8276,15.433049,2720
2481,2.187408685684204,2.1873817443847656,2.6941299438476562e-05,34875.1354,14.307868,2726
2482,2.184948682785034,2.1849215030670166,2.7179718017578125e-05,34888.7908,13.655361,2732
2483,2.1873679161071777,2.1873409748077393,2.6941299438476562e-05,34902.1885,13.397684,2696
2484,2.1849288940429688,2.184901714324951,2.7179718017578125e-05,34917.0879,14.8994,2732
2485,2.1873745918273926,2.187347650527954,2.6941299438476562e-05,34931.1066,14.018706,2732
2486,2.184924364089966,2.1848971843719482,2.7179718017578125e-05,34946.0701,14.963498,2702
2487,2.187380313873291,2.1873533725738525,2.6941299438476562e-05,34959.319,13.248951,2714
2488,2.184903144836426,2.184875965118408,2.7179718017578125e-05,34975.8423,16.523265,2738
2489,2.1873323917388916,2.187305450439453,2.6941299438476562e-05,34990.0374,14.19509,2702
2490,2.184840679168701,2.1848134994506836,2.7179718017578125e-05,35009.1909,19.153465,2720
2491,2.187242269515991,2.1872153282165527,2.6941299438476562e-05,35024.8221,15.631284,2732
2492,2.184774160385132,2.1847469806671143,2.7179718017578125e-05,35040.508,15.685899,2720
2493,2.1871695518493652,2.1871426105499268,2.6941299438476562e-05,35056.5653,16.057254,2732
2494,2.1847403049468994,2.184713125228882,2.7179718017578125e-05,35071.8713,15.306021,2738
2495,2.1871776580810547,2.187150716781616,2.6941299438476562e-05,35086.4177,14.546431,2726
2496,2.184756278991699,2.1847290992736816,2.7179718017578125e-05,35099.7758,13.358085,2552
2497,2.1872270107269287,2.1872003078460693,2.6702880859375e-05,35117.9071,18.131294,2702
2498,2.1847643852233887,2.184737205505371,2.7179718017578125e-05,35132.0886,14.181515,2732
2499,2.187218427658081,2.1871917247772217,2.6702880859375e-05,35145.4646,13.375984,2720
2500,2.184718370437622,2.1846911907196045,2.7179718017578125e-05,35164.504,19.03937,2720
2501,2.1871204376220703,2.187093734741211,2.6702880859375e-05,35180.5501,16.046097,2726
2502,2.184631586074829,2.1846046447753906,2.6941299438476562e-05,35194.1942,13.644079,2720
2503,2.187025785446167,2.1869990825653076,2.6702880859375e-05,35209.1947,15.000533,2738
2504,2.184586524963379,2.1845595836639404,2.6941299438476562e-05,35222.6218,13.427084,2720
2505,2.187009811401367,2.186983108520508,2.6702880859375e-05,35238.9729,16.35111,2720
2506,2.1845862865448,2.1845593452453613,2.6941299438476562e-05,35254.6524,15.679493,2738
2507,2.187042236328125,2.1870155334472656,2.6702880859375e-05,35268.0006,13.348198,2744
2508,2.184591770172119,2.1845648288726807,2.6941299438476562e-05,35282.04,14.039398,2726
2509,2.187047243118286,2.1870205402374268,2.6702880859375e-05,35298.1889,16.148941,2738
2510,2.1845619678497314,2.184535026550293,2.6941299438476562e-05,35312.2437,14.054761,2756
2511,2.186990976333618,2.186964273452759,2.6702880859375e-05,35327.1877,14.943997,2726
2512,2.1845102310180664,2.184483289718628,2.6941299438476562e-05,35343.0777,15.890059,2738
2513,2.186934471130371,2.1869077682495117,2.6702880859375e-05,35357.4123,14.334544,2738
2514,2.1844699382781982,2.1844429969787598,2.6941299438476562e-05,35370.9899,13.577633,2732
2515,2.1868956089019775,2.186868906021118,2.6702880859375e-05,35384.1404,13.150473,2720
2516,2.184427261352539,2.1844003200531006,2.6941299438476562e-05,35398.5121,14.37167,2738
2517,2.1868362426757812,2.186809539794922,2.6702880859375e-05,35412.2278,13.715701,2738
2518,2.1843836307525635,2.184356689453125,2.6941299438476562e-05,35425.2166,12.98887,2702
2519,2.1868133544921875,2.186786651611328,2.6702880859375e-05,35441.5084,16.291782,2720
2520,2.184375762939453,2.1843488216400146,2.6941299438476562e-05,35458.8605,17.352054,2732
2521,2.186830997467041,2.1868042945861816,2.6702880859375e-05,35474.7951,15.934601,2708
2522,2.184366464614868,2.1843395233154297,2.6941299438476562e-05,35489.2561,14.46098,2726
2523,2.186811685562134,2.1867849826812744,2.6702880859375e-05,35505.095,15.838908,2738
2524,2.1843321323394775,2.184305191040039,2.6941299438476562e-05,35519.3251,14.230179,2732
2525,2.1867589950561523,2.186732292175293,2.6702880859375e-05,35533.841,14.515812,2726
2526,2.184281349182129,2.1842544078826904,2.6941299438476562e-05,35548.9733,15.132349,2732
2527,2.186702251434326,2.186675548553467,2.6702880859375e-05,35562.1124,13.139073,2726
2528,2.1842494010925293,2.184222459793091,2.6941299438476562e-05,35578.5933,16.480957,2732
2529,2.1866843700408936,2.186657667160034,2.6702880859375e-05,35595.4898,16.896506,2726
2530,2.1842246055603027,2.1841976642608643,2.6941299438476562e-05,35609.8477,14.357836,2738
2531,2.1866612434387207,2.1866345405578613,2.6702880859375e-05,35623.121,13.27329,2720
2532,2.184189558029175,2.1841626167297363,2.6941299438476562e-05,35636.9993,13.878382,2738
2533,2.1866090297698975,2.186582326889038,2.6702880859375e-05,35650.2346,13.235271,2732
2534,2.1841542720794678,2.1841273307800293,2.6941299438476562e-05,35664.889,14.654415,2720
2535,2.1865928173065186,2.186566114425659,2.6702880859375e-05,35681.1554,16.266347,2732
2536,2.1841416358947754,2.184114694595337,2.6941299438476562e-05,35695.2265,14.071087,2750
2537,2.1865921020507812,2.186565399169922,2.6702880859375e-05,35708.6982,13.471693,2714
2538,2.1841232776641846,2.184096336364746,2.6941299438476562e-05,35722.0062,13.30806,2756
2539,2.1865599155426025,2.186533212661743,2.6702880859375e-05,35738.8954,16.889145,2738
2540,2.184079647064209,2.1840527057647705,2.6941299438476562e-05,35753.5541,14.658724,2636
2541,2.1864993572235107,2.1864726543426514,2.6702880859375e-05,35769.5805,16.026378,2738
2542,2.184030532836914,2.1840035915374756,2.6941299438476562e-05,35785.2361,15.655596,2744
2543,2.186452865600586,2.1864261627197266,2.6702880859375e-05,35803.194,17.957918,2732
2544,2.1840004920959473,2.183973550796509,2.6941299438476562e-05,35824.571,21.376996,2744
2545,2.186439037322998,2.1864123344421387,2.6702880859375e-05,35838.6898,14.118852,2744
2546,2.183985710144043,2.1839587688446045,2.6941299438476562e-05,35853.3064,14.616601,2738
2547,2.1864304542541504,2.186403751373291,2.6702880859375e-05,35870.2085,16.902062,2732
2548,2.183967351913452,2.1839404106140137,2.6941299438476562e-05,35885.3961,15.187645,2744
2549,2.1864140033721924,2.186387300491333,2.6702880859375e-05,35899.5392,14.14305,2738
2550,2.1839375495910645,2.183910608291626,2.6941299438476562e-05,35913.639,14.099787,2744
2551,2.1863644123077393,2.18633770942688,2.6702880859375e-05,35928.5979,14.958877,2750
2552,2.1838839054107666,2.183856964111328,2.6941299438476562e-05,35942.0749,13.477049,2744
2553,2.1862974166870117,2.1862707138061523,2.6702880859375e-05,35955.5617,13.486793,2750
2554,2.183837890625,2.1838109493255615,2.6941299438476562e-05,35968.841,13.279327,2726
2555,2.1862664222717285,2.1862399578094482,2.6464462280273438e-05,35982.2053,13.364254,2738
2556,2.183819532394409,2.1837925910949707,2.6941299438476562e-05,35995.5029,13.297576,2738
2557,2.1862599849700928,2.1862335205078125,2.6464462280273438e-05,36008.8151,13.312291,2744
2558,2.1838014125823975,2.183774709701538,2.6702880859375e-05,36022.1094,13.294274,2750
2559,2.1862409114837646,2.1862144470214844,2.6464462280273438e-05,36035.5451,13.435647,2738
2560,2.183772087097168,2.1837453842163086,2.6702880859375e-05,36049.4492,13.904145,2744
2561,2.186202049255371,2.186175584793091,2.6464462280273438e-05,36062.7677,13.318478,2750
2562,2.1837358474731445,2.183709144592285,2.6702880859375e-05,36076.0002,13.232482,2756
2563,2.1861636638641357,2.1861371994018555,2.6464462280273438e-05,36089.4588,13.458639,2744
2564,2.1837098598480225,2.183683156967163,2.6702880859375e-05,36102.6469,13.188067,2744
2565,2.1861538887023926,2.1861274242401123,2.6464462280273438e-05,36116.1926,13.545762,2750
2566,2.1836955547332764,2.183668851852417,2.6702880859375e-05,36130.5817,14.38905,2744
2567,2.186150074005127,2.1861236095428467,2.6464462280273438e-05,36143.9613,13.37959,2750
2568,2.1836743354797363,2.183647632598877,2.6702880859375e-05,36157.1195,13.158241,2756
2569,2.186122179031372,2.186095714569092,2.6464462280273438e-05,36170.5459,13.426377,2756
2570,2.1836299896240234,2.183603286743164,2.6702880859375e-05,36183.8496,13.303728,2750
2571,2.1860463619232178,2.1860198974609375,2.6464462280273438e-05,36197.8165,13.966906,2750
2572,2.183563709259033,2.183537006378174,2.6702880859375e-05,36211.1918,13.375299,2762
2573,2.1859731674194336,2.1859467029571533,2.6464462280273438e-05,36226.1878,14.995995,2756
2574,2.1835246086120605,2.183497905731201,2.6702880859375e-05,36239.5833,13.395511,2750
2575,2.1859538555145264,2.185927391052246,2.6464462280273438e-05,36252.9895,13.406191,2756
2576,2.1835193634033203,2.183492660522461,2.6702880859375e-05,36266.4406,13.451084,2750
2577,2.1859748363494873,2.185948371887207,2.6464462280273438e-05,36280.463,14.022418,2732
2578,2.183515787124634,2.1834890842437744,2.6702880859375e-05,36295.4034,14.940415,2768
2579,2.1859688758850098,2.1859424114227295,2.6464462280273438e-05,36308.6167,13.213232,2750
2580,2.1834914684295654,2.183464765548706,2.6702880859375e-05,36323.5346,14.917961,2750
2581,2.1859238147735596,2.1858973503112793,2.6464462280273438e-05,36337.4109,13.876297,2750
2582,2.183436870574951,2.183410167694092,2.6702880859375e-05,36351.845,14.43409,2750
2583,2.1858527660369873,2.185826301574707,2.6464462280273438e-05,36366.2715,14.426523,2750
2584,2.183380603790283,2.183353900909424,2.6702880859375e-05,36380.9495,14.678002,2750
2585,2.1857833862304688,2.1857569217681885,2.6464462280273438e-05,36395.6073,14.657729,2762
2586,2.1833462715148926,2.183319568634033,2.6702880859375e-05,36410.22,14.612712,2750
2587,2.185784339904785,2.185757875442505,2.6464462280273438e-05,36424.8983,14.678272,2750
2588,2.183349370956421,2.1833226680755615,2.6702880859375e-05,36439.7598,14.861587,2744
2589,2.185816526412964,2.1857900619506836,2.6464462280273438e-05,36455.4592,15.699375,2756
2590,2.1833527088165283,2.183326005935669,2.6702880859375e-05,36472.7003,17.241102,2744
2591,2.1858110427856445,2.1857845783233643,2.6464462280273438e-05,36487.4375,14.737181,2750
2592,2.183314800262451,2.183288097381592,2.6702880859375e-05,36502.1898,14.752303,2762
2593,2.185737371444702,2.185710906982422,2.6464462280273438e-05,36520.3736,18.183837,2732
2594,2.183244228363037,2.1832175254821777,2.6702880859375e-05,36536.2869,15.913271,2756
2595,2.185643196105957,2.1856167316436768,2.6464462280273438e-05,36558.9273,22.640412,2756
2596,2.183189630508423,2.1831629276275635,2.6702880859375e-05,36574.674,15.746687,2762
2597,2.1856160163879395,2.185589551925659,2.6464462280273438e-05,36589.5665,14.892472,2744
2598,2.1831836700439453,2.183156967163086,2.6702880859375e-05,36604.0343,14.467804,2768
2599,2.1856460571289062,2.185619592666626,2.6464462280273438e-05,36618.2089,14.174578,2738
2600,2.183192491531372,2.1831657886505127,2.6702880859375e-05,36632.511,14.30215,2768
2601,2.1856560707092285,2.1856296062469482,2.6464462280273438e-05,36647.0158,14.504763,2744
2602,2.1831727027893066,2.1831459999084473,2.6702880859375e-05,36661.3634,14.347585,2750
2603,2.1856207847595215,2.185594320297241,2.6464462280273438e-05,36676.8759,15.512564,2762
2604,2.1831274032592773,2.183100700378418,2.6702880859375e-05,36691.3572,14.481252,2762
2605,2.185547113418579,2.185520648956299,2.6464462280273438e-05,36706.0165,14.659325,2756
2606,2.183068037033081,2.1830413341522217,2.6702880859375e-05,36720.2273,14.210823,2774
2607,2.1854734420776367,2.1854469776153564,2.6464462280273438e-05,36734.5892,14.3619,2756
2608,2.183013916015625,2.1829872131347656,2.6702880859375e-05,36748.8647,14.275507,2762
2609,2.185427188873291,2.1854007244110107,2.6464462280273438e-05,36762.8968,14.032083,2756
2610,2.182990789413452,2.1829640865325928,2.6702880859375e-05,36780.4365,17.539661,2774
2611,2.1854324340820312,2.185405969619751,2.6464462280273438e-05,36795.8149,15.378423,2750
2612,2.182997226715088,2.1829705238342285,2.6702880859375e-05,36811.5429,15.728021,2768
2613,2.185468912124634,2.1854424476623535,2.6464462280273438e-05,36827.8708,16.32788,2762
2614,2.18300724029541,2.182980537414551,2.6702880859375e-05,36843.5549,15.684061,2774
2615,2.185469388961792,2.185443162918091,2.6226043701171875e-05,36859.1048,15.549934,2762
2616,2.182966947555542,2.1829402446746826,2.6702880859375e-05,36872.5489,13.444086,2774
2617,2.185391664505005,2.1853654384613037,2.6226043701171875e-05,36889.7171,17.168245,2750
2618,2.1828949451446533,2.182868480682373,2.6464462280273438e-05,36904.2597,14.542589,2768
2619,2.185291051864624,2.185264825820923,2.6226043701171875e-05,36918.3239,14.064212,2768
2620,2.182838201522827,2.182811737060547,2.6464462280273438e-05,36932.5559,14.231952,2762
2621,2.1852591037750244,2.1852328777313232,2.6226043701171875e-05,36946.2606,13.704708,2774
2622,2.182830810546875,2.1828043460845947,2.6464462280273438e-05,36959.9343,13.673723,2768
2623,2.1852946281433105,2.1852684020996094,2.6226043701171875e-05,36973.9488,14.014437,2774
2624,2.182852029800415,2.1828255653381348,2.6464462280273438e-05,36988.3285,14.379712,2768
2625,2.1853301525115967,2.1853039264678955,2.6226043701171875e-05,37003.5885,15.260008,2762
2626,2.1828367710113525,2.1828103065490723,2.6464462280273438e-05,37017.4626,13.874104,2762
2627,2.185274362564087,2.1852481365203857,2.6226043701171875e-05,37030.851,13.388444,2750
2628,2.1827731132507324,2.182746648788452,2.6464462280273438e-05,37044.1324,13.281405,2780
2629,2.1851816177368164,2.1851553916931152,2.6226043701171875e-05,37058.0294,13.896933,2762
2630,2.182709217071533,2.182682752609253,2.6464462280273438e-05,37072.2062,14.176855,2774
2631,2.185123920440674,2.1850976943969727,2.6226043701171875e-05,37087.0139,14.807646,2768
2632,2.182673692703247,2.182647228240967,2.6464462280273438e-05,37100.6646,13.650786,2756
2633,2.185110569000244,2.185084342956543,2.6226043701171875e-05,37113.9258,13.261146,2756
2634,2.182668447494507,2.1826419830322266,2.6464462280273438e-05,37127.2351,13.309286,2780
2635,2.185131072998047,2.1851048469543457,2.6226043701171875e-05,37140.6299,13.394826,2774
2636,2.1826701164245605,2.1826436519622803,2.6464462280273438e-05,37155.622,14.992134,2780
2637,2.185121774673462,2.1850955486297607,2.6226043701171875e-05,37169.4705,13.848476,2750
2638,2.1826326847076416,2.1826062202453613,2.6464462280273438e-05,37182.7731,13.302613,2774
2639,2.1850547790527344,2.185028553009033,2.6226043701171875e-05,37196.281,13.507852,2774
2640,2.1825737953186035,2.1825473308563232,2.6464462280273438e-05,37209.5672,13.286229,2780
2641,2.184988021850586,2.1849617958068848,2.6226043701171875e-05,37223.6949,14.127673,2762
2642,2.1825389862060547,2.1825125217437744,2.6464462280273438e-05,37237.8097,14.114778,2768
2643,2.1849803924560547,2.1849541664123535,2.6226043701171875e-05,37251.1982,13.388494,2750
2644,2.1825358867645264,2.182509422302246,2.6464462280273438e-05,37264.7422,13.543998,2780
2645,2.1850016117095947,2.1849753856658936,2.6226043701171875e-05,37278.3373,13.595113,2756
2646,2.182530641555786,2.182504177093506,2.6464462280273438e-05,37291.8179,13.480627,2780
2647,2.1849844455718994,2.1849582195281982,2.6226043701171875e-05,37305.1768,13.358922,2762
2648,2.1824963092803955,2.1824698448181152,2.6464462280273438e-05,37318.5188,13.342032,2762
2649,2.184925079345703,2.184898853302002,2.6226043701171875e-05,37331.9195,13.4007,2762
2650,2.182443618774414,2.182417154312134,2.6464462280273438e-05,37346.2687,14.34919,2780
2651,2.184861183166504,2.1848349571228027,2.6226043701171875e-05,37359.6421,13.373377,2762
2652,2.1824021339416504,2.18237566947937,2.6464462280273438e-05,37374.9848,15.342645,2774
2653,2.1848437786102295,2.1848175525665283,2.6226043701171875e-05,37388.1768,13.192083,2630
2654,2.18239164352417,2.1823651790618896,2.6464462280273438e-05,37403.1217,14.944819,2780
2655,2.1848409175872803,2.184814691543579,2.6226043701171875e-05,37416.2008,13.079099,2768
2656,2.1823740005493164,2.182347536087036,2.6464462280273438e-05,37429.6692,13.468448,2798
2657,2.184814453125,2.184788227081299,2.6226043701171875e-05,37443.6465,13.977334,2756
2658,2.182337760925293,2.1823112964630127,2.6464462280273438e-05,37457.2394,13.592883,2792
2659,2.1847760677337646,2.1847498416900635,2.6226043701171875e-05,37470.3719,13.132445,2768
2660,2.182307004928589,2.1822805404663086,2.6464462280273438e-05,37483.401,13.029125,2738
2661,2.184739589691162,2.184713363647461,2.6226043701171875e-05,37498.9508,15.549787,2774
2662,2.1822664737701416,2.1822400093078613,2.6464462280273438e-05,37521.0586,22.107869,2768
2663,2.1846954822540283,2.184669256210327,2.6226043701171875e-05,37540.3417,19.28302,2762
2664,2.1822311878204346,2.1822047233581543,2.6464462280273438e-05,37559.7153,19.37368,2762
2665,2.184671640396118,2.184645414352417,2.6226043701171875e-05,37578.8141,19.098748,2756
2666,2.182229518890381,2.1822030544281006,2.6464462280273438e-05,37598.2728,19.458749,2780
2667,2.184696912765503,2.1846706867218018,2.6226043701171875e-05,37617.6997,19.426822,2780
2668,2.1822195053100586,2.1821930408477783,2.6464462280273438e-05,37637.4785,19.778881,2792
2669,2.1846699714660645,2.1846437454223633,2.6226043701171875e-05,37656.604,19.125444,2768
2670,2.1821770668029785,2.1821506023406982,2.6464462280273438e-05,37676.2187,19.614687,2798
2671,2.1846113204956055,2.1845850944519043,2.6226043701171875e-05,37695.7933,19.574603,2756
2672,2.1821341514587402,2.18210768699646,2.6464462280273438e-05,37714.9433,19.150027,2762
2673,2.1845688819885254,2.1845428943634033,2.5987625122070312e-05,37734.1266,19.183266,2780
2674,2.182105779647827,2.182079315185547,2.6464462280273438e-05,37753.8248,19.698222,2780
2675,2.18454647064209,2.1845204830169678,2.5987625122070312e-05,37774.4539,20.629089,2780
2676,2.182075262069702,2.182049036026001,2.6226043701171875e-05,37801.2509,26.797063,2798
2677,2.184514284133911,2.184488296508789,2.5987625122070312e-05,37823.1596,21.908638,2768
2678,2.182051420211792,2.182025194168091,2.6226043701171875e-05,37847.2466,24.086971,2774
2679,2.1844985485076904,2.1844725608825684,2.5987625122070312e-05,37869.0868,21.840215,2780
2680,2.182033061981201,2.1820068359375,2.6226043701171875e-05,37892.9839,23.897132,2792
2681,2.1844799518585205,2.1844539642333984,2.5987625122070312e-05,37914.0391,21.055147,2774
2682,2.1819982528686523,2.181972026824951,2.6226043701171875e-05,37935.3811,21.342063,2792
2683,2.1844322681427,2.184406280517578,2.5987625122070312e-05,37955.9367,20.555537,2786
2684,2.181957244873047,2.1819310188293457,2.6226043701171875e-05,37970.9525,15.0158,2780
2685,2.1843864917755127,2.1843605041503906,2.5987625122070312e-05,37984.0706,13.118149,2774
2686,2.181931972503662,2.181905746459961,2.6226043701171875e-05,37997.2957,13.225087,2792
2687,2.184391975402832,2.18436598777771,2.5987625122070312e-05,38010.5822,13.286497,2786
2688,2.181934356689453,2.181908130645752,2.6226043701171875e-05,38023.9058,13.323614,2792
2689,2.184401035308838,2.184375047683716,2.5987625122070312e-05,38037.0287,13.122925,2774
2690,2.1819071769714355,2.1818809509277344,2.6226043701171875e-05,38050.1975,13.168778,2792
2691,2.1843421459198,2.1843161582946777,2.5987625122070312e-05,38063.4271,13.229646,2792
2692,2.18184494972229,2.181818723678589,2.6226043701171875e-05,38077.3762,13.949051,2804
2693,2.1842575073242188,2.1842315196990967,2.5987625122070312e-05,38091.2574,13.881159,2768
2694,2.1817901134490967,2.1817638874053955,2.6226043701171875e-05,38104.5661,13.308748,2804
2695,2.1842143535614014,2.1841883659362793,2.5987625122070312e-05,38117.671,13.104935,2756
2696,2.1817824840545654,2.1817562580108643,2.6226043701171875e-05,38130.8769,13.205891,2786
2697,2.1842522621154785,2.1842262744903564,2.5987625122070312e-05,38144.2988,13.421826,2798
2698,2.1817994117736816,2.1817731857299805,2.6226043701171875e-05,38157.5762,13.277423,2810
2699,2.184282064437866,2.184256076812744,2.5987625122070312e-05,38170.6518,13.075651,2786
2700,2.1817846298217773,2.181758403778076,2.6226043701171875e-05,38184.3223,13.670431,2810
2701,2.1842310428619385,2.1842050552368164,2.5987625122070312e-05,38197.5801,13.257828,2798
2702,2.181715965270996,2.181689739227295,2.6226043701171875e-05,38210.893,13.312947,2804
2703,2.184122085571289,2.184096097946167,2.5987625122070312e-05,38224.0662,13.173118,2762
2704,2.181648015975952,2.181621789932251,2.6226043701171875e-05,38237.8694,13.803198,2798
2705,2.1840696334838867,2.1840436458587646,2.5987625122070312e-05,38251.1355,13.266098,2786
2706,2.1816341876983643,2.181607961654663,2.6226043701171875e-05,38264.5378,13.402385,2792
2707,2.1840927600860596,2.1840667724609375,2.5987625122070312e-05,38277.8833,13.345445,2804
2708,2.1816484928131104,2.181622266769409,2.6226043701171875e-05,38291.5262,13.642914,2810
2709,2.1841320991516113,2.1841061115264893,2.5987625122070312e-05,38304.763,13.23683,2792
2710,2.1816458702087402,2.181619644165039,2.6226043701171875e-05,38317.9914,13.228398,2798
2711,2.1841068267822266,2.1840808391571045,2.5987625122070312e-05,38331.4159,13.424517,2798
2712,2.18160080909729,2.181574583053589,2.6226043701171875e-05,38344.5497,13.133801,2798
2713,2.1840295791625977,2.1840035915374756,2.5987625122070312e-05,38357.6841,13.134321,2798
2714,2.181541681289673,2.1815154552459717,2.6226043701171875e-05,38370.876,13.191939,2798
2715,2.183969259262085,2.183943271636963,2.5987625122070312e-05,38383.9974,13.121385,2780
2716,2.181509494781494,2.181483268737793,2.6226043701171875e-05,38397.2716,13.274215,2792
2717,2.183960437774658,2.183934450149536,2.5987625122070312e-05,38410.5218,13.250191,2786
2718,2.181499481201172,2.1814732551574707,2.6226043701171875e-05,38423.7996,13.277828,2804
2719,2.1839611530303955,2.1839351654052734,2.5987625122070312e-05,38436.9278,13.128212,2768
2720,2.181483268737793,2.181457042694092,2.6226043701171875e-05,38450.2103,13.282446,2780
2721,2.1839377880096436,2.1839118003845215,2.5987625122070312e-05,38463.3052,13.094902,2768
2722,2.181450128555298,2.1814239025115967,2.6226043701171875e-05,38476.5804,13.275215,2798
2723,2.183889627456665,2.183863639831543,2.5987625122070312e-05,38489.8578,13.277354,2780
2724,2.1814112663269043,2.181385040283203,2.6226043701171875e-05,38503.2316,13.373812,2810
2725,2.1838507652282715,2.1838247776031494,2.5987625122070312e-05,38516.4874,13.25587,2786
2726,2.1813836097717285,2.1813573837280273,2.6226043701171875e-05,38529.8154,13.327922,2810
2727,2.183835983276367,2.183809995651245,2.5987625122070312e-05,38543.0284,13.213049,2786
2728,2.1813676357269287,2.1813414096832275,2.6226043701171875e-05,38556.2308,13.202438,2810
2729,2.183828830718994,2.183802843093872,2.5987625122070312e-05,38569.3841,13.153244,2768
2730,2.181344747543335,2.181318521499634,2.6226043701171875e-05,38582.6087,13.22464,2798
2731,2.1837942600250244,2.1837682723999023,2.5987625122070312e-05,38595.7601,13.151347,2792
2732,2.1813127994537354,2.181286573410034,2.6226043701171875e-05,38608.9991,13.239013,2810
2733,2.1837573051452637,2.1837315559387207,2.574920654296875e-05,38622.1683,13.169182,2792
2734,2.1812779903411865,2.1812517642974854,2.6226043701171875e-05,38635.3519,13.183602,2804
2735,2.1837210655212402,2.1836953163146973,2.574920654296875e-05,38647.993,12.641081,2660
2736,2.1812479496002197,2.1812219619750977,2.5987625122070312e-05,38661.3783,13.385386,2810
2737,2.18369460105896,2.183668851852417,2.574920654296875e-05,38674.4682,13.08988,2798
2738,2.1812245845794678,2.1811985969543457,2.5987625122070312e-05,38687.8554,13.387217,2816
2739,2.1836721897125244,2.1836464405059814,2.574920654296875e-05,38701.1147,13.259251,2804
2740,2.1812050342559814,2.1811790466308594,2.5987625122070312e-05,38714.407,13.29227,2792
2741,2.1836609840393066,2.1836352348327637,2.574920654296875e-05,38727.6668,13.259888,2798
2742,2.1811816692352295,2.1811556816101074,2.5987625122070312e-05,38741.0047,13.337854,2822
2743,2.18363094329834,2.183605194091797,2.574920654296875e-05,38754.2661,13.261446,2804
2744,2.181147813796997,2.181121826171875,2.5987625122070312e-05,38767.5563,13.290165,2798
2745,2.1835877895355225,2.1835620403289795,2.574920654296875e-05,38780.7548,13.198476,2792
2746,2.181114912033081,2.181088924407959,2.5987625122070312e-05,38794.2319,13.477113,2816
2747,2.1835649013519287,2.1835391521453857,2.574920654296875e-05,38807.5818,13.349859,2792
2748,2.181096315383911,2.181070327758789,2.5987625122070312e-05,38820.9539,13.372121,2828
2749,2.183551073074341,2.183525323867798,2.574920654296875e-05,38834.2686,13.314698,2804
2750,2.181067705154419,2.181041717529297,2.5987625122070312e-05,38847.4608,13.192225,2798
2751,2.1835122108459473,2.1834864616394043,2.574920654296875e-05,38860.6593,13.198513,2798
2752,2.181037187576294,2.181011199951172,2.5987625122070312e-05,38874.1969,13.537592,2834
2753,2.183485746383667,2.183459997177124,2.574920654296875e-05,38888.8451,14.648209,2810
2754,2.18101167678833,2.180985689163208,2.5987625122070312e-05,38902.4084,13.563272,2822
2755,2.183460235595703,2.18343448638916,2.574920654296875e-05,38915.6673,13.258911,2816
2756,2.1809799671173096,2.1809539794921875,2.5987625122070312e-05,38929.4909,13.823585,2834
2757,2.1834192276000977,2.1833934783935547,2.574920654296875e-05,38942.9225,13.431612,2792
2758,2.1809468269348145,2.1809208393096924,2.5987625122070312e-05,38956.1946,13.272078,2822
2759,2.1833958625793457,2.1833701133728027,2.574920654296875e-05,38969.3351,13.140573,2786
2760,2.1809277534484863,2.1809017658233643,2.5987625122070312e-05,38983.1352,13.80003,2828
2761,2.183382272720337,2.183356523513794,2.574920654296875e-05,38996.5499,13.414679,2798
2762,2.1809074878692627,2.1808815002441406,2.5987625122070312e-05,39009.8599,13.310059,2822
2763,2.18336820602417,2.183342456817627,2.574920654296875e-05,39022.9578,13.097885,2798
2764,2.180882692337036,2.180856704711914,2.5987625122070312e-05,39036.2239,13.26606,2804
2765,2.1833415031433105,2.1833157539367676,2.574920654296875e-05,39049.4702,13.246329,2816
2766,2.1808509826660156,2.1808249950408936,2.5987625122070312e-05,39062.645,13.174839,2810
2767,2.183293342590332,2.183267593383789,2.574920654296875e-05,39075.8513,13.206287,2816
2768,2.1808085441589355,2.1807825565338135,2.5987625122070312e-05,39089.2304,13.379081,2810
2769,2.1832449436187744,2.1832191944122314,2.574920654296875e-05,39102.3899,13.159509,2816
2770,2.1807756423950195,2.1807496547698975,2.5987625122070312e-05,39115.6919,13.30196,2804
2771,2.1832170486450195,2.1831912994384766,2.574920654296875e-05,39128.751,13.059103,2792
2772,2.180753707885742,2.18072772026062,2.5987625122070312e-05,39141.9886,13.237623,2822
2773,2.1832032203674316,2.1831774711608887,2.574920654296875e-05,39155.1845,13.195909,2810
2774,2.1807379722595215,2.1807119846343994,2.5987625122070312e-05,39168.4769,13.292407,2822
2775,2.183197259902954,2.183171510696411,2.574920654296875e-05,39181.7594,13.282446,2810
2776,2.180720090866089,2.180694103240967,2.5987625122070312e-05,39195.1129,13.353594,2822
2777,2.183175802230835,2.183150053024292,2.574920654296875e-05,39208.3614,13.248438,2816
2778,2.1806912422180176,2.1806652545928955,2.5987625122070312e-05,39221.6219,13.260468,2834
2779,2.1831343173980713,2.1831085681915283,2.574920654296875e-05,39234.9266,13.304758,2804
2780,2.1806490421295166,2.1806230545043945,2.5987625122070312e-05,39248.2517,13.325052,2840
2781,2.183084487915039,2.183058738708496,2.574920654296875e-05,39261.3337,13.082026,2792
2782,2.1806159019470215,2.1805899143218994,2.5987625122070312e-05,39274.6074,13.273684,2828
2783,2.183068037033081,2.183042287826538,2.574920654296875e-05,39287.7922,13.184785,2798
2784,2.1806046962738037,2.1805787086486816,2.5987625122070312e-05,39301.0757,13.28353,2828
2785,2.1830673217773438,2.183041572570801,2.574920654296875e-05,39314.5915,13.515848,2816
2786,2.180588483810425,2.1805624961853027,2.5987625122070312e-05,39327.8445,13.252951,2816
2787,2.1830389499664307,2.1830132007598877,2.574920654296875e-05,39340.8724,13.02792,2780
2788,2.180551767349243,2.180525779724121,2.5987625122070312e-05,39354.2992,13.42682,2828
2789,2.1829912662506104,2.1829655170440674,2.574920654296875e-05,39367.4312,13.132007,2804
2790,2.180514335632324,2.180488348007202,2.5987625122070312e-05,39380.6834,13.252171,2822
2791,2.1829514503479004,2.1829257011413574,2.574920654296875e-05,39393.9033,13.219914,2804
2792,2.1804802417755127,2.1804542541503906,2.5987625122070312e-05,39407.2847,13.381406,2822
2793,2.1829116344451904,2.1828861236572266,2.5510787963867188e-05,39420.5549,13.27022,2822
2794,2.180443048477173,2.18041729927063,2.574920654296875e-05,39433.8128,13.257829,2816
2795,2.1828830242156982,2.1828575134277344,2.5510787963867188e-05,39446.9694,13.156635,2810
2796,2.180427074432373,2.18040132522583,2.574920654296875e-05,39460.2243,13.254938,2834
2797,2.182882785797119,2.1828572750091553,2.5510787963867188e-05,39473.5615,13.337173,2804
2798,2.1804189682006836,2.1803932189941406,2.574920654296875e-05,39486.7495,13.187934,2822
2799,2.1828811168670654,2.1828556060791016,2.5510787963867188e-05,39499.952,13.202504,2816
2800,2.1803972721099854,2.1803715229034424,2.574920654296875e-05,39513.3228,13.370887,2834
2801,2.1828393936157227,2.182813882827759,2.5510787963867188e-05,39526.5322,13.209404,2816
2802,2.1803529262542725,2.1803271770477295,2.574920654296875e-05,39539.6895,13.157285,2810
2803,2.1827805042266846,2.1827549934387207,2.5510787963867188e-05,39552.9358,13.246302,2822
2804,2.180311441421509,2.180285692214966,2.574920654296875e-05,39566.2494,13.313532,2852
2805,2.1827476024627686,2.1827220916748047,2.5510787963867188e-05,39579.3506,13.101225,2792
2806,2.1802914142608643,2.1802656650543213,2.574920654296875e-05,39592.7285,13.377896,2816
2807,2.1827468872070312,2.1827213764190674,2.5510787963867188e-05,39605.9131,13.184574,2810
2808,2.1802818775177,2.1802561283111572,2.574920654296875e-05,39619.1459,13.232842,2822
2809,2.1827406883239746,2.1827151775360107,2.5510787963867188e-05,39632.3595,13.213579,2822
2810,2.1802589893341064,2.1802332401275635,2.574920654296875e-05,39645.553,13.193553,2816
2811,2.182698965072632,2.182673454284668,2.5510787963867188e-05,39658.746,13.192989,2822
2812,2.18021297454834,2.180187225341797,2.574920654296875e-05,39671.87,13.123968,2804
2813,2.182652711868286,2.1826272010803223,2.5510787963867188e-05,39685.1658,13.295787,2816
2814,2.1801843643188477,2.1801586151123047,2.574920654296875e-05,39698.3999,13.234164,2828
2815,2.182629108428955,2.182603597640991,2.5510787963867188e-05,39711.7803,13.380379,2834
2816,2.1801626682281494,2.1801369190216064,2.574920654296875e-05,39724.9959,13.215587,2834
2817,2.1826202869415283,2.1825947761535645,2.5510787963867188e-05,39738.2076,13.211735,2810
2818,2.1801509857177734,2.1801252365112305,2.574920654296875e-05,39751.5355,13.327883,2840
2819,2.1826064586639404,2.1825809478759766,2.5510787963867188e-05,39764.5845,13.048982,2822
2820,2.1801130771636963,2.1800873279571533,2.574920654296875e-05,39777.7077,13.12317,2846
2821,2.182548999786377,2.182523488998413,2.5510787963867188e-05,39790.906,13.198336,2834
2822,2.1800711154937744,2.1800453662872314,2.574920654296875e-05,39803.9733,13.067299,2810
2823,2.1825037002563477,2.182478189468384,2.5510787963867188e-05,39817.2136,13.240276,2828
2824,2.1800436973571777,2.1800179481506348,2.574920654296875e-05,39830.6476,13.433963,2834
2825,2.1824843883514404,2.1824588775634766,2.5510787963867188e-05,39843.9776,13.330048,2834
2826,2.180021047592163,2.17999529838562,2.574920654296875e-05,39857.3493,13.371701,2852
2827,2.182464361190796,2.182438850402832,2.5510787963867188e-05,39870.4353,13.08604,2798
2828,2.1799964904785156,2.1799707412719727,2.574920654296875e-05,39883.742,13.306664,2834
2829,2.1824400424957275,2.1824145317077637,2.5510787963867188e-05,39897.0056,13.263607,2822
2830,2.1799778938293457,2.1799521446228027,2.574920654296875e-05,39910.2867,13.281108,2834
2831,2.182446002960205,2.182420492172241,2.5510787963867188e-05,39923.429,13.142234,2816
2832,2.179971933364868,2.179946184158325,2.574920654296875e-05,39936.6923,13.263316,2834
2833,2.182429552078247,2.182404041290283,2.5510787963867188e-05,39950.2072,13.514965,2828
2834,2.1799330711364746,2.1799073219299316,2.574920654296875e-05,39963.4373,13.230045,2822
2835,2.1823618412017822,2.1823363304138184,2.5510787963867188e-05,39976.7815,13.344247,2828
2836,2.179877996444702,2.179852247238159,2.574920654296875e-05,39990.0976,13.316098,2846
2837,2.182302713394165,2.182277202606201,2.5510787963867188e-05,40003.2877,13.190091,2810
2838,2.179842710494995,2.179816961288452,2.574920654296875e-05,40016.6029,13.315141,2846
2839,2.1822853088378906,2.1822597980499268,2.5510787963867188e-05,40029.8134,13.210558,2822
2840,2.1798391342163086,2.1798133850097656,2.574920654296875e-05,40043.2003,13.386864,2840
2841,2.182302713394165,2.182277202606201,2.5510787963867188e-05,40056.6014,13.401095,2816
2842,2.179835319519043,2.1798095703125,2.574920654296875e-05,40070.0005,13.399096,2840
2843,2.1823031902313232,2.1822776794433594,2.5510787963867188e-05,40083.1431,13.142605,2816
2844,2.179818868637085,2.179793119430542,2.574920654296875e-05,40096.4279,13.2848,2840
2845,2.1822736263275146,2.182248115539551,2.5510787963867188e-05,40109.6014,13.173509,2822
2846,2.179776668548584,2.179750919342041,2.574920654296875e-05,40122.9586,13.357179,2840
2847,2.182199239730835,2.182173728942871,2.5510787963867188e-05,40136.2222,13.263613,2804
2848,2.1797120571136475,2.1796863079071045,2.574920654296875e-05,40149.6241,13.401894,2852
2849,2.1821210384368896,2.182095527648926,2.5510787963867188e-05,40162.7391,13.11502,2804
2850,2.179671287536621,2.179645538330078,2.574920654296875e-05,40176.1888,13.449733,2864
2851,2.182109832763672,2.182084321975708,2.5510787963867188e-05,40189.5595,13.370651,2828
2852,2.1796844005584717,2.1796586513519287,2.574920654296875e-05,40202.7786,13.219117,2816
2853,2.182173252105713,2.182147979736328,2.5272369384765625e-05,40216.0636,13.285027,2834
2854,2.179710865020752,2.179685354232788,2.5510787963867188e-05,40229.3761,13.312515,2840
2855,2.1821956634521484,2.1821703910827637,2.5272369384765625e-05,40242.671,13.294821,2846
2856,2.179675817489624,2.17965030670166,2.5510787963867188e-05,40256.2264,13.555412,2840
2857,2.1820995807647705,2.1820743083953857,2.5272369384765625e-05,40269.506,13.279655,2822
2858,2.1795878410339355,2.1795623302459717,2.5510787963867188e-05,40283.5014,13.995408,2840
2859,2.1819894313812256,2.181964159011841,2.5272369384765625e-05,40297.3134,13.811942,2840
2860,2.179541826248169,2.179516315460205,2.5510787963867188e-05,40311.1269,13.813476,2858
2861,2.1819775104522705,2.1819522380828857,2.5272369384765625e-05,40324.9081,13.78123,2828
2862,2.179539918899536,2.1795144081115723,2.5510787963867188e-05,40339.4794,14.57128,2852
2863,2.1820032596588135,2.1819779872894287,2.5272369384765625e-05,40354.7576,15.278256,2852
2864,2.1795437335968018,2.179518222808838,2.5510787963867188e-05,40369.4647,14.7071,2846
2865,2.1820075511932373,2.1819822788238525,2.5272369384765625e-05,40383.9289,14.464225,2810
2866,2.1795172691345215,2.1794917583465576,2.5510787963867188e-05,40403.8111,19.882179,2864
2867,2.181950569152832,2.1819252967834473,2.5272369384765625e-05,40424.4648,20.653697,2834
2868,2.1794731616973877,2.179447650909424,2.5510787963867188e-05,40442.2415,17.776679,2834
2869,2.1819112300872803,2.1818859577178955,2.5272369384765625e-05,40458.6881,16.44661,2840
2870,2.1794466972351074,2.1794211864471436,2.5510787963867188e-05,40475.1115,16.423362,2858
2871,2.181891918182373,2.1818666458129883,2.5272369384765625e-05,40491.5953,16.483807,2852
2872,2.179426431655884,2.17940092086792,2.5510787963867188e-05,40508.1211,16.525795,2852
2873,2.181870698928833,2.1818454265594482,2.5272369384765625e-05,40524.5593,16.438239,2858
2874,2.17939829826355,2.179372787475586,2.5510787963867188e-05,40540.8924,16.333083,2852
2875,2.181840419769287,2.1818151473999023,2.5272369384765625e-05,40557.6351,16.742707,2852
2876,2.179382085800171,2.179356575012207,2.5510787963867188e-05,40573.8102,16.175074,2828
2877,2.1818501949310303,2.1818249225616455,2.5272369384765625e-05,40590.3137,16.503482,2822
2878,2.179377794265747,2.179352283477783,2.5510787963867188e-05,40606.8949,16.581246,2858
2879,2.1818385124206543,2.1818132400512695,2.5272369384765625e-05,40625.2011,18.306207,2834
2880,2.179335117340088,2.179309606552124,2.5510787963867188e-05,40642.6763,17.475162,2810
2881,2.1817591190338135,2.1817338466644287,2.5272369384765625e-05,40662.5917,19.915451,2846
2882,2.1792807579040527,2.179255247116089,2.5510787963867188e-05,40680.6827,18.090994,2852
2883,2.1817142963409424,2.1816890239715576,2.5272369384765625e-05,40698.5524,17.869678,2840
2884,2.179258346557617,2.1792328357696533,2.5510787963867188e-05,40715.9578,17.405431,2858
2885,2.181709051132202,2.1816837787628174,2.5272369384765625e-05,40734.4906,18.532818,2834
2886,2.1792473793029785,2.1792218685150146,2.5510787963867188e-05,40752.4883,17.997695,2846
2887,2.181702136993408,2.1816768646240234,2.5272369384765625e-05,40770.2214,17.733035,2816
2888,2.1792378425598145,2.1792123317718506,2.5510787963867188e-05,40788.3129,18.091526,2840
2889,2.1816964149475098,2.181671142578125,2.5272369384765625e-05,40806.4943,18.181408,2852
2890,2.1792051792144775,2.1791796684265137,2.5510787963867188e-05,40831.3031,24.808741,2852
2891,2.181633949279785,2.1816086769104004,2.5272369384765625e-05,40861.8839,30.580814,2846
2892,2.179158926010132,2.179133415222168,2.5510787963867188e-05,40883.4944,21.610554,2852
2893,2.1815991401672363,2.1815738677978516,2.5272369384765625e-05,40904.8494,21.354995,2846
2894,2.1791436672210693,2.1791181564331055,2.5510787963867188e-05,40942.4088,37.559403,2852
2895,2.181610345840454,2.1815850734710693,2.5272369384765625e-05,40966.9084,24.499598,2816
2896,2.179143190383911,2.1791176795959473,2.5510787963867188e-05,40984.6502,17.741758,2858
2897,2.1816112995147705,2.1815860271453857,2.5272369384765625e-05,41002.2795,17.629282,2852
2898,2.1791183948516846,2.1790928840637207,2.5510787963867188e-05,41019.4004,17.120986,2852
2899,2.181558132171631,2.181532859802246,2.5272369384765625e-05,41036.8369,17.436504,2846
2900,2.179065227508545,2.179039716720581,2.5510787963867188e-05,41053.5409,16.703947,2852
2901,2.1814963817596436,2.181471109390259,2.5272369384765625e-05,41070.3136,16.772733,2840
2902,2.179034471511841,2.179008960723877,2.5510787963867188e-05,41086.9164,16.602802,2858
2903,2.1814892292022705,2.1814639568328857,2.5272369384765625e-05,41103.3516,16.435161,2852
2904,2.179023027420044,2.17899751663208,2.5510787963867188e-05,41119.6844,16.332764,2840
2905,2.1814827919006348,2.18145751953125,2.5272369384765625e-05,41136.279,16.594625,2858
2906,2.1790053844451904,2.1789798736572266,2.5510787963867188e-05,41152.5023,16.223349,2822
2907,2.1814534664154053,2.1814281940460205,2.5272369384765625e-05,41168.9391,16.436768,2834
2908,2.1789727210998535,2.1789472103118896,2.5510787963867188e-05,41185.5968,16.657681,2858
2909,2.1814186573028564,2.1813933849334717,2.5272369384765625e-05,41202.3037,16.706885,2846
2910,2.1789467334747314,2.1789212226867676,2.5510787963867188e-05,41218.9005,16.596805,2858
2911,2.181401252746582,2.1813759803771973,2.5272369384765625e-05,41235.9731,17.072628,2864
2912,2.1789259910583496,2.1789004802703857,2.5510787963867188e-05,41255.194,19.22095,2864
2913,2.181375741958618,2.1813507080078125,2.5033950805664062e-05,41272.3364,17.142312,2852
2914,2.178893566131592,2.178868293762207,2.5272369384765625e-05,41289.1563,16.819979,2864
2915,2.1813337802886963,2.1813087463378906,2.5033950805664062e-05,41305.8417,16.685364,2858
2916,2.1788604259490967,2.178835153579712,2.5272369384765625e-05,41322.9168,17.075087,2870
2917,2.181307315826416,2.1812822818756104,2.5033950805664062e-05,41339.4025,16.485743,2816
2918,2.1788339614868164,2.1788086891174316,2.5272369384765625e-05,41356.1401,16.737617,2870
2919,2.1812782287597656,2.18125319480896,2.5033950805664062e-05,41372.4811,16.340955,2834
2920,2.178816080093384,2.178790807723999,2.5272369384765625e-05,41388.7091,16.227951,2834
2921,2.1812779903411865,2.181252956390381,2.5033950805664062e-05,41405.3355,16.626411,2840
2922,2.178807258605957,2.1787819862365723,2.5272369384765625e-05,41421.8744,16.538935,2870
2923,2.1812751293182373,2.1812500953674316,2.5033950805664062e-05,41438.2074,16.332994,2840
2924,2.1787941455841064,2.1787688732147217,2.5272369384765625e-05,41454.7687,16.561307,2852
2925,2.181253671646118,2.1812286376953125,2.5033950805664062e-05,41473.157,18.388341,2846
2926,2.178758382797241,2.1787331104278564,2.5272369384765625e-05,41489.5357,16.378676,2756
2927,2.1811981201171875,2.181173086166382,2.5033950805664062e-05,41506.1842,16.648466,2840
2928,2.1787118911743164,2.1786866188049316,2.5272369384765625e-05,41522.8044,16.620227,2864
2929,2.18115234375,2.1811273097991943,2.5033950805664062e-05,41538.9706,16.166216,2840
2930,2.1786856651306152,2.1786603927612305,2.5272369384765625e-05,41555.2662,16.295604,2870
2931,2.181138038635254,2.1811130046844482,2.5033950805664062e-05,41571.7072,16.440993,2852
2932,2.1786746978759766,2.178649425506592,2.5272369384765625e-05,41587.9369,16.229713,2870
2933,2.1811373233795166,2.181112289428711,2.5033950805664062e-05,41604.0993,16.16238,2858
2934,2.1786510944366455,2.1786258220672607,2.5272369384765625e-05,41620.2979,16.19862,2870
2935,2.181093215942383,2.181068181991577,2.5033950805664062e-05,41644.0327,23.734801,2852
2936,2.1786131858825684,2.1785879135131836,2.5272369384765625e-05,41668.0064,23.973682,2876
2937,2.181056261062622,2.1810312271118164,2.5033950805664062e-05,41686.6248,18.618431,2876
2938,2.1785895824432373,2.1785643100738525,2.5272369384765625e-05,41705.8187,19.193843,2864
2939,2.181037187576294,2.1810121536254883,2.5033950805664062e-05,41724.6783,18.859647,2834
2940,2.178560972213745,2.1785356998443604,2.5272369384765625e-05,41744.5247,19.846405,2870
2941,2.181004047393799,2.180979013442993,2.5033950805664062e-05,41764.3225,19.797804,2828
2942,2.1785290241241455,2.1785037517547607,2.5272369384765625e-05,41784.4157,20.093168,2870
2943,2.180979013442993,2.1809539794921875,2.5033950805664062e-05,41804.3615,19.945816,2876
2944,2.178511142730713,2.178485870361328,2.5272369384765625e-05,41824.0693,19.70777,2870
2945,2.1809701919555664,2.1809451580047607,2.5033950805664062e-05,41845.6995,21.630242,2876
2946,2.1784932613372803,2.1784679889678955,2.5272369384765625e-05,41865.5205,19.820973,2846
2947,2.1809489727020264,2.1809239387512207,2.5033950805664062e-05,41885.1568,19.636251,2882
2948,2.178473711013794,2.178448438644409,2.5272369384765625e-05,41902.8888,17.732037,2864
2949,2.1809310913085938,2.180906057357788,2.5033950805664062e-05,41921.4531,18.564309,2870
2950,2.1784443855285645,2.1784191131591797,2.5272369384765625e-05,41938.6131,17.159959,2828
2951,2.1808853149414062,2.1808602809906006,2.5033950805664062e-05,41962.102,23.488886,2876
2952,2.178412914276123,2.1783876419067383,2.5272369384765625e-05,41989.6057,27.503778,2882
2953,2.1808743476867676,2.180849313735962,2.5033950805664062e-05,42010.3969,20.791124,2858
2954,2.1784141063690186,2.178388833999634,2.5272369384765625e-05,42030.98,20.583136,2852
2955,2.180891752243042,2.1808667182922363,2.5033950805664062e-05,42051.7222,20.742186,2852
2956,2.1783864498138428,2.178361177444458,2.5272369384765625e-05,42071.8021,20.079923,2852
2957,2.180814743041992,2.1807897090911865,2.5033950805664062e-05,42092.4604,20.658268,2858
2958,2.1783127784729004,2.1782875061035156,2.5272369384765625e-05,42112.7048,20.244387,2870
2959,2.180720329284668,2.1806952953338623,2.5033950805664062e-05,42132.9724,20.267629,2882
2960,2.1782758235931396,2.178250551223755,2.5272369384765625e-05,42152.9132,19.940816,2852
2961,2.1807312965393066,2.180706262588501,2.5033950805664062e-05,42172.8732,19.959992,2864
2962,2.178295850753784,2.1782705783843994,2.5272369384765625e-05,42192.8595,19.98632,2870
2963,2.180785894393921,2.1807608604431152,2.5033950805664062e-05,42212.2865,19.426961,2864
2964,2.1783063411712646,2.17828106880188,2.5272369384765625e-05,42229.9558,17.66934,2864
2965,2.180776834487915,2.1807518005371094,2.5033950805664062e-05,42247.213,17.257229,2864
2966,2.1782641410827637,2.178238868713379,2.5272369384765625e-05,42264.3751,17.162026,2882
2967,2.1806938648223877,2.180668830871582,2.5033950805664062e-05,42284.7047,20.329672,2858
2968,2.1781933307647705,2.1781680583953857,2.5272369384765625e-05,42307.1626,22.457878,2882
2969,2.1806066036224365,2.180581569671631,2.5033950805664062e-05,42324.5795,17.416922,2876
2970,2.1781482696533203,2.1781229972839355,2.5272369384765625e-05,42341.961,17.381449,2882
2971,2.180591583251953,2.1805665493011475,2.5033950805664062e-05,42359.4927,17.531706,2852
2972,2.1781606674194336,2.178135395050049,2.5272369384765625e-05,42380.3695,20.876766,2882
2973,2.1806507110595703,2.1806256771087646,2.5033950805664062e-05,42400.0598,19.69037,2888
2974,2.178182601928711,2.178157329559326,2.5272369384765625e-05,42426.3481,26.288274,2876
2975,2.1806631088256836,2.180638313293457,2.47955322265625e-05,42449.8029,23.454749,2822
2976,2.178154706954956,2.1781296730041504,2.5033950805664062e-05,42472.8293,23.026447,2870
2977,2.1805965900421143,2.1805717945098877,2.47955322265625e-05,42495.4168,22.587455,2864
2978,2.1780850887298584,2.1780600547790527,2.5033950805664062e-05,42517.5519,22.135148,2882
2979,2.180497407913208,2.1804726123809814,2.47955322265625e-05,42539.0508,21.498845,2834
2980,2.178025722503662,2.1780006885528564,2.5033950805664062e-05,42560.7402,21.689425,2864
2981,2.180459499359131,2.1804347038269043,2.47955322265625e-05,42581.5045,20.764369,2864
2982,2.178020477294922,2.177995443344116,2.5033950805664062e-05,42602.4627,20.958123,2870
2983,2.180494785308838,2.1804699897766113,2.47955322265625e-05,42622.1639,19.70125,2882
2984,2.17803692817688,2.178011894226074,2.5033950805664062e-05,42639.708,17.544031,2894
2985,2.1805126667022705,2.180487871170044,2.47955322265625e-05,42657.4521,17.744138,2882
2986,2.1780169010162354,2.1779918670654297,2.5033950805664062e-05,42674.4276,16.97547,2840
2987,2.1804752349853516,2.180450439453125,2.47955322265625e-05,42691.5689,17.141348,2864
2988,2.177980899810791,2.1779558658599854,2.5033950805664062e-05,42708.4336,16.864648,2870
2989,2.180432081222534,2.1804072856903076,2.47955322265625e-05,42725.0533,16.619713,2822
2990,2.177948236465454,2.1779232025146484,2.5033950805664062e-05,42741.9388,16.885485,2906
2991,2.1803972721099854,2.180372476577759,2.47955322265625e-05,42758.6396,16.700798,2870
2992,2.177920341491699,2.1778953075408936,2.5033950805664062e-05,42775.7559,17.116318,2864
2993,2.1803746223449707,2.180349826812744,2.47955322265625e-05,42792.391,16.635146,2852
2994,2.177902936935425,2.177877902984619,2.5033950805664062e-05,42808.8453,16.454273,2858
2995,2.1803667545318604,2.180341958999634,2.47955322265625e-05,42825.4573,16.612054,2876
2996,2.177886962890625,2.1778619289398193,2.5033950805664062e-05,42842.1226,16.665276,2876
2997,2.1803510189056396,2.180326223373413,2.47955322265625e-05,42858.6365,16.513868,2870
2998,2.177861452102661,2.1778364181518555,2.5033950805664062e-05,42875.2517,16.615175,2876
2999,2.180312156677246,2.1802873611450195,2.47955322265625e-05,42892.2952,17.043508,2870
3000,2.1778197288513184,2.1777946949005127,2.5033950805664062e-05,42910.3013,18.006089,2864
3001,2.1802663803100586,2.180241584777832,2.47955322265625e-05,42927.2143,16.913018,2882
3002,2.177795171737671,2.1777701377868652,2.5033950805664062e-05,42944.1442,16.929947,2888
3003,2.1802585124969482,2.1802337169647217,2.47955322265625e-05,42961.2345,17.090299,2882
3004,2.177788019180298,2.177762985229492,2.5033950805664062e-05,42977.9337,16.699168,2876
3005,2.18025803565979,2.1802332401275635,2.47955322265625e-05,42994.8505,16.916801,2870
3006,2.1777684688568115,2.177743434906006,2.5033950805664062e-05,43011.8559,17.005425,2876
3007,2.1802244186401367,2.18019962310791,2.47955322265625e-05,43028.4326,16.576719,2870
3008,2.1777288913726807,2.177703857421875,2.5033950805664062e-05,43045.6983,17.265679,2906
3009,2.1801722049713135,2.180147409439087,2.47955322265625e-05,43062.3593,16.660983,2876
3010,2.17769718170166,2.1776721477508545,2.5033950805664062e-05,43079.1847,16.825358,2882
3011,2.1801564693450928,2.180131673812866,2.47955322265625e-05,43095.7825,16.597799,2876
3012,2.177687406539917,2.1776623725891113,2.5033950805664062e-05,43112.4969,16.714404,2888
3013,2.1801540851593018,2.180129289627075,2.47955322265625e-05,43129.0875,16.590648,2864
3014,2.177663564682007,2.177638530731201,2.5033950805664062e-05,43146.0395,16.951957,2870
3015,2.1801183223724365,2.18009352684021,2.47955322265625e-05,43162.5753,16.535795,2858
3016,2.1776273250579834,2.1776022911071777,2.5033950805664062e-05,43179.349,16.773765,2882
3017,2.1800742149353027,2.180049419403076,2.47955322265625e-05,43196.1139,16.76485,2882
3018,2.177600860595703,2.1775758266448975,2.5033950805664062e-05,43213.1063,16.992432,2906
3019,2.1800684928894043,2.1800436973571777,2.47955322265625e-05,43229.7832,16.676892,2888
3020,2.1775929927825928,2.177567958831787,2.5033950805664062e-05,43246.6269,16.843732,2894
3021,2.180061101913452,2.1800363063812256,2.47955322265625e-05,43263.7197,17.092726,2900
3022,2.177567481994629,2.1775424480438232,2.5033950805664062e-05,43280.229,16.50932,2852
3023,2.180023193359375,2.1799983978271484,2.47955322265625e-05,43296.8425,16.613502,2852
3024,2.177537441253662,2.1775124073028564,2.5033950805664062e-05,43313.9084,17.065874,2912
3025,2.179994821548462,2.1799700260162354,2.47955322265625e-05,43330.6724,16.764028,2888
3026,2.1775131225585938,2.177488088607788,2.5033950805664062e-05,43347.3621,16.689725,2888
3027,2.1799755096435547,2.179950714111328,2.47955322265625e-05,43364.0942,16.732056,2882
3028,2.177492141723633,2.177467107772827,2.5033950805664062e-05,43381.529,17.434884,2924
3029,2.1799511909484863,2.1799263954162598,2.47955322265625e-05,43398.3881,16.859052,2912
3030,2.177464008331299,2.177438974380493,2.5033950805664062e-05,43415.2433,16.855236,2882
3031,2.179918050765991,2.1798932552337646,2.47955322265625e-05,43432.1194,16.876026,2894
3032,2.177433490753174,2.177408456802368,2.5033950805664062e-05,43448.9594,16.839994,2870
3033,2.179882049560547,2.1798572540283203,2.47955322265625e-05,43465.8154,16.856045,2900
3034,2.1774027347564697,2.177377700805664,2.5033950805664062e-05,43482.4363,16.620897,2876
3035,2.17984938621521,2.1798245906829834,2.47955322265625e-05,43499.4687,17.032394,2882
3036,2.1773791313171387,2.177354097366333,2.5033950805664062e-05,43516.2974,16.828748,2906
3037,2.179840564727783,2.1798160076141357,2.4557113647460938e-05,43533.0268,16.729315,2840
3038,2.1773715019226074,2.177346706390381,2.47955322265625e-05,43549.7385,16.711726,2894
3039,2.179847240447998,2.1798226833343506,2.4557113647460938e-05,43566.6612,16.922754,2882
3040,2.1773598194122314,2.177335023880005,2.47955322265625e-05,43583.6283,16.967056,2870
3041,2.1798219680786133,2.179797410964966,2.4557113647460938e-05,43600.8285,17.200225,2894
3042,2.177325487136841,2.1773006916046143,2.47955322265625e-05,43618.4772,17.648652,2900
3043,2.179777145385742,2.1797525882720947,2.4557113647460938e-05,43635.6625,17.185326,2900
3044,2.1772873401641846,2.177262544631958,2.47955322265625e-05,43652.7584,17.095871,2894
3045,2.179738998413086,2.1797144412994385,2.4557113647460938e-05,43669.6703,16.911885,2888
3046,2.1772639751434326,2.177239179611206,2.47955322265625e-05,43686.9553,17.285056,2906
3047,2.1797163486480713,2.179691791534424,2.4557113647460938e-05,43704.5695,17.614237,2882
3048,2.1772420406341553,2.1772172451019287,2.47955322265625e-05,43721.9815,17.412004,2918
3049,2.1797072887420654,2.179682731628418,2.4557113647460938e-05,43739.5846,17.603022,2888
3050,2.1772255897521973,2.1772007942199707,2.47955322265625e-05,43757.0151,17.430525,2906
3051,2.179687261581421,2.1796627044677734,2.4557113647460938e-05,43774.1135,17.098406,2888
3052,2.1772079467773438,2.177183151245117,2.47955322265625e-05,43791.4739,17.360442,2912
3053,2.179663896560669,2.1796393394470215,2.4557113647460938e-05,43808.7442,17.270273,2900
3054,2.177171230316162,2.1771464347839355,2.47955322265625e-05,43825.8993,17.155109,2906
3055,2.179619550704956,2.1795949935913086,2.4557113647460938e-05,43843.1772,17.277892,2882
3056,2.177140235900879,2.1771154403686523,2.47955322265625e-05,43860.6344,17.457159,2894
3057,2.1795947551727295,2.179570198059082,2.4557113647460938e-05,43877.8291,17.194716,2912
3058,2.177119493484497,2.1770946979522705,2.47955322265625e-05,43895.2111,17.381976,2918
3059,2.1795735359191895,2.179548978805542,2.4557113647460938e-05,43912.682,17.470898,2894
3060,2.177100896835327,2.1770761013031006,2.47955322265625e-05,43930.3345,17.652517,2906
3061,2.1795709133148193,2.179546356201172,2.4557113647460938e-05,43947.9716,17.637159,2900
3062,2.1770894527435303,2.1770646572113037,2.47955322265625e-05,43965.3106,17.338926,2906
3063,2.179558515548706,2.1795339584350586,2.4557113647460938e-05,43982.6935,17.382965,2840
3064,2.17706036567688,2.1770355701446533,2.47955322265625e-05,43999.8988,17.205246,2906
3065,2.1795036792755127,2.1794791221618652,2.4557113647460938e-05,44016.9698,17.071041,2876
3066,2.1770126819610596,2.176987886428833,2.47955322265625e-05,44034.3456,17.375805,2888
3067,2.179453134536743,2.1794285774230957,2.4557113647460938e-05,44051.4231,17.077519,2894
3068,2.176985263824463,2.1769604682922363,2.47955322265625e-05,44068.6148,17.191643,2900
3069,2.1794416904449463,2.179417133331299,2.4557113647460938e-05,44085.7937,17.178867,2894
3070,2.176978349685669,2.1769535541534424,2.47955322265625e-05,44103.2846,17.490895,2906
3071,2.1794490814208984,2.179424524307251,2.4557113647460938e-05,44120.3224,17.037809,2876
3072,2.176969289779663,2.1769444942474365,2.47955322265625e-05,44137.5445,17.222164,2906
3073,2.179445505142212,2.1794209480285645,2.4557113647460938e-05,44154.7645,17.219937,2888
3074,2.1769521236419678,2.176927328109741,2.47955322265625e-05,44172.1216,17.357116,2912
3075,2.1794118881225586,2.179387331008911,2.4557113647460938e-05,44189.4004,17.278799,2906
3076,2.1769044399261475,2.176879644393921,2.47955322265625e-05,44206.5244,17.124014,2900
3077,2.1793196201324463,2.179295063018799,2.4557113647460938e-05,44224.0297,17.505345,2912
3078,2.1768362522125244,2.176811456680298,2.47955322265625e-05,44241.2867,17.256918,2900
3079,2.179260730743408,2.1792361736297607,2.4557113647460938e-05,44258.1106,16.823895,2858
3080,2.1768195629119873,2.1767947673797607,2.47955322265625e-05,44275.3875,17.276966,2906
3081,2.1792924404144287,2.1792678833007812,2.4557113647460938e-05,44292.4183,17.030799,2900
3082,2.1768436431884766,2.17681884765625,2.47955322265625e-05,44309.7871,17.368765,2936
3083,2.1793394088745117,2.1793148517608643,2.4557113647460938e-05,44327.0052,17.218071,2900
3084,2.176849365234375,2.1768245697021484,2.47955322265625e-05,44344.873,17.867842,2918
3085,2.179323196411133,2.1792986392974854,2.4557113647460938e-05,44361.9584,17.085388,2912
3086,2.176805019378662,2.1767802238464355,2.47955322265625e-05,44379.1333,17.174944,2918
3087,2.17923641204834,2.1792118549346924,2.4557113647460938e-05,44396.6837,17.550353,2912
3088,2.1767306327819824,2.176705837249756,2.47955322265625e-05,44413.7719,17.088174,2894
3089,2.179147481918335,2.1791229248046875,2.4557113647460938e-05,44431.1777,17.405831,2906
3090,2.1766910552978516,2.176666259765625,2.47955322265625e-05,44448.55,17.372268,2900
3091,2.1791441440582275,2.17911958694458,2.4557113647460938e-05,44466.2609,17.710913,2900
3092,2.17671275138855,2.1766879558563232,2.47955322265625e-05,44484.2649,18.00405,2894
3093,2.179215431213379,2.1791908740997314,2.4557113647460938e-05,44501.6349,17.369971,2894
3094,2.176730155944824,2.1767053604125977,2.47955322265625e-05,44519.5137,17.878846,2918
3095,2.179196357727051,2.1791718006134033,2.4557113647460938e-05,44536.6229,17.109123,2858
3096,2.176678419113159,2.1766536235809326,2.47955322265625e-05,44553.8188,17.195961,2870
3097,2.1791062355041504,2.179081678390503,2.4557113647460938e-05,44571.2744,17.455592,2912
3098,2.1766157150268555,2.176590919494629,2.47955322265625e-05,44589.0651,17.790649,2912
3099,2.179051160812378,2.1790268421173096,2.4318695068359375e-05,44607.4922,18.427124,2912
3100,2.1765971183776855,2.176572561264038,2.4557113647460938e-05,44624.888,17.395866,2900
3101,2.179069757461548,2.1790454387664795,2.4318695068359375e-05,44642.5003,17.612217,2924
3102,2.176607847213745,2.1765832901000977,2.4557113647460938e-05,44660.2231,17.722802,2912
3103,2.179088830947876,2.1790645122528076,2.4318695068359375e-05,44677.7985,17.575434,2906
3104,2.17659068107605,2.1765661239624023,2.4557113647460938e-05,44695.705,17.906534,2924
3105,2.1790339946746826,2.1790096759796143,2.4318695068359375e-05,44713.0151,17.310041,2882
3106,2.176530599594116,2.1765060424804688,2.4557113647460938e-05,44730.5144,17.499341,2900
3107,2.1789486408233643,2.178924322128296,2.4318695068359375e-05,44747.914,17.399551,2900
3108,2.1764862537384033,2.176461696624756,2.4557113647460938e-05,44765.3303,17.416357,2876
3109,2.1789357662200928,2.1789114475250244,2.4318695068359375e-05,44783.015,17.684693,2912
3110,2.1764869689941406,2.176462411880493,2.4557113647460938e-05,44800.7418,17.726784,2918
3111,2.178961992263794,2.1789376735687256,2.4318695068359375e-05,44818.5498,17.80796,2906
3112,2.1764981746673584,2.176473617553711,2.4557113647460938e-05,44836.2606,17.710844,2930
3113,2.178981065750122,2.1789567470550537,2.4318695068359375e-05,44853.7721,17.511468,2906
3114,2.176478147506714,2.1764535903930664,2.4557113647460938e-05,44871.364,17.591924,2924
3115,2.1789305210113525,2.178906202316284,2.4318695068359375e-05,44888.8216,17.457567,2894
3116,2.1764261722564697,2.1764016151428223,2.4557113647460938e-05,44906.4151,17.593585,2912
3117,2.178865432739258,2.1788411140441895,2.4318695068359375e-05,44923.8647,17.44959,2912
3118,2.1763925552368164,2.176367998123169,2.4557113647460938e-05,44941.9077,18.04295,2936
3119,2.1788415908813477,2.1788172721862793,2.4318695068359375e-05,44959.1361,17.228392,2864
3120,2.176366090774536,2.1763415336608887,2.4557113647460938e-05,44977.0018,17.86568,2936
3121,2.1788182258605957,2.1787939071655273,2.4318695068359375e-05,44994.6252,17.623452,2912
3122,2.1763505935668945,2.176326036453247,2.4557113647460938e-05,45012.2366,17.611412,2936
3123,2.1788127422332764,2.178788423538208,2.4318695068359375e-05,45029.7518,17.515191,2924
3124,2.1763336658477783,2.176309108734131,2.4557113647460938e-05,45047.4343,17.682457,2942
3125,2.1787846088409424,2.178760290145874,2.4318695068359375e-05,45065.3465,17.912229,2930
3126,2.1763031482696533,2.176278591156006,2.4557113647460938e-05,45083.0735,17.726984,2912
3127,2.178753137588501,2.1787288188934326,2.4318695068359375e-05,45100.505,17.431554,2900
3128,2.1762821674346924,2.176257610321045,2.4557113647460938e-05,45118.1491,17.644057,2936
3129,2.1787402629852295,2.178715944290161,2.4318695068359375e-05,45135.7585,17.609369,2918
3130,2.1762583255767822,2.1762337684631348,2.4557113647460938e-05,45153.3158,17.557339,2924
3131,2.178703546524048,2.1786792278289795,2.4318695068359375e-05,45170.8807,17.56492,2918
3132,2.1762382984161377,2.1762137413024902,2.4557113647460938e-05,45188.7674,17.886701,2840
3133,2.1787140369415283,2.17868971824646,2.4318695068359375e-05,45206.3104,17.542971,2900
3134,2.176234245300293,2.1762096881866455,2.4557113647460938e-05,45224.0713,17.760934,2930
3135,2.1786930561065674,2.178668737411499,2.4318695068359375e-05,45241.7307,17.659363,2912
3136,2.17619252204895,2.1761679649353027,2.4557113647460938e-05,45259.1732,17.442514,2900
3137,2.178630828857422,2.1786065101623535,2.4318695068359375e-05,45276.739,17.565771,2918
3138,2.1761512756347656,2.176126718521118,2.4557113647460938e-05,45294.2738,17.534813,2882
3139,2.178600788116455,2.1785764694213867,2.4318695068359375e-05,45312.0564,17.782619,2912
3140,2.1761369705200195,2.176112413406372,2.4557113647460938e-05,45329.6006,17.544229,2918
3141,2.1786043643951416,2.1785800457000732,2.4318695068359375e-05,45347.178,17.577347,2930
3142,2.1761345863342285,2.176110029220581,2.4557113647460938e-05,45365.0463,17.868308,2930
3143,2.1786048412323,2.1785805225372314,2.4318695068359375e-05,45382.7442,17.697926,2912
3144,2.176117420196533,2.1760928630828857,2.4557113647460938e-05,45400.6437,17.89945,2960
3145,2.1785669326782227,2.1785426139831543,2.4318695068359375e-05,45418.573,17.929381,2912
3146,2.176065444946289,2.1760408878326416,2.4557113647460938e-05,45436.4076,17.834572,2930
3147,2.17849063873291,2.178466320037842,2.4318695068359375e-05,45454.1598,17.75219,2918
3148,2.1760168075561523,2.175992250442505,2.4557113647460938e-05,45471.7244,17.56463,2924
3149,2.178445816040039,2.1784214973449707,2.4318695068359375e-05,45489.2983,17.573889,2912
3150,2.175990343093872,2.1759657859802246,2.4557113647460938e-05,45507.0277,17.729378,2942
3151,2.1784400939941406,2.1784157752990723,2.4318695068359375e-05,45524.6747,17.646988,2942
3152,2.1759932041168213,2.175968647003174,2.4557113647460938e-05,45543.1401,18.465433,2900
3153,2.1784698963165283,2.17844557762146,2.4318695068359375e-05,45560.917,17.776921,2948
3154,2.1760056018829346,2.175981044769287,2.4557113647460938e-05,45578.6053,17.688296,2924
3155,2.17848539352417,2.1784610748291016,2.4318695068359375e-05,45596.3761,17.770721,2900
3156,2.175982713699341,2.1759581565856934,2.4557113647460938e-05,45614.1577,17.781604,2954
3157,2.1784257888793945,2.178401470184326,2.4318695068359375e-05,45631.8072,17.649491,2912
3158,2.1759231090545654,2.175898551940918,2.4557113647460938e-05,45649.4934,17.686228,2942
3159,2.178344488143921,2.1783201694488525,2.4318695068359375e-05,45667.2882,17.794775,2900
3160,2.1758811473846436,2.175856590270996,2.4557113647460938e-05,45685.0678,17.779633,2924
3161,2.1783297061920166,2.1783056259155273,2.4080276489257812e-05,45702.6764,17.608646,2924
3162,2.1758782863616943,2.175853967666626,2.4318695068359375e-05,45720.4545,17.77802,2936
3163,2.178347587585449,2.17832350730896,2.4080276489257812e-05,45737.8862,17.431771,2900
3164,2.1758739948272705,2.175849676132202,2.4318695068359375e-05,45755.6576,17.771397,2960
3165,2.1783361434936523,2.178312063217163,2.4080276489257812e-05,45773.5377,17.880098,2924
3166,2.1758482456207275,2.175823926925659,2.4318695068359375e-05,45791.5738,18.036115,2942
3167,2.1783034801483154,2.178279399871826,2.4080276489257812e-05,45809.3651,17.791242,2948
3168,2.175813913345337,2.1757895946502686,2.4318695068359375e-05,45827.0237,17.658594,2936
3169,2.178255081176758,2.1782310009002686,2.4080276489257812e-05,45844.5757,17.551973,2900
3170,2.175774097442627,2.1757497787475586,2.4318695068359375e-05,45862.3049,17.729247,2948
3171,2.1782209873199463,2.178196907043457,2.4080276489257812e-05,45879.9703,17.665404,2942
3172,2.1757657527923584,2.17574143409729,2.4318695068359375e-05,45898.1326,18.162292,2954
3173,2.1782429218292236,2.1782188415527344,2.4080276489257812e-05,45915.7924,17.659769,2930
3174,2.1757688522338867,2.1757445335388184,2.4318695068359375e-05,45933.5357,17.743301,2954
3175,2.17824125289917,2.1782171726226807,2.4080276489257812e-05,45950.9174,17.381713,2894
3176,2.175736904144287,2.1757125854492188,2.4318695068359375e-05,45968.6058,17.688387,2942
3177,2.1781814098358154,2.178157329559326,2.4080276489257812e-05,45986.2154,17.609643,2924
3178,2.1756887435913086,2.1756644248962402,2.4318695068359375e-05,46003.5743,17.358858,2906
3179,2.178130626678467,2.1781065464019775,2.4080276489257812e-05,46021.3274,17.753089,2930
3180,2.175671339035034,2.175647020339966,2.4318695068359375e-05,46039.1544,17.827052,2966
3181,2.178136110305786,2.178112030029297,2.4080276489257812e-05,46056.617,17.462634,2936
3182,2.1756629943847656,2.1756386756896973,2.4318695068359375e-05,46073.9835,17.366484,2918
3183,2.178124189376831,2.178100109100342,2.4080276489257812e-05,46091.4669,17.483399,2930
3184,2.1756393909454346,2.175615072250366,2.4318695068359375e-05,46108.5561,17.089221,2948
3185,2.178096294403076,2.178072214126587,2.4080276489257812e-05,46125.8302,17.274067,2930
3186,2.1756186485290527,2.1755943298339844,2.4318695068359375e-05,46143.1095,17.279334,2942
3187,2.17807936668396,2.1780552864074707,2.4080276489257812e-05,46160.2042,17.094703,2930
3188,2.1755945682525635,2.175570249557495,2.4318695068359375e-05,46177.495,17.29072,2960
3189,2.178044557571411,2.178020477294922,2.4080276489257812e-05,46195.241,17.746064,2936
3190,2.175570249557495,2.1755459308624268,2.4318695068359375e-05,46215.1575,19.916491,2948
3191,2.1780314445495605,2.1780073642730713,2.4080276489257812e-05,46233.4755,18.317937,2900
3192,2.175558090209961,2.1755337715148926,2.4318695068359375e-05,46251.6783,18.202886,2972
3193,2.1780295372009277,2.1780054569244385,2.4080276489257812e-05,46269.5429,17.864559,2900
3194,2.175537347793579,2.1755130290985107,2.4318695068359375e-05,46287.4889,17.946043,2954
3195,2.177990198135376,2.1779661178588867,2.4080276489257812e-05,46304.9571,17.468139,2936
3196,2.1754894256591797,2.1754651069641113,2.4318695068359375e-05,46322.7107,17.753638,2948
3197,2.177928924560547,2.1779048442840576,2.4080276489257812e-05,46340.1826,17.471832,2900
3198,2.1754581928253174,2.175433874130249,2.4318695068359375e-05,46357.3965,17.213967,2960
3199,2.177917957305908,2.177893877029419,2.4080276489257812e-05,46374.4151,17.018607,2948
3200,2.175457715988159,2.175433397293091,2.4318695068359375e-05,46391.5863,17.171201,2954
3201,2.1779377460479736,2.1779136657714844,2.4080276489257812e-05,46408.5276,16.941292,2954
3202,2.175457000732422,2.1754326820373535,2.4318695068359375e-05,46425.2722,16.744557,2954
3203,2.1779301166534424,2.177906036376953,2.4080276489257812e-05,46441.9516,16.679402,2918
3204,2.1754279136657715,2.175403594970703,2.4318695068359375e-05,46458.9321,16.980535,2978
3205,2.1778805255889893,2.1778564453125,2.4080276489257812e-05,46475.5583,16.626149,2924
3206,2.175384283065796,2.1753599643707275,2.4318695068359375e-05,46492.2311,16.672874,2936
3207,2.1778318881988525,2.1778078079223633,2.4080276489257812e-05,46509.1796,16.948416,2918
3208,2.175349712371826,2.175325393676758,2.4318695068359375e-05,46525.8666,16.687003,2918
3209,2.1777970790863037,2.1777729988098145,2.4080276489257812e-05,46542.6626,16.796035,2954
3210,2.175333023071289,2.1753087043762207,2.4318695068359375e-05,46559.3718,16.709197,2936
3211,2.1778008937835693,2.17777681350708,2.4080276489257812e-05,46576.0912,16.719436,2924
3212,2.175327777862549,2.1753034591674805,2.4318695068359375e-05,46593.1286,17.037329,2966
3213,2.177799940109253,2.1777758598327637,2.4080276489257812e-05,46609.895,16.766474,2948
3214,2.175313949584961,2.1752896308898926,2.4318695068359375e-05,46627.1002,17.205205,2978
3215,2.1777737140655518,2.1777496337890625,2.4080276489257812e-05,46644.0628,16.962612,2954
3216,2.175280809402466,2.1752564907073975,2.4318695068359375e-05,46660.9208,16.857987,2954
3217,2.177726984024048,2.1777029037475586,2.4080276489257812e-05,46677.8371,16.916249,2954
3218,2.1752431392669678,2.1752188205718994,2.4318695068359375e-05,46694.7896,16.952518,2966
3219,2.1776885986328125,2.1776645183563232,2.4080276489257812e-05,46711.8408,17.051148,2966
3220,2.175224781036377,2.1752004623413086,2.4318695068359375e-05,46728.7499,16.909137,2942
3221,2.1777007579803467,2.1776766777038574,2.4080276489257812e-05,46746.0667,17.316773,2972
3222,2.1752305030822754,2.175206184387207,2.4318695068359375e-05,46763.2533,17.18665,2978
3223,2.1777122020721436,2.1776881217956543,2.4080276489257812e-05,46780.1684,16.91513,2942
3224,2.1752076148986816,2.1751832962036133,2.4318695068359375e-05,46797.4882,17.319805,2966
3225,2.1776514053344727,2.1776275634765625,2.384185791015625e-05,46814.6279,17.139651,2954
3226,2.1751503944396973,2.175126314163208,2.4080276489257812e-05,46831.8287,17.200797,2954
3227,2.1775763034820557,2.1775524616241455,2.384185791015625e-05,46848.9885,17.159852,2924
3228,2.1751084327697754,2.175084352493286,2.4080276489257812e-05,46866.6407,17.652168,2954
3229,2.177562952041626,2.177539110183716,2.384185791015625e-05,46883.6047,16.963951,2930
3230,2.1751177310943604,2.175093650817871,2.4080276489257812e-05,46900.601,16.99637,2936
3231,2.1776108741760254,2.1775870323181152,2.384185791015625e-05,46917.7406,17.139562,2954
3232,2.1751291751861572,2.175105094909668,2.4080276489257812e-05,46934.8218,17.08116,2984
3233,2.1776044368743896,2.1775805950164795,2.384185791015625e-05,46951.8358,17.014088,2948
3234,2.1750946044921875,2.1750705242156982,2.4080276489257812e-05,46969.1633,17.327477,2972
3235,2.177541732788086,2.177517890930176,2.384185791015625e-05,46986.3068,17.143468,2936
3236,2.175048589706421,2.1750245094299316,2.4080276489257812e-05,47003.2525,16.945759,2948
3237,2.1774981021881104,2.1774742603302,2.384185791015625e-05,47020.1977,16.945147,2942
3238,2.175023317337036,2.174999237060547,2.4080276489257812e-05,47037.1947,16.996989,2948
3239,2.177478790283203,2.177454948425293,2.384185791015625e-05,47054.8537,17.658994,2966
3240,2.1749987602233887,2.1749746799468994,2.4080276489257812e-05,47072.1721,17.318391,2966
3241,2.1774556636810303,2.17743182182312,2.384185791015625e-05,47089.5258,17.353736,2936
3242,2.1749794483184814,2.174955368041992,2.4080276489257812e-05,47106.9531,17.427313,2942
3243,2.1774466037750244,2.1774227619171143,2.384185791015625e-05,47124.3386,17.385444,2942
3244,2.174975872039795,2.1749517917633057,2.4080276489257812e-05,47141.7268,17.388279,2954
3245,2.17745041847229,2.17742657661438,2.384185791015625e-05,47159.5492,17.822389,2960
3246,2.174962282180786,2.174938201904297,2.4080276489257812e-05,47177.1249,17.575668,2966
3247,2.177427291870117,2.177403450012207,2.384185791015625e-05,47194.723,17.598095,2948
3248,2.17492413520813,2.1749000549316406,2.4080276489257812e-05,47212.3439,17.620939,2990
3249,2.1773693561553955,2.1773455142974854,2.384185791015625e-05,47229.8328,17.488859,2900
3250,2.1748781204223633,2.174854040145874,2.4080276489257812e-05,47247.6731,17.840333,2942
3251,2.1773204803466797,2.1772966384887695,2.384185791015625e-05,47265.3614,17.68827,2954
3252,2.1748557090759277,2.1748316287994385,2.4080276489257812e-05,47283.5329,18.171544,2966
3253,2.1773245334625244,2.1773006916046143,2.384185791015625e-05,47301.1382,17.605241,2936
3254,2.1748626232147217,2.1748385429382324,2.4080276489257812e-05,47318.8451,17.706888,2966
3255,2.1773462295532227,2.1773223876953125,2.384185791015625e-05,47336.7754,17.930312,2972
3256,2.1748554706573486,2.1748313903808594,2.4080276489257812e-05,47354.6266,17.851259,2984
3257,2.177318572998047,2.1772947311401367,2.384185791015625e-05,47372.4547,17.828075,2978
3258,2.1748123168945312,2.174788236618042,2.4080276489257812e-05,47390.1859,17.731206,2966
3259,2.177253484725952,2.177229642868042,2.384185791015625e-05,47408.1112,17.925257,2942
3260,2.1747653484344482,2.174741268157959,2.4080276489257812e-05,47425.8385,17.727285,2984
3261,2.1772043704986572,2.177180528640747,2.384185791015625e-05,47443.3203,17.481842,2948
3262,2.174746036529541,2.1747219562530518,2.4080276489257812e-05,47460.9805,17.660193,2960
3263,2.177217721939087,2.1771938800811768,2.384185791015625e-05,47478.7019,17.721407,2936
3264,2.174757957458496,2.174733877182007,2.4080276489257812e-05,47497.3392,18.637252,2954
3265,2.177243232727051,2.1772193908691406,2.384185791015625e-05,47515.1853,17.846107,2930
3266,2.1747446060180664,2.174720525741577,2.4080276489257812e-05,47534.525,19.339706,2990
3267,2.1771979331970215,2.1771740913391113,2.384185791015625e-05,47552.9075,18.382543,2912
3268,2.174698829650879,2.1746747493743896,2.4080276489257812e-05,47571.7851,18.877631,2978
3269,2.1771414279937744,2.1771175861358643,2.384185791015625e-05,47590.8968,19.111649,2942
3270,2.174654722213745,2.174630641937256,2.4080276489257812e-05,47609.5119,18.615157,2912
3271,2.177098274230957,2.177074432373047,2.384185791015625e-05,47628.4971,18.985115,2978
3272,2.1746339797973633,2.174609899520874,2.4080276489257812e-05,47647.6998,19.202745,2972
3273,2.1771035194396973,2.177079677581787,2.384185791015625e-05,47666.1628,18.462942,2948
3274,2.1746373176574707,2.1746132373809814,2.4080276489257812e-05,47684.7999,18.637174,2978
3275,2.177112102508545,2.1770882606506348,2.384185791015625e-05,47703.3871,18.587165,2978
3276,2.174621343612671,2.1745972633361816,2.4080276489257812e-05,47721.7745,18.387365,2948
3277,2.177075147628784,2.177051305770874,2.384185791015625e-05,47739.9404,18.165958,2942
3278,2.1745734214782715,2.1745493412017822,2.4080276489257812e-05,47758.5111,18.57065,2996
3279,2.1770100593566895,2.1769862174987793,2.384185791015625e-05,47777.6076,19.096537,2984
3280,2.1745409965515137,2.1745169162750244,2.4080276489257812e-05,47796.824,19.216385,2966
3281,2.1770071983337402,2.17698335647583,2.384185791015625e-05,47815.8317,19.0077,2960
3282,2.1745476722717285,2.1745235919952393,2.4080276489257812e-05,47835.5738,19.742089,2996
3283,2.177032470703125,2.177008628845215,2.384185791015625e-05,47855.0624,19.488608,2984
3284,2.1745426654815674,2.174518585205078,2.4080276489257812e-05,47874.5672,19.504852,2972
3285,2.177008867263794,2.176985025405884,2.384185791015625e-05,47894.176,19.608729,2948
3286,2.1745078563690186,2.1744837760925293,2.4080276489257812e-05,47915.8645,21.688502,2966
3287,2.176948308944702,2.176924467086792,2.384185791015625e-05,47935.7229,19.858428,2954
3288,2.174455165863037,2.174431085586548,2.4080276489257812e-05,47955.7522,20.029267,2978
3289,2.1768932342529297,2.1768696308135986,2.3603439331054688e-05,47975.0849,19.332746,2954
3290,2.1744308471679688,2.1744070053100586,2.384185791015625e-05,47994.5873,19.502345,2984
3291,2.1768910884857178,2.1768674850463867,2.3603439331054688e-05,48014.7488,20.161584,2966
3292,2.1744325160980225,2.1744086742401123,2.384185791015625e-05,48034.439,19.690157,2990
3293,2.1769139766693115,2.1768903732299805,2.3603439331054688e-05,48054.1812,19.742177,2972
3294,2.174436569213867,2.174412727355957,2.384185791015625e-05,48074.464,20.282856,2978
3295,2.176913261413574,2.176889657974243,2.3603439331054688e-05,48099.5548,25.090743,2984
3296,2.1744096279144287,2.1743857860565186,2.384185791015625e-05,48121.0488,21.49403,2960
3297,2.1768639087677,2.176840305328369,2.3603439331054688e-05,48142.6265,21.577677,2948
3298,2.1743626594543457,2.1743388175964355,2.384185791015625e-05,48163.5226,20.896092,2978
3299,2.176809310913086,2.176785707473755,2.3603439331054688e-05,48184.1279,20.605377,2930
3300,2.17433500289917,2.1743111610412598,2.384185791015625e-05,48220.3468,36.218833,2990
3301,2.1767945289611816,2.1767709255218506,2.3603439331054688e-05,48270.694,50.347199,2972
3302,2.174316167831421,2.1742923259735107,2.384185791015625e-05,48307.7094,37.015375,3002
3303,2.176776647567749,2.176753044128418,2.3603439331054688e-05,48338.0038,30.294435,2972
3304,2.174295663833618,2.174271821975708,2.384185791015625e-05,48368.5761,30.572281,2960
3305,2.176762342453003,2.176738739013672,2.3603439331054688e-05,48398.5321,29.956052,2990
3306,2.1742892265319824,2.1742653846740723,2.384185791015625e-05,48429.7438,31.211673,2984
3307,2.1767616271972656,2.1767380237579346,2.3603439331054688e-05,48461.4369,31.693077,3002
3308,2.1742677688598633,2.174243927001953,2.384185791015625e-05,48491.5088,30.071965,2984
3309,2.176722526550293,2.176698923110962,2.3603439331054688e-05,48517.7424,26.233529,2948
3310,2.1742312908172607,2.1742074489593506,2.384185791015625e-05,48550.9292,33.186792,2990
3311,2.176675796508789,2.176652193069458,2.3603439331054688e-05,48575.5458,24.616644,2990
3312,2.1741943359375,2.17417049407959,2.384185791015625e-05,48600.0306,24.484807,3002
3313,2.176647901535034,2.176624298095703,2.3603439331054688e-05,48624.3664,24.3358,2966
3314,2.1741833686828613,2.174159526824951,2.384185791015625e-05,48648.1207,23.754341,2996
3315,2.1766586303710938,2.1766350269317627,2.3603439331054688e-05,48671.1251,23.004375,2966
3316,2.174182415008545,2.1741585731506348,2.384185791015625e-05,48693.9099,22.784799,2984
3317,2.1766581535339355,2.1766345500946045,2.3603439331054688e-05,48716.605,22.695105,2978
3318,2.174163579940796,2.1741397380828857,2.384185791015625e-05,48739.655,23.05,3002
3319,2.1766207218170166,2.1765971183776855,2.3603439331054688e-05,48761.8926,22.237539,2984
3320,2.174117088317871,2.174093246459961,2.384185791015625e-05,48784.7587,22.866133,3014
3321,2.17655348777771,2.176529884338379,2.3603439331054688e-05,48806.9169,22.158162,2972
3322,2.1740732192993164,2.1740493774414062,2.384185791015625e-05,48834.4533,27.53641,2954
3323,2.1765260696411133,2.1765024662017822,2.3603439331054688e-05,48861.116,26.662763,2948
3324,2.1740667819976807,2.1740429401397705,2.384185791015625e-05,48883.4392,22.323167,3014
3325,2.1765403747558594,2.1765167713165283,2.3603439331054688e-05,48906.1542,22.714987,2972
3326,2.1740665435791016,2.1740427017211914,2.384185791015625e-05,48928.6942,22.540034,3002
3327,2.176542043685913,2.176518440246582,2.3603439331054688e-05,48950.9418,22.247546,2972
3328,2.1740524768829346,2.1740286350250244,2.384185791015625e-05,48973.8091,22.867356,3008
3329,2.1765177249908447,2.1764941215515137,2.3603439331054688e-05,48997.002,23.192865,2990
3330,2.1740150451660156,2.1739912033081055,2.384185791015625e-05,49027.016,30.013988,3002
3331,2.176452159881592,2.1764285564422607,2.3603439331054688e-05,49058.1229,31.10694,2972
3332,2.1739656925201416,2.1739418506622314,2.384185791015625e-05,49088.1525,30.029603,2990
3333,2.1764073371887207,2.1763837337493896,2.3603439331054688e-05,49117.5759,29.423334,2978
3334,2.1739518642425537,2.1739280223846436,2.384185791015625e-05,49155.1452,37.56934,3002
3335,2.176426410675049,2.1764028072357178,2.3603439331054688e-05,49190.694,35.548845,2966
3336,2.1739630699157715,2.1739392280578613,2.384185791015625e-05,49221.3336,30.639579,3026
3337,2.1764533519744873,2.1764297485351562,2.3603439331054688e-05,49250.6899,29.356262,2984
3338,2.173953056335449,2.173929214477539,2.384185791015625e-05,49274.4941,23.80419,2984
3339,2.1764068603515625,2.1763832569122314,2.3603439331054688e-05,49298.3832,23.889116,2978
3340,2.1738929748535156,2.1738691329956055,2.384185791015625e-05,49322.1061,23.722956,2972
3341,2.17630934715271,2.176285743713379,2.3603439331054688e-05,49346.5713,24.465124,2984
3342,2.173837184906006,2.1738133430480957,2.384185791015625e-05,49370.7708,24.199576,3020
3343,2.1762843132019043,2.1762607097625732,2.3603439331054688e-05,49394.6459,23.875061,2990
3344,2.1738452911376953,2.173821449279785,2.384185791015625e-05,49418.2136,23.567712,3020
3345,2.1763386726379395,2.1763150691986084,2.3603439331054688e-05,49445.2489,27.035256,2990
3346,2.1738741397857666,2.1738502979278564,2.384185791015625e-05,49475.3316,30.082762,2996
3347,2.1763651371002197,2.1763415336608887,2.3603439331054688e-05,49498.4095,23.077912,2996
3348,2.1738498210906982,2.173825979232788,2.384185791015625e-05,49522.8547,24.445141,2996
3349,2.1762917041778564,2.1762681007385254,2.3603439331054688e-05,49546.7251,23.87041,2996
3350,2.1737804412841797,2.1737565994262695,2.384185791015625e-05,49570.4446,23.719556,2984
3351,2.176206350326538,2.176182746887207,2.3603439331054688e-05,49594.6083,24.163699,2978
3352,2.1737372875213623,2.173713445663452,2.384185791015625e-05,49618.7279,24.119547,3014
3353,2.1761953830718994,2.1761717796325684,2.3603439331054688e-05,49644.7244,25.996494,2972
3354,2.1737425327301025,2.1737186908721924,2.384185791015625e-05,49668.8254,24.101057,3014
3355,2.1762259006500244,2.1762025356292725,2.3365020751953125e-05,49692.4734,23.648001,2996
3356,2.173752546310425,2.1737289428710938,2.3603439331054688e-05,49716.686,24.212528,2996
3357,2.1762313842773438,2.176208019256592,2.3365020751953125e-05,49740.8085,24.122509,2978
3358,2.1737170219421387,2.1736934185028076,2.3603439331054688e-05,49765.1918,24.383341,3026
3359,2.176156759262085,2.176133394241333,2.3365020751953125e-05,49794.0464,28.854562,2996
3360,2.1736598014831543,2.1736361980438232,2.3603439331054688e-05,49826.3169,32.270531,3014
3361,2.1761090755462646,2.1760857105255127,2.3365020751953125e-05,49849.792,23.475042,2984
3362,2.1736462116241455,2.1736226081848145,2.3603439331054688e-05,49873.3151,23.523105,2984
3363,2.176112413406372,2.17608904838562,2.3365020751953125e-05,49897.0173,23.702233,2960
3364,2.1736433506011963,2.1736197471618652,2.3603439331054688e-05,49921.1343,24.117031,3020
3365,2.1761064529418945,2.1760830879211426,2.3365020751953125e-05,49945.2398,24.105504,3002
3366,2.173617124557495,2.173593521118164,2.3603439331054688e-05,49968.3709,23.131114,2984
3367,2.176072359085083,2.176048994064331,2.3365020751953125e-05,49991.547,23.176039,3002
3368,2.173588752746582,2.173565149307251,2.3603439331054688e-05,50015.2168,23.66982,3026
3369,2.1760478019714355,2.1760244369506836,2.3365020751953125e-05,50039.6145,24.397677,3002
3370,2.1735787391662598,2.1735551357269287,2.3603439331054688e-05,50068.5583,28.943843,3038
3371,2.176055431365967,2.176032066345215,2.3365020751953125e-05,50093.3174,24.759083,2990
3372,2.1735739707946777,2.1735503673553467,2.3603439331054688e-05,50123.8454,30.527972,2996
3373,2.1760435104370117,2.1760201454162598,2.3365020751953125e-05,50152.7513,28.905881,3008
3374,2.1735434532165527,2.1735198497772217,2.3603439331054688e-05,50176.2984,23.547095,3008
3375,2.175995349884033,2.1759719848632812,2.3365020751953125e-05,50200.56,24.261612,2996
3376,2.173495292663574,2.173471689224243,2.3603439331054688e-05,50224.1001,23.540094,3008
3377,2.175936460494995,2.175913095474243,2.3365020751953125e-05,50249.9386,25.838514,3026
3378,2.1734650135040283,2.1734414100646973,2.3603439331054688e-05,50274.5904,24.651866,3038
3379,2.1759278774261475,2.1759045124053955,2.3365020751953125e-05,50298.4909,23.900488,3020
3380,2.173466444015503,2.173442840576172,2.3603439331054688e-05,50321.6559,23.16498,3014
3381,2.1759414672851562,2.1759181022644043,2.3365020751953125e-05,50344.5185,22.862582,3014
3382,2.1734585762023926,2.1734349727630615,2.3603439331054688e-05,50367.677,23.158482,3026
3383,2.175929546356201,2.175906181335449,2.3365020751953125e-05,50390.3522,22.675181,3002
3384,2.17343807220459,2.173414468765259,2.3603439331054688e-05,50413.0667,22.714547,2990
3385,2.175899028778076,2.175875663757324,2.3365020751953125e-05,50442.1791,29.112354,2984
3386,2.17340087890625,2.173377275466919,2.3603439331054688e-05,50468.277,26.097923,3020
3387,2.1758534908294678,2.175830125808716,2.3365020751953125e-05,50490.7981,22.521079,2984
3388,2.173362970352173,2.173339366912842,2.3603439331054688e-05,50513.1819,22.383868,3026
3389,2.175806999206543,2.175783634185791,2.3365020751953125e-05,50535.0374,21.85545,2996
3390,2.17333984375,2.173316240310669,2.3603439331054688e-05,50557.428,22.390603,3032
3391,2.1758079528808594,2.1757845878601074,2.3365020751953125e-05,50579.2195,21.791515,2990
3392,2.1733455657958984,2.1733219623565674,2.3603439331054688e-05,50601.4522,22.232733,2996
3393,2.1758313179016113,2.1758079528808594,2.3365020751953125e-05,50623.3045,21.852259,2978
3394,2.173347234725952,2.173323631286621,2.3603439331054688e-05,50645.2537,21.949183,2996
3395,2.175826072692871,2.175802707672119,2.3365020751953125e-05,50667.0407,21.78698,2996
3396,2.1733202934265137,2.1732966899871826,2.3603439331054688e-05,50688.239,21.198307,2996
3397,2.175771474838257,2.175748109817505,2.3365020751953125e-05,50709.1875,20.948539,2984
3398,2.173257350921631,2.1732337474823,2.3603439331054688e-05,50730.3803,21.192779,3002
3399,2.17568302154541,2.175659656524658,2.3365020751953125e-05,50752.7222,22.341905,2996
3400,2.173217296600342,2.1731936931610107,2.3603439331054688e-05,50783.0803,30.358145,3026
3401,2.1756815910339355,2.1756582260131836,2.3365020751953125e-05,50817.927,34.846672,3002
3402,2.1732370853424072,2.173213481903076,2.3603439331054688e-05,50852.483,34.555998,2990
3403,2.1757397651672363,2.1757164001464844,2.3365020751953125e-05,50882.2309,29.747893,2990
3404,2.1732492446899414,2.1732256412506104,2.3603439331054688e-05,50910.5116,28.280668,2984
3405,2.1757211685180664,2.1756978034973145,2.3365020751953125e-05,50937.7196,27.208074,2960
3406,2.173198938369751,2.17317533493042,2.3603439331054688e-05,50965.5354,27.815782,3020
3407,2.175633192062378,2.175609827041626,2.3365020751953125e-05,50991.9577,26.422273,2960
3408,2.1731433868408203,2.1731197834014893,2.3603439331054688e-05,51019.1381,27.180392,3044
3409,2.175584554672241,2.1755611896514893,2.3365020751953125e-05,51045.5903,26.452265,2978
3410,2.173125743865967,2.1731021404266357,2.3603439331054688e-05,51069.847,24.25664,3026
3411,2.1755950450897217,2.1755716800689697,2.3365020751953125e-05,51099.5696,29.722658,3020
3412,2.173130750656128,2.173107147216797,2.3603439331054688e-05,51120.6828,21.113144,2948
3413,2.1756114959716797,2.1755881309509277,2.3365020751953125e-05,51142.2674,21.58459,3002
3414,2.1731200218200684,2.1730964183807373,2.3603439331054688e-05,51163.2076,20.94022,3020
3415,2.1755852699279785,2.1755619049072266,2.3365020751953125e-05,51183.669,20.461393,2996
3416,2.173090696334839,2.173067092895508,2.3603439331054688e-05,51204.1173,20.448278,3020
3417,2.1755480766296387,2.1755247116088867,2.3365020751953125e-05,51224.6533,20.536006,3008
3418,2.173060417175293,2.173036813735962,2.3603439331054688e-05,51245.1267,20.473393,3038
3419,2.1755220890045166,2.1754987239837646,2.3365020751953125e-05,51265.2902,20.16356,3032
3420,2.173035144805908,2.173011541366577,2.3603439331054688e-05,51285.8004,20.510188,3026
3421,2.1754980087280273,2.1754748821258545,2.3126602172851562e-05,51310.1465,24.346071,3014
3422,2.1730153560638428,2.172991991043091,2.3365020751953125e-05,51335.9984,25.851904,3032
3423,2.1754767894744873,2.1754536628723145,2.3126602172851562e-05,51357.6824,21.684028,2990
3424,2.1729965209960938,2.172973155975342,2.3365020751953125e-05,51379.7023,22.019917,3008
3425,2.1754562854766846,2.1754331588745117,2.3126602172851562e-05,51401.5268,21.824467,3002
3426,2.172971725463867,2.1729483604431152,2.3365020751953125e-05,51422.8645,21.337669,3026
3427,2.175431489944458,2.175408363342285,2.3126602172851562e-05,51444.4441,21.579637,3014
3428,2.1729490756988525,2.1729257106781006,2.3365020751953125e-05,51465.4785,21.034349,3026
3429,2.1753993034362793,2.1753761768341064,2.3126602172851562e-05,51486.1853,20.706847,2990
3430,2.1729233264923096,2.1728999614715576,2.3365020751953125e-05,51512.3678,26.182467,3044
3431,2.175386905670166,2.175363779067993,2.3126602172851562e-05,51534.6383,22.270549,3002
3432,2.172912359237671,2.172888994216919,2.3365020751953125e-05,51557.1849,22.54657,3038
3433,2.175377607345581,2.175354480743408,2.3126602172851562e-05,51581.6848,24.499922,3020
3434,2.1728930473327637,2.1728696823120117,2.3365020751953125e-05,51625.4817,43.796872,3026
3435,2.175354242324829,2.1753311157226562,2.3126602172851562e-05,51649.823,24.341269,3020
3436,2.1728696823120117,2.1728463172912598,2.3365020751953125e-05,51673.5954,23.772452,3056
3437,2.1753249168395996,2.1753017902374268,2.3126602172851562e-05,51697.1807,23.585324,3002
3438,2.1728460788726807,2.1728227138519287,2.3365020751953125e-05,51719.7297,22.54896,3032
3439,2.175311326980591,2.175288200378418,2.3126602172851562e-05,51744.5655,24.835801,3020
3440,2.172830820083618,2.172807455062866,2.3365020751953125e-05,51770.4312,25.865707,3050
3441,2.175292730331421,2.175269603729248,2.3126602172851562e-05,51793.3151,22.883891,3008
3442,2.172805070877075,2.1727817058563232,2.3365020751953125e-05,51817.8806,24.565522,3062
3443,2.1752662658691406,2.1752431392669678,2.3126602172851562e-05,51842.9663,25.085702,3026
3444,2.1727845668792725,2.1727612018585205,2.3365020751953125e-05,51865.1035,22.137172,3056
3445,2.175253391265869,2.1752302646636963,2.3126602172851562e-05,51887.0467,21.943213,3008
3446,2.1727750301361084,2.1727516651153564,2.3365020751953125e-05,51908.9072,21.860514,3038
3447,2.1752445697784424,2.1752214431762695,2.3126602172851562e-05,51930.1769,21.269738,3014
3448,2.1727497577667236,2.1727263927459717,2.3365020751953125e-05,51951.3084,21.131424,3032
3449,2.1752076148986816,2.175184488296509,2.3126602172851562e-05,51976.5518,25.243477,3014
3450,2.1727206707000732,2.1726973056793213,2.3365020751953125e-05,52001.2058,24.653943,3026
3451,2.1751861572265625,2.1751630306243896,2.3126602172851562e-05,52026.8519,25.646071,3026
3452,2.1727089881896973,2.1726856231689453,2.3365020751953125e-05,52052.5488,25.696979,3020
3453,2.175187110900879,2.175163984298706,2.3126602172851562e-05,52077.8261,25.277256,3020
3454,2.1726982593536377,2.1726748943328857,2.3365020751953125e-05,52103.0748,25.24872,3032
3455,2.1751651763916016,2.1751420497894287,2.3126602172851562e-05,52124.6742,21.599401,3020
3456,2.1726696491241455,2.1726462841033936,2.3365020751953125e-05,52145.2394,20.565204,3050
3457,2.175116539001465,2.175093412399292,2.3126602172851562e-05,52165.254,20.014544,3020
3458,2.1726250648498535,2.1726016998291016,2.3365020751953125e-05,52184.6653,19.411307,3020
3459,2.175060987472534,2.1750378608703613,2.3126602172851562e-05,52203.764,19.098704,3002
3460,2.1725919246673584,2.1725685596466064,2.3365020751953125e-05,52222.2801,18.516144,3044
3461,2.1750478744506836,2.1750247478485107,2.3126602172851562e-05,52240.9878,18.707713,3020
3462,2.1725940704345703,2.1725707054138184,2.3365020751953125e-05,52259.2343,18.246461,3026
3463,2.1750736236572266,2.1750504970550537,2.3126602172851562e-05,52277.3437,18.109392,3008
3464,2.172595500946045,2.172572135925293,2.3365020751953125e-05,52296.0543,18.71064,3050
3465,2.1750683784484863,2.1750452518463135,2.3126602172851562e-05,52314.5252,18.470846,3026
3466,2.172565221786499,2.172541856765747,2.3365020751953125e-05,52333.0468,18.521653,3050
3467,2.1750075817108154,2.1749844551086426,2.3126602172851562e-05,52351.4495,18.402631,2984
3468,2.1725146770477295,2.1724913120269775,2.3365020751953125e-05,52377.6916,26.242137,3020
3469,2.1749563217163086,2.1749331951141357,2.3126602172851562e-05,52399.1868,21.495201,3038
3470,2.172489643096924,2.172466278076172,2.3365020751953125e-05,52421.7979,22.611109,3068
3471,2.174955129623413,2.1749320030212402,2.3126602172851562e-05,52437.3698,15.571867,3008
3472,2.172504425048828,2.172481060028076,2.3365020751953125e-05,52453.2839,15.914128,3056
3473,2.1750006675720215,2.1749775409698486,2.3126602172851562e-05,52468.5763,15.292394,3038
3474,2.1725096702575684,2.1724863052368164,2.3365020751953125e-05,52484.7729,16.196649,3056
3475,2.1749799251556396,2.174956798553467,2.3126602172851562e-05,52499.3962,14.623278,3038
3476,2.172466516494751,2.172443151473999,2.3365020751953125e-05,52514.9247,15.528438,3080
3477,2.1749050617218018,2.174881935119629,2.3126602172851562e-05,52529.7489,14.824244,3020
3478,2.172422409057617,2.1723990440368652,2.3365020751953125e-05,52547.2054,17.456483,3038
3479,2.174880027770996,2.1748569011688232,2.3126602172851562e-05,52564.6839,17.47849,3014
3480,2.172414541244507,2.172391176223755,2.3365020751953125e-05,52586.4517,21.767874,3062
3481,2.1748950481414795,2.1748719215393066,2.3126602172851562e-05,52601.8111,15.359305,3068
3482,2.1724114418029785,2.1723880767822266,2.3365020751953125e-05,52618.0838,16.272755,3044
3483,2.1748859882354736,2.174862861633301,2.3126602172851562e-05,52634.063,15.979157,3038
3484,2.1723906993865967,2.1723673343658447,2.3365020751953125e-05,52649.2699,15.2069,3032
3485,2.174849510192871,2.1748263835906982,2.3126602172851562e-05,52665.6054,16.335505,3032
3486,2.1723580360412598,2.172334671020508,2.3365020751953125e-05,52681.5434,15.938015,3032
3487,2.174821138381958,2.1747982501983643,2.288818359375e-05,52698.2392,16.695846,3044
3488,2.172332763671875,2.172309637069702,2.3126602172851562e-05,52714.6749,16.435701,3050
3489,2.1747887134552,2.1747658252716064,2.288818359375e-05,52730.6657,15.990747,3056
3490,2.1723031997680664,2.1722800731658936,2.3126602172851562e-05,52747.2459,16.580238,3080
3491,2.1747665405273438,2.17474365234375,2.288818359375e-05,52764.3802,17.134256,3044
3492,2.1722965240478516,2.1722733974456787,2.3126602172851562e-05,52779.47,15.089878,3032
3493,2.174771785736084,2.1747488975524902,2.288818359375e-05,52794.3535,14.883479,3044
3494,2.172283411026001,2.172260284423828,2.3126602172851562e-05,52809.1283,14.774764,3044
3495,2.1747519969940186,2.174729108810425,2.288818359375e-05,52824.0107,14.882406,2996
3496,2.172258138656616,2.1722350120544434,2.3126602172851562e-05,52840.2173,16.206628,3074
3497,2.174720525741577,2.1746976375579834,2.288818359375e-05,52856.922,16.704624,3026
3498,2.1722311973571777,2.172208070755005,2.3126602172851562e-05,52883.7053,26.783383,3056
3499,2.1746997833251953,2.1746768951416016,2.288818359375e-05,52899.3934,15.688043,2996
3500,2.172208547592163,2.1721854209899902,2.3126602172851562e-05,52915.227,15.83365,3044
3501,2.174670696258545,2.174647808074951,2.288818359375e-05,52936.267,21.039992,3026
3502,2.172186851501465,2.172163724899292,2.3126602172851562e-05,52952.6317,16.364659,3074
3503,2.1746602058410645,2.1746373176574707,2.288818359375e-05,52967.6844,15.052687,3068
3504,2.1721673011779785,2.1721441745758057,2.3126602172851562e-05,52982.2581,14.57377,3068
3505,2.1746256351470947,2.174602746963501,2.288818359375e-05,52996.9534,14.695257,3014
3506,2.1721413135528564,2.1721181869506836,2.3126602172851562e-05,53015.402,18.448632,3044
3507,2.174605131149292,2.1745822429656982,2.288818359375e-05,53030.7595,15.357519,3074
3508,2.172121286392212,2.172098159790039,2.3126602172851562e-05,53046.2897,15.530123,3056
3509,2.174588680267334,2.1745657920837402,2.288818359375e-05,53061.5497,15.260013,3038
3510,2.1721060276031494,2.1720829010009766,2.3126602172851562e-05,53076.851,15.301363,3086
3511,2.1745712757110596,2.174548387527466,2.288818359375e-05,53092.2827,15.431663,3056
3512,2.1720876693725586,2.1720645427703857,2.3126602172851562e-05,53107.3498,15.067131,3044
3513,2.1745572090148926,2.174534320831299,2.288818359375e-05,53125.4341,18.084268,3020
3514,2.1720664501190186,2.1720433235168457,2.3126602172851562e-05,53141.5509,16.116795,3056
3515,2.1745128631591797,2.174489974975586,2.288818359375e-05,53156.245,14.694122,3050
3516,2.1720263957977295,2.1720032691955566,2.3126602172851562e-05,53171.4771,15.232122,3056
3517,2.1744842529296875,2.1744613647460938,2.288818359375e-05,53186.2274,14.750278,3050
3518,2.172013282775879,2.171990156173706,2.3126602172851562e-05,53200.5664,14.338993,3014
3519,2.174494981765747,2.1744720935821533,2.288818359375e-05,53215.5021,14.935657,3056
3520,2.1720175743103027,2.17199444770813,2.3126602172851562e-05,53231.6115,16.109457,3092
3521,2.1745035648345947,2.174480676651001,2.288818359375e-05,53247.3356,15.724108,3050
3522,2.1720023155212402,2.1719791889190674,2.3126602172851562e-05,53270.3586,23.022975,3074
3523,2.174467086791992,2.1744441986083984,2.288818359375e-05,53285.9086,15.549963,3056
3524,2.171964168548584,2.171941041946411,2.3126602172851562e-05,53301.381,15.472455,3080
3525,2.174417734146118,2.1743948459625244,2.288818359375e-05,53316.346,14.964946,3038
3526,2.171923875808716,2.171900749206543,2.3126602172851562e-05,53331.8667,15.520698,3080
3527,2.1743786334991455,2.1743557453155518,2.288818359375e-05,53348.434,16.567339,3050
3528,2.171910524368286,2.1718873977661133,2.3126602172851562e-05,53363.405,14.971033,3074
3529,2.17439866065979,2.1743757724761963,2.288818359375e-05,53378.4169,15.011862,3074
3530,2.171919584274292,2.171896457672119,2.3126602172851562e-05,53393.5559,15.139034,3056
3531,2.1743907928466797,2.174367904663086,2.288818359375e-05,53408.3609,14.804968,3050
3532,2.171881914138794,2.171858787536621,2.3126602172851562e-05,53423.654,15.293057,3056
3533,2.1743242740631104,2.1743013858795166,2.288818359375e-05,53440.0764,16.422429,3056
3534,2.171832799911499,2.171809673309326,2.3126602172851562e-05,53455.7434,15.666983,3038
3535,2.1742770671844482,2.1742541790008545,2.288818359375e-05,53470.337,14.593645,3050
3536,2.1718130111694336,2.1717898845672607,2.3126602172851562e-05,53485.1331,14.796119,3086
3537,2.1742990016937256,2.174276113510132,2.288818359375e-05,53499.4023,14.269171,3032
3538,2.1718342304229736,2.171811103820801,2.3126602172851562e-05,53514.0977,14.695434,3050
3539,2.1743245124816895,2.1743016242980957,2.288818359375e-05,53528.7792,14.68145,3062
3540,2.171818733215332,2.171795606613159,2.3126602172851562e-05,53544.0447,15.265456,3080
3541,2.1742804050445557,2.174257516860962,2.288818359375e-05,53558.6086,14.563983,3080
3542,2.171771764755249,2.171748638153076,2.3126602172851562e-05,53573.2206,14.611984,3086
3543,2.1742091178894043,2.1741862297058105,2.288818359375e-05,53589.9959,16.775326,3086
3544,2.1717276573181152,2.1717045307159424,2.3126602172851562e-05,53605.3682,15.372278,3074
3545,2.1741831302642822,2.1741602420806885,2.288818359375e-05,53619.8142,14.446012,3050
3546,2.1717209815979004,2.1716978549957275,2.3126602172851562e-05,53634.5431,14.728883,3098
3547,2.1742005348205566,2.174177646636963,2.288818359375e-05,53649.1282,14.585109,3062
3548,2.1717240810394287,2.171700954437256,2.3126602172851562e-05,53663.6466,14.518424,3044
3549,2.1742031574249268,2.174180269241333,2.288818359375e-05,53678.2201,14.573441,3080
3550,2.171704053878784,2.1716809272766113,2.3126602172851562e-05,53692.8886,14.668525,3104
3551,2.1741573810577393,2.1741344928741455,2.288818359375e-05,53707.7076,14.819002,3044
3552,2.1716623306274414,2.1716392040252686,2.3126602172851562e-05,53722.5228,14.815214,3098
3553,2.1741158962249756,2.174093008041382,2.288818359375e-05,53737.0434,14.520604,3086
3554,2.1716465950012207,2.171623706817627,2.288818359375e-05,53751.445,14.401598,3068
3555,2.174123764038086,2.1741011142730713,2.2649765014648438e-05,53765.8585,14.413496,3074
3556,2.1716465950012207,2.171623706817627,2.288818359375e-05,53780.7388,14.880261,3020
3557,2.1741244792938232,2.1741018295288086,2.2649765014648438e-05,53795.7231,14.98429,3062
3558,2.1716203689575195,2.171597480773926,2.288818359375e-05,53810.3442,14.621086,3080
3559,2.174069881439209,2.1740472316741943,2.2649765014648438e-05,53825.0513,14.707129,3068
3560,2.1715805530548096,2.171557664871216,2.288818359375e-05,53840.1175,15.066227,3098
3561,2.174034357070923,2.174011707305908,2.2649765014648438e-05,53854.5777,14.46013,3068
3562,2.171560049057007,2.171537160873413,2.288818359375e-05,53869.3073,14.729635,3104
3563,2.1740357875823975,2.174013137817383,2.2649765014648438e-05,53883.2751,13.967806,2948
3564,2.1715586185455322,2.1715357303619385,2.288818359375e-05,53897.9963,14.721244,3098
3565,2.1740427017211914,2.1740200519561768,2.2649765014648438e-05,53912.4985,14.502135,3068
3566,2.1715452671051025,2.171522378921509,2.288818359375e-05,53927.0838,14.585285,3044
3567,2.174001693725586,2.1739790439605713,2.2649765014648438e-05,53941.5337,14.449973,3068
3568,2.171497344970703,2.1714744567871094,2.288818359375e-05,53956.2036,14.669846,3098
3569,2.173945903778076,2.1739232540130615,2.2649765014648438e-05,53970.7317,14.528111,3068
3570,2.1714742183685303,2.1714513301849365,2.288818359375e-05,53985.3515,14.619819,3098
3571,2.173945426940918,2.1739227771759033,2.2649765014648438e-05,53999.9458,14.594258,3068
3572,2.1714744567871094,2.1714515686035156,2.288818359375e-05,54014.7091,14.763306,3092
3573,2.1739501953125,2.1739275455474854,2.2649765014648438e-05,54029.2899,14.580825,3080
3574,2.171459674835205,2.1714367866516113,2.288818359375e-05,54044.0166,14.726662,3092
3575,2.1739325523376465,2.173909902572632,2.2649765014648438e-05,54058.5817,14.56511,3068
3576,2.171436309814453,2.1714134216308594,2.288818359375e-05,54073.402,14.820317,3086
3577,2.1738944053649902,2.1738717555999756,2.2649765014648438e-05,54088.0666,14.664596,3068
3578,2.1713991165161133,2.1713762283325195,2.288818359375e-05,54102.8287,14.762128,3086
3579,2.173841714859009,2.173819065093994,2.2649765014648438e-05,54117.5523,14.723574,3080
3580,2.1713716983795166,2.171348810195923,2.288818359375e-05,54131.9663,14.413969,3032
3581,2.173835277557373,2.1738126277923584,2.2649765014648438e-05,54146.5872,14.620978,3086
3582,2.171363353729248,2.1713404655456543,2.288818359375e-05,54161.7262,15.138939,3080
3583,2.1738293170928955,2.173806667327881,2.2649765014648438e-05,54176.5595,14.833319,3098
3584,2.17134428024292,2.171321392059326,2.288818359375e-05,54191.0294,14.469915,3062
3585,2.1737992763519287,2.173776626586914,2.2649765014648438e-05,54205.5695,14.540078,3080
3586,2.171314001083374,2.1712911128997803,2.288818359375e-05,54220.2043,14.634784,3086
3587,2.1737685203552246,2.17374587059021,2.2649765014648438e-05,54234.8895,14.685208,3074
3588,2.171298027038574,2.1712751388549805,2.288818359375e-05,54249.5127,14.623203,3098
3589,2.1737709045410156,2.173748254776001,2.2649765014648438e-05,54263.8937,14.38107,3068
3590,2.1712913513183594,2.1712684631347656,2.288818359375e-05,54278.4404,14.546699,3092
3591,2.1737654209136963,2.1737427711486816,2.2649765014648438e-05,54292.9914,14.550936,3074
3592,2.171279191970825,2.1712563037872314,2.288818359375e-05,54307.4659,14.47449,3056
3593,2.1737442016601562,2.1737215518951416,2.2649765014648438e-05,54322.073,14.607119,3086
3594,2.171239137649536,2.1712162494659424,2.288818359375e-05,54336.8333,14.760283,3098
3595,2.173678159713745,2.1736555099487305,2.2649765014648438e-05,54351.4091,14.575797,3062
3596,2.1712002754211426,2.171177387237549,2.288818359375e-05,54366.0647,14.655591,3080
3597,2.173658609390259,2.173635959625244,2.2649765014648438e-05,54380.7583,14.693608,3050
3598,2.1711959838867188,2.171173095703125,2.288818359375e-05,54395.4301,14.671791,3068
3599,2.1736743450164795,2.173651695251465,2.2649765014648438e-05,54410.0336,14.603544,3086
3600,2.171204090118408,2.1711812019348145,2.288818359375e-05,54424.7042,14.670559,3098
3601,2.173691749572754,2.1736690998077393,2.2649765014648438e-05,54439.5096,14.805461,3080
3602,2.171189785003662,2.1711668968200684,2.288818359375e-05,54454.1017,14.592095,3092
3603,2.173649549484253,2.1736268997192383,2.2649765014648438e-05,54468.5619,14.460149,3074
3604,2.171138048171997,2.1711151599884033,2.288818359375e-05,54483.0427,14.48084,3068
3605,2.1735730171203613,2.1735503673553467,2.2649765014648438e-05,54499.9376,16.894856,3086
3606,2.1710927486419678,2.171069860458374,2.288818359375e-05,54515.6348,15.697202,3062
3607,2.1735472679138184,2.1735246181488037,2.2649765014648438e-05,54530.548,14.913235,3080
3608,2.171093702316284,2.1710708141326904,2.288818359375e-05,54545.6325,15.084535,3110
3609,2.173582077026367,2.1735594272613525,2.2649765014648438e-05,54560.3437,14.711142,3050
3610,2.171104669570923,2.171081781387329,2.288818359375e-05,54575.4959,15.152259,3098
3611,2.1735808849334717,2.173558235168457,2.2649765014648438e-05,54590.2103,14.714314,3104
3612,2.171074867248535,2.1710519790649414,2.288818359375e-05,54604.9636,14.753344,3098
3613,2.173535108566284,2.1735124588012695,2.2649765014648438e-05,54619.6874,14.723777,3086
3614,2.171037197113037,2.1710143089294434,2.288818359375e-05,54635.0075,15.320122,3092
3615,2.1734836101531982,2.1734609603881836,2.2649765014648438e-05,54651.5546,16.547116,3086
3616,2.1710023880004883,2.1709794998168945,2.288818359375e-05,54669.2811,17.726455,3116
3617,2.1734557151794434,2.1734330654144287,2.2649765014648438e-05,54687.0074,17.72637,3116
3618,2.170992374420166,2.1709694862365723,2.288818359375e-05,54705.0558,18.048411,3110
3619,2.173469066619873,2.1734464168548584,2.2649765014648438e-05,54722.7562,17.700303,3068
3620,2.1709866523742676,2.170963764190674,2.288818359375e-05,54741.5211,18.76498,3110
3621,2.173463821411133,2.173441171646118,2.2649765014648438e-05,54758.8141,17.292959,3098
3622,2.1709787845611572,2.1709561347961426,2.2649765014648438e-05,54776.2627,17.448621,3110
3623,2.1734557151794434,2.173433303833008,2.2411346435546875e-05,54793.5455,17.282815,3056
3624,2.1709558963775635,2.170933246612549,2.2649765014648438e-05,54815.0604,21.514884,3110
3625,2.173417568206787,2.1733951568603516,2.2411346435546875e-05,54833.083,18.022591,3086
3626,2.1709201335906982,2.1708974838256836,2.2649765014648438e-05,54850.6353,17.552278,3134
3627,2.1733832359313965,2.173360824584961,2.2411346435546875e-05,54867.9336,17.298279,3086
3628,2.1709036827087402,2.1708810329437256,2.2649765014648438e-05,54885.3988,17.465234,3056
3629,2.1733686923980713,2.1733462810516357,2.2411346435546875e-05,54902.7053,17.306482,3092
3630,2.1708765029907227,2.170853853225708,2.2649765014648438e-05,54920.2053,17.500004,3068
3631,2.1733391284942627,2.173316717147827,2.2411346435546875e-05,54937.7608,17.555568,3062
3632,2.170860767364502,2.1708381175994873,2.2649765014648438e-05,54955.6345,17.873653,3116
3633,2.173328161239624,2.1733057498931885,2.2411346435546875e-05,54973.3545,17.719985,3092
3634,2.170844793319702,2.1708221435546875,2.2649765014648438e-05,54991.2863,17.931858,3062
3635,2.1733028888702393,2.1732804775238037,2.2411346435546875e-05,55009.3287,18.042394,3104
3636,2.1708171367645264,2.1707944869995117,2.2649765014648438e-05,55027.3557,18.027011,3116
3637,2.1732728481292725,2.173250436782837,2.2411346435546875e-05,55047.1684,19.812697,3098
3638,2.1707921028137207,2.170769453048706,2.2649765014648438e-05,55065.2241,18.055669,3086
3639,2.173253297805786,2.1732308864593506,2.2411346435546875e-05,55082.8972,17.673119,3050
3640,2.1707820892333984,2.170759439468384,2.2649765014648438e-05,55101.7422,18.844984,3128
3641,2.1732606887817383,2.1732382774353027,2.2411346435546875e-05,55120.0876,18.34536,3104
3642,2.1707749366760254,2.1707522869110107,2.2649765014648438e-05,55138.5083,18.420707,3104
3643,2.1732308864593506,2.173208475112915,2.2411346435546875e-05,55157.0353,18.526983,3092
3644,2.1707332134246826,2.170710563659668,2.2649765014648438e-05,55182.0654,25.030161,3104
3645,2.173182249069214,2.1731598377227783,2.2411346435546875e-05,55204.5876,22.522187,3092
3646,2.170708179473877,2.1706855297088623,2.2649765014648438e-05,55223.2435,18.655881,3050
3647,2.1731784343719482,2.1731560230255127,2.2411346435546875e-05,55242.1227,18.879228,3110
3648,2.1707088947296143,2.1706862449645996,2.2649765014648438e-05,55260.7124,18.589698,3074
3649,2.173192262649536,2.1731698513031006,2.2411346435546875e-05,55279.4053,18.692888,3068
3650,2.170701026916504,2.1706783771514893,2.2649765014648438e-05,55298.5232,19.117869,3098
3651,2.1731722354888916,2.173149824142456,2.2411346435546875e-05,55317.5613,19.03808,3092
3652,2.170672655105591,2.170650005340576,2.2649765014648438e-05,55336.9523,19.391037,3134
3653,2.173121929168701,2.1730995178222656,2.2411346435546875e-05,55356.1909,19.238568,3110
3654,2.1706337928771973,2.1706111431121826,2.2649765014648438e-05,55375.1004,18.909543,3068
3655,2.1730756759643555,2.17305326461792,2.2411346435546875e-05,55394.1431,19.042672,3104
3656,2.1706061363220215,2.170583486557007,2.2649765014648438e-05,55413.2007,19.057636,3110
3657,2.1730761528015137,2.173053741455078,2.2411346435546875e-05,55432.2029,19.002227,3068
3658,2.1706042289733887,2.170581579208374,2.2649765014648438e-05,55451.7218,19.518881,3110
3659,2.1730711460113525,2.173048734664917,2.2411346435546875e-05,55475.5886,23.8668,3080
3660,2.1705875396728516,2.170564889907837,2.2649765014648438e-05,55505.8103,30.221678,3134
3661,2.173055410385132,2.1730329990386963,2.2411346435546875e-05,55529.4603,23.649963,3038
3662,2.1705663204193115,2.170543670654297,2.2649765014648438e-05,55553.6074,24.147152,3152
3663,2.1730329990386963,2.1730105876922607,2.2411346435546875e-05,55577.7638,24.156416,3098
3664,2.1705448627471924,2.1705222129821777,2.2649765014648438e-05,55602.4743,24.710443,3128
3665,2.173008680343628,2.1729862689971924,2.2411346435546875e-05,55627.0659,24.591607,3086
3666,2.170523166656494,2.1705005168914795,2.2649765014648438e-05,55654.9472,27.881314,3128
3667,2.1729743480682373,2.1729519367218018,2.2411346435546875e-05,55679.2689,24.321716,3116
3668,2.1704938411712646,2.17047119140625,2.2649765014648438e-05,55701.9945,22.725556,3104
3669,2.172943115234375,2.1729207038879395,2.2411346435546875e-05,55722.3268,20.332338,3068
3670,2.1704678535461426,2.170445203781128,2.2649765014648438e-05,55742.4544,20.127568,3128
3671,2.172929286956787,2.1729068756103516,2.2411346435546875e-05,55762.0185,19.564162,3068
3672,2.1704649925231934,2.1704423427581787,2.2649765014648438e-05,55781.7291,19.710536,3128
3673,2.172945737838745,2.1729233264923096,2.2411346435546875e-05,55801.1982,19.469149,3116
3674,2.1704623699188232,2.1704397201538086,2.2649765014648438e-05,55820.7727,19.574515,3110
3675,2.1729283332824707,2.172905921936035,2.2411346435546875e-05,55846.0263,25.253535,3128
3676,2.170426607131958,2.1704039573669434,2.2649765014648438e-05,55865.5283,19.501994,3098
3677,2.1728808879852295,2.172858476638794,2.2411346435546875e-05,55885.1546,19.626285,3050
3678,2.170400381088257,2.170377731323242,2.2649765014648438e-05,55905.3769,20.222382,3128
3679,2.1728692054748535,2.172846794128418,2.2411346435546875e-05,55924.8634,19.486445,3092
3680,2.1703906059265137,2.170367956161499,2.2649765014648438e-05,55944.9873,20.123876,3140
3681,2.172865152359009,2.1728427410125732,2.2411346435546875e-05,55964.7462,19.758901,3092
3682,2.170381784439087,2.1703591346740723,2.2649765014648438e-05,55984.1968,19.45061,3128
3683,2.172858715057373,2.1728363037109375,2.2411346435546875e-05,56003.6675,19.470708,3116
3684,2.1703603267669678,2.170337677001953,2.2649765014648438e-05,56023.4471,19.779672,3140
3685,2.1728224754333496,2.172800064086914,2.2411346435546875e-05,56042.4636,19.01648,3074
3686,2.170330286026001,2.1703076362609863,2.2649765014648438e-05,56062.0447,19.581044,3146
3687,2.1727917194366455,2.17276930809021,2.2411346435546875e-05,56081.9531,19.908463,3134
3688,2.170309543609619,2.1702868938446045,2.2649765014648438e-05,56105.9271,23.973967,3104
3689,2.172776460647583,2.1727540493011475,2.2411346435546875e-05,56129.2768,23.349655,3122
3690,2.1702916622161865,2.170269012451172,2.2649765014648438e-05,56162.801,33.524247,3128
3691,2.1727538108825684,2.172731637954712,2.2172927856445312e-05,56197.3525,34.551467,3074
3692,2.1702640056610107,2.170241594314575,2.2411346435546875e-05,56222.7082,25.355707,3128
3693,2.1727097034454346,2.172687530517578,2.2172927856445312e-05,56250.1482,27.440051,3098
3694,2.1702332496643066,2.170210838317871,2.2411346435546875e-05,56278.9713,28.823035,3098
3695,2.17268443107605,2.1726622581481934,2.2172927856445312e-05,56307.6768,28.705561,3110
3696,2.170210599899292,2.1701881885528564,2.2411346435546875e-05,56334.1831,26.506306,3140
3697,2.1726813316345215,2.172659158706665,2.2172927856445312e-05,56357.8599,23.676761,3128
3698,2.170215368270874,2.1701929569244385,2.2411346435546875e-05,56379.8996,22.039717,3152
3699,2.172696828842163,2.1726746559143066,2.2172927856445312e-05,56400.9196,21.019992,3104
3700,2.170212507247925,2.1701900959014893,2.2411346435546875e-05,56421.5259,20.606276,3152
3701,2.1726949214935303,2.172672748565674,2.2172927856445312e-05,56441.7493,20.223392,3104
3702,2.1701903343200684,2.170167922973633,2.2411346435546875e-05,56461.6074,19.858083,3146
3703,2.172635316848755,2.1726131439208984,2.2172927856445312e-05,56481.1268,19.519429,3122
3704,2.1701297760009766,2.170107364654541,2.2411346435546875e-05,56501.1164,19.989588,3152
3705,2.17257022857666,2.1725480556488037,2.2172927856445312e-05,56520.6425,19.526131,3116
3706,2.1701128482818604,2.170090436935425,2.2411346435546875e-05,56539.7424,19.099933,3104
3707,2.172590732574463,2.1725685596466064,2.2172927856445312e-05,56559.1575,19.415109,3098
3708,2.170131206512451,2.1701087951660156,2.2411346435546875e-05,56589.2215,30.06393,3146
3709,2.1726233959198,2.1726012229919434,2.2172927856445312e-05,56612.3476,23.126116,3110
3710,2.1701242923736572,2.1701018810272217,2.2411346435546875e-05,56636.2412,23.893658,3122
3711,2.1725759506225586,2.172553777694702,2.2172927856445312e-05,56659.9452,23.703903,3140
3712,2.170058012008667,2.1700356006622314,2.2411346435546875e-05,56683.4677,23.522537,3116
3713,2.1724884510040283,2.172466278076172,2.2172927856445312e-05,56707.1887,23.721003,3134
3714,2.1700217723846436,2.169999361038208,2.2411346435546875e-05,56731.8762,24.687552,3146
3715,2.172484874725342,2.1724627017974854,2.2172927856445312e-05,56755.1744,23.298177,3104
3716,2.170025110244751,2.1700026988983154,2.2411346435546875e-05,56779.1264,23.951932,3116
3717,2.17250657081604,2.1724843978881836,2.2172927856445312e-05,56802.2945,23.168155,3098
3718,2.170027732849121,2.1700053215026855,2.2411346435546875e-05,56823.0025,20.707983,3122
3719,2.172501564025879,2.1724793910980225,2.2172927856445312e-05,56846.0111,23.008604,3104
3720,2.1700096130371094,2.169987201690674,2.2411346435546875e-05,56870.7103,24.699189,3140
3721,2.1724674701690674,2.172445297241211,2.2172927856445312e-05,56893.8452,23.134872,3080
3722,2.1699717044830322,2.1699492931365967,2.2411346435546875e-05,56917.2709,23.425787,3134
3723,2.1724233627319336,2.172401189804077,2.2172927856445312e-05,56946.4196,29.148663,3110
3724,2.1699378490448,2.1699154376983643,2.2411346435546875e-05,56970.1326,23.713029,3128
3725,2.1723875999450684,2.172365427017212,2.2172927856445312e-05,56993.6267,23.494099,3110
3726,2.169923782348633,2.1699013710021973,2.2411346435546875e-05,57017.8729,24.246169,3134
3727,2.1724038124084473,2.172381639480591,2.2172927856445312e-05,57041.7413,23.86842,3104
3728,2.169931411743164,2.1699090003967285,2.2411346435546875e-05,57065.1234,23.38211,3146
3729,2.172407388687134,2.1723852157592773,2.2172927856445312e-05,57088.173,23.049604,3158
3730,2.1699163913726807,2.169893980026245,2.2411346435546875e-05,57108.4593,20.286242,3134
3731,2.1723787784576416,2.172356605529785,2.2172927856445312e-05,57128.5846,20.125328,3152
3732,2.169877052307129,2.1698546409606934,2.2411346435546875e-05,57148.5454,19.960811,3092
3733,2.1723339557647705,2.172311782836914,2.2172927856445312e-05,57168.3319,19.786457,3134
3734,2.1698524951934814,2.169830083847046,2.2411346435546875e-05,57187.7748,19.442918,3116
3735,2.1723175048828125,2.172295331954956,2.2172927856445312e-05,57206.8264,19.051618,3074
3736,2.1698458194732666,2.169823408126831,2.2411346435546875e-05,57226.4827,19.656325,3170
3737,2.172325849533081,2.1723036766052246,2.2172927856445312e-05,57245.5244,19.041657,3116
3738,2.1698362827301025,2.169813871383667,2.2411346435546875e-05,57264.6463,19.121956,3140
3739,2.1722922325134277,2.1722700595855713,2.2172927856445312e-05,57284.2854,19.639086,3104
3740,2.16979718208313,2.1697747707366943,2.2411346435546875e-05,57306.449,22.163523,3128
3741,2.1722536087036133,2.172231435775757,2.2172927856445312e-05,57329.6343,23.185391,3158
3742,2.1697776317596436,2.169755220413208,2.2411346435546875e-05,57352.6621,23.027771,3080
3743,2.1722395420074463,2.17221736907959,2.2172927856445312e-05,57376.3705,23.708349,3092
3744,2.1697561740875244,2.169733762741089,2.2411346435546875e-05,57401.5315,25.161007,3164
3745,2.172208547592163,2.1721863746643066,2.2172927856445312e-05,57426.2944,24.762925,3140
3746,2.1697311401367188,2.169708728790283,2.2411346435546875e-05,57453.9509,27.656512,3152
3747,2.1721885204315186,2.172166347503662,2.2172927856445312e-05,57478.833,24.882114,3104
3748,2.1697168350219727,2.169694423675537,2.2411346435546875e-05,57503.2793,24.446223,3152
3749,2.172187566757202,2.1721653938293457,2.2172927856445312e-05,57527.8853,24.606063,3116
3750,2.169710874557495,2.1696884632110596,2.2411346435546875e-05,57549.4638,21.578493,3158
3751,2.172178268432617,2.1721560955047607,2.2172927856445312e-05,57570.7202,21.256367,3122
3752,2.1696910858154297,2.169668674468994,2.2411346435546875e-05,57591.6437,20.923553,3164
3753,2.1721460819244385,2.172123908996582,2.2172927856445312e-05,57612.0366,20.392827,3146
3754,2.169656276702881,2.1696338653564453,2.2411346435546875e-05,57632.6302,20.59364,3176
3755,2.172104835510254,2.1720826625823975,2.2172927856445312e-05,57652.6207,19.990491,3128
3756,2.169631242752075,2.1696088314056396,2.2411346435546875e-05,57672.5561,19.935447,3146
3757,2.1720945835113525,2.172072410583496,2.2172927856445312e-05,57692.6326,20.076436,3158
3758,2.1696348190307617,2.169612407684326,2.2411346435546875e-05,57712.0998,19.467195,3158
3759,2.1721277236938477,2.172105550765991,2.2172927856445312e-05,57731.7097,19.609927,3140
3760,2.1696441173553467,2.169621706008911,2.2411346435546875e-05,57751.0757,19.366016,3134
3761,2.1721208095550537,2.1720988750457764,2.193450927734375e-05,57770.6217,19.545951,3152
3762,2.169609546661377,2.1695873737335205,2.2172927856445312e-05,57790.1001,19.478471,3128
3763,2.172058343887329,2.1720364093780518,2.193450927734375e-05,57809.2814,19.18123,3116
3764,2.1695616245269775,2.169539451599121,2.2172927856445312e-05,57828.7303,19.448982,3176
3765,2.1720101833343506,2.1719882488250732,2.193450927734375e-05,57848.1401,19.409775,3122
3766,2.169538974761963,2.1695168018341064,2.2172927856445312e-05,57868.1245,19.984428,3134
3767,2.171999454498291,2.1719775199890137,2.193450927734375e-05,57887.5814,19.456809,3158
3768,2.169527292251587,2.1695051193237305,2.2172927856445312e-05,57907.3954,19.814031,3146
3769,2.171988010406494,2.171966075897217,2.193450927734375e-05,57927.2014,19.805969,3128
3770,2.1695079803466797,2.1694858074188232,2.2172927856445312e-05,57947.2607,20.059307,3164
3771,2.1719603538513184,2.171938419342041,2.193450927734375e-05,57967.2711,20.010463,3152
3772,2.1694822311401367,2.1694600582122803,2.2172927856445312e-05,57987.8104,20.539269,3122
3773,2.1719298362731934,2.171907901763916,2.193450927734375e-05,58007.1946,19.38419,3122
3774,2.169463634490967,2.1694414615631104,2.2172927856445312e-05,58027.0196,19.825013,3170
3775,2.171931743621826,2.171909809112549,2.193450927734375e-05,58048.361,21.341414,3128
3776,2.1694631576538086,2.169440984725952,2.2172927856445312e-05,58068.5429,20.181852,3140
3777,2.1719493865966797,2.1719274520874023,2.193450927734375e-05,58089.135,20.592131,3164
3778,2.1694581508636475,2.169435977935791,2.2172927856445312e-05,58109.9038,20.768791,3176
3779,2.171926975250244,2.171905040740967,2.193450927734375e-05,58130.2366,20.332788,3122
3780,2.1694252490997314,2.169403076171875,2.2172927856445312e-05,58186.1935,55.956896,3140
3781,2.1718811988830566,2.1718592643737793,2.193450927734375e-05,58209.0226,22.829108,3158
3782,2.1693968772888184,2.169374704360962,2.2172927856445312e-05,58231.2878,22.265245,3158
3783,2.17185378074646,2.1718318462371826,2.193450927734375e-05,58247.2686,15.980773,3134
3784,2.169370174407959,2.1693480014801025,2.2172927856445312e-05,58262.6427,15.374128,3170
3785,2.1718246936798096,2.1718027591705322,2.193450927734375e-05,58278.5384,15.895653,3164
3786,2.169353485107422,2.1693313121795654,2.2172927856445312e-05,58295.6345,17.096101,3188
3787,2.1718153953552246,2.1717934608459473,2.193450927734375e-05,58310.9187,15.2842,3140
3788,2.169337511062622,2.1693153381347656,2.2172927856445312e-05,58327.5927,16.674047,3188
3789,2.171806812286377,2.1717848777770996,2.193450927734375e-05,58344.4948,16.902102,3170
3790,2.169328451156616,2.1693062782287598,2.2172927856445312e-05,58359.9743,15.479486,3182
3791,2.171802282333374,2.1717803478240967,2.193450927734375e-05,58375.2741,15.299795,3128
3792,2.1693148612976074,2.169292688369751,2.2172927856445312e-05,58390.8328,15.558684,3158
3793,2.171773910522461,2.1717519760131836,2.193450927734375e-05,58407.179,16.346185,3164
3794,2.1692795753479004,2.169257402420044,2.2172927856445312e-05,58423.7842,16.605183,3164
3795,2.171726942062378,2.1717050075531006,2.193450927734375e-05,58439.8144,16.030292,3158
3796,2.1692538261413574,2.169231653213501,2.2172927856445312e-05,58455.6963,15.881896,3176
3797,2.171726703643799,2.1717047691345215,2.193450927734375e-05,58472.1075,16.411144,3182
3798,2.1692516803741455,2.169229507446289,2.2172927856445312e-05,58489.0079,16.900444,3110
3799,2.171722173690796,2.1717002391815186,2.193450927734375e-05,58506.3196,17.311655,3152
3800,2.1692230701446533,2.169200897216797,2.2172927856445312e-05,58523.4036,17.084008,3188
3801,2.1716768741607666,2.1716549396514893,2.193450927734375e-05,58540.8196,17.41601,3164
3802,2.1691925525665283,2.169170379638672,2.2172927856445312e-05,58557.4689,16.649295,3170
3803,2.171645402908325,2.171623468399048,2.193450927734375e-05,58573.6229,16.153979,3176
3804,2.1691811084747314,2.169158935546875,2.2172927856445312e-05,58591.2352,17.61228,3182
3805,2.1716551780700684,2.171633243560791,2.193450927734375e-05,58609.0809,17.845711,3164
3806,2.169182777404785,2.1691606044769287,2.2172927856445312e-05,58626.1519,17.071011,3182
3807,2.1716744899749756,2.1716525554656982,2.193450927734375e-05,58642.6307,16.478795,3140
3808,2.169175624847412,2.1691534519195557,2.2172927856445312e-05,58658.2677,15.636978,3182
3809,2.1716372966766357,2.1716153621673584,2.193450927734375e-05,58673.8321,15.5644,3164
3810,2.1691319942474365,2.16910982131958,2.2172927856445312e-05,58690.2329,16.400813,3206
3811,2.171579599380493,2.171557664871216,2.193450927734375e-05,58705.7415,15.50868,3164
3812,2.1690945625305176,2.169072389602661,2.2172927856445312e-05,58721.3573,15.615705,3146
3813,2.171548366546631,2.1715264320373535,2.193450927734375e-05,58736.9264,15.569104,3170
3814,2.169081687927246,2.1690595149993896,2.2172927856445312e-05,58752.3532,15.426814,3194
3815,2.1715471744537354,2.171525239944458,2.193450927734375e-05,58767.2148,14.861672,3152
3816,2.1690785884857178,2.1690564155578613,2.2172927856445312e-05,58782.043,14.828183,3158
3817,2.17155122756958,2.1715292930603027,2.193450927734375e-05,58797.2193,15.176228,3140
3818,2.169067859649658,2.1690456867218018,2.2172927856445312e-05,58813.701,16.481722,3176
3819,2.171534538269043,2.1715126037597656,2.193450927734375e-05,58828.7392,15.038258,3182
3820,2.169041156768799,2.1690189838409424,2.2172927856445312e-05,58843.4749,14.7357,3170
3821,2.171501398086548,2.1714794635772705,2.193450927734375e-05,58858.1507,14.67578,3122
3822,2.169013738632202,2.1689915657043457,2.2172927856445312e-05,58873.0744,14.923712,3176
3823,2.171473503112793,2.1714515686035156,2.193450927734375e-05,58888.125,15.050528,3164
3824,2.1689958572387695,2.168973684310913,2.2172927856445312e-05,58902.9197,14.794771,3146
3825,2.1714625358581543,2.171440601348877,2.193450927734375e-05,58917.708,14.788305,3152
3826,2.1689813137054443,2.168959140777588,2.2172927856445312e-05,58932.6788,14.970756,3164
3827,2.171435832977295,2.1714138984680176,2.193450927734375e-05,58947.4509,14.772146,3146
3828,2.1689558029174805,2.168933629989624,2.2172927856445312e-05,58962.2554,14.804426,3164
3829,2.1714093685150146,2.1713874340057373,2.193450927734375e-05,58977.1371,14.881704,3158
3830,2.1689348220825195,2.168912649154663,2.2172927856445312e-05,58992.1262,14.989108,3188
3831,2.1714136600494385,2.171391725540161,2.193450927734375e-05,59006.9891,14.862896,3176
3832,2.168945074081421,2.1689231395721436,2.193450927734375e-05,59021.9734,14.98431,3194
3833,2.1714274883270264,2.171405792236328,2.1696090698242188e-05,59036.9158,14.942438,3176
3834,2.168924570083618,2.168902635574341,2.193450927734375e-05,59051.9064,14.990577,3188
3835,2.171374797821045,2.1713531017303467,2.1696090698242188e-05,59066.666,14.759658,3152
3836,2.168875217437744,2.168853282928467,2.193450927734375e-05,59081.3859,14.719804,3122
3837,2.1713180541992188,2.1712963581085205,2.1696090698242188e-05,59096.0109,14.625057,3092
3838,2.1688482761383057,2.1688263416290283,2.193450927734375e-05,59110.9109,14.899969,3152
3839,2.1713144779205322,2.171292781829834,2.1696090698242188e-05,59125.7312,14.82029,3140
3840,2.168849468231201,2.168827533721924,2.193450927734375e-05,59140.8473,15.11609,3182
3841,2.1713368892669678,2.1713151931762695,2.1696090698242188e-05,59155.6897,14.842467,3158
3842,2.1688547134399414,2.168832778930664,2.193450927734375e-05,59170.7209,15.031178,3188
3843,2.1713390350341797,2.1713173389434814,2.1696090698242188e-05,59185.7534,15.032451,3164
3844,2.168826103210449,2.168804168701172,2.193450927734375e-05,59200.6339,14.880511,3170
3845,2.17126727104187,2.171245574951172,2.1696090698242188e-05,59215.4213,14.78745,3158
3846,2.1687657833099365,2.168743848800659,2.193450927734375e-05,59230.8143,15.392962,3170
3847,2.1711983680725098,2.1711766719818115,2.1696090698242188e-05,59245.6769,14.862617,3152
3848,2.1687381267547607,2.1687161922454834,2.193450927734375e-05,59260.5898,14.912894,3182
3849,2.171212673187256,2.1711909770965576,2.1696090698242188e-05,59275.4905,14.900665,3182
3850,2.168757677078247,2.1687357425689697,2.193450927734375e-05,59290.43,14.939572,3200
3851,2.1712496280670166,2.1712279319763184,2.1696090698242188e-05,59305.1825,14.752505,3140
3852,2.168760061264038,2.1687381267547607,2.193450927734375e-05,59320.0752,14.892633,3164
3853,2.1712169647216797,2.1711952686309814,2.1696090698242188e-05,59334.9283,14.853172,3176
3854,2.168712615966797,2.1686906814575195,2.193450927734375e-05,59349.8483,14.919991,3164
3855,2.1711597442626953,2.171138048171997,2.1696090698242188e-05,59364.6252,14.776842,3140
3856,2.168679714202881,2.1686577796936035,2.193450927734375e-05,59379.428,14.802813,3146
3857,2.1711366176605225,2.171114921569824,2.1696090698242188e-05,59394.4059,14.977889,3170
3858,2.1686604022979736,2.1686384677886963,2.193450927734375e-05,59409.4601,15.054255,3218
3859,2.171123504638672,2.1711018085479736,2.1696090698242188e-05,59424.0839,14.623809,3104
3860,2.168665885925293,2.1686439514160156,2.193450927734375e-05,59439.2405,15.156556,3200
3861,2.171161651611328,2.17113995552063,2.1696090698242188e-05,59454.1746,14.934088,3164
3862,2.168672800064087,2.1686508655548096,2.193450927734375e-05,59469.0017,14.827139,3164
3863,2.1711394786834717,2.1711177825927734,2.1696090698242188e-05,59484.0714,15.069685,3182
3864,2.16861891746521,2.1685969829559326,2.193450927734375e-05,59498.8022,14.730828,3164
3865,2.171036958694458,2.1710152626037598,2.1696090698242188e-05,59513.6571,14.854871,3170
3866,2.168557643890381,2.1685357093811035,2.193450927734375e-05,59528.6615,15.004401,3200
3867,2.1710095405578613,2.170987844467163,2.1696090698242188e-05,59543.6835,15.022004,3170
3868,2.168574094772339,2.1685521602630615,2.193450927734375e-05,59558.926,15.242498,3218
3869,2.1710777282714844,2.171056032180786,2.1696090698242188e-05,59573.8151,14.889096,3176
3870,2.1686084270477295,2.168586492538452,2.193450927734375e-05,59588.9359,15.120831,3218
3871,2.1711041927337646,2.1710824966430664,2.1696090698242188e-05,59603.8415,14.905581,3176
3872,2.168574810028076,2.168552875518799,2.193450927734375e-05,59618.7326,14.891135,3170
3873,2.171006917953491,2.170985221862793,2.1696090698242188e-05,59633.6828,14.950171,3182
3874,2.1684954166412354,2.168473482131958,2.193450927734375e-05,59648.6319,14.949073,3182
3875,2.170910120010376,2.1708884239196777,2.1696090698242188e-05,59663.4883,14.856433,3158
3876,2.168452262878418,2.1684303283691406,2.193450927734375e-05,59678.6237,15.135368,3206
3877,2.17091703414917,2.1708953380584717,2.1696090698242188e-05,59693.4319,14.808171,3140
3878,2.168484926223755,2.1684629917144775,2.193450927734375e-05,59708.4404,15.008529,3224
3879,2.1709933280944824,2.170971632003784,2.1696090698242188e-05,59723.8906,15.450213,3206
3880,2.168510675430298,2.1684887409210205,2.193450927734375e-05,59739.845,15.954389,3170
3881,2.170994758605957,2.170973062515259,2.1696090698242188e-05,59754.9787,15.133692,3188
3882,2.1684730052948,2.1684510707855225,2.193450927734375e-05,59769.8331,14.854463,3164
3883,2.170910596847534,2.170888900756836,2.1696090698242188e-05,59785.2407,15.407518,3164
3884,2.1684088706970215,2.168386936187744,2.193450927734375e-05,59800.4587,15.217988,3218
3885,2.1708548069000244,2.170833110809326,2.1696090698242188e-05,59816.202,15.743319,3110
3886,2.1683921813964844,2.168370246887207,2.193450927734375e-05,59833.7416,17.539668,3182
3887,2.170865535736084,2.1708438396453857,2.1696090698242188e-05,59849.7715,16.029863,3152
3888,2.1683952808380127,2.1683733463287354,2.193450927734375e-05,59865.5728,15.801323,3224
3889,2.1708712577819824,2.170849561691284,2.1696090698242188e-05,59880.6996,15.126788,3044
3890,2.1683857440948486,2.1683638095855713,2.193450927734375e-05,59896.2778,15.578194,3158
3891,2.170858144760132,2.1708364486694336,2.1696090698242188e-05,59911.6972,15.419392,3158
3892,2.168365716934204,2.1683437824249268,2.193450927734375e-05,59927.2699,15.572726,3194
3893,2.170815944671631,2.1707942485809326,2.1696090698242188e-05,59942.5131,15.243209,3188
3894,2.1683237552642822,2.168301820755005,2.193450927734375e-05,59957.7731,15.259931,3212
3895,2.170785427093506,2.1707637310028076,2.1696090698242188e-05,59972.8128,15.039697,3188
3896,2.168316602706909,2.168294668197632,2.193450927734375e-05,59988.1134,15.300633,3188
3897,2.170808792114258,2.1707870960235596,2.1696090698242188e-05,60003.4132,15.299766,3176
3898,2.16833758354187,2.1683156490325928,2.193450927734375e-05,60019.0385,15.625321,3194
3899,2.1708202362060547,2.1707985401153564,2.1696090698242188e-05,60034.2394,15.200911,3188
3900,2.1683030128479004,2.168281078338623,2.193450927734375e-05,60049.5057,15.266311,3206
3901,2.1707334518432617,2.1707117557525635,2.1696090698242188e-05,60064.7164,15.210724,3182
3902,2.168229341506958,2.1682074069976807,2.193450927734375e-05,60079.9775,15.261116,3200
3903,2.170652151107788,2.17063045501709,2.1696090698242188e-05,60095.1971,15.219549,3170
3904,2.1682066917419434,2.168184995651245,2.1696090698242188e-05,60110.362,15.164898,3182
3905,2.170694589614868,2.170673131942749,2.1457672119140625e-05,60125.6107,15.248716,3188
3906,2.1682498455047607,2.1682281494140625,2.1696090698242188e-05,60140.9343,15.323565,3212
3907,2.170750141143799,2.1707286834716797,2.1457672119140625e-05,60155.8967,14.962385,3164
3908,2.1682491302490234,2.168227434158325,2.1696090698242188e-05,60171.0978,15.201114,3224
3909,2.1707162857055664,2.1706948280334473,2.1457672119140625e-05,60186.7887,15.690896,3194
3910,2.168200731277466,2.1681790351867676,2.1696090698242188e-05,60202.183,15.394365,3152
3911,2.1706368923187256,2.1706154346466064,2.1457672119140625e-05,60217.2807,15.097678,3188
3912,2.1681466102600098,2.1681249141693115,2.1696090698242188e-05,60232.3697,15.088943,3224
3913,2.1705880165100098,2.1705665588378906,2.1457672119140625e-05,60247.3646,14.994965,3164
3914,2.168126106262207,2.168104410171509,2.1696090698242188e-05,60262.636,15.271401,3206
3915,2.1705896854400635,2.1705682277679443,2.1457672119140625e-05,60277.7847,15.148654,3206
3916,2.168137311935425,2.1681156158447266,2.1696090698242188e-05,60292.9722,15.187572,3248
3917,2.170630693435669,2.17060923576355,2.1457672119140625e-05,60308.0917,15.1195,3200
3918,2.168149709701538,2.16812801361084,2.1696090698242188e-05,60323.3063,15.214587,3212
3919,2.1706290245056152,2.170607566833496,2.1457672119140625e-05,60338.4541,15.14775,3188
3920,2.1681230068206787,2.1681013107299805,2.1696090698242188e-05,60353.731,15.276915,3248
3921,2.170574188232422,2.1705527305603027,2.1457672119140625e-05,60368.9763,15.245269,3236
3922,2.168067693710327,2.168045997619629,2.1696090698242188e-05,60384.7605,15.784228,3230
3923,2.1705029010772705,2.1704814434051514,2.1457672119140625e-05,60399.9509,15.190433,3206
3924,2.168032169342041,2.1680104732513428,2.1696090698242188e-05,60414.9352,14.984317,3188
3925,2.170490026473999,2.17046856880188,2.1457672119140625e-05,60430.4514,15.516137,3170
3926,2.168031930923462,2.1680102348327637,2.1696090698242188e-05,60445.7537,15.302303,3236
3927,2.1705119609832764,2.1704905033111572,2.1457672119140625e-05,60460.6268,14.873142,3158
3928,2.1680288314819336,2.1680071353912354,2.1696090698242188e-05,60475.5804,14.95361,3170
3929,2.1704905033111572,2.170469045639038,2.1457672119140625e-05,60491.3982,15.817796,3182
3930,2.1680068969726562,2.167985200881958,2.1696090698242188e-05,60506.6288,15.230583,3188
3931,2.170478582382202,2.170457124710083,2.1457672119140625e-05,60521.7216,15.092813,3200
3932,2.167994976043701,2.167973279953003,2.1696090698242188e-05,60537.104,15.382334,3242
3933,2.170466423034668,2.170444965362549,2.1457672119140625e-05,60552.0748,14.970797,3188
3934,2.1679787635803223,2.167957067489624,2.1696090698242188e-05,60567.2708,15.196053,3212
3935,2.170454263687134,2.1704328060150146,2.1457672119140625e-05,60582.4775,15.20672,3212
3936,2.16796612739563,2.1679444313049316,2.1696090698242188e-05,60597.6908,15.213222,3230
3937,2.170437812805176,2.1704163551330566,2.1457672119140625e-05,60612.7755,15.084722,3200
3938,2.167942523956299,2.1679208278656006,2.1696090698242188e-05,60627.9884,15.212948,3224
3939,2.17040753364563,2.1703860759735107,2.1457672119140625e-05,60643.1766,15.188189,3206
3940,2.1679067611694336,2.1678850650787354,2.1696090698242188e-05,60658.3704,15.193759,3206
3941,2.170358896255493,2.170337438583374,2.1457672119140625e-05,60673.3786,15.008253,3182
3942,2.1678736209869385,2.1678519248962402,2.1696090698242188e-05,60688.7302,15.351521,3206
3943,2.1703248023986816,2.1703033447265625,2.1457672119140625e-05,60703.9135,15.183353,3218
3944,2.1678643226623535,2.1678426265716553,2.1696090698242188e-05,60719.5908,15.677301,3212
3945,2.1703431606292725,2.1703217029571533,2.1457672119140625e-05,60735.5397,15.948926,3230
3946,2.1678519248962402,2.167830228805542,2.1696090698242188e-05,60751.1485,15.608735,3182
3947,2.170295476913452,2.170274019241333,2.1457672119140625e-05,60767.8047,16.656245,3224
3948,2.1677963733673096,2.1677746772766113,2.1696090698242188e-05,60783.5341,15.729432,3134
3949,2.1702210903167725,2.1701996326446533,2.1457672119140625e-05,60799.5936,16.059465,3188
3950,2.167773485183716,2.1677517890930176,2.1696090698242188e-05,60815.9027,16.309084,3194
3951,2.1702678203582764,2.1702463626861572,2.1457672119140625e-05,60831.8112,15.908475,3188
3952,2.1678261756896973,2.167804479598999,2.1696090698242188e-05,60848.1383,16.327153,3242
3953,2.170347213745117,2.170325756072998,2.1457672119140625e-05,60864.4672,16.328859,3212
3954,2.1678340435028076,2.1678123474121094,2.1696090698242188e-05,60880.5241,16.056928,3236
3955,2.170285701751709,2.17026424407959,2.1457672119140625e-05,60897.4749,16.950747,3212
3956,2.167754650115967,2.1677329540252686,2.1696090698242188e-05,60914.6484,17.173563,3224
3957,2.1701884269714355,2.1701669692993164,2.1457672119140625e-05,60932.1003,17.451893,3218
3958,2.1677134037017822,2.167691707611084,2.1696090698242188e-05,60947.9852,15.884936,3194
3959,2.1701817512512207,2.1701602935791016,2.1457672119140625e-05,60963.5907,15.605443,3224
3960,2.1677215099334717,2.1676998138427734,2.1696090698242188e-05,60979.5794,15.988751,3212
3961,2.170201063156128,2.170179605484009,2.1457672119140625e-05,60995.499,15.919558,3218
3962,2.1677215099334717,2.1676998138427734,2.1696090698242188e-05,61011.2333,15.734314,3212
3963,2.170205593109131,2.1701841354370117,2.1457672119140625e-05,61026.8262,15.592843,3236
3964,2.1677181720733643,2.167696475982666,2.1696090698242188e-05,61043.8885,17.062362,3206
3965,2.170201301574707,2.170179843902588,2.1457672119140625e-05,61059.3193,15.430767,3218
3966,2.1676836013793945,2.1676619052886963,2.1696090698242188e-05,61075.2772,15.957947,3164
3967,2.1701221466064453,2.170100688934326,2.1457672119140625e-05,61093.1744,17.897188,3224
3968,2.1676218509674072,2.167600154876709,2.1696090698242188e-05,61111.0884,17.913975,3272
3969,2.1700730323791504,2.1700515747070312,2.1457672119140625e-05,61128.8495,17.761068,3224
3970,2.1676132678985596,2.1675915718078613,2.1696090698242188e-05,61144.8987,16.049221,3242
3971,2.1700856685638428,2.1700642108917236,2.1457672119140625e-05,61161.1219,16.223215,3242
3972,2.167614459991455,2.167592763900757,2.1696090698242188e-05,61177.7692,16.647342,3230
3973,2.1700987815856934,2.170077323913574,2.1457672119140625e-05,61194.0591,16.289824,3218
3974,2.1676177978515625,2.1675961017608643,2.1696090698242188e-05,61211.6238,17.564713,3200
3975,2.1700894832611084,2.1700680255889893,2.1457672119140625e-05,61231.2115,19.587678,3242
3976,2.1675872802734375,2.1675655841827393,2.1696090698242188e-05,61250.114,18.902555,3170
3977,2.1700527667999268,2.1700313091278076,2.1457672119140625e-05,61269.0069,18.892867,3218
3978,2.1675667762756348,2.1675453186035156,2.1457672119140625e-05,61284.9699,15.963039,3200
3979,2.1700258255004883,2.1700046062469482,2.1219253540039062e-05,61303.0531,18.083147,3218
3980,2.167534828186035,2.167513370513916,2.1457672119140625e-05,61318.3891,15.336009,3176
3981,2.169983148574829,2.169961929321289,2.1219253540039062e-05,61335.0416,16.652575,3200
3982,2.1675024032592773,2.167480945587158,2.1457672119140625e-05,61350.6414,15.599725,3254
3983,2.169956684112549,2.169935464859009,2.1219253540039062e-05,61367.0617,16.420297,3242
3984,2.167501449584961,2.167479991912842,2.1457672119140625e-05,61387.3206,20.258965,3224
3985,2.1699986457824707,2.1699774265289307,2.1219253540039062e-05,61403.6997,16.379022,3218
3986,2.1675167083740234,2.1674952507019043,2.1457672119140625e-05,61420.9141,17.214478,3230
3987,2.1699962615966797,2.1699750423431396,2.1219253540039062e-05,61436.9165,16.002394,3236
3988,2.167485237121582,2.167463779449463,2.1457672119140625e-05,61454.3359,17.419325,3200
3989,2.169926643371582,2.169905424118042,2.1219253540039062e-05,61469.4466,15.110765,3224
3990,2.1674253940582275,2.1674039363861084,2.1457672119140625e-05,61486.4484,17.001792,3224
3991,2.169857978820801,2.1698367595672607,2.1219253540039062e-05,61502.5859,16.137468,3230
3992,2.1673951148986816,2.1673736572265625,2.1457672119140625e-05,61519.5747,16.988806,3266
3993,2.1698780059814453,2.1698567867279053,2.1219253540039062e-05,61535.6056,16.030899,3242
3994,2.167433738708496,2.167412281036377,2.1457672119140625e-05,61551.9437,16.338125,3224
3995,2.1699419021606445,2.1699206829071045,2.1219253540039062e-05,61569.4733,17.529578,3212
3996,2.1674368381500244,2.1674153804779053,2.1457672119140625e-05,61588.4706,18.997323,3260
3997,2.169901132583618,2.169879913330078,2.1219253540039062e-05,61604.379,15.908385,3218
3998,2.167371988296509,2.1673505306243896,2.1457672119140625e-05,61619.9584,15.579363,3224
3999,2.169781446456909,2.169760227203369,2.1219253540039062e-05,61636.0373,16.078919,3164
4000,2.167288303375244,2.167266845703125,2.1457672119140625e-05,61652.1733,16.136064,3230
4001,2.1697075366973877,2.1696863174438477,2.1219253540039062e-05,61667.6221,15.448722,3164
4002,2.167292594909668,2.167271137237549,2.1457672119140625e-05,61684.1951,16.573042,3230
4003,2.169797897338867,2.169776678085327,2.1219253540039062e-05,61700.1875,15.992407,3224
4004,2.1673743724823,2.1673529148101807,2.1457672119140625e-05,61716.3926,16.205075,3212
4005,2.169917345046997,2.169896125793457,2.1219253540039062e-05,61731.4443,15.051762,3110
4006,2.167386531829834,2.167365074157715,2.1457672119140625e-05,61746.9698,15.525406,3182
4007,2.1698415279388428,2.1698203086853027,2.1219253540039062e-05,61762.9448,15.975069,3242
4008,2.1672844886779785,2.1672630310058594,2.1457672119140625e-05,61778.4705,15.525681,3224
4009,2.169682025909424,2.169660806655884,2.1219253540039062e-05,61794.2333,15.762777,3212
4010,2.167203426361084,2.167181968688965,2.1457672119140625e-05,61810.3974,16.164122,3266
4011,2.1696457862854004,2.1696245670318604,2.1219253540039062e-05,61826.0941,15.696738,3242
4012,2.1672255992889404,2.1672041416168213,2.1457672119140625e-05,61842.0197,15.925599,3230
4013,2.1697404384613037,2.1697192192077637,2.1219253540039062e-05,61859.1634,17.143701,3254
4014,2.1672844886779785,2.1672630310058594,2.1457672119140625e-05,61875.5849,16.421473,3266
4015,2.1698033809661865,2.1697821617126465,2.1219253540039062e-05,61892.0969,16.511978,3212
4016,2.1672770977020264,2.1672556400299072,2.1457672119140625e-05,61908.7445,16.647628,3218
4017,2.1697447299957275,2.1697235107421875,2.1219253540039062e-05,61926.9715,18.226966,3266
4018,2.167208433151245,2.167186975479126,2.1457672119140625e-05,61947.0796,20.108124,3284
4019,2.169630289077759,2.1696090698242188,2.1219253540039062e-05,61964.7255,17.645865,3266
4020,2.167142629623413,2.167121171951294,2.1457672119140625e-05,61980.4167,15.691199,3284
4021,2.1695847511291504,2.1695635318756104,2.1219253540039062e-05,61996.9873,16.570651,3272
4022,2.167130708694458,2.167109251022339,2.1457672119140625e-05,62012.8107,15.823345,3272
4023,2.1696057319641113,2.1695845127105713,2.1219253540039062e-05,62028.1459,15.335274,3242
4024,2.167142152786255,2.1671206951141357,2.1457672119140625e-05,62043.709,15.563079,3260
4025,2.1696274280548096,2.1696062088012695,2.1219253540039062e-05,62059.1253,15.416241,3254
4026,2.167145252227783,2.167123794555664,2.1457672119140625e-05,62074.4975,15.372203,3272
4027,2.169616222381592,2.1695950031280518,2.1219253540039062e-05,62089.4487,14.951188,3212
4028,2.167111396789551,2.1670899391174316,2.1457672119140625e-05,62104.8175,15.368852,3254
4029,2.169560194015503,2.169538974761963,2.1219253540039062e-05,62120.3284,15.510893,3242
4030,2.1670773029327393,2.16705584526062,2.1457672119140625e-05,62135.8207,15.492312,3254
4031,2.16953706741333,2.16951584815979,2.1219253540039062e-05,62151.066,15.24525,3230
4032,2.1670703887939453,2.167048931121826,2.1457672119140625e-05,62166.4708,15.404815,3260
4033,2.1695480346679688,2.1695268154144287,2.1219253540039062e-05,62181.8298,15.359049,3260
4034,2.167067527770996,2.167046070098877,2.1457672119140625e-05,62197.2711,15.441251,3272
4035,2.1695399284362793,2.1695187091827393,2.1219253540039062e-05,62212.5057,15.234654,3206
4036,2.1670539379119873,2.167032480239868,2.1457672119140625e-05,62227.9194,15.413646,3302
4037,2.169520616531372,2.169499397277832,2.1219253540039062e-05,62244.1073,16.187939,3236
4038,2.167023181915283,2.167001724243164,2.1457672119140625e-05,62259.1042,14.9969,3254
4039,2.1694815158843994,2.1694602966308594,2.1219253540039062e-05,62274.3484,15.24416,3272
4040,2.166994094848633,2.1669726371765137,2.1457672119140625e-05,62289.57,15.22161,3296
4041,2.1694531440734863,2.1694319248199463,2.1219253540039062e-05,62305.0621,15.49211,3236
4042,2.166975259780884,2.1669538021087646,2.1457672119140625e-05,62320.1273,15.065225,3242
4043,2.1694531440734863,2.1694319248199463,2.1219253540039062e-05,62336.0824,15.955073,3278
4044,2.1669819355010986,2.1669604778289795,2.1457672119140625e-05,62351.9604,15.877995,3266
4045,2.169473648071289,2.169452428817749,2.1219253540039062e-05,62366.7993,14.838884,3236
4046,2.1669728755950928,2.1669514179229736,2.1457672119140625e-05,62381.9049,15.105579,3266
4047,2.169440984725952,2.169419765472412,2.1219253540039062e-05,62396.9578,15.052928,3236
4048,2.1669363975524902,2.166914939880371,2.1457672119140625e-05,62411.9892,15.031456,3254
4049,2.1693880558013916,2.1693668365478516,2.1219253540039062e-05,62427.0122,15.022961,3242
4050,2.166893243789673,2.1668717861175537,2.1457672119140625e-05,62441.8139,14.801659,3206
4051,2.1693475246429443,2.1693263053894043,2.1219253540039062e-05,62457.1601,15.346244,3284
4052,2.1668813228607178,2.1668601036071777,2.1219253540039062e-05,62472.2185,15.058367,3272
4053,2.1693625450134277,2.169341564178467,2.09808349609375e-05,62487.2738,15.055361,3164
4054,2.166876792907715,2.166855573654175,2.1219253540039062e-05,62502.2001,14.926249,3242
4055,2.169342041015625,2.169321060180664,2.09808349609375e-05,62517.6618,15.461733,3272
4056,2.166858196258545,2.166836977005005,2.1219253540039062e-05,62532.7536,15.091758,3260
4057,2.16931414604187,2.169293165206909,2.09808349609375e-05,62547.5266,14.773023,3176
4058,2.1668214797973633,2.1668002605438232,2.1219253540039062e-05,62562.8131,15.286516,3260
4059,2.1692698001861572,2.1692488193511963,2.09808349609375e-05,62577.9535,15.140435,3242
4060,2.1668026447296143,2.166781425476074,2.1219253540039062e-05,62592.9419,14.988344,3272
4061,2.169281005859375,2.169260025024414,2.09808349609375e-05,62608.2054,15.263474,3266
4062,2.1668198108673096,2.1667985916137695,2.1219253540039062e-05,62623.4633,15.257899,3290
4063,2.169321060180664,2.169300079345703,2.09808349609375e-05,62638.3318,14.868505,3176
4064,2.1668193340301514,2.1667981147766113,2.1219253540039062e-05,62653.4309,15.099092,3224
4065,2.169297218322754,2.169276237487793,2.09808349609375e-05,62668.6057,15.174891,3230
4066,2.166783332824707,2.166762113571167,2.1219253540039062e-05,62684.1742,15.568433,3314
4067,2.169247627258301,2.16922664642334,2.09808349609375e-05,62699.4973,15.323077,3272
4068,2.166750192642212,2.166728973388672,2.1219253540039062e-05,62715.5704,16.073109,3248
4069,2.1692144870758057,2.1691935062408447,2.09808349609375e-05,62730.8081,15.237701,3200
4070,2.1667234897613525,2.1667022705078125,2.1219253540039062e-05,62746.0859,15.277828,3260
4071,2.1691951751708984,2.1691741943359375,2.09808349609375e-05,62761.3968,15.310934,3290
4072,2.1667239665985107,2.1667027473449707,2.1219253540039062e-05,62777.0217,15.624841,3254
4073,2.1692166328430176,2.1691956520080566,2.09808349609375e-05,62792.5311,15.509429,3248
4074,2.166722297668457,2.166701078414917,2.1219253540039062e-05,62808.039,15.507926,3260
4075,2.169191598892212,2.169170618057251,2.09808349609375e-05,62823.3704,15.331355,3230
4076,2.1666829586029053,2.1666617393493652,2.1219253540039062e-05,62839.1367,15.766286,3272
4077,2.1691293716430664,2.1691083908081055,2.09808349609375e-05,62854.4805,15.343795,3296
4078,2.1666347980499268,2.1666135787963867,2.1219253540039062e-05,62869.8765,15.395995,3284
4079,2.169088840484619,2.169067859649658,2.09808349609375e-05,62885.1751,15.29868,3254
4080,2.1666271686553955,2.1666059494018555,2.1219253540039062e-05,62900.654,15.478876,3266
4081,2.1691036224365234,2.1690826416015625,2.09808349609375e-05,62915.8361,15.182109,3254
4082,2.1666324138641357,2.1666111946105957,2.1219253540039062e-05,62931.2113,15.375168,3290
4083,2.1691153049468994,2.1690943241119385,2.09808349609375e-05,62946.5117,15.300435,3278
4084,2.166625738143921,2.166604518890381,2.1219253540039062e-05,62961.6637,15.152009,3218
4085,2.1691088676452637,2.1690878868103027,2.09808349609375e-05,62976.8581,15.1944,3254
4086,2.166614532470703,2.166593313217163,2.1219253540039062e-05,62991.9661,15.107955,3218
4087,2.1690871715545654,2.1690661907196045,2.09808349609375e-05,63007.5895,15.623446,3248
4088,2.1665892601013184,2.1665680408477783,2.1219253540039062e-05,63023.4145,15.824948,3254
4089,2.1690518856048584,2.1690309047698975,2.09808349609375e-05,63038.2331,14.818638,3188
4090,2.166558265686035,2.166537046432495,2.1219253540039062e-05,63053.5212,15.28808,3278
4091,2.1690220832824707,2.1690011024475098,2.09808349609375e-05,63068.474,14.952826,3206
4092,2.1665353775024414,2.1665141582489014,2.1219253540039062e-05,63083.8448,15.370732,3248
4093,2.1690125465393066,2.1689915657043457,2.09808349609375e-05,63098.8956,15.050831,3218
4094,2.1665291786193848,2.1665079593658447,2.1219253540039062e-05,63116.1019,17.206354,3278
4095,2.1690070629119873,2.1689860820770264,2.09808349609375e-05,63131.5279,15.42593,3254
4096,2.166513681411743,2.166492462158203,2.1219253540039062e-05,63147.1136,15.585735,3260
4097,2.168992519378662,2.168971538543701,2.09808349609375e-05,63162.3846,15.270992,3254
4098,2.166497230529785,2.166476011276245,2.1219253540039062e-05,63177.913,15.528404,3284
4099,2.1689629554748535,2.1689419746398926,2.09808349609375e-05,63192.9918,15.078786,3224
4100,2.1664652824401855,2.1664440631866455,2.1219253540039062e-05,63208.477,15.485259,3284
4101,2.1689236164093018,2.168902635574341,2.09808349609375e-05,63223.8369,15.359867,3284
4102,2.1664445400238037,2.1664233207702637,2.1219253540039062e-05,63238.9581,15.121179,3242
4103,2.168926477432251,2.16890549659729,2.09808349609375e-05,63255.6025,16.644436,3260
4104,2.166449785232544,2.166428565979004,2.1219253540039062e-05,63272.2058,16.60325,3290
4105,2.1689364910125732,2.1689155101776123,2.09808349609375e-05,63287.5214,15.315611,3254
4106,2.166437864303589,2.166416645050049,2.1219253540039062e-05,63302.4282,14.906811,3176
4107,2.168898344039917,2.168877363204956,2.09808349609375e-05,63317.8653,15.437067,3242
4108,2.1663947105407715,2.1663734912872314,2.1219253540039062e-05,63332.9789,15.113673,3188
4109,2.168849468231201,2.1688284873962402,2.09808349609375e-05,63348.3808,15.401842,3284
4110,2.1663644313812256,2.1663432121276855,2.1219253540039062e-05,63364.2528,15.871969,3284
4111,2.168830156326294,2.168809175491333,2.09808349609375e-05,63380.3463,16.093541,3266
4112,2.166356086730957,2.166334867477417,2.1219253540039062e-05,63395.8267,15.480445,3290
4113,2.168828010559082,2.168807029724121,2.09808349609375e-05,63411.0106,15.183877,3266
4114,2.1663413047790527,2.1663200855255127,2.1219253540039062e-05,63426.5252,15.5146,3290
4115,2.1688101291656494,2.1687891483306885,2.09808349609375e-05,63443.0952,16.570031,3248
4116,2.1663320064544678,2.1663107872009277,2.1219253540039062e-05,63459.3703,16.275022,3266
4117,2.1688177585601807,2.1687967777252197,2.09808349609375e-05,63474.496,15.125721,3248
4118,2.1663362979888916,2.1663150787353516,2.1219253540039062e-05,63489.6671,15.171158,3254
4119,2.1688199043273926,2.1687989234924316,2.09808349609375e-05,63505.0585,15.391354,3284
4120,2.166307210922241,2.166285991668701,2.1219253540039062e-05,63520.5011,15.442578,3302
4121,2.16876220703125,2.168741226196289,2.09808349609375e-05,63535.6595,15.158404,3224
4122,2.166256904602051,2.1662356853485107,2.1219253540039062e-05,63550.8766,15.217132,3266
4123,2.168699026107788,2.168678045272827,2.09808349609375e-05,63566.3261,15.449462,3296
4124,2.166234016418457,2.166212797164917,2.1219253540039062e-05,63581.907,15.580891,3314
4125,2.1687166690826416,2.1686956882476807,2.09808349609375e-05,63596.7896,14.882598,3218
4126,2.166261911392212,2.166240692138672,2.1219253540039062e-05,63611.9248,15.135234,3218
4127,2.1687750816345215,2.1687541007995605,2.09808349609375e-05,63627.5649,15.640127,3296
4128,2.1662697792053223,2.1662487983703613,2.09808349609375e-05,63643.0743,15.509387,3254
4129,2.1687510013580322,2.1687302589416504,2.0742416381835938e-05,63658.5333,15.458986,3260
4130,2.166215419769287,2.166194438934326,2.09808349609375e-05,63674.3532,15.819874,3284
4131,2.168647050857544,2.168626308441162,2.0742416381835938e-05,63689.8118,15.458618,3248
4132,2.1661505699157715,2.1661295890808105,2.09808349609375e-05,63704.8727,15.060927,3254
4133,2.168581962585449,2.1685612201690674,2.0742416381835938e-05,63720.2059,15.333147,3272
4134,2.166133165359497,2.166112184524536,2.09808349609375e-05,63736.476,16.270145,3254
4135,2.1686174869537354,2.1685967445373535,2.0742416381835938e-05,63751.7543,15.278298,3248
4136,2.166168689727783,2.1661477088928223,2.09808349609375e-05,63767.3997,15.645408,3314
4137,2.1686816215515137,2.168660879135132,2.0742416381835938e-05,63782.6076,15.207903,3242
4138,2.166181802749634,2.166160821914673,2.09808349609375e-05,63798.1409,15.533237,3314
4139,2.16866135597229,2.168640613555908,2.0742416381835938e-05,63813.3486,15.20777,3254
4140,2.1661288738250732,2.1661078929901123,2.09808349609375e-05,63828.5799,15.231322,3242
4141,2.168562889099121,2.1685421466827393,2.0742416381835938e-05,63843.9113,15.331401,3272
4142,2.166067123413086,2.166046142578125,2.09808349609375e-05,63859.5143,15.602958,3338
4143,2.168517827987671,2.168497085571289,2.0742416381835938e-05,63875.1506,15.636263,3320
4144,2.166055679321289,2.166034698486328,2.09808349609375e-05,63890.1567,15.006127,3260
4145,2.1685431003570557,2.168522357940674,2.0742416381835938e-05,63905.6683,15.511581,3320
4146,2.1660780906677246,2.1660571098327637,2.09808349609375e-05,63921.1587,15.490434,3314
4147,2.1685774326324463,2.1685566902160645,2.0742416381835938e-05,63936.3933,15.23455,3278
4148,2.166081190109253,2.166060209274292,2.09808349609375e-05,63951.718,15.324739,3290
4149,2.168565273284912,2.1685445308685303,2.0742416381835938e-05,63967.1706,15.452601,3296
4150,2.1660454273223877,2.1660244464874268,2.09808349609375e-05,63982.7713,15.600727,3326
4151,2.1684906482696533,2.1684699058532715,2.0742416381835938e-05,63998.0159,15.24456,3278
4152,2.165987968444824,2.1659669876098633,2.09808349609375e-05,64013.4614,15.445514,3308
4153,2.168431043624878,2.168410301208496,2.0742416381835938e-05,64028.0116,14.550188,3122
4154,2.165968656539917,2.165947675704956,2.09808349609375e-05,64043.7899,15.778318,3242
4155,2.1684577465057373,2.1684370040893555,2.0742416381835938e-05,64058.8261,15.036166,3224
4156,2.1659977436065674,2.1659767627716064,2.09808349609375e-05,64074.4625,15.636448,3326
4157,2.168515205383301,2.168494462966919,2.0742416381835938e-05,64089.8735,15.411003,3308
4158,2.166008949279785,2.165987968444824,2.09808349609375e-05,64105.1858,15.312283,3278
4159,2.168485641479492,2.1684648990631104,2.0742416381835938e-05,64120.485,15.299222,3266
4160,2.1659553050994873,2.1659343242645264,2.09808349609375e-05,64136.0423,15.557227,3344
4161,2.1683945655822754,2.1683738231658936,2.0742416381835938e-05,64151.4547,15.412445,3302
4162,2.1658949851989746,2.1658740043640137,2.09808349609375e-05,64166.68,15.225311,3254
4163,2.168335199356079,2.1683144569396973,2.0742416381835938e-05,64182.148,15.468025,3290
4164,2.1658692359924316,2.1658482551574707,2.09808349609375e-05,64197.7421,15.594111,3332
4165,2.168349027633667,2.168328285217285,2.0742416381835938e-05,64213.2209,15.478739,3302
4166,2.1658968925476074,2.1658759117126465,2.09808349609375e-05,64228.7391,15.518204,3314
4167,2.1684067249298096,2.1683859825134277,2.0742416381835938e-05,64243.9985,15.259374,3272
4168,2.1659138202667236,2.1658928394317627,2.09808349609375e-05,64259.4613,15.46288,3302
4169,2.1684045791625977,2.168383836746216,2.0742416381835938e-05,64274.7447,15.283324,3266
4170,2.1658775806427,2.1658565998077393,2.09808349609375e-05,64290.2236,15.478965,3272
4171,2.168327808380127,2.168307065963745,2.0742416381835938e-05,64305.6245,15.40084,3296
4172,2.165820598602295,2.165799617767334,2.09808349609375e-05,64320.8101,15.185627,3248
4173,2.1682651042938232,2.1682443618774414,2.0742416381835938e-05,64336.022,15.211858,3260
4174,2.1657967567443848,2.165775775909424,2.09808349609375e-05,64351.3113,15.289372,3284
4175,2.168278932571411,2.1682581901550293,2.0742416381835938e-05,64366.8146,15.503224,3308
4176,2.16580867767334,2.165787696838379,2.09808349609375e-05,64382.5,15.685462,3350
4177,2.1683080196380615,2.1682872772216797,2.0742416381835938e-05,64398.2179,15.717851,3284
4178,2.1658124923706055,2.1657915115356445,2.09808349609375e-05,64413.8247,15.606827,3326
4179,2.168290376663208,2.168269634246826,2.0742416381835938e-05,64429.1126,15.287939,3272
4180,2.1657838821411133,2.1657629013061523,2.09808349609375e-05,64444.5484,15.435792,3314
4181,2.168250560760498,2.168229818344116,2.0742416381835938e-05,64460.0499,15.501522,3326
4182,2.1657533645629883,2.1657323837280273,2.09808349609375e-05,64475.4594,15.40945,3326
4183,2.168215274810791,2.168194532394409,2.0742416381835938e-05,64490.6289,15.169498,3248
4184,2.1657328605651855,2.1657118797302246,2.09808349609375e-05,64506.1777,15.548802,3308
4185,2.1682143211364746,2.1681935787200928,2.0742416381835938e-05,64522.1374,15.959723,3302
4186,2.1657328605651855,2.1657118797302246,2.09808349609375e-05,64538.2405,16.103122,3320
4187,2.1682207584381104,2.1682000160217285,2.0742416381835938e-05,64553.4922,15.251647,3248
4188,2.1657204627990723,2.1656994819641113,2.09808349609375e-05,64569.1088,15.616568,3350
4189,2.1681885719299316,2.16816782951355,2.0742416381835938e-05,64584.7171,15.608345,3290
4190,2.1656813621520996,2.1656603813171387,2.09808349609375e-05,64600.6065,15.889369,3374
4191,2.168135404586792,2.16811466217041,2.0742416381835938e-05,64616.1641,15.557639,3308
4192,2.165644407272339,2.165623426437378,2.09808349609375e-05,64632.2599,16.095776,3332
4193,2.1681103706359863,2.1680896282196045,2.0742416381835938e-05,64647.5899,15.330014,3266
4194,2.1656436920166016,2.1656227111816406,2.09808349609375e-05,64663.1217,15.531765,3314
4195,2.1681313514709473,2.1681106090545654,2.0742416381835938e-05,64678.8317,15.709992,3338
4196,2.165651321411133,2.165630340576172,2.09808349609375e-05,64694.5003,15.668675,3338
4197,2.1681442260742188,2.168123483657837,2.0742416381835938e-05,64710.0184,15.51803,3296
4198,2.1656291484832764,2.1656081676483154,2.09808349609375e-05,64725.3881,15.369689,3254
4199,2.168084144592285,2.1680634021759033,2.0742416381835938e-05,64740.8213,15.433265,3272
4200,2.165579080581665,2.165558099746704,2.09808349609375e-05,64756.331,15.509645,3278
4201,2.168030023574829,2.1680092811584473,2.0742416381835938e-05,64771.8621,15.531108,3314
4202,2.165555238723755,2.165534257888794,2.09808349609375e-05,64787.5093,15.647261,3338
4203,2.168027877807617,2.1680071353912354,2.0742416381835938e-05,64802.9917,15.482378,3296
4204,2.165558099746704,2.1655373573303223,2.0742416381835938e-05,64818.79,15.798267,3368
4205,2.16805100440979,2.168030261993408,2.0742416381835938e-05,64834.1358,15.345836,3290
4206,2.16556715965271,2.165546417236328,2.0742416381835938e-05,64849.7184,15.582587,3338
4207,2.1680686473846436,2.168048143386841,2.0503997802734375e-05,64865.1992,15.480829,3320
4208,2.1655542850494385,2.1655335426330566,2.0742416381835938e-05,64881.9156,16.716355,3368
4209,2.168015956878662,2.1679954528808594,2.0503997802734375e-05,64898.5167,16.601121,3332
4210,2.1655077934265137,2.165487051010132,2.0742416381835938e-05,64914.3942,15.877443,3362
4211,2.1679604053497314,2.1679399013519287,2.0503997802734375e-05,64929.6999,15.305738,3284
4212,2.165476083755493,2.1654553413391113,2.0742416381835938e-05,64945.2166,15.516749,3338
4213,2.167948007583618,2.1679275035858154,2.0503997802734375e-05,64960.5783,15.361703,3278
4214,2.1654775142669678,2.165456771850586,2.0742416381835938e-05,64976.7348,16.156447,3368
4215,2.1679718494415283,2.1679513454437256,2.0503997802734375e-05,64992.242,15.507257,3326
4216,2.165478229522705,2.1654574871063232,2.0742416381835938e-05,65007.8809,15.638815,3368
4217,2.167956590652466,2.167936086654663,2.0503997802734375e-05,65023.3609,15.479993,3308
4218,2.165449619293213,2.165428876876831,2.0742416381835938e-05,65038.9524,15.591514,3338
4219,2.167914390563965,2.167893886566162,2.0503997802734375e-05,65054.1259,15.173528,3224
4220,2.1654212474823,2.165400505065918,2.0742416381835938e-05,65069.7525,15.626619,3356
4221,2.1678946018218994,2.1678740978240967,2.0503997802734375e-05,65085.4639,15.711391,3362
4222,2.1654016971588135,2.1653809547424316,2.0742416381835938e-05,65101.111,15.647126,3356
4223,2.167875051498413,2.1678545475006104,2.0503997802734375e-05,65116.677,15.565935,3338
4224,2.1653811931610107,2.165360450744629,2.0742416381835938e-05,65132.411,15.734033,3356
4225,2.167847156524658,2.1678266525268555,2.0503997802734375e-05,65148.0873,15.676318,3338
4226,2.165358781814575,2.1653380393981934,2.0742416381835938e-05,65163.8897,15.802419,3368
4227,2.167834997177124,2.1678144931793213,2.0503997802734375e-05,65179.6236,15.733827,3200
4228,2.165354013442993,2.1653332710266113,2.0742416381835938e-05,65196.6067,16.983121,3392
4229,2.167841911315918,2.1678214073181152,2.0503997802734375e-05,65211.9339,15.327202,3272
4230,2.1653523445129395,2.1653316020965576,2.0742416381835938e-05,65227.6168,15.682933,3356
4231,2.167839765548706,2.1678192615509033,2.0503997802734375e-05,65243.2318,15.614963,3248
4232,2.1653337478637695,2.1653130054473877,2.0742416381835938e-05,65258.838,15.606238,3362
4233,2.167802572250366,2.1677820682525635,2.0503997802734375e-05,65274.5459,15.707863,3338
4234,2.165287733078003,2.165266990661621,2.0742416381835938e-05,65290.4586,15.912679,3374
4235,2.1677350997924805,2.1677145957946777,2.0503997802734375e-05,65306.0029,15.544332,3320
4236,2.1652534008026123,2.1652326583862305,2.0742416381835938e-05,65321.4983,15.495389,3338
4237,2.1677236557006836,2.167703151702881,2.0503997802734375e-05,65336.9943,15.496043,3326
4238,2.1652510166168213,2.1652302742004395,2.0742416381835938e-05,65352.6582,15.66389,3302
4239,2.167736053466797,2.167715549468994,2.0503997802734375e-05,65368.5623,15.904116,3332
4240,2.1652581691741943,2.1652374267578125,2.0742416381835938e-05,65384.5042,15.941831,3410
4241,2.167752265930176,2.167731761932373,2.0503997802734375e-05,65400.2727,15.768567,3380
4242,2.1652519702911377,2.165231227874756,2.0742416381835938e-05,65415.9027,15.629978,3350
4243,2.167741298675537,2.1677207946777344,2.0503997802734375e-05,65431.2283,15.325616,3284
4244,2.165231227874756,2.165210485458374,2.0742416381835938e-05,65446.8971,15.668806,3326
4245,2.167698383331299,2.167677879333496,2.0503997802734375e-05,65462.4149,15.517806,3338
4246,2.1651840209960938,2.165163278579712,2.0742416381835938e-05,65477.9571,15.542169,3326
4247,2.1676299571990967,2.167609453201294,2.0503997802734375e-05,65494.1133,16.15622,3368
4248,2.165144681930542,2.16512393951416,2.0742416381835938e-05,65510.8576,16.744307,3308
4249,2.1676108837127686,2.167590379714966,2.0503997802734375e-05,65526.642,15.784335,3380
4250,2.165149688720703,2.1651289463043213,2.0742416381835938e-05,65543.1516,16.509663,3380
4251,2.1676440238952637,2.167623519897461,2.0503997802734375e-05,65558.8808,15.729215,3350
4252,2.165160894393921,2.165140151977539,2.0742416381835938e-05,65574.7522,15.871362,3356
4253,2.1676573753356934,2.1676368713378906,2.0503997802734375e-05,65590.6713,15.919145,3362
4254,2.1651484966278076,2.165127754211426,2.0742416381835938e-05,65606.4011,15.729729,3326
4255,2.167618989944458,2.1675984859466553,2.0503997802734375e-05,65621.7567,15.355616,3308
4256,2.16511607170105,2.165095329284668,2.0742416381835938e-05,65637.4096,15.652865,3362
4257,2.1675803661346436,2.167559862136841,2.0503997802734375e-05,65653.0621,15.652494,3380
4258,2.1650776863098145,2.1650569438934326,2.0742416381835938e-05,65668.8586,15.796552,3356
4259,2.1675326824188232,2.1675121784210205,2.0503997802734375e-05,65684.7239,15.865258,3344
4260,2.165053367614746,2.1650326251983643,2.0742416381835938e-05,65700.7174,15.993544,3398
4261,2.1675329208374023,2.1675124168395996,2.0503997802734375e-05,65716.2869,15.56945,3326
4262,2.1650710105895996,2.1650502681732178,2.0742416381835938e-05,65731.894,15.607136,3344
4263,2.167572498321533,2.1675519943237305,2.0503997802734375e-05,65747.4428,15.548767,3308
4264,2.1650731563568115,2.1650524139404297,2.0742416381835938e-05,65763.1537,15.710919,3356
4265,2.167557954788208,2.1675374507904053,2.0503997802734375e-05,65778.7528,15.599104,3290
4266,2.1650338172912598,2.165013074874878,2.0742416381835938e-05,65794.6986,15.945856,3380
4267,2.167480945587158,2.1674604415893555,2.0503997802734375e-05,65810.6172,15.918572,3398
4268,2.1649839878082275,2.1649632453918457,2.0742416381835938e-05,65826.9917,16.374532,3350
4269,2.167440891265869,2.1674203872680664,2.0503997802734375e-05,65844.2717,17.279914,3374
4270,2.1649703979492188,2.164949655532837,2.0742416381835938e-05,65859.9992,15.727518,3344
4271,2.1674656867980957,2.167445182800293,2.0503997802734375e-05,65876.0504,16.051207,3374
4272,2.1649837493896484,2.1649630069732666,2.0742416381835938e-05,65891.8936,15.843183,3350
4273,2.167466640472412,2.1674461364746094,2.0503997802734375e-05,65907.702,15.808486,3332
4274,2.164964437484741,2.1649436950683594,2.0742416381835938e-05,65924.3936,16.691544,3398
4275,2.167426824569702,2.1674063205718994,2.0503997802734375e-05,65940.392,15.998367,3350
4276,2.1649255752563477,2.164904832839966,2.0742416381835938e-05,65956.7258,16.333794,3386
4277,2.1673922538757324,2.1673717498779297,2.0503997802734375e-05,65972.766,16.040228,3296
4278,2.164911985397339,2.164891242980957,2.0742416381835938e-05,65989.2008,16.43482,3386
4279,2.1673901081085205,2.1673696041107178,2.0503997802734375e-05,66005.2059,16.005069,3344
4280,2.1648952960968018,2.16487455368042,2.0742416381835938e-05,66020.9003,15.694422,3284
4281,2.1673552989959717,2.167334794998169,2.0503997802734375e-05,66036.9963,16.095996,3374
4282,2.164870262145996,2.1648497581481934,2.0503997802734375e-05,66053.0289,16.032586,3362
4283,2.1673388481140137,2.167318344116211,2.0503997802734375e-05,66069.1152,16.086362,3392
4284,2.1648614406585693,2.1648409366607666,2.0503997802734375e-05,66085.1362,16.021013,3332
4285,2.1673343181610107,2.167314052581787,2.0265579223632812e-05,66101.487,16.35077,3356
4286,2.164858341217041,2.1648378372192383,2.0503997802734375e-05,66117.7013,16.21428,3374
4287,2.1673495769500732,2.1673293113708496,2.0265579223632812e-05,66133.39,15.688742,3314
4288,2.164856195449829,2.1648356914520264,2.0503997802734375e-05,66150.6191,17.229075,3368
4289,2.167346477508545,2.1673262119293213,2.0265579223632812e-05,66167.0439,16.424779,3380
4290,2.164828062057495,2.1648075580596924,2.0503997802734375e-05,66183.4889,16.445055,3386
4291,2.167280673980713,2.1672604084014893,2.0265579223632812e-05,66199.2845,15.795549,3326
4292,2.1647770404815674,2.1647565364837646,2.0503997802734375e-05,66215.143,15.858529,3356
4293,2.167224884033203,2.1672046184539795,2.0265579223632812e-05,66230.9458,15.802773,3332
4294,2.1647515296936035,2.164731025695801,2.0503997802734375e-05,66247.0697,16.123864,3392
4295,2.1672234535217285,2.167203187942505,2.0265579223632812e-05,66263.0289,15.95924,3362
4296,2.1647591590881348,2.164738655090332,2.0503997802734375e-05,66279.087,16.058079,3374
4297,2.1672492027282715,2.167228937149048,2.0265579223632812e-05,66295.1138,16.026865,3362
4298,2.1647636890411377,2.164743185043335,2.0503997802734375e-05,66311.2364,16.122575,3368
4299,2.1672475337982178,2.167227268218994,2.0265579223632812e-05,66327.1992,15.962746,3350
4300,2.164740800857544,2.164720296859741,2.0503997802734375e-05,66343.0384,15.839214,3314
4301,2.1672070026397705,2.167186737060547,2.0265579223632812e-05,66358.6292,15.590838,3272
4302,2.164715528488159,2.1646950244903564,2.0503997802734375e-05,66374.6084,15.979173,3338
4303,2.1671762466430664,2.1671559810638428,2.0265579223632812e-05,66390.921,16.312564,3368
4304,2.1646807193756104,2.1646602153778076,2.0503997802734375e-05,66406.8137,15.89272,3344
4305,2.1671366691589355,2.167116403579712,2.0265579223632812e-05,66423.0137,16.200052,3398
4306,2.164656162261963,2.16463565826416,2.0503997802734375e-05,66439.4791,16.465321,3368
4307,2.1671252250671387,2.167104959487915,2.0265579223632812e-05,66455.6011,16.122058,3374
4308,2.164647102355957,2.1646265983581543,2.0503997802734375e-05,66472.4462,16.845105,3362
4309,2.167118549346924,2.1670982837677,2.0265579223632812e-05,66488.684,16.237819,3398
4310,2.164639711380005,2.164619207382202,2.0503997802734375e-05,66504.7461,16.062053,3368
4311,2.1671109199523926,2.167090654373169,2.0265579223632812e-05,66520.6703,15.924183,3350
4312,2.1646206378936768,2.164600133895874,2.0503997802734375e-05,66537.0179,16.347616,3434
4313,2.167081356048584,2.1670610904693604,2.0265579223632812e-05,66552.5711,15.553202,3254
4314,2.1645987033843994,2.1645781993865967,2.0503997802734375e-05,66568.7258,16.154734,3416
4315,2.1670641899108887,2.167043924331665,2.0265579223632812e-05,66584.609,15.88319,3320
4316,2.1645898818969727,2.16456937789917,2.0503997802734375e-05,66600.552,15.942991,3350
4317,2.1670687198638916,2.167048454284668,2.0265579223632812e-05,66616.6147,16.062678,3386
4318,2.1645803451538086,2.164559841156006,2.0503997802734375e-05,66632.698,16.083328,3398
4319,2.1670501232147217,2.167029857635498,2.0265579223632812e-05,66648.9107,16.212705,3380
4320,2.1645596027374268,2.164539098739624,2.0503997802734375e-05,66664.9632,16.052481,3392
4321,2.167025566101074,2.1670053005218506,2.0265579223632812e-05,66681.1023,16.139123,3398
4322,2.164534330368042,2.1645138263702393,2.0503997802734375e-05,66697.2537,16.151432,3392
4323,2.1669938564300537,2.16697359085083,2.0265579223632812e-05,66713.2797,16.025949,3374
4324,2.1645185947418213,2.1644980907440186,2.0503997802734375e-05,66729.3063,16.026614,3368
4325,2.166991949081421,2.1669716835021973,2.0265579223632812e-05,66745.4414,16.135074,3386
4326,2.1645119190216064,2.1644914150238037,2.0503997802734375e-05,66761.9991,16.557683,3398
4327,2.1669933795928955,2.166973114013672,2.0265579223632812e-05,66778.0408,16.041765,3362
4328,2.164497137069702,2.1644766330718994,2.0503997802734375e-05,66794.9785,16.93767,3374
4329,2.166959047317505,2.1669387817382812,2.0265579223632812e-05,66811.7912,16.812721,3422
4330,2.1644580364227295,2.1644375324249268,2.0503997802734375e-05,66828.0015,16.210287,3386
4331,2.166905641555786,2.1668853759765625,2.0265579223632812e-05,66844.05,16.04852,3380
4332,2.1644322872161865,2.164411783218384,2.0503997802734375e-05,66860.8324,16.782344,3422
4333,2.1668994426727295,2.166879177093506,2.0265579223632812e-05,66876.6969,15.864541,3332
4334,2.164440155029297,2.164419651031494,2.0503997802734375e-05,66892.774,16.077097,3374
4335,2.1669387817382812,2.1669185161590576,2.0265579223632812e-05,66908.6469,15.872932,3338
4336,2.1644530296325684,2.1644325256347656,2.0503997802734375e-05,66924.9677,16.320744,3428
4337,2.166936159133911,2.1669158935546875,2.0265579223632812e-05,66941.0164,16.048757,3368
4338,2.164422035217285,2.1644015312194824,2.0503997802734375e-05,66957.6328,16.61637,3416
4339,2.1668753623962402,2.1668550968170166,2.0265579223632812e-05,66973.927,16.294222,3374
4340,2.1643669605255127,2.16434645652771,2.0503997802734375e-05,66990.4584,16.531376,3428
4341,2.166808843612671,2.1667885780334473,2.0265579223632812e-05,67007.149,16.690612,3350
4342,2.164339065551758,2.164318561553955,2.0503997802734375e-05,67023.5526,16.403526,3428
4343,2.1668155193328857,2.166795253753662,2.0265579223632812e-05,67040.4672,16.914682,3410
4344,2.1643548011779785,2.164334297180176,2.0503997802734375e-05,67056.6431,16.175906,3410
4345,2.1668407917022705,2.166820526123047,2.0265579223632812e-05,67072.844,16.200822,3398
4346,2.164348602294922,2.164328098297119,2.0503997802734375e-05,67089.13,16.286058,3404
4347,2.1668171882629395,2.166796922683716,2.0265579223632812e-05,67105.7981,16.668111,3392
4348,2.1643171310424805,2.1642966270446777,2.0503997802734375e-05,67122.3869,16.588755,3386
4349,2.166759729385376,2.1667394638061523,2.0265579223632812e-05,67138.4697,16.082859,3368
4350,2.164278507232666,2.1642580032348633,2.0503997802734375e-05,67154.8999,16.430192,3440
4351,2.1667373180389404,2.166717052459717,2.0265579223632812e-05,67170.8742,15.974244,3350
4352,2.1642649173736572,2.1642444133758545,2.0503997802734375e-05,67187.4112,16.536979,3422
4353,2.1667368412017822,2.1667165756225586,2.0265579223632812e-05,67203.2736,15.862413,3326
4354,2.164257764816284,2.1642372608184814,2.0503997802734375e-05,67219.1923,15.918689,3344
4355,2.166729688644409,2.1667094230651855,2.0265579223632812e-05,67235.2696,16.077342,3386
4356,2.164245128631592,2.164224624633789,2.0503997802734375e-05,67251.596,16.326378,3446
4357,2.1667160987854004,2.1666958332061768,2.0265579223632812e-05,67267.5841,15.988132,3368
4358,2.164233922958374,2.1642134189605713,2.0503997802734375e-05,67283.7383,16.154226,3344
4359,2.1667068004608154,2.166686534881592,2.0265579223632812e-05,67299.9843,16.245987,3410
4360,2.1642181873321533,2.1641976833343506,2.0503997802734375e-05,67316.2487,16.26435,3410
4361,2.166691541671753,2.1666712760925293,2.0265579223632812e-05,67332.0865,15.837812,3338
4362,2.1642112731933594,2.1641910076141357,2.0265579223632812e-05,67348.3387,16.252164,3434
4363,2.166677951812744,2.1666576862335205,2.0265579223632812e-05,67364.1809,15.842226,3332
4364,2.1641759872436523,2.1641557216644287,2.0265579223632812e-05,67380.1509,15.970062,3344
4365,2.1666221618652344,2.16660213470459,2.002716064453125e-05,67396.2628,16.111894,3386
4366,2.1641323566436768,2.164112091064453,2.0265579223632812e-05,67412.5396,16.276775,3380
4367,2.1665852069854736,2.166565179824829,2.002716064453125e-05,67429.8234,17.283757,3434
4368,2.164125442504883,2.164105176925659,2.0265579223632812e-05,67446.1053,16.281973,3440
4369,2.1666064262390137,2.166586399078369,2.002716064453125e-05,67462.4041,16.298775,3416
4370,2.1641438007354736,2.16412353515625,2.0265579223632812e-05,67478.5423,16.138211,3416
4371,2.1666407585144043,2.1666207313537598,2.002716064453125e-05,67494.7618,16.219456,3422
4372,2.1641454696655273,2.1641252040863037,2.0265579223632812e-05,67510.9942,16.232441,3392
4373,2.1666295528411865,2.166609525680542,2.002716064453125e-05,67527.1615,16.167236,3398
4374,2.164114475250244,2.1640942096710205,2.0265579223632812e-05,67543.4866,16.325098,3410
4375,2.166574001312256,2.1665539741516113,2.002716064453125e-05,67559.4634,15.976837,3338
4376,2.1640636920928955,2.164043426513672,2.0265579223632812e-05,67575.8409,16.377554,3428
4377,2.166506052017212,2.1664860248565674,2.002716064453125e-05,67592.2033,16.362351,3416
4378,2.164029121398926,2.164008855819702,2.0265579223632812e-05,67608.0602,15.856882,3374
4379,2.1664929389953613,2.166472911834717,2.002716064453125e-05,67624.207,16.146822,3386
4380,2.164036273956299,2.164016008377075,2.0265579223632812e-05,67640.6653,16.458293,3434
4381,2.166534423828125,2.1665143966674805,2.002716064453125e-05,67656.8134,16.148147,3386
4382,2.1640563011169434,2.1640360355377197,2.0265579223632812e-05,67673.2882,16.474773,3374
4383,2.166551351547241,2.1665313243865967,2.002716064453125e-05,67689.2996,16.0114,3362
4384,2.1640379428863525,2.164017677307129,2.0265579223632812e-05,67705.7233,16.423708,3446
4385,2.1664934158325195,2.166473388671875,2.002716064453125e-05,67722.1502,16.426857,3446
4386,2.163989543914795,2.1639692783355713,2.0265579223632812e-05,67739.484,17.333825,3446
4387,2.1664490699768066,2.166429042816162,2.002716064453125e-05,67756.2662,16.782196,3434
4388,2.163966417312622,2.1639461517333984,2.0265579223632812e-05,67772.6261,16.359899,3452
4389,2.166442632675171,2.1664226055145264,2.002716064453125e-05,67788.8254,16.199287,3398
4390,2.163973808288574,2.1639535427093506,2.0265579223632812e-05,67805.1357,16.310307,3440
4391,2.166475534439087,2.1664555072784424,2.002716064453125e-05,67821.2352,16.099497,3380
4392,2.163973808288574,2.1639535427093506,2.0265579223632812e-05,67837.5774,16.342176,3422
4393,2.166457176208496,2.1664371490478516,2.002716064453125e-05,67853.9061,16.328728,3440
4394,2.163954973220825,2.1639347076416016,2.0265579223632812e-05,67870.3697,16.463617,3446
4395,2.166428804397583,2.1664087772369385,2.002716064453125e-05,67886.9019,16.532181,3434
4396,2.1639177799224854,2.1638975143432617,2.0265579223632812e-05,67903.1961,16.294208,3404
4397,2.166367769241333,2.1663477420806885,2.002716064453125e-05,67919.567,16.370903,3434
4398,2.1638760566711426,2.163855791091919,2.0265579223632812e-05,67935.862,16.294967,3434
4399,2.166341543197632,2.1663215160369873,2.002716064453125e-05,67952.4912,16.629233,3392
4400,2.163874387741089,2.1638541221618652,2.0265579223632812e-05,67968.8355,16.344302,3410
4401,2.1663575172424316,2.166337490081787,2.002716064453125e-05,67984.8977,16.062237,3344
4402,2.163862943649292,2.1638426780700684,2.0265579223632812e-05,68001.6425,16.744746,3416
4403,2.1663317680358887,2.166311740875244,2.002716064453125e-05,68018.1647,16.522216,3434
4404,2.163837432861328,2.1638171672821045,2.0265579223632812e-05,68034.6999,16.535171,3440
4405,2.1662943363189697,2.166274309158325,2.002716064453125e-05,68051.0145,16.314594,3398
4406,2.16381573677063,2.1637954711914062,2.0265579223632812e-05,68068.4312,17.416724,3410
4407,2.166285991668701,2.1662659645080566,2.002716064453125e-05,68085.6733,17.242125,3380
4408,2.163811445236206,2.1637911796569824,2.0265579223632812e-05,68102.3083,16.634981,3446
4409,2.166278600692749,2.1662585735321045,2.002716064453125e-05,68118.7512,16.442894,3416
4410,2.163794994354248,2.1637747287750244,2.0265579223632812e-05,68135.2769,16.525691,3428
4411,2.166278600692749,2.1662585735321045,2.002716064453125e-05,68151.7854,16.508473,3428
4412,2.1638023853302,2.1637821197509766,2.0265579223632812e-05,68168.5167,16.731308,3464
4413,2.166303873062134,2.1662838459014893,2.002716064453125e-05,68184.9196,16.402911,3410
4414,2.1638011932373047,2.163780927658081,2.0265579223632812e-05,68201.3694,16.449838,3482
4415,2.1662771701812744,2.16625714302063,2.002716064453125e-05,68218.0066,16.637171,3440
4416,2.163757085800171,2.1637368202209473,2.0265579223632812e-05,68235.3055,17.298908,3452
4417,2.166207790374756,2.1661877632141113,2.002716064453125e-05,68251.8931,16.5876,3422
4418,2.163712978363037,2.1636927127838135,2.0265579223632812e-05,68268.54,16.646915,3440
4419,2.166170358657837,2.1661503314971924,2.002716064453125e-05,68285.2874,16.747438,3404
4420,2.1636970043182373,2.1636767387390137,2.0265579223632812e-05,68301.9683,16.680808,3434
4421,2.166191816329956,2.1661717891693115,2.002716064453125e-05,68318.4423,16.474051,3422
4422,2.1637277603149414,2.1637074947357178,2.0265579223632812e-05,68335.022,16.579727,3428
4423,2.166242837905884,2.1662228107452393,2.002716064453125e-05,68351.6569,16.634817,3440
4424,2.1637229919433594,2.1637027263641357,2.0265579223632812e-05,68368.1685,16.51161,3422
4425,2.166208505630493,2.1661884784698486,2.002716064453125e-05,68385.8999,17.731423,3392
4426,2.1636762619018555,2.163655996322632,2.0265579223632812e-05,68403.1682,17.268273,3392
4427,2.166116714477539,2.1660966873168945,2.002716064453125e-05,68419.4109,16.242716,3392
4428,2.16361927986145,2.1635990142822266,2.0265579223632812e-05,68436.3009,16.889979,3488
4429,2.16607403755188,2.1660540103912354,2.002716064453125e-05,68452.7917,16.490813,3386
4430,2.1636149883270264,2.1635947227478027,2.0265579223632812e-05,68469.3571,16.565413,3464
4431,2.166114091873169,2.1660940647125244,2.002716064453125e-05,68486.2491,16.892061,3470
4432,2.1636407375335693,2.1636204719543457,2.0265579223632812e-05,68502.7986,16.549489,3392
4433,2.1661458015441895,2.166125774383545,2.002716064453125e-05,68519.3576,16.558928,3428
4434,2.1636252403259277,2.163604974746704,2.0265579223632812e-05,68536.0107,16.653162,3440
4435,2.1660850048065186,2.166064977645874,2.002716064453125e-05,68552.7315,16.720817,3440
4436,2.163576602935791,2.1635563373565674,2.0265579223632812e-05,68569.8318,17.100256,3482
4437,2.166050910949707,2.1660308837890625,2.002716064453125e-05,68586.4383,16.606544,3428
4438,2.1635780334472656,2.163557767868042,2.0265579223632812e-05,68603.2237,16.785318,3434
4439,2.16607403755188,2.1660540103912354,2.002716064453125e-05,68619.9377,16.713996,3440
4440,2.163578748703003,2.1635584831237793,2.0265579223632812e-05,68636.4023,16.464671,3416
4441,2.1660609245300293,2.1660408973693848,2.002716064453125e-05,68653.0,16.597653,3416
4442,2.163546323776245,2.1635260581970215,2.0265579223632812e-05,68669.6586,16.658606,3428
4443,2.166015386581421,2.1659953594207764,2.002716064453125e-05,68686.411,16.752399,3458
4444,2.1635208129882812,2.1635007858276367,2.002716064453125e-05,68703.0245,16.613547,3404
4445,2.1659982204437256,2.165978193283081,2.002716064453125e-05,68719.6497,16.625204,3422
4446,2.1635069847106934,2.163486957550049,2.002716064453125e-05,68736.3024,16.652626,3386
4447,2.165980100631714,2.1659603118896484,1.9788742065429688e-05,68753.0072,16.704869,3458
4448,2.163489580154419,2.1634695529937744,2.002716064453125e-05,68771.0394,18.032208,3476
4449,2.1659743785858154,2.16595458984375,1.9788742065429688e-05,68791.2829,20.243436,3458
4450,2.1634891033172607,2.163469076156616,2.002716064453125e-05,68809.159,17.87613,3500
4451,2.165970802307129,2.1659510135650635,1.9788742065429688e-05,68826.3472,17.188179,3410
4452,2.1634645462036133,2.1634445190429688,2.002716064453125e-05,68845.0302,18.683029,3440
4453,2.1659348011016846,2.165915012359619,1.9788742065429688e-05,68862.5134,17.483178,3476
4454,2.1634368896484375,2.163416862487793,2.002716064453125e-05,68880.1563,17.642879,3464
4455,2.1659023761749268,2.1658825874328613,1.9788742065429688e-05,68897.9121,17.755794,3464
4456,2.1634175777435303,2.1633975505828857,2.002716064453125e-05,68915.7235,17.811405,3410
4457,2.1658968925476074,2.165877103805542,1.9788742065429688e-05,68933.4701,17.746662,3464
4458,2.1634180545806885,2.163398027420044,2.002716064453125e-05,68951.3406,17.870501,3494
4459,2.165917158126831,2.1658973693847656,1.9788742065429688e-05,68968.878,17.537425,3428
4460,2.163421154022217,2.1634011268615723,2.002716064453125e-05,68986.5715,17.693422,3434
4461,2.1659016609191895,2.165881872177124,1.9788742065429688e-05,69004.255,17.683537,3470
4462,2.16339111328125,2.1633710861206055,2.002716064453125e-05,69021.9434,17.688342,3470
4463,2.1658670902252197,2.1658473014831543,1.9788742065429688e-05,69039.7404,17.797058,3488
4464,2.1633691787719727,2.163349151611328,2.002716064453125e-05,69057.7076,17.967179,3470
4465,2.1658573150634766,2.165837526321411,1.9788742065429688e-05,69075.4792,17.771597,3452
4466,2.1633517742156982,2.1633317470550537,2.002716064453125e-05,69093.3033,17.824094,3410
4467,2.165811538696289,2.1657917499542236,1.9788742065429688e-05,69111.0481,17.744839,3470
4468,2.1633083820343018,2.1632883548736572,2.002716064453125e-05,69130.5972,19.549092,3380
4469,2.1657631397247314,2.165743350982666,1.9788742065429688e-05,69151.6632,21.06596,3476
4470,2.163283348083496,2.1632633209228516,2.002716064453125e-05,69170.1366,18.473477,3488
4471,2.165757656097412,2.1657378673553467,1.9788742065429688e-05,69188.4576,18.320944,3500
4472,2.163288116455078,2.1632680892944336,2.002716064453125e-05,69206.8037,18.346127,3470
4473,2.1657769680023193,2.165757179260254,1.9788742065429688e-05,69225.1167,18.312934,3488
4474,2.1632883548736572,2.1632683277130127,2.002716064453125e-05,69243.4464,18.329787,3482
4475,2.165767192840576,2.1657474040985107,1.9788742065429688e-05,69261.6952,18.2488,3494
4476,2.163262367248535,2.1632423400878906,2.002716064453125e-05,69280.0387,18.343507,3482
4477,2.1657238006591797,2.1657040119171143,1.9788742065429688e-05,69298.1925,18.153774,3464
4478,2.163226842880249,2.1632068157196045,2.002716064453125e-05,69316.4992,18.306716,3464
4479,2.1656882762908936,2.165668487548828,1.9788742065429688e-05,69334.3896,17.89033,3428
4480,2.163212776184082,2.1631927490234375,2.002716064453125e-05,69352.8892,18.499631,3488
4481,2.1656949520111084,2.165675163269043,1.9788742065429688e-05,69371.0644,18.175242,3446
4482,2.163213014602661,2.1631929874420166,2.002716064453125e-05,69390.0142,18.949789,3446
4483,2.1656837463378906,2.165663957595825,1.9788742065429688e-05,69408.5482,18.533982,3494
4484,2.163187265396118,2.1631672382354736,2.002716064453125e-05,69426.9926,18.444343,3470
4485,2.165656566619873,2.1656367778778076,1.9788742065429688e-05,69446.6575,19.664933,3452
4486,2.163174867630005,2.1631548404693604,2.002716064453125e-05,69465.3058,18.648278,3524
4487,2.1656546592712402,2.165634870529175,1.9788742065429688e-05,69483.5773,18.271501,3434
4488,2.1631646156311035,2.163144588470459,2.002716064453125e-05,69502.1243,18.546991,3512
4489,2.1656463146209717,2.1656265258789062,1.9788742065429688e-05,69524.1096,21.985383,3470
4490,2.163158655166626,2.1631386280059814,2.002716064453125e-05,69544.6336,20.523982,3488
4491,2.1656477451324463,2.165627956390381,1.9788742065429688e-05,69562.7351,18.101466,3332
4492,2.1631388664245605,2.163118839263916,2.002716064453125e-05,69581.4121,18.677063,3506
4493,2.165597677230835,2.1655778884887695,1.9788742065429688e-05,69600.2306,18.818442,3374
4494,2.1630876064300537,2.163067579269409,2.002716064453125e-05,69619.1465,18.915917,3506
4495,2.1655242443084717,2.1655044555664062,1.9788742065429688e-05,69637.8061,18.659584,3488
4496,2.163060188293457,2.1630401611328125,2.002716064453125e-05,69656.6261,18.819979,3500
4497,2.1655445098876953,2.16552472114563,1.9788742065429688e-05,69675.288,18.661928,3488
4498,2.1630876064300537,2.163067579269409,2.002716064453125e-05,69694.2594,18.971421,3524
4499,2.1655938625335693,2.165574073791504,1.9788742065429688e-05,69712.4877,18.228325,3464
4500,2.163100481033325,2.1630804538726807,2.002716064453125e-05,69731.1429,18.655152,3446
4501,2.1655852794647217,2.1655654907226562,1.9788742065429688e-05,69749.8154,18.672551,3512
4502,2.163055419921875,2.1630353927612305,2.002716064453125e-05,69768.5373,18.721879,3518
4503,2.1654956340789795,2.165475845336914,1.9788742065429688e-05,69787.1432,18.605895,3482
4504,2.1629860401153564,2.162966012954712,2.002716064453125e-05,69805.8824,18.739137,3422
4505,2.165418863296509,2.1653990745544434,1.9788742065429688e-05,69825.4441,19.56173,3482
4506,2.162968635559082,2.1629486083984375,2.002716064453125e-05,69848.64,23.195873,3512
4507,2.16546630859375,2.1654465198516846,1.9788742065429688e-05,69868.1942,19.55426,3518
4508,2.163022994995117,2.1630029678344727,2.002716064453125e-05,69887.3407,19.146527,3494
4509,2.165548324584961,2.1655285358428955,1.9788742065429688e-05,69906.2663,18.925517,3482
4510,2.1630334854125977,2.163013458251953,2.002716064453125e-05,69925.2748,19.008561,3506
4511,2.165506362915039,2.1654865741729736,1.9788742065429688e-05,69944.2174,18.942574,3488
4512,2.162977457046509,2.1629574298858643,2.002716064453125e-05,69962.8341,18.616717,3446
4513,2.1654245853424072,2.165404796600342,1.9788742065429688e-05,69981.8446,19.010514,3488
4514,2.1629245281219482,2.1629045009613037,2.002716064453125e-05,70000.3378,18.493146,3428
4515,2.1653881072998047,2.1653683185577393,1.9788742065429688e-05,70019.4385,19.10071,3476
4516,2.1629204750061035,2.162900447845459,2.002716064453125e-05,70039.1564,19.717894,3512
4517,2.165412425994873,2.1653926372528076,1.9788742065429688e-05,70057.6834,18.527054,3452
4518,2.162933826446533,2.1629137992858887,2.002716064453125e-05,70076.5994,18.915932,3494
4519,2.165419816970825,2.1654000282287598,1.9788742065429688e-05,70095.6968,19.097438,3494
4520,2.1629183292388916,2.162898302078247,2.002716064453125e-05,70114.9025,19.205691,3530
4521,2.16538667678833,2.1653668880462646,1.9788742065429688e-05,70133.4331,18.530582,3398
4522,2.162885904312134,2.1628658771514893,2.002716064453125e-05,70152.7754,19.342301,3422
4523,2.1653666496276855,2.16534686088562,1.9788742065429688e-05,70172.1183,19.342928,3500
4524,2.16288161277771,2.1628615856170654,2.002716064453125e-05,70192.6604,20.542052,3530
4525,2.1653730869293213,2.165353298187256,1.9788742065429688e-05,70215.163,22.502665,3446
4526,2.162869453430176,2.1628494262695312,2.002716064453125e-05,70234.1069,18.943881,3476
4527,2.1653475761413574,2.165327787399292,1.9788742065429688e-05,70253.9642,19.857343,3512
4528,2.162838935852051,2.1628191471099854,1.9788742065429688e-05,70273.0485,19.084235,3464
4529,2.1652917861938477,2.1652719974517822,1.9788742065429688e-05,70292.0994,19.050905,3428
4530,2.162794828414917,2.1627750396728516,1.9788742065429688e-05,70311.4433,19.343902,3518
4531,2.1652414798736572,2.165221691131592,1.9788742065429688e-05,70330.6448,19.201507,3470
4532,2.162776470184326,2.1627566814422607,1.9788742065429688e-05,70349.8632,19.21837,3500
4533,2.1652631759643555,2.165243625640869,1.9550323486328125e-05,70369.1599,19.296723,3542
4534,2.1628005504608154,2.16278076171875,1.9788742065429688e-05,70388.5647,19.404794,3518
4535,2.1653149127960205,2.165295362472534,1.9550323486328125e-05,70407.7676,19.202879,3512
4536,2.16282057762146,2.1628007888793945,1.9788742065429688e-05,70426.968,19.200442,3542
4537,2.16532301902771,2.1653034687042236,1.9550323486328125e-05,70446.1026,19.134621,3530
4538,2.16278338432312,2.1627635955810547,1.9788742065429688e-05,70466.3211,20.218519,3554
4539,2.1652212142944336,2.1652016639709473,1.9550323486328125e-05,70484.7947,18.473566,3506
4540,2.162705898284912,2.1626861095428467,1.9788742065429688e-05,70503.3393,18.544544,3536
4541,2.1651437282562256,2.1651241779327393,1.9550323486328125e-05,70521.7852,18.445948,3512
4542,2.162689447402954,2.1626696586608887,1.9788742065429688e-05,70543.3415,21.55629,3482
4543,2.165181875228882,2.1651623249053955,1.9550323486328125e-05,70562.2694,18.927883,3524
4544,2.162719488143921,2.1626996994018555,1.9788742065429688e-05,70580.5378,18.26845,3512
4545,2.1652305126190186,2.1652109622955322,1.9550323486328125e-05,70599.3109,18.773123,3500
4546,2.162729501724243,2.1627097129821777,1.9788742065429688e-05,70618.5203,19.209397,3494
4547,2.1652190685272217,2.1651995182037354,1.9550323486328125e-05,70638.1399,19.619605,3434
4548,2.162696361541748,2.1626765727996826,1.9788742065429688e-05,70657.286,19.14602,3542
4549,2.165151357650757,2.1651318073272705,1.9550323486328125e-05,70676.5746,19.288632,3512
4550,2.162639856338501,2.1626200675964355,1.9788742065429688e-05,70695.7709,19.196313,3476
4551,2.1650893688201904,2.165069818496704,1.9550323486328125e-05,70714.4917,18.720743,3440
4552,2.162614345550537,2.1625945568084717,1.9788742065429688e-05,70733.646,19.154343,3530
4553,2.1650900840759277,2.1650705337524414,1.9550323486328125e-05,70752.988,19.342003,3512
4554,2.162628173828125,2.1626083850860596,1.9788742065429688e-05,70773.0916,20.103626,3560
4555,2.1651360988616943,2.165116548538208,1.9550323486328125e-05,70792.8602,19.76861,3530
4556,2.162651538848877,2.1626317501068115,1.9788742065429688e-05,70813.4152,20.554915,3494
4557,2.165156841278076,2.16513729095459,1.9550323486328125e-05,70834.0331,20.617976,3506
4558,2.162637233734131,2.1626174449920654,1.9788742065429688e-05,70855.4101,21.376937,3530
4559,2.1651206016540527,2.1651010513305664,1.9550323486328125e-05,70876.812,21.40194,3458
4560,2.1625936031341553,2.16257381439209,1.9788742065429688e-05,70902.3706,25.558609,3506
4561,2.165052890777588,2.1650333404541016,1.9550323486328125e-05,70927.9273,25.556719,3500
4562,2.162548303604126,2.1625285148620605,1.9788742065429688e-05,70947.3441,19.416733,3506
4563,2.1650185585021973,2.164999008178711,1.9550323486328125e-05,70966.6035,19.259397,3548
4564,2.1625442504882812,2.162524461746216,1.9788742065429688e-05,70985.4468,18.843299,3518
4565,2.165043830871582,2.1650242805480957,1.9550323486328125e-05,71004.0966,18.649792,3536
4566,2.162559986114502,2.1625401973724365,1.9788742065429688e-05,71022.2058,18.109228,3488
4567,2.165066957473755,2.1650474071502686,1.9550323486328125e-05,71039.9461,17.740306,3476
4568,2.1625492572784424,2.162529468536377,1.9788742065429688e-05,71058.1035,18.1574,3548
4569,2.1650283336639404,2.165008783340454,1.9550323486328125e-05,71076.0661,17.96257,3542
4570,2.1625070571899414,2.162487268447876,1.9788742065429688e-05,71093.5293,17.463282,3494
4571,2.1649649143218994,2.164945363998413,1.9550323486328125e-05,71111.2201,17.690748,3560
4572,2.162465810775757,2.1624460220336914,1.9788742065429688e-05,71128.8943,17.674209,3542
4573,2.164937973022461,2.1649184226989746,1.9550323486328125e-05,71146.5309,17.636578,3512
4574,2.1624696254730225,2.162449836730957,1.9788742065429688e-05,71164.0643,17.53341,3542
4575,2.1649727821350098,2.1649532318115234,1.9550323486328125e-05,71181.6559,17.591598,3452
4576,2.1624839305877686,2.162464141845703,1.9788742065429688e-05,71199.583,17.927102,3518
4577,2.1649904251098633,2.164970874786377,1.9550323486328125e-05,71217.2848,17.7018,3500
4578,2.1624720096588135,2.162452220916748,1.9788742065429688e-05,71236.0984,18.813652,3536
4579,2.1649515628814697,2.1649320125579834,1.9550323486328125e-05,71253.569,17.470531,3482
4580,2.16243314743042,2.1624133586883545,1.9788742065429688e-05,71274.6297,21.060751,3554
4581,2.164909839630127,2.1648902893066406,1.9550323486328125e-05,71293.0766,18.44691,3488
4582,2.1624131202697754,2.16239333152771,1.9788742065429688e-05,71311.3356,18.258956,3440
4583,2.1648943424224854,2.164874792098999,1.9550323486328125e-05,71329.0434,17.707805,3392
4584,2.1623964309692383,2.162376642227173,1.9788742065429688e-05,71347.1537,18.110329,3548
4585,2.164877414703369,2.164857864379883,1.9550323486328125e-05,71365.2493,18.095605,3500
4586,2.1623785495758057,2.1623587608337402,1.9788742065429688e-05,71383.8198,18.570461,3590
4587,2.16485595703125,2.1648364067077637,1.9550323486328125e-05,71402.1742,18.354372,3548
4588,2.162357807159424,2.1623380184173584,1.9788742065429688e-05,71420.1338,17.959632,3518
4589,2.164825439453125,2.1648058891296387,1.9550323486328125e-05,71438.1529,18.019091,3482
4590,2.1623353958129883,2.162315607070923,1.9788742065429688e-05,71456.6827,18.529791,3524
4591,2.164829730987549,2.1648101806640625,1.9550323486328125e-05,71474.7111,18.028473,3530
4592,2.162348985671997,2.1623291969299316,1.9788742065429688e-05,71492.9225,18.211364,3524
4593,2.1648528575897217,2.1648333072662354,1.9550323486328125e-05,71510.8068,17.884274,3530
4594,2.1623427867889404,2.162322998046875,1.9788742065429688e-05,71528.7297,17.922924,3506
4595,2.1648261547088623,2.164806604385376,1.9550323486328125e-05,71546.6778,17.948085,3464
4596,2.162302017211914,2.1622822284698486,1.9788742065429688e-05,71565.384,18.706229,3536
4597,2.1647591590881348,2.1647396087646484,1.9550323486328125e-05,71584.1215,18.737471,3518
4598,2.1622626781463623,2.162242889404297,1.9788742065429688e-05,71602.9179,18.796361,3542
4599,2.164740800857544,2.1647212505340576,1.9550323486328125e-05,71621.4902,18.572303,3476
4600,2.1622703075408936,2.162250518798828,1.9788742065429688e-05,71642.6459,21.155725,3512
4601,2.164766788482666,2.1647472381591797,1.9550323486328125e-05,71662.4324,19.786562,3554
4602,2.1622703075408936,2.162250518798828,1.9788742065429688e-05,71679.9722,17.539801,3512
4603,2.164764404296875,2.1647448539733887,1.9550323486328125e-05,71697.5601,17.587903,3548
4604,2.16225266456604,2.1622328758239746,1.9788742065429688e-05,71715.1509,17.590758,3548
4605,2.16473388671875,2.1647143363952637,1.9550323486328125e-05,71732.6803,17.529434,3554
4606,2.162222385406494,2.1622025966644287,1.9788742065429688e-05,71749.8995,17.219116,3518
4607,2.1646981239318848,2.1646785736083984,1.9550323486328125e-05,71767.2902,17.390778,3554
4608,2.162198543548584,2.1621787548065186,1.9788742065429688e-05,71784.7282,17.437982,3512
4609,2.1646835803985596,2.1646640300750732,1.9550323486328125e-05,71801.8486,17.12041,3530
4610,2.1621932983398438,2.1621735095977783,1.9788742065429688e-05,71819.0107,17.162055,3554
4611,2.1646950244903564,2.16467547416687,1.9550323486328125e-05,71836.6561,17.645378,3506
4612,2.1621949672698975,2.162175178527832,1.9788742065429688e-05,71853.8362,17.180178,3554
4613,2.164684534072876,2.1646649837493896,1.9550323486328125e-05,71870.9114,17.075175,3560
4614,2.1621642112731934,2.162144422531128,1.9788742065429688e-05,71888.2618,17.350406,3596
4615,2.16463041305542,2.1646108627319336,1.9550323486328125e-05,71905.3933,17.131497,3536
4616,2.1621253490448,2.1621057987213135,1.9550323486328125e-05,71922.9854,17.592104,3524
4617,2.1645991802215576,2.1645796298980713,1.9550323486328125e-05,71940.0632,17.077787,3572
4618,2.1621205806732178,2.1621010303497314,1.9550323486328125e-05,71957.0195,16.956312,3512
4619,2.1646299362182617,2.1646106243133545,1.9311904907226562e-05,71976.0579,19.038394,3548
4620,2.162139415740967,2.1621198654174805,1.9550323486328125e-05,71995.3459,19.288007,3530
4621,2.164653778076172,2.1646344661712646,1.9311904907226562e-05,72012.8332,17.487235,3560
4622,2.162125825881958,2.1621062755584717,1.9550323486328125e-05,72029.9795,17.146303,3530
4623,2.1646101474761963,2.164590835571289,1.9311904907226562e-05,72047.1599,17.180469,3542
4624,2.162083387374878,2.1620638370513916,1.9550323486328125e-05,72063.9884,16.828464,3494
4625,2.1645443439483643,2.164525032043457,1.9311904907226562e-05,72081.2116,17.223238,3554
4626,2.1620335578918457,2.1620140075683594,1.9550323486328125e-05,72098.6544,17.442789,3548
4627,2.1644904613494873,2.16447114944458,1.9311904907226562e-05,72116.369,17.714594,3584
4628,2.162017822265625,2.1619982719421387,1.9550323486328125e-05,72134.017,17.647994,3572
4629,2.164512872695923,2.1644935607910156,1.9311904907226562e-05,72151.0113,16.9943,3518
4630,2.162041425704956,2.1620218753814697,1.9550323486328125e-05,72167.9708,16.95948,3524
4631,2.164560079574585,2.1645407676696777,1.9311904907226562e-05,72185.0246,17.053768,3536
4632,2.1620585918426514,2.162039041519165,1.9550323486328125e-05,72201.866,16.841459,3512
4633,2.164569139480591,2.1645498275756836,1.9311904907226562e-05,72218.8991,17.033111,3548
4634,2.162034034729004,2.1620144844055176,1.9550323486328125e-05,72236.0822,17.183112,3578
4635,2.164504289627075,2.164484977722168,1.9311904907226562e-05,72252.7779,16.695674,3512
4636,2.1619696617126465,2.16195011138916,1.9550323486328125e-05,72269.4978,16.719901,3542
4637,2.164419412612915,2.164400100708008,1.9311904907226562e-05,72286.6073,17.109443,3584
4638,2.161926746368408,2.161907196044922,1.9550323486328125e-05,72304.1189,17.511685,3560
4639,2.164397954940796,2.1643786430358887,1.9311904907226562e-05,72321.3481,17.229208,3566
4640,2.1619372367858887,2.1619176864624023,1.9550323486328125e-05,72339.8125,18.464328,3506
4641,2.1644599437713623,2.164440631866455,1.9311904907226562e-05,72360.0334,20.220919,3554
4642,2.1619784832000732,2.161958932876587,1.9550323486328125e-05,72377.5073,17.47395,3596
4643,2.1645069122314453,2.164487600326538,1.9311904907226562e-05,72395.1101,17.6028,3566
4644,2.161966562271118,2.161947011947632,1.9550323486328125e-05,72412.8688,17.758673,3572
4645,2.16444993019104,2.164430618286133,1.9311904907226562e-05,72432.1148,19.245984,3560
4646,2.1619083881378174,2.161888837814331,1.9550323486328125e-05,72450.8323,18.717513,3578
4647,2.164369583129883,2.1643502712249756,1.9311904907226562e-05,72469.0802,18.247916,3512
4648,2.1618669033050537,2.1618473529815674,1.9550323486328125e-05,72487.8825,18.802259,3536
4649,2.1643333435058594,2.164314031600952,1.9311904907226562e-05,72506.2772,18.394682,3482
4650,2.161851167678833,2.1618316173553467,1.9550323486328125e-05,72524.7814,18.504224,3560
4651,2.1643459796905518,2.1643266677856445,1.9311904907226562e-05,72543.065,18.283586,3560
4652,2.161860466003418,2.1618409156799316,1.9550323486328125e-05,72561.3605,18.295547,3530
4653,2.164367437362671,2.1643481254577637,1.9311904907226562e-05,72580.0079,18.6474,3518
4654,2.1618642807006836,2.1618447303771973,1.9550323486328125e-05,72598.8602,18.852251,3566
4655,2.1643600463867188,2.1643407344818115,1.9311904907226562e-05,72616.8426,17.982392,3470
4656,2.1618354320526123,2.161815881729126,1.9550323486328125e-05,72635.4714,18.628869,3566
4657,2.1643147468566895,2.1642954349517822,1.9311904907226562e-05,72653.8607,18.389217,3548
4658,2.161802291870117,2.161782741546631,1.9550323486328125e-05,72672.8059,18.945198,3566
4659,2.164275884628296,2.1642565727233887,1.9311904907226562e-05,72691.5494,18.743572,3584
4660,2.1617801189422607,2.1617605686187744,1.9550323486328125e-05,72711.1215,19.572059,3602
4661,2.16426682472229,2.164247512817383,1.9311904907226562e-05,72733.4551,22.333586,3512
4662,2.161775588989258,2.1617560386657715,1.9550323486328125e-05,72751.4607,18.005675,3500
4663,2.164275884628296,2.1642565727233887,1.9311904907226562e-05,72768.8049,17.344189,3500
4664,2.1617727279663086,2.1617531776428223,1.9550323486328125e-05,72786.6883,17.883416,3584
4665,2.164273977279663,2.164254665374756,1.9311904907226562e-05,72804.2027,17.514308,3536
4666,2.1617581844329834,2.161738634109497,1.9550323486328125e-05,72821.8157,17.61307,3542
4667,2.1642353534698486,2.1642160415649414,1.9311904907226562e-05,72839.2096,17.393917,3548
4668,2.1617300510406494,2.161710500717163,1.9550323486328125e-05,72856.5656,17.355967,3548
4669,2.164226531982422,2.1642072200775146,1.9311904907226562e-05,72873.8173,17.251683,3554
4670,2.161729574203491,2.161710023880005,1.9550323486328125e-05,72891.0948,17.277456,3566
4671,2.164224624633789,2.164205312728882,1.9311904907226562e-05,72908.087,16.992239,3506
4672,2.161703109741211,2.1616835594177246,1.9550323486328125e-05,72925.6389,17.551931,3572
4673,2.164175033569336,2.1641557216644287,1.9311904907226562e-05,72943.0686,17.42965,3476
4674,2.1616666316986084,2.161647081375122,1.9550323486328125e-05,72960.5834,17.514828,3584
4675,2.1641411781311035,2.1641218662261963,1.9311904907226562e-05,72978.7795,18.196066,3560
4676,2.1616528034210205,2.161633253097534,1.9550323486328125e-05,72996.3689,17.589396,3494
4677,2.164144277572632,2.1641249656677246,1.9311904907226562e-05,73013.7758,17.406989,3548
4678,2.161649703979492,2.161630153656006,1.9550323486328125e-05,73031.329,17.553107,3566
4679,2.164154291152954,2.164134979248047,1.9311904907226562e-05,73049.1994,17.870486,3602
4680,2.1616554260253906,2.1616358757019043,1.9550323486328125e-05,73067.3028,18.10335,3560
4681,2.1641573905944824,2.164138078689575,1.9311904907226562e-05,73085.2416,17.938845,3596
4682,2.161637783050537,2.161618232727051,1.9550323486328125e-05,73105.5591,20.317423,3596
4683,2.1641147136688232,2.164095401763916,1.9311904907226562e-05,73124.6289,19.069818,3536
4684,2.161594867706299,2.1615753173828125,1.9550323486328125e-05,73142.0141,17.385261,3572
4685,2.1640615463256836,2.1640422344207764,1.9311904907226562e-05,73159.4492,17.435025,3572
4686,2.161569118499756,2.1615495681762695,1.9550323486328125e-05,73176.989,17.539857,3602
4687,2.1640589237213135,2.1640396118164062,1.9311904907226562e-05,73194.4397,17.450678,3578
4688,2.16157865524292,2.1615591049194336,1.9550323486328125e-05,73212.2485,17.80883,3572
4689,2.1640868186950684,2.164067506790161,1.9311904907226562e-05,73229.5555,17.306977,3572
4690,2.161571979522705,2.1615524291992188,1.9550323486328125e-05,73247.0716,17.516129,3602
4691,2.1640560626983643,2.164036750793457,1.9311904907226562e-05,73264.4326,17.360978,3596
4692,2.1615402698516846,2.1615207195281982,1.9550323486328125e-05,73281.9188,17.486229,3566
4693,2.1640102863311768,2.1639909744262695,1.9311904907226562e-05,73299.508,17.589119,3608
4694,2.1615097522735596,2.1614902019500732,1.9550323486328125e-05,73316.8543,17.346364,3542
4695,2.163999080657959,2.1639797687530518,1.9311904907226562e-05,73334.4519,17.597554,3590
4696,2.161513328552246,2.1614937782287598,1.9550323486328125e-05,73351.725,17.273112,3554
4697,2.164029598236084,2.1640102863311768,1.9311904907226562e-05,73369.3613,17.636295,3602
4698,2.1615209579467773,2.161501407623291,1.9550323486328125e-05,73386.9346,17.57329,3590
4699,2.1640143394470215,2.1639950275421143,1.9311904907226562e-05,73404.7097,17.775158,3578
4700,2.1614835262298584,2.161463975906372,1.9550323486328125e-05,73423.1863,18.476567,3566
4701,2.1639463901519775,2.1639270782470703,1.9311904907226562e-05,73443.8984,20.712125,3482
4702,2.16144061088562,2.161421060562134,1.9550323486328125e-05,73462.0408,18.142369,3584
4703,2.163919687271118,2.163900375366211,1.9311904907226562e-05,73479.9134,17.872637,3542
4704,2.161435604095459,2.1614162921905518,1.9311904907226562e-05,73498.1864,18.272989,3620
4705,2.163930892944336,2.1639115810394287,1.9311904907226562e-05,73516.4685,18.282034,3584
4706,2.1614363193511963,2.161417007446289,1.9311904907226562e-05,73534.5311,18.062672,3596
4707,2.1639370918273926,2.1639177799224854,1.9311904907226562e-05,73552.6057,18.074572,3584
4708,2.161418914794922,2.1613996028900146,1.9311904907226562e-05,73570.5471,17.941368,3572
4709,2.1638855934143066,2.1638665199279785,1.9073486328125e-05,73588.7842,18.237121,3596
4710,2.161379814147949,2.161360502243042,1.9311904907226562e-05,73606.7542,17.97004,3596
4711,2.163858652114868,2.16383957862854,1.9073486328125e-05,73625.0817,18.32751,3608
4712,2.161371946334839,2.1613526344299316,1.9311904907226562e-05,73644.0385,18.956738,3578
4713,2.1638758182525635,2.1638567447662354,1.9073486328125e-05,73662.1767,18.138232,3602
4714,2.161386251449585,2.1613669395446777,1.9311904907226562e-05,73680.2891,18.112428,3590
4715,2.163891077041626,2.163872003555298,1.9073486328125e-05,73698.2972,18.008037,3626
4716,2.161369562149048,2.1613502502441406,1.9311904907226562e-05,73716.3501,18.052963,3632
4717,2.163849115371704,2.163830041885376,1.9073486328125e-05,73734.2841,17.933974,3584
4718,2.1613290309906006,2.1613097190856934,1.9311904907226562e-05,73752.8732,18.589085,3602
4719,2.1637890338897705,2.1637699604034424,1.9073486328125e-05,73770.516,17.642759,3590
4720,2.161290407180786,2.161271095275879,1.9311904907226562e-05,73788.6015,18.08559,3608
4721,2.163766860961914,2.163747787475586,1.9073486328125e-05,73807.8662,19.264684,3602
4722,2.1612982749938965,2.1612789630889893,1.9311904907226562e-05,73828.9238,21.057558,3656
4723,2.163811445236206,2.163792371749878,1.9073486328125e-05,73847.145,18.221177,3608
4724,2.161315679550171,2.1612963676452637,1.9311904907226562e-05,73865.1041,17.959152,3572
4725,2.163813829421997,2.163794755935669,1.9073486328125e-05,73883.1703,18.066198,3542
4726,2.1612837314605713,2.161264419555664,1.9311904907226562e-05,73901.3309,18.160539,3638
4727,2.1637496948242188,2.1637306213378906,1.9073486328125e-05,73919.817,18.486149,3632
4728,2.1612393856048584,2.161220073699951,1.9311904907226562e-05,73938.1251,18.308063,3584
4729,2.1637158393859863,2.163696765899658,1.9073486328125e-05,73956.127,18.00198,3554
4730,2.1612322330474854,2.161212921142578,1.9311904907226562e-05,73974.417,18.289968,3644
4731,2.1637349128723145,2.1637158393859863,1.9073486328125e-05,73993.0505,18.633479,3620
4732,2.1612393856048584,2.161220073699951,1.9311904907226562e-05,74011.3455,18.295012,3626
4733,2.1637303829193115,2.1637113094329834,1.9073486328125e-05,74029.4762,18.130679,3590
4734,2.1612131595611572,2.16119384765625,1.9311904907226562e-05,74047.7168,18.240591,3626
4735,2.1636757850646973,2.163656711578369,1.9073486328125e-05,74066.7603,19.043517,3626
4736,2.1611666679382324,2.161147356033325,1.9311904907226562e-05,74085.0766,18.316331,3638
4737,2.1636359691619873,2.163616895675659,1.9073486328125e-05,74103.5648,18.488224,3656
4738,2.1611576080322266,2.1611382961273193,1.9311904907226562e-05,74121.9052,18.340306,3638
4739,2.1636624336242676,2.1636433601379395,1.9073486328125e-05,74140.4269,18.521705,3578
4740,2.1611857414245605,2.1611664295196533,1.9311904907226562e-05,74158.9981,18.571251,3602
4741,2.1637022495269775,2.1636831760406494,1.9073486328125e-05,74178.8536,19.855515,3638
4742,2.161174774169922,2.1611554622650146,1.9311904907226562e-05,74200.433,21.579397,3608
4743,2.1636462211608887,2.1636271476745605,1.9073486328125e-05,74220.3737,19.940687,3602
4744,2.1611127853393555,2.1610934734344482,1.9311904907226562e-05,74240.4009,20.02718,3596
4745,2.163562536239624,2.163543462753296,1.9073486328125e-05,74259.6023,19.201412,3602
4746,2.161074638366699,2.161055326461792,1.9311904907226562e-05,74279.1118,19.509474,3674
4747,2.1635632514953613,2.163544178009033,1.9073486328125e-05,74298.1868,19.074986,3596
4748,2.161102294921875,2.1610829830169678,1.9311904907226562e-05,74317.398,19.211205,3632
4749,2.1636271476745605,2.1636080741882324,1.9073486328125e-05,74336.6823,19.28436,3626
4750,2.1611239910125732,2.161104679107666,1.9311904907226562e-05,74355.8313,19.148959,3602
4751,2.163623809814453,2.163604736328125,1.9073486328125e-05,74375.3582,19.526909,3596
4752,2.161090612411499,2.161071300506592,1.9311904907226562e-05,74394.7349,19.376692,3638
4753,2.1635513305664062,2.163532257080078,1.9073486328125e-05,74414.0503,19.315464,3638
4754,2.1610267162323,2.1610074043273926,1.9311904907226562e-05,74433.4922,19.441824,3668
4755,2.1634767055511475,2.1634576320648193,1.9073486328125e-05,74452.7481,19.255951,3620
4756,2.1610004901885986,2.1609811782836914,1.9311904907226562e-05,74471.9006,19.152496,3608
4757,2.163496732711792,2.163477659225464,1.9073486328125e-05,74491.3489,19.44824,3644
4758,2.161029100418091,2.1610097885131836,1.9311904907226562e-05,74510.7064,19.35759,3626
4759,2.1635537147521973,2.163534641265869,1.9073486328125e-05,74532.7876,22.081114,3626
4760,2.16104793548584,2.1610286235809326,1.9311904907226562e-05,74553.6595,20.871921,3662
4761,2.1635501384735107,2.1635310649871826,1.9073486328125e-05,74572.7427,19.083173,3608
4762,2.161005973815918,2.1609866619110107,1.9311904907226562e-05,74591.9599,19.217246,3638
4763,2.163461208343506,2.1634421348571777,1.9073486328125e-05,74610.5606,18.600732,3596
4764,2.1609435081481934,2.160924196243286,1.9311904907226562e-05,74631.0199,20.459265,3632
4765,2.163403272628784,2.163384199142456,1.9073486328125e-05,74650.7219,19.702043,3554
4766,2.1609268188476562,2.160907506942749,1.9311904907226562e-05,74670.3201,19.598196,3668
4767,2.1634247303009033,2.163405656814575,1.9073486328125e-05,74689.6968,19.376616,3608
4768,2.160949230194092,2.1609299182891846,1.9311904907226562e-05,74709.3506,19.65385,3650
4769,2.163461685180664,2.163442611694336,1.9073486328125e-05,74728.3443,18.993734,3542
4770,2.160957098007202,2.160937786102295,1.9311904907226562e-05,74748.1679,19.82356,3668
4771,2.1634604930877686,2.1634414196014404,1.9073486328125e-05,74767.6311,19.463205,3638
4772,2.1609385013580322,2.160919189453125,1.9311904907226562e-05,74787.918,20.286938,3620
4773,2.1634128093719482,2.16339373588562,1.9073486328125e-05,74807.8575,19.939431,3608
4774,2.160897970199585,2.1608786582946777,1.9311904907226562e-05,74829.4414,21.583936,3662
4775,2.163379669189453,2.163360595703125,1.9073486328125e-05,74849.6493,20.207922,3590
4776,2.160874366760254,2.1608550548553467,1.9311904907226562e-05,74872.3376,22.688311,3644
4777,2.1633501052856445,2.1633310317993164,1.9073486328125e-05,74894.2172,21.87958,3638
4778,2.160853147506714,2.1608338356018066,1.9311904907226562e-05,74913.701,19.483806,3614
4779,2.1633408069610596,2.1633217334747314,1.9073486328125e-05,74933.0388,19.337727,3608
4780,2.1608521938323975,2.1608328819274902,1.9311904907226562e-05,74952.6188,19.58002,3632
4781,2.163360595703125,2.163341522216797,1.9073486328125e-05,74971.5096,18.890776,3644
4782,2.160853385925293,2.1608340740203857,1.9311904907226562e-05,74990.2259,18.716354,3644
4783,2.1633529663085938,2.1633338928222656,1.9073486328125e-05,75008.6571,18.431188,3542
4784,2.16083025932312,2.160810947418213,1.9311904907226562e-05,75026.9787,18.321631,3578
4785,2.1633057594299316,2.1632866859436035,1.9073486328125e-05,75045.2562,18.277521,3644
4786,2.1607909202575684,2.160771608352661,1.9311904907226562e-05,75063.6735,18.417251,3644
4787,2.1632583141326904,2.1632392406463623,1.9073486328125e-05,75081.9892,18.315662,3596
4788,2.160764217376709,2.1607449054718018,1.9311904907226562e-05,75100.7968,18.807668,3662
4789,2.1632418632507324,2.1632227897644043,1.9073486328125e-05,75119.1039,18.307099,3614
4790,2.1607704162597656,2.1607511043548584,1.9311904907226562e-05,75137.8734,18.769466,3656
4791,2.1632933616638184,2.1632742881774902,1.9073486328125e-05,75156.4771,18.603716,3650
4792,2.160794258117676,2.1607749462127686,1.9311904907226562e-05,75175.8382,19.361109,3686
4793,2.16330623626709,2.1632871627807617,1.9073486328125e-05,75195.5917,19.753442,3638
4794,2.1607723236083984,2.160753011703491,1.9311904907226562e-05,75215.0539,19.462212,3662
4795,2.163252830505371,2.163233757019043,1.9073486328125e-05,75236.3067,21.252868,3584
4796,2.160722017288208,2.16070294380188,1.9073486328125e-05,75260.8217,24.515004,3620
4797,2.163174867630005,2.1631557941436768,1.9073486328125e-05,75280.8384,20.016606,3692
4798,2.1606767177581787,2.1606576442718506,1.9073486328125e-05,75300.5004,19.662052,3680
4799,2.163163423538208,2.16314435005188,1.9073486328125e-05,75320.1573,19.656859,3614
4800,2.1606969833374023,2.160677909851074,1.9073486328125e-05,75340.2783,20.121076,3650
4801,2.1632089614868164,2.1631898880004883,1.9073486328125e-05,75359.6191,19.340745,3608
4802,2.1607003211975098,2.1606812477111816,1.9073486328125e-05,75379.1419,19.522851,3692
4803,2.163184404373169,2.16316556930542,1.8835067749023438e-05,75398.9402,19.798264,3674
4804,2.160661458969116,2.160642385482788,1.9073486328125e-05,75418.3917,19.451534,3680
4805,2.1631264686584473,2.1631076335906982,1.8835067749023438e-05,75438.8235,20.431746,3650
4806,2.1606292724609375,2.1606101989746094,1.9073486328125e-05,75457.7612,18.937704,3602
4807,2.163114309310913,2.163095474243164,1.8835067749023438e-05,75476.6726,18.911446,3572
4808,2.1606311798095703,2.160612106323242,1.9073486328125e-05,75495.9941,19.321508,3638
4809,2.1631317138671875,2.1631128787994385,1.8835067749023438e-05,75515.238,19.243864,3662
4810,2.160632610321045,2.160613536834717,1.9073486328125e-05,75534.6233,19.385308,3656
4811,2.1631252765655518,2.1631064414978027,1.8835067749023438e-05,75553.7181,19.094804,3614
4812,2.160606622695923,2.1605875492095947,1.9073486328125e-05,75574.3546,20.636486,3650
4813,2.1630847454071045,2.1630659103393555,1.8835067749023438e-05,75596.3526,21.997963,3584
4814,2.16058349609375,2.160564422607422,1.9073486328125e-05,75615.058,18.705459,3698
4815,2.1630680561065674,2.1630492210388184,1.8835067749023438e-05,75633.2305,18.172529,3650
4816,2.1605656147003174,2.1605465412139893,1.9073486328125e-05,75651.749,18.51848,3686
4817,2.1630454063415527,2.1630265712738037,1.8835067749023438e-05,75670.0089,18.259885,3674
4818,2.160547971725464,2.1605288982391357,1.9073486328125e-05,75688.4282,18.419261,3668
4819,2.16304349899292,2.163024663925171,1.8835067749023438e-05,75706.6836,18.255417,3656
4820,2.160550594329834,2.160531520843506,1.9073486328125e-05,75725.2118,18.528175,3692
4821,2.163050651550293,2.163031816482544,1.8835067749023438e-05,75743.2443,18.032503,3602
4822,2.1605377197265625,2.1605186462402344,1.9073486328125e-05,75761.73,18.485733,3704
4823,2.1630091667175293,2.1629903316497803,1.8835067749023438e-05,75779.9349,18.204895,3626
4824,2.1604974269866943,2.160478353500366,1.9073486328125e-05,75798.7209,18.786013,3698
4825,2.162966728210449,2.1629478931427,1.8835067749023438e-05,75817.0526,18.331671,3686
4826,2.1604740619659424,2.1604549884796143,1.9073486328125e-05,75835.1708,18.118193,3638
4827,2.1629550457000732,2.162936210632324,1.8835067749023438e-05,75853.4987,18.327933,3674
4828,2.1604719161987305,2.1604528427124023,1.9073486328125e-05,75871.8933,18.394634,3674
4829,2.1629788875579834,2.1629600524902344,1.8835067749023438e-05,75890.3406,18.44724,3650
4830,2.160478115081787,2.160459041595459,1.9073486328125e-05,75908.7148,18.374175,3668
4831,2.1629726886749268,2.1629538536071777,1.8835067749023438e-05,75927.0756,18.360848,3674
4832,2.1604530811309814,2.1604340076446533,1.9073486328125e-05,75948.1493,21.073742,3668
4833,2.1629269123077393,2.1629080772399902,1.8835067749023438e-05,75968.2624,20.113029,3662
4834,2.1604247093200684,2.1604056358337402,1.9073486328125e-05,75986.8194,18.557037,3668
4835,2.1629128456115723,2.1628940105438232,1.8835067749023438e-05,76005.1526,18.333195,3644
4836,2.1604204177856445,2.1604013442993164,1.9073486328125e-05,76023.7401,18.587489,3716
4837,2.162914752960205,2.162895917892456,1.8835067749023438e-05,76042.4406,18.700484,3668
4838,2.1604061126708984,2.1603870391845703,1.9073486328125e-05,76061.2793,18.838692,3704
4839,2.162882089614868,2.162863254547119,1.8835067749023438e-05,76079.6661,18.386804,3662
4840,2.1603715419769287,2.1603524684906006,1.9073486328125e-05,76098.1797,18.513659,3656
4841,2.162834882736206,2.162816047668457,1.8835067749023438e-05,76116.3896,18.209905,3656
4842,2.1603496074676514,2.1603305339813232,1.9073486328125e-05,76134.754,18.364355,3644
4843,2.162839651107788,2.162820816040039,1.8835067749023438e-05,76153.2971,18.543067,3698
4844,2.160358428955078,2.16033935546875,1.9073486328125e-05,76171.7729,18.475806,3680
4845,2.1628599166870117,2.1628410816192627,1.8835067749023438e-05,76190.0612,18.288293,3662
4846,2.1603572368621826,2.1603381633758545,1.9073486328125e-05,76208.5938,18.532679,3692
4847,2.162851572036743,2.162832736968994,1.8835067749023438e-05,76227.0424,18.448563,3680
4848,2.160337448120117,2.160318374633789,1.9073486328125e-05,76245.3353,18.292861,3656
4849,2.1628177165985107,2.1627988815307617,1.8835067749023438e-05,76264.0799,18.74467,3680
4850,2.1603004932403564,2.1602814197540283,1.9073486328125e-05,76282.8841,18.804175,3692
4851,2.162759780883789,2.16274094581604,1.8835067749023438e-05,76301.3127,18.428579,3680
4852,2.160263776779175,2.1602447032928467,1.9073486328125e-05,76322.7738,21.461088,3656
4853,2.16274094581604,2.162722110748291,1.8835067749023438e-05,76342.3727,19.598881,3656
4854,2.1602702140808105,2.1602511405944824,1.9073486328125e-05,76361.2178,18.84515,3638
4855,2.162785530090332,2.162766695022583,1.8835067749023438e-05,76379.5119,18.294131,3638
4856,2.1602983474731445,2.1602792739868164,1.9073486328125e-05,76397.9552,18.443271,3692
4857,2.1628215312957764,2.1628026962280273,1.8835067749023438e-05,76416.1798,18.224557,3668
4858,2.1602835655212402,2.160264492034912,1.9073486328125e-05,76434.6869,18.507178,3692
4859,2.162752389907837,2.162733554840088,1.8835067749023438e-05,76453.0411,18.354198,3680
4860,2.1602096557617188,2.1601905822753906,1.9073486328125e-05,76471.6108,18.569651,3734
4861,2.162644147872925,2.162625312805176,1.8835067749023438e-05,76490.0102,18.399438,3674
4862,2.1601645946502686,2.1601455211639404,1.9073486328125e-05,76508.4212,18.411015,3686
4863,2.162647008895874,2.162628173828125,1.8835067749023438e-05,76526.9786,18.557306,3674
4864,2.1601991653442383,2.16018009185791,1.9073486328125e-05,76545.3411,18.362569,3638
4865,2.1627414226531982,2.162722587585449,1.8835067749023438e-05,76563.6597,18.318533,3662
4866,2.16024112701416,2.160222053527832,1.9073486328125e-05,76582.3331,18.673438,3716
4867,2.162752151489258,2.162733316421509,1.8835067749023438e-05,76600.9544,18.621291,3692
4868,2.1601994037628174,2.1601803302764893,1.9073486328125e-05,76619.1441,18.189697,3656
4869,2.1626455783843994,2.1626267433166504,1.8835067749023438e-05,76637.9453,18.801226,3722
4870,2.1601204872131348,2.1601014137268066,1.9073486328125e-05,76656.4999,18.554578,3704
4871,2.162564992904663,2.162546157836914,1.8835067749023438e-05,76674.7783,18.278392,3632
4872,2.1601004600524902,2.160081386566162,1.9073486328125e-05,76693.4303,18.652025,3620
4873,2.162602186203003,2.162583351135254,1.8835067749023438e-05,76716.2308,22.800535,3710
4874,2.1601390838623047,2.1601200103759766,1.9073486328125e-05,76734.9555,18.724682,3740
4875,2.1626691818237305,2.1626503467559814,1.8835067749023438e-05,76753.4061,18.450578,3680
4876,2.160156488418579,2.160137414932251,1.9073486328125e-05,76771.8634,18.45734,3686
4877,2.162647008895874,2.162628173828125,1.8835067749023438e-05,76790.3299,18.466492,3674
4878,2.160112142562866,2.160093069076538,1.9073486328125e-05,76808.7796,18.449702,3704
4879,2.1625711917877197,2.1625523567199707,1.8835067749023438e-05,76827.1997,18.420114,3704
4880,2.1600558757781982,2.16003680229187,1.9073486328125e-05,76845.6823,18.482525,3704
4881,2.162513017654419,2.16249418258667,1.8835067749023438e-05,76864.26,18.57773,3710
4882,2.160041093826294,2.160022020339966,1.9073486328125e-05,76883.1285,18.86846,3698
4883,2.162538766860962,2.162519931793213,1.8835067749023438e-05,76901.5979,18.469453,3680
4884,2.1600658893585205,2.1600468158721924,1.9073486328125e-05,76920.6811,19.083194,3764
4885,2.1625871658325195,2.1625683307647705,1.8835067749023438e-05,76939.8054,19.124274,3722
4886,2.1600773334503174,2.1600582599639893,1.9073486328125e-05,76958.6683,18.862955,3734
4887,2.162585496902466,2.162566661834717,1.8835067749023438e-05,76977.8234,19.155093,3746
4888,2.160045862197876,2.160026788711548,1.9073486328125e-05,76996.8891,19.065688,3692
4889,2.162508249282837,2.162489414215088,1.8835067749023438e-05,77015.8411,18.95197,3728
4890,2.159972906112671,2.159954071044922,1.8835067749023438e-05,77041.1334,25.29227,3746
4891,2.162419080734253,2.162400245666504,1.8835067749023438e-05,77063.4433,22.309965,3722
4892,2.1599440574645996,2.1599252223968506,1.8835067749023438e-05,77083.8212,20.377842,3764
4893,2.1624317169189453,2.1624128818511963,1.8835067749023438e-05,77103.9724,20.151204,3722
4894,2.159968852996826,2.159950017929077,1.8835067749023438e-05,77124.7363,20.76394,3740
4895,2.162482976913452,2.162464141845703,1.8835067749023438e-05,77145.3133,20.577039,3716
4896,2.15999174118042,2.159972906112671,1.8835067749023438e-05,77165.3638,20.050461,3680
4897,2.1624984741210938,2.162479877471924,1.8596649169921875e-05,77185.6977,20.333932,3716
4898,2.15997052192688,2.159951686859131,1.8835067749023438e-05,77205.9469,20.249212,3740
4899,2.1624436378479004,2.1624250411987305,1.8596649169921875e-05,77226.0096,20.062662,3716
4900,2.1599228382110596,2.1599040031433105,1.8835067749023438e-05,77247.5404,21.530831,3746
4901,2.162391185760498,2.162372589111328,1.8596649169921875e-05,77267.6831,20.142635,3722
4902,2.159891366958618,2.159872531890869,1.8835067749023438e-05,77287.6949,20.011822,3698
4903,2.1623692512512207,2.162350654602051,1.8596649169921875e-05,77307.8315,20.136611,3668
4904,2.1598877906799316,2.1598689556121826,1.8835067749023438e-05,77327.9406,20.109063,3746
4905,2.162388563156128,2.162369966506958,1.8596649169921875e-05,77346.818,18.877401,3728
4906,2.159903049468994,2.159884214401245,1.8835067749023438e-05,77365.6434,18.825377,3746
4907,2.162410020828247,2.162391424179077,1.8596649169921875e-05,77383.4739,17.830556,3722
4908,2.1598918437957764,2.1598730087280273,1.8835067749023438e-05,77401.0562,17.582297,3758
4909,2.1623694896698,2.16235089302063,1.8596649169921875e-05,77422.53,21.473788,3650
4910,2.1598455905914307,2.1598267555236816,1.8835067749023438e-05,77440.7309,18.200953,3734
4911,2.162306070327759,2.162287473678589,1.8596649169921875e-05,77458.4132,17.682255,3722
4912,2.159811019897461,2.159792184829712,1.8835067749023438e-05,77475.7299,17.316729,3734
4913,2.162294864654541,2.162276268005371,1.8596649169921875e-05,77493.1255,17.395617,3734
4914,2.159813165664673,2.159794330596924,1.8835067749023438e-05,77509.8085,16.682969,3668
4915,2.1623198986053467,2.1623013019561768,1.8596649169921875e-05,77526.456,16.647458,3686
4916,2.1598355770111084,2.1598167419433594,1.8835067749023438e-05,77543.918,17.462037,3716
4917,2.162351608276367,2.1623330116271973,1.8596649169921875e-05,77561.1708,17.25277,3680
4918,2.1598219871520996,2.1598031520843506,1.8835067749023438e-05,77578.6612,17.490401,3752
4919,2.162294626235962,2.162276029586792,1.8596649169921875e-05,77596.0418,17.380576,3692
4920,2.1597695350646973,2.1597506999969482,1.8835067749023438e-05,77613.2872,17.245476,3704
4921,2.1622354984283447,2.162216901779175,1.8596649169921875e-05,77630.6387,17.351461,3716
4922,2.159735679626465,2.159716844558716,1.8835067749023438e-05,77648.147,17.508287,3734
4923,2.1622116565704346,2.1621930599212646,1.8596649169921875e-05,77665.9073,17.760309,3722
4924,2.159738063812256,2.159719228744507,1.8835067749023438e-05,77683.4359,17.528574,3764
4925,2.1622495651245117,2.162230968475342,1.8596649169921875e-05,77700.8525,17.416614,3752
4926,2.1597628593444824,2.1597440242767334,1.8835067749023438e-05,77718.3774,17.524905,3770
4927,2.162280797958374,2.162262201309204,1.8596649169921875e-05,77735.8217,17.444308,3746
4928,2.1597414016723633,2.1597225666046143,1.8835067749023438e-05,77753.1401,17.318385,3710
4929,2.1622095108032227,2.1621909141540527,1.8596649169921875e-05,77770.2033,17.063217,3692
4930,2.1596810817718506,2.1596622467041016,1.8835067749023438e-05,77789.3044,19.101115,3770
4931,2.162128448486328,2.162109851837158,1.8596649169921875e-05,77810.5007,21.196283,3692
4932,2.1596429347991943,2.1596240997314453,1.8835067749023438e-05,77827.7821,17.281375,3710
4933,2.1621203422546387,2.1621017456054688,1.8596649169921875e-05,77845.717,17.934985,3752
4934,2.1596624851226807,2.1596436500549316,1.8835067749023438e-05,77863.3178,17.60075,3788
4935,2.162184715270996,2.162166118621826,1.8596649169921875e-05,77880.8095,17.491712,3710
4936,2.159700632095337,2.159681797027588,1.8835067749023438e-05,77898.6118,17.802298,3758
4937,2.1622257232666016,2.1622071266174316,1.8596649169921875e-05,77916.2941,17.682266,3746
4938,2.1596803665161133,2.1596615314483643,1.8835067749023438e-05,77933.9636,17.669481,3746
4939,2.1621451377868652,2.1621265411376953,1.8596649169921875e-05,77951.7283,17.764755,3764
4940,2.159607410430908,2.159588575363159,1.8835067749023438e-05,77969.4772,17.748936,3746
4941,2.162055253982544,2.162036657333374,1.8596649169921875e-05,77987.0284,17.551147,3716
4942,2.159571409225464,2.159552574157715,1.8835067749023438e-05,78005.3731,18.344705,3764
4943,2.162055492401123,2.162036895751953,1.8596649169921875e-05,78023.7288,18.355676,3710
4944,2.1595847606658936,2.1595659255981445,1.8835067749023438e-05,78041.7441,18.015322,3728
4945,2.1620945930480957,2.162075996398926,1.8596649169921875e-05,78059.1755,17.431416,3710
4946,2.1596131324768066,2.1595942974090576,1.8835067749023438e-05,78076.6245,17.449018,3716
4947,2.1621334552764893,2.1621148586273193,1.8596649169921875e-05,78094.2152,17.590713,3746
4948,2.159597873687744,2.159579038619995,1.8835067749023438e-05,78113.2078,18.992564,3740
4949,2.162062644958496,2.162044048309326,1.8596649169921875e-05,78131.6101,18.402291,3722
4950,2.159531593322754,2.159512758255005,1.8835067749023438e-05,78149.2923,17.682155,3752
4951,2.161982774734497,2.161964178085327,1.8596649169921875e-05,78166.9814,17.689172,3764
4952,2.1595003604888916,2.1594815254211426,1.8835067749023438e-05,78184.8594,17.877987,3776
4953,2.161991596221924,2.161972999572754,1.8596649169921875e-05,78202.6,17.740628,3770
4954,2.159520149230957,2.159501314163208,1.8835067749023438e-05,78220.3047,17.704645,3800
4955,2.162036895751953,2.162018299102783,1.8596649169921875e-05,78237.6995,17.394864,3716
4956,2.1595399379730225,2.1595211029052734,1.8835067749023438e-05,78255.2496,17.55002,3740
4957,2.162047863006592,2.162029266357422,1.8596649169921875e-05,78272.6165,17.366906,3710
4958,2.1595191955566406,2.1595003604888916,1.8835067749023438e-05,78290.377,17.760538,3800
4959,2.161994218826294,2.161975622177124,1.8596649169921875e-05,78307.9419,17.564884,3740
4960,2.15946364402771,2.159444808959961,1.8835067749023438e-05,78325.5694,17.627465,3740
4961,2.1619246006011963,2.1619060039520264,1.8596649169921875e-05,78343.1074,17.53806,3734
4962,2.159432888031006,2.159414052963257,1.8835067749023438e-05,78360.7663,17.658831,3752
4963,2.1619155406951904,2.1618969440460205,1.8596649169921875e-05,78378.2576,17.491317,3728
4964,2.1594395637512207,2.1594207286834717,1.8835067749023438e-05,78395.9202,17.662647,3758
4965,2.161949634552002,2.161931037902832,1.8596649169921875e-05,78413.3613,17.441045,3728
4966,2.1594552993774414,2.1594364643096924,1.8835067749023438e-05,78431.4493,18.088078,3782
4967,2.161952018737793,2.161933422088623,1.8596649169921875e-05,78449.212,17.762629,3764
4968,2.1594324111938477,2.1594135761260986,1.8835067749023438e-05,78467.0644,17.852435,3812
4969,2.1619186401367188,2.161900043487549,1.8596649169921875e-05,78484.8126,17.748245,3734
4970,2.159403085708618,2.159384250640869,1.8835067749023438e-05,78504.003,19.190305,3788
4971,2.161879301071167,2.161860704421997,1.8596649169921875e-05,78521.6493,17.646366,3782
4972,2.1593737602233887,2.1593549251556396,1.8835067749023438e-05,78539.2074,17.558129,3770
4973,2.161848545074463,2.161829948425293,1.8596649169921875e-05,78556.8548,17.647313,3776
4974,2.159351348876953,2.159332513809204,1.8835067749023438e-05,78574.27,17.415237,3704
4975,2.1618404388427734,2.1618218421936035,1.8596649169921875e-05,78591.6504,17.380364,3728
4976,2.159353733062744,2.159334897994995,1.8835067749023438e-05,78609.2724,17.622033,3776
4977,2.1618542671203613,2.1618356704711914,1.8596649169921875e-05,78626.8762,17.603784,3752
4978,2.1593546867370605,2.1593358516693115,1.8835067749023438e-05,78644.3977,17.521513,3746
4979,2.1618547439575195,2.1618361473083496,1.8596649169921875e-05,78661.6697,17.272012,3698
4980,2.1593410968780518,2.1593222618103027,1.8835067749023438e-05,78679.348,17.678344,3758
4981,2.161818504333496,2.161799907684326,1.8596649169921875e-05,78697.0687,17.72067,3764
4982,2.159308910369873,2.159290075302124,1.8835067749023438e-05,78714.8096,17.740852,3770
4983,2.1617884635925293,2.1617698669433594,1.8596649169921875e-05,78732.4252,17.615665,3740
4984,2.1592905521392822,2.159271717071533,1.8835067749023438e-05,78749.9938,17.56855,3758
4985,2.1617846488952637,2.1617660522460938,1.8596649169921875e-05,78767.6987,17.704873,3770
4986,2.159284830093384,2.1592659950256348,1.8835067749023438e-05,78785.5644,17.865729,3794
4987,2.1617813110351562,2.1617627143859863,1.8596649169921875e-05,78803.219,17.6546,3764
4988,2.159268856048584,2.159250259399414,1.8596649169921875e-05,78821.0598,17.840798,3788
4989,2.161752939224243,2.1617343425750732,1.8596649169921875e-05,78838.7833,17.723473,3782
4990,2.159252882003784,2.1592342853546143,1.8596649169921875e-05,78856.8207,18.037416,3824
4991,2.161750078201294,2.161731481552124,1.8596649169921875e-05,78875.289,18.468308,3782
4992,2.159257650375366,2.1592390537261963,1.8596649169921875e-05,78893.6359,18.346914,3782
4993,2.1617681980133057,2.1617496013641357,1.8596649169921875e-05,78911.4126,17.776674,3782
4994,2.159245252609253,2.159226655960083,1.8596649169921875e-05,78929.3535,17.940976,3824
4995,2.161731004714966,2.161712408065796,1.8596649169921875e-05,78947.219,17.865474,3782
4996,2.1592116355895996,2.1591930389404297,1.8596649169921875e-05,78965.0232,17.804131,3782
4997,2.161686897277832,2.161668539047241,1.8358230590820312e-05,78982.5672,17.544098,3728
4998,2.159179925918579,2.159161329269409,1.8596649169921875e-05,79000.4007,17.833466,3794
4999,2.1616604328155518,2.161642074584961,1.8358230590820312e-05,79018.2222,17.821486,3794
5000,2.1591720581054688,2.159153461456299,1.8596649169921875e-05,79037.0522,18.830041,3812
5001,2.1616709232330322,2.1616525650024414,1.8358230590820312e-05,79054.7629,17.710706,3764
5002,2.1591739654541016,2.1591553688049316,1.8596649169921875e-05,79072.6275,17.864584,3794
5003,2.1616764068603516,2.1616580486297607,1.8358230590820312e-05,79090.2345,17.60692,3686
5004,2.159163475036621,2.159144878387451,1.8596649169921875e-05,79107.9805,17.746031,3776
5005,2.1616528034210205,2.1616344451904297,1.8358230590820312e-05,79125.6603,17.679809,3770
5006,2.1591389179229736,2.1591203212738037,1.8596649169921875e-05,79143.485,17.82472,3788
5007,2.1616220474243164,2.1616036891937256,1.8358230590820312e-05,79161.0711,17.586053,3716
5008,2.159109115600586,2.159090518951416,1.8596649169921875e-05,79178.7794,17.708379,3788
5009,2.1615846157073975,2.1615662574768066,1.8358230590820312e-05,79197.6321,18.852669,3788
5010,2.1590893268585205,2.1590707302093506,1.8596649169921875e-05,79215.6532,18.021126,3794
5011,2.1615819931030273,2.1615636348724365,1.8358230590820312e-05,79233.2821,17.628855,3764
5012,2.159104585647583,2.159085988998413,1.8596649169921875e-05,79251.1313,17.849174,3824
5013,2.161633014678955,2.1616146564483643,1.8358230590820312e-05,79269.098,17.966766,3812
5014,2.15911602973938,2.15909743309021,1.8596649169921875e-05,79286.7495,17.651452,3746
5015,2.1616125106811523,2.1615941524505615,1.8358230590820312e-05,79304.5996,17.850158,3794
5016,2.1590731143951416,2.1590545177459717,1.8596649169921875e-05,79322.5365,17.936871,3794
5017,2.161536455154419,2.161518096923828,1.8358230590820312e-05,79340.1713,17.634834,3752
5018,2.159026622772217,2.159008026123047,1.8596649169921875e-05,79357.8563,17.684921,3764
5019,2.161508321762085,2.161489963531494,1.8358230590820312e-05,79375.4309,17.574651,3734
5020,2.1590216159820557,2.1590030193328857,1.8596649169921875e-05,79393.4687,18.037808,3836
5021,2.161524534225464,2.161506175994873,1.8358230590820312e-05,79411.1921,17.723389,3782
5022,2.1590325832366943,2.1590139865875244,1.8596649169921875e-05,79428.9788,17.786644,3800
5023,2.1615374088287354,2.1615190505981445,1.8358230590820312e-05,79446.8757,17.896933,3818
5024,2.1590211391448975,2.1590025424957275,1.8596649169921875e-05,79464.9479,18.072164,3830
5025,2.161499500274658,2.1614811420440674,1.8358230590820312e-05,79482.7098,17.761941,3758
5026,2.158979892730713,2.158961296081543,1.8596649169921875e-05,79500.5664,17.856568,3812
5027,2.1614573001861572,2.1614389419555664,1.8358230590820312e-05,79518.2613,17.69493,3770
5028,2.1589670181274414,2.1589484214782715,1.8596649169921875e-05,79535.8304,17.569109,3752
5029,2.1614651679992676,2.1614468097686768,1.8358230590820312e-05,79553.7143,17.883924,3818
5030,2.1589672565460205,2.1589486598968506,1.8596649169921875e-05,79571.9716,18.257312,3842
5031,2.1614623069763184,2.1614439487457275,1.8358230590820312e-05,79590.9303,18.958698,3806
5032,2.1589505672454834,2.1589319705963135,1.8596649169921875e-05,79608.7613,17.830937,3782
5033,2.1614394187927246,2.161421060562134,1.8358230590820312e-05,79626.4545,17.693258,3776
5034,2.158937454223633,2.158918857574463,1.8596649169921875e-05,79644.7986,18.344039,3794
5035,2.1614325046539307,2.16141414642334,1.8358230590820312e-05,79662.1462,17.34766,3722
5036,2.1589267253875732,2.1589081287384033,1.8596649169921875e-05,79680.0004,17.854203,3812
5037,2.161426305770874,2.161407947540283,1.8358230590820312e-05,79697.9327,17.932259,3788
5038,2.1589174270629883,2.1588988304138184,1.8596649169921875e-05,79715.958,18.025307,3842
5039,2.161414623260498,2.1613962650299072,1.8358230590820312e-05,79733.7253,17.767292,3806
5040,2.158895254135132,2.158876657485962,1.8596649169921875e-05,79751.5973,17.872025,3818
5041,2.1613881587982178,2.161369800567627,1.8358230590820312e-05,79769.4052,17.807865,3800
5042,2.1588752269744873,2.1588566303253174,1.8596649169921875e-05,79787.3037,17.8985,3812
5043,2.16135835647583,2.1613399982452393,1.8358230590820312e-05,79805.3048,18.001094,3806
5044,2.158853054046631,2.158834457397461,1.8596649169921875e-05,79823.027,17.722219,3776
5045,2.1613335609436035,2.1613152027130127,1.8358230590820312e-05,79840.6294,17.602396,3758
5046,2.1588244438171387,2.1588058471679688,1.8596649169921875e-05,79858.1219,17.492483,3740
5047,2.161304235458374,2.161285877227783,1.8358230590820312e-05,79875.5063,17.38438,3722
5048,2.158815383911133,2.158796787261963,1.8596649169921875e-05,79893.6305,18.124255,3824
5049,2.1613247394561768,2.161306381225586,1.8358230590820312e-05,79912.4961,18.865621,3788
5050,2.1588354110717773,2.1588168144226074,1.8596649169921875e-05,79930.3128,17.816705,3806
5051,2.1613478660583496,2.161329507827759,1.8358230590820312e-05,79948.1906,17.877728,3794
5052,2.1588237285614014,2.1588051319122314,1.8596649169921875e-05,79965.738,17.547424,3746
5053,2.161309003829956,2.1612906455993652,1.8358230590820312e-05,79983.5392,17.801168,3806
5054,2.1587836742401123,2.1587650775909424,1.8596649169921875e-05,80001.241,17.701844,3764
5055,2.1612584590911865,2.1612401008605957,1.8358230590820312e-05,80019.0092,17.76817,3782
5056,2.1587562561035156,2.1587376594543457,1.8596649169921875e-05,80036.9917,17.982503,3836
5057,2.161242723464966,2.161224365234375,1.8358230590820312e-05,80054.8934,17.901711,3824
5058,2.158751964569092,2.158733367919922,1.8596649169921875e-05,80072.8541,17.960724,3842
5059,2.1612601280212402,2.1612417697906494,1.8358230590820312e-05,80090.7849,17.930755,3824
5060,2.158757209777832,2.158738613128662,1.8596649169921875e-05,80108.6629,17.878029,3836
5061,2.1612558364868164,2.1612374782562256,1.8358230590820312e-05,80126.5285,17.865599,3794
5062,2.158736228942871,2.158717632293701,1.8596649169921875e-05,80144.3592,17.830744,3830
5063,2.1612091064453125,2.1611907482147217,1.8358230590820312e-05,80162.2842,17.924969,3830
5064,2.158698558807373,2.158679962158203,1.8596649169921875e-05,80180.0621,17.777916,3794
5065,2.1611804962158203,2.1611621379852295,1.8358230590820312e-05,80197.8257,17.763551,3782
5066,2.158689498901367,2.1586709022521973,1.8596649169921875e-05,80215.8008,17.975139,3842
5067,2.161194086074829,2.1611757278442383,1.8358230590820312e-05,80233.9333,18.132451,3776
5068,2.158689260482788,2.158670663833618,1.8596649169921875e-05,80251.7127,17.779417,3800
5069,2.1611900329589844,2.1611716747283936,1.8358230590820312e-05,80269.6969,17.984172,3812
5070,2.158686637878418,2.158668041229248,1.8596649169921875e-05,80288.1826,18.485778,3800
5071,2.161190986633301,2.16117262840271,1.8358230590820312e-05,80306.4578,18.275157,3806
5072,2.1586685180664062,2.1586499214172363,1.8596649169921875e-05,80324.4324,17.974599,3866
5073,2.1611499786376953,2.1611316204071045,1.8358230590820312e-05,80342.4113,17.978912,3812
5074,2.158629894256592,2.158611297607422,1.8596649169921875e-05,80360.1875,17.776237,3806
5075,2.1610939502716064,2.1610755920410156,1.8358230590820312e-05,80377.5908,17.403218,3716
5076,2.1585958003997803,2.1585772037506104,1.8596649169921875e-05,80396.0258,18.435049,3848
5077,2.161095142364502,2.161076784133911,1.8358230590820312e-05,80414.3762,18.350384,3842
5078,2.158618211746216,2.158599615097046,1.8596649169921875e-05,80432.2046,17.828419,3800
5079,2.1611392498016357,2.161120891571045,1.8358230590820312e-05,80450.0198,17.815178,3764
5080,2.1586220264434814,2.1586034297943115,1.8596649169921875e-05,80467.6555,17.635758,3800
5081,2.1611297130584717,2.161111354827881,1.8358230590820312e-05,80485.9916,18.336034,3866
5082,2.158592462539673,2.158573865890503,1.8596649169921875e-05,80504.0834,18.091812,3854
5083,2.161067247390747,2.1610488891601562,1.8358230590820312e-05,80522.0747,17.991351,3842
5084,2.1585490703582764,2.1585304737091064,1.8596649169921875e-05,80540.3677,18.292993,3872
5085,2.1610286235809326,2.161010265350342,1.8358230590820312e-05,80558.2274,17.859709,3788
5086,2.158534526824951,2.1585159301757812,1.8596649169921875e-05,80576.2452,18.017737,3830
5087,2.161038875579834,2.161020517349243,1.8358230590820312e-05,80594.3053,18.060085,3830
5088,2.1585464477539062,2.1585278511047363,1.8596649169921875e-05,80612.2278,17.922541,3836
5089,2.161062717437744,2.1610443592071533,1.8358230590820312e-05,80630.0435,17.815742,3800
5090,2.15855073928833,2.15853214263916,1.8596649169921875e-05,80647.8299,17.786382,3800
5091,2.161062002182007,2.161043643951416,1.8358230590820312e-05,80666.7006,18.870659,3848
5092,2.158533811569214,2.158515453338623,1.8358230590820312e-05,80684.9398,18.23923,3776
5093,2.1610188484191895,2.1610004901885986,1.8358230590820312e-05,80702.9684,18.028614,3830
5094,2.1584935188293457,2.158475160598755,1.8358230590820312e-05,80720.8531,17.884697,3788
5095,2.1609718799591064,2.1609535217285156,1.8358230590820312e-05,80738.679,17.825906,3800
5096,2.158470392227173,2.158452033996582,1.8358230590820312e-05,80756.661,17.982014,3842
5097,2.1609585285186768,2.160940170288086,1.8358230590820312e-05,80774.9134,18.252387,3854
5098,2.1584606170654297,2.158442258834839,1.8358230590820312e-05,80793.2302,18.3168,3812
5099,2.160964250564575,2.1609458923339844,1.8358230590820312e-05,80811.5034,18.27314,3788
5100,2.1584601402282715,2.1584417819976807,1.8358230590820312e-05,80829.932,18.428598,3854
5101,2.1609625816345215,2.1609444618225098,1.811981201171875e-05,80848.0295,18.097561,3830
5102,2.158447265625,2.158428907394409,1.8358230590820312e-05,80866.0947,18.065164,3830
5103,2.160945177078247,2.1609270572662354,1.811981201171875e-05,80884.233,18.138319,3824
5104,2.1584320068359375,2.1584136486053467,1.8358230590820312e-05,80902.3947,18.161729,3806
5105,2.160921335220337,2.160903215408325,1.811981201171875e-05,80920.7963,18.401594,3848
5106,2.1584017276763916,2.158383369445801,1.8358230590820312e-05,80939.1074,18.31107,3866
5107,2.160871982574463,2.160853862762451,1.811981201171875e-05,80957.3179,18.210507,3836
5108,2.1583714485168457,2.158353090286255,1.8358230590820312e-05,80975.7793,18.461409,3842
5109,2.16086745262146,2.1608493328094482,1.811981201171875e-05,80994.7825,19.003139,3854
5110,2.158383369445801,2.15836501121521,1.8358230590820312e-05,81012.6349,17.85239,3776
5111,2.160895347595215,2.160877227783203,1.811981201171875e-05,81030.633,17.998114,3824
5112,2.1583805084228516,2.1583621501922607,1.8358230590820312e-05,81049.0579,18.42495,3884
5113,2.160876512527466,2.160858392715454,1.811981201171875e-05,81067.4147,18.356803,3860
5114,2.158357620239258,2.158339262008667,1.8358230590820312e-05,81085.7313,18.316601,3848
5115,2.160853624343872,2.1608355045318604,1.811981201171875e-05,81103.9912,18.259861,3848
5116,2.1583428382873535,2.1583244800567627,1.8358230590820312e-05,81122.2754,18.28422,3866
5117,2.1608433723449707,2.160825252532959,1.811981201171875e-05,81140.3013,18.025932,3818
5118,2.1583242416381836,2.1583058834075928,1.8358230590820312e-05,81158.7456,18.444262,3866
5119,2.1608099937438965,2.1607918739318848,1.811981201171875e-05,81176.9853,18.239706,3842
5120,2.1582982540130615,2.1582798957824707,1.8358230590820312e-05,81195.3452,18.359888,3872
5121,2.160789966583252,2.1607718467712402,1.811981201171875e-05,81213.614,18.26877,3824
5122,2.15828800201416,2.1582696437835693,1.8358230590820312e-05,81231.8433,18.229342,3842
5123,2.1607859134674072,2.1607677936553955,1.811981201171875e-05,81249.9537,18.110376,3854
5124,2.158277750015259,2.158259391784668,1.8358230590820312e-05,81268.7078,18.754077,3908
5125,2.160778284072876,2.1607601642608643,1.811981201171875e-05,81287.1822,18.47441,3860
5126,2.1582655906677246,2.158247232437134,1.8358230590820312e-05,81305.5074,18.325218,3878
5127,2.1607627868652344,2.1607446670532227,1.811981201171875e-05,81324.0752,18.567811,3872
5128,2.1582562923431396,2.158237934112549,1.8358230590820312e-05,81342.5885,18.513289,3878
5129,2.1607577800750732,2.1607396602630615,1.811981201171875e-05,81361.5473,18.958827,3776
5130,2.158252477645874,2.158234119415283,1.8358230590820312e-05,81380.5278,18.980506,3860
5131,2.1607666015625,2.1607484817504883,1.811981201171875e-05,81398.8292,18.301345,3830
5132,2.1582462787628174,2.1582279205322266,1.8358230590820312e-05,81417.209,18.379867,3860
5133,2.160743236541748,2.1607251167297363,1.811981201171875e-05,81436.2069,18.997827,3854
5134,2.1582164764404297,2.158198118209839,1.8358230590820312e-05,81454.2891,18.082204,3812
5135,2.1607072353363037,2.160689115524292,1.811981201171875e-05,81472.5873,18.298278,3890
5136,2.158189296722412,2.1581709384918213,1.8358230590820312e-05,81490.8659,18.278528,3854
5137,2.1606712341308594,2.1606531143188477,1.811981201171875e-05,81508.8776,18.011688,3776
5138,2.158160448074341,2.15814208984375,1.8358230590820312e-05,81526.8101,17.93259,3824
5139,2.160653591156006,2.160635471343994,1.811981201171875e-05,81545.07,18.259887,3872
5140,2.1581614017486572,2.1581430435180664,1.8358230590820312e-05,81563.2936,18.223517,3866
5141,2.1606733798980713,2.1606552600860596,1.811981201171875e-05,81581.6668,18.373222,3860
5142,2.158160448074341,2.15814208984375,1.8358230590820312e-05,81600.335,18.668194,3848
5143,2.160667657852173,2.160649538040161,1.811981201171875e-05,81619.0319,18.696966,3806
5144,2.1581525802612305,2.1581342220306396,1.8358230590820312e-05,81637.7008,18.668825,3848
5145,2.1606674194335938,2.160649299621582,1.811981201171875e-05,81656.7332,19.032398,3878
5146,2.158151626586914,2.1581332683563232,1.8358230590820312e-05,81675.2284,18.495282,3848
5147,2.1606526374816895,2.1606345176696777,1.811981201171875e-05,81693.7517,18.523238,3878
5148,2.1581149101257324,2.1580965518951416,1.8358230590820312e-05,81712.0572,18.305534,3860
5149,2.160600423812866,2.1605823040008545,1.811981201171875e-05,81730.4872,18.430038,3866
5150,2.158083915710449,2.1580655574798584,1.8358230590820312e-05,81752.7531,22.26589,3836
5151,2.160583972930908,2.1605658531188965,1.811981201171875e-05,81771.0599,18.306796,3842
5152,2.158080577850342,2.158062219619751,1.8358230590820312e-05,81789.6423,18.582379,3896
5153,2.160595178604126,2.1605770587921143,1.811981201171875e-05,81808.1335,18.491214,3842
5154,2.1580798625946045,2.1580615043640137,1.8358230590820312e-05,81826.8168,18.683299,3878
5155,2.160592794418335,2.1605746746063232,1.811981201171875e-05,81845.3451,18.528302,3860
5156,2.158064126968384,2.158045768737793,1.8358230590820312e-05,81863.9144,18.569277,3860
5157,2.160562038421631,2.160543918609619,1.811981201171875e-05,81882.5718,18.657357,3872
5158,2.1580326557159424,2.1580142974853516,1.8358230590820312e-05,81901.186,18.614213,3896
5159,2.160506248474121,2.1604881286621094,1.811981201171875e-05,81919.7085,18.522568,3896
5160,2.1580004692077637,2.157982110977173,1.8358230590820312e-05,81938.078,18.369453,3842
5161,2.160503625869751,2.1604855060577393,1.811981201171875e-05,81956.5231,18.445147,3866
5162,2.1580142974853516,2.1579959392547607,1.8358230590820312e-05,81975.0976,18.574422,3866
5163,2.1605348587036133,2.1605167388916016,1.811981201171875e-05,81994.3398,19.242249,3902
5164,2.158010482788086,2.157992124557495,1.8358230590820312e-05,82013.0268,18.686956,3884
5165,2.1605265140533447,2.160508394241333,1.811981201171875e-05,82032.8432,19.816398,3896
5166,2.157994270324707,2.157975912094116,1.8358230590820312e-05,82051.8474,19.00421,3890
5167,2.1604883670806885,2.1604702472686768,1.811981201171875e-05,82070.7369,18.889474,3884
5168,2.1579625606536865,2.1579442024230957,1.8358230590820312e-05,82091.1141,20.377268,3842
5169,2.1604764461517334,2.1604583263397217,1.811981201171875e-05,82112.3414,21.227249,3830
5170,2.1579604148864746,2.157942056655884,1.8358230590820312e-05,82131.2919,18.950569,3890
5171,2.1604597568511963,2.1604416370391846,1.811981201171875e-05,82149.9069,18.614923,3860
5172,2.157939910888672,2.157921552658081,1.8358230590820312e-05,82168.7712,18.864363,3908
5173,2.160432815551758,2.160414695739746,1.811981201171875e-05,82187.4002,18.628971,3848
5174,2.157923460006714,2.157905101776123,1.8358230590820312e-05,82206.2436,18.843452,3872
5175,2.1604273319244385,2.1604092121124268,1.811981201171875e-05,82225.0347,18.791067,3878
5176,2.1579155921936035,2.1578972339630127,1.8358230590820312e-05,82243.4537,18.41895,3842
5177,2.1604390144348145,2.1604208946228027,1.811981201171875e-05,82262.0117,18.558027,3872
5178,2.1579172611236572,2.1578989028930664,1.8358230590820312e-05,82280.6341,18.622394,3890
5179,2.1604163646698,2.160398244857788,1.811981201171875e-05,82299.2621,18.628059,3890
5180,2.1578781604766846,2.1578598022460938,1.8358230590820312e-05,82317.8854,18.623208,3878
5181,2.1603689193725586,2.160350799560547,1.811981201171875e-05,82336.2563,18.370934,3848
5182,2.1578547954559326,2.157836437225342,1.8358230590820312e-05,82355.484,19.227742,3902
5183,2.160349130630493,2.1603310108184814,1.811981201171875e-05,82374.2278,18.74381,3896
5184,2.1578335762023926,2.1578152179718018,1.8358230590820312e-05,82393.1386,18.910747,3890
5185,2.1603307723999023,2.1603126525878906,1.811981201171875e-05,82413.6868,20.548179,3890
5186,2.1578285694122314,2.1578102111816406,1.8358230590820312e-05,82435.4537,21.766937,3920
5187,2.1603317260742188,2.160313606262207,1.811981201171875e-05,82454.3498,18.896111,3884
5188,2.1578285694122314,2.1578102111816406,1.8358230590820312e-05,82472.8383,18.488474,3866
5189,2.160339117050171,2.160320997238159,1.811981201171875e-05,82491.4551,18.616777,3878
5190,2.157822608947754,2.157804250717163,1.8358230590820312e-05,82510.2178,18.762691,3902
5191,2.1603333950042725,2.1603152751922607,1.811981201171875e-05,82528.7783,18.560558,3914
5192,2.1578123569488525,2.1577939987182617,1.8358230590820312e-05,82547.204,18.425715,3884
5193,2.1603195667266846,2.160301446914673,1.811981201171875e-05,82565.7038,18.499819,3884
5194,2.1577906608581543,2.1577723026275635,1.8358230590820312e-05,82584.3262,18.62235,3902
5195,2.160297393798828,2.1602792739868164,1.811981201171875e-05,82602.8993,18.573087,3920
5196,2.1577751636505127,2.157756805419922,1.8358230590820312e-05,82621.4548,18.555507,3920
5197,2.1602869033813477,2.160268783569336,1.811981201171875e-05,82640.7209,19.266105,3866
5198,2.15775990486145,2.1577415466308594,1.8358230590820312e-05,82659.2763,18.555438,3878
5199,2.1602649688720703,2.1602468490600586,1.811981201171875e-05,82677.7219,18.445602,3896
5200,2.1577417850494385,2.1577236652374268,1.811981201171875e-05,82696.3483,18.626329,3938
5201,2.1602423191070557,2.160224199295044,1.811981201171875e-05,82714.6997,18.351432,3908
5202,2.1577212810516357,2.157703161239624,1.811981201171875e-05,82733.0933,18.393612,3902
5203,2.160229206085205,2.1602110862731934,1.811981201171875e-05,82751.6785,18.585175,3908
5204,2.157708168029785,2.1576900482177734,1.811981201171875e-05,82770.0484,18.369866,3872
5205,2.1602091789245605,2.160191059112549,1.811981201171875e-05,82791.6174,21.569059,3878
5206,2.1576976776123047,2.157679557800293,1.811981201171875e-05,82810.7333,19.115881,3890
5207,2.160205841064453,2.1601877212524414,1.811981201171875e-05,82829.2444,18.511129,3884
5208,2.1576926708221436,2.157674551010132,1.811981201171875e-05,82847.641,18.396569,3878
5209,2.160205364227295,2.160187244415283,1.811981201171875e-05,82866.1105,18.469484,3872
5210,2.1576735973358154,2.1576554775238037,1.811981201171875e-05,82884.7914,18.680914,3884
5211,2.160172462463379,2.1601545810699463,1.7881393432617188e-05,82903.3566,18.565246,3902
5212,2.157651662826538,2.1576335430145264,1.811981201171875e-05,82921.7063,18.349707,3890
5213,2.1601552963256836,2.160137414932251,1.7881393432617188e-05,82939.9852,18.27886,3872
5214,2.157639265060425,2.157621145248413,1.811981201171875e-05,82958.2815,18.296341,3878
5215,2.1601452827453613,2.1601274013519287,1.7881393432617188e-05,82976.7802,18.498634,3908
5216,2.1576309204101562,2.1576128005981445,1.811981201171875e-05,82995.2042,18.424052,3914
5217,2.1601412296295166,2.160123348236084,1.7881393432617188e-05,83013.5435,18.339238,3896
5218,2.1576249599456787,2.157606840133667,1.811981201171875e-05,83032.0154,18.471936,3902
5219,2.160142660140991,2.1601247787475586,1.7881393432617188e-05,83050.5963,18.58086,3938
5220,2.157615900039673,2.157597780227661,1.811981201171875e-05,83069.0317,18.435402,3920
5221,2.160123586654663,2.1601057052612305,1.7881393432617188e-05,83087.2867,18.255024,3836
5222,2.1575915813446045,2.1575734615325928,1.811981201171875e-05,83107.0588,19.77213,3860
5223,2.1600799560546875,2.160062074661255,1.7881393432617188e-05,83125.2482,18.189419,3920
5224,2.1575539112091064,2.1575357913970947,1.811981201171875e-05,83143.1729,17.924622,3878
5225,2.160041570663452,2.1600236892700195,1.7881393432617188e-05,83164.3104,21.13752,3878
5226,2.1575381755828857,2.157520055770874,1.811981201171875e-05,83184.1338,19.823379,3872
5227,2.160048484802246,2.1600306034088135,1.7881393432617188e-05,83202.7108,18.577062,3824
5228,2.15755033493042,2.157532215118408,1.811981201171875e-05,83221.6419,18.931049,3926
5229,2.160078763961792,2.1600608825683594,1.7881393432617188e-05,83240.7931,19.151211,3824
5230,2.1575520038604736,2.157533884048462,1.811981201171875e-05,83259.3761,18.582987,3884
5231,2.1600711345672607,2.160053253173828,1.7881393432617188e-05,83277.96,18.583986,3902
5232,2.157534122467041,2.1575160026550293,1.811981201171875e-05,83296.7948,18.834788,3926
5233,2.1600375175476074,2.160019636154175,1.7881393432617188e-05,83315.2382,18.443382,3920
5234,2.1575047969818115,2.1574866771698,1.811981201171875e-05,83333.5104,18.272148,3932
5235,2.1600048542022705,2.159986972808838,1.7881393432617188e-05,83351.5616,18.051201,3872
5236,2.157487630844116,2.1574695110321045,1.811981201171875e-05,83369.7694,18.207848,3914
5237,2.159992218017578,2.1599743366241455,1.7881393432617188e-05,83388.0498,18.280424,3926
5238,2.1574668884277344,2.1574487686157227,1.811981201171875e-05,83406.7651,18.715299,3956
5239,2.159964084625244,2.1599462032318115,1.7881393432617188e-05,83424.9739,18.208788,3884
5240,2.1574490070343018,2.15743088722229,1.811981201171875e-05,83443.2308,18.256906,3920
5241,2.159961700439453,2.1599438190460205,1.7881393432617188e-05,83461.4685,18.23762,3914
5242,2.157453775405884,2.157435655593872,1.811981201171875e-05,83479.7699,18.301495,3938
5243,2.1599769592285156,2.159959077835083,1.7881393432617188e-05,83497.7704,18.000442,3854
5244,2.1574525833129883,2.1574344635009766,1.811981201171875e-05,83515.9602,18.189796,3950
5245,2.1599647998809814,2.159946918487549,1.7881393432617188e-05,83535.4849,19.524734,3944
5246,2.1574275493621826,2.157409429550171,1.811981201171875e-05,83554.1131,18.628219,3902
5247,2.159923553466797,2.1599056720733643,1.7881393432617188e-05,83572.2783,18.165145,3914
5248,2.15739107131958,2.1573729515075684,1.811981201171875e-05,83590.6482,18.369909,3944
5249,2.159879684448242,2.1598618030548096,1.7881393432617188e-05,83608.8519,18.203666,3896
5250,2.1573727130889893,2.1573545932769775,1.811981201171875e-05,83627.3664,18.514491,3950
5251,2.1598877906799316,2.159869909286499,1.7881393432617188e-05,83645.7589,18.392501,3944
5252,2.1573824882507324,2.1573643684387207,1.811981201171875e-05,83664.5866,18.82771,3956
5253,2.159914016723633,2.1598961353302,1.7881393432617188e-05,83682.9114,18.324877,3902
5254,2.157390832901001,2.1573727130889893,1.811981201171875e-05,83701.292,18.380574,3914
5255,2.159909963607788,2.1598920822143555,1.7881393432617188e-05,83719.621,18.328964,3932
5256,2.157365083694458,2.1573469638824463,1.811981201171875e-05,83737.9511,18.330152,3914
5257,2.1598620414733887,2.159844160079956,1.7881393432617188e-05,83756.2916,18.340423,3920
5258,2.157323122024536,2.1573050022125244,1.811981201171875e-05,83774.4289,18.137333,3890
5259,2.159806966781616,2.1597890853881836,1.7881393432617188e-05,83792.9132,18.484266,3944
5260,2.157296657562256,2.157278537750244,1.811981201171875e-05,83811.2295,18.316333,3956
5261,2.1597986221313477,2.159780740737915,1.7881393432617188e-05,83829.6052,18.375757,3944
5262,2.1572940349578857,2.157275915145874,1.811981201171875e-05,83848.7161,19.110828,3956
5263,2.1598193645477295,2.159801483154297,1.7881393432617188e-05,83868.1653,19.449182,3920
5264,2.15730881690979,2.1572906970977783,1.811981201171875e-05,83886.4547,18.289472,3920
5265,2.1598379611968994,2.159820079803467,1.7881393432617188e-05,83904.9464,18.491675,3932
5266,2.1573023796081543,2.1572842597961426,1.811981201171875e-05,83923.2425,18.296096,3920
5267,2.1598126888275146,2.159794807434082,1.7881393432617188e-05,83941.5484,18.305906,3938
5268,2.157266855239868,2.1572487354278564,1.811981201171875e-05,83959.8289,18.280528,3902
5269,2.159759283065796,2.1597414016723633,1.7881393432617188e-05,83977.4767,17.647735,3776
5270,2.1572303771972656,2.157212257385254,1.811981201171875e-05,84001.826,24.349307,3926
5271,2.1597299575805664,2.159712076187134,1.7881393432617188e-05,84023.267,21.44108,3938
5272,2.157228469848633,2.157210350036621,1.811981201171875e-05,84042.421,19.153917,3962
5273,2.1597506999969482,2.1597328186035156,1.7881393432617188e-05,84061.5554,19.134456,3968
5274,2.157235622406006,2.157217502593994,1.811981201171875e-05,84080.2731,18.717703,3860
5275,2.1597583293914795,2.159740447998047,1.7881393432617188e-05,84099.0861,18.81293,3908
5276,2.1572179794311523,2.1571998596191406,1.811981201171875e-05,84117.7709,18.684859,3968
5277,2.159722328186035,2.1597044467926025,1.7881393432617188e-05,84135.6232,17.852279,3836
5278,2.157182455062866,2.1571643352508545,1.811981201171875e-05,84154.4068,18.783633,3920
5279,2.159680128097534,2.1596622467041016,1.7881393432617188e-05,84174.0224,19.615597,3932
5280,2.1571714878082275,2.157153367996216,1.811981201171875e-05,84194.2938,20.271395,3932
5281,2.1596977710723877,2.159679889678955,1.7881393432617188e-05,84214.0535,19.75973,3944
5282,2.1571860313415527,2.157167911529541,1.811981201171875e-05,84233.9662,19.912682,3944
5283,2.1597201824188232,2.1597023010253906,1.7881393432617188e-05,84253.0662,19.099941,3920
5284,2.157176971435547,2.157158851623535,1.811981201171875e-05,84274.1206,21.054411,3962
5285,2.1596813201904297,2.159663438796997,1.7881393432617188e-05,84295.4913,21.370728,3938
5286,2.1571388244628906,2.157120704650879,1.811981201171875e-05,84314.4166,18.925318,3938
5287,2.1596391201019287,2.159621238708496,1.7881393432617188e-05,84333.2544,18.837746,3932
5288,2.1571204662323,2.157102346420288,1.811981201171875e-05,84352.114,18.859584,3938
5289,2.159632682800293,2.1596148014068604,1.7881393432617188e-05,84370.9468,18.832861,3938
5290,2.157116174697876,2.1570980548858643,1.811981201171875e-05,84389.737,18.790174,3920
5291,2.159634828567505,2.1596169471740723,1.7881393432617188e-05,84408.4419,18.70495,3938
5292,2.1570985317230225,2.1570804119110107,1.811981201171875e-05,84427.1623,18.720354,3962
5293,2.159600257873535,2.1595823764801025,1.7881393432617188e-05,84448.4538,21.291473,3950
5294,2.157069444656372,2.1570513248443604,1.811981201171875e-05,84468.9323,20.478486,3908
5295,2.1595728397369385,2.159554958343506,1.7881393432617188e-05,84490.1312,21.198984,3878
5296,2.157050609588623,2.1570324897766113,1.811981201171875e-05,84511.1544,21.023122,3974
5297,2.1595563888549805,2.159538507461548,1.7881393432617188e-05,84531.8259,20.671563,3974
5298,2.1570467948913574,2.1570286750793457,1.811981201171875e-05,84552.2653,20.439397,3956
5299,2.1595733165740967,2.159555435180664,1.7881393432617188e-05,84573.2092,20.94389,3938
5300,2.157055377960205,2.1570372581481934,1.811981201171875e-05,84596.4031,23.19388,3932
5301,2.159569501876831,2.1595516204833984,1.7881393432617188e-05,84616.3935,19.99041,3968
5302,2.1570305824279785,2.157012462615967,1.811981201171875e-05,84636.4744,20.080907,3938
5303,2.1595327854156494,2.159514904022217,1.7881393432617188e-05,84658.0355,21.561121,3968
5304,2.157003164291382,2.15698504447937,1.811981201171875e-05,84679.502,21.46646,3914
5305,2.1595025062561035,2.159484624862671,1.7881393432617188e-05,84701.6237,22.121715,3974
5306,2.156980037689209,2.1569619178771973,1.811981201171875e-05,84723.6541,22.03037,3932
5307,2.159482479095459,2.1594645977020264,1.7881393432617188e-05,84745.9167,22.262609,3956
5308,2.1569764614105225,2.1569583415985107,1.811981201171875e-05,84768.1752,22.258533,3944
5309,2.159496307373047,2.1594784259796143,1.7881393432617188e-05,84789.9086,21.733423,3926
5310,2.1569762229919434,2.1569581031799316,1.811981201171875e-05,84811.5487,21.640088,3944
5311,2.159498453140259,2.159480571746826,1.7881393432617188e-05,84832.5683,21.019616,3902
5312,2.156968593597412,2.1569504737854004,1.811981201171875e-05,84854.7769,22.208532,3974
5313,2.159475803375244,2.1594579219818115,1.7881393432617188e-05,84876.6565,21.879646,3944
5314,2.1569411754608154,2.156923294067383,1.7881393432617188e-05,84899.8398,23.183228,3962
5315,2.159453868865967,2.159435987472534,1.7881393432617188e-05,84920.0004,20.160654,3812
5316,2.156928777694702,2.1569108963012695,1.7881393432617188e-05,84940.6768,20.676356,4016
5317,2.159444808959961,2.1594269275665283,1.7881393432617188e-05,84963.8894,23.212603,3914
5318,2.1569106578826904,2.156892776489258,1.7881393432617188e-05,84983.3258,19.436416,3932
5319,2.1594154834747314,2.159397602081299,1.7881393432617188e-05,85002.2639,18.938119,3968
5320,2.1568894386291504,2.1568715572357178,1.7881393432617188e-05,85022.3468,20.082928,3968
5321,2.1593997478485107,2.159381866455078,1.7881393432617188e-05,85042.5381,20.191223,3980
5322,2.1568825244903564,2.156864643096924,1.7881393432617188e-05,85062.2536,19.715496,3998
5323,2.1594016551971436,2.159383773803711,1.7881393432617188e-05,85081.7889,19.535384,3974
5324,2.1568827629089355,2.156864881515503,1.7881393432617188e-05,85101.1713,19.38238,3938
5325,2.159404993057251,2.1593871116638184,1.7881393432617188e-05,85120.6404,19.469063,3962
5326,2.156876564025879,2.1568586826324463,1.7881393432617188e-05,85140.0977,19.457366,3974
5327,2.1594038009643555,2.159385919570923,1.7881393432617188e-05,85159.2297,19.13196,3926
5328,2.1568593978881836,2.156841516494751,1.7881393432617188e-05,85178.8865,19.656781,4016
5329,2.1593616008758545,2.159343957901001,1.7642974853515625e-05,85198.0623,19.175781,3926
5330,2.1568233966827393,2.1568055152893066,1.7881393432617188e-05,85218.7994,20.73712,3980
5331,2.1593146324157715,2.159296989440918,1.7642974853515625e-05,85240.2821,21.482667,3986
5332,2.1567935943603516,2.156775712966919,1.7881393432617188e-05,85261.9083,21.626276,3956
5333,2.1593000888824463,2.1592824459075928,1.7642974853515625e-05,85283.2206,21.312317,3974
5334,2.1567931175231934,2.1567752361297607,1.7881393432617188e-05,85309.5362,26.315518,3956
5335,2.1593377590179443,2.159320116043091,1.7642974853515625e-05,85331.7175,22.181323,3974
5336,2.1568171977996826,2.15679931640625,1.7881393432617188e-05,85353.1796,21.462126,3962
5337,2.1593635082244873,2.159345865249634,1.7642974853515625e-05,85374.7055,21.525902,3962
5338,2.1568007469177246,2.156782865524292,1.7881393432617188e-05,85396.3425,21.637024,3968
5339,2.1592979431152344,2.159280300140381,1.7642974853515625e-05,85417.5924,21.249842,3986
5340,2.156745195388794,2.1567273139953613,1.7881393432617188e-05,85439.0969,21.504555,3974
5341,2.15922212600708,2.1592044830322266,1.7642974853515625e-05,85459.9759,20.87894,3884
5342,2.1567094326019287,2.156691551208496,1.7881393432617188e-05,85481.3915,21.415664,4004
5343,2.1592183113098145,2.159200668334961,1.7642974853515625e-05,85502.7465,21.354944,3992
5344,2.156721353530884,2.156703472137451,1.7881393432617188e-05,85523.8496,21.103112,3926
5345,2.15925669670105,2.1592390537261963,1.7642974853515625e-05,85544.684,20.834416,3956
5346,2.156738758087158,2.1567208766937256,1.7881393432617188e-05,85566.4503,21.76628,3986
5347,2.159271001815796,2.1592533588409424,1.7642974853515625e-05,85588.0087,21.558374,3938
5348,2.156724452972412,2.1567065715789795,1.7881393432617188e-05,85609.591,21.582361,3992
5349,2.159229040145874,2.1592113971710205,1.7642974853515625e-05,85631.9938,22.402791,3980
5350,2.1566858291625977,2.156667947769165,1.7881393432617188e-05,85655.9664,23.972566,3962
5351,2.1591808795928955,2.159163236618042,1.7642974853515625e-05,85680.5042,24.537791,3962
5352,2.1566500663757324,2.1566321849823,1.7881393432617188e-05,85702.2979,21.793688,3992
5353,2.159161329269409,2.1591436862945557,1.7642974853515625e-05,85723.7267,21.428861,3956
5354,2.1566593647003174,2.1566414833068848,1.7881393432617188e-05,85745.2569,21.530148,3998
5355,2.159194231033325,2.1591765880584717,1.7642974853515625e-05,85766.7238,21.466907,3962
5356,2.1566638946533203,2.1566460132598877,1.7881393432617188e-05,85788.2547,21.530968,4010
5357,2.15918231010437,2.1591646671295166,1.7642974853515625e-05,85809.4524,21.197624,3938
5358,2.156634569168091,2.156616687774658,1.7881393432617188e-05,85830.562,21.10967,3920
5359,2.159135341644287,2.1591176986694336,1.7642974853515625e-05,85851.7932,21.231208,3944
5360,2.1566004753112793,2.1565825939178467,1.7881393432617188e-05,85873.1855,21.392247,3974
5361,2.159111499786377,2.1590938568115234,1.7642974853515625e-05,85894.4127,21.22716,3968
5362,2.156602382659912,2.1565845012664795,1.7881393432617188e-05,85915.5387,21.126008,3950
5363,2.159137487411499,2.1591198444366455,1.7642974853515625e-05,85936.1127,20.574043,3920
5364,2.1566171646118164,2.156599283218384,1.7881393432617188e-05,85955.5298,19.417053,3962
5365,2.1591598987579346,2.159142255783081,1.7642974853515625e-05,85974.7991,19.269328,4016
5366,2.156606912612915,2.1565890312194824,1.7881393432617188e-05,85994.1164,19.317267,4022
5367,2.1591029167175293,2.159085273742676,1.7642974853515625e-05,86012.5258,18.40945,3836
5368,2.156548500061035,2.1565306186676025,1.7881393432617188e-05,86035.0725,22.546747,3980
5369,2.1590282917022705,2.159010648727417,1.7642974853515625e-05,86053.8473,18.774715,3962
5370,2.1565194129943848,2.156501531600952,1.7881393432617188e-05,86072.6678,18.820512,3974
5371,2.159045696258545,2.1590280532836914,1.7642974853515625e-05,86091.4772,18.809432,3986
5372,2.1565487384796143,2.1565308570861816,1.7881393432617188e-05,86109.9918,18.514575,3926
5373,2.1590960025787354,2.159078359603882,1.7642974853515625e-05,86128.8456,18.853835,3980
5374,2.1565589904785156,2.156541109085083,1.7881393432617188e-05,86147.8273,18.981641,4016
5375,2.159087896347046,2.1590702533721924,1.7642974853515625e-05,86166.7597,18.932433,4022
5376,2.1565239429473877,2.156506061553955,1.7881393432617188e-05,86185.7378,18.978142,4004
5377,2.1590120792388916,2.158994436264038,1.7642974853515625e-05,86205.0292,19.291377,4022
5378,2.15647029876709,2.1564524173736572,1.7881393432617188e-05,86223.7636,18.734374,3932
5379,2.158977746963501,2.1589601039886475,1.7642974853515625e-05,86242.8763,19.11267,4010
5380,2.15647292137146,2.1564550399780273,1.7881393432617188e-05,86261.6633,18.787016,3950
5381,2.1590144634246826,2.158996820449829,1.7642974853515625e-05,86280.6853,19.022068,4016
5382,2.1564879417419434,2.1564700603485107,1.7881393432617188e-05,86299.4642,18.778819,3956
5383,2.159013032913208,2.1589953899383545,1.7642974853515625e-05,86318.1281,18.663938,3926
5384,2.1564602851867676,2.156442403793335,1.7881393432617188e-05,86337.221,19.092907,4016
5385,2.1589670181274414,2.158949375152588,1.7642974853515625e-05,86356.0458,18.824774,3974
5386,2.156419277191162,2.1564013957977295,1.7881393432617188e-05,86374.9033,18.857491,3986
5387,2.158923864364624,2.1589062213897705,1.7642974853515625e-05,86395.7836,20.880373,3992
5388,2.1564104557037354,2.1563925743103027,1.7881393432617188e-05,86414.8763,19.092611,4028
5389,2.1589348316192627,2.158917188644409,1.7642974853515625e-05,86433.9281,19.051852,4010
5390,2.1564197540283203,2.1564018726348877,1.7881393432617188e-05,86452.9444,19.016319,3998
5391,2.158971071243286,2.1589534282684326,1.7642974853515625e-05,86471.7712,18.826748,3974
5392,2.156430721282959,2.1564128398895264,1.7881393432617188e-05,86490.9148,19.143639,4034
5393,2.158954620361328,2.1589369773864746,1.7642974853515625e-05,86509.7621,18.847328,4010
5394,2.1563899517059326,2.1563720703125,1.7881393432617188e-05,86528.6591,18.896969,3992
5395,2.1588733196258545,2.158855676651001,1.7642974853515625e-05,86547.643,18.983872,3992
5396,2.1563351154327393,2.1563172340393066,1.7881393432617188e-05,86566.4638,18.820802,3956
5397,2.158837080001831,2.1588194370269775,1.7642974853515625e-05,86585.4603,18.996534,4010
5398,2.1563351154327393,2.1563172340393066,1.7881393432617188e-05,86604.5924,19.132125,4034
5399,2.1588785648345947,2.158860921859741,1.7642974853515625e-05,86623.4296,18.83716,3986
5400,2.1563684940338135,2.156350612640381,1.7881393432617188e-05,86642.1547,18.72506,3950
5401,2.158914804458618,2.1588971614837646,1.7642974853515625e-05,86661.4107,19.256064,4058
5402,2.1563568115234375,2.156338930130005,1.7881393432617188e-05,86680.4221,19.011402,4016
5403,2.1588540077209473,2.1588363647460938,1.7642974853515625e-05,86699.3424,18.920316,3998
5404,2.156296730041504,2.1562788486480713,1.7881393432617188e-05,86718.2228,18.880365,4004
5405,2.1587815284729004,2.158763885498047,1.7642974853515625e-05,86737.1625,18.939732,4016
5406,2.1562695503234863,2.1562516689300537,1.7881393432617188e-05,86756.2279,19.065377,4004
5407,2.158798933029175,2.1587812900543213,1.7642974853515625e-05,86774.9091,18.681202,3920
5408,2.1563005447387695,2.156282663345337,1.7881393432617188e-05,86794.9298,20.02072,4034
5409,2.158855676651001,2.1588380336761475,1.7642974853515625e-05,86815.4618,20.53194,4046
5410,2.156304121017456,2.1562862396240234,1.7881393432617188e-05,86835.0367,19.57493,4004
5411,2.1588268280029297,2.158809185028076,1.7642974853515625e-05,86853.7697,18.733,3974
5412,2.1562633514404297,2.156245470046997,1.7881393432617188e-05,86872.967,19.197306,4064
5413,2.158752679824829,2.1587350368499756,1.7642974853515625e-05,86892.421,19.45398,4058
5414,2.1562180519104004,2.1562001705169678,1.7881393432617188e-05,86911.6336,19.212559,4046
5415,2.158724784851074,2.1587071418762207,1.7642974853515625e-05,86930.1962,18.562603,4004
5416,2.1562163829803467,2.156198501586914,1.7881393432617188e-05,86949.0592,18.863036,4070
5417,2.1587650775909424,2.158747434616089,1.7642974853515625e-05,86968.4061,19.346911,4028
5418,2.156240224838257,2.156222343444824,1.7881393432617188e-05,86987.1064,18.700306,3992
5419,2.1587841510772705,2.158766508102417,1.7642974853515625e-05,87005.9604,18.853982,4058
5420,2.156226873397827,2.1562089920043945,1.7881393432617188e-05,87024.8409,18.880469,4034
5421,2.1587259769439697,2.158708333969116,1.7642974853515625e-05,87043.1863,18.345437,4010
5422,2.15617299079895,2.1561551094055176,1.7881393432617188e-05,87061.8511,18.664764,4040
5423,2.1586666107177734,2.15864896774292,1.7642974853515625e-05,87080.6185,18.767428,4022
5424,2.156154155731201,2.1561362743377686,1.7881393432617188e-05,87099.4053,18.786764,4046
5425,2.158694267272949,2.1586766242980957,1.7642974853515625e-05,87119.6461,20.240801,4052
5426,2.1561787128448486,2.156160831451416,1.7881393432617188e-05,87139.803,20.156969,4016
5427,2.1587326526641846,2.158715009689331,1.7642974853515625e-05,87158.6382,18.835176,4004
5428,2.1561825275421143,2.1561646461486816,1.7881393432617188e-05,87177.3152,18.677047,3992
5429,2.1587021350860596,2.158684492111206,1.7642974853515625e-05,87196.2735,18.958285,4034
5430,2.1561331748962402,2.1561152935028076,1.7881393432617188e-05,87214.9552,18.68165,3998
5431,2.1586287021636963,2.1586110591888428,1.7642974853515625e-05,87233.7309,18.775766,4010
5432,2.1560921669006348,2.156074285507202,1.7881393432617188e-05,87252.5671,18.83616,4010
5433,2.1586084365844727,2.158590793609619,1.7642974853515625e-05,87271.2984,18.731311,4004
5434,2.1560990810394287,2.156081199645996,1.7881393432617188e-05,87290.0583,18.759926,4028
5435,2.158642292022705,2.1586246490478516,1.7642974853515625e-05,87309.0386,18.980298,4028
5436,2.1561167240142822,2.1560990810394287,1.7642974853515625e-05,87327.8197,18.781023,4028
5437,2.1586642265319824,2.158646583557129,1.7642974853515625e-05,87346.6266,18.80693,4022
5438,2.1561062335968018,2.1560885906219482,1.7642974853515625e-05,87365.4785,18.851887,4040
5439,2.1586270332336426,2.158609390258789,1.7642974853515625e-05,87384.6165,19.137984,4064
5440,2.156069278717041,2.1560516357421875,1.7642974853515625e-05,87403.5632,18.946731,4040
5441,2.158576488494873,2.1585588455200195,1.7642974853515625e-05,87422.5066,18.943429,4034
5442,2.1560399532318115,2.156022310256958,1.7642974853515625e-05,87441.7568,19.250143,4034
5443,2.158555507659912,2.1585378646850586,1.7642974853515625e-05,87460.4685,18.711699,4004
5444,2.1560330390930176,2.156015396118164,1.7642974853515625e-05,87479.3381,18.869624,4028
5445,2.1585686206817627,2.158550977706909,1.7642974853515625e-05,87498.7527,19.414575,4046
5446,2.15602707862854,2.1560094356536865,1.7642974853515625e-05,87518.4925,19.739782,4022
5447,2.158552885055542,2.1585352420806885,1.7642974853515625e-05,87537.5366,19.044141,4052
5448,2.1560120582580566,2.155994415283203,1.7642974853515625e-05,87556.5865,19.049918,4022
5449,2.1585395336151123,2.158521890640259,1.7642974853515625e-05,87575.3357,18.749148,4010
5450,2.1559970378875732,2.1559793949127197,1.7642974853515625e-05,87594.6162,19.280518,4016
5451,2.158522844314575,2.1585052013397217,1.7642974853515625e-05,87614.8343,20.218104,4082
5452,2.1559841632843018,2.1559665203094482,1.7642974853515625e-05,87633.644,18.809693,3998
5453,2.1585168838500977,2.1584994792938232,1.7404556274414062e-05,87652.5051,18.861155,4034
5454,2.1559791564941406,2.155961513519287,1.7642974853515625e-05,87671.1199,18.614743,3974
5455,2.158501386642456,2.1584839820861816,1.7404556274414062e-05,87690.1029,18.983026,4040
5456,2.155958890914917,2.1559412479400635,1.7642974853515625e-05,87708.3767,18.273841,3908
5457,2.1584789752960205,2.158461570739746,1.7404556274414062e-05,87727.2854,18.90869,4058
5458,2.155940532684326,2.1559228897094727,1.7642974853515625e-05,87746.1621,18.876705,4040
5459,2.1584622859954834,2.158444881439209,1.7404556274414062e-05,87764.9962,18.834079,3998
5460,2.1559247970581055,2.155907154083252,1.7642974853515625e-05,87783.9791,18.982841,4064
5461,2.1584582328796387,2.1584408283233643,1.7404556274414062e-05,87802.9972,19.01816,4052
5462,2.1559276580810547,2.155910015106201,1.7642974853515625e-05,87822.8454,19.848135,4064
5463,2.1584675312042236,2.158450126647949,1.7404556274414062e-05,87842.1634,19.318013,4076
5464,2.1559245586395264,2.155906915664673,1.7642974853515625e-05,87860.9497,18.786375,4028
5465,2.158463478088379,2.1584460735321045,1.7404556274414062e-05,87879.8943,18.944525,4064
5466,2.1559033393859863,2.155885696411133,1.7642974853515625e-05,87898.8638,18.96949,4070
5467,2.15842604637146,2.1584086418151855,1.7404556274414062e-05,87917.4253,18.561514,3986
5468,2.155867099761963,2.1558494567871094,1.7642974853515625e-05,87936.4378,19.012491,4082
5469,2.1583638191223145,2.15834641456604,1.7404556274414062e-05,87955.1861,18.748304,4016
5470,2.1558287143707275,2.155811071395874,1.7642974853515625e-05,87974.1075,18.921394,4070
5471,2.1583263874053955,2.158308982849121,1.7404556274414062e-05,87992.8226,18.715185,3998
5472,2.155822992324829,2.1558053493499756,1.7642974853515625e-05,88011.8124,18.989737,4052
5473,2.1583592891693115,2.158341884613037,1.7404556274414062e-05,88030.7945,18.982086,3992
5474,2.155841112136841,2.1558234691619873,1.7642974853515625e-05,88049.7744,18.979904,4040
5475,2.158381938934326,2.1583645343780518,1.7404556274414062e-05,88068.666,18.891623,4040
5476,2.155836582183838,2.1558189392089844,1.7642974853515625e-05,88087.6418,18.975815,4052
5477,2.1583681106567383,2.158350706100464,1.7404556274414062e-05,88106.6964,19.054641,4040
5478,2.1558163166046143,2.1557986736297607,1.7642974853515625e-05,88125.6252,18.92871,4034
5479,2.1583189964294434,2.158301591873169,1.7404556274414062e-05,88144.4592,18.834042,4016
5480,2.155768871307373,2.1557512283325195,1.7642974853515625e-05,88163.8028,19.343604,4106
5481,2.158273935317993,2.1582565307617188,1.7404556274414062e-05,88182.7556,18.952792,4040
5482,2.1557605266571045,2.155742883682251,1.7642974853515625e-05,88202.6146,19.858974,4106
5483,2.158311367034912,2.1582939624786377,1.7404556274414062e-05,88222.0821,19.467554,4040
5484,2.155789375305176,2.1557717323303223,1.7642974853515625e-05,88241.1763,19.094152,4070
5485,2.1583468914031982,2.158329486846924,1.7404556274414062e-05,88260.2042,19.027902,4052
5486,2.1557776927948,2.1557600498199463,1.7642974853515625e-05,88279.1231,18.918949,4058
5487,2.15828800201416,2.1582705974578857,1.7404556274414062e-05,88298.2034,19.080283,4070
5488,2.1557235717773438,2.1557059288024902,1.7642974853515625e-05,88317.2578,19.054389,4064
5489,2.158217191696167,2.1581997871398926,1.7404556274414062e-05,88336.2733,19.015529,4028
5490,2.155689001083374,2.1556713581085205,1.7642974853515625e-05,88355.4568,19.183462,4070
5491,2.158207416534424,2.1581900119781494,1.7404556274414062e-05,88374.5931,19.136317,4076
5492,2.155705690383911,2.1556880474090576,1.7642974853515625e-05,88393.8834,19.290246,4112
5493,2.158264398574829,2.1582469940185547,1.7404556274414062e-05,88412.7822,18.898877,3980
5494,2.1557323932647705,2.155714750289917,1.7642974853515625e-05,88431.9265,19.1443,4082
5495,2.1582820415496826,2.158264636993408,1.7404556274414062e-05,88451.0554,19.128861,4088
5496,2.1557044982910156,2.155686855316162,1.7642974853515625e-05,88470.7172,19.661803,4100
5497,2.1582112312316895,2.158193826675415,1.7404556274414062e-05,88489.7991,19.081925,4040
5498,2.1556556224823,2.1556379795074463,1.7642974853515625e-05,88509.0271,19.227956,4088
5499,2.15816330909729,2.1581459045410156,1.7404556274414062e-05,88528.0449,19.017854,4058
5500,2.15564227104187,2.1556246280670166,1.7642974853515625e-05,88547.5138,19.468834,4070
5501,2.158191204071045,2.1581737995147705,1.7404556274414062e-05,88567.5976,20.083804,4052
5502,2.15565824508667,2.1556406021118164,1.7642974853515625e-05,88586.9923,19.394775,4100
5503,2.158196210861206,2.1581788063049316,1.7404556274414062e-05,88606.0126,19.020224,4064
5504,2.1556358337402344,2.155618190765381,1.7642974853515625e-05,88625.0684,19.055797,4082
5505,2.158156156539917,2.1581387519836426,1.7404556274414062e-05,88644.3254,19.257009,4076
5506,2.155614137649536,2.1555964946746826,1.7642974853515625e-05,88664.2981,19.972768,4088
5507,2.158149480819702,2.1581320762634277,1.7404556274414062e-05,88683.5304,19.232249,4028
5508,2.1556100845336914,2.155592441558838,1.7642974853515625e-05,88702.9722,19.441858,4088
5509,2.1581363677978516,2.158118963241577,1.7404556274414062e-05,88722.0547,19.082439,4040
5510,2.155585527420044,2.1555678844451904,1.7642974853515625e-05,88740.9811,18.926408,4052
5511,2.1581027507781982,2.158085346221924,1.7404556274414062e-05,88760.0644,19.08327,4028
5512,2.155567169189453,2.1555495262145996,1.7642974853515625e-05,88779.477,19.41266,4112
5513,2.1580862998962402,2.158068895339966,1.7404556274414062e-05,88798.668,19.191002,4016
5514,2.1555542945861816,2.155536651611328,1.7642974853515625e-05,88817.8804,19.212419,4130
5515,2.1580822467803955,2.158064842224121,1.7404556274414062e-05,88837.1108,19.230409,4076
5516,2.1555464267730713,2.1555287837982178,1.7642974853515625e-05,88856.088,18.977117,4016
5517,2.1580965518951416,2.158079147338867,1.7404556274414062e-05,88875.3018,19.213854,4064
5518,2.1555557250976562,2.1555380821228027,1.7642974853515625e-05,88894.8459,19.544088,4088
5519,2.1580796241760254,2.158062219619751,1.7404556274414062e-05,88914.9268,20.080858,4100
5520,2.1555235385894775,2.155505895614624,1.7642974853515625e-05,88934.2018,19.275025,4112
5521,2.158043384552002,2.1580259799957275,1.7404556274414062e-05,88953.1935,18.991694,4040
5522,2.1555066108703613,2.155488967895508,1.7642974853515625e-05,88972.3533,19.159798,4094
5523,2.158043146133423,2.1580257415771484,1.7404556274414062e-05,88991.5263,19.172989,4076
5524,2.1554975509643555,2.155479907989502,1.7642974853515625e-05,89010.9341,19.407829,4112
5525,2.158029079437256,2.1580116748809814,1.7404556274414062e-05,89029.761,18.826863,4016
5526,2.1554903984069824,2.155472755432129,1.7642974853515625e-05,89049.084,19.323017,4118
5527,2.1580231189727783,2.158005714416504,1.7404556274414062e-05,89068.1938,19.1098,4064
5528,2.1554758548736572,2.1554582118988037,1.7642974853515625e-05,89087.4234,19.229585,4070
5529,2.1580159664154053,2.157998561859131,1.7404556274414062e-05,89106.4945,19.071178,4070
5530,2.1554617881774902,2.1554441452026367,1.7642974853515625e-05,89125.8602,19.365637,4106
5531,2.1579837799072266,2.157966375350952,1.7404556274414062e-05,89145.07,19.209837,4088
5532,2.1554341316223145,2.155416488647461,1.7642974853515625e-05,89164.2864,19.216383,4082
5533,2.1579487323760986,2.157931327819824,1.7404556274414062e-05,89183.6562,19.369822,4100
5534,2.155414581298828,2.1553969383239746,1.7642974853515625e-05,89202.8705,19.214238,4106
5535,2.1579511165618896,2.1579337120056152,1.7404556274414062e-05,89221.6805,18.810024,4034
5536,2.155421257019043,2.1554036140441895,1.7642974853515625e-05,89241.115,19.43448,4094
5537,2.157966375350952,2.1579489707946777,1.7404556274414062e-05,89260.2839,19.168889,4088
5538,2.1554136276245117,2.155395984649658,1.7642974853515625e-05,89280.0532,19.769377,4058
5539,2.1579370498657227,2.1579196453094482,1.7404556274414062e-05,89299.8784,19.825187,4112
5540,2.155379295349121,2.1553616523742676,1.7642974853515625e-05,89319.0449,19.166467,4076
5541,2.1578917503356934,2.157874345779419,1.7404556274414062e-05,89338.3662,19.321293,4130
5542,2.155350923538208,2.1553332805633545,1.7642974853515625e-05,89357.5025,19.136367,4082
5543,2.1578774452209473,2.157860040664673,1.7404556274414062e-05,89376.7021,19.19954,4070
5544,2.15535044670105,2.1553328037261963,1.7642974853515625e-05,89396.1065,19.404454,4124
5545,2.1579017639160156,2.157884359359741,1.7404556274414062e-05,89415.3383,19.231733,4118
5546,2.155357837677002,2.1553401947021484,1.7642974853515625e-05,89434.7426,19.404368,4112
5547,2.15789794921875,2.1578805446624756,1.7404556274414062e-05,89453.7756,19.032986,4052
5548,2.155341386795044,2.1553237438201904,1.7642974853515625e-05,89473.0815,19.305926,4094
5549,2.157863140106201,2.1578457355499268,1.7404556274414062e-05,89492.2738,19.192273,4070
5550,2.1553125381469727,2.155294895172119,1.7642974853515625e-05,89511.4189,19.145076,4082
5551,2.1578285694122314,2.157811164855957,1.7404556274414062e-05,89530.4138,18.994932,4046
5552,2.1552963256835938,2.1552786827087402,1.7642974853515625e-05,89549.7651,19.351256,4124
5553,2.1578314304351807,2.1578140258789062,1.7404556274414062e-05,89569.2299,19.464839,4142
5554,2.1552934646606445,2.155275821685791,1.7642974853515625e-05,89588.6013,19.371383,4118
5555,2.1578376293182373,2.157820224761963,1.7404556274414062e-05,89608.0068,19.405454,4124
5556,2.1552906036376953,2.155272960662842,1.7642974853515625e-05,89627.6545,19.647728,4124
5557,2.1578385829925537,2.1578211784362793,1.7404556274414062e-05,89646.9348,19.280293,4106
5558,2.155277967453003,2.1552603244781494,1.7642974853515625e-05,89667.4729,20.538124,4094
5559,2.1578052043914795,2.157787799835205,1.7404556274414062e-05,89686.9834,19.510493,4136
5560,2.155247926712036,2.1552302837371826,1.7642974853515625e-05,89706.3536,19.370221,4112
5561,2.157770872116089,2.1577534675598145,1.7404556274414062e-05,89725.7397,19.386074,4088
5562,2.155226707458496,2.1552093029022217,1.7404556274414062e-05,89745.0756,19.335899,4118
5563,2.157754421234131,2.1577370166778564,1.7404556274414062e-05,89764.4226,19.347008,4070
5564,2.1552183628082275,2.155200958251953,1.7404556274414062e-05,89783.6714,19.248782,4082
5565,2.157755136489868,2.1577377319335938,1.7404556274414062e-05,89802.8582,19.186829,4088
5566,2.1552088260650635,2.155191421508789,1.7404556274414062e-05,89822.2926,19.434411,4124
5567,2.157752752304077,2.1577353477478027,1.7404556274414062e-05,89842.1091,19.816497,4082
5568,2.155205726623535,2.1551883220672607,1.7404556274414062e-05,89861.4268,19.317714,4100
5569,2.1577463150024414,2.157728910446167,1.7404556274414062e-05,89880.7444,19.317601,4082
5570,2.1551923751831055,2.155174970626831,1.7404556274414062e-05,89899.7757,19.031266,4100
5571,2.1577248573303223,2.157707452774048,1.7404556274414062e-05,89919.1294,19.353674,4100
5572,2.1551740169525146,2.1551566123962402,1.7404556274414062e-05,89938.3904,19.260986,4094
5573,2.157700777053833,2.1576833724975586,1.7404556274414062e-05,89957.4688,19.078403,4082
5574,2.15515398979187,2.1551365852355957,1.7404556274414062e-05,89977.3145,19.845701,4154
5575,2.1576778888702393,2.157660484313965,1.7404556274414062e-05,89997.2584,19.943944,4034
5576,2.1551320552825928,2.1551146507263184,1.7404556274414062e-05,90016.6047,19.346297,4142
5577,2.1576547622680664,2.157637357711792,1.7404556274414062e-05,90035.8403,19.235593,4112
5578,2.155125617980957,2.1551082134246826,1.7404556274414062e-05,90055.0812,19.240949,4136
5579,2.157663106918335,2.1576457023620605,1.7404556274414062e-05,90074.0961,19.014803,4070
5580,2.1551265716552734,2.155109167098999,1.7404556274414062e-05,90093.6261,19.530066,4136
5581,2.1576783657073975,2.157660961151123,1.7404556274414062e-05,90112.8585,19.232357,4124
5582,2.155123233795166,2.1551058292388916,1.7404556274414062e-05,90131.8308,18.972351,4040
5583,2.157667398452759,2.1576499938964844,1.7404556274414062e-05,90150.9987,19.167844,4112
5584,2.1551036834716797,2.1550862789154053,1.7404556274414062e-05,90170.2659,19.267203,4130
5585,2.15763258934021,2.1576154232025146,1.71661376953125e-05,90189.4659,19.200016,4112
5586,2.1550724506378174,2.155055046081543,1.7404556274414062e-05,90208.8997,19.433808,4112
5587,2.157581090927124,2.1575639247894287,1.71661376953125e-05,90228.1587,19.259046,4112
5588,2.1550445556640625,2.155027151107788,1.7404556274414062e-05,90247.2388,19.080035,4082
5589,2.157566785812378,2.1575496196746826,1.71661376953125e-05,90266.6499,19.411136,4142
5590,2.155036211013794,2.1550188064575195,1.7404556274414062e-05,90285.706,19.056092,4082
5591,2.1575865745544434,2.157569408416748,1.71661376953125e-05,90304.6129,18.90686,4034
5592,2.1550498008728027,2.1550323963165283,1.7404556274414062e-05,90324.0874,19.474487,4160
5593,2.1576061248779297,2.1575889587402344,1.71661376953125e-05,90343.2439,19.156527,4094
5594,2.1550464630126953,2.155029058456421,1.7404556274414062e-05,90363.1032,19.859336,4130
5595,2.1575794219970703,2.157562255859375,1.71661376953125e-05,90383.2201,20.116888,4124
5596,2.155014991760254,2.1549975872039795,1.7404556274414062e-05,90402.2782,19.058097,4082
5597,2.1575279235839844,2.157510757446289,1.71661376953125e-05,90421.7852,19.506996,4148
5598,2.1549720764160156,2.154954671859741,1.7404556274414062e-05,90441.2794,19.494201,4142
5599,2.1574831008911133,2.157465934753418,1.71661376953125e-05,90460.686,19.406614,4136
5600,2.1549551486968994,2.154937744140625,1.7404556274414062e-05,90479.9519,19.26587,4118
5601,2.1575021743774414,2.157485008239746,1.71661376953125e-05,90499.2061,19.254181,4094
5602,2.1549813747406006,2.154963970184326,1.7404556274414062e-05,90518.4754,19.269334,4094
5603,2.157553195953369,2.157536029815674,1.71661376953125e-05,90537.5452,19.069834,4058
5604,2.15499210357666,2.1549746990203857,1.7404556274414062e-05,90556.5856,19.040376,4052
5605,2.1575374603271484,2.157520294189453,1.71661376953125e-05,90575.8556,19.269985,4112
5606,2.15495228767395,2.154934883117676,1.7404556274414062e-05,90595.1515,19.295896,4124
5607,2.1574699878692627,2.1574528217315674,1.71661376953125e-05,90614.5602,19.408674,4148
5608,2.1549155712127686,2.154898166656494,1.7404556274414062e-05,90633.949,19.388806,4154
5609,2.157439947128296,2.1574227809906006,1.71661376953125e-05,90653.3065,19.357561,4142
5610,2.154895305633545,2.1548779010772705,1.7404556274414062e-05,90672.6504,19.343867,4136
5611,2.1574289798736572,2.157411813735962,1.71661376953125e-05,90692.5432,19.892818,4148
5612,2.154895305633545,2.1548779010772705,1.7404556274414062e-05,90712.803,20.25982,4124
5613,2.1574530601501465,2.157435894012451,1.71661376953125e-05,90732.1652,19.362187,4112
5614,2.154907703399658,2.154890298843384,1.7404556274414062e-05,90751.6765,19.511247,4130
5615,2.157460927963257,2.1574437618255615,1.71661376953125e-05,90771.1888,19.512311,4172
5616,2.1548969745635986,2.154879570007324,1.7404556274414062e-05,90790.4845,19.295768,4118
5617,2.157431125640869,2.157413959503174,1.71661376953125e-05,90809.9645,19.479972,4136
5618,2.1548635959625244,2.15484619140625,1.7404556274414062e-05,90829.4064,19.441891,4148
5619,2.157381534576416,2.1573643684387207,1.71661376953125e-05,90848.6317,19.225339,4082
5620,2.1548361778259277,2.1548187732696533,1.7404556274414062e-05,90868.2209,19.589155,4178
5621,2.1573681831359863,2.157351016998291,1.71661376953125e-05,90887.4433,19.222413,4160
5622,2.154834270477295,2.1548168659210205,1.7404556274414062e-05,90906.9934,19.550067,4160
5623,2.1573853492736816,2.1573681831359863,1.71661376953125e-05,90926.1302,19.136805,4082
5624,2.1548352241516113,2.154817819595337,1.7404556274414062e-05,90945.6779,19.547725,4130
5625,2.157378911972046,2.1573617458343506,1.71661376953125e-05,90964.8247,19.146802,4076
5626,2.154818058013916,2.1548006534576416,1.7404556274414062e-05,90984.3907,19.566009,4178
5627,2.157346248626709,2.1573290824890137,1.71661376953125e-05,91003.7301,19.339415,4142
5628,2.154780387878418,2.1547629833221436,1.7404556274414062e-05,91023.1876,19.457496,4166
5629,2.1572976112365723,2.157280445098877,1.71661376953125e-05,91043.0015,19.813829,4124
5630,2.154768228530884,2.1547508239746094,1.7404556274414062e-05,91063.394,20.392542,4190
5631,2.1573147773742676,2.1572976112365723,1.71661376953125e-05,91083.2685,19.874514,4112
5632,2.154783010482788,2.1547656059265137,1.7404556274414062e-05,91102.4917,19.223152,4100
5633,2.157341957092285,2.15732479095459,1.71661376953125e-05,91121.8804,19.388685,4142
5634,2.1547811031341553,2.154763698577881,1.7404556274414062e-05,91141.3731,19.492763,4166
5635,2.157320022583008,2.1573028564453125,1.71661376953125e-05,91160.711,19.337865,4118
5636,2.1547420024871826,2.154724597930908,1.7404556274414062e-05,91180.106,19.395025,4136
5637,2.157255172729492,2.157238006591797,1.71661376953125e-05,91200.5099,20.403916,4058
5638,2.154707431793213,2.1546900272369385,1.7404556274414062e-05,91220.0636,19.553634,4160
5639,2.1572377681732178,2.1572206020355225,1.71661376953125e-05,91239.2246,19.161066,4154
5640,2.154703378677368,2.1546859741210938,1.7404556274414062e-05,91258.5007,19.276074,4166
5641,2.157255172729492,2.157238006591797,1.71661376953125e-05,91278.0003,19.499557,4154
5642,2.154707193374634,2.1546897888183594,1.7404556274414062e-05,91297.4449,19.444639,4166
5643,2.157252073287964,2.1572349071502686,1.71661376953125e-05,91316.7417,19.296853,4136
5644,2.1546974182128906,2.154680013656616,1.7404556274414062e-05,91336.1179,19.376108,4172
5645,2.157241106033325,2.15722393989563,1.71661376953125e-05,91355.3448,19.22692,4148
5646,2.154679298400879,2.1546618938446045,1.7404556274414062e-05,91374.5353,19.19054,4178
5647,2.1572105884552,2.157193422317505,1.71661376953125e-05,91393.5975,19.062138,4106
5648,2.1546521186828613,2.154634714126587,1.7404556274414062e-05,91412.9384,19.340969,4154
5649,2.1571853160858154,2.15716814994812,1.71661376953125e-05,91432.0698,19.131335,4112
5650,2.1546361446380615,2.154618740081787,1.7404556274414062e-05,91452.011,19.941234,4166
5651,2.1571712493896484,2.157154083251953,1.71661376953125e-05,91472.0272,20.016169,4148
5652,2.15462589263916,2.1546084880828857,1.7404556274414062e-05,91491.4711,19.443967,4142
5653,2.1571638584136963,2.157146692276001,1.71661376953125e-05,91510.832,19.360838,4148
5654,2.1546337604522705,2.154616355895996,1.7404556274414062e-05,91530.4691,19.63716,4184
5655,2.157214403152466,2.1571972370147705,1.71661376953125e-05,91549.5623,19.093168,4094
5656,2.1546530723571777,2.1546356678009033,1.7404556274414062e-05,91569.1019,19.539624,4178
5657,2.1572089195251465,2.157191753387451,1.71661376953125e-05,91588.3137,19.211757,4100
5658,2.1546010971069336,2.154583692550659,1.7404556274414062e-05,91607.7939,19.480265,4184
5659,2.1570894718170166,2.1570723056793213,1.71661376953125e-05,91626.9228,19.12891,4100
5660,2.1545369625091553,2.154519557952881,1.7404556274414062e-05,91646.6638,19.740933,4178
5661,2.1570518016815186,2.1570346355438232,1.71661376953125e-05,91665.8981,19.234324,4094
5662,2.1545419692993164,2.154524564743042,1.7404556274414062e-05,91685.2888,19.390732,4178
5663,2.1571037769317627,2.1570866107940674,1.71661376953125e-05,91704.7278,19.438974,4112
5664,2.154571533203125,2.1545541286468506,1.7404556274414062e-05,91724.1577,19.429856,4160
5665,2.157134771347046,2.1571176052093506,1.71661376953125e-05,91742.9626,18.804955,4010
5666,2.154561758041382,2.1545443534851074,1.7404556274414062e-05,91762.4943,19.531669,4196
5667,2.1570847034454346,2.1570675373077393,1.71661376953125e-05,91782.7764,20.282114,4148
5668,2.1545162200927734,2.154498815536499,1.7404556274414062e-05,91802.6115,19.835113,4178
5669,2.157028913497925,2.1570117473602295,1.71661376953125e-05,91822.0174,19.405865,4178
5670,2.154486656188965,2.1544692516326904,1.7404556274414062e-05,91841.4938,19.476447,4172
5671,2.1570215225219727,2.1570043563842773,1.71661376953125e-05,91860.7557,19.261884,4106
5672,2.15450119972229,2.1544837951660156,1.7404556274414062e-05,91880.1876,19.431839,4190
5673,2.1570651531219482,2.157047986984253,1.71661376953125e-05,91899.6251,19.437584,4148
5674,2.154512643814087,2.1544952392578125,1.7404556274414062e-05,91919.2296,19.604437,4190
5675,2.15706205368042,2.1570448875427246,1.71661376953125e-05,91938.6521,19.422487,4172
5676,2.154489755630493,2.1544723510742188,1.7404556274414062e-05,91958.2947,19.642634,4190
5677,2.15701961517334,2.1570024490356445,1.71661376953125e-05,91977.7629,19.468191,4160
5678,2.154451370239258,2.1544339656829834,1.7404556274414062e-05,91997.1549,19.391972,4178
5679,2.1569769382476807,2.1569597721099854,1.71661376953125e-05,92016.5581,19.403211,4124
5680,2.1544389724731445,2.15442156791687,1.7404556274414062e-05,92035.9529,19.394875,4148
5681,2.1569879055023193,2.156970739364624,1.71661376953125e-05,92055.13,19.177025,4112
5682,2.1544406414031982,2.154423236846924,1.7404556274414062e-05,92075.0082,19.878228,4208
5683,2.1569905281066895,2.156973361968994,1.71661376953125e-05,92094.7207,19.712453,4148
5684,2.154428482055664,2.1544110774993896,1.7404556274414062e-05,92114.2596,19.538925,4172
5685,2.156973361968994,2.156956195831299,1.71661376953125e-05,92133.627,19.367414,4130
5686,2.1544177532196045,2.15440034866333,1.7404556274414062e-05,92153.5132,19.886194,4184
5687,2.156961441040039,2.1569442749023438,1.71661376953125e-05,92173.8094,20.296217,4190
5688,2.1544008255004883,2.154383420944214,1.7404556274414062e-05,92193.3191,19.509744,4160
5689,2.15694260597229,2.1569254398345947,1.71661376953125e-05,92212.7552,19.436087,4178
5690,2.154376983642578,2.1543595790863037,1.7404556274414062e-05,92232.4861,19.73087,4130
5691,2.156899929046631,2.1568827629089355,1.71661376953125e-05,92252.2434,19.757302,4196
5692,2.154351234436035,2.1543338298797607,1.7404556274414062e-05,92271.8486,19.605196,4190
5693,2.156877279281616,2.156860113143921,1.71661376953125e-05,92291.2885,19.439945,4148
5694,2.154344081878662,2.1543266773223877,1.7404556274414062e-05,92310.2546,18.966009,4028
5695,2.15690016746521,2.1568830013275146,1.71661376953125e-05,92329.8628,19.608283,4202
5696,2.1543617248535156,2.154344320297241,1.7404556274414062e-05,92349.3682,19.505393,4154
5697,2.156916379928589,2.1568992137908936,1.71661376953125e-05,92368.8064,19.438151,4130
5698,2.1543335914611816,2.1543164253234863,1.71661376953125e-05,92388.4789,19.672553,4196
5699,2.1568472385406494,2.156830072402954,1.71661376953125e-05,92407.956,19.477113,4172
5700,2.154290199279785,2.15427303314209,1.71661376953125e-05,92427.4614,19.505394,4148
5701,2.1568233966827393,2.156806230545044,1.71661376953125e-05,92446.7866,19.325114,4118
5702,2.154292345046997,2.1542751789093018,1.71661376953125e-05,92466.3141,19.527595,4190
5703,2.1568543910980225,2.156837224960327,1.71661376953125e-05,92486.0638,19.749629,4202
5704,2.154310464859009,2.1542932987213135,1.71661376953125e-05,92505.5491,19.485327,4172
5705,2.1568827629089355,2.1568655967712402,1.71661376953125e-05,92525.0595,19.510378,4196
5706,2.1542985439300537,2.1542813777923584,1.71661376953125e-05,92545.7577,20.698214,4214
5707,2.156825304031372,2.1568081378936768,1.71661376953125e-05,92565.3561,19.598398,4136
5708,2.154249906539917,2.1542327404022217,1.71661376953125e-05,92584.9601,19.603988,4196
5709,2.1567695140838623,2.156752347946167,1.71661376953125e-05,92604.6317,19.671651,4202
5710,2.1542303562164307,2.1542131900787354,1.71661376953125e-05,92624.3536,19.721839,4190
5711,2.1567821502685547,2.1567649841308594,1.71661376953125e-05,92643.9624,19.608819,4202
5712,2.154242515563965,2.1542253494262695,1.71661376953125e-05,92663.5867,19.624335,4226
5713,2.1568000316619873,2.156782865524292,1.71661376953125e-05,92682.9063,19.319554,4160
5714,2.1542298793792725,2.154212713241577,1.71661376953125e-05,92702.3824,19.476093,4202
5715,2.156761884689331,2.1567447185516357,1.71661376953125e-05,92721.9744,19.592047,4190
5716,2.154198408126831,2.1541812419891357,1.71661376953125e-05,92741.6792,19.70475,4202
5717,2.156721591949463,2.1567044258117676,1.71661376953125e-05,92760.7239,19.044761,4064
5718,2.1541736125946045,2.154156446456909,1.71661376953125e-05,92780.7261,20.00216,4220
5719,2.1567137241363525,2.1566965579986572,1.71661376953125e-05,92800.4121,19.685987,4118
5720,2.1541755199432373,2.154158353805542,1.71661376953125e-05,92820.3034,19.891285,4208
5721,2.1567349433898926,2.1567177772521973,1.71661376953125e-05,92840.3383,20.034976,4166
5722,2.154181957244873,2.1541647911071777,1.71661376953125e-05,92860.6703,20.331971,4148
5723,2.1567490100860596,2.1567318439483643,1.71661376953125e-05,92880.7875,20.117164,4190
5724,2.1541800498962402,2.154162883758545,1.71661376953125e-05,92900.3271,19.539648,4154
5725,2.1567461490631104,2.156729221343994,1.6927719116210938e-05,92919.9712,19.644082,4196
5726,2.154165029525757,2.1541478633880615,1.71661376953125e-05,92939.6033,19.632048,4184
5727,2.1567132472991943,2.156696319580078,1.6927719116210938e-05,92959.151,19.547752,4172
5728,2.1541404724121094,2.154123306274414,1.71661376953125e-05,92978.8554,19.704383,4190
5729,2.1566696166992188,2.1566526889801025,1.6927719116210938e-05,92998.5305,19.675146,4178
5730,2.1541028022766113,2.154085636138916,1.71661376953125e-05,93018.2648,19.734294,4220
5731,2.1566312313079834,2.156614303588867,1.6927719116210938e-05,93038.0038,19.739023,4220
5732,2.1540920734405518,2.1540749073028564,1.71661376953125e-05,93057.6923,19.688458,4190
5733,2.1566524505615234,2.1566355228424072,1.6927719116210938e-05,93077.2373,19.545011,4178
5734,2.1541049480438232,2.154087781906128,1.71661376953125e-05,93097.2218,19.984528,4244
5735,2.156665563583374,2.156648635864258,1.6927719116210938e-05,93116.7148,19.492936,4154
5736,2.1540896892547607,2.1540725231170654,1.71661376953125e-05,93136.416,19.701182,4226
5737,2.156620979309082,2.156604051589966,1.6927719116210938e-05,93156.0019,19.585946,4190
5738,2.1540517807006836,2.1540346145629883,1.71661376953125e-05,93175.6559,19.653943,4208
5739,2.1565816402435303,2.156564712524414,1.6927719116210938e-05,93195.1348,19.478993,4166
5740,2.1540403366088867,2.1540231704711914,1.71661376953125e-05,93214.9056,19.770783,4190
5741,2.156601905822754,2.1565849781036377,1.6927719116210938e-05,93234.82,19.914373,4142
5742,2.1540534496307373,2.154036283493042,1.71661376953125e-05,93255.308,20.487991,4220
5743,2.1566169261932373,2.156599998474121,1.6927719116210938e-05,93275.0399,19.731891,4190
5744,2.1540448665618896,2.1540277004241943,1.71661376953125e-05,93294.7798,19.739929,4214
5745,2.1565921306610107,2.1565752029418945,1.6927719116210938e-05,93314.5999,19.820126,4226
5746,2.154017210006714,2.1540000438690186,1.71661376953125e-05,93334.2136,19.61364,4172
5747,2.1565568447113037,2.1565399169921875,1.6927719116210938e-05,93353.707,19.493432,4214
5748,2.153988838195801,2.1539716720581055,1.71661376953125e-05,93373.4315,19.724444,4202
5749,2.1565160751342773,2.156499147415161,1.6927719116210938e-05,93393.181,19.749554,4196
5750,2.1539645195007324,2.153947353363037,1.71661376953125e-05,93412.8723,19.691244,4202
5751,2.1565141677856445,2.1564972400665283,1.6927719116210938e-05,93432.5282,19.655908,4160
5752,2.153975248336792,2.1539580821990967,1.71661376953125e-05,93452.2945,19.766313,4232
5753,2.156548500061035,2.156531572341919,1.6927719116210938e-05,93471.9406,19.646107,4202
5754,2.153984785079956,2.1539676189422607,1.71661376953125e-05,93491.8385,19.897946,4250
5755,2.156548023223877,2.1565310955047607,1.6927719116210938e-05,93511.4799,19.641421,4172
5756,2.153958797454834,2.1539416313171387,1.71661376953125e-05,93531.1969,19.716958,4214
5757,2.156489133834839,2.1564722061157227,1.6927719116210938e-05,93550.5898,19.392847,4130
5758,2.153918743133545,2.1539015769958496,1.71661376953125e-05,93570.493,19.903247,4232
5759,2.156440496444702,2.156423568725586,1.6927719116210938e-05,93590.0506,19.557552,4160
5760,2.1538918018341064,2.153874635696411,1.71661376953125e-05,93609.8519,19.801324,4226
5761,2.156437397003174,2.1564204692840576,1.6927719116210938e-05,93630.4165,20.564642,4202
5762,2.1539041996002197,2.1538870334625244,1.71661376953125e-05,93650.4522,20.035723,4202
5763,2.1564793586730957,2.1564624309539795,1.6927719116210938e-05,93670.1391,19.686853,4220
5764,2.1539223194122314,2.153905153274536,1.71661376953125e-05,93689.8936,19.754556,4184
5765,2.156496047973633,2.1564791202545166,1.6927719116210938e-05,93709.7473,19.853609,4250
5766,2.1539056301116943,2.153888463973999,1.71661376953125e-05,93729.2977,19.550421,4202
5767,2.156442165374756,2.1564252376556396,1.6927719116210938e-05,93748.9199,19.622225,4190
5768,2.153857707977295,2.1538405418395996,1.71661376953125e-05,93768.6275,19.7076,4232
5769,2.156381607055664,2.156364679336548,1.6927719116210938e-05,93787.9538,19.326314,4148
5770,2.1538398265838623,2.153822660446167,1.71661376953125e-05,93807.7393,19.785448,4214
5771,2.1563937664031982,2.156376838684082,1.6927719116210938e-05,93827.6275,19.888202,4250
5772,2.153860092163086,2.1538429260253906,1.71661376953125e-05,93847.2698,19.642338,4190
5773,2.1564464569091797,2.1564295291900635,1.6927719116210938e-05,93866.9874,19.7176,4238
5774,2.153872489929199,2.153855323791504,1.71661376953125e-05,93886.7106,19.723224,4214
5775,2.1564407348632812,2.156423807144165,1.6927719116210938e-05,93906.4333,19.72271,4214
5776,2.153837203979492,2.153820037841797,1.71661376953125e-05,93926.1034,19.670013,4196
5777,2.1563775539398193,2.156360626220703,1.6927719116210938e-05,93946.2533,20.149897,4196
5778,2.1537930965423584,2.153775930404663,1.71661376953125e-05,93966.8705,20.617278,4244
5779,2.15631365776062,2.156296730041504,1.6927719116210938e-05,93986.6564,19.785852,4208
5780,2.1537647247314453,2.15374755859375,1.71661376953125e-05,94006.4167,19.760291,4220
5781,2.156312942504883,2.1562960147857666,1.6927719116210938e-05,94026.3214,19.904728,4238
5782,2.153780221939087,2.1537630558013916,1.71661376953125e-05,94047.3566,21.035199,4130
5783,2.156350612640381,2.1563336849212646,1.6927719116210938e-05,94069.8086,22.452037,4208
5784,2.15378737449646,2.1537702083587646,1.71661376953125e-05,94092.6126,22.803997,4196
5785,2.1563615798950195,2.1563446521759033,1.6927719116210938e-05,94113.992,21.379413,4202
5786,2.1537723541259766,2.1537551879882812,1.71661376953125e-05,94135.7339,21.741892,4178
5787,2.1563148498535156,2.1562979221343994,1.6927719116210938e-05,94157.0483,21.31438,4208
5788,2.1537346839904785,2.153717517852783,1.71661376953125e-05,94178.6969,21.648572,4244
5789,2.156266927719116,2.15625,1.6927719116210938e-05,94200.6175,21.920589,4244
5790,2.1537094116210938,2.1536922454833984,1.71661376953125e-05,94222.3006,21.683113,4256
5791,2.156249761581421,2.1562328338623047,1.6927719116210938e-05,94243.2945,20.993928,4148
5792,2.153712034225464,2.1536948680877686,1.71661376953125e-05,94263.9487,20.654182,4130
5793,2.1562886238098145,2.1562716960906982,1.6927719116210938e-05,94295.7726,31.823928,4154
5794,2.1537232398986816,2.1537060737609863,1.71661376953125e-05,94319.3075,23.534896,4238
5795,2.156287670135498,2.156270742416382,1.6927719116210938e-05,94341.1793,21.871731,4244
5796,2.153700351715088,2.1536831855773926,1.71661376953125e-05,94364.797,23.617731,4226
5797,2.156247138977051,2.1562302112579346,1.6927719116210938e-05,94387.1344,22.337419,4244
5798,2.153670072555542,2.1536529064178467,1.71661376953125e-05,94408.9813,21.846927,4274
5799,2.1562042236328125,2.1561872959136963,1.6927719116210938e-05,94434.9465,25.96518,4250
5800,2.153642416000366,2.153625249862671,1.71661376953125e-05,94462.2154,27.268871,4196
5801,2.1562047004699707,2.1561877727508545,1.6927719116210938e-05,94484.7461,22.530703,4220
5802,2.1536669731140137,2.1536498069763184,1.71661376953125e-05,94508.166,23.41989,4232
5803,2.156250476837158,2.156233549118042,1.6927719116210938e-05,94531.6181,23.452144,4220
5804,2.1536660194396973,2.153648853302002,1.71661376953125e-05,94554.1722,22.554075,4256
5805,2.156223773956299,2.1562068462371826,1.6927719116210938e-05,94581.5954,27.423161,4244
5806,2.153625965118408,2.153608798980713,1.71661376953125e-05,94602.2694,20.674065,4244
5807,2.156156301498413,2.156139373779297,1.6927719116210938e-05,94624.0077,21.738287,4244
5808,2.1535868644714355,2.1535696983337402,1.71661376953125e-05,94646.1777,22.169999,4256
5809,2.156120777130127,2.1561038494110107,1.6927719116210938e-05,94667.9262,21.748484,4238
5810,2.1535725593566895,2.153555393218994,1.71661376953125e-05,94691.73,23.803795,4226
5811,2.1561343669891357,2.1561174392700195,1.6927719116210938e-05,94720.6168,28.886849,4124
5812,2.153592824935913,2.1535756587982178,1.71661376953125e-05,94747.1373,26.520493,4196
5813,2.156189203262329,2.156172275543213,1.6927719116210938e-05,94771.3438,24.206421,4208
5814,2.1536123752593994,2.153595209121704,1.71661376953125e-05,94795.3368,23.993034,4190
5815,2.1561965942382812,2.156179666519165,1.6927719116210938e-05,94817.6034,22.266618,4214
5816,2.153588056564331,2.1535708904266357,1.71661376953125e-05,94840.7397,23.136333,4262
5817,2.1561286449432373,2.156111717224121,1.6927719116210938e-05,94866.2969,25.557139,4208
5818,2.1535327434539795,2.153515577316284,1.71661376953125e-05,94892.757,26.460075,4280
5819,2.156054973602295,2.1560380458831787,1.6927719116210938e-05,94917.3805,24.623575,4214
5820,2.153496026992798,2.1534788608551025,1.71661376953125e-05,94940.8137,23.43316,4256
5821,2.1560349464416504,2.156018018722534,1.6927719116210938e-05,94968.6738,27.860066,4178
5822,2.153498888015747,2.1534817218780518,1.71661376953125e-05,94992.8561,24.182396,4226
5823,2.1560728549957275,2.1560559272766113,1.6927719116210938e-05,95017.2822,24.426046,4172
5824,2.153521776199341,2.1535046100616455,1.71661376953125e-05,95041.2899,24.007658,4238
5825,2.1560981273651123,2.156081199645996,1.6927719116210938e-05,95069.6058,28.315898,4196
5826,2.1535189151763916,2.1535017490386963,1.71661376953125e-05,95093.3609,23.755128,4262
5827,2.1560871601104736,2.1560702323913574,1.6927719116210938e-05,95115.9748,22.613918,4154
5828,2.1534924507141113,2.153475284576416,1.71661376953125e-05,95140.1317,24.156886,4280
5829,2.156028985977173,2.1560120582580566,1.6927719116210938e-05,95163.5285,23.396825,4232
5830,2.1534454822540283,2.153428316116333,1.71661376953125e-05,95187.9571,24.428603,4274
5831,2.155972957611084,2.1559560298919678,1.6927719116210938e-05,95215.7421,27.784996,4220
5832,2.15342116355896,2.1534039974212646,1.71661376953125e-05,95239.2057,23.463629,4274
5833,2.155972957611084,2.1559560298919678,1.6927719116210938e-05,95260.9621,21.756409,4178
5834,2.1534337997436523,2.153416633605957,1.71661376953125e-05,95284.6111,23.648943,4196
5835,2.1560139656066895,2.1559970378875732,1.6927719116210938e-05,95309.111,24.499911,4250
5836,2.1534578800201416,2.1534407138824463,1.71661376953125e-05,95332.1251,23.014113,4262
5837,2.156041383743286,2.15602445602417,1.6927719116210938e-05,95355.7481,23.623025,4202
5838,2.153444290161133,2.1534271240234375,1.71661376953125e-05,95378.0863,22.338174,4280
5839,2.1559906005859375,2.1559736728668213,1.6927719116210938e-05,95408.4858,30.399527,4250
5840,2.15339732170105,2.1533801555633545,1.71661376953125e-05,95433.3894,24.903595,4256
5841,2.155932903289795,2.1559159755706787,1.6927719116210938e-05,95456.3378,22.948335,4238
5842,2.153378963470459,2.1533617973327637,1.71661376953125e-05,95485.0089,28.671162,4238
5843,2.1559574604034424,2.155940532684326,1.6927719116210938e-05,95508.5837,23.574781,4190
5844,2.1534066200256348,2.1533894538879395,1.71661376953125e-05,95534.8809,26.297203,4238
5845,2.156006336212158,2.155989408493042,1.6927719116210938e-05,95562.224,27.343079,4232
5846,2.153413772583008,2.1533968448638916,1.6927719116210938e-05,95587.3509,25.126909,4292
5847,2.155977725982666,2.15596079826355,1.6927719116210938e-05,95610.6314,23.280464,4268
5848,2.153352975845337,2.1533360481262207,1.6927719116210938e-05,95633.4661,22.834753,4256
5849,2.1558678150177,2.155850887298584,1.6927719116210938e-05,95656.1475,22.681424,4232
5850,2.1533007621765137,2.1532838344573975,1.6927719116210938e-05,95678.6837,22.536164,4292
5851,2.155839204788208,2.155822277069092,1.6927719116210938e-05,95702.0611,23.377347,4244
5852,2.1533055305480957,2.1532886028289795,1.6927719116210938e-05,95726.8797,24.818677,4250
5853,2.155881881713867,2.155864953994751,1.6927719116210938e-05,95755.1554,28.275626,4088
5854,2.1533257961273193,2.153308868408203,1.6927719116210938e-05,95779.352,24.196667,4262
5855,2.155909299850464,2.1558923721313477,1.6927719116210938e-05,95816.783,37.43096,4280
5856,2.153317928314209,2.1533010005950928,1.6927719116210938e-05,95847.7467,30.96372,4262
5857,2.1558618545532227,2.1558449268341064,1.6927719116210938e-05,95871.8337,24.087012,4250
5858,2.1532797813415527,2.1532628536224365,1.6927719116210938e-05,95898.0496,26.215905,4292
5859,2.155825614929199,2.155808687210083,1.6927719116210938e-05,95922.7284,24.678765,4274
5860,2.1532697677612305,2.1532528400421143,1.6927719116210938e-05,95947.2761,24.547711,4232
5861,2.1558327674865723,2.155815839767456,1.6927719116210938e-05,95973.2721,25.996012,4238
5862,2.153269052505493,2.153252124786377,1.6927719116210938e-05,95995.3589,22.086811,4244
5863,2.1558523178100586,2.1558353900909424,1.6927719116210938e-05,96018.312,22.953059,4256
5864,2.1532819271087646,2.1532649993896484,1.6927719116210938e-05,96039.9981,21.686077,4292
5865,2.1558644771575928,2.1558475494384766,1.6927719116210938e-05,96061.4653,21.467293,4268
5866,2.15326189994812,2.153244972229004,1.6927719116210938e-05,96082.2134,20.748063,4286
5867,2.155801296234131,2.1557843685150146,1.6927719116210938e-05,96102.4608,20.247414,4208
5868,2.153198719024658,2.153181791305542,1.6927719116210938e-05,96123.6715,21.21063,4274
5869,2.1557118892669678,2.1556949615478516,1.6927719116210938e-05,96146.8088,23.137332,4244
5870,2.153167963027954,2.153151035308838,1.6927719116210938e-05,96167.1018,20.293049,4214
5871,2.1557445526123047,2.1557276248931885,1.6927719116210938e-05,96187.6741,20.572287,4274
5872,2.1532139778137207,2.1531970500946045,1.6927719116210938e-05,96208.4379,20.763771,4310
5873,2.1558265686035156,2.1558096408843994,1.6927719116210938e-05,96228.7321,20.294179,4214
5874,2.1532368659973145,2.1532199382781982,1.6927719116210938e-05,96249.0898,20.357694,4214
5875,2.1558167934417725,2.1557998657226562,1.6927719116210938e-05,96269.6948,20.605041,4274
5876,2.1531898975372314,2.1531729698181152,1.6927719116210938e-05,96290.2307,20.535863,4286
5877,2.1557111740112305,2.1556942462921143,1.6927719116210938e-05,96310.5348,20.304123,4232
5878,2.1531198024749756,2.1531028747558594,1.6927719116210938e-05,96331.3455,20.810731,4328
5879,2.1556451320648193,2.155628204345703,1.6927719116210938e-05,96351.536,20.190452,4226
5880,2.153120517730713,2.1531035900115967,1.6927719116210938e-05,96372.061,20.52497,4256
5881,2.1557116508483887,2.1556949615478516,1.6689300537109375e-05,96392.549,20.488013,4280
5882,2.153162956237793,2.1531460285186768,1.6927719116210938e-05,96412.5776,20.028631,4280
5883,2.1557765007019043,2.155759811401367,1.6689300537109375e-05,96432.7951,20.217517,4208
5884,2.1531660556793213,2.153149127960205,1.6927719116210938e-05,96453.5316,20.736531,4322
5885,2.155721426010132,2.1557047367095947,1.6689300537109375e-05,96473.7679,20.236222,4232
5886,2.1530964374542236,2.1530795097351074,1.6927719116210938e-05,96496.403,22.635095,4292
5887,2.155614137649536,2.155597448348999,1.6689300537109375e-05,96517.7307,21.327723,4244
5888,2.1530537605285645,2.1530368328094482,1.6927719116210938e-05,96538.2641,20.533408,4328
5889,2.1556107997894287,2.1555941104888916,1.6689300537109375e-05,96558.7872,20.523146,4292
5890,2.1530778408050537,2.1530609130859375,1.6927719116210938e-05,96578.8267,20.039502,4160
5891,2.155689001083374,2.155672311782837,1.6689300537109375e-05,96599.2797,20.452933,4262
5892,2.1531081199645996,2.1530911922454834,1.6927719116210938e-05,96620.0185,20.738783,4310
5893,2.15568470954895,2.155668020248413,1.6689300537109375e-05,96640.5236,20.505166,4262
5894,2.15307879447937,2.153061866760254,1.6927719116210938e-05,96660.5506,20.026975,4178
5895,2.1556267738342285,2.1556100845336914,1.6689300537109375e-05,96680.985,20.434389,4256
5896,2.153043508529663,2.153026580810547,1.6927719116210938e-05,96700.914,19.928984,4196
5897,2.1555991172790527,2.1555824279785156,1.6689300537109375e-05,96721.3705,20.456525,4256
5898,2.1530280113220215,2.1530110836029053,1.6927719116210938e-05,96741.9483,20.57778,4268
5899,2.1556057929992676,2.1555891036987305,1.6689300537109375e-05,96762.0869,20.138645,4214
5900,2.1530349254608154,2.153017997741699,1.6927719116210938e-05,96782.708,20.621115,4334
5901,2.1556098461151123,2.155593156814575,1.6689300537109375e-05,96803.1686,20.460591,4244
5902,2.1530215740203857,2.1530046463012695,1.6927719116210938e-05,96824.6536,21.485012,4232
5903,2.1555795669555664,2.1555628776550293,1.6689300537109375e-05,96845.3941,20.74047,4214
5904,2.1529951095581055,2.1529781818389893,1.6927719116210938e-05,96866.086,20.691925,4280
5905,2.155562162399292,2.155545473098755,1.6689300537109375e-05,96886.5319,20.445909,4256
5906,2.152994394302368,2.152977466583252,1.6927719116210938e-05,96906.9929,20.460972,4238
5907,2.1555938720703125,2.1555771827697754,1.6689300537109375e-05,96927.5209,20.528034,4256
5908,2.153008460998535,2.152991533279419,1.6927719116210938e-05,96948.195,20.67406,4328
5909,2.1555778980255127,2.1555612087249756,1.6689300537109375e-05,96968.4731,20.278053,4244
5910,2.1529641151428223,2.152947187423706,1.6927719116210938e-05,96989.0254,20.552383,4268
5911,2.1555023193359375,2.1554856300354004,1.6689300537109375e-05,97009.5193,20.493834,4262
5912,2.1529111862182617,2.1528942584991455,1.6927719116210938e-05,97030.5505,21.031248,4280
5913,2.1554453372955322,2.155428647994995,1.6689300537109375e-05,97051.0363,20.485749,4244
5914,2.1529016494750977,2.1528847217559814,1.6927719116210938e-05,97071.4136,20.377297,4280
5915,2.155472755432129,2.155456066131592,1.6689300537109375e-05,97091.6018,20.188214,4220
5916,2.1529347896575928,2.1529178619384766,1.6927719116210938e-05,97112.123,20.521198,4280
5917,2.1555542945861816,2.1555376052856445,1.6689300537109375e-05,97132.5515,20.428504,4250
5918,2.152963399887085,2.1529464721679688,1.6927719116210938e-05,97153.314,20.762519,4310
5919,2.1555447578430176,2.1555280685424805,1.6689300537109375e-05,97174.377,21.062951,4256
5920,2.1529181003570557,2.1529011726379395,1.6927719116210938e-05,97196.2701,21.893163,4268
5921,2.1554605960845947,2.1554439067840576,1.6689300537109375e-05,97220.6067,24.336563,4238
5922,2.1528685092926025,2.1528515815734863,1.6927719116210938e-05,97242.0196,21.412902,4226
5923,2.155430793762207,2.15541410446167,1.6689300537109375e-05,97263.478,21.458376,4268
5924,2.1528584957122803,2.152841567993164,1.6927719116210938e-05,97285.5042,22.026267,4322
5925,2.155419111251831,2.155402421951294,1.6689300537109375e-05,97306.7119,21.207674,4262
5926,2.152853012084961,2.1528360843658447,1.6927719116210938e-05,97327.9536,21.241725,4304
5927,2.155447244644165,2.155430555343628,1.6689300537109375e-05,97349.1476,21.194013,4196
5928,2.152869939804077,2.152853012084961,1.6927719116210938e-05,97371.2619,22.114291,4268
5929,2.155471086502075,2.155454397201538,1.6689300537109375e-05,97393.2244,21.962432,4262
5930,2.152862548828125,2.152845621109009,1.6927719116210938e-05,97415.1632,21.938812,4214
5931,2.155440092086792,2.155423402786255,1.6689300537109375e-05,97436.6786,21.515427,4286
5932,2.152829885482788,2.152812957763672,1.6927719116210938e-05,97458.7119,22.033291,4268
5933,2.155381202697754,2.155364513397217,1.6689300537109375e-05,97487.0531,28.341253,4286
5934,2.1527979373931885,2.1527810096740723,1.6927719116210938e-05,97514.0268,26.973612,4274
5935,2.155364513397217,2.1553478240966797,1.6689300537109375e-05,97540.1534,26.126634,4268
5936,2.1527955532073975,2.1527786254882812,1.6927719116210938e-05,97567.6916,27.538194,4310
5937,2.155369520187378,2.155352830886841,1.6689300537109375e-05,97601.7692,34.077645,4262
5938,2.1527929306030273,2.152776002883911,1.6927719116210938e-05,97628.3874,26.61814,4328
5939,2.1553680896759033,2.155351400375366,1.6689300537109375e-05,97653.5227,25.135306,4226
5940,2.152782917022705,2.152765989303589,1.6927719116210938e-05,97678.9983,25.475579,4328
5941,2.1553664207458496,2.1553497314453125,1.6689300537109375e-05,97711.6143,32.616008,4274
5942,2.152776002883911,2.152759075164795,1.6927719116210938e-05,97743.0084,31.394097,4310
5943,2.1553499698638916,2.1553332805633545,1.6689300537109375e-05,97766.3731,23.364783,4268
5944,2.152758836746216,2.1527419090270996,1.6927719116210938e-05,97794.3187,27.945587,4232
5945,2.1553215980529785,2.1553049087524414,1.6689300537109375e-05,97821.6201,27.301376,4280
5946,2.1527295112609863,2.15271258354187,1.6927719116210938e-05,97850.1263,28.50624,4244
5947,2.1552798748016357,2.1552631855010986,1.6689300537109375e-05,97880.2221,30.095706,4310
5948,2.1526987552642822,2.152681827545166,1.6927719116210938e-05,97913.6947,33.472622,4328
5949,2.1552622318267822,2.155245542526245,1.6689300537109375e-05,97948.0669,34.372186,4304
5950,2.152696371078491,2.152679443359375,1.6927719116210938e-05,97978.4771,30.410249,4310
5951,2.1552834510803223,2.155266761779785,1.6689300537109375e-05,98007.4064,28.929312,4250
5952,2.15271258354187,2.152695655822754,1.6927719116210938e-05,98038.3424,30.935956,4352
5953,2.155313014984131,2.1552963256835938,1.6689300537109375e-05,98063.8461,25.503698,4304
5954,2.152710199356079,2.152693271636963,1.6927719116210938e-05,98086.8569,23.010853,4238
5955,2.155275583267212,2.155258893966675,1.6689300537109375e-05,98114.3512,27.494254,4310
5956,2.1526687145233154,2.152651786804199,1.6927719116210938e-05,98137.1733,22.822074,4310
5957,2.1552183628082275,2.1552016735076904,1.6689300537109375e-05,98159.8778,22.704584,4280
5958,2.1526389122009277,2.1526219844818115,1.6927719116210938e-05,98185.4418,25.563931,4250
5959,2.1552107334136963,2.155194044113159,1.6689300537109375e-05,98210.342,24.900199,4274
5960,2.152646780014038,2.152629852294922,1.6927719116210938e-05,98232.6875,22.345499,4322
5961,2.155240058898926,2.1552233695983887,1.6689300537109375e-05,98255.0258,22.338346,4328
5962,2.1526548862457275,2.1526379585266113,1.6927719116210938e-05,98276.9884,21.962562,4322
5963,2.1552460193634033,2.155229330062866,1.6689300537109375e-05,98302.1537,25.165335,4274
5964,2.152646541595459,2.1526296138763428,1.6927719116210938e-05,98337.0091,34.855437,4340
5965,2.155238389968872,2.155221700668335,1.6689300537109375e-05,98360.2655,23.256356,4292
5966,2.1526334285736084,2.152616500854492,1.6927719116210938e-05,98391.258,30.992514,4298
5967,2.1552107334136963,2.155194044113159,1.6689300537109375e-05,98421.79,30.531942,4286
5968,2.1526010036468506,2.1525840759277344,1.6927719116210938e-05,98454.607,32.817072,4304
5969,2.155149459838867,2.15513277053833,1.6689300537109375e-05,98477.3715,22.76445,4334
5970,2.152556896209717,2.1525399684906006,1.6927719116210938e-05,98500.7986,23.427166,4298
