2026-09-30 18:16:48,000 stage2 epoch 1  loss 4.0570e+01  mse 4.0570e+01  pinn 2.4162e+00  (2 s)
2026-09-30 18:18:20,267 stage2 epoch 100  loss 5.8637e+00  mse 5.8631e+00  pinn 5.4087e+00  (94 s)
2026-09-30 18:20:07,476 stage2 epoch 200  loss 8.4574e+00  mse 8.4571e+00  pinn 2.5712e+00  (202 s)
2026-09-30 18:21:54,040 stage2 epoch 300  loss 6.7651e+00  mse 6.7647e+00  pinn 4.3402e+00  (308 s)
2026-09-30 18:24:57,610 stage2 epoch 400  loss 4.8202e+00  mse 4.8198e+00  pinn 4.3470e+00  (492 s)
2026-09-30 18:28:45,385 stage2 epoch 500  loss 2.7325e+00  mse 2.7323e+00  pinn 2.3314e+00  (720 s)
2026-09-30 18:32:48,462 stage2 epoch 600  loss 2.2512e+00  mse 2.2511e+00  pinn 1.4917e+00  (963 s)
2026-09-30 18:37:07,565 stage2 epoch 700  loss 2.2926e+00  mse 2.2924e+00  pinn 1.5311e+00  (1222 s)
2026-09-30 18:41:08,188 stage2 epoch 800  loss 2.6772e+00  mse 2.6771e+00  pinn 7.1054e-01  (1462 s)
2026-09-30 18:45:21,657 stage2 epoch 900  loss 2.4678e+00  mse 2.4677e+00  pinn 6.6786e-01  (1716 s)
2026-09-30 18:49:39,804 stage2 epoch 1000  loss 1.6364e+00  mse 1.6363e+00  pinn 7.6581e-01  (1974 s)
2026-09-30 18:53:13,152 stage2 epoch 1100  loss 1.7842e+00  mse 1.7841e+00  pinn 8.8646e-01  (2187 s)
2026-09-30 18:56:46,517 stage2 epoch 1200  loss 1.7144e+00  mse 1.7144e+00  pinn 8.9060e-01  (2401 s)
2026-09-30 19:00:12,131 stage2 epoch 1300  loss 1.3041e+00  mse 1.3040e+00  pinn 1.0658e+00  (2606 s)
2026-09-30 19:03:39,226 stage2 epoch 1400  loss 1.2352e+00  mse 1.2351e+00  pinn 9.2423e-01  (2813 s)
2026-09-30 19:06:47,769 stage2 epoch 1500  loss 1.2910e+00  mse 1.2909e+00  pinn 8.9007e-01  (3002 s)
2026-09-30 19:10:07,047 stage2 epoch 1600  loss 1.4057e+00  mse 1.4056e+00  pinn 9.0046e-01  (3201 s)
2026-09-30 19:13:25,683 stage2 epoch 1700  loss 1.5958e+00  mse 1.5957e+00  pinn 1.0386e+00  (3400 s)
2026-09-30 19:16:44,319 stage2 epoch 1800  loss 9.2077e-01  mse 9.2066e-01  pinn 1.0705e+00  (3598 s)
2026-09-30 19:19:59,285 stage2 epoch 1900  loss 1.5411e+00  mse 1.5409e+00  pinn 1.1631e+00  (3793 s)
2026-09-30 19:23:07,977 stage2 epoch 2000  loss 9.7328e-01  mse 9.7318e-01  pinn 1.0490e+00  (3982 s)
2026-09-30 19:26:12,052 stage2 epoch 2100  loss 6.7682e-01  mse 6.7672e-01  pinn 1.0217e+00  (4166 s)
2026-09-30 19:29:22,562 stage2 epoch 2200  loss 7.4924e-01  mse 7.4915e-01  pinn 9.4348e-01  (4357 s)
2026-09-30 19:32:22,366 stage2 epoch 2300  loss 2.1523e+00  mse 2.1523e+00  pinn 8.6879e-01  (4536 s)
2026-09-30 19:35:28,375 stage2 epoch 2400  loss 8.8552e-01  mse 8.8542e-01  pinn 9.9846e-01  (4722 s)
2026-09-30 19:38:39,122 stage2 epoch 2500  loss 7.1518e-01  mse 7.1509e-01  pinn 9.2139e-01  (4913 s)
2026-09-30 19:41:50,351 stage2 epoch 2600  loss 6.3219e-01  mse 6.3209e-01  pinn 9.4104e-01  (5104 s)
2026-10-01 08:17:05,247 stage 2 resumed in stage2 at epoch 2500
2026-10-01 08:17:08,560 stage2 epoch 2501  loss 8.4375e-01  mse 8.4366e-01  pinn 9.3324e-01  (4916 s)
2026-10-01 08:20:33,053 stage2 epoch 2600  loss 6.3219e-01  mse 6.3209e-01  pinn 9.4104e-01  (5120 s)
2026-10-01 08:24:06,633 stage2 epoch 2700  loss 1.4963e+00  mse 1.4962e+00  pinn 8.8131e-01  (5334 s)
2026-10-01 08:27:42,719 stage2 epoch 2800  loss 1.0054e+00  mse 1.0053e+00  pinn 8.6990e-01  (5550 s)
2026-10-01 08:31:06,951 stage2 epoch 2900  loss 6.6373e-01  mse 6.6365e-01  pinn 8.6721e-01  (5754 s)
2026-10-01 08:34:25,133 stage2 epoch 3000  loss 8.2888e-01  mse 8.2879e-01  pinn 8.5404e-01  (5952 s)
2026-10-01 08:38:08,527 stage2 epoch 3100  loss 6.5868e-01  mse 6.5860e-01  pinn 7.9733e-01  (6176 s)
2026-10-01 08:41:32,994 stage2 epoch 3200  loss 8.5608e-01  mse 8.5600e-01  pinn 8.0593e-01  (6380 s)
2026-10-01 08:44:52,122 stage2 epoch 3300  loss 6.4186e-01  mse 6.4178e-01  pinn 7.9951e-01  (6579 s)
2026-10-01 08:48:13,289 stage2 epoch 3400  loss 7.4160e-01  mse 7.4152e-01  pinn 7.8502e-01  (6780 s)
2026-10-01 08:51:36,667 stage2 epoch 3500  loss 6.6384e-01  mse 6.6376e-01  pinn 7.7152e-01  (6984 s)
2026-10-01 08:54:56,141 stage2 epoch 3600  loss 7.0222e-01  mse 7.0214e-01  pinn 8.0133e-01  (7183 s)
2026-10-01 08:58:11,192 stage2 epoch 3700  loss 1.6167e+00  mse 1.6166e+00  pinn 7.3319e-01  (7378 s)
2026-10-01 09:01:24,610 stage2 epoch 3800  loss 8.7038e-01  mse 8.7030e-01  pinn 7.9466e-01  (7572 s)
2026-10-01 09:04:40,028 stage2 epoch 3900  loss 8.0363e-01  mse 8.0356e-01  pinn 7.6397e-01  (7767 s)
2026-10-01 09:07:49,251 stage2 epoch 4000  loss 6.7691e-01  mse 6.7683e-01  pinn 7.4275e-01  (7956 s)
2026-10-01 09:10:59,169 stage2 epoch 4100  loss 1.6849e+00  mse 1.6848e+00  pinn 7.2418e-01  (8146 s)
2026-10-01 09:14:12,204 stage2 epoch 4200  loss 8.7734e-01  mse 8.7727e-01  pinn 6.8855e-01  (8339 s)
2026-10-01 09:17:16,450 stage2 epoch 4300  loss 5.8735e-01  mse 5.8727e-01  pinn 7.3236e-01  (8524 s)
2026-10-01 09:20:32,634 stage2 epoch 4400  loss 1.1444e+00  mse 1.1443e+00  pinn 8.4656e-01  (8720 s)
2026-10-01 09:23:44,428 stage2 epoch 4500  loss 5.8424e-01  mse 5.8417e-01  pinn 7.0184e-01  (8911 s)
2026-10-01 09:26:55,462 stage2 epoch 4600  loss 7.3480e-01  mse 7.3473e-01  pinn 6.9331e-01  (9103 s)
2026-10-01 09:30:10,912 stage2 epoch 4700  loss 6.5174e-01  mse 6.5167e-01  pinn 7.0708e-01  (9298 s)
2026-10-01 09:33:20,036 stage2 epoch 4800  loss 6.5168e-01  mse 6.5162e-01  pinn 6.5530e-01  (9487 s)
2026-10-01 09:36:24,591 stage2 epoch 4900  loss 5.9520e-01  mse 5.9513e-01  pinn 6.5687e-01  (9672 s)
2026-10-01 09:39:31,815 stage2 epoch 5000  loss 6.7226e-01  mse 6.7219e-01  pinn 6.4164e-01  (9859 s)
2026-10-01 09:42:39,574 stage2 epoch 5100  loss 8.4156e-01  mse 8.4150e-01  pinn 6.6726e-01  (10047 s)
2026-10-01 09:45:51,121 stage2 epoch 5200  loss 1.2389e+00  mse 1.2388e+00  pinn 6.1161e-01  (10238 s)
2026-10-01 09:49:01,218 stage2 epoch 5300  loss 8.1157e-01  mse 8.1149e-01  pinn 8.2304e-01  (10428 s)
2026-10-01 09:52:09,952 stage2 epoch 5400  loss 8.2025e-01  mse 8.2019e-01  pinn 6.6110e-01  (10617 s)
2026-10-01 09:55:11,013 stage2 epoch 5500  loss 5.3374e-01  mse 5.3367e-01  pinn 6.3384e-01  (10798 s)
2026-10-01 09:58:19,837 stage2 epoch 5600  loss 9.0931e-01  mse 9.0925e-01  pinn 6.2040e-01  (10987 s)
2026-10-01 10:01:23,545 stage2 epoch 5700  loss 6.7156e-01  mse 6.7150e-01  pinn 6.2143e-01  (11171 s)
2026-10-01 10:04:34,328 stage2 epoch 5800  loss 5.3284e-01  mse 5.3278e-01  pinn 6.3550e-01  (11361 s)
2026-10-01 10:07:39,204 stage2 epoch 5900  loss 9.2669e-01  mse 9.2663e-01  pinn 6.3122e-01  (11546 s)
2026-10-01 10:10:47,027 stage2 epoch 6000  loss 1.2013e+00  mse 1.2012e+00  pinn 6.6130e-01  (11734 s)
2026-10-01 10:13:50,308 stage2 epoch 6100  loss 1.0445e+00  mse 1.0444e+00  pinn 6.1892e-01  (11917 s)
2026-10-01 10:16:51,537 stage2 epoch 6200  loss 8.1513e-01  mse 8.1507e-01  pinn 6.3587e-01  (12099 s)
2026-10-01 10:20:02,080 stage2 epoch 6300  loss 5.5520e-01  mse 5.5514e-01  pinn 5.9025e-01  (12289 s)
2026-10-01 10:23:10,271 stage2 epoch 6400  loss 2.5525e+00  mse 2.5524e+00  pinn 9.5552e-01  (12477 s)
2026-10-01 10:26:21,913 stage2 epoch 6500  loss 5.1569e-01  mse 5.1563e-01  pinn 5.8017e-01  (12669 s)
2026-10-01 10:29:22,882 stage2 epoch 6600  loss 7.9043e-01  mse 7.9037e-01  pinn 5.7629e-01  (12850 s)
2026-10-01 10:32:26,792 stage2 epoch 6700  loss 6.2118e-01  mse 6.2112e-01  pinn 5.9424e-01  (13034 s)
2026-10-01 10:35:34,432 stage2 epoch 6800  loss 4.8658e-01  mse 4.8652e-01  pinn 5.6558e-01  (13221 s)
2026-10-01 10:38:40,569 stage2 epoch 6900  loss 5.1937e-01  mse 5.1931e-01  pinn 5.8075e-01  (13408 s)
2026-10-01 10:41:42,616 stage2 epoch 7000  loss 7.2143e-01  mse 7.2137e-01  pinn 5.6599e-01  (13590 s)
2026-10-01 10:44:43,197 stage2 epoch 7100  loss 6.0057e-01  mse 6.0051e-01  pinn 5.9049e-01  (13770 s)
2026-10-01 10:47:45,117 stage2 epoch 7200  loss 5.1681e-01  mse 5.1675e-01  pinn 5.6671e-01  (13952 s)
2026-10-01 10:50:41,046 stage2 epoch 7300  loss 8.1517e-01  mse 8.1511e-01  pinn 6.2909e-01  (14128 s)
2026-10-01 10:53:40,803 stage2 epoch 7400  loss 5.0918e-01  mse 5.0912e-01  pinn 5.5851e-01  (14308 s)
2026-10-01 10:56:45,260 stage2 epoch 7500  loss 1.0486e+00  mse 1.0485e+00  pinn 6.0555e-01  (14492 s)
2026-10-01 10:59:45,937 stage2 epoch 7600  loss 4.9259e-01  mse 4.9254e-01  pinn 5.5057e-01  (14673 s)
2026-10-01 11:02:47,300 stage2 epoch 7700  loss 1.0408e+00  mse 1.0407e+00  pinn 6.3480e-01  (14854 s)
2026-10-01 11:05:46,540 stage2 epoch 7800  loss 5.1959e-01  mse 5.1953e-01  pinn 5.3785e-01  (15034 s)
2026-10-01 11:08:50,728 stage2 epoch 7900  loss 7.3294e-01  mse 7.3288e-01  pinn 5.5731e-01  (15218 s)
2026-10-01 11:11:51,153 stage2 epoch 8000  loss 5.6780e-01  mse 5.6774e-01  pinn 5.4336e-01  (15398 s)
2026-10-01 11:14:52,671 stage2 epoch 8100  loss 5.0606e-01  mse 5.0601e-01  pinn 5.3999e-01  (15580 s)
2026-10-01 11:17:51,351 stage2 epoch 8200  loss 4.9062e-01  mse 4.9056e-01  pinn 5.5665e-01  (15758 s)
2026-10-01 11:20:56,835 stage2 epoch 8300  loss 8.5806e-01  mse 8.5800e-01  pinn 5.5855e-01  (15944 s)
2026-10-01 11:23:59,100 stage2 epoch 8400  loss 5.0154e-01  mse 5.0149e-01  pinn 5.3184e-01  (16126 s)
2026-10-01 11:26:59,403 stage2 epoch 8500  loss 6.5380e-01  mse 6.5375e-01  pinn 5.3147e-01  (16306 s)
2026-10-01 11:29:58,290 stage2 epoch 8600  loss 9.4141e-01  mse 9.4135e-01  pinn 5.7611e-01  (16485 s)
2026-10-01 11:32:59,866 stage2 epoch 8700  loss 5.9828e-01  mse 5.9823e-01  pinn 5.3102e-01  (16667 s)
2026-10-01 11:36:01,505 stage2 epoch 8800  loss 4.5786e-01  mse 4.5780e-01  pinn 5.4239e-01  (16849 s)
2026-10-01 11:38:58,626 stage2 epoch 8900  loss 1.0415e+00  mse 1.0414e+00  pinn 7.5503e-01  (17026 s)
2026-10-01 11:42:12,261 stage2 epoch 9000  loss 9.4530e-01  mse 9.4524e-01  pinn 5.9327e-01  (17219 s)
2026-10-01 11:45:19,820 stage2 epoch 9100  loss 4.2353e-01  mse 4.2348e-01  pinn 5.3381e-01  (17407 s)
2026-10-01 11:48:18,437 stage2 epoch 9200  loss 4.2454e-01  mse 4.2449e-01  pinn 5.4309e-01  (17586 s)
2026-10-01 11:51:18,560 stage2 epoch 9300  loss 4.2951e-01  mse 4.2946e-01  pinn 5.2741e-01  (17766 s)
2026-10-01 11:54:18,430 stage2 epoch 9400  loss 4.4553e-01  mse 4.4547e-01  pinn 5.3771e-01  (17945 s)
2026-10-01 11:57:18,054 stage2 epoch 9500  loss 8.5098e-01  mse 8.5092e-01  pinn 5.4460e-01  (18125 s)
2026-10-01 12:00:18,405 stage2 epoch 9600  loss 4.4747e-01  mse 4.4741e-01  pinn 5.4177e-01  (18305 s)
2026-10-01 12:03:22,563 stage2 epoch 9700  loss 4.5913e-01  mse 4.5908e-01  pinn 5.3584e-01  (18490 s)
2026-10-01 12:06:40,675 stage2 epoch 9800  loss 5.1115e-01  mse 5.1110e-01  pinn 5.2751e-01  (18688 s)
2026-10-01 12:10:05,650 stage2 epoch 9900  loss 4.2916e-01  mse 4.2910e-01  pinn 5.3948e-01  (18893 s)
2026-10-01 12:13:07,743 stage2 epoch 10000  loss 4.4658e-01  mse 4.4653e-01  pinn 5.2166e-01  (19075 s)
2026-10-01 12:16:08,175 stage2 epoch 10100  loss 5.2035e-01  mse 5.2030e-01  pinn 5.1856e-01  (19255 s)
2026-10-01 12:19:23,561 stage2 epoch 10200  loss 7.4505e-01  mse 7.4497e-01  pinn 8.1147e-01  (19451 s)
2026-10-01 12:22:23,925 stage2 epoch 10300  loss 3.8965e-01  mse 3.8959e-01  pinn 5.5912e-01  (19631 s)
2026-10-01 12:25:26,123 stage2 epoch 10400  loss 6.3346e-01  mse 6.3341e-01  pinn 5.4423e-01  (19813 s)
2026-10-01 12:28:28,941 stage2 epoch 10500  loss 3.8382e-01  mse 3.8376e-01  pinn 5.3526e-01  (19996 s)
2026-10-01 12:31:31,196 stage2 epoch 10600  loss 3.9832e-01  mse 3.9827e-01  pinn 5.5568e-01  (20178 s)
2026-10-01 12:34:29,235 stage2 epoch 10700  loss 4.6608e-01  mse 4.6603e-01  pinn 5.6576e-01  (20356 s)
2026-10-01 12:37:27,651 stage2 epoch 10800  loss 1.0436e+00  mse 1.0435e+00  pinn 5.7065e-01  (20535 s)
2026-10-01 12:40:26,414 stage2 epoch 10900  loss 4.5787e-01  mse 4.5782e-01  pinn 5.2923e-01  (20713 s)
2026-10-01 12:43:26,162 stage2 epoch 11000  loss 3.7976e-01  mse 3.7971e-01  pinn 5.4739e-01  (20893 s)
2026-10-01 12:46:43,674 stage2 epoch 11100  loss 3.8485e-01  mse 3.8480e-01  pinn 5.3936e-01  (21091 s)
2026-10-01 12:50:09,803 stage2 epoch 11200  loss 7.0139e-01  mse 7.0134e-01  pinn 5.2893e-01  (21297 s)
2026-10-01 12:53:45,066 stage2 epoch 11300  loss 3.8726e-01  mse 3.8721e-01  pinn 5.5468e-01  (21512 s)
2026-10-01 12:57:51,395 stage2 epoch 11400  loss 3.8659e-01  mse 3.8653e-01  pinn 5.5414e-01  (21758 s)
2026-10-01 13:02:18,283 stage2 epoch 11500  loss 5.9337e-01  mse 5.9332e-01  pinn 5.4449e-01  (22025 s)
2026-10-01 13:05:47,144 stage2 epoch 11600  loss 4.7586e-01  mse 4.7581e-01  pinn 5.3676e-01  (22234 s)
2026-10-01 13:08:50,392 stage2 epoch 11700  loss 4.9309e-01  mse 4.9303e-01  pinn 5.2602e-01  (22417 s)
2026-10-01 13:11:54,589 stage2 epoch 11800  loss 3.6519e-01  mse 3.6514e-01  pinn 5.3179e-01  (22602 s)
2026-10-01 13:14:57,191 stage2 epoch 11900  loss 3.6763e-01  mse 3.6758e-01  pinn 5.6406e-01  (22784 s)
2026-10-01 13:18:03,523 stage2 epoch 12000  loss 4.8316e-01  mse 4.8310e-01  pinn 5.2268e-01  (22971 s)
2026-10-01 13:21:06,170 stage2 epoch 12100  loss 3.7177e-01  mse 3.7172e-01  pinn 5.5157e-01  (23153 s)
2026-10-01 13:24:27,567 stage2 epoch 12200  loss 3.6459e-01  mse 3.6454e-01  pinn 5.3708e-01  (23355 s)
2026-10-01 13:27:36,896 stage2 epoch 12300  loss 3.9360e-01  mse 3.9354e-01  pinn 5.3311e-01  (23544 s)
2026-10-01 13:30:47,813 stage2 epoch 12400  loss 3.8288e-01  mse 3.8283e-01  pinn 5.3056e-01  (23735 s)
2026-10-01 13:33:49,471 stage2 epoch 12500  loss 3.5128e-01  mse 3.5123e-01  pinn 5.3733e-01  (23916 s)
2026-10-01 13:37:02,390 stage2 epoch 12600  loss 3.3757e-01  mse 3.3752e-01  pinn 5.2255e-01  (24109 s)
2026-10-01 13:40:09,086 stage2 epoch 12700  loss 3.7165e-01  mse 3.7160e-01  pinn 5.4573e-01  (24296 s)
2026-10-01 13:43:20,448 stage2 epoch 12800  loss 6.7494e-01  mse 6.7488e-01  pinn 5.4623e-01  (24487 s)
2026-10-01 13:46:39,743 stage2 epoch 12900  loss 5.8063e-01  mse 5.8057e-01  pinn 5.7057e-01  (24687 s)
2026-10-01 13:49:57,214 stage2 epoch 13000  loss 6.2346e-01  mse 6.2341e-01  pinn 5.4099e-01  (24884 s)
2026-10-01 13:53:08,811 stage2 epoch 13100  loss 5.9275e-01  mse 5.9270e-01  pinn 5.4212e-01  (25076 s)
2026-10-01 13:56:29,760 stage2 epoch 13200  loss 3.7976e-01  mse 3.7970e-01  pinn 5.5378e-01  (25277 s)
2026-10-01 13:59:47,711 stage2 epoch 13300  loss 3.3360e-01  mse 3.3354e-01  pinn 5.2173e-01  (25475 s)
2026-10-01 14:03:01,198 stage2 epoch 13400  loss 3.5451e-01  mse 3.5445e-01  pinn 5.5344e-01  (25668 s)
2026-10-01 14:06:28,587 stage2 epoch 13500  loss 4.6077e-01  mse 4.6071e-01  pinn 5.6791e-01  (25876 s)
2026-10-01 14:09:49,098 stage2 epoch 13600  loss 1.3165e+00  mse 1.3165e+00  pinn 5.6343e-01  (26076 s)
2026-10-01 14:13:06,490 stage2 epoch 13700  loss 4.8708e-01  mse 4.8702e-01  pinn 5.5319e-01  (26273 s)
2026-10-01 14:16:36,919 stage2 epoch 13800  loss 5.7812e-01  mse 5.7806e-01  pinn 5.7549e-01  (26484 s)
2026-10-01 14:20:04,679 stage2 epoch 13900  loss 6.3907e-01  mse 6.3901e-01  pinn 5.5368e-01  (26692 s)
2026-10-01 14:24:07,057 stage2 epoch 14000  loss 3.4005e-01  mse 3.3999e-01  pinn 5.4388e-01  (26934 s)
2026-10-01 14:28:03,124 stage2 epoch 14100  loss 3.5298e-01  mse 3.5292e-01  pinn 5.3909e-01  (27170 s)
2026-10-01 14:31:19,505 stage2 epoch 14200  loss 3.2040e-01  mse 3.2034e-01  pinn 5.3394e-01  (27366 s)
2026-10-01 14:34:56,184 stage2 epoch 14300  loss 3.8173e-01  mse 3.8167e-01  pinn 5.4905e-01  (27583 s)
2026-10-01 14:38:26,942 stage2 epoch 14400  loss 4.2449e-01  mse 4.2444e-01  pinn 5.4501e-01  (27794 s)
2026-10-01 14:41:45,694 stage2 epoch 14500  loss 3.7367e-01  mse 3.7362e-01  pinn 5.1527e-01  (27993 s)
2026-10-01 14:45:06,690 stage2 epoch 14600  loss 3.9854e-01  mse 3.9849e-01  pinn 5.5857e-01  (28194 s)
2026-10-01 14:48:55,127 stage2 epoch 14700  loss 5.4170e-01  mse 5.4164e-01  pinn 5.7328e-01  (28422 s)
2026-10-01 14:53:14,855 stage2 epoch 14800  loss 5.6122e-01  mse 5.6117e-01  pinn 5.3330e-01  (28682 s)
2026-10-01 14:57:26,901 stage2 epoch 14900  loss 3.1436e-01  mse 3.1431e-01  pinn 5.1807e-01  (28934 s)
2026-10-01 15:01:14,669 stage2 epoch 15000  loss 3.0383e-01  mse 3.0377e-01  pinn 5.2724e-01  (29161 s)
2026-10-01 15:04:41,578 stage2 epoch 15100  loss 4.2637e-01  mse 4.2632e-01  pinn 5.4671e-01  (29368 s)
2026-10-01 15:08:13,453 stage2 epoch 15200  loss 3.3425e-01  mse 3.3420e-01  pinn 5.4578e-01  (29580 s)
2026-10-01 15:11:58,757 stage2 epoch 15300  loss 4.1676e-01  mse 4.1670e-01  pinn 5.4457e-01  (29806 s)
2026-10-01 15:15:30,138 stage2 epoch 15400  loss 3.5758e-01  mse 3.5752e-01  pinn 5.3424e-01  (30017 s)
2026-10-01 15:19:21,373 stage2 epoch 15500  loss 4.7069e-01  mse 4.7064e-01  pinn 5.7745e-01  (30248 s)
2026-10-01 15:22:56,970 stage2 epoch 15600  loss 4.0042e-01  mse 4.0036e-01  pinn 5.2179e-01  (30464 s)
2026-10-01 15:26:37,567 stage2 epoch 15700  loss 3.3708e-01  mse 3.3703e-01  pinn 5.1534e-01  (30684 s)
2026-10-01 15:30:29,372 stage2 epoch 15800  loss 3.2039e-01  mse 3.2034e-01  pinn 5.2195e-01  (30916 s)
2026-10-01 15:34:22,788 stage2 epoch 15900  loss 8.3525e-01  mse 8.3519e-01  pinn 5.4953e-01  (31150 s)
2026-10-01 15:37:59,953 stage2 epoch 16000  loss 6.3252e-01  mse 6.3246e-01  pinn 5.7537e-01  (31367 s)
2026-10-01 15:41:28,336 stage2 epoch 16100  loss 4.0144e-01  mse 4.0139e-01  pinn 5.5992e-01  (31575 s)
2026-10-01 15:45:22,693 stage2 epoch 16200  loss 6.2029e-01  mse 6.2023e-01  pinn 5.9745e-01  (31809 s)
2026-10-01 15:49:30,047 stage2 epoch 16300  loss 4.1902e-01  mse 4.1897e-01  pinn 5.0168e-01  (32057 s)
2026-10-01 15:53:25,506 stage2 epoch 16400  loss 3.5812e-01  mse 3.5807e-01  pinn 5.3634e-01  (32292 s)
2026-10-01 15:57:31,776 stage2 epoch 16500  loss 6.0512e-01  mse 6.0507e-01  pinn 5.6899e-01  (32538 s)
2026-10-01 16:01:11,266 stage2 epoch 16600  loss 3.4399e-01  mse 3.4394e-01  pinn 5.4706e-01  (32758 s)
2026-10-01 16:05:19,208 stage2 epoch 16700  loss 3.7410e-01  mse 3.7405e-01  pinn 5.5572e-01  (33006 s)
2026-10-01 16:08:50,114 stage2 epoch 16800  loss 5.2834e-01  mse 5.2829e-01  pinn 5.4864e-01  (33217 s)
2026-10-01 16:12:48,036 stage2 epoch 16900  loss 3.3131e-01  mse 3.3126e-01  pinn 5.5698e-01  (33455 s)
2026-10-01 16:16:14,870 stage2 epoch 17000  loss 3.0464e-01  mse 3.0459e-01  pinn 5.4252e-01  (33662 s)
2026-10-01 19:40:04,007 stage 2 resumed in stage2 at epoch 17000
2026-10-01 19:40:07,265 stage2 epoch 17001  loss 3.2143e-01  mse 3.2138e-01  pinn 5.4161e-01  (33664 s)
2026-10-01 19:43:52,063 stage2 epoch 17100  loss 4.7267e-01  mse 4.7261e-01  pinn 5.3461e-01  (33889 s)
2026-10-01 19:47:30,165 stage2 epoch 17200  loss 2.8075e-01  mse 2.8070e-01  pinn 5.2787e-01  (34107 s)
2026-10-01 19:51:03,171 stage2 epoch 17300  loss 3.4901e-01  mse 3.4895e-01  pinn 5.3594e-01  (34320 s)
2026-10-01 19:54:38,010 stage2 epoch 17400  loss 5.2166e-01  mse 5.2161e-01  pinn 5.4840e-01  (34534 s)
2026-10-01 19:58:14,774 stage2 epoch 17500  loss 2.9167e-01  mse 2.9161e-01  pinn 5.3742e-01  (34751 s)
2026-10-01 20:01:54,649 stage2 epoch 17600  loss 3.3567e-01  mse 3.3561e-01  pinn 5.1605e-01  (34971 s)
2026-10-01 20:05:27,080 stage2 epoch 17700  loss 3.2234e-01  mse 3.2229e-01  pinn 5.2368e-01  (35184 s)
2026-10-01 20:08:53,045 stage2 epoch 17800  loss 3.7782e-01  mse 3.7777e-01  pinn 5.2999e-01  (35390 s)
2026-10-01 20:12:22,295 stage2 epoch 17900  loss 3.6345e-01  mse 3.6339e-01  pinn 5.3019e-01  (35599 s)
2026-10-01 20:16:02,703 stage2 epoch 18000  loss 2.9825e-01  mse 2.9819e-01  pinn 5.3892e-01  (35819 s)
2026-10-01 20:19:35,511 stage2 epoch 18100  loss 2.6998e-01  mse 2.6992e-01  pinn 5.1036e-01  (36032 s)
2026-10-01 20:23:02,588 stage2 epoch 18200  loss 3.3082e-01  mse 3.3077e-01  pinn 5.3052e-01  (36239 s)
2026-10-01 20:26:28,378 stage2 epoch 18300  loss 4.6962e-01  mse 4.6957e-01  pinn 5.0849e-01  (36445 s)
2026-10-01 20:30:19,726 stage2 epoch 18400  loss 2.7327e-01  mse 2.7322e-01  pinn 5.1023e-01  (36676 s)
2026-10-01 20:33:43,853 stage2 epoch 18500  loss 4.3157e-01  mse 4.3152e-01  pinn 5.1488e-01  (36880 s)
2026-10-01 20:37:03,075 stage2 epoch 18600  loss 3.2451e-01  mse 3.2445e-01  pinn 5.3097e-01  (37080 s)
2026-10-01 20:40:37,039 stage2 epoch 18700  loss 3.9384e-01  mse 3.9379e-01  pinn 5.1963e-01  (37294 s)
2026-10-01 20:44:01,962 stage2 epoch 18800  loss 6.5792e-01  mse 6.5786e-01  pinn 5.9637e-01  (37498 s)
2026-10-01 20:47:22,627 stage2 epoch 18900  loss 5.6281e-01  mse 5.6276e-01  pinn 5.2129e-01  (37699 s)
2026-10-01 20:50:40,840 stage2 epoch 19000  loss 3.9192e-01  mse 3.9186e-01  pinn 5.0786e-01  (37897 s)
2026-10-01 20:54:02,155 stage2 epoch 19100  loss 5.6338e-01  mse 5.6333e-01  pinn 5.1525e-01  (38099 s)
2026-10-01 20:57:34,166 stage2 epoch 19200  loss 3.4628e-01  mse 3.4623e-01  pinn 5.3035e-01  (38311 s)
2026-10-01 21:01:41,302 stage2 epoch 19300  loss 2.7549e-01  mse 2.7544e-01  pinn 5.0660e-01  (38558 s)
2026-10-01 21:05:21,193 stage2 epoch 19400  loss 6.7742e-01  mse 6.7737e-01  pinn 5.4574e-01  (38778 s)
2026-10-01 21:09:11,971 stage2 epoch 19500  loss 5.0876e-01  mse 5.0871e-01  pinn 5.3514e-01  (39008 s)
2026-10-01 21:13:03,078 stage2 epoch 19600  loss 4.6189e-01  mse 4.6184e-01  pinn 5.3181e-01  (39240 s)
2026-10-01 21:17:11,002 stage2 epoch 19700  loss 4.3959e-01  mse 4.3954e-01  pinn 5.1551e-01  (39487 s)
2026-10-01 21:21:26,048 stage2 epoch 19800  loss 4.4841e-01  mse 4.4836e-01  pinn 5.0321e-01  (39742 s)
2026-10-01 21:26:21,578 stage2 epoch 19900  loss 3.2963e-01  mse 3.2958e-01  pinn 5.1049e-01  (40038 s)
2026-10-01 21:31:07,493 stage2 epoch 20000  loss 1.0930e+00  mse 1.0928e+00  pinn 1.0293e+00  (40324 s)
2026-10-01 21:31:07,594 stage 2 archive stage2_S2_seed0_epoch20000.pt  sha256 f2059c5443449557703d9ffa3f10bbe4a225a5c1f2876050366f225690058272
2026-10-01 21:36:32,206 stage2 epoch 20100  loss 4.6609e-01  mse 4.6603e-01  pinn 5.9924e-01  (40649 s)
2026-10-01 21:41:58,959 stage2 epoch 20200  loss 4.3668e-01  mse 4.3663e-01  pinn 5.4372e-01  (40975 s)
2026-10-01 21:46:55,491 stage2 epoch 20300  loss 4.4543e-01  mse 4.4538e-01  pinn 5.2840e-01  (41272 s)
2026-10-01 21:51:42,954 stage2 epoch 20400  loss 5.1414e-01  mse 5.1408e-01  pinn 5.3296e-01  (41559 s)
2026-10-01 21:56:13,500 stage2 epoch 20500  loss 3.4962e-01  mse 3.4957e-01  pinn 5.3935e-01  (41830 s)
2026-10-01 22:01:55,185 stage2 epoch 20600  loss 3.9100e-01  mse 3.9094e-01  pinn 5.3642e-01  (42172 s)
2026-10-01 22:06:42,391 stage2 epoch 20700  loss 3.3147e-01  mse 3.3142e-01  pinn 5.4904e-01  (42459 s)
2026-10-01 22:11:17,125 stage2 epoch 20800  loss 2.8167e-01  mse 2.8161e-01  pinn 5.4820e-01  (42734 s)
2026-10-01 22:15:20,391 stage2 epoch 20900  loss 2.6838e-01  mse 2.6832e-01  pinn 5.4644e-01  (42977 s)
2026-10-01 22:18:35,783 stage2 epoch 21000  loss 5.1261e-01  mse 5.1256e-01  pinn 5.3816e-01  (43172 s)
2026-10-01 22:21:48,020 stage2 epoch 21100  loss 4.6067e-01  mse 4.6061e-01  pinn 5.5841e-01  (43364 s)
2026-10-01 22:25:04,850 stage2 epoch 21200  loss 3.2440e-01  mse 3.2435e-01  pinn 5.5806e-01  (43561 s)
2026-10-01 22:29:00,717 stage2 epoch 21300  loss 6.2183e-01  mse 6.2175e-01  pinn 8.5604e-01  (43797 s)
2026-10-01 22:32:48,006 stage2 epoch 21400  loss 3.5403e-01  mse 3.5396e-01  pinn 6.8203e-01  (44024 s)
2026-10-01 22:36:31,322 stage2 epoch 21500  loss 5.2565e-01  mse 5.2559e-01  pinn 5.9967e-01  (44248 s)
2026-10-01 22:40:09,532 stage2 epoch 21600  loss 3.7906e-01  mse 3.7900e-01  pinn 5.6457e-01  (44466 s)
2026-10-01 22:43:50,965 stage2 epoch 21700  loss 4.3215e-01  mse 4.3210e-01  pinn 5.4184e-01  (44687 s)
2026-10-01 22:47:26,878 stage2 epoch 21800  loss 5.7712e-01  mse 5.7706e-01  pinn 5.2929e-01  (44903 s)
2026-10-01 22:50:59,189 stage2 epoch 21900  loss 3.3887e-01  mse 3.3881e-01  pinn 5.2102e-01  (45116 s)
2026-10-01 22:54:31,110 stage2 epoch 22000  loss 4.6584e-01  mse 4.6579e-01  pinn 5.2760e-01  (45328 s)
2026-10-01 22:57:59,456 stage2 epoch 22100  loss 3.4556e-01  mse 3.4550e-01  pinn 5.3756e-01  (45536 s)
2026-10-01 23:01:24,619 stage2 epoch 22200  loss 3.0028e-01  mse 3.0022e-01  pinn 5.5373e-01  (45741 s)
2026-10-01 23:04:44,357 stage2 epoch 22300  loss 2.7786e-01  mse 2.7780e-01  pinn 5.5626e-01  (45941 s)
2026-10-01 23:09:37,385 stage2 epoch 22400  loss 3.1748e-01  mse 3.1743e-01  pinn 5.3310e-01  (46234 s)
2026-10-01 23:13:09,110 stage2 epoch 22500  loss 3.3767e-01  mse 3.3762e-01  pinn 5.3940e-01  (46446 s)
2026-10-01 23:16:36,916 stage2 epoch 22600  loss 2.6315e-01  mse 2.6309e-01  pinn 5.3501e-01  (46653 s)
2026-10-01 23:20:31,773 stage2 epoch 22700  loss 2.6708e-01  mse 2.6702e-01  pinn 5.3808e-01  (46888 s)
2026-10-01 23:24:22,399 stage2 epoch 22800  loss 3.9173e-01  mse 3.9168e-01  pinn 5.3899e-01  (47119 s)
2026-10-01 23:28:00,700 stage2 epoch 22900  loss 3.0061e-01  mse 3.0056e-01  pinn 5.2210e-01  (47337 s)
2026-10-01 23:31:54,967 stage2 epoch 23000  loss 2.8944e-01  mse 2.8939e-01  pinn 5.2276e-01  (47571 s)
2026-10-01 23:35:26,936 stage2 epoch 23100  loss 3.4766e-01  mse 3.4760e-01  pinn 5.5215e-01  (47783 s)
2026-10-01 23:39:03,275 stage2 epoch 23200  loss 3.2136e-01  mse 3.2131e-01  pinn 5.2409e-01  (48000 s)
2026-10-01 23:42:43,484 stage2 epoch 23300  loss 6.3480e-01  mse 6.3475e-01  pinn 5.2549e-01  (48220 s)
2026-10-01 23:46:34,852 stage2 epoch 23400  loss 2.6370e-01  mse 2.6364e-01  pinn 5.1659e-01  (48451 s)
2026-10-01 23:50:16,358 stage2 epoch 23500  loss 3.8830e-01  mse 3.8825e-01  pinn 5.1554e-01  (48673 s)
2026-10-01 23:53:52,333 stage2 epoch 23600  loss 2.9718e-01  mse 2.9713e-01  pinn 5.0148e-01  (48889 s)
2026-10-01 23:58:29,381 stage2 epoch 23700  loss 3.4532e-01  mse 3.4527e-01  pinn 5.0951e-01  (49166 s)
2026-10-02 00:01:48,694 stage2 epoch 23800  loss 3.0616e-01  mse 3.0611e-01  pinn 5.1646e-01  (49365 s)
2026-10-02 00:05:52,451 stage2 epoch 23900  loss 5.9556e-01  mse 5.9551e-01  pinn 5.0775e-01  (49609 s)
2026-10-02 00:10:37,618 stage2 epoch 24000  loss 2.7630e-01  mse 2.7625e-01  pinn 4.8792e-01  (49894 s)
2026-10-02 00:14:30,907 stage2 epoch 24100  loss 1.1241e+00  mse 1.1240e+00  pinn 5.2820e-01  (50127 s)
2026-10-02 00:18:17,291 stage2 epoch 24200  loss 3.2815e-01  mse 3.2810e-01  pinn 5.0813e-01  (50354 s)
2026-10-02 00:22:03,723 stage2 epoch 24300  loss 2.7979e-01  mse 2.7974e-01  pinn 4.5573e-01  (50580 s)
2026-10-02 00:26:43,389 stage2 epoch 24400  loss 2.8790e-01  mse 2.8786e-01  pinn 4.7044e-01  (50860 s)
2026-10-02 00:30:27,736 stage2 epoch 24500  loss 3.5668e-01  mse 3.5663e-01  pinn 4.9294e-01  (51084 s)
2026-10-02 00:33:54,474 stage2 epoch 24600  loss 2.6441e-01  mse 2.6437e-01  pinn 4.8312e-01  (51291 s)
2026-10-02 00:37:16,463 stage2 epoch 24700  loss 2.8818e-01  mse 2.8813e-01  pinn 4.9754e-01  (51493 s)
2026-10-02 00:40:46,814 stage2 epoch 24800  loss 2.5773e-01  mse 2.5768e-01  pinn 4.9171e-01  (51703 s)
2026-10-02 00:43:59,584 stage2 epoch 24900  loss 2.8614e-01  mse 2.8609e-01  pinn 5.1487e-01  (51896 s)
2026-10-02 00:47:22,264 stage2 epoch 25000  loss 2.5778e-01  mse 2.5773e-01  pinn 5.0135e-01  (52099 s)
2026-10-02 00:47:22,282 stage 2 archive stage2_S2_seed0_epoch25000.pt  sha256 5aa1f8c05e6e7722dfcd37c7b534373b54b6fd09dab273daf92521d2957e4905
2026-10-02 00:51:12,564 stage2 epoch 25100  loss 8.1441e-01  mse 8.1434e-01  pinn 6.8388e-01  (52329 s)
2026-10-02 00:55:28,816 stage2 epoch 25200  loss 3.5986e-01  mse 3.5981e-01  pinn 5.2780e-01  (52585 s)
2026-10-02 00:59:50,396 stage2 epoch 25300  loss 2.7057e-01  mse 2.7053e-01  pinn 4.7320e-01  (52847 s)
2026-10-02 01:03:32,329 stage2 epoch 25400  loss 3.0947e-01  mse 3.0942e-01  pinn 4.8315e-01  (53069 s)
2026-10-02 01:07:38,498 stage2 epoch 25500  loss 2.6418e-01  mse 2.6413e-01  pinn 4.8186e-01  (53315 s)
2026-10-02 01:11:59,424 stage2 epoch 25600  loss 3.0676e-01  mse 3.0671e-01  pinn 4.8404e-01  (53576 s)
2026-10-02 01:15:20,275 stage2 epoch 25700  loss 2.9791e-01  mse 2.9786e-01  pinn 4.9813e-01  (53777 s)
2026-10-02 01:18:37,280 stage2 epoch 25800  loss 2.6286e-01  mse 2.6281e-01  pinn 5.0058e-01  (53974 s)
2026-10-02 01:21:50,433 stage2 epoch 25900  loss 2.6025e-01  mse 2.6020e-01  pinn 4.9869e-01  (54167 s)
2026-10-02 01:25:04,278 stage2 epoch 26000  loss 2.7600e-01  mse 2.7595e-01  pinn 5.0121e-01  (54361 s)
2026-10-02 01:28:36,189 stage2 epoch 26100  loss 2.6244e-01  mse 2.6239e-01  pinn 5.0655e-01  (54572 s)
2026-10-02 01:32:10,509 stage2 epoch 26200  loss 2.8446e-01  mse 2.8441e-01  pinn 5.3572e-01  (54787 s)
2026-10-02 01:35:40,822 stage2 epoch 26300  loss 3.2359e-01  mse 3.2354e-01  pinn 4.9102e-01  (54997 s)
2026-10-02 01:39:00,134 stage2 epoch 26400  loss 2.5451e-01  mse 2.5446e-01  pinn 4.9152e-01  (55196 s)
2026-10-02 01:42:25,715 stage2 epoch 26500  loss 2.5879e-01  mse 2.5874e-01  pinn 4.9246e-01  (55402 s)
2026-10-02 01:45:45,101 stage2 epoch 26600  loss 3.5354e-01  mse 3.5349e-01  pinn 4.9624e-01  (55601 s)
2026-10-02 01:49:08,663 stage2 epoch 26700  loss 2.6636e-01  mse 2.6631e-01  pinn 4.9358e-01  (55805 s)
2026-10-02 01:52:49,492 stage2 epoch 26800  loss 3.7050e-01  mse 3.7045e-01  pinn 4.8128e-01  (56026 s)
2026-10-02 01:56:08,821 stage2 epoch 26900  loss 3.0972e-01  mse 3.0967e-01  pinn 4.9278e-01  (56225 s)
2026-10-02 01:59:49,636 stage2 epoch 27000  loss 3.2057e-01  mse 3.2052e-01  pinn 4.8671e-01  (56446 s)
2026-10-02 02:03:18,087 stage2 epoch 27100  loss 2.4616e-01  mse 2.4611e-01  pinn 4.7707e-01  (56654 s)
2026-10-02 02:06:32,187 stage2 epoch 27200  loss 3.0620e-01  mse 3.0615e-01  pinn 4.8941e-01  (56848 s)
2026-10-02 02:10:04,110 stage2 epoch 27300  loss 7.0087e-01  mse 7.0083e-01  pinn 4.7890e-01  (57060 s)
2026-10-02 02:13:43,907 stage2 epoch 27400  loss 5.0350e-01  mse 5.0345e-01  pinn 4.8089e-01  (57280 s)
2026-10-02 02:17:09,316 stage2 epoch 27500  loss 3.3652e-01  mse 3.3646e-01  pinn 5.3728e-01  (57486 s)
2026-10-02 02:20:24,725 stage2 epoch 27600  loss 3.2946e-01  mse 3.2941e-01  pinn 4.6369e-01  (57681 s)
2026-10-02 02:23:54,422 stage2 epoch 27700  loss 2.7137e-01  mse 2.7132e-01  pinn 4.6598e-01  (57891 s)
2026-10-02 02:27:25,977 stage2 epoch 27800  loss 2.6136e-01  mse 2.6132e-01  pinn 4.7344e-01  (58102 s)
2026-10-02 02:30:44,063 stage2 epoch 27900  loss 2.9618e-01  mse 2.9613e-01  pinn 4.9255e-01  (58300 s)
2026-10-02 02:34:09,469 stage2 epoch 28000  loss 2.9404e-01  mse 2.9399e-01  pinn 4.6594e-01  (58506 s)
2026-10-02 02:37:20,186 stage2 epoch 28100  loss 2.3090e-01  mse 2.3086e-01  pinn 4.4993e-01  (58696 s)
2026-10-02 02:40:49,123 stage2 epoch 28200  loss 2.7940e-01  mse 2.7935e-01  pinn 4.5690e-01  (58905 s)
2026-10-02 02:44:14,823 stage2 epoch 28300  loss 4.3103e-01  mse 4.3098e-01  pinn 4.4521e-01  (59111 s)
2026-10-02 02:47:38,579 stage2 epoch 28400  loss 2.4871e-01  mse 2.4866e-01  pinn 5.1329e-01  (59315 s)
2026-10-02 02:51:19,771 stage2 epoch 28500  loss 2.5917e-01  mse 2.5912e-01  pinn 4.8110e-01  (59536 s)
2026-10-02 02:54:46,461 stage2 epoch 28600  loss 3.5423e-01  mse 3.5418e-01  pinn 4.6091e-01  (59743 s)
2026-10-02 02:58:16,850 stage2 epoch 28700  loss 5.1366e-01  mse 5.1361e-01  pinn 4.5922e-01  (59953 s)
2026-10-02 03:01:33,651 stage2 epoch 28800  loss 2.4514e-01  mse 2.4510e-01  pinn 4.3592e-01  (60150 s)
2026-10-02 03:04:54,166 stage2 epoch 28900  loss 2.3745e-01  mse 2.3741e-01  pinn 4.4929e-01  (60350 s)
2026-10-02 03:08:20,474 stage2 epoch 29000  loss 2.6042e-01  mse 2.6037e-01  pinn 4.5184e-01  (60557 s)
2026-10-02 03:11:54,515 stage2 epoch 29100  loss 4.2254e-01  mse 4.2249e-01  pinn 4.4831e-01  (60771 s)
2026-10-02 03:15:15,833 stage2 epoch 29200  loss 5.5045e-01  mse 5.5041e-01  pinn 4.9351e-01  (60972 s)
2026-10-02 03:18:33,889 stage2 epoch 29300  loss 5.0055e-01  mse 5.0051e-01  pinn 4.3620e-01  (61170 s)
2026-10-02 03:21:51,778 stage2 epoch 29400  loss 2.4920e-01  mse 2.4915e-01  pinn 4.4650e-01  (61368 s)
2026-10-02 03:25:50,941 stage2 epoch 29500  loss 2.4796e-01  mse 2.4791e-01  pinn 4.6761e-01  (61607 s)
2026-10-02 03:29:05,859 stage2 epoch 29600  loss 3.1846e-01  mse 3.1841e-01  pinn 4.6672e-01  (61802 s)
2026-10-02 03:32:17,440 stage2 epoch 29700  loss 3.3173e-01  mse 3.3169e-01  pinn 4.6686e-01  (61994 s)
2026-10-02 03:35:30,839 stage2 epoch 29800  loss 5.0654e-01  mse 5.0649e-01  pinn 4.7855e-01  (62187 s)
2026-10-02 03:38:51,083 stage2 epoch 29900  loss 9.2148e-01  mse 9.2144e-01  pinn 4.5526e-01  (62387 s)
2026-10-02 03:42:07,059 stage2 epoch 30000  loss 2.6507e-01  mse 2.6502e-01  pinn 4.3624e-01  (62583 s)
2026-10-02 03:42:07,140 stage 2 archive stage2_S2_seed0_epoch30000.pt  sha256 2db8c1bde29a4255ce7d8b6b94f9900efe4324d1394e37ba631128217d4c9c7f
2026-10-02 03:45:24,649 stage2 epoch 30100  loss 2.6539e-01  mse 2.6534e-01  pinn 4.3792e-01  (62781 s)
2026-10-02 03:48:39,554 stage2 epoch 30200  loss 3.3851e-01  mse 3.3847e-01  pinn 4.5045e-01  (62976 s)
2026-10-02 03:52:04,803 stage2 epoch 30300  loss 2.3702e-01  mse 2.3697e-01  pinn 4.3869e-01  (63181 s)
2026-10-02 03:55:20,822 stage2 epoch 30400  loss 2.7616e-01  mse 2.7612e-01  pinn 4.5026e-01  (63377 s)
2026-10-02 03:58:43,386 stage2 epoch 30500  loss 2.3474e-01  mse 2.3470e-01  pinn 4.2493e-01  (63579 s)
2026-10-02 04:01:55,998 stage2 epoch 30600  loss 3.4546e-01  mse 3.4542e-01  pinn 4.3293e-01  (63772 s)
2026-10-02 04:05:14,976 stage2 epoch 30700  loss 5.1225e-01  mse 5.1221e-01  pinn 4.6106e-01  (63971 s)
2026-10-02 04:08:27,713 stage2 epoch 30800  loss 2.7272e-01  mse 2.7267e-01  pinn 4.4561e-01  (64164 s)
2026-10-02 04:11:34,261 stage2 epoch 30900  loss 2.0279e-01  mse 2.0274e-01  pinn 4.2183e-01  (64350 s)
2026-10-02 04:14:43,517 stage2 epoch 31000  loss 4.5299e-01  mse 4.5295e-01  pinn 4.1530e-01  (64540 s)
2026-10-02 04:17:47,869 stage2 epoch 31100  loss 3.3894e-01  mse 3.3889e-01  pinn 4.4181e-01  (64724 s)
2026-10-02 04:20:57,865 stage2 epoch 31200  loss 2.4016e-01  mse 2.4012e-01  pinn 4.2232e-01  (64914 s)
2026-10-02 04:24:09,633 stage2 epoch 31300  loss 1.9691e-01  mse 1.9687e-01  pinn 4.0583e-01  (65106 s)
2026-10-02 04:27:17,803 stage2 epoch 31400  loss 2.3320e-01  mse 2.3316e-01  pinn 3.8830e-01  (65294 s)
2026-10-02 04:30:26,249 stage2 epoch 31500  loss 2.8956e-01  mse 2.8952e-01  pinn 4.0591e-01  (65482 s)
2026-10-02 04:33:34,994 stage2 epoch 31600  loss 1.9288e-01  mse 1.9284e-01  pinn 4.1455e-01  (65671 s)
2026-10-02 04:36:45,257 stage2 epoch 31700  loss 6.4474e-01  mse 6.4470e-01  pinn 3.8579e-01  (65861 s)
2026-10-02 04:39:55,025 stage2 epoch 31800  loss 2.5655e-01  mse 2.5651e-01  pinn 4.0888e-01  (66051 s)
2026-10-02 04:43:12,643 stage2 epoch 31900  loss 2.7555e-01  mse 2.7551e-01  pinn 4.0302e-01  (66249 s)
2026-10-02 04:46:22,957 stage2 epoch 32000  loss 3.5263e-01  mse 3.5259e-01  pinn 3.9057e-01  (66439 s)
2026-10-02 04:49:32,743 stage2 epoch 32100  loss 2.1750e-01  mse 2.1745e-01  pinn 4.2592e-01  (66629 s)
2026-10-02 04:52:42,046 stage2 epoch 32200  loss 4.9430e-01  mse 4.9427e-01  pinn 3.8944e-01  (66818 s)
2026-10-02 04:55:52,836 stage2 epoch 32300  loss 2.0258e-01  mse 2.0254e-01  pinn 3.8595e-01  (67009 s)
2026-10-02 04:59:00,372 stage2 epoch 32400  loss 4.4922e-01  mse 4.4918e-01  pinn 4.0496e-01  (67196 s)
2026-10-02 05:02:10,279 stage2 epoch 32500  loss 5.1781e-01  mse 5.1777e-01  pinn 4.7618e-01  (67386 s)
2026-10-02 05:05:19,887 stage2 epoch 32600  loss 2.6466e-01  mse 2.6462e-01  pinn 4.2252e-01  (67576 s)
2026-10-02 05:08:29,326 stage2 epoch 32700  loss 1.9878e-01  mse 1.9873e-01  pinn 4.1005e-01  (67765 s)
2026-10-02 05:11:41,587 stage2 epoch 32800  loss 4.0486e-01  mse 4.0482e-01  pinn 3.9001e-01  (67958 s)
2026-10-02 05:14:54,596 stage2 epoch 32900  loss 2.8310e-01  mse 2.8306e-01  pinn 4.1127e-01  (68151 s)
2026-10-02 05:18:10,553 stage2 epoch 33000  loss 2.1353e-01  mse 2.1349e-01  pinn 4.4768e-01  (68347 s)
2026-10-02 05:21:26,144 stage2 epoch 33100  loss 2.9675e-01  mse 2.9671e-01  pinn 3.8672e-01  (68542 s)
2026-10-02 05:24:40,308 stage2 epoch 33200  loss 2.2708e-01  mse 2.2704e-01  pinn 3.8287e-01  (68736 s)
2026-10-02 05:27:53,454 stage2 epoch 33300  loss 1.9108e-01  mse 1.9104e-01  pinn 3.9430e-01  (68929 s)
2026-10-02 05:31:05,246 stage2 epoch 33400  loss 2.3311e-01  mse 2.3307e-01  pinn 4.0598e-01  (69121 s)
2026-10-02 05:34:16,753 stage2 epoch 33500  loss 2.0193e-01  mse 2.0189e-01  pinn 3.8161e-01  (69313 s)
2026-10-02 05:37:32,144 stage2 epoch 33600  loss 2.9865e-01  mse 2.9862e-01  pinn 3.8991e-01  (69508 s)
2026-10-02 05:40:45,796 stage2 epoch 33700  loss 2.1006e-01  mse 2.1003e-01  pinn 3.7198e-01  (69702 s)
2026-10-02 05:44:01,327 stage2 epoch 33800  loss 1.7915e-01  mse 1.7911e-01  pinn 3.6300e-01  (69897 s)
2026-10-02 05:47:16,268 stage2 epoch 33900  loss 2.7311e-01  mse 2.7307e-01  pinn 3.6817e-01  (70092 s)
2026-10-02 05:50:29,241 stage2 epoch 34000  loss 2.0469e-01  mse 2.0465e-01  pinn 4.1729e-01  (70285 s)
2026-10-02 05:53:48,121 stage2 epoch 34100  loss 4.6710e-01  mse 4.6706e-01  pinn 3.6557e-01  (70484 s)
2026-10-02 05:57:30,166 stage2 epoch 34200  loss 3.8521e-01  mse 3.8514e-01  pinn 6.9398e-01  (70706 s)
2026-10-02 06:00:59,141 stage2 epoch 34300  loss 3.5166e-01  mse 3.5161e-01  pinn 5.0916e-01  (70915 s)
2026-10-02 06:04:22,341 stage2 epoch 34400  loss 2.1277e-01  mse 2.1272e-01  pinn 5.0250e-01  (71118 s)
2026-10-02 06:07:44,377 stage2 epoch 34500  loss 2.0610e-01  mse 2.0605e-01  pinn 4.7636e-01  (71320 s)
2026-10-02 06:11:10,870 stage2 epoch 34600  loss 2.9819e-01  mse 2.9814e-01  pinn 4.6145e-01  (71527 s)
2026-10-02 06:14:36,384 stage2 epoch 34700  loss 3.0145e-01  mse 3.0141e-01  pinn 4.1850e-01  (71732 s)
2026-10-02 06:17:57,508 stage2 epoch 34800  loss 2.1540e-01  mse 2.1536e-01  pinn 4.0553e-01  (71934 s)
2026-10-02 06:21:16,522 stage2 epoch 34900  loss 2.8058e-01  mse 2.8054e-01  pinn 3.9238e-01  (72133 s)
2026-10-02 06:24:37,811 stage2 epoch 35000  loss 3.2265e-01  mse 3.2261e-01  pinn 3.9529e-01  (72334 s)
2026-10-02 06:24:37,877 stage 2 archive stage2_S2_seed0_epoch35000.pt  sha256 904e5bdac29371683a27d5df8c50c47facf218bc73d8d0718f07fd7062ebdd4a
2026-10-02 06:27:59,685 stage2 epoch 35100  loss 4.6444e-01  mse 4.6440e-01  pinn 3.7390e-01  (72536 s)
2026-10-02 06:31:18,709 stage2 epoch 35200  loss 2.5035e-01  mse 2.5031e-01  pinn 3.5483e-01  (72735 s)
2026-10-02 06:34:37,542 stage2 epoch 35300  loss 1.8417e-01  mse 1.8413e-01  pinn 3.6073e-01  (72934 s)
2026-10-02 06:37:56,739 stage2 epoch 35400  loss 5.6914e-01  mse 5.6910e-01  pinn 3.6966e-01  (73133 s)
2026-10-02 06:41:13,858 stage2 epoch 35500  loss 5.1223e-01  mse 5.1219e-01  pinn 3.6363e-01  (73330 s)
2026-10-02 06:44:32,409 stage2 epoch 35600  loss 1.9332e-01  mse 1.9329e-01  pinn 3.5929e-01  (73528 s)
2026-10-02 06:47:49,174 stage2 epoch 35700  loss 2.4143e-01  mse 2.4139e-01  pinn 3.7124e-01  (73725 s)
2026-10-02 06:51:10,133 stage2 epoch 35800  loss 2.1681e-01  mse 2.1678e-01  pinn 3.3948e-01  (73926 s)
2026-10-02 06:54:31,181 stage2 epoch 35900  loss 1.6933e-01  mse 1.6929e-01  pinn 3.7160e-01  (74127 s)
2026-10-02 06:57:53,421 stage2 epoch 36000  loss 1.7236e-01  mse 1.7233e-01  pinn 3.6697e-01  (74329 s)
2026-10-02 07:01:15,065 stage2 epoch 36100  loss 1.8145e-01  mse 1.8142e-01  pinn 3.4672e-01  (74531 s)
2026-10-02 07:04:38,514 stage2 epoch 36200  loss 3.2497e-01  mse 3.2493e-01  pinn 3.5368e-01  (74735 s)
2026-10-02 07:08:00,465 stage2 epoch 36300  loss 1.9911e-01  mse 1.9908e-01  pinn 3.6479e-01  (74936 s)
2026-10-02 07:11:22,267 stage2 epoch 36400  loss 2.7272e-01  mse 2.7268e-01  pinn 3.7314e-01  (75138 s)
2026-10-02 07:14:45,536 stage2 epoch 36500  loss 3.0235e-01  mse 3.0231e-01  pinn 3.6635e-01  (75342 s)
2026-10-02 07:18:06,952 stage2 epoch 36600  loss 1.7261e-01  mse 1.7258e-01  pinn 3.5479e-01  (75543 s)
2026-10-02 07:21:27,780 stage2 epoch 36700  loss 1.9753e-01  mse 1.9750e-01  pinn 3.5228e-01  (75744 s)
2026-10-02 07:24:48,331 stage2 epoch 36800  loss 1.5756e-01  mse 1.5752e-01  pinn 3.6542e-01  (75944 s)
2026-10-02 07:28:10,863 stage2 epoch 36900  loss 1.6857e-01  mse 1.6853e-01  pinn 3.7374e-01  (76147 s)
2026-10-02 07:31:35,296 stage2 epoch 37000  loss 1.6178e-01  mse 1.6174e-01  pinn 3.7184e-01  (76351 s)
2026-10-02 07:34:58,334 stage2 epoch 37100  loss 2.0448e-01  mse 2.0444e-01  pinn 3.5869e-01  (76554 s)
2026-10-02 07:38:20,528 stage2 epoch 37200  loss 1.6551e-01  mse 1.6547e-01  pinn 3.7445e-01  (76757 s)
2026-10-02 07:41:42,699 stage2 epoch 37300  loss 3.5487e-01  mse 3.5483e-01  pinn 3.6396e-01  (76959 s)
2026-10-02 07:45:07,149 stage2 epoch 37400  loss 1.6261e-01  mse 1.6258e-01  pinn 3.6393e-01  (77163 s)
2026-10-02 07:48:32,810 stage2 epoch 37500  loss 2.6695e-01  mse 2.6691e-01  pinn 3.8223e-01  (77369 s)
2026-10-02 07:51:57,803 stage2 epoch 37600  loss 3.1864e-01  mse 3.1860e-01  pinn 3.4889e-01  (77574 s)
2026-10-02 07:55:23,248 stage2 epoch 37700  loss 1.5700e-01  mse 1.5697e-01  pinn 3.5981e-01  (77779 s)
2026-10-02 07:58:47,357 stage2 epoch 37800  loss 6.8534e-01  mse 6.8530e-01  pinn 3.5733e-01  (77983 s)
2026-10-02 08:02:11,789 stage2 epoch 37900  loss 1.6114e-01  mse 1.6110e-01  pinn 3.5377e-01  (78188 s)
2026-10-02 08:05:37,914 stage2 epoch 38000  loss 3.0212e-01  mse 3.0208e-01  pinn 3.8354e-01  (78394 s)
2026-10-02 08:09:05,083 stage2 epoch 38100  loss 3.6626e-01  mse 3.6621e-01  pinn 4.1860e-01  (78601 s)
2026-10-02 08:12:29,795 stage2 epoch 38200  loss 5.8908e-01  mse 5.8905e-01  pinn 3.4067e-01  (78806 s)
2026-10-02 08:15:55,122 stage2 epoch 38300  loss 2.7108e-01  mse 2.7105e-01  pinn 3.8686e-01  (79011 s)
2026-10-02 08:19:21,308 stage2 epoch 38400  loss 2.7942e-01  mse 2.7939e-01  pinn 3.6183e-01  (79217 s)
2026-10-02 08:22:46,659 stage2 epoch 38500  loss 3.9389e-01  mse 3.9385e-01  pinn 3.6326e-01  (79423 s)
2026-10-02 08:26:14,169 stage2 epoch 38600  loss 1.8232e-01  mse 1.8228e-01  pinn 3.7584e-01  (79630 s)
2026-10-02 08:29:40,432 stage2 epoch 38700  loss 2.9561e-01  mse 2.9555e-01  pinn 5.7092e-01  (79836 s)
2026-10-02 08:33:08,356 stage2 epoch 38800  loss 1.5999e-01  mse 1.5995e-01  pinn 4.0692e-01  (80044 s)
2026-10-02 08:36:38,674 stage2 epoch 38900  loss 2.3126e-01  mse 2.3122e-01  pinn 3.6216e-01  (80255 s)
2026-10-02 08:40:08,021 stage2 epoch 39000  loss 2.0077e-01  mse 2.0073e-01  pinn 3.5540e-01  (80464 s)
2026-10-02 08:43:36,386 stage2 epoch 39100  loss 4.1962e-01  mse 4.1958e-01  pinn 3.9632e-01  (80672 s)
2026-10-02 08:47:06,657 stage2 epoch 39200  loss 5.7572e-01  mse 5.7568e-01  pinn 3.8615e-01  (80883 s)
2026-10-02 08:50:40,725 stage2 epoch 39300  loss 2.1371e-01  mse 2.1367e-01  pinn 3.6270e-01  (81097 s)
2026-10-02 08:54:09,014 stage2 epoch 39400  loss 4.0423e-01  mse 4.0419e-01  pinn 3.9823e-01  (81305 s)
2026-10-02 08:57:41,270 stage2 epoch 39500  loss 1.8043e-01  mse 1.8040e-01  pinn 3.8735e-01  (81517 s)
2026-10-02 09:01:10,730 stage2 epoch 39600  loss 2.4684e-01  mse 2.4680e-01  pinn 3.8017e-01  (81727 s)
2026-10-02 09:04:39,663 stage2 epoch 39700  loss 1.4089e-01  mse 1.4085e-01  pinn 3.7785e-01  (81936 s)
2026-10-02 09:08:06,739 stage2 epoch 39800  loss 1.5734e-01  mse 1.5730e-01  pinn 3.7677e-01  (82143 s)
2026-10-02 09:11:37,647 stage2 epoch 39900  loss 1.5093e-01  mse 1.5089e-01  pinn 3.8501e-01  (82354 s)
2026-10-02 09:15:08,320 stage2 epoch 40000  loss 1.7931e-01  mse 1.7927e-01  pinn 3.9062e-01  (82564 s)
2026-10-02 09:15:08,335 stage 2 archive stage2_S2_seed0_epoch40000.pt  sha256 bc698156d9365a00671409ae918af5a967559d2fc242d32ec00f17141f858cbd
2026-10-02 09:18:40,017 stage2 epoch 40100  loss 4.6387e-01  mse 4.6383e-01  pinn 3.6525e-01  (82776 s)
2026-10-02 09:22:07,544 stage2 epoch 40200  loss 1.4382e-01  mse 1.4378e-01  pinn 3.8330e-01  (82984 s)
2026-10-02 09:25:38,726 stage2 epoch 40300  loss 1.6639e-01  mse 1.6635e-01  pinn 3.9532e-01  (83195 s)
2026-10-02 09:29:05,182 stage2 epoch 40400  loss 1.4349e-01  mse 1.4345e-01  pinn 3.6822e-01  (83401 s)
2026-10-02 09:32:33,596 stage2 epoch 40500  loss 4.8678e-01  mse 4.8673e-01  pinn 5.2300e-01  (83610 s)
2026-10-02 09:36:11,655 stage2 epoch 40600  loss 4.5889e-01  mse 4.5886e-01  pinn 3.5110e-01  (83828 s)
2026-10-02 09:39:37,538 stage2 epoch 40700  loss 1.4596e-01  mse 1.4592e-01  pinn 3.9465e-01  (84034 s)
2026-10-02 09:43:06,886 stage2 epoch 40800  loss 1.5414e-01  mse 1.5411e-01  pinn 3.7658e-01  (84243 s)
2026-10-02 09:46:45,873 stage2 epoch 40900  loss 3.3981e-01  mse 3.3977e-01  pinn 3.8242e-01  (84462 s)
2026-10-02 09:50:15,180 stage2 epoch 41000  loss 2.1274e-01  mse 2.1270e-01  pinn 3.8190e-01  (84671 s)
2026-10-02 09:53:43,089 stage2 epoch 41100  loss 3.1270e-01  mse 3.1266e-01  pinn 4.4735e-01  (84879 s)
2026-10-02 09:57:11,606 stage2 epoch 41200  loss 5.9143e-01  mse 5.9140e-01  pinn 3.8704e-01  (85088 s)
2026-10-02 10:00:39,752 stage2 epoch 41300  loss 4.2536e-01  mse 4.2532e-01  pinn 3.7843e-01  (85296 s)
2026-10-02 10:04:08,342 stage2 epoch 41400  loss 1.5593e-01  mse 1.5589e-01  pinn 3.8142e-01  (85504 s)
2026-10-02 10:07:40,414 stage2 epoch 41500  loss 3.4992e-01  mse 3.4989e-01  pinn 3.6624e-01  (85716 s)
2026-10-02 10:11:12,156 stage2 epoch 41600  loss 5.1359e-01  mse 5.1356e-01  pinn 3.8189e-01  (85928 s)
2026-10-02 10:14:45,682 stage2 epoch 41700  loss 2.4827e-01  mse 2.4823e-01  pinn 4.1346e-01  (86142 s)
2026-10-02 10:18:35,981 stage2 epoch 41800  loss 5.0987e-01  mse 5.0983e-01  pinn 3.7143e-01  (86372 s)
2026-10-02 10:22:14,997 stage2 epoch 41900  loss 2.1760e-01  mse 2.1756e-01  pinn 3.7565e-01  (86591 s)
2026-10-02 10:25:47,010 stage2 epoch 42000  loss 1.5474e-01  mse 1.5470e-01  pinn 3.8183e-01  (86803 s)
2026-10-02 10:29:19,618 stage2 epoch 42100  loss 5.0458e-01  mse 5.0453e-01  pinn 4.4778e-01  (87016 s)
2026-10-02 10:32:54,145 stage2 epoch 42200  loss 4.0968e-01  mse 4.0964e-01  pinn 3.9419e-01  (87230 s)
2026-10-02 10:36:26,633 stage2 epoch 42300  loss 2.3992e-01  mse 2.3988e-01  pinn 3.7779e-01  (87443 s)
2026-10-02 10:40:19,316 stage2 epoch 42400  loss 2.0248e-01  mse 2.0244e-01  pinn 3.9708e-01  (87675 s)
2026-10-02 10:44:11,342 stage2 epoch 42500  loss 8.5224e-01  mse 8.5220e-01  pinn 4.0985e-01  (87907 s)
2026-10-02 10:48:10,609 stage2 epoch 42600  loss 2.8755e-01  mse 2.8750e-01  pinn 4.0358e-01  (88147 s)
2026-10-02 10:51:57,053 stage2 epoch 42700  loss 1.5765e-01  mse 1.5762e-01  pinn 3.8289e-01  (88373 s)
2026-10-02 10:55:42,453 stage2 epoch 42800  loss 2.3548e-01  mse 2.3544e-01  pinn 3.7542e-01  (88598 s)
2026-10-02 10:59:15,335 stage2 epoch 42900  loss 2.1706e-01  mse 2.1702e-01  pinn 3.7598e-01  (88811 s)
2026-10-02 11:02:47,193 stage2 epoch 43000  loss 2.2887e-01  mse 2.2883e-01  pinn 3.7826e-01  (89023 s)
2026-10-02 11:06:17,276 stage2 epoch 43100  loss 3.6623e-01  mse 3.6619e-01  pinn 4.1700e-01  (89233 s)
2026-10-02 11:09:48,259 stage2 epoch 43200  loss 1.8309e-01  mse 1.8306e-01  pinn 3.8339e-01  (89444 s)
2026-10-02 11:13:19,744 stage2 epoch 43300  loss 1.2959e-01  mse 1.2955e-01  pinn 3.8432e-01  (89656 s)
2026-10-02 11:16:49,267 stage2 epoch 43400  loss 2.9071e-01  mse 2.9067e-01  pinn 3.7445e-01  (89865 s)
2026-10-02 11:20:18,714 stage2 epoch 43500  loss 5.7980e-01  mse 5.7977e-01  pinn 3.9114e-01  (90075 s)
2026-10-02 11:23:53,360 stage2 epoch 43600  loss 1.4869e-01  mse 1.4865e-01  pinn 3.9006e-01  (90289 s)
2026-10-02 11:27:24,250 stage2 epoch 43700  loss 4.1981e-01  mse 4.1977e-01  pinn 3.7825e-01  (90500 s)
2026-10-02 11:30:54,748 stage2 epoch 43800  loss 2.8824e-01  mse 2.8820e-01  pinn 3.8894e-01  (90711 s)
2026-10-02 11:34:24,538 stage2 epoch 43900  loss 1.8524e-01  mse 1.8520e-01  pinn 4.0367e-01  (90921 s)
2026-10-02 11:37:51,624 stage2 epoch 44000  loss 2.2705e-01  mse 2.2702e-01  pinn 3.7294e-01  (91128 s)
2026-10-02 11:41:21,245 stage2 epoch 44100  loss 1.5546e-01  mse 1.5542e-01  pinn 4.2171e-01  (91337 s)
2026-10-02 11:44:53,146 stage2 epoch 44200  loss 6.0168e-01  mse 6.0165e-01  pinn 3.7433e-01  (91549 s)
2026-10-02 11:48:22,763 stage2 epoch 44300  loss 1.9403e-01  mse 1.9399e-01  pinn 3.8221e-01  (91759 s)
2026-10-02 11:51:55,475 stage2 epoch 44400  loss 3.5849e-01  mse 3.5845e-01  pinn 3.7376e-01  (91972 s)
2026-10-02 11:55:32,678 stage2 epoch 44500  loss 3.4423e-01  mse 3.4419e-01  pinn 4.2521e-01  (92189 s)
2026-10-02 11:59:20,306 stage2 epoch 44600  loss 1.4817e-01  mse 1.4813e-01  pinn 4.0742e-01  (92416 s)
2026-10-02 12:03:05,027 stage2 epoch 44700  loss 3.6583e-01  mse 3.6579e-01  pinn 3.9417e-01  (92641 s)
2026-10-02 12:07:03,668 stage2 epoch 44800  loss 1.2405e-01  mse 1.2401e-01  pinn 3.7223e-01  (92880 s)
2026-10-02 12:11:24,555 stage2 epoch 44900  loss 7.0470e-01  mse 7.0466e-01  pinn 3.6942e-01  (93141 s)
2026-10-02 12:15:37,997 stage2 epoch 45000  loss 6.3698e-01  mse 6.3694e-01  pinn 3.8716e-01  (93394 s)
2026-10-02 12:15:38,021 stage 2 archive stage2_S2_seed0_epoch45000.pt  sha256 b692dbe4d9e721b7fb5401cccd1fe5443ae6cefc8d297d38d49ca5513b3b514b
2026-10-02 12:19:47,521 stage2 epoch 45100  loss 2.0483e-01  mse 2.0479e-01  pinn 3.8545e-01  (93644 s)
2026-10-02 12:23:32,642 stage2 epoch 45200  loss 1.9314e-01  mse 1.9311e-01  pinn 3.6899e-01  (93869 s)
2026-10-02 12:27:43,329 stage2 epoch 45300  loss 1.3269e-01  mse 1.3265e-01  pinn 3.9509e-01  (94119 s)
2026-10-02 12:31:51,580 stage2 epoch 45400  loss 1.8580e-01  mse 1.8576e-01  pinn 3.8452e-01  (94368 s)
2026-10-02 12:36:03,345 stage2 epoch 45500  loss 1.4909e-01  mse 1.4905e-01  pinn 3.7329e-01  (94619 s)
2026-10-02 12:40:23,283 stage2 epoch 45600  loss 4.9715e-01  mse 4.9712e-01  pinn 3.9079e-01  (94879 s)
2026-10-02 12:44:40,865 stage2 epoch 45700  loss 1.8084e-01  mse 1.8080e-01  pinn 3.8529e-01  (95137 s)
2026-10-02 12:49:14,582 stage2 epoch 45800  loss 4.3874e-01  mse 4.3870e-01  pinn 3.6845e-01  (95411 s)
2026-10-02 12:53:50,465 stage2 epoch 45900  loss 1.6635e-01  mse 1.6631e-01  pinn 3.8051e-01  (95686 s)
2026-10-02 12:58:23,734 stage2 epoch 46000  loss 1.6119e-01  mse 1.6115e-01  pinn 3.7729e-01  (95960 s)
2026-10-02 13:02:09,535 stage2 epoch 46100  loss 1.2131e-01  mse 1.2128e-01  pinn 3.6723e-01  (96186 s)
2026-10-02 13:05:56,978 stage2 epoch 46200  loss 2.0493e-01  mse 2.0490e-01  pinn 3.7417e-01  (96413 s)
2026-10-02 13:09:58,906 stage2 epoch 46300  loss 2.9270e-01  mse 2.9267e-01  pinn 3.5801e-01  (96655 s)
2026-10-02 13:13:36,526 stage2 epoch 46400  loss 1.6764e-01  mse 1.6760e-01  pinn 3.9492e-01  (96873 s)
2026-10-02 13:18:05,601 stage2 epoch 46500  loss 4.2521e-01  mse 4.2514e-01  pinn 7.0516e-01  (97142 s)
2026-10-02 13:22:35,838 stage2 epoch 46600  loss 2.4712e-01  mse 2.4707e-01  pinn 5.1777e-01  (97412 s)
2026-10-02 13:26:25,091 stage2 epoch 46700  loss 3.4007e-01  mse 3.4003e-01  pinn 4.0091e-01  (97641 s)
2026-10-02 13:30:31,921 stage2 epoch 46800  loss 2.9204e-01  mse 2.9200e-01  pinn 4.0040e-01  (97888 s)
2026-10-02 13:34:24,138 stage2 epoch 46900  loss 1.6882e-01  mse 1.6878e-01  pinn 3.7700e-01  (98120 s)
2026-10-02 13:38:20,982 stage2 epoch 47000  loss 2.0384e-01  mse 2.0380e-01  pinn 3.6297e-01  (98357 s)
2026-10-02 13:42:21,302 stage2 epoch 47100  loss 1.8756e-01  mse 1.8752e-01  pinn 3.7469e-01  (98597 s)
2026-10-02 13:46:01,310 stage2 epoch 47200  loss 1.4569e-01  mse 1.4565e-01  pinn 3.6577e-01  (98817 s)
2026-10-02 13:50:07,090 stage2 epoch 47300  loss 2.0013e-01  mse 2.0009e-01  pinn 3.6936e-01  (99063 s)
2026-10-02 13:54:51,288 stage2 epoch 47400  loss 3.7934e-01  mse 3.7930e-01  pinn 3.7488e-01  (99347 s)
2026-10-02 13:59:29,919 stage2 epoch 47500  loss 1.8232e-01  mse 1.8228e-01  pinn 3.6249e-01  (99626 s)
2026-10-02 14:04:27,735 stage2 epoch 47600  loss 3.6724e-01  mse 3.6720e-01  pinn 3.8215e-01  (99924 s)
2026-10-02 14:08:32,510 stage2 epoch 47700  loss 1.2051e-01  mse 1.2048e-01  pinn 3.6419e-01  (100168 s)
2026-10-02 14:12:27,440 stage2 epoch 47800  loss 1.2849e-01  mse 1.2845e-01  pinn 3.5819e-01  (100403 s)
2026-10-02 14:16:26,729 stage2 epoch 47900  loss 1.2545e-01  mse 1.2542e-01  pinn 3.5266e-01  (100643 s)
2026-10-02 14:20:29,565 stage2 epoch 48000  loss 1.3544e-01  mse 1.3541e-01  pinn 3.7677e-01  (100885 s)
2026-10-02 14:25:05,809 stage2 epoch 48100  loss 4.0427e-01  mse 4.0424e-01  pinn 3.6516e-01  (101162 s)
2026-10-02 14:29:51,818 stage2 epoch 48200  loss 3.3227e-01  mse 3.3223e-01  pinn 3.6704e-01  (101448 s)
2026-10-02 14:33:46,453 stage2 epoch 48300  loss 2.8821e-01  mse 2.8817e-01  pinn 3.6703e-01  (101682 s)
2026-10-02 14:37:55,715 stage2 epoch 48400  loss 7.8177e-01  mse 7.8173e-01  pinn 3.6481e-01  (101932 s)
2026-10-02 14:43:16,039 stage2 epoch 48500  loss 1.5116e-01  mse 1.5112e-01  pinn 3.9803e-01  (102252 s)
2026-10-02 14:47:53,625 stage2 epoch 48600  loss 3.7528e-01  mse 3.7524e-01  pinn 3.6216e-01  (102529 s)
2026-10-02 14:52:14,056 stage2 epoch 48700  loss 1.7142e-01  mse 1.7138e-01  pinn 3.8606e-01  (102790 s)
2026-10-02 14:56:24,828 stage2 epoch 48800  loss 1.5548e-01  mse 1.5544e-01  pinn 3.8707e-01  (103041 s)
2026-10-02 15:00:00,049 stage2 epoch 48900  loss 1.3725e-01  mse 1.3722e-01  pinn 3.7500e-01  (103256 s)
2026-10-02 15:03:33,528 stage2 epoch 49000  loss 1.6862e-01  mse 1.6858e-01  pinn 3.7617e-01  (103469 s)
2026-10-02 15:07:04,918 stage2 epoch 49100  loss 1.8144e-01  mse 1.8140e-01  pinn 3.7703e-01  (103681 s)
2026-10-02 15:10:36,534 stage2 epoch 49200  loss 2.2019e-01  mse 2.2015e-01  pinn 3.7216e-01  (103892 s)
2026-10-02 15:14:09,901 stage2 epoch 49300  loss 1.4735e-01  mse 1.4731e-01  pinn 3.7253e-01  (104106 s)
2026-10-02 15:17:40,281 stage2 epoch 49400  loss 5.0158e-01  mse 5.0154e-01  pinn 3.6763e-01  (104316 s)
2026-10-02 15:21:15,440 stage2 epoch 49500  loss 2.6805e-01  mse 2.6801e-01  pinn 3.6012e-01  (104531 s)
2026-10-02 15:24:49,779 stage2 epoch 49600  loss 1.5625e-01  mse 1.5622e-01  pinn 3.5412e-01  (104746 s)
2026-10-02 15:28:23,085 stage2 epoch 49700  loss 1.5875e-01  mse 1.5871e-01  pinn 3.7996e-01  (104959 s)
2026-10-02 15:31:55,268 stage2 epoch 49800  loss 3.1651e-01  mse 3.1647e-01  pinn 3.9533e-01  (105171 s)
2026-10-02 15:35:32,408 stage2 epoch 49900  loss 3.1142e-01  mse 3.1138e-01  pinn 4.9338e-01  (105388 s)
2026-10-02 15:39:10,867 stage2 epoch 50000  loss 2.0070e-01  mse 2.0066e-01  pinn 4.2189e-01  (105607 s)
2026-10-02 15:39:10,887 stage 2 archive stage2_S2_seed0_epoch50000.pt  sha256 6b7ef2e2bdef6e4fea83086faf52208b92abfaffdaf91fcfb1a5bbb9c22d6e92
2026-10-02 15:43:06,679 stage2 epoch 50100  loss 4.4497e-01  mse 4.4493e-01  pinn 3.9336e-01  (105842 s)
2026-10-02 15:46:51,776 stage2 epoch 50200  loss 4.2655e-01  mse 4.2651e-01  pinn 3.8817e-01  (106068 s)
2026-10-02 15:50:36,142 stage2 epoch 50300  loss 1.8038e-01  mse 1.8034e-01  pinn 3.7737e-01  (106292 s)
2026-10-02 15:54:21,648 stage2 epoch 50400  loss 1.8595e-01  mse 1.8591e-01  pinn 3.6950e-01  (106517 s)
2026-10-02 15:58:04,550 stage2 epoch 50500  loss 1.2403e-01  mse 1.2399e-01  pinn 3.7188e-01  (106740 s)
2026-10-02 16:02:01,929 stage2 epoch 50600  loss 3.2557e-01  mse 3.2553e-01  pinn 3.6473e-01  (106978 s)
2026-10-02 16:05:57,133 stage2 epoch 50700  loss 1.2248e-01  mse 1.2244e-01  pinn 3.6501e-01  (107213 s)
2026-10-02 16:09:48,679 stage2 epoch 50800  loss 2.4854e-01  mse 2.4851e-01  pinn 3.4923e-01  (107444 s)
2026-10-02 16:13:36,190 stage2 epoch 50900  loss 6.7341e-01  mse 6.7337e-01  pinn 3.6466e-01  (107672 s)
2026-10-02 16:17:25,245 stage2 epoch 51000  loss 1.1577e-01  mse 1.1574e-01  pinn 3.4937e-01  (107901 s)
2026-10-02 16:21:08,803 stage2 epoch 51100  loss 1.2517e-01  mse 1.2513e-01  pinn 3.6906e-01  (108125 s)
2026-10-02 16:24:55,931 stage2 epoch 51200  loss 2.8728e-01  mse 2.8725e-01  pinn 3.4790e-01  (108352 s)
2026-10-02 16:28:42,903 stage2 epoch 51300  loss 1.7912e-01  mse 1.7908e-01  pinn 3.5178e-01  (108579 s)
2026-10-02 16:32:32,279 stage2 epoch 51400  loss 2.5798e-01  mse 2.5794e-01  pinn 3.5182e-01  (108808 s)
2026-10-02 16:36:19,144 stage2 epoch 51500  loss 4.8874e-01  mse 4.8871e-01  pinn 3.3068e-01  (109035 s)
2026-10-02 16:40:15,389 stage2 epoch 51600  loss 1.3133e-01  mse 1.3130e-01  pinn 3.2971e-01  (109271 s)
2026-10-02 16:44:04,105 stage2 epoch 51700  loss 1.3212e-01  mse 1.3209e-01  pinn 3.3642e-01  (109500 s)
2026-10-02 16:48:29,025 stage2 epoch 51800  loss 1.2043e-01  mse 1.2040e-01  pinn 3.4437e-01  (109765 s)
2026-10-02 16:52:29,287 stage2 epoch 51900  loss 1.3761e-01  mse 1.3758e-01  pinn 3.7109e-01  (110005 s)
2026-10-02 16:56:43,093 stage2 epoch 52000  loss 3.3510e-01  mse 3.3507e-01  pinn 3.2209e-01  (110259 s)
2026-10-02 17:00:27,688 stage2 epoch 52100  loss 1.1168e-01  mse 1.1164e-01  pinn 3.3722e-01  (110483 s)
2026-10-02 17:04:24,193 stage2 epoch 52200  loss 1.7119e-01  mse 1.7115e-01  pinn 3.4010e-01  (110720 s)
2026-10-02 17:08:46,381 stage2 epoch 52300  loss 2.4366e-01  mse 2.4362e-01  pinn 3.7096e-01  (110982 s)
2026-10-02 17:13:53,708 stage2 epoch 52400  loss 1.6894e-01  mse 1.6891e-01  pinn 3.7062e-01  (111289 s)
2026-10-02 17:18:17,783 stage2 epoch 52500  loss 1.9775e-01  mse 1.9772e-01  pinn 3.5152e-01  (111553 s)
2026-10-02 17:23:12,298 stage2 epoch 52600  loss 2.0524e-01  mse 2.0520e-01  pinn 3.2592e-01  (111848 s)
2026-10-02 17:28:38,746 stage2 epoch 52700  loss 1.5833e-01  mse 1.5830e-01  pinn 3.1670e-01  (112174 s)
2026-10-02 17:34:20,790 stage2 epoch 52800  loss 1.6500e-01  mse 1.6497e-01  pinn 3.2250e-01  (112516 s)
2026-10-02 17:38:51,672 stage2 epoch 52900  loss 2.6139e-01  mse 2.6135e-01  pinn 3.2772e-01  (112787 s)
2026-10-02 17:44:20,264 stage2 epoch 53000  loss 3.8939e-01  mse 3.8935e-01  pinn 3.7069e-01  (113116 s)
2026-10-02 17:48:51,455 stage2 epoch 53100  loss 4.9454e-01  mse 4.9451e-01  pinn 3.5179e-01  (113387 s)
2026-10-02 17:54:05,663 stage2 epoch 53200  loss 3.4053e-01  mse 3.4050e-01  pinn 3.3644e-01  (113701 s)
2026-10-02 17:58:17,441 stage2 epoch 53300  loss 2.5832e-01  mse 2.5828e-01  pinn 3.6457e-01  (113953 s)
2026-10-02 18:02:47,811 stage2 epoch 53400  loss 1.2200e-01  mse 1.2197e-01  pinn 3.5187e-01  (114223 s)
2026-10-02 18:07:42,306 stage2 epoch 53500  loss 1.1319e-01  mse 1.1315e-01  pinn 3.4511e-01  (114518 s)
2026-10-02 18:11:33,441 stage2 epoch 53600  loss 3.0121e-01  mse 3.0118e-01  pinn 3.6633e-01  (114749 s)
2026-10-02 18:15:46,205 stage2 epoch 53700  loss 1.2755e-01  mse 1.2751e-01  pinn 3.6114e-01  (115002 s)
2026-10-02 18:19:50,182 stage2 epoch 53800  loss 1.1265e-01  mse 1.1262e-01  pinn 3.4694e-01  (115246 s)
2026-10-02 18:23:36,103 stage2 epoch 53900  loss 2.7514e-01  mse 2.7510e-01  pinn 3.6119e-01  (115472 s)
2026-10-02 18:27:42,119 stage2 epoch 54000  loss 2.5811e-01  mse 2.5807e-01  pinn 3.7834e-01  (115718 s)
2026-10-02 18:31:29,124 stage2 epoch 54100  loss 1.5019e-01  mse 1.5015e-01  pinn 3.3830e-01  (115945 s)
2026-10-02 18:35:17,523 stage2 epoch 54200  loss 2.5559e-01  mse 2.5556e-01  pinn 3.4699e-01  (116173 s)
2026-10-02 18:39:07,401 stage2 epoch 54300  loss 3.1783e-01  mse 3.1779e-01  pinn 3.5212e-01  (116403 s)
2026-10-02 18:43:07,913 stage2 epoch 54400  loss 2.4075e-01  mse 2.4072e-01  pinn 3.3524e-01  (116643 s)
2026-10-02 18:47:00,244 stage2 epoch 54500  loss 4.1636e-01  mse 4.1633e-01  pinn 3.4695e-01  (116876 s)
2026-10-02 18:50:38,775 stage2 epoch 54600  loss 1.1020e-01  mse 1.1017e-01  pinn 3.1047e-01  (117094 s)
2026-10-02 18:54:32,880 stage2 epoch 54700  loss 9.6312e-01  mse 9.6308e-01  pinn 3.8263e-01  (117328 s)
2026-10-02 18:58:14,963 stage2 epoch 54800  loss 1.5308e-01  mse 1.5304e-01  pinn 3.4104e-01  (117550 s)
2026-10-02 19:02:02,405 stage2 epoch 54900  loss 1.4388e-01  mse 1.4384e-01  pinn 3.5998e-01  (117778 s)
2026-10-02 19:05:57,962 stage2 epoch 55000  loss 2.4880e-01  mse 2.4876e-01  pinn 3.8260e-01  (118013 s)
2026-10-02 19:05:57,981 stage 2 archive stage2_S2_seed0_epoch55000.pt  sha256 7092752879d47351b832485a37bded9bbf0bdf68d8c473e234bf641d42ff7ac6
2026-10-02 19:09:44,792 stage2 epoch 55100  loss 2.3070e-01  mse 2.3066e-01  pinn 3.6329e-01  (118240 s)
2026-10-02 19:13:27,569 stage2 epoch 55200  loss 1.3191e-01  mse 1.3188e-01  pinn 3.3672e-01  (118463 s)
2026-10-02 19:17:16,894 stage2 epoch 55300  loss 1.7671e-01  mse 1.7668e-01  pinn 3.5211e-01  (118692 s)
2026-10-02 19:21:09,601 stage2 epoch 55400  loss 1.8897e-01  mse 1.8894e-01  pinn 3.3719e-01  (118925 s)
2026-10-02 19:24:57,030 stage2 epoch 55500  loss 2.4405e-01  mse 2.4402e-01  pinn 3.2905e-01  (119152 s)
2026-10-02 19:28:50,469 stage2 epoch 55600  loss 1.9487e-01  mse 1.9483e-01  pinn 3.4228e-01  (119386 s)
2026-10-02 19:32:49,923 stage2 epoch 55700  loss 1.9128e-01  mse 1.9125e-01  pinn 3.1847e-01  (119625 s)
2026-10-02 19:36:55,261 stage2 epoch 55800  loss 1.3410e-01  mse 1.3407e-01  pinn 3.2989e-01  (119871 s)
2026-10-02 19:41:08,386 stage2 epoch 55900  loss 1.1046e-01  mse 1.1043e-01  pinn 3.3049e-01  (120124 s)
2026-10-02 19:44:55,561 stage2 epoch 56000  loss 2.8873e-01  mse 2.8869e-01  pinn 3.9376e-01  (120351 s)
2026-10-02 19:48:39,736 stage2 epoch 56100  loss 1.5318e-01  mse 1.5315e-01  pinn 3.2903e-01  (120575 s)
2026-10-02 19:52:26,738 stage2 epoch 56200  loss 1.1951e-01  mse 1.1947e-01  pinn 3.4285e-01  (120802 s)
2026-10-02 19:56:14,799 stage2 epoch 56300  loss 7.5663e-01  mse 7.5660e-01  pinn 3.4570e-01  (121030 s)
2026-10-02 20:00:19,478 stage2 epoch 56400  loss 1.5531e-01  mse 1.5528e-01  pinn 3.4288e-01  (121275 s)
2026-10-02 20:04:27,138 stage2 epoch 56500  loss 1.3764e-01  mse 1.3761e-01  pinn 3.1732e-01  (121523 s)
2026-10-02 20:08:33,461 stage2 epoch 56600  loss 1.0951e-01  mse 1.0948e-01  pinn 3.2743e-01  (121769 s)
2026-10-02 20:12:11,388 stage2 epoch 56700  loss 4.0956e-01  mse 4.0953e-01  pinn 3.0389e-01  (121987 s)
2026-10-02 20:16:06,840 stage2 epoch 56800  loss 1.9751e-01  mse 1.9747e-01  pinn 3.2876e-01  (122222 s)
2026-10-02 20:19:44,733 stage2 epoch 56900  loss 2.5085e-01  mse 2.5082e-01  pinn 3.2462e-01  (122440 s)
2026-10-02 20:23:19,850 stage2 epoch 57000  loss 1.4912e-01  mse 1.4909e-01  pinn 3.0235e-01  (122655 s)
2026-10-02 20:26:57,307 stage2 epoch 57100  loss 1.3409e-01  mse 1.3406e-01  pinn 3.1758e-01  (122873 s)
2026-10-02 20:30:37,492 stage2 epoch 57200  loss 1.3433e-01  mse 1.3430e-01  pinn 3.0776e-01  (123093 s)
2026-10-02 20:34:17,173 stage2 epoch 57300  loss 2.3539e-01  mse 2.3536e-01  pinn 2.9187e-01  (123313 s)
2026-10-02 20:37:51,026 stage2 epoch 57400  loss 4.0587e-01  mse 4.0584e-01  pinn 3.2741e-01  (123526 s)
2026-10-02 20:41:29,540 stage2 epoch 57500  loss 1.0201e-01  mse 1.0198e-01  pinn 3.0053e-01  (123745 s)
2026-10-02 20:45:08,500 stage2 epoch 57600  loss 1.4467e-01  mse 1.4464e-01  pinn 3.0504e-01  (123964 s)
2026-10-02 20:48:44,427 stage2 epoch 57700  loss 4.1574e-01  mse 4.1570e-01  pinn 3.2925e-01  (124180 s)
2026-10-02 20:52:21,106 stage2 epoch 57800  loss 1.0661e-01  mse 1.0658e-01  pinn 2.9205e-01  (124396 s)
2026-10-02 20:55:58,636 stage2 epoch 57900  loss 1.0803e-01  mse 1.0800e-01  pinn 3.0516e-01  (124614 s)
2026-10-02 20:59:32,516 stage2 epoch 58000  loss 1.7504e-01  mse 1.7501e-01  pinn 2.9844e-01  (124828 s)
2026-10-02 21:03:06,818 stage2 epoch 58100  loss 1.4489e-01  mse 1.4486e-01  pinn 3.0800e-01  (125042 s)
2026-10-02 21:06:44,723 stage2 epoch 58200  loss 1.2051e-01  mse 1.2048e-01  pinn 3.1474e-01  (125260 s)
2026-10-02 21:10:21,029 stage2 epoch 58300  loss 5.8703e-01  mse 5.8699e-01  pinn 3.7093e-01  (125476 s)
2026-10-02 21:14:05,555 stage2 epoch 58400  loss 1.0276e-01  mse 1.0273e-01  pinn 3.0589e-01  (125701 s)
2026-10-02 21:17:44,239 stage2 epoch 58500  loss 1.8064e-01  mse 1.8061e-01  pinn 2.8914e-01  (125920 s)
2026-10-02 21:21:20,576 stage2 epoch 58600  loss 3.0747e-01  mse 3.0744e-01  pinn 3.2079e-01  (126136 s)
2026-10-02 21:24:57,807 stage2 epoch 58700  loss 4.3994e-01  mse 4.3991e-01  pinn 3.0691e-01  (126353 s)
2026-10-02 21:28:35,834 stage2 epoch 58800  loss 1.0039e-01  mse 1.0036e-01  pinn 3.0482e-01  (126571 s)
2026-10-02 21:32:11,292 stage2 epoch 58900  loss 2.7456e-01  mse 2.7453e-01  pinn 3.2088e-01  (126787 s)
2026-10-02 21:35:49,390 stage2 epoch 59000  loss 1.2080e-01  mse 1.2077e-01  pinn 3.0968e-01  (127005 s)
2026-10-02 21:39:24,819 stage2 epoch 59100  loss 4.9930e-01  mse 4.9927e-01  pinn 3.5633e-01  (127220 s)
2026-10-02 21:43:02,976 stage2 epoch 59200  loss 2.0722e-01  mse 2.0719e-01  pinn 3.3487e-01  (127438 s)
2026-10-02 21:46:42,368 stage2 epoch 59300  loss 1.9619e-01  mse 1.9616e-01  pinn 3.0405e-01  (127658 s)
2026-10-02 21:50:31,128 stage2 epoch 59400  loss 2.4886e-01  mse 2.4883e-01  pinn 3.0592e-01  (127887 s)
2026-10-02 21:54:09,351 stage2 epoch 59500  loss 5.8406e-01  mse 5.8403e-01  pinn 2.8779e-01  (128105 s)
2026-10-02 21:57:41,625 stage2 epoch 59600  loss 2.8228e-01  mse 2.8225e-01  pinn 3.0582e-01  (128317 s)
2026-10-02 22:01:19,904 stage2 epoch 59700  loss 4.4275e-01  mse 4.4269e-01  pinn 5.7670e-01  (128535 s)
2026-10-02 22:04:58,003 stage2 epoch 59800  loss 5.6943e-01  mse 5.6940e-01  pinn 3.3721e-01  (128753 s)
2026-10-02 22:08:46,476 stage2 epoch 59900  loss 1.2296e-01  mse 1.2292e-01  pinn 3.5703e-01  (128982 s)
2026-10-02 22:12:26,450 stage2 epoch 60000  loss 1.4206e-01  mse 1.4202e-01  pinn 3.7066e-01  (129202 s)
2026-10-02 22:12:26,505 stage 2 archive stage2_S2_seed0_epoch60000.pt  sha256 110f71143d32b17d2915d353fd76a9c2940d6f5b2eda45bacb10151172c3aaa0
2026-10-02 22:16:09,575 stage2 epoch 60100  loss 1.5483e-01  mse 1.5479e-01  pinn 3.5250e-01  (129425 s)
2026-10-02 22:19:49,618 stage2 epoch 60200  loss 4.6773e-01  mse 4.6769e-01  pinn 3.5002e-01  (129645 s)
2026-10-02 22:23:30,850 stage2 epoch 60300  loss 1.4549e-01  mse 1.4545e-01  pinn 3.3957e-01  (129866 s)
2026-10-02 22:27:09,757 stage2 epoch 60400  loss 1.1026e-01  mse 1.1023e-01  pinn 3.4475e-01  (130085 s)
2026-10-02 22:30:49,736 stage2 epoch 60500  loss 3.3017e-01  mse 3.3014e-01  pinn 3.3027e-01  (130305 s)
2026-10-02 22:35:00,308 stage2 epoch 60600  loss 1.3890e-01  mse 1.3887e-01  pinn 3.2797e-01  (130556 s)
2026-10-02 22:39:05,031 stage2 epoch 60700  loss 2.9753e-01  mse 2.9750e-01  pinn 3.2103e-01  (130800 s)
2026-10-02 22:43:15,525 stage2 epoch 60800  loss 1.6809e-01  mse 1.6806e-01  pinn 3.2092e-01  (131051 s)
2026-10-02 22:47:22,516 stage2 epoch 60900  loss 1.8310e-01  mse 1.8307e-01  pinn 3.4810e-01  (131298 s)
2026-10-02 22:51:23,519 stage2 epoch 61000  loss 3.6434e-01  mse 3.6430e-01  pinn 3.5544e-01  (131539 s)
2026-10-02 22:55:37,631 stage2 epoch 61100  loss 1.6744e-01  mse 1.6741e-01  pinn 3.2223e-01  (131793 s)
2026-10-02 22:59:45,874 stage2 epoch 61200  loss 1.8842e-01  mse 1.8839e-01  pinn 3.2589e-01  (132041 s)
2026-10-02 23:04:01,558 stage2 epoch 61300  loss 1.2527e-01  mse 1.2524e-01  pinn 3.1870e-01  (132297 s)
2026-10-02 23:07:54,515 stage2 epoch 61400  loss 1.0999e-01  mse 1.0996e-01  pinn 2.9912e-01  (132530 s)
2026-10-02 23:11:45,115 stage2 epoch 61500  loss 2.0490e-01  mse 2.0487e-01  pinn 3.1658e-01  (132761 s)
2026-10-02 23:15:39,927 stage2 epoch 61600  loss 1.3785e-01  mse 1.3780e-01  pinn 4.3938e-01  (132995 s)
2026-10-02 23:19:20,072 stage2 epoch 61700  loss 1.2970e-01  mse 1.2967e-01  pinn 3.0876e-01  (133215 s)
2026-10-02 23:23:02,109 stage2 epoch 61800  loss 2.0622e-01  mse 2.0619e-01  pinn 3.0266e-01  (133437 s)
2026-10-02 23:26:57,828 stage2 epoch 61900  loss 3.4548e-01  mse 3.4545e-01  pinn 3.1110e-01  (133673 s)
2026-10-02 23:31:07,343 stage2 epoch 62000  loss 1.1740e-01  mse 1.1737e-01  pinn 3.2259e-01  (133923 s)
2026-10-02 23:35:19,508 stage2 epoch 62100  loss 1.1978e-01  mse 1.1975e-01  pinn 3.3170e-01  (134175 s)
2026-10-02 23:39:22,058 stage2 epoch 62200  loss 1.1286e-01  mse 1.1283e-01  pinn 3.0613e-01  (134417 s)
2026-10-02 23:43:27,673 stage2 epoch 62300  loss 2.1288e-01  mse 2.1285e-01  pinn 3.3589e-01  (134663 s)
2026-10-02 23:47:52,885 stage2 epoch 62400  loss 1.1063e-01  mse 1.1060e-01  pinn 3.2336e-01  (134928 s)
2026-10-02 23:51:53,414 stage2 epoch 62500  loss 2.3549e-01  mse 2.3546e-01  pinn 3.2933e-01  (135169 s)
2026-10-02 23:56:04,396 stage2 epoch 62600  loss 1.3117e-01  mse 1.3114e-01  pinn 3.4611e-01  (135420 s)
2026-10-03 00:00:10,207 stage2 epoch 62700  loss 1.0503e-01  mse 1.0500e-01  pinn 3.1912e-01  (135666 s)
2026-10-03 00:04:10,075 stage2 epoch 62800  loss 2.0669e-01  mse 2.0666e-01  pinn 3.0673e-01  (135905 s)
2026-10-03 00:08:46,998 stage2 epoch 62900  loss 3.3931e+00  mse 3.3929e+00  pinn 2.0671e+00  (136182 s)
2026-10-03 00:13:32,403 stage2 epoch 63000  loss 5.7201e-01  mse 5.7194e-01  pinn 6.4546e-01  (136468 s)
2026-10-03 00:18:23,496 stage2 epoch 63100  loss 3.5757e-01  mse 3.5753e-01  pinn 4.4698e-01  (136759 s)
2026-10-03 00:22:56,012 stage2 epoch 63200  loss 2.8347e-01  mse 2.8342e-01  pinn 4.5929e-01  (137031 s)
2026-10-03 00:27:05,820 stage2 epoch 63300  loss 6.2396e-01  mse 6.2392e-01  pinn 4.4469e-01  (137281 s)
2026-10-03 00:31:04,834 stage2 epoch 63400  loss 3.0179e-01  mse 3.0175e-01  pinn 4.4183e-01  (137520 s)
2026-10-03 00:35:02,484 stage2 epoch 63500  loss 2.5131e-01  mse 2.5127e-01  pinn 4.1926e-01  (137758 s)
2026-10-03 00:39:08,533 stage2 epoch 63600  loss 1.9575e-01  mse 1.9571e-01  pinn 4.1390e-01  (138004 s)
2026-10-03 00:43:04,325 stage2 epoch 63700  loss 1.3805e-01  mse 1.3802e-01  pinn 3.8546e-01  (138240 s)
2026-10-03 00:46:52,915 stage2 epoch 63800  loss 6.2427e-01  mse 6.2423e-01  pinn 3.7382e-01  (138468 s)
2026-10-03 00:51:01,873 stage2 epoch 63900  loss 1.7715e-01  mse 1.7711e-01  pinn 3.5534e-01  (138717 s)
2026-10-03 00:55:31,895 stage2 epoch 64000  loss 1.6109e-01  mse 1.6105e-01  pinn 3.7746e-01  (138987 s)
2026-10-03 00:59:35,851 stage2 epoch 64100  loss 4.1083e-01  mse 4.1080e-01  pinn 3.7157e-01  (139231 s)
2026-10-03 01:04:04,494 stage2 epoch 64200  loss 1.5208e-01  mse 1.5204e-01  pinn 3.5986e-01  (139500 s)
2026-10-03 01:08:19,460 stage2 epoch 64300  loss 2.5987e-01  mse 2.5983e-01  pinn 3.5101e-01  (139755 s)
2026-10-03 01:12:25,787 stage2 epoch 64400  loss 1.6101e-01  mse 1.6097e-01  pinn 3.6380e-01  (140001 s)
2026-10-03 01:16:25,159 stage2 epoch 64500  loss 3.3301e-01  mse 3.3298e-01  pinn 3.5562e-01  (140240 s)
2026-10-03 01:20:40,442 stage2 epoch 64600  loss 5.4867e-01  mse 5.4863e-01  pinn 3.5307e-01  (140496 s)
2026-10-03 01:25:08,942 stage2 epoch 64700  loss 1.1529e-01  mse 1.1526e-01  pinn 3.3529e-01  (140764 s)
2026-10-03 01:29:24,827 stage2 epoch 64800  loss 1.1454e-01  mse 1.1451e-01  pinn 3.3982e-01  (141020 s)
2026-10-03 01:33:38,540 stage2 epoch 64900  loss 1.1935e-01  mse 1.1932e-01  pinn 3.5241e-01  (141274 s)
2026-10-03 01:38:08,495 stage2 epoch 65000  loss 1.3259e-01  mse 1.3255e-01  pinn 3.1476e-01  (141544 s)
2026-10-03 01:38:08,558 stage 2 archive stage2_S2_seed0_epoch65000.pt  sha256 42ed63ec19be781a469c532b57ab18f4baa07d730a8ea29aeb1dd363dc155413
2026-10-03 01:42:52,621 stage2 epoch 65100  loss 1.0503e-01  mse 1.0500e-01  pinn 3.4440e-01  (141828 s)
2026-10-03 01:47:27,664 stage2 epoch 65200  loss 3.4851e-01  mse 3.4847e-01  pinn 3.4384e-01  (142103 s)
2026-10-03 01:52:31,778 stage2 epoch 65300  loss 1.4158e-01  mse 1.4155e-01  pinn 3.2466e-01  (142407 s)
2026-10-03 01:57:26,937 stage2 epoch 65400  loss 1.3509e-01  mse 1.3506e-01  pinn 3.3446e-01  (142702 s)
2026-10-03 02:01:35,032 stage2 epoch 65500  loss 1.6725e-01  mse 1.6722e-01  pinn 3.1757e-01  (142950 s)
2026-10-03 02:05:26,497 stage2 epoch 65600  loss 5.0011e-01  mse 5.0008e-01  pinn 3.0866e-01  (143182 s)
2026-10-03 02:09:28,544 stage2 epoch 65700  loss 4.2496e-01  mse 4.2493e-01  pinn 3.2552e-01  (143424 s)
2026-10-03 02:13:29,504 stage2 epoch 65800  loss 1.6653e-01  mse 1.6650e-01  pinn 3.5474e-01  (143665 s)
2026-10-03 02:17:30,431 stage2 epoch 65900  loss 1.9187e-01  mse 1.9183e-01  pinn 3.3401e-01  (143906 s)
2026-10-03 02:21:33,711 stage2 epoch 66000  loss 1.2726e-01  mse 1.2722e-01  pinn 3.2760e-01  (144149 s)
2026-10-03 02:25:21,600 stage2 epoch 66100  loss 3.0765e-01  mse 3.0762e-01  pinn 3.0974e-01  (144377 s)
2026-10-03 02:29:10,147 stage2 epoch 66200  loss 2.0117e-01  mse 2.0113e-01  pinn 3.2253e-01  (144605 s)
2026-10-03 02:33:06,726 stage2 epoch 66300  loss 4.1217e-01  mse 4.1214e-01  pinn 3.2984e-01  (144842 s)
2026-10-03 02:37:09,321 stage2 epoch 66400  loss 1.1334e-01  mse 1.1331e-01  pinn 3.0679e-01  (145084 s)
2026-10-03 02:40:55,683 stage2 epoch 66500  loss 3.1805e-01  mse 3.1802e-01  pinn 3.0915e-01  (145311 s)
2026-10-03 02:44:40,911 stage2 epoch 66600  loss 1.9952e-01  mse 1.9949e-01  pinn 3.0444e-01  (145536 s)
2026-10-03 02:48:21,089 stage2 epoch 66700  loss 1.4607e-01  mse 1.4604e-01  pinn 3.2287e-01  (145756 s)
2026-10-03 02:52:05,143 stage2 epoch 66800  loss 1.2083e-01  mse 1.2080e-01  pinn 3.0987e-01  (145980 s)
2026-10-03 02:55:57,967 stage2 epoch 66900  loss 1.4414e-01  mse 1.4411e-01  pinn 3.1784e-01  (146213 s)
2026-10-03 02:59:48,865 stage2 epoch 67000  loss 2.3060e-01  mse 2.3056e-01  pinn 3.2865e-01  (146444 s)
2026-10-03 03:03:41,093 stage2 epoch 67100  loss 1.8173e-01  mse 1.8170e-01  pinn 2.9417e-01  (146676 s)
2026-10-03 03:07:31,446 stage2 epoch 67200  loss 1.2202e-01  mse 1.2199e-01  pinn 3.1085e-01  (146907 s)
2026-10-03 03:11:21,902 stage2 epoch 67300  loss 2.5663e-01  mse 2.5660e-01  pinn 3.5091e-01  (147137 s)
2026-10-03 03:15:04,203 stage2 epoch 67400  loss 1.0995e-01  mse 1.0992e-01  pinn 3.0569e-01  (147359 s)
2026-10-03 03:18:46,343 stage2 epoch 67500  loss 1.0725e-01  mse 1.0722e-01  pinn 2.9561e-01  (147581 s)
2026-10-03 03:22:51,411 stage2 epoch 67600  loss 1.0927e-01  mse 1.0924e-01  pinn 3.1978e-01  (147826 s)
2026-10-03 03:26:33,728 stage2 epoch 67700  loss 2.5084e-01  mse 2.5080e-01  pinn 3.1099e-01  (148049 s)
2026-10-03 03:30:16,307 stage2 epoch 67800  loss 1.4906e-01  mse 1.4903e-01  pinn 3.0742e-01  (148271 s)
2026-10-03 03:33:58,477 stage2 epoch 67900  loss 2.4594e-01  mse 2.4591e-01  pinn 3.0668e-01  (148494 s)
2026-10-03 03:37:39,181 stage2 epoch 68000  loss 1.3371e-01  mse 1.3368e-01  pinn 3.2247e-01  (148714 s)
2026-10-03 03:41:20,088 stage2 epoch 68100  loss 2.1409e-01  mse 2.1406e-01  pinn 3.0787e-01  (148935 s)
2026-10-03 03:45:00,686 stage2 epoch 68200  loss 2.5237e-01  mse 2.5233e-01  pinn 3.2277e-01  (149156 s)
2026-10-03 03:48:44,061 stage2 epoch 68300  loss 4.1479e-01  mse 4.1475e-01  pinn 3.4906e-01  (149379 s)
2026-10-03 03:52:28,360 stage2 epoch 68400  loss 2.4295e-01  mse 2.4292e-01  pinn 3.1276e-01  (149603 s)
2026-10-03 03:56:10,561 stage2 epoch 68500  loss 2.6767e-01  mse 2.6764e-01  pinn 3.0255e-01  (149826 s)
2026-10-03 03:59:49,948 stage2 epoch 68600  loss 1.6327e-01  mse 1.6323e-01  pinn 3.2331e-01  (150045 s)
2026-10-03 04:03:29,311 stage2 epoch 68700  loss 1.8214e-01  mse 1.8211e-01  pinn 3.0230e-01  (150264 s)
2026-10-03 04:07:11,662 stage2 epoch 68800  loss 3.6320e-01  mse 3.6316e-01  pinn 3.5752e-01  (150487 s)
2026-10-03 04:10:49,471 stage2 epoch 68900  loss 1.2850e-01  mse 1.2846e-01  pinn 3.2088e-01  (150705 s)
2026-10-03 04:14:30,479 stage2 epoch 69000  loss 1.0979e-01  mse 1.0975e-01  pinn 3.5601e-01  (150926 s)
2026-10-03 04:18:14,534 stage2 epoch 69100  loss 9.3481e-02  mse 9.3451e-02  pinn 3.0748e-01  (151150 s)
2026-10-03 04:21:57,785 stage2 epoch 69200  loss 1.4660e-01  mse 1.4657e-01  pinn 3.4056e-01  (151373 s)
2026-10-03 04:25:41,926 stage2 epoch 69300  loss 1.4362e-01  mse 1.4359e-01  pinn 3.1659e-01  (151597 s)
2026-10-03 04:29:25,438 stage2 epoch 69400  loss 2.1422e-01  mse 2.1419e-01  pinn 3.0910e-01  (151820 s)
2026-10-03 04:33:06,126 stage2 epoch 69500  loss 1.0377e-01  mse 1.0374e-01  pinn 3.1244e-01  (152041 s)
2026-10-03 04:36:47,470 stage2 epoch 69600  loss 1.0073e-01  mse 1.0070e-01  pinn 2.9288e-01  (152263 s)
2026-10-03 04:40:29,056 stage2 epoch 69700  loss 1.2120e-01  mse 1.2117e-01  pinn 3.2167e-01  (152484 s)
2026-10-03 04:44:09,558 stage2 epoch 69800  loss 4.4521e-01  mse 4.4517e-01  pinn 3.0729e-01  (152705 s)
2026-10-03 04:47:47,110 stage2 epoch 69900  loss 7.3966e-01  mse 7.3963e-01  pinn 3.0703e-01  (152922 s)
2026-10-03 04:51:24,986 stage2 epoch 70000  loss 1.0466e-01  mse 1.0462e-01  pinn 3.0898e-01  (153140 s)
2026-10-03 04:51:25,004 stage 2 archive stage2_S2_seed0_epoch70000.pt  sha256 286cf9a68eb0a45adcd868780a033d0ad1b5d35df9f9711071d97259ac5dd176
2026-10-03 04:55:10,579 stage2 epoch 70100  loss 1.3561e-01  mse 1.3559e-01  pinn 2.8218e-01  (153366 s)
2026-10-03 04:58:49,709 stage2 epoch 70200  loss 1.1370e-01  mse 1.1367e-01  pinn 2.9393e-01  (153585 s)
2026-10-03 05:02:28,886 stage2 epoch 70300  loss 1.4102e-01  mse 1.4099e-01  pinn 3.1010e-01  (153804 s)
2026-10-03 05:06:06,699 stage2 epoch 70400  loss 1.1121e-01  mse 1.1118e-01  pinn 3.1311e-01  (154022 s)
2026-10-03 05:09:48,940 stage2 epoch 70500  loss 1.4507e-01  mse 1.4504e-01  pinn 3.1286e-01  (154244 s)
2026-10-03 05:13:32,041 stage2 epoch 70600  loss 4.4542e-01  mse 4.4538e-01  pinn 3.7412e-01  (154467 s)
2026-10-03 05:17:16,731 stage2 epoch 70700  loss 2.3815e-01  mse 2.3811e-01  pinn 4.3197e-01  (154692 s)
2026-10-03 05:20:57,170 stage2 epoch 70800  loss 1.3269e-01  mse 1.3267e-01  pinn 2.9849e-01  (154912 s)
2026-10-03 05:24:39,030 stage2 epoch 70900  loss 9.9885e-02  mse 9.9853e-02  pinn 3.2198e-01  (155134 s)
2026-10-03 05:28:17,157 stage2 epoch 71000  loss 5.1338e-01  mse 5.1334e-01  pinn 3.6184e-01  (155352 s)
2026-10-03 05:31:57,164 stage2 epoch 71100  loss 1.4151e-01  mse 1.4147e-01  pinn 3.3707e-01  (155572 s)
2026-10-03 05:35:39,710 stage2 epoch 71200  loss 9.7946e-02  mse 9.7915e-02  pinn 3.0430e-01  (155795 s)
2026-10-03 05:39:23,718 stage2 epoch 71300  loss 1.4211e-01  mse 1.4208e-01  pinn 3.1552e-01  (156019 s)
2026-10-03 05:42:42,199 stage2 epoch 71400  loss 3.6677e+01  mse 3.6677e+01  pinn 1.2322e+00  (156217 s)
2026-10-03 05:42:59,914 stage2 epoch 71500  loss 1.5888e+01  mse 1.5888e+01  pinn 1.0650e+00  (156235 s)
2026-10-03 05:43:14,478 stage2 epoch 71600  loss 1.4956e+01  mse 1.4955e+01  pinn 1.9496e+00  (156250 s)
2026-10-03 05:43:29,072 stage2 epoch 71700  loss 1.3781e+01  mse 1.3781e+01  pinn 2.6872e+00  (156264 s)
2026-10-03 05:44:01,380 stage2 epoch 71800  loss 8.2481e+00  mse 8.2477e+00  pinn 4.8814e+00  (156297 s)
2026-10-03 05:45:09,686 stage2 epoch 71900  loss 7.0630e+00  mse 7.0625e+00  pinn 4.7416e+00  (156365 s)
2026-10-03 05:46:10,788 stage2 epoch 72000  loss 6.1816e+00  mse 6.1811e+00  pinn 4.5426e+00  (156426 s)
2026-10-03 05:47:09,345 stage2 epoch 72100  loss 5.2578e+00  mse 5.2574e+00  pinn 4.4479e+00  (156484 s)
2026-10-03 05:48:07,766 stage2 epoch 72200  loss 4.3111e+00  mse 4.3106e+00  pinn 4.1224e+00  (156543 s)
2026-10-03 05:49:09,519 stage2 epoch 72300  loss 3.4582e+00  mse 3.4578e+00  pinn 3.5893e+00  (156605 s)
2026-10-03 05:50:16,605 stage2 epoch 72400  loss 2.9405e+00  mse 2.9401e+00  pinn 3.4576e+00  (156672 s)
2026-10-03 05:51:24,307 stage2 epoch 72500  loss 2.6230e+00  mse 2.6227e+00  pinn 3.3739e+00  (156739 s)
2026-10-03 05:52:33,855 stage2 epoch 72600  loss 2.3675e+00  mse 2.3672e+00  pinn 3.2656e+00  (156809 s)
2026-10-03 05:53:48,836 stage2 epoch 72700  loss 2.1221e+00  mse 2.1218e+00  pinn 3.0249e+00  (156884 s)
2026-10-03 05:55:09,362 stage2 epoch 72800  loss 1.8447e+00  mse 1.8445e+00  pinn 2.6580e+00  (156964 s)
2026-10-03 05:56:34,237 stage2 epoch 72900  loss 1.5005e+00  mse 1.5003e+00  pinn 2.3920e+00  (157049 s)
2026-10-03 05:58:02,528 stage2 epoch 73000  loss 1.1919e+00  mse 1.1917e+00  pinn 2.2474e+00  (157138 s)
2026-10-03 05:59:34,006 stage2 epoch 73100  loss 9.7543e-01  mse 9.7522e-01  pinn 2.1083e+00  (157229 s)
2026-10-03 06:01:08,086 stage2 epoch 73200  loss 8.3825e-01  mse 8.3805e-01  pinn 1.9778e+00  (157323 s)
2026-10-03 06:02:42,232 stage2 epoch 73300  loss 7.4955e-01  mse 7.4936e-01  pinn 1.8623e+00  (157417 s)
2026-10-03 06:04:15,913 stage2 epoch 73400  loss 6.8899e-01  mse 6.8882e-01  pinn 1.7417e+00  (157511 s)
2026-10-03 06:05:48,026 stage2 epoch 73500  loss 6.4316e-01  mse 6.4300e-01  pinn 1.6092e+00  (157603 s)
2026-10-03 06:07:19,566 stage2 epoch 73600  loss 6.0618e-01  mse 6.0603e-01  pinn 1.4660e+00  (157695 s)
2026-10-03 06:08:51,013 stage2 epoch 73700  loss 5.7578e-01  mse 5.7564e-01  pinn 1.3216e+00  (157786 s)
2026-10-03 06:10:22,440 stage2 epoch 73800  loss 5.5051e-01  mse 5.5040e-01  pinn 1.1925e+00  (157878 s)
2026-10-03 06:11:52,871 stage2 epoch 73900  loss 5.2883e-01  mse 5.2872e-01  pinn 1.0790e+00  (157968 s)
2026-10-03 06:13:22,700 stage2 epoch 74000  loss 5.0976e-01  mse 5.0966e-01  pinn 9.9122e-01  (158058 s)
2026-10-03 06:14:54,040 stage2 epoch 74100  loss 4.9291e-01  mse 4.9281e-01  pinn 9.3447e-01  (158149 s)
2026-10-03 06:16:22,926 stage2 epoch 74200  loss 4.7805e-01  mse 4.7796e-01  pinn 8.8684e-01  (158238 s)
2026-10-03 06:17:52,779 stage2 epoch 74300  loss 4.6621e-01  mse 4.6613e-01  pinn 8.4648e-01  (158328 s)
2026-10-03 06:19:22,651 stage2 epoch 74400  loss 4.5598e-01  mse 4.5590e-01  pinn 8.0815e-01  (158418 s)
2026-10-03 06:20:52,413 stage2 epoch 74500  loss 4.4665e-01  mse 4.4657e-01  pinn 7.7633e-01  (158508 s)
2026-10-03 06:22:22,588 stage2 epoch 74600  loss 4.3804e-01  mse 4.3797e-01  pinn 7.5462e-01  (158598 s)
2026-10-03 06:23:53,001 stage2 epoch 74700  loss 4.2999e-01  mse 4.2992e-01  pinn 7.4328e-01  (158688 s)
2026-10-03 06:25:22,696 stage2 epoch 74800  loss 4.2229e-01  mse 4.2222e-01  pinn 7.3962e-01  (158778 s)
2026-10-03 06:26:54,882 stage2 epoch 74900  loss 4.1476e-01  mse 4.1469e-01  pinn 7.4101e-01  (158870 s)
2026-10-03 06:28:26,462 stage2 epoch 75000  loss 4.0722e-01  mse 4.0715e-01  pinn 7.4586e-01  (158962 s)
2026-10-03 06:28:26,482 stage 2 archive stage2_S2_seed0_epoch75000.pt  sha256 265f9d12f1e5e1421c55617af2facd8742c79171c123664c9d72458fa5b43d3a
2026-10-03 06:30:00,739 stage2 epoch 75100  loss 3.9956e-01  mse 3.9949e-01  pinn 7.5298e-01  (159056 s)
2026-10-03 06:31:35,088 stage2 epoch 75200  loss 3.9169e-01  mse 3.9161e-01  pinn 7.6178e-01  (159150 s)
2026-10-03 06:33:10,103 stage2 epoch 75300  loss 3.8350e-01  mse 3.8342e-01  pinn 7.7153e-01  (159245 s)
2026-10-03 06:34:45,787 stage2 epoch 75400  loss 3.7502e-01  mse 3.7494e-01  pinn 7.8154e-01  (159341 s)
2026-10-03 06:36:22,723 stage2 epoch 75500  loss 3.6631e-01  mse 3.6623e-01  pinn 7.9130e-01  (159438 s)
2026-10-03 06:38:00,291 stage2 epoch 75600  loss 3.5758e-01  mse 3.5750e-01  pinn 7.9992e-01  (159535 s)
2026-10-03 06:39:38,849 stage2 epoch 75700  loss 3.4905e-01  mse 3.4897e-01  pinn 8.0669e-01  (159634 s)
2026-10-03 06:41:17,806 stage2 epoch 75800  loss 3.4085e-01  mse 3.4077e-01  pinn 8.1093e-01  (159733 s)
2026-10-03 06:42:57,103 stage2 epoch 75900  loss 3.3286e-01  mse 3.3278e-01  pinn 8.1220e-01  (159832 s)
2026-10-03 06:44:37,412 stage2 epoch 76000  loss 3.5802e-01  mse 3.5794e-01  pinn 8.1017e-01  (159933 s)
2026-10-03 06:46:19,283 stage2 epoch 76100  loss 3.3845e-01  mse 3.3837e-01  pinn 8.0149e-01  (160034 s)
2026-10-03 06:48:00,650 stage2 epoch 76200  loss 3.7576e-01  mse 3.7568e-01  pinn 8.0042e-01  (160136 s)
2026-10-03 06:49:42,764 stage2 epoch 76300  loss 3.2678e-01  mse 3.2670e-01  pinn 7.9596e-01  (160238 s)
2026-10-03 06:51:25,429 stage2 epoch 76400  loss 3.1401e-01  mse 3.1393e-01  pinn 7.9191e-01  (160341 s)
2026-10-03 06:53:09,186 stage2 epoch 76500  loss 3.5069e-01  mse 3.5061e-01  pinn 7.8703e-01  (160444 s)
2026-10-03 06:54:53,222 stage2 epoch 76600  loss 3.1131e-01  mse 3.1123e-01  pinn 7.8179e-01  (160548 s)
2026-10-03 06:56:36,845 stage2 epoch 76700  loss 2.9806e-01  mse 2.9798e-01  pinn 7.7539e-01  (160652 s)
2026-10-03 06:58:19,769 stage2 epoch 76800  loss 3.3393e-01  mse 3.3385e-01  pinn 7.6910e-01  (160755 s)
2026-10-03 07:00:04,739 stage2 epoch 76900  loss 3.0114e-01  mse 3.0107e-01  pinn 7.6323e-01  (160860 s)
2026-10-03 07:01:51,171 stage2 epoch 77000  loss 2.8684e-01  mse 2.8676e-01  pinn 7.5583e-01  (160966 s)
2026-10-03 07:03:38,648 stage2 epoch 77100  loss 3.2328e-01  mse 3.2321e-01  pinn 7.4942e-01  (161074 s)
2026-10-03 07:05:26,536 stage2 epoch 77200  loss 2.9246e-01  mse 2.9239e-01  pinn 7.4326e-01  (161182 s)
2026-10-03 07:07:13,825 stage2 epoch 77300  loss 2.7790e-01  mse 2.7782e-01  pinn 7.3570e-01  (161289 s)
2026-10-03 07:09:01,372 stage2 epoch 77400  loss 3.1528e-01  mse 3.1520e-01  pinn 7.2965e-01  (161397 s)
2026-10-03 07:10:49,347 stage2 epoch 77500  loss 2.8434e-01  mse 2.8427e-01  pinn 7.2335e-01  (161505 s)
2026-10-03 07:12:37,674 stage2 epoch 77600  loss 2.7016e-01  mse 2.7008e-01  pinn 7.1604e-01  (161613 s)
2026-10-03 07:14:25,967 stage2 epoch 77700  loss 3.0830e-01  mse 3.0823e-01  pinn 7.1063e-01  (161721 s)
2026-10-03 07:16:14,881 stage2 epoch 77800  loss 2.7651e-01  mse 2.7644e-01  pinn 7.0420e-01  (161830 s)
2026-10-03 07:18:03,538 stage2 epoch 77900  loss 2.6312e-01  mse 2.6306e-01  pinn 6.9735e-01  (161939 s)
2026-10-03 07:19:52,520 stage2 epoch 78000  loss 3.0196e-01  mse 3.0189e-01  pinn 6.9269e-01  (162048 s)
2026-10-03 07:21:41,097 stage2 epoch 78100  loss 2.6889e-01  mse 2.6882e-01  pinn 6.8606e-01  (162156 s)
2026-10-03 07:23:31,852 stage2 epoch 78200  loss 2.5658e-01  mse 2.5651e-01  pinn 6.7974e-01  (162267 s)
2026-10-03 07:25:21,193 stage2 epoch 78300  loss 2.9601e-01  mse 2.9594e-01  pinn 6.7583e-01  (162376 s)
2026-10-03 07:27:10,956 stage2 epoch 78400  loss 2.6146e-01  mse 2.6139e-01  pinn 6.6898e-01  (162486 s)
2026-10-03 07:29:01,250 stage2 epoch 78500  loss 2.5036e-01  mse 2.5029e-01  pinn 6.6322e-01  (162596 s)
2026-10-03 07:30:50,660 stage2 epoch 78600  loss 2.9051e-01  mse 2.9045e-01  pinn 6.6003e-01  (162706 s)
2026-10-03 07:32:40,128 stage2 epoch 78700  loss 2.5427e-01  mse 2.5420e-01  pinn 6.5304e-01  (162815 s)
2026-10-03 07:34:29,057 stage2 epoch 78800  loss 2.4428e-01  mse 2.4421e-01  pinn 6.4781e-01  (162924 s)
2026-10-03 07:36:21,808 stage2 epoch 78900  loss 2.8564e-01  mse 2.8557e-01  pinn 6.4531e-01  (163037 s)
2026-10-03 07:38:14,524 stage2 epoch 79000  loss 2.4737e-01  mse 2.4731e-01  pinn 6.3822e-01  (163150 s)
2026-10-03 07:40:06,218 stage2 epoch 79100  loss 2.3818e-01  mse 2.3812e-01  pinn 6.3347e-01  (163261 s)
2026-10-03 07:41:57,378 stage2 epoch 79200  loss 2.8127e-01  mse 2.8120e-01  pinn 6.3154e-01  (163373 s)
2026-10-03 07:43:49,298 stage2 epoch 79300  loss 2.4083e-01  mse 2.4077e-01  pinn 6.2448e-01  (163484 s)
2026-10-03 07:45:40,847 stage2 epoch 79400  loss 2.3209e-01  mse 2.3203e-01  pinn 6.2009e-01  (163596 s)
2026-10-03 07:47:32,528 stage2 epoch 79500  loss 2.7724e-01  mse 2.7718e-01  pinn 6.1857e-01  (163708 s)
2026-10-03 07:49:25,386 stage2 epoch 79600  loss 2.3475e-01  mse 2.3469e-01  pinn 6.1141e-01  (163821 s)
2026-10-03 07:51:19,151 stage2 epoch 79700  loss 2.2627e-01  mse 2.2621e-01  pinn 6.0721e-01  (163934 s)
2026-10-03 07:53:12,867 stage2 epoch 79800  loss 2.7342e-01  mse 2.7336e-01  pinn 6.0603e-01  (164048 s)
2026-10-03 07:55:07,122 stage2 epoch 79900  loss 2.2903e-01  mse 2.2897e-01  pinn 5.9858e-01  (164162 s)
2026-10-03 07:57:00,690 stage2 epoch 80000  loss 2.2075e-01  mse 2.2069e-01  pinn 5.9446e-01  (164276 s)
2026-10-03 07:57:00,710 stage 2 archive stage2_S2_seed0_epoch80000.pt  sha256 06889f28e46fd209bdef64da283e2f3e5cee9d25cacb58416990d538caf479e0
2026-10-03 07:58:54,011 stage2 epoch 80100  loss 2.6975e-01  mse 2.6969e-01  pinn 5.9353e-01  (164389 s)
2026-10-03 08:00:47,232 stage2 epoch 80200  loss 2.2360e-01  mse 2.2354e-01  pinn 5.8574e-01  (164502 s)
2026-10-03 08:02:42,702 stage2 epoch 80300  loss 2.1552e-01  mse 2.1546e-01  pinn 5.8165e-01  (164618 s)
2026-10-03 08:04:39,111 stage2 epoch 80400  loss 2.6628e-01  mse 2.6622e-01  pinn 5.8092e-01  (164734 s)
2026-10-03 08:06:35,316 stage2 epoch 80500  loss 2.1834e-01  mse 2.1829e-01  pinn 5.7274e-01  (164850 s)
2026-10-03 08:08:32,561 stage2 epoch 80600  loss 2.1041e-01  mse 2.1035e-01  pinn 5.6862e-01  (164968 s)
2026-10-03 08:10:29,327 stage2 epoch 80700  loss 2.6302e-01  mse 2.6297e-01  pinn 5.6803e-01  (165084 s)
2026-10-03 08:12:26,547 stage2 epoch 80800  loss 2.1321e-01  mse 2.1316e-01  pinn 5.5948e-01  (165202 s)
2026-10-03 08:14:24,093 stage2 epoch 80900  loss 2.0530e-01  mse 2.0524e-01  pinn 5.5533e-01  (165319 s)
2026-10-03 08:16:22,488 stage2 epoch 81000  loss 2.6031e-01  mse 2.6026e-01  pinn 5.5485e-01  (165438 s)
2026-10-03 08:18:20,576 stage2 epoch 81100  loss 2.0805e-01  mse 2.0800e-01  pinn 5.4604e-01  (165556 s)
2026-10-03 08:20:19,247 stage2 epoch 81200  loss 1.9964e-01  mse 1.9959e-01  pinn 5.4201e-01  (165674 s)
2026-10-03 08:22:17,770 stage2 epoch 81300  loss 2.5848e-01  mse 2.5843e-01  pinn 5.4167e-01  (165793 s)
2026-10-03 08:24:17,240 stage2 epoch 81400  loss 2.0297e-01  mse 2.0291e-01  pinn 5.3284e-01  (165912 s)
2026-10-03 08:26:16,778 stage2 epoch 81500  loss 1.9259e-01  mse 1.9254e-01  pinn 5.2882e-01  (166032 s)
2026-10-03 08:28:17,490 stage2 epoch 81600  loss 2.5397e-01  mse 2.5392e-01  pinn 5.2799e-01  (166153 s)
2026-10-03 08:30:18,052 stage2 epoch 81700  loss 1.9950e-01  mse 1.9945e-01  pinn 5.1870e-01  (166273 s)
2026-10-03 08:32:18,797 stage2 epoch 81800  loss 1.8683e-01  mse 1.8678e-01  pinn 5.1444e-01  (166394 s)
2026-10-03 08:34:20,142 stage2 epoch 81900  loss 2.4924e-01  mse 2.4919e-01  pinn 5.1337e-01  (166515 s)
2026-10-03 08:36:21,030 stage2 epoch 82000  loss 1.9678e-01  mse 1.9673e-01  pinn 5.0375e-01  (166636 s)
2026-10-03 08:38:22,379 stage2 epoch 82100  loss 1.8181e-01  mse 1.8176e-01  pinn 4.9947e-01  (166758 s)
2026-10-03 08:40:23,101 stage2 epoch 82200  loss 2.4456e-01  mse 2.4451e-01  pinn 4.9840e-01  (166878 s)
2026-10-03 08:42:23,872 stage2 epoch 82300  loss 1.9438e-01  mse 1.9433e-01  pinn 4.8866e-01  (166999 s)
2026-10-03 08:44:25,078 stage2 epoch 82400  loss 1.7729e-01  mse 1.7724e-01  pinn 4.8456e-01  (167120 s)
2026-10-03 08:46:26,188 stage2 epoch 82500  loss 2.4017e-01  mse 2.4012e-01  pinn 4.8359e-01  (167241 s)
2026-10-03 08:48:28,015 stage2 epoch 82600  loss 1.9226e-01  mse 1.9222e-01  pinn 4.7396e-01  (167363 s)
2026-10-03 08:50:30,627 stage2 epoch 82700  loss 1.7314e-01  mse 1.7309e-01  pinn 4.7015e-01  (167486 s)
2026-10-03 08:52:32,546 stage2 epoch 82800  loss 2.3580e-01  mse 2.3576e-01  pinn 4.6938e-01  (167608 s)
2026-10-03 08:54:35,474 stage2 epoch 82900  loss 1.9018e-01  mse 1.9013e-01  pinn 4.6004e-01  (167731 s)
2026-10-03 08:56:37,157 stage2 epoch 83000  loss 1.6923e-01  mse 1.6918e-01  pinn 4.5661e-01  (167852 s)
2026-10-03 08:58:38,402 stage2 epoch 83100  loss 2.3185e-01  mse 2.3181e-01  pinn 4.5602e-01  (167974 s)
2026-10-03 09:00:38,563 stage2 epoch 83200  loss 1.8811e-01  mse 1.8806e-01  pinn 4.4722e-01  (168094 s)
2026-10-03 09:02:40,505 stage2 epoch 83300  loss 1.6544e-01  mse 1.6540e-01  pinn 4.4415e-01  (168216 s)
2026-10-03 09:04:43,614 stage2 epoch 83400  loss 2.2835e-01  mse 2.2831e-01  pinn 4.4374e-01  (168339 s)
2026-10-03 09:06:46,727 stage2 epoch 83500  loss 1.8560e-01  mse 1.8555e-01  pinn 4.3562e-01  (168462 s)
2026-10-03 09:08:49,647 stage2 epoch 83600  loss 1.6195e-01  mse 1.6190e-01  pinn 4.3287e-01  (168585 s)
2026-10-03 09:10:50,043 stage2 epoch 83700  loss 2.2605e-01  mse 2.2600e-01  pinn 4.3248e-01  (168705 s)
2026-10-03 09:12:51,016 stage2 epoch 83800  loss 1.8143e-01  mse 1.8138e-01  pinn 4.2508e-01  (168826 s)
2026-10-03 09:14:52,570 stage2 epoch 83900  loss 1.5990e-01  mse 1.5985e-01  pinn 4.2230e-01  (168948 s)
2026-10-03 09:16:56,690 stage2 epoch 84000  loss 2.4862e-01  mse 2.4857e-01  pinn 4.0430e-01  (169072 s)
2026-10-03 09:19:01,558 stage2 epoch 84100  loss 1.6121e-01  mse 1.6117e-01  pinn 4.1791e-01  (169197 s)
2026-10-03 09:21:06,243 stage2 epoch 84200  loss 1.6170e-01  mse 1.6166e-01  pinn 4.1801e-01  (169321 s)
2026-10-03 09:23:12,589 stage2 epoch 84300  loss 1.9816e-01  mse 1.9811e-01  pinn 4.1562e-01  (169448 s)
2026-10-03 09:25:19,029 stage2 epoch 84400  loss 1.5052e-01  mse 1.5048e-01  pinn 3.9434e-01  (169574 s)
2026-10-03 09:27:23,729 stage2 epoch 84500  loss 1.5725e-01  mse 1.5721e-01  pinn 4.0991e-01  (169699 s)
2026-10-03 09:29:31,253 stage2 epoch 84600  loss 1.5721e-01  mse 1.5717e-01  pinn 4.0024e-01  (169826 s)
2026-10-03 09:31:39,119 stage2 epoch 84700  loss 1.7352e-01  mse 1.7348e-01  pinn 3.8991e-01  (169954 s)
2026-10-03 09:33:45,688 stage2 epoch 84800  loss 1.5567e-01  mse 1.5563e-01  pinn 4.0039e-01  (170081 s)
2026-10-03 09:35:54,228 stage2 epoch 84900  loss 1.6501e-01  mse 1.6497e-01  pinn 3.8184e-01  (170209 s)
2026-10-03 09:38:01,716 stage2 epoch 85000  loss 2.7199e-01  mse 2.7195e-01  pinn 3.6943e-01  (170337 s)
2026-10-03 09:38:01,735 stage 2 archive stage2_S2_seed0_epoch85000.pt  sha256 78a44e6f84fcb14353f2da881064e0300b555f33595ab91bcba08fbc8645d711
2026-10-03 09:40:09,881 stage2 epoch 85100  loss 2.2922e-01  mse 2.2918e-01  pinn 3.7084e-01  (170465 s)
2026-10-03 09:42:17,368 stage2 epoch 85200  loss 2.1496e-01  mse 2.1492e-01  pinn 3.7234e-01  (170593 s)
2026-10-03 09:44:26,166 stage2 epoch 85300  loss 2.0410e-01  mse 2.0406e-01  pinn 3.7293e-01  (170721 s)
2026-10-03 09:46:34,530 stage2 epoch 85400  loss 2.0504e-01  mse 2.0500e-01  pinn 3.7317e-01  (170850 s)
2026-10-03 09:48:44,172 stage2 epoch 85500  loss 2.0787e-01  mse 2.0784e-01  pinn 3.7282e-01  (170979 s)
2026-10-03 09:50:54,566 stage2 epoch 85600  loss 1.9782e-01  mse 1.9779e-01  pinn 3.7301e-01  (171110 s)
2026-10-03 09:53:04,720 stage2 epoch 85700  loss 1.8306e-01  mse 1.8303e-01  pinn 3.7196e-01  (171240 s)
2026-10-03 09:55:15,046 stage2 epoch 85800  loss 2.1095e-01  mse 2.1092e-01  pinn 3.7177e-01  (171370 s)
2026-10-03 09:57:22,819 stage2 epoch 85900  loss 1.8879e-01  mse 1.8875e-01  pinn 3.7213e-01  (171498 s)
2026-10-03 09:59:30,378 stage2 epoch 86000  loss 1.7721e-01  mse 1.7717e-01  pinn 3.7043e-01  (171626 s)
2026-10-03 10:01:38,575 stage2 epoch 86100  loss 2.0717e-01  mse 2.0713e-01  pinn 3.7002e-01  (171754 s)
2026-10-03 10:03:49,413 stage2 epoch 86200  loss 1.8637e-01  mse 1.8633e-01  pinn 3.6993e-01  (171885 s)
2026-10-03 10:05:59,113 stage2 epoch 86300  loss 1.7427e-01  mse 1.7423e-01  pinn 3.6776e-01  (172014 s)
2026-10-03 10:08:08,983 stage2 epoch 86400  loss 1.9337e-01  mse 1.9333e-01  pinn 3.6684e-01  (172144 s)
2026-10-03 10:10:19,080 stage2 epoch 86500  loss 1.7265e-01  mse 1.7262e-01  pinn 3.6518e-01  (172274 s)
2026-10-03 10:12:29,520 stage2 epoch 86600  loss 1.7829e-01  mse 1.7826e-01  pinn 3.6388e-01  (172405 s)
2026-10-03 10:14:39,027 stage2 epoch 86700  loss 1.8941e-01  mse 1.8937e-01  pinn 3.6330e-01  (172534 s)
2026-10-03 10:16:47,743 stage2 epoch 86800  loss 1.9554e-01  mse 1.9551e-01  pinn 3.6150e-01  (172663 s)
2026-10-03 10:18:55,435 stage2 epoch 86900  loss 1.7395e-01  mse 1.7392e-01  pinn 3.5961e-01  (172791 s)
2026-10-03 10:21:03,333 stage2 epoch 87000  loss 1.8004e-01  mse 1.8000e-01  pinn 3.5823e-01  (172918 s)
2026-10-03 10:23:12,206 stage2 epoch 87100  loss 1.9302e-01  mse 1.9299e-01  pinn 3.5834e-01  (173047 s)
2026-10-03 10:25:19,573 stage2 epoch 87200  loss 1.7663e-01  mse 1.7659e-01  pinn 3.5608e-01  (173175 s)
2026-10-03 10:27:26,522 stage2 epoch 87300  loss 1.7388e-01  mse 1.7384e-01  pinn 3.5473e-01  (173302 s)
2026-10-03 10:29:33,917 stage2 epoch 87400  loss 1.7188e-01  mse 1.7185e-01  pinn 3.5342e-01  (173429 s)
2026-10-03 10:31:40,781 stage2 epoch 87500  loss 1.6899e-01  mse 1.6895e-01  pinn 3.5303e-01  (173556 s)
2026-10-03 10:33:47,091 stage2 epoch 87600  loss 1.7161e-01  mse 1.7158e-01  pinn 3.5232e-01  (173682 s)
2026-10-03 10:35:53,485 stage2 epoch 87700  loss 1.7685e-01  mse 1.7682e-01  pinn 3.5043e-01  (173809 s)
2026-10-03 10:37:59,382 stage2 epoch 87800  loss 1.6464e-01  mse 1.6460e-01  pinn 3.4894e-01  (173935 s)
2026-10-03 10:40:05,796 stage2 epoch 87900  loss 1.6386e-01  mse 1.6383e-01  pinn 3.4771e-01  (174061 s)
2026-10-03 10:42:11,670 stage2 epoch 88000  loss 1.6531e-01  mse 1.6527e-01  pinn 3.4605e-01  (174187 s)
2026-10-03 10:44:17,757 stage2 epoch 88100  loss 1.5969e-01  mse 1.5966e-01  pinn 3.4450e-01  (174313 s)
2026-10-03 10:46:23,047 stage2 epoch 88200  loss 1.5905e-01  mse 1.5901e-01  pinn 3.4319e-01  (174438 s)
2026-10-03 10:48:27,731 stage2 epoch 88300  loss 1.5853e-01  mse 1.5849e-01  pinn 3.4176e-01  (174563 s)
2026-10-03 10:50:32,842 stage2 epoch 88400  loss 1.5806e-01  mse 1.5803e-01  pinn 3.4032e-01  (174688 s)
2026-10-03 10:52:37,651 stage2 epoch 88500  loss 1.5766e-01  mse 1.5762e-01  pinn 3.3890e-01  (174813 s)
2026-10-03 10:54:43,805 stage2 epoch 88600  loss 1.5728e-01  mse 1.5724e-01  pinn 3.3749e-01  (174939 s)
2026-10-03 10:56:48,342 stage2 epoch 88700  loss 1.5694e-01  mse 1.5691e-01  pinn 3.3611e-01  (175063 s)
2026-10-03 10:58:51,954 stage2 epoch 88800  loss 1.5663e-01  mse 1.5659e-01  pinn 3.3474e-01  (175187 s)
2026-10-03 11:00:55,796 stage2 epoch 88900  loss 1.5632e-01  mse 1.5629e-01  pinn 3.3339e-01  (175311 s)
2026-10-03 11:02:59,574 stage2 epoch 89000  loss 1.5605e-01  mse 1.5601e-01  pinn 3.3205e-01  (175435 s)
2026-10-03 11:05:03,813 stage2 epoch 89100  loss 1.5578e-01  mse 1.5575e-01  pinn 3.3073e-01  (175559 s)
2026-10-03 11:07:07,358 stage2 epoch 89200  loss 1.5554e-01  mse 1.5551e-01  pinn 3.2942e-01  (175683 s)
2026-10-03 11:09:11,037 stage2 epoch 89300  loss 1.5530e-01  mse 1.5527e-01  pinn 3.2812e-01  (175806 s)
2026-10-03 11:11:14,979 stage2 epoch 89400  loss 1.5507e-01  mse 1.5504e-01  pinn 3.2685e-01  (175930 s)
2026-10-03 11:13:18,565 stage2 epoch 89500  loss 1.5486e-01  mse 1.5483e-01  pinn 3.2559e-01  (176054 s)
2026-10-03 11:15:22,515 stage2 epoch 89600  loss 1.5464e-01  mse 1.5461e-01  pinn 3.2434e-01  (176178 s)
2026-10-03 11:17:26,047 stage2 epoch 89700  loss 1.5444e-01  mse 1.5441e-01  pinn 3.2311e-01  (176301 s)
2026-10-03 11:19:30,340 stage2 epoch 89800  loss 1.5425e-01  mse 1.5422e-01  pinn 3.2188e-01  (176426 s)
2026-10-03 11:21:34,357 stage2 epoch 89900  loss 1.5406e-01  mse 1.5402e-01  pinn 3.2066e-01  (176550 s)
2026-10-03 11:23:38,185 stage2 epoch 90000  loss 1.5389e-01  mse 1.5386e-01  pinn 3.1946e-01  (176673 s)
2026-10-03 11:23:38,204 stage 2 archive stage2_S2_seed0_epoch90000.pt  sha256 6160cf7cbe6b60b75b48941f330d21573da1f3b8758a2296e93be106368c2f25
2026-10-03 11:25:41,417 stage2 epoch 90100  loss 1.5372e-01  mse 1.5368e-01  pinn 3.1826e-01  (176797 s)
2026-10-03 11:27:44,758 stage2 epoch 90200  loss 1.5354e-01  mse 1.5351e-01  pinn 3.1707e-01  (176920 s)
2026-10-03 11:29:48,272 stage2 epoch 90300  loss 1.5339e-01  mse 1.5336e-01  pinn 3.1589e-01  (177043 s)
2026-10-03 11:31:51,463 stage2 epoch 90400  loss 1.5322e-01  mse 1.5319e-01  pinn 3.1473e-01  (177167 s)
2026-10-03 11:33:54,501 stage2 epoch 90500  loss 1.5309e-01  mse 1.5305e-01  pinn 3.1357e-01  (177290 s)
2026-10-03 11:35:57,553 stage2 epoch 90600  loss 1.5292e-01  mse 1.5289e-01  pinn 3.1241e-01  (177413 s)
2026-10-03 11:37:59,945 stage2 epoch 90700  loss 1.5280e-01  mse 1.5276e-01  pinn 3.1127e-01  (177535 s)
2026-10-03 11:40:02,820 stage2 epoch 90800  loss 1.5264e-01  mse 1.5261e-01  pinn 3.1012e-01  (177658 s)
2026-10-03 11:42:05,309 stage2 epoch 90900  loss 1.5249e-01  mse 1.5246e-01  pinn 3.0899e-01  (177780 s)
2026-10-03 11:44:08,161 stage2 epoch 91000  loss 1.5234e-01  mse 1.5231e-01  pinn 3.0786e-01  (177903 s)
2026-10-03 11:46:10,275 stage2 epoch 91100  loss 1.5222e-01  mse 1.5219e-01  pinn 3.0674e-01  (178025 s)
2026-10-03 11:48:12,813 stage2 epoch 91200  loss 1.5206e-01  mse 1.5203e-01  pinn 3.0562e-01  (178148 s)
2026-10-03 11:50:15,756 stage2 epoch 91300  loss 1.5197e-01  mse 1.5194e-01  pinn 3.0451e-01  (178271 s)
2026-10-03 11:52:17,645 stage2 epoch 91400  loss 1.5184e-01  mse 1.5181e-01  pinn 3.0340e-01  (178393 s)
2026-10-03 11:54:19,814 stage2 epoch 91500  loss 1.5167e-01  mse 1.5164e-01  pinn 3.0229e-01  (178515 s)
2026-10-03 11:56:22,467 stage2 epoch 91600  loss 1.5156e-01  mse 1.5153e-01  pinn 3.0119e-01  (178638 s)
2026-10-03 11:58:23,773 stage2 epoch 91700  loss 1.5146e-01  mse 1.5143e-01  pinn 3.0009e-01  (178759 s)
2026-10-03 12:00:25,423 stage2 epoch 91800  loss 1.5127e-01  mse 1.5124e-01  pinn 2.9899e-01  (178881 s)
2026-10-03 12:02:31,604 stage2 epoch 91900  loss 1.5114e-01  mse 1.5111e-01  pinn 2.9790e-01  (179007 s)
2026-10-03 12:04:48,442 stage2 epoch 92000  loss 1.5103e-01  mse 1.5100e-01  pinn 2.9681e-01  (179144 s)
2026-10-03 12:06:59,453 stage2 epoch 92100  loss 1.5094e-01  mse 1.5091e-01  pinn 2.9572e-01  (179275 s)
2026-10-03 12:09:10,195 stage2 epoch 92200  loss 1.5080e-01  mse 1.5077e-01  pinn 2.9463e-01  (179405 s)
2026-10-03 12:11:13,274 stage2 epoch 92300  loss 1.5052e-01  mse 1.5049e-01  pinn 2.9356e-01  (179528 s)
2026-10-03 12:13:19,598 stage2 epoch 92400  loss 1.5087e-01  mse 1.5084e-01  pinn 2.9250e-01  (179655 s)
2026-10-03 12:15:26,328 stage2 epoch 92500  loss 1.4896e-01  mse 1.4893e-01  pinn 2.9143e-01  (179782 s)
2026-10-03 12:17:34,058 stage2 epoch 92600  loss 1.6879e-01  mse 1.6877e-01  pinn 2.8980e-01  (179909 s)
2026-10-03 12:19:43,034 stage2 epoch 92700  loss 1.6866e-01  mse 1.6863e-01  pinn 2.8898e-01  (180038 s)
2026-10-03 12:21:48,260 stage2 epoch 92800  loss 1.6596e-01  mse 1.6593e-01  pinn 2.8809e-01  (180163 s)
2026-10-03 12:23:53,397 stage2 epoch 92900  loss 1.6188e-01  mse 1.6185e-01  pinn 2.8706e-01  (180289 s)
2026-10-03 12:25:55,214 stage2 epoch 93000  loss 1.5814e-01  mse 1.5812e-01  pinn 2.8601e-01  (180410 s)
2026-10-03 12:27:58,008 stage2 epoch 93100  loss 1.5496e-01  mse 1.5494e-01  pinn 2.8493e-01  (180533 s)
2026-10-03 12:29:58,268 stage2 epoch 93200  loss 1.5227e-01  mse 1.5225e-01  pinn 2.8387e-01  (180653 s)
2026-10-03 12:31:58,860 stage2 epoch 93300  loss 1.4989e-01  mse 1.4986e-01  pinn 2.8278e-01  (180774 s)
2026-10-03 12:33:59,221 stage2 epoch 93400  loss 1.4704e-01  mse 1.4701e-01  pinn 2.8189e-01  (180894 s)
2026-10-03 12:35:59,532 stage2 epoch 93500  loss 1.4649e-01  mse 1.4646e-01  pinn 2.8105e-01  (181015 s)
2026-10-03 12:37:59,612 stage2 epoch 93600  loss 1.4581e-01  mse 1.4579e-01  pinn 2.8036e-01  (181135 s)
2026-10-03 12:39:59,907 stage2 epoch 93700  loss 1.4646e-01  mse 1.4644e-01  pinn 2.7953e-01  (181255 s)
2026-10-03 12:41:59,286 stage2 epoch 93800  loss 1.4675e-01  mse 1.4672e-01  pinn 2.7860e-01  (181374 s)
2026-10-03 12:44:00,120 stage2 epoch 93900  loss 1.4815e-01  mse 1.4812e-01  pinn 2.7730e-01  (181495 s)
2026-10-03 12:46:00,066 stage2 epoch 94000  loss 1.5157e-01  mse 1.5154e-01  pinn 2.7594e-01  (181615 s)
2026-10-03 12:47:59,516 stage2 epoch 94100  loss 1.5553e-01  mse 1.5550e-01  pinn 2.7450e-01  (181735 s)
2026-10-03 12:49:59,476 stage2 epoch 94200  loss 1.6480e-01  mse 1.6477e-01  pinn 2.7370e-01  (181855 s)
2026-10-03 12:51:59,435 stage2 epoch 94300  loss 1.6496e-01  mse 1.6493e-01  pinn 2.7293e-01  (181975 s)
2026-10-03 12:53:58,940 stage2 epoch 94400  loss 1.6039e-01  mse 1.6037e-01  pinn 2.7208e-01  (182094 s)
2026-10-03 12:55:58,780 stage2 epoch 94500  loss 1.5501e-01  mse 1.5498e-01  pinn 2.7110e-01  (182214 s)
2026-10-03 12:58:00,652 stage2 epoch 94600  loss 1.5059e-01  mse 1.5057e-01  pinn 2.7017e-01  (182336 s)
2026-10-03 12:59:59,662 stage2 epoch 94700  loss 1.4729e-01  mse 1.4726e-01  pinn 2.6920e-01  (182455 s)
2026-10-03 13:01:58,349 stage2 epoch 94800  loss 1.4499e-01  mse 1.4496e-01  pinn 2.6829e-01  (182574 s)
2026-10-03 13:03:57,746 stage2 epoch 94900  loss 1.4378e-01  mse 1.4376e-01  pinn 2.6759e-01  (182693 s)
2026-10-03 13:05:56,912 stage2 epoch 95000  loss 1.4404e-01  mse 1.4401e-01  pinn 2.6698e-01  (182812 s)
2026-10-03 13:05:57,005 stage 2 archive stage2_S2_seed0_epoch95000.pt  sha256 3f2d90ec332eb9b4440a179d555bbc178bf7ba9e33f0d7476b1a4cd75435e482
2026-10-03 13:07:56,158 stage2 epoch 95100  loss 1.4520e-01  mse 1.4517e-01  pinn 2.6600e-01  (182931 s)
2026-10-03 13:09:55,098 stage2 epoch 95200  loss 1.4792e-01  mse 1.4790e-01  pinn 2.6472e-01  (183050 s)
2026-10-03 13:11:53,480 stage2 epoch 95300  loss 1.5312e-01  mse 1.5309e-01  pinn 2.6334e-01  (183169 s)
2026-10-03 13:13:52,179 stage2 epoch 95400  loss 1.6053e-01  mse 1.6050e-01  pinn 2.6249e-01  (183287 s)
2026-10-03 13:15:51,308 stage2 epoch 95500  loss 1.6110e-01  mse 1.6107e-01  pinn 2.6177e-01  (183407 s)
2026-10-03 13:17:50,193 stage2 epoch 95600  loss 1.5488e-01  mse 1.5485e-01  pinn 2.6101e-01  (183525 s)
2026-10-03 13:19:48,839 stage2 epoch 95700  loss 1.5001e-01  mse 1.4998e-01  pinn 2.6019e-01  (183644 s)
2026-10-03 13:21:48,412 stage2 epoch 95800  loss 1.4582e-01  mse 1.4580e-01  pinn 2.5934e-01  (183764 s)
2026-10-03 13:23:47,718 stage2 epoch 95900  loss 1.4275e-01  mse 1.4273e-01  pinn 2.5862e-01  (183883 s)
2026-10-03 13:25:46,478 stage2 epoch 96000  loss 1.4232e-01  mse 1.4229e-01  pinn 2.5810e-01  (184002 s)
2026-10-03 13:27:45,370 stage2 epoch 96100  loss 1.4327e-01  mse 1.4324e-01  pinn 2.5737e-01  (184121 s)
2026-10-03 13:29:44,417 stage2 epoch 96200  loss 1.4752e-01  mse 1.4750e-01  pinn 2.5605e-01  (184240 s)
2026-10-03 13:31:42,884 stage2 epoch 96300  loss 1.5594e-01  mse 1.5592e-01  pinn 2.5496e-01  (184358 s)
2026-10-03 13:33:41,901 stage2 epoch 96400  loss 1.5868e-01  mse 1.5866e-01  pinn 2.5424e-01  (184477 s)
2026-10-03 13:35:40,082 stage2 epoch 96500  loss 1.5138e-01  mse 1.5135e-01  pinn 2.5373e-01  (184595 s)
2026-10-03 13:37:38,462 stage2 epoch 96600  loss 1.4609e-01  mse 1.4606e-01  pinn 2.5301e-01  (184714 s)
2026-10-03 13:39:36,835 stage2 epoch 96700  loss 1.4043e-01  mse 1.4041e-01  pinn 2.5245e-01  (184832 s)
2026-10-03 13:41:35,217 stage2 epoch 96800  loss 1.4037e-01  mse 1.4034e-01  pinn 2.5199e-01  (184950 s)
2026-10-03 13:43:33,580 stage2 epoch 96900  loss 1.4242e-01  mse 1.4239e-01  pinn 2.5111e-01  (185069 s)
2026-10-03 13:45:31,465 stage2 epoch 97000  loss 1.4942e-01  mse 1.4939e-01  pinn 2.4984e-01  (185187 s)
2026-10-03 13:47:29,658 stage2 epoch 97100  loss 1.5597e-01  mse 1.5595e-01  pinn 2.4905e-01  (185305 s)
2026-10-03 13:49:27,949 stage2 epoch 97200  loss 1.5297e-01  mse 1.5294e-01  pinn 2.4856e-01  (185423 s)
2026-10-03 13:51:26,611 stage2 epoch 97300  loss 1.4826e-01  mse 1.4824e-01  pinn 2.4808e-01  (185542 s)
2026-10-03 13:53:25,377 stage2 epoch 97400  loss 1.4317e-01  mse 1.4315e-01  pinn 2.4743e-01  (185661 s)
2026-10-03 13:55:25,156 stage2 epoch 97500  loss 1.3893e-01  mse 1.3890e-01  pinn 2.4692e-01  (185780 s)
2026-10-03 13:57:24,286 stage2 epoch 97600  loss 1.3798e-01  mse 1.3796e-01  pinn 2.4644e-01  (185899 s)
2026-10-03 13:59:23,675 stage2 epoch 97700  loss 1.3853e-01  mse 1.3851e-01  pinn 2.4589e-01  (186019 s)
2026-10-03 14:01:23,717 stage2 epoch 97800  loss 1.3949e-01  mse 1.3947e-01  pinn 2.4514e-01  (186139 s)
2026-10-03 14:03:21,528 stage2 epoch 97900  loss 1.4121e-01  mse 1.4119e-01  pinn 2.4427e-01  (186257 s)
2026-10-03 14:05:20,350 stage2 epoch 98000  loss 1.4349e-01  mse 1.4347e-01  pinn 2.4346e-01  (186376 s)
2026-10-03 14:07:18,805 stage2 epoch 98100  loss 1.4474e-01  mse 1.4472e-01  pinn 2.4277e-01  (186494 s)
2026-10-03 14:09:17,289 stage2 epoch 98200  loss 1.4495e-01  mse 1.4493e-01  pinn 2.4215e-01  (186612 s)
2026-10-03 14:11:16,411 stage2 epoch 98300  loss 1.4400e-01  mse 1.4397e-01  pinn 2.4160e-01  (186732 s)
2026-10-03 14:13:14,877 stage2 epoch 98400  loss 1.4176e-01  mse 1.4173e-01  pinn 2.4113e-01  (186850 s)
2026-10-03 14:15:13,170 stage2 epoch 98500  loss 1.3922e-01  mse 1.3920e-01  pinn 2.4078e-01  (186968 s)
2026-10-03 14:17:12,240 stage2 epoch 98600  loss 1.3768e-01  mse 1.3766e-01  pinn 2.4045e-01  (187087 s)
2026-10-03 14:19:10,669 stage2 epoch 98700  loss 1.3687e-01  mse 1.3685e-01  pinn 2.3996e-01  (187206 s)
2026-10-03 14:21:08,440 stage2 epoch 98800  loss 1.3683e-01  mse 1.3680e-01  pinn 2.3929e-01  (187324 s)
2026-10-03 14:23:05,575 stage2 epoch 98900  loss 1.3854e-01  mse 1.3852e-01  pinn 2.3861e-01  (187441 s)
2026-10-03 14:25:03,548 stage2 epoch 99000  loss 1.4345e-01  mse 1.4343e-01  pinn 2.3810e-01  (187559 s)
2026-10-03 14:27:01,991 stage2 epoch 99100  loss 1.4846e-01  mse 1.4844e-01  pinn 2.3726e-01  (187677 s)
2026-10-03 14:29:01,051 stage2 epoch 99200  loss 1.3865e-01  mse 1.3863e-01  pinn 2.3711e-01  (187796 s)
2026-10-03 14:30:58,909 stage2 epoch 99300  loss 1.4856e-01  mse 1.4854e-01  pinn 2.3633e-01  (187914 s)
2026-10-03 14:32:56,655 stage2 epoch 99400  loss 1.4120e-01  mse 1.4117e-01  pinn 2.3605e-01  (188032 s)
2026-10-03 14:34:54,795 stage2 epoch 99500  loss 1.3759e-01  mse 1.3757e-01  pinn 2.3557e-01  (188150 s)
2026-10-03 14:36:52,630 stage2 epoch 99600  loss 1.4441e-01  mse 1.4439e-01  pinn 2.3486e-01  (188268 s)
2026-10-03 14:38:50,552 stage2 epoch 99700  loss 1.4433e-01  mse 1.4431e-01  pinn 2.3440e-01  (188386 s)
2026-10-03 14:40:47,862 stage2 epoch 99800  loss 1.4299e-01  mse 1.4297e-01  pinn 2.3393e-01  (188503 s)
2026-10-03 14:42:45,227 stage2 epoch 99900  loss 1.3982e-01  mse 1.3979e-01  pinn 2.3344e-01  (188620 s)
2026-10-03 14:44:47,713 stage2 epoch 100000  loss 1.3881e-01  mse 1.3879e-01  pinn 2.3321e-01  (188743 s)
2026-10-03 16:54:25,559 stage 2 resumed in stage2 at epoch 100000
2026-10-03 16:54:30,118 stage2 epoch 100001  loss 2.3762e-01  mse 2.3760e-01  pinn 2.3652e-01  (188745 s)
2026-10-03 16:56:58,947 stage2 epoch 100100  loss 1.4231e-01  mse 1.4229e-01  pinn 2.3266e-01  (188894 s)
2026-10-03 16:59:25,505 stage2 epoch 100200  loss 1.4433e-01  mse 1.4431e-01  pinn 2.3206e-01  (189040 s)
2026-10-03 17:01:48,624 stage2 epoch 100300  loss 1.3866e-01  mse 1.3863e-01  pinn 2.3177e-01  (189183 s)
2026-10-03 17:04:13,303 stage2 epoch 100400  loss 1.4360e-01  mse 1.4358e-01  pinn 2.3125e-01  (189328 s)
2026-10-03 17:06:36,252 stage2 epoch 100500  loss 1.3909e-01  mse 1.3906e-01  pinn 2.3084e-01  (189471 s)
2026-10-03 17:08:59,268 stage2 epoch 100600  loss 1.4220e-01  mse 1.4218e-01  pinn 2.3044e-01  (189614 s)
2026-10-03 17:11:20,437 stage2 epoch 100700  loss 1.3955e-01  mse 1.3953e-01  pinn 2.3008e-01  (189755 s)
2026-10-03 17:13:42,980 stage2 epoch 100800  loss 1.4020e-01  mse 1.4018e-01  pinn 2.2965e-01  (189898 s)
2026-10-03 17:16:06,264 stage2 epoch 100900  loss 1.3977e-01  mse 1.3975e-01  pinn 2.2929e-01  (190041 s)
2026-10-03 17:18:29,771 stage2 epoch 101000  loss 1.3925e-01  mse 1.3923e-01  pinn 2.2891e-01  (190185 s)
2026-10-03 17:20:54,897 stage2 epoch 101100  loss 1.3887e-01  mse 1.3884e-01  pinn 2.2855e-01  (190330 s)
2026-10-03 17:23:17,578 stage2 epoch 101200  loss 1.3844e-01  mse 1.3842e-01  pinn 2.2818e-01  (190472 s)
2026-10-03 17:25:39,177 stage2 epoch 101300  loss 1.3798e-01  mse 1.3796e-01  pinn 2.2782e-01  (190614 s)
2026-10-03 17:28:00,717 stage2 epoch 101400  loss 1.3751e-01  mse 1.3749e-01  pinn 2.2746e-01  (190756 s)
2026-10-03 17:30:22,207 stage2 epoch 101500  loss 1.3699e-01  mse 1.3696e-01  pinn 2.2712e-01  (190897 s)
2026-10-03 17:32:44,348 stage2 epoch 101600  loss 1.3641e-01  mse 1.3639e-01  pinn 2.2677e-01  (191039 s)
2026-10-03 17:35:06,277 stage2 epoch 101700  loss 1.3578e-01  mse 1.3576e-01  pinn 2.2643e-01  (191181 s)
2026-10-03 17:37:28,043 stage2 epoch 101800  loss 1.3507e-01  mse 1.3505e-01  pinn 2.2609e-01  (191323 s)
2026-10-03 17:39:50,120 stage2 epoch 101900  loss 1.3437e-01  mse 1.3435e-01  pinn 2.2573e-01  (191465 s)
2026-10-03 17:42:11,903 stage2 epoch 102000  loss 1.3371e-01  mse 1.3369e-01  pinn 2.2535e-01  (191607 s)
2026-10-03 17:44:34,303 stage2 epoch 102100  loss 1.3317e-01  mse 1.3315e-01  pinn 2.2494e-01  (191749 s)
2026-10-03 17:46:55,621 stage2 epoch 102200  loss 1.3273e-01  mse 1.3271e-01  pinn 2.2452e-01  (191890 s)
2026-10-03 17:49:17,847 stage2 epoch 102300  loss 1.3234e-01  mse 1.3232e-01  pinn 2.2411e-01  (192033 s)
2026-10-03 17:51:39,485 stage2 epoch 102400  loss 1.3200e-01  mse 1.3198e-01  pinn 2.2371e-01  (192174 s)
2026-10-03 17:54:02,755 stage2 epoch 102500  loss 1.3172e-01  mse 1.3169e-01  pinn 2.2333e-01  (192318 s)
2026-10-03 17:56:25,897 stage2 epoch 102600  loss 1.3150e-01  mse 1.3148e-01  pinn 2.2298e-01  (192461 s)
2026-10-03 17:58:45,656 stage2 epoch 102700  loss 1.3137e-01  mse 1.3135e-01  pinn 2.2266e-01  (192601 s)
2026-10-03 18:01:06,253 stage2 epoch 102800  loss 1.3130e-01  mse 1.3128e-01  pinn 2.2237e-01  (192741 s)
2026-10-03 18:03:26,357 stage2 epoch 102900  loss 1.3132e-01  mse 1.3129e-01  pinn 2.2211e-01  (192881 s)
2026-10-03 18:05:47,667 stage2 epoch 103000  loss 1.3137e-01  mse 1.3135e-01  pinn 2.2188e-01  (193023 s)
2026-10-03 18:08:08,100 stage2 epoch 103100  loss 1.3141e-01  mse 1.3139e-01  pinn 2.2168e-01  (193163 s)
2026-10-03 18:10:28,544 stage2 epoch 103200  loss 1.3147e-01  mse 1.3145e-01  pinn 2.2151e-01  (193303 s)
2026-10-03 18:12:48,585 stage2 epoch 103300  loss 1.3149e-01  mse 1.3147e-01  pinn 2.2136e-01  (193443 s)
2026-10-03 18:15:09,316 stage2 epoch 103400  loss 1.3141e-01  mse 1.3139e-01  pinn 2.2125e-01  (193584 s)
2026-10-03 18:17:30,039 stage2 epoch 103500  loss 1.3076e-01  mse 1.3074e-01  pinn 2.2123e-01  (193725 s)
2026-10-03 18:19:51,539 stage2 epoch 103600  loss 1.2945e-01  mse 1.2943e-01  pinn 2.2135e-01  (193866 s)
2026-10-03 18:22:12,502 stage2 epoch 103700  loss 1.2886e-01  mse 1.2883e-01  pinn 2.2134e-01  (194007 s)
2026-10-03 18:24:33,016 stage2 epoch 103800  loss 1.2781e-01  mse 1.2779e-01  pinn 2.2137e-01  (194148 s)
2026-10-03 18:26:54,026 stage2 epoch 103900  loss 1.2850e-01  mse 1.2848e-01  pinn 2.2096e-01  (194289 s)
2026-10-03 18:29:15,461 stage2 epoch 104000  loss 1.2546e-01  mse 1.2544e-01  pinn 2.2122e-01  (194430 s)
2026-10-03 18:31:35,805 stage2 epoch 104100  loss 1.2361e-01  mse 1.2359e-01  pinn 2.2127e-01  (194571 s)
2026-10-03 18:33:56,730 stage2 epoch 104200  loss 1.2315e-01  mse 1.2313e-01  pinn 2.2128e-01  (194712 s)
2026-10-03 18:36:17,015 stage2 epoch 104300  loss 1.2250e-01  mse 1.2248e-01  pinn 2.2136e-01  (194852 s)
2026-10-03 18:38:37,868 stage2 epoch 104400  loss 1.2239e-01  mse 1.2236e-01  pinn 2.2152e-01  (194993 s)
2026-10-03 18:40:58,556 stage2 epoch 104500  loss 1.2264e-01  mse 1.2262e-01  pinn 2.2161e-01  (195133 s)
2026-10-03 18:43:19,522 stage2 epoch 104600  loss 1.2311e-01  mse 1.2308e-01  pinn 2.2134e-01  (195274 s)
2026-10-03 18:45:39,857 stage2 epoch 104700  loss 1.2863e-01  mse 1.2861e-01  pinn 2.2055e-01  (195415 s)
2026-10-03 18:48:00,291 stage2 epoch 104800  loss 1.3218e-01  mse 1.3216e-01  pinn 2.2035e-01  (195555 s)
2026-10-03 18:50:21,595 stage2 epoch 104900  loss 1.2351e-01  mse 1.2349e-01  pinn 2.2125e-01  (195696 s)
2026-10-03 18:52:41,703 stage2 epoch 105000  loss 1.2237e-01  mse 1.2235e-01  pinn 2.2158e-01  (195837 s)
2026-10-03 18:52:41,770 stage 2 archive stage2_S2_seed0_150k_epoch105000.pt  sha256 7dd0781960cc3a483fa3c1646828790ea62e69b41bf2486dedac6f5c71b928fa
2026-10-03 18:55:02,889 stage2 epoch 105100  loss 1.2922e-01  mse 1.2920e-01  pinn 2.2066e-01  (195978 s)
2026-10-03 18:57:23,891 stage2 epoch 105200  loss 1.1951e-01  mse 1.1949e-01  pinn 2.2145e-01  (196119 s)
2026-10-03 18:59:42,802 stage2 epoch 105300  loss 1.2277e-01  mse 1.2274e-01  pinn 2.2109e-01  (196258 s)
2026-10-03 19:02:02,089 stage2 epoch 105400  loss 1.3316e-01  mse 1.3314e-01  pinn 2.2040e-01  (196397 s)
2026-10-03 19:04:22,801 stage2 epoch 105500  loss 1.2029e-01  mse 1.2027e-01  pinn 2.2160e-01  (196538 s)
2026-10-03 19:06:43,670 stage2 epoch 105600  loss 1.1947e-01  mse 1.1944e-01  pinn 2.2134e-01  (196679 s)
2026-10-03 19:09:03,718 stage2 epoch 105700  loss 1.2389e-01  mse 1.2387e-01  pinn 2.2101e-01  (196819 s)
2026-10-03 19:11:23,644 stage2 epoch 105800  loss 1.3160e-01  mse 1.3157e-01  pinn 2.2050e-01  (196959 s)
2026-10-03 19:13:43,485 stage2 epoch 105900  loss 1.2964e-01  mse 1.2962e-01  pinn 2.2058e-01  (197098 s)
2026-10-03 19:16:04,003 stage2 epoch 106000  loss 1.2271e-01  mse 1.2268e-01  pinn 2.2111e-01  (197239 s)
2026-10-03 19:18:24,271 stage2 epoch 106100  loss 1.2135e-01  mse 1.2133e-01  pinn 2.2125e-01  (197379 s)
2026-10-03 19:20:45,322 stage2 epoch 106200  loss 1.2206e-01  mse 1.2204e-01  pinn 2.2173e-01  (197520 s)
2026-10-03 19:23:06,087 stage2 epoch 106300  loss 1.2302e-01  mse 1.2300e-01  pinn 2.2114e-01  (197661 s)
2026-10-03 19:25:26,589 stage2 epoch 106400  loss 1.2371e-01  mse 1.2369e-01  pinn 2.2123e-01  (197801 s)
2026-10-03 19:27:46,326 stage2 epoch 106500  loss 1.1971e-01  mse 1.1969e-01  pinn 2.2122e-01  (197941 s)
2026-10-03 19:30:06,863 stage2 epoch 106600  loss 1.2463e-01  mse 1.2461e-01  pinn 2.2152e-01  (198082 s)
2026-10-03 19:32:27,021 stage2 epoch 106700  loss 1.2998e-01  mse 1.2996e-01  pinn 2.2051e-01  (198222 s)
2026-10-03 19:34:47,873 stage2 epoch 106800  loss 1.1954e-01  mse 1.1951e-01  pinn 2.2188e-01  (198363 s)
2026-10-03 19:37:08,652 stage2 epoch 106900  loss 1.2824e-01  mse 1.2821e-01  pinn 2.2122e-01  (198504 s)
2026-10-03 19:39:29,309 stage2 epoch 107000  loss 1.2164e-01  mse 1.2162e-01  pinn 2.2158e-01  (198644 s)
2026-10-03 19:41:50,268 stage2 epoch 107100  loss 1.2018e-01  mse 1.2016e-01  pinn 2.2212e-01  (198785 s)
2026-10-03 19:44:10,971 stage2 epoch 107200  loss 1.2590e-01  mse 1.2588e-01  pinn 2.2108e-01  (198926 s)
2026-10-03 19:46:31,074 stage2 epoch 107300  loss 1.2219e-01  mse 1.2217e-01  pinn 2.2189e-01  (199066 s)
2026-10-03 19:48:51,822 stage2 epoch 107400  loss 1.2875e-01  mse 1.2873e-01  pinn 2.2112e-01  (199207 s)
2026-10-03 19:51:12,071 stage2 epoch 107500  loss 1.2421e-01  mse 1.2419e-01  pinn 2.2140e-01  (199347 s)
2026-10-03 19:53:32,336 stage2 epoch 107600  loss 1.2324e-01  mse 1.2322e-01  pinn 2.2183e-01  (199487 s)
2026-10-03 19:55:52,603 stage2 epoch 107700  loss 1.2549e-01  mse 1.2546e-01  pinn 2.2152e-01  (199628 s)
2026-10-03 19:58:12,159 stage2 epoch 107800  loss 1.2148e-01  mse 1.2145e-01  pinn 2.2214e-01  (199767 s)
2026-10-03 20:00:31,443 stage2 epoch 107900  loss 1.2195e-01  mse 1.2193e-01  pinn 2.2189e-01  (199906 s)
2026-10-03 20:02:50,803 stage2 epoch 108000  loss 1.2468e-01  mse 1.2466e-01  pinn 2.2178e-01  (200046 s)
2026-10-03 20:05:10,762 stage2 epoch 108100  loss 1.2344e-01  mse 1.2342e-01  pinn 2.2200e-01  (200186 s)
2026-10-03 20:07:30,603 stage2 epoch 108200  loss 1.2261e-01  mse 1.2259e-01  pinn 2.2214e-01  (200326 s)
2026-10-03 20:09:50,605 stage2 epoch 108300  loss 1.2242e-01  mse 1.2240e-01  pinn 2.2222e-01  (200466 s)
2026-10-03 20:12:10,400 stage2 epoch 108400  loss 1.2217e-01  mse 1.2215e-01  pinn 2.2233e-01  (200605 s)
2026-10-03 20:14:30,112 stage2 epoch 108500  loss 1.2185e-01  mse 1.2183e-01  pinn 2.2244e-01  (200745 s)
2026-10-03 20:16:50,112 stage2 epoch 108600  loss 1.2156e-01  mse 1.2153e-01  pinn 2.2256e-01  (200885 s)
2026-10-03 20:19:09,389 stage2 epoch 108700  loss 1.2124e-01  mse 1.2122e-01  pinn 2.2268e-01  (201024 s)
2026-10-03 20:21:28,976 stage2 epoch 108800  loss 1.2094e-01  mse 1.2091e-01  pinn 2.2281e-01  (201164 s)
2026-10-03 20:23:48,717 stage2 epoch 108900  loss 1.2060e-01  mse 1.2058e-01  pinn 2.2294e-01  (201304 s)
2026-10-03 20:26:07,965 stage2 epoch 109000  loss 1.2028e-01  mse 1.2026e-01  pinn 2.2308e-01  (201443 s)
2026-10-03 20:28:28,560 stage2 epoch 109100  loss 1.1997e-01  mse 1.1995e-01  pinn 2.2323e-01  (201584 s)
2026-10-03 20:30:48,304 stage2 epoch 109200  loss 1.1962e-01  mse 1.1960e-01  pinn 2.2339e-01  (201723 s)
2026-10-03 20:33:08,537 stage2 epoch 109300  loss 1.1925e-01  mse 1.1923e-01  pinn 2.2356e-01  (201864 s)
2026-10-03 20:35:28,644 stage2 epoch 109400  loss 1.1888e-01  mse 1.1886e-01  pinn 2.2373e-01  (202004 s)
2026-10-03 20:37:47,962 stage2 epoch 109500  loss 1.1848e-01  mse 1.1846e-01  pinn 2.2391e-01  (202143 s)
2026-10-03 20:40:08,204 stage2 epoch 109600  loss 1.1805e-01  mse 1.1802e-01  pinn 2.2410e-01  (202283 s)
2026-10-03 20:42:28,115 stage2 epoch 109700  loss 1.1757e-01  mse 1.1755e-01  pinn 2.2430e-01  (202423 s)
2026-10-03 20:44:48,149 stage2 epoch 109800  loss 1.1692e-01  mse 1.1690e-01  pinn 2.2452e-01  (202563 s)
2026-10-03 20:47:07,839 stage2 epoch 109900  loss 1.2323e-01  mse 1.2321e-01  pinn 2.2627e-01  (202703 s)
2026-10-03 20:49:27,941 stage2 epoch 110000  loss 1.0247e-01  mse 1.0245e-01  pinn 2.2680e-01  (202843 s)
2026-10-03 20:49:27,966 stage 2 archive stage2_S2_seed0_150k_epoch110000.pt  sha256 b47619689d2a8ed691724e226bed1f4b81172f1063e5b80a466fb9dfeba52ef4
2026-10-03 20:51:50,259 stage2 epoch 110100  loss 1.0179e-01  mse 1.0177e-01  pinn 2.2605e-01  (202985 s)
2026-10-03 20:54:12,705 stage2 epoch 110200  loss 1.0118e-01  mse 1.0116e-01  pinn 2.2628e-01  (203128 s)
2026-10-03 20:56:37,523 stage2 epoch 110300  loss 1.0061e-01  mse 1.0059e-01  pinn 2.2686e-01  (203273 s)
2026-10-03 20:59:00,352 stage2 epoch 110400  loss 1.0007e-01  mse 1.0005e-01  pinn 2.2761e-01  (203415 s)
2026-10-03 21:01:24,540 stage2 epoch 110500  loss 9.9538e-02  mse 9.9515e-02  pinn 2.2839e-01  (203560 s)
2026-10-03 21:03:49,789 stage2 epoch 110600  loss 9.9018e-02  mse 9.8996e-02  pinn 2.2914e-01  (203705 s)
2026-10-03 21:06:14,471 stage2 epoch 110700  loss 1.0425e-01  mse 1.0423e-01  pinn 2.3115e-01  (203849 s)
2026-10-03 21:08:40,745 stage2 epoch 110800  loss 1.0709e-01  mse 1.0707e-01  pinn 2.3284e-01  (203996 s)
2026-10-03 21:11:05,830 stage2 epoch 110900  loss 1.0801e-01  mse 1.0798e-01  pinn 2.3333e-01  (204141 s)
2026-10-03 21:13:31,401 stage2 epoch 111000  loss 1.0877e-01  mse 1.0874e-01  pinn 2.3400e-01  (204286 s)
2026-10-03 21:15:57,836 stage2 epoch 111100  loss 1.0896e-01  mse 1.0893e-01  pinn 2.3445e-01  (204433 s)
2026-10-03 21:18:22,610 stage2 epoch 111200  loss 1.0900e-01  mse 1.0898e-01  pinn 2.3482e-01  (204578 s)
2026-10-03 21:20:48,530 stage2 epoch 111300  loss 1.0891e-01  mse 1.0889e-01  pinn 2.3514e-01  (204724 s)
2026-10-03 21:23:15,017 stage2 epoch 111400  loss 1.0876e-01  mse 1.0874e-01  pinn 2.3540e-01  (204870 s)
2026-10-03 21:25:41,348 stage2 epoch 111500  loss 1.0855e-01  mse 1.0852e-01  pinn 2.3563e-01  (205016 s)
2026-10-03 21:28:07,512 stage2 epoch 111600  loss 1.0830e-01  mse 1.0828e-01  pinn 2.3583e-01  (205163 s)
2026-10-03 21:30:33,605 stage2 epoch 111700  loss 1.0806e-01  mse 1.0804e-01  pinn 2.3600e-01  (205309 s)
2026-10-03 21:33:00,387 stage2 epoch 111800  loss 1.0779e-01  mse 1.0777e-01  pinn 2.3617e-01  (205455 s)
2026-10-03 21:35:27,392 stage2 epoch 111900  loss 1.0751e-01  mse 1.0748e-01  pinn 2.3632e-01  (205602 s)
2026-10-03 21:37:54,046 stage2 epoch 112000  loss 1.0724e-01  mse 1.0722e-01  pinn 2.3646e-01  (205749 s)
2026-10-03 21:40:21,361 stage2 epoch 112100  loss 1.0695e-01  mse 1.0693e-01  pinn 2.3660e-01  (205896 s)
2026-10-03 21:42:48,549 stage2 epoch 112200  loss 1.0667e-01  mse 1.0665e-01  pinn 2.3673e-01  (206044 s)
2026-10-03 21:45:15,520 stage2 epoch 112300  loss 1.0637e-01  mse 1.0634e-01  pinn 2.3686e-01  (206191 s)
2026-10-03 21:47:41,931 stage2 epoch 112400  loss 1.0610e-01  mse 1.0607e-01  pinn 2.3700e-01  (206337 s)
2026-10-03 21:50:10,842 stage2 epoch 112500  loss 1.0583e-01  mse 1.0580e-01  pinn 2.3714e-01  (206486 s)
2026-10-03 21:52:39,449 stage2 epoch 112600  loss 1.0553e-01  mse 1.0551e-01  pinn 2.3729e-01  (206635 s)
2026-10-03 21:55:08,055 stage2 epoch 112700  loss 1.0524e-01  mse 1.0522e-01  pinn 2.3745e-01  (206783 s)
2026-10-03 21:57:35,392 stage2 epoch 112800  loss 1.0495e-01  mse 1.0493e-01  pinn 2.3762e-01  (206930 s)
2026-10-03 22:00:04,661 stage2 epoch 112900  loss 1.0468e-01  mse 1.0466e-01  pinn 2.3779e-01  (207080 s)
2026-10-03 22:02:33,809 stage2 epoch 113000  loss 1.0440e-01  mse 1.0438e-01  pinn 2.3798e-01  (207229 s)
2026-10-03 22:05:01,950 stage2 epoch 113100  loss 1.0415e-01  mse 1.0413e-01  pinn 2.3819e-01  (207377 s)
2026-10-03 22:07:30,137 stage2 epoch 113200  loss 1.0389e-01  mse 1.0386e-01  pinn 2.3840e-01  (207525 s)
2026-10-03 22:09:59,721 stage2 epoch 113300  loss 1.0362e-01  mse 1.0359e-01  pinn 2.3863e-01  (207675 s)
2026-10-03 22:12:28,231 stage2 epoch 113400  loss 1.0334e-01  mse 1.0331e-01  pinn 2.3886e-01  (207823 s)
2026-10-03 22:14:57,146 stage2 epoch 113500  loss 1.0310e-01  mse 1.0307e-01  pinn 2.3913e-01  (207972 s)
2026-10-03 22:17:25,431 stage2 epoch 113600  loss 1.0278e-01  mse 1.0276e-01  pinn 2.3939e-01  (208121 s)
2026-10-03 22:19:54,224 stage2 epoch 113700  loss 1.0253e-01  mse 1.0251e-01  pinn 2.3968e-01  (208269 s)
2026-10-03 22:22:22,764 stage2 epoch 113800  loss 1.0229e-01  mse 1.0226e-01  pinn 2.3998e-01  (208418 s)
2026-10-03 22:24:51,930 stage2 epoch 113900  loss 1.0204e-01  mse 1.0201e-01  pinn 2.4031e-01  (208567 s)
2026-10-03 22:27:21,014 stage2 epoch 114000  loss 1.0177e-01  mse 1.0175e-01  pinn 2.4064e-01  (208716 s)
2026-10-03 22:29:50,384 stage2 epoch 114100  loss 1.0152e-01  mse 1.0149e-01  pinn 2.4099e-01  (208866 s)
2026-10-03 22:32:19,396 stage2 epoch 114200  loss 1.0125e-01  mse 1.0122e-01  pinn 2.4135e-01  (209015 s)
2026-10-03 22:34:49,340 stage2 epoch 114300  loss 1.0102e-01  mse 1.0099e-01  pinn 2.4173e-01  (209164 s)
2026-10-03 22:37:18,575 stage2 epoch 114400  loss 1.0076e-01  mse 1.0073e-01  pinn 2.4211e-01  (209314 s)
2026-10-03 22:39:47,352 stage2 epoch 114500  loss 1.0053e-01  mse 1.0051e-01  pinn 2.4250e-01  (209462 s)
2026-10-03 22:42:16,275 stage2 epoch 114600  loss 1.0027e-01  mse 1.0025e-01  pinn 2.4290e-01  (209611 s)
2026-10-03 22:44:45,006 stage2 epoch 114700  loss 1.0002e-01  mse 9.9995e-02  pinn 2.4331e-01  (209760 s)
2026-10-03 22:47:14,187 stage2 epoch 114800  loss 9.9809e-02  mse 9.9784e-02  pinn 2.4373e-01  (209909 s)
2026-10-03 22:49:43,522 stage2 epoch 114900  loss 9.9568e-02  mse 9.9544e-02  pinn 2.4416e-01  (210059 s)
2026-10-03 22:52:13,092 stage2 epoch 115000  loss 9.9324e-02  mse 9.9300e-02  pinn 2.4460e-01  (210208 s)
2026-10-03 22:52:13,131 stage 2 archive stage2_S2_seed0_150k_epoch115000.pt  sha256 919892c7883ad595bab5890b2d36f63b44c3b40323b1aed8e2cf396b020acf4a
2026-10-03 22:54:44,611 stage2 epoch 115100  loss 9.9100e-02  mse 9.9076e-02  pinn 2.4503e-01  (210360 s)
2026-10-03 22:57:13,609 stage2 epoch 115200  loss 9.8866e-02  mse 9.8841e-02  pinn 2.4548e-01  (210509 s)
2026-10-03 22:59:42,210 stage2 epoch 115300  loss 9.8604e-02  mse 9.8580e-02  pinn 2.4593e-01  (210657 s)
2026-10-03 23:02:11,078 stage2 epoch 115400  loss 9.8418e-02  mse 9.8393e-02  pinn 2.4639e-01  (210806 s)
2026-10-03 23:04:40,246 stage2 epoch 115500  loss 9.8170e-02  mse 9.8145e-02  pinn 2.4686e-01  (210955 s)
2026-10-03 23:07:09,474 stage2 epoch 115600  loss 9.7963e-02  mse 9.7939e-02  pinn 2.4733e-01  (211105 s)
2026-10-03 23:09:38,710 stage2 epoch 115700  loss 9.7728e-02  mse 9.7703e-02  pinn 2.4780e-01  (211254 s)
2026-10-03 23:12:07,970 stage2 epoch 115800  loss 9.7538e-02  mse 9.7513e-02  pinn 2.4828e-01  (211403 s)
2026-10-03 23:14:37,652 stage2 epoch 115900  loss 9.7268e-02  mse 9.7243e-02  pinn 2.4875e-01  (211553 s)
2026-10-03 23:17:07,555 stage2 epoch 116000  loss 9.7050e-02  mse 9.7025e-02  pinn 2.4923e-01  (211703 s)
2026-10-03 23:19:37,112 stage2 epoch 116100  loss 9.6861e-02  mse 9.6836e-02  pinn 2.4969e-01  (211852 s)
2026-10-03 23:22:06,271 stage2 epoch 116200  loss 9.6656e-02  mse 9.6631e-02  pinn 2.5015e-01  (212001 s)
2026-10-03 23:24:36,428 stage2 epoch 116300  loss 9.6480e-02  mse 9.6455e-02  pinn 2.5060e-01  (212152 s)
2026-10-03 23:27:06,062 stage2 epoch 116400  loss 9.6230e-02  mse 9.6205e-02  pinn 2.5104e-01  (212301 s)
2026-10-03 23:29:36,153 stage2 epoch 116500  loss 9.6024e-02  mse 9.5999e-02  pinn 2.5147e-01  (212451 s)
2026-10-03 23:32:05,745 stage2 epoch 116600  loss 9.5820e-02  mse 9.5795e-02  pinn 2.5188e-01  (212601 s)
2026-10-03 23:34:35,659 stage2 epoch 116700  loss 9.5598e-02  mse 9.5573e-02  pinn 2.5229e-01  (212751 s)
2026-10-03 23:37:04,771 stage2 epoch 116800  loss 9.5404e-02  mse 9.5379e-02  pinn 2.5268e-01  (212900 s)
2026-10-03 23:39:34,374 stage2 epoch 116900  loss 9.5208e-02  mse 9.5182e-02  pinn 2.5306e-01  (213050 s)
2026-10-03 23:42:03,654 stage2 epoch 117000  loss 9.5008e-02  mse 9.4983e-02  pinn 2.5342e-01  (213199 s)
2026-10-03 23:44:33,015 stage2 epoch 117100  loss 9.4801e-02  mse 9.4776e-02  pinn 2.5377e-01  (213348 s)
2026-10-03 23:47:02,590 stage2 epoch 117200  loss 9.4618e-02  mse 9.4593e-02  pinn 2.5411e-01  (213498 s)
2026-10-03 23:49:32,212 stage2 epoch 117300  loss 9.4402e-02  mse 9.4377e-02  pinn 2.5442e-01  (213647 s)
2026-10-03 23:52:01,688 stage2 epoch 117400  loss 9.4220e-02  mse 9.4194e-02  pinn 2.5471e-01  (213797 s)
2026-10-03 23:54:31,846 stage2 epoch 117500  loss 9.4030e-02  mse 9.4005e-02  pinn 2.5499e-01  (213947 s)
2026-10-03 23:57:02,459 stage2 epoch 117600  loss 9.3872e-02  mse 9.3846e-02  pinn 2.5525e-01  (214098 s)
2026-10-03 23:59:32,451 stage2 epoch 117700  loss 9.3653e-02  mse 9.3627e-02  pinn 2.5548e-01  (214248 s)
2026-10-04 00:02:02,537 stage2 epoch 117800  loss 9.3477e-02  mse 9.3452e-02  pinn 2.5570e-01  (214398 s)
2026-10-04 00:04:34,489 stage2 epoch 117900  loss 9.3272e-02  mse 9.3247e-02  pinn 2.5589e-01  (214550 s)
2026-10-04 00:07:04,993 stage2 epoch 118000  loss 9.3081e-02  mse 9.3056e-02  pinn 2.5607e-01  (214700 s)
2026-10-04 00:09:35,400 stage2 epoch 118100  loss 9.2905e-02  mse 9.2880e-02  pinn 2.5623e-01  (214851 s)
2026-10-04 00:12:05,947 stage2 epoch 118200  loss 9.2709e-02  mse 9.2683e-02  pinn 2.5638e-01  (215001 s)
2026-10-04 00:14:36,232 stage2 epoch 118300  loss 9.2541e-02  mse 9.2515e-02  pinn 2.5651e-01  (215151 s)
2026-10-04 00:17:06,351 stage2 epoch 118400  loss 9.2344e-02  mse 9.2318e-02  pinn 2.5663e-01  (215302 s)
2026-10-04 00:19:36,079 stage2 epoch 118500  loss 9.2177e-02  mse 9.2152e-02  pinn 2.5674e-01  (215451 s)
2026-10-04 00:22:06,956 stage2 epoch 118600  loss 9.1983e-02  mse 9.1958e-02  pinn 2.5684e-01  (215602 s)
2026-10-04 00:24:38,147 stage2 epoch 118700  loss 9.1814e-02  mse 9.1789e-02  pinn 2.5693e-01  (215753 s)
2026-10-04 00:27:08,625 stage2 epoch 118800  loss 9.1619e-02  mse 9.1594e-02  pinn 2.5701e-01  (215904 s)
2026-10-04 00:29:39,463 stage2 epoch 118900  loss 9.1433e-02  mse 9.1408e-02  pinn 2.5708e-01  (216055 s)
2026-10-04 00:32:09,547 stage2 epoch 119000  loss 9.1242e-02  mse 9.1216e-02  pinn 2.5715e-01  (216205 s)
2026-10-04 00:34:40,413 stage2 epoch 119100  loss 9.1063e-02  mse 9.1038e-02  pinn 2.5722e-01  (216356 s)
2026-10-04 00:37:10,927 stage2 epoch 119200  loss 9.0864e-02  mse 9.0838e-02  pinn 2.5727e-01  (216506 s)
2026-10-04 00:39:41,710 stage2 epoch 119300  loss 9.0691e-02  mse 9.0665e-02  pinn 2.5733e-01  (216657 s)
2026-10-04 00:42:12,341 stage2 epoch 119400  loss 9.0515e-02  mse 9.0489e-02  pinn 2.5739e-01  (216808 s)
2026-10-04 00:44:44,195 stage2 epoch 119500  loss 9.0162e-02  mse 9.0136e-02  pinn 2.5744e-01  (216959 s)
2026-10-04 00:47:14,738 stage2 epoch 119600  loss 8.9705e-02  mse 8.9680e-02  pinn 2.5765e-01  (217110 s)
2026-10-04 00:49:45,733 stage2 epoch 119700  loss 8.9199e-02  mse 8.9174e-02  pinn 2.5742e-01  (217261 s)
2026-10-04 00:52:18,045 stage2 epoch 119800  loss 8.8092e-02  mse 8.8066e-02  pinn 2.5714e-01  (217413 s)
2026-10-04 00:54:57,397 stage2 epoch 119900  loss 7.6911e-02  mse 7.6885e-02  pinn 2.5564e-01  (217573 s)
2026-10-04 00:57:28,339 stage2 epoch 120000  loss 1.0007e-01  mse 1.0005e-01  pinn 2.5617e-01  (217724 s)
2026-10-04 00:57:28,400 stage 2 archive stage2_S2_seed0_150k_epoch120000.pt  sha256 684fa83982d34809eb6d3b4054a3658aa7dd863190ba40afac6542f0588a3755
2026-10-04 01:00:00,473 stage2 epoch 120100  loss 8.4211e-02  mse 8.4185e-02  pinn 2.5683e-01  (217876 s)
2026-10-04 01:02:31,846 stage2 epoch 120200  loss 1.4166e-01  mse 1.4163e-01  pinn 2.6126e-01  (218027 s)
2026-10-04 01:05:02,992 stage2 epoch 120300  loss 9.8261e-02  mse 9.8235e-02  pinn 2.5462e-01  (218178 s)
2026-10-04 01:07:35,463 stage2 epoch 120400  loss 8.1375e-02  mse 8.1349e-02  pinn 2.5539e-01  (218331 s)
2026-10-04 01:10:13,243 stage2 epoch 120500  loss 1.3004e-01  mse 1.3001e-01  pinn 2.5924e-01  (218489 s)
2026-10-04 01:12:55,585 stage2 epoch 120600  loss 9.7728e-02  mse 9.7702e-02  pinn 2.5352e-01  (218651 s)
2026-10-04 01:15:27,105 stage2 epoch 120700  loss 8.0162e-02  mse 8.0137e-02  pinn 2.5467e-01  (218802 s)
2026-10-04 01:17:58,615 stage2 epoch 120800  loss 1.2676e-01  mse 1.2673e-01  pinn 2.5849e-01  (218954 s)
2026-10-04 01:20:29,986 stage2 epoch 120900  loss 9.7170e-02  mse 9.7145e-02  pinn 2.5332e-01  (219105 s)
2026-10-04 01:23:03,438 stage2 epoch 121000  loss 8.1198e-02  mse 8.1172e-02  pinn 2.5429e-01  (219259 s)
2026-10-04 01:25:36,549 stage2 epoch 121100  loss 1.1831e-01  mse 1.1828e-01  pinn 2.5818e-01  (219412 s)
2026-10-04 01:28:15,106 stage2 epoch 121200  loss 9.4138e-02  mse 9.4112e-02  pinn 2.5332e-01  (219570 s)
2026-10-04 01:30:50,710 stage2 epoch 121300  loss 7.7936e-02  mse 7.7910e-02  pinn 2.5483e-01  (219726 s)
2026-10-04 01:33:48,365 stage2 epoch 121400  loss 1.2864e-01  mse 1.2861e-01  pinn 2.5849e-01  (219904 s)
2026-10-04 01:36:24,690 stage2 epoch 121500  loss 9.8340e-02  mse 9.8315e-02  pinn 2.5329e-01  (220060 s)
2026-10-04 01:39:01,788 stage2 epoch 121600  loss 8.1096e-02  mse 8.1071e-02  pinn 2.5437e-01  (220217 s)
2026-10-04 01:41:35,748 stage2 epoch 121700  loss 1.1533e-01  mse 1.1531e-01  pinn 2.5812e-01  (220371 s)
2026-10-04 01:44:07,924 stage2 epoch 121800  loss 9.1165e-02  mse 9.1140e-02  pinn 2.5364e-01  (220523 s)
2026-10-04 01:46:38,950 stage2 epoch 121900  loss 7.6916e-02  mse 7.6890e-02  pinn 2.5483e-01  (220674 s)
2026-10-04 01:49:10,495 stage2 epoch 122000  loss 1.2761e-01  mse 1.2758e-01  pinn 2.5848e-01  (220826 s)
2026-10-04 01:51:42,113 stage2 epoch 122100  loss 9.5719e-02  mse 9.5694e-02  pinn 2.5349e-01  (220977 s)
2026-10-04 01:54:14,670 stage2 epoch 122200  loss 8.0016e-02  mse 7.9991e-02  pinn 2.5439e-01  (221130 s)
2026-10-04 01:56:46,912 stage2 epoch 122300  loss 1.1651e-01  mse 1.1648e-01  pinn 2.5814e-01  (221282 s)
2026-10-04 01:59:17,339 stage2 epoch 122400  loss 9.7102e-02  mse 9.7077e-02  pinn 2.5306e-01  (221433 s)
2026-10-04 02:01:47,758 stage2 epoch 122500  loss 7.9375e-02  mse 7.9350e-02  pinn 2.5462e-01  (221583 s)
2026-10-04 02:04:18,923 stage2 epoch 122600  loss 1.1646e-01  mse 1.1643e-01  pinn 2.5793e-01  (221734 s)
2026-10-04 02:06:51,160 stage2 epoch 122700  loss 9.0856e-02  mse 9.0831e-02  pinn 2.5351e-01  (221887 s)
2026-10-04 02:09:22,697 stage2 epoch 122800  loss 7.7295e-02  mse 7.7270e-02  pinn 2.5485e-01  (222038 s)
2026-10-04 02:11:53,449 stage2 epoch 122900  loss 1.2166e-01  mse 1.2163e-01  pinn 2.5809e-01  (222189 s)
2026-10-04 02:14:24,617 stage2 epoch 123000  loss 8.9811e-02  mse 8.9786e-02  pinn 2.5354e-01  (222340 s)
2026-10-04 02:16:55,520 stage2 epoch 123100  loss 7.7111e-02  mse 7.7086e-02  pinn 2.5474e-01  (222491 s)
2026-10-04 02:19:26,229 stage2 epoch 123200  loss 1.1760e-01  mse 1.1758e-01  pinn 2.5792e-01  (222642 s)
2026-10-04 02:21:57,361 stage2 epoch 123300  loss 9.2490e-02  mse 9.2465e-02  pinn 2.5323e-01  (222793 s)
2026-10-04 02:24:28,926 stage2 epoch 123400  loss 7.8557e-02  mse 7.8531e-02  pinn 2.5438e-01  (222944 s)
2026-10-04 02:27:00,113 stage2 epoch 123500  loss 1.1610e-01  mse 1.1607e-01  pinn 2.5778e-01  (223095 s)
2026-10-04 02:29:33,146 stage2 epoch 123600  loss 9.5718e-02  mse 9.5693e-02  pinn 2.5282e-01  (223249 s)
2026-10-04 02:32:04,795 stage2 epoch 123700  loss 7.5954e-02  mse 7.5929e-02  pinn 2.5430e-01  (223400 s)
2026-10-04 02:34:36,214 stage2 epoch 123800  loss 1.2207e-01  mse 1.2204e-01  pinn 2.5780e-01  (223552 s)
2026-10-04 02:37:06,855 stage2 epoch 123900  loss 9.2648e-02  mse 9.2623e-02  pinn 2.5296e-01  (223702 s)
2026-10-04 02:39:38,149 stage2 epoch 124000  loss 7.6916e-02  mse 7.6890e-02  pinn 2.5420e-01  (223854 s)
2026-10-04 02:42:10,053 stage2 epoch 124100  loss 1.2075e-01  mse 1.2073e-01  pinn 2.5765e-01  (224005 s)
2026-10-04 02:44:41,482 stage2 epoch 124200  loss 9.2417e-02  mse 9.2392e-02  pinn 2.5284e-01  (224157 s)
2026-10-04 02:47:12,323 stage2 epoch 124300  loss 7.6055e-02  mse 7.6029e-02  pinn 2.5410e-01  (224308 s)
2026-10-04 02:49:44,371 stage2 epoch 124400  loss 1.1856e-01  mse 1.1854e-01  pinn 2.5740e-01  (224460 s)
2026-10-04 02:52:15,562 stage2 epoch 124500  loss 9.2203e-02  mse 9.2178e-02  pinn 2.5268e-01  (224611 s)
2026-10-04 02:54:48,867 stage2 epoch 124600  loss 7.5797e-02  mse 7.5772e-02  pinn 2.5393e-01  (224764 s)
2026-10-04 02:57:21,106 stage2 epoch 124700  loss 1.1833e-01  mse 1.1830e-01  pinn 2.5718e-01  (224916 s)
2026-10-04 02:59:52,608 stage2 epoch 124800  loss 9.1748e-02  mse 9.1723e-02  pinn 2.5249e-01  (225068 s)
2026-10-04 03:02:23,610 stage2 epoch 124900  loss 7.5521e-02  mse 7.5496e-02  pinn 2.5371e-01  (225219 s)
2026-10-04 03:04:55,582 stage2 epoch 125000  loss 1.1798e-01  mse 1.1795e-01  pinn 2.5691e-01  (225371 s)
2026-10-04 03:04:55,680 stage 2 archive stage2_S2_seed0_150k_epoch125000.pt  sha256 903eb41f8e6a2dee8b0cd56615f282ccac7672fd36cc743ba137c36bdc48536d
2026-10-04 03:07:27,359 stage2 epoch 125100  loss 9.1502e-02  mse 9.1476e-02  pinn 2.5224e-01  (225523 s)
2026-10-04 03:09:59,132 stage2 epoch 125200  loss 7.5225e-02  mse 7.5199e-02  pinn 2.5344e-01  (225675 s)
2026-10-04 03:12:31,205 stage2 epoch 125300  loss 1.1767e-01  mse 1.1764e-01  pinn 2.5659e-01  (225827 s)
2026-10-04 03:15:03,990 stage2 epoch 125400  loss 9.1113e-02  mse 9.1088e-02  pinn 2.5196e-01  (225979 s)
2026-10-04 03:17:35,278 stage2 epoch 125500  loss 7.4980e-02  mse 7.4955e-02  pinn 2.5313e-01  (226131 s)
2026-10-04 03:20:07,523 stage2 epoch 125600  loss 1.1731e-01  mse 1.1728e-01  pinn 2.5623e-01  (226283 s)
2026-10-04 03:22:39,421 stage2 epoch 125700  loss 9.0822e-02  mse 9.0797e-02  pinn 2.5163e-01  (226435 s)
2026-10-04 03:25:11,949 stage2 epoch 125800  loss 7.4705e-02  mse 7.4680e-02  pinn 2.5277e-01  (226587 s)
2026-10-04 03:27:43,721 stage2 epoch 125900  loss 1.1707e-01  mse 1.1705e-01  pinn 2.5582e-01  (226739 s)
2026-10-04 03:30:15,972 stage2 epoch 126000  loss 9.0480e-02  mse 9.0455e-02  pinn 2.5126e-01  (226891 s)
2026-10-04 03:32:47,297 stage2 epoch 126100  loss 7.4457e-02  mse 7.4432e-02  pinn 2.5239e-01  (227043 s)
2026-10-04 03:35:19,306 stage2 epoch 126200  loss 1.1678e-01  mse 1.1675e-01  pinn 2.5538e-01  (227195 s)
2026-10-04 03:37:50,398 stage2 epoch 126300  loss 9.0213e-02  mse 9.0188e-02  pinn 2.5085e-01  (227346 s)
2026-10-04 03:40:21,613 stage2 epoch 126400  loss 7.4219e-02  mse 7.4194e-02  pinn 2.5196e-01  (227497 s)
2026-10-04 03:42:53,558 stage2 epoch 126500  loss 1.1647e-01  mse 1.1645e-01  pinn 2.5491e-01  (227649 s)
2026-10-04 03:45:26,108 stage2 epoch 126600  loss 8.9871e-02  mse 8.9846e-02  pinn 2.5041e-01  (227802 s)
2026-10-04 03:47:57,700 stage2 epoch 126700  loss 7.3960e-02  mse 7.3935e-02  pinn 2.5150e-01  (227953 s)
2026-10-04 03:50:29,980 stage2 epoch 126800  loss 1.1611e-01  mse 1.1608e-01  pinn 2.5440e-01  (228105 s)
2026-10-04 03:53:01,736 stage2 epoch 126900  loss 8.9597e-02  mse 8.9572e-02  pinn 2.4994e-01  (228257 s)
2026-10-04 03:55:35,109 stage2 epoch 127000  loss 7.3739e-02  mse 7.3714e-02  pinn 2.5100e-01  (228411 s)
2026-10-04 03:58:06,736 stage2 epoch 127100  loss 1.1585e-01  mse 1.1582e-01  pinn 2.5387e-01  (228562 s)
2026-10-04 04:00:40,431 stage2 epoch 127200  loss 8.9306e-02  mse 8.9281e-02  pinn 2.4943e-01  (228716 s)
2026-10-04 04:03:12,062 stage2 epoch 127300  loss 7.3504e-02  mse 7.3479e-02  pinn 2.5050e-01  (228867 s)
2026-10-04 04:05:44,998 stage2 epoch 127400  loss 1.1564e-01  mse 1.1562e-01  pinn 2.5332e-01  (229020 s)
2026-10-04 04:08:17,266 stage2 epoch 127500  loss 8.8922e-02  mse 8.8897e-02  pinn 2.4892e-01  (229173 s)
2026-10-04 04:10:49,944 stage2 epoch 127600  loss 7.3152e-02  mse 7.3127e-02  pinn 2.4994e-01  (229325 s)
2026-10-04 04:13:22,340 stage2 epoch 127700  loss 1.1509e-01  mse 1.1507e-01  pinn 2.5281e-01  (229478 s)
2026-10-04 04:15:55,441 stage2 epoch 127800  loss 8.8926e-02  mse 8.8901e-02  pinn 2.4835e-01  (229631 s)
2026-10-04 04:18:28,310 stage2 epoch 127900  loss 7.2788e-02  mse 7.2763e-02  pinn 2.4875e-01  (229784 s)
2026-10-04 04:21:01,939 stage2 epoch 128000  loss 1.1542e-01  mse 1.1539e-01  pinn 2.5275e-01  (229937 s)
2026-10-04 04:23:35,580 stage2 epoch 128100  loss 8.8105e-02  mse 8.8080e-02  pinn 2.4777e-01  (230091 s)
2026-10-04 04:26:08,328 stage2 epoch 128200  loss 7.3429e-02  mse 7.3404e-02  pinn 2.4868e-01  (230244 s)
2026-10-04 04:28:41,401 stage2 epoch 128300  loss 1.1680e-01  mse 1.1678e-01  pinn 2.5162e-01  (230397 s)
2026-10-04 04:31:14,751 stage2 epoch 128400  loss 8.7130e-02  mse 8.7105e-02  pinn 2.4730e-01  (230550 s)
2026-10-04 04:33:47,940 stage2 epoch 128500  loss 7.1403e-02  mse 7.1378e-02  pinn 2.4775e-01  (230703 s)
2026-10-04 04:36:21,126 stage2 epoch 128600  loss 1.1615e-01  mse 1.1612e-01  pinn 2.5121e-01  (230857 s)
2026-10-04 04:38:54,563 stage2 epoch 128700  loss 8.5646e-02  mse 8.5622e-02  pinn 2.4665e-01  (231010 s)
2026-10-04 04:41:27,340 stage2 epoch 128800  loss 7.2908e-02  mse 7.2884e-02  pinn 2.4756e-01  (231163 s)
2026-10-04 04:44:01,158 stage2 epoch 128900  loss 1.1122e-01  mse 1.1120e-01  pinn 2.5030e-01  (231317 s)
2026-10-04 04:46:34,075 stage2 epoch 129000  loss 8.9654e-02  mse 8.9630e-02  pinn 2.4585e-01  (231470 s)
2026-10-04 04:49:09,702 stage2 epoch 129100  loss 7.2892e-02  mse 7.2868e-02  pinn 2.4630e-01  (231625 s)
2026-10-04 04:51:43,770 stage2 epoch 129200  loss 1.1461e-01  mse 1.1458e-01  pinn 2.4954e-01  (231779 s)
2026-10-04 04:54:19,761 stage2 epoch 129300  loss 8.7509e-02  mse 8.7484e-02  pinn 2.4543e-01  (231935 s)
2026-10-04 04:56:54,157 stage2 epoch 129400  loss 7.0794e-02  mse 7.0770e-02  pinn 2.4629e-01  (232090 s)
2026-10-04 04:59:28,452 stage2 epoch 129500  loss 1.1628e-01  mse 1.1626e-01  pinn 2.4891e-01  (232244 s)
2026-10-04 05:02:02,344 stage2 epoch 129600  loss 8.4259e-02  mse 8.4234e-02  pinn 2.4476e-01  (232398 s)
2026-10-04 05:04:36,839 stage2 epoch 129700  loss 7.1795e-02  mse 7.1770e-02  pinn 2.4675e-01  (232552 s)
2026-10-04 05:07:11,054 stage2 epoch 129800  loss 1.1027e-01  mse 1.1024e-01  pinn 2.4867e-01  (232707 s)
2026-10-04 05:09:44,229 stage2 epoch 129900  loss 8.8269e-02  mse 8.8245e-02  pinn 2.4625e-01  (232860 s)
2026-10-04 05:12:18,182 stage2 epoch 130000  loss 7.2160e-02  mse 7.2136e-02  pinn 2.4471e-01  (233014 s)
2026-10-04 05:12:18,362 stage 2 archive stage2_S2_seed0_150k_epoch130000.pt  sha256 cd0c7cfb0c91c5bdee71dffa427b66563ae9f1168053cc6aed223d4ea37552cb
2026-10-04 05:14:53,233 stage2 epoch 130100  loss 1.1564e-01  mse 1.1562e-01  pinn 2.4770e-01  (233169 s)
2026-10-04 05:17:26,666 stage2 epoch 130200  loss 8.5232e-02  mse 8.5208e-02  pinn 2.4332e-01  (233322 s)
2026-10-04 05:20:01,617 stage2 epoch 130300  loss 6.9914e-02  mse 6.9890e-02  pinn 2.4428e-01  (233477 s)
2026-10-04 05:22:35,557 stage2 epoch 130400  loss 1.1488e-01  mse 1.1486e-01  pinn 2.4670e-01  (233631 s)
2026-10-04 05:25:10,597 stage2 epoch 130500  loss 8.3803e-02  mse 8.3779e-02  pinn 2.4253e-01  (233786 s)
2026-10-04 05:27:45,828 stage2 epoch 130600  loss 7.1587e-02  mse 7.1563e-02  pinn 2.4343e-01  (233941 s)
2026-10-04 05:30:20,767 stage2 epoch 130700  loss 1.0940e-01  mse 1.0938e-01  pinn 2.4639e-01  (234096 s)
2026-10-04 05:32:55,005 stage2 epoch 130800  loss 8.8516e-02  mse 8.8491e-02  pinn 2.4447e-01  (234250 s)
2026-10-04 05:35:30,685 stage2 epoch 130900  loss 7.0719e-02  mse 7.0695e-02  pinn 2.4287e-01  (234406 s)
2026-10-04 05:38:05,808 stage2 epoch 131000  loss 1.1299e-01  mse 1.1296e-01  pinn 2.4558e-01  (234561 s)
2026-10-04 05:40:40,549 stage2 epoch 131100  loss 8.6182e-02  mse 8.6158e-02  pinn 2.4126e-01  (234716 s)
2026-10-04 05:43:15,498 stage2 epoch 131200  loss 7.1923e-02  mse 7.1898e-02  pinn 2.4189e-01  (234871 s)
2026-10-04 05:45:51,339 stage2 epoch 131300  loss 1.1337e-01  mse 1.1334e-01  pinn 2.4458e-01  (235027 s)
2026-10-04 05:48:26,086 stage2 epoch 131400  loss 8.4863e-02  mse 8.4839e-02  pinn 2.4052e-01  (235182 s)
2026-10-04 05:51:03,311 stage2 epoch 131500  loss 6.9227e-02  mse 6.9203e-02  pinn 2.4131e-01  (235339 s)
2026-10-04 05:53:40,770 stage2 epoch 131600  loss 1.1185e-01  mse 1.1183e-01  pinn 2.4341e-01  (235496 s)
2026-10-04 05:56:16,747 stage2 epoch 131700  loss 8.3582e-02  mse 8.3558e-02  pinn 2.3910e-01  (235652 s)
2026-10-04 05:58:52,003 stage2 epoch 131800  loss 7.0284e-02  mse 7.0260e-02  pinn 2.4071e-01  (235808 s)
2026-10-04 06:01:26,938 stage2 epoch 131900  loss 1.1240e-01  mse 1.1238e-01  pinn 2.4273e-01  (235962 s)
2026-10-04 06:04:02,492 stage2 epoch 132000  loss 8.5616e-02  mse 8.5592e-02  pinn 2.3878e-01  (236118 s)
2026-10-04 06:06:38,047 stage2 epoch 132100  loss 6.9887e-02  mse 6.9863e-02  pinn 2.3986e-01  (236274 s)
2026-10-04 06:09:13,887 stage2 epoch 132200  loss 1.1409e-01  mse 1.1406e-01  pinn 2.4088e-01  (236429 s)
2026-10-04 06:11:49,536 stage2 epoch 132300  loss 8.2145e-02  mse 8.2121e-02  pinn 2.3809e-01  (236585 s)
2026-10-04 06:14:25,088 stage2 epoch 132400  loss 7.0940e-02  mse 7.0916e-02  pinn 2.3897e-01  (236741 s)
2026-10-04 06:17:00,353 stage2 epoch 132500  loss 1.0839e-01  mse 1.0836e-01  pinn 2.4075e-01  (236896 s)
2026-10-04 06:19:36,498 stage2 epoch 132600  loss 8.6908e-02  mse 8.6884e-02  pinn 2.3702e-01  (237052 s)
2026-10-04 06:22:13,679 stage2 epoch 132700  loss 6.9170e-02  mse 6.9146e-02  pinn 2.3897e-01  (237209 s)
2026-10-04 06:24:49,719 stage2 epoch 132800  loss 1.1272e-01  mse 1.1270e-01  pinn 2.3952e-01  (237365 s)
2026-10-04 06:27:25,389 stage2 epoch 132900  loss 8.2336e-02  mse 8.2312e-02  pinn 2.3634e-01  (237521 s)
2026-10-04 06:30:01,054 stage2 epoch 133000  loss 7.0932e-02  mse 7.0908e-02  pinn 2.3749e-01  (237677 s)
2026-10-04 06:32:36,898 stage2 epoch 133100  loss 1.0953e-01  mse 1.0950e-01  pinn 2.3838e-01  (237832 s)
2026-10-04 06:35:13,476 stage2 epoch 133200  loss 8.4430e-02  mse 8.4407e-02  pinn 2.3559e-01  (237989 s)
2026-10-04 06:37:48,489 stage2 epoch 133300  loss 6.8104e-02  mse 6.8080e-02  pinn 2.3691e-01  (238144 s)
2026-10-04 06:40:24,465 stage2 epoch 133400  loss 1.0983e-01  mse 1.0981e-01  pinn 2.3770e-01  (238300 s)
2026-10-04 06:42:59,546 stage2 epoch 133500  loss 8.3557e-02  mse 8.3534e-02  pinn 2.3459e-01  (238455 s)
2026-10-04 06:45:35,094 stage2 epoch 133600  loss 7.0365e-02  mse 7.0342e-02  pinn 2.3611e-01  (238611 s)
2026-10-04 06:48:10,758 stage2 epoch 133700  loss 1.1167e-01  mse 1.1165e-01  pinn 2.3684e-01  (238766 s)
2026-10-04 06:50:46,496 stage2 epoch 133800  loss 8.1753e-02  mse 8.1730e-02  pinn 2.3388e-01  (238922 s)
2026-10-04 06:53:23,113 stage2 epoch 133900  loss 6.8198e-02  mse 6.8174e-02  pinn 2.3547e-01  (239079 s)
2026-10-04 06:55:59,213 stage2 epoch 134000  loss 1.0727e-01  mse 1.0724e-01  pinn 2.3566e-01  (239235 s)
2026-10-04 06:58:35,078 stage2 epoch 134100  loss 8.5471e-02  mse 8.5447e-02  pinn 2.3300e-01  (239391 s)
2026-10-04 07:01:12,745 stage2 epoch 134200  loss 6.9006e-02  mse 6.8983e-02  pinn 2.3422e-01  (239548 s)
2026-10-04 07:03:49,190 stage2 epoch 134300  loss 1.1282e-01  mse 1.1280e-01  pinn 2.3509e-01  (239705 s)
2026-10-04 07:06:24,778 stage2 epoch 134400  loss 8.0001e-02  mse 7.9978e-02  pinn 2.3218e-01  (239860 s)
2026-10-04 07:09:01,246 stage2 epoch 134500  loss 6.9186e-02  mse 6.9163e-02  pinn 2.3359e-01  (240017 s)
2026-10-04 07:11:37,090 stage2 epoch 134600  loss 1.0702e-01  mse 1.0700e-01  pinn 2.3424e-01  (240173 s)
2026-10-04 07:14:13,140 stage2 epoch 134700  loss 8.4785e-02  mse 8.4762e-02  pinn 2.3138e-01  (240329 s)
2026-10-04 07:16:48,753 stage2 epoch 134800  loss 6.7448e-02  mse 6.7424e-02  pinn 2.3285e-01  (240484 s)
2026-10-04 07:19:25,476 stage2 epoch 134900  loss 1.1024e-01  mse 1.1021e-01  pinn 2.3317e-01  (240641 s)
2026-10-04 07:22:02,331 stage2 epoch 135000  loss 8.2417e-02  mse 8.2394e-02  pinn 2.3058e-01  (240798 s)
2026-10-04 07:22:02,354 stage 2 archive stage2_S2_seed0_150k_epoch135000.pt  sha256 8bd8445d520afa0214d72074156d47bc5843202caa4df1d88b7c21556d31b436
2026-10-04 07:24:39,601 stage2 epoch 135100  loss 6.9576e-02  mse 6.9553e-02  pinn 2.3171e-01  (240955 s)
2026-10-04 07:27:15,459 stage2 epoch 135200  loss 1.1120e-01  mse 1.1118e-01  pinn 2.3233e-01  (241111 s)
2026-10-04 07:29:51,703 stage2 epoch 135300  loss 7.9930e-02  mse 7.9907e-02  pinn 2.2976e-01  (241267 s)
2026-10-04 07:32:27,298 stage2 epoch 135400  loss 6.8285e-02  mse 6.8262e-02  pinn 2.3103e-01  (241423 s)
2026-10-04 07:35:03,979 stage2 epoch 135500  loss 1.0617e-01  mse 1.0614e-01  pinn 2.3158e-01  (241580 s)
2026-10-04 07:37:39,833 stage2 epoch 135600  loss 8.4425e-02  mse 8.4402e-02  pinn 2.2892e-01  (241735 s)
2026-10-04 07:40:15,901 stage2 epoch 135700  loss 6.7065e-02  mse 6.7042e-02  pinn 2.3026e-01  (241891 s)
2026-10-04 07:42:52,344 stage2 epoch 135800  loss 1.0954e-01  mse 1.0952e-01  pinn 2.3071e-01  (242048 s)
2026-10-04 07:45:28,290 stage2 epoch 135900  loss 8.1889e-02  mse 8.1866e-02  pinn 2.2817e-01  (242204 s)
2026-10-04 07:48:04,140 stage2 epoch 136000  loss 6.8992e-02  mse 6.8969e-02  pinn 2.2934e-01  (242360 s)
2026-10-04 07:50:40,928 stage2 epoch 136100  loss 1.1088e-01  mse 1.1086e-01  pinn 2.2982e-01  (242517 s)
2026-10-04 07:53:17,203 stage2 epoch 136200  loss 7.9010e-02  mse 7.8987e-02  pinn 2.2740e-01  (242673 s)
2026-10-04 07:55:54,226 stage2 epoch 136300  loss 6.8359e-02  mse 6.8336e-02  pinn 2.2844e-01  (242830 s)
2026-10-04 07:58:31,093 stage2 epoch 136400  loss 1.0648e-01  mse 1.0646e-01  pinn 2.2897e-01  (242987 s)
2026-10-04 08:01:07,923 stage2 epoch 136500  loss 8.2287e-02  mse 8.2264e-02  pinn 2.2661e-01  (243144 s)
2026-10-04 08:03:43,476 stage2 epoch 136600  loss 6.6542e-02  mse 6.6519e-02  pinn 2.2774e-01  (243299 s)
2026-10-04 08:06:19,300 stage2 epoch 136700  loss 1.0596e-01  mse 1.0594e-01  pinn 2.2818e-01  (243455 s)
2026-10-04 08:08:55,837 stage2 epoch 136800  loss 8.3610e-02  mse 8.3587e-02  pinn 2.2584e-01  (243611 s)
2026-10-04 08:11:32,009 stage2 epoch 136900  loss 6.7108e-02  mse 6.7085e-02  pinn 2.2696e-01  (243768 s)
2026-10-04 08:14:08,956 stage2 epoch 137000  loss 1.0990e-01  mse 1.0988e-01  pinn 2.2751e-01  (243925 s)
2026-10-04 08:16:45,309 stage2 epoch 137100  loss 8.0404e-02  mse 8.0381e-02  pinn 2.2515e-01  (244081 s)
2026-10-04 08:19:22,033 stage2 epoch 137200  loss 6.8476e-02  mse 6.8453e-02  pinn 2.2611e-01  (244238 s)
2026-10-04 08:21:58,860 stage2 epoch 137300  loss 1.1018e-01  mse 1.1016e-01  pinn 2.2663e-01  (244394 s)
2026-10-04 08:24:36,080 stage2 epoch 137400  loss 7.8253e-02  mse 7.8231e-02  pinn 2.2441e-01  (244552 s)
2026-10-04 08:27:13,484 stage2 epoch 137500  loss 6.8147e-02  mse 6.8124e-02  pinn 2.2520e-01  (244709 s)
2026-10-04 08:29:51,251 stage2 epoch 137600  loss 1.0690e-01  mse 1.0688e-01  pinn 2.2577e-01  (244867 s)
2026-10-04 08:32:28,618 stage2 epoch 137700  loss 8.0075e-02  mse 8.0053e-02  pinn 2.2364e-01  (245024 s)
2026-10-04 08:35:06,138 stage2 epoch 137800  loss 6.6682e-02  mse 6.6660e-02  pinn 2.2455e-01  (245182 s)
2026-10-04 08:37:43,490 stage2 epoch 137900  loss 1.0507e-01  mse 1.0505e-01  pinn 2.2508e-01  (245339 s)
2026-10-04 08:40:22,494 stage2 epoch 138000  loss 8.1871e-02  mse 8.1849e-02  pinn 2.2288e-01  (245498 s)
2026-10-04 08:43:00,883 stage2 epoch 138100  loss 6.5894e-02  mse 6.5872e-02  pinn 2.2389e-01  (245657 s)
2026-10-04 08:45:39,142 stage2 epoch 138200  loss 1.0515e-01  mse 1.0513e-01  pinn 2.2427e-01  (245815 s)
2026-10-04 08:48:30,958 stage2 epoch 138300  loss 8.2564e-02  mse 8.2542e-02  pinn 2.2219e-01  (245987 s)
2026-10-04 08:52:19,996 stage2 epoch 138400  loss 6.5798e-02  mse 6.5775e-02  pinn 2.2310e-01  (246216 s)
2026-10-04 08:56:12,792 stage2 epoch 138500  loss 1.0599e-01  mse 1.0597e-01  pinn 2.2345e-01  (246448 s)
2026-10-04 09:00:07,403 stage2 epoch 138600  loss 8.2139e-02  mse 8.2117e-02  pinn 2.2151e-01  (246683 s)
2026-10-04 09:03:56,632 stage2 epoch 138700  loss 6.5784e-02  mse 6.5762e-02  pinn 2.2226e-01  (246912 s)
2026-10-04 09:07:47,204 stage2 epoch 138800  loss 1.0610e-01  mse 1.0608e-01  pinn 2.2273e-01  (247143 s)
2026-10-04 09:11:37,223 stage2 epoch 138900  loss 8.1818e-02  mse 8.1796e-02  pinn 2.2083e-01  (247373 s)
2026-10-04 09:15:25,859 stage2 epoch 139000  loss 6.5763e-02  mse 6.5741e-02  pinn 2.2155e-01  (247602 s)
2026-10-04 09:19:19,791 stage2 epoch 139100  loss 1.0589e-01  mse 1.0587e-01  pinn 2.2208e-01  (247835 s)
2026-10-04 09:23:45,327 stage2 epoch 139200  loss 8.1644e-02  mse 8.1622e-02  pinn 2.2011e-01  (248101 s)
2026-10-04 11:20:04,697 stage 2 resumed in stage2 at epoch 139000
2026-10-04 11:20:09,452 stage2 epoch 139001  loss 1.0785e-01  mse 1.0783e-01  pinn 2.2316e-01  (247603 s)
2026-10-04 11:22:45,175 stage2 epoch 139100  loss 1.0589e-01  mse 1.0587e-01  pinn 2.2208e-01  (247759 s)
2026-10-04 11:25:21,316 stage2 epoch 139200  loss 8.1644e-02  mse 8.1622e-02  pinn 2.2011e-01  (247915 s)
2026-10-04 11:27:55,706 stage2 epoch 139300  loss 6.5530e-02  mse 6.5508e-02  pinn 2.2093e-01  (248070 s)
2026-10-04 11:30:30,450 stage2 epoch 139400  loss 1.0507e-01  mse 1.0504e-01  pinn 2.2133e-01  (248224 s)
2026-10-04 11:33:05,973 stage2 epoch 139500  loss 8.1274e-02  mse 8.1252e-02  pinn 2.1940e-01  (248380 s)
2026-10-04 11:35:41,063 stage2 epoch 139600  loss 6.5342e-02  mse 6.5320e-02  pinn 2.2022e-01  (248535 s)
2026-10-04 11:38:15,889 stage2 epoch 139700  loss 1.0456e-01  mse 1.0454e-01  pinn 2.2051e-01  (248690 s)
2026-10-04 11:40:51,479 stage2 epoch 139800  loss 8.0608e-02  mse 8.0586e-02  pinn 2.1872e-01  (248845 s)
2026-10-04 11:43:26,033 stage2 epoch 139900  loss 6.5443e-02  mse 6.5421e-02  pinn 2.1942e-01  (249000 s)
2026-10-04 11:46:02,585 stage2 epoch 140000  loss 1.0452e-01  mse 1.0450e-01  pinn 2.1980e-01  (249156 s)
2026-10-04 11:46:02,600 stage 2 archive stage2_S2_seed0_150k_epoch140000.pt  sha256 d6bd51a741aa43070de6897a965e9586c198780747eb4e531591b2abb525a996
2026-10-04 11:48:38,283 stage2 epoch 140100  loss 7.9377e-02  mse 7.9356e-02  pinn 2.1806e-01  (249312 s)
2026-10-04 11:51:13,875 stage2 epoch 140200  loss 6.5862e-02  mse 6.5840e-02  pinn 2.1873e-01  (249468 s)
2026-10-04 11:53:50,082 stage2 epoch 140300  loss 1.0545e-01  mse 1.0542e-01  pinn 2.1923e-01  (249624 s)
2026-10-04 11:56:26,126 stage2 epoch 140400  loss 7.7678e-02  mse 7.7656e-02  pinn 2.1741e-01  (249780 s)
2026-10-04 11:59:03,110 stage2 epoch 140500  loss 6.6607e-02  mse 6.6585e-02  pinn 2.1817e-01  (249937 s)
2026-10-04 12:01:38,646 stage2 epoch 140600  loss 1.0749e-01  mse 1.0747e-01  pinn 2.1862e-01  (250092 s)
2026-10-04 12:04:13,999 stage2 epoch 140700  loss 7.7631e-02  mse 7.7610e-02  pinn 2.1677e-01  (250248 s)
2026-10-04 12:06:49,600 stage2 epoch 140800  loss 6.6201e-02  mse 6.6180e-02  pinn 2.1753e-01  (250403 s)
2026-10-04 12:09:25,053 stage2 epoch 140900  loss 1.0686e-01  mse 1.0684e-01  pinn 2.1780e-01  (250559 s)
2026-10-04 12:12:00,131 stage2 epoch 141000  loss 7.9414e-02  mse 7.9393e-02  pinn 2.1612e-01  (250714 s)
2026-10-04 12:14:35,869 stage2 epoch 141100  loss 6.5141e-02  mse 6.5120e-02  pinn 2.1675e-01  (250870 s)
2026-10-04 12:17:12,382 stage2 epoch 141200  loss 1.0478e-01  mse 1.0476e-01  pinn 2.1706e-01  (251026 s)
2026-10-04 12:19:55,008 stage2 epoch 141300  loss 7.8406e-02  mse 7.8385e-02  pinn 2.1549e-01  (251189 s)
2026-10-04 12:22:41,990 stage2 epoch 141400  loss 6.5686e-02  mse 6.5664e-02  pinn 2.1608e-01  (251356 s)
2026-10-04 12:25:24,551 stage2 epoch 141500  loss 1.0614e-01  mse 1.0611e-01  pinn 2.1656e-01  (251518 s)
2026-10-04 12:28:08,964 stage2 epoch 141600  loss 7.7553e-02  mse 7.7532e-02  pinn 2.1485e-01  (251683 s)
2026-10-04 12:30:51,020 stage2 epoch 141700  loss 6.5537e-02  mse 6.5515e-02  pinn 2.1563e-01  (251845 s)
2026-10-04 12:33:33,278 stage2 epoch 141800  loss 1.0571e-01  mse 1.0569e-01  pinn 2.1589e-01  (252007 s)
2026-10-04 12:36:15,474 stage2 epoch 141900  loss 7.8577e-02  mse 7.8555e-02  pinn 2.1421e-01  (252169 s)
2026-10-04 12:39:00,675 stage2 epoch 142000  loss 6.5003e-02  mse 6.4982e-02  pinn 2.1494e-01  (252334 s)
2026-10-04 12:41:47,598 stage2 epoch 142100  loss 1.0500e-01  mse 1.0498e-01  pinn 2.1504e-01  (252501 s)
2026-10-04 12:44:31,770 stage2 epoch 142200  loss 7.7405e-02  mse 7.7384e-02  pinn 2.1364e-01  (252666 s)
2026-10-04 12:47:15,770 stage2 epoch 142300  loss 6.5440e-02  mse 6.5419e-02  pinn 2.1417e-01  (252830 s)
2026-10-04 12:49:59,277 stage2 epoch 142400  loss 1.0570e-01  mse 1.0568e-01  pinn 2.1450e-01  (252993 s)
2026-10-04 12:52:38,636 stage2 epoch 142500  loss 7.7658e-02  mse 7.7637e-02  pinn 2.1308e-01  (253152 s)
2026-10-04 12:55:19,100 stage2 epoch 142600  loss 6.5033e-02  mse 6.5012e-02  pinn 2.1361e-01  (253313 s)
2026-10-04 12:58:05,872 stage2 epoch 142700  loss 1.0504e-01  mse 1.0502e-01  pinn 2.1398e-01  (253480 s)
2026-10-04 13:00:48,815 stage2 epoch 142800  loss 7.7625e-02  mse 7.7604e-02  pinn 2.1241e-01  (253643 s)
2026-10-04 13:03:31,756 stage2 epoch 142900  loss 6.4930e-02  mse 6.4909e-02  pinn 2.1325e-01  (253806 s)
2026-10-04 13:06:09,358 stage2 epoch 143000  loss 1.0491e-01  mse 1.0489e-01  pinn 2.1328e-01  (253963 s)
2026-10-04 13:08:47,866 stage2 epoch 143100  loss 7.7323e-02  mse 7.7302e-02  pinn 2.1186e-01  (254122 s)
2026-10-04 13:11:26,128 stage2 epoch 143200  loss 6.4874e-02  mse 6.4853e-02  pinn 2.1241e-01  (254280 s)
2026-10-04 13:14:03,993 stage2 epoch 143300  loss 1.0495e-01  mse 1.0493e-01  pinn 2.1248e-01  (254438 s)
2026-10-04 13:16:42,429 stage2 epoch 143400  loss 7.6964e-02  mse 7.6943e-02  pinn 2.1135e-01  (254596 s)
2026-10-04 13:19:20,598 stage2 epoch 143500  loss 6.4817e-02  mse 6.4796e-02  pinn 2.1177e-01  (254754 s)
2026-10-04 13:21:59,990 stage2 epoch 143600  loss 1.0486e-01  mse 1.0484e-01  pinn 2.1211e-01  (254914 s)
2026-10-04 13:24:39,268 stage2 epoch 143700  loss 7.7125e-02  mse 7.7104e-02  pinn 2.1072e-01  (255073 s)
2026-10-04 13:27:18,379 stage2 epoch 143800  loss 6.4612e-02  mse 6.4591e-02  pinn 2.1149e-01  (255232 s)
2026-10-04 13:29:56,061 stage2 epoch 143900  loss 1.0460e-01  mse 1.0458e-01  pinn 2.1154e-01  (255390 s)
2026-10-04 13:32:33,997 stage2 epoch 144000  loss 7.7023e-02  mse 7.7002e-02  pinn 2.1018e-01  (255548 s)
2026-10-04 13:35:12,570 stage2 epoch 144100  loss 6.4428e-02  mse 6.4407e-02  pinn 2.1074e-01  (255706 s)
2026-10-04 13:38:01,864 stage2 epoch 144200  loss 1.0451e-01  mse 1.0449e-01  pinn 2.1064e-01  (255876 s)
2026-10-04 13:41:01,179 stage2 epoch 144300  loss 7.6604e-02  mse 7.6583e-02  pinn 2.0970e-01  (256055 s)
2026-10-04 13:43:39,354 stage2 epoch 144400  loss 6.4451e-02  mse 6.4430e-02  pinn 2.1009e-01  (256213 s)
2026-10-04 13:46:18,964 stage2 epoch 144500  loss 1.0437e-01  mse 1.0435e-01  pinn 2.1034e-01  (256373 s)
2026-10-04 13:48:58,755 stage2 epoch 144600  loss 7.6612e-02  mse 7.6591e-02  pinn 2.0914e-01  (256533 s)
2026-10-04 13:51:37,552 stage2 epoch 144700  loss 6.4291e-02  mse 6.4270e-02  pinn 2.0983e-01  (256691 s)
2026-10-04 13:54:15,496 stage2 epoch 144800  loss 1.0428e-01  mse 1.0426e-01  pinn 2.0982e-01  (256849 s)
2026-10-04 13:57:02,626 stage2 epoch 144900  loss 7.6523e-02  mse 7.6502e-02  pinn 2.0864e-01  (257016 s)
2026-10-04 13:59:53,731 stage2 epoch 145000  loss 6.4126e-02  mse 6.4105e-02  pinn 2.0913e-01  (257187 s)
2026-10-04 13:59:53,748 stage 2 archive stage2_S2_seed0_150k_epoch145000.pt  sha256 f3111c11543bd219e7fe81f4451a367ae9d7714d47e5717e16748a4df8d0a5e7
2026-10-04 14:02:42,472 stage2 epoch 145100  loss 1.0418e-01  mse 1.0416e-01  pinn 2.0894e-01  (257356 s)
2026-10-04 14:05:27,808 stage2 epoch 145200  loss 7.6088e-02  mse 7.6068e-02  pinn 2.0820e-01  (257522 s)
2026-10-04 14:08:10,919 stage2 epoch 145300  loss 6.4147e-02  mse 6.4126e-02  pinn 2.0855e-01  (257685 s)
2026-10-04 14:10:54,708 stage2 epoch 145400  loss 1.0403e-01  mse 1.0401e-01  pinn 2.0869e-01  (257848 s)
2026-10-04 14:13:39,057 stage2 epoch 145500  loss 7.6194e-02  mse 7.6174e-02  pinn 2.0763e-01  (258013 s)
2026-10-04 14:16:30,825 stage2 epoch 145600  loss 6.3933e-02  mse 6.3912e-02  pinn 2.0848e-01  (258185 s)
2026-10-04 14:19:23,110 stage2 epoch 145700  loss 1.0377e-01  mse 1.0375e-01  pinn 2.0816e-01  (258357 s)
2026-10-04 14:22:09,524 stage2 epoch 145800  loss 7.6081e-02  mse 7.6061e-02  pinn 2.0719e-01  (258523 s)
2026-10-04 14:25:00,666 stage2 epoch 145900  loss 6.3867e-02  mse 6.3846e-02  pinn 2.0754e-01  (258694 s)
2026-10-04 14:27:53,856 stage2 epoch 146000  loss 1.0359e-01  mse 1.0356e-01  pinn 2.0750e-01  (258868 s)
2026-10-04 14:30:40,880 stage2 epoch 146100  loss 7.5582e-02  mse 7.5561e-02  pinn 2.0683e-01  (259035 s)
2026-10-04 14:33:24,524 stage2 epoch 146200  loss 6.3845e-02  mse 6.3825e-02  pinn 2.0711e-01  (259198 s)
2026-10-04 14:36:18,259 stage2 epoch 146300  loss 1.0380e-01  mse 1.0378e-01  pinn 2.0715e-01  (259372 s)
2026-10-04 14:38:59,803 stage2 epoch 146400  loss 7.5855e-02  mse 7.5835e-02  pinn 2.0622e-01  (259534 s)
2026-10-04 14:41:42,899 stage2 epoch 146500  loss 6.3645e-02  mse 6.3624e-02  pinn 2.0657e-01  (259697 s)
2026-10-04 14:44:25,691 stage2 epoch 146600  loss 1.0341e-01  mse 1.0339e-01  pinn 2.0639e-01  (259859 s)
2026-10-04 14:47:07,372 stage2 epoch 146700  loss 7.5126e-02  mse 7.5105e-02  pinn 2.0589e-01  (260021 s)
2026-10-04 14:50:00,735 stage2 epoch 146800  loss 6.3683e-02  mse 6.3662e-02  pinn 2.0613e-01  (260194 s)
2026-10-04 14:52:48,315 stage2 epoch 146900  loss 1.0358e-01  mse 1.0356e-01  pinn 2.0613e-01  (260362 s)
2026-10-04 14:55:36,712 stage2 epoch 147000  loss 7.5525e-02  mse 7.5504e-02  pinn 2.0530e-01  (260530 s)
2026-10-04 14:58:24,253 stage2 epoch 147100  loss 6.3495e-02  mse 6.3475e-02  pinn 2.0562e-01  (260698 s)
2026-10-04 15:01:12,272 stage2 epoch 147200  loss 1.0320e-01  mse 1.0318e-01  pinn 2.0547e-01  (260866 s)
2026-10-04 15:03:56,184 stage2 epoch 147300  loss 7.4512e-02  mse 7.4491e-02  pinn 2.0507e-01  (261030 s)
2026-10-04 15:06:39,553 stage2 epoch 147400  loss 6.3471e-02  mse 6.3450e-02  pinn 2.0522e-01  (261193 s)
2026-10-04 15:09:23,250 stage2 epoch 147500  loss 1.0330e-01  mse 1.0328e-01  pinn 2.0515e-01  (261357 s)
2026-10-04 15:12:12,432 stage2 epoch 147600  loss 7.5301e-02  mse 7.5281e-02  pinn 2.0441e-01  (261526 s)
2026-10-04 15:15:08,558 stage2 epoch 147700  loss 6.3254e-02  mse 6.3233e-02  pinn 2.0471e-01  (261702 s)
2026-10-04 15:17:53,897 stage2 epoch 147800  loss 1.0310e-01  mse 1.0308e-01  pinn 2.0458e-01  (261868 s)
2026-10-04 15:20:41,534 stage2 epoch 147900  loss 7.5411e-02  mse 7.5391e-02  pinn 2.0393e-01  (262035 s)
2026-10-04 15:23:26,619 stage2 epoch 148000  loss 6.3085e-02  mse 6.3064e-02  pinn 2.0436e-01  (262200 s)
2026-10-04 15:26:24,372 stage2 epoch 148100  loss 1.0300e-01  mse 1.0298e-01  pinn 2.0421e-01  (262378 s)
2026-10-04 15:29:23,072 stage2 epoch 148200  loss 7.4957e-02  mse 7.4936e-02  pinn 2.0357e-01  (262557 s)
2026-10-04 15:32:13,341 stage2 epoch 148300  loss 6.3069e-02  mse 6.3049e-02  pinn 2.0385e-01  (262727 s)
2026-10-04 15:35:17,840 stage2 epoch 148400  loss 1.0292e-01  mse 1.0290e-01  pinn 2.0367e-01  (262912 s)
2026-10-04 15:38:06,194 stage2 epoch 148500  loss 7.4823e-02  mse 7.4802e-02  pinn 2.0308e-01  (263080 s)
2026-10-04 15:40:50,805 stage2 epoch 148600  loss 6.3235e-02  mse 6.3215e-02  pinn 2.0400e-01  (263244 s)
2026-10-04 15:43:42,687 stage2 epoch 148700  loss 1.0270e-01  mse 1.0268e-01  pinn 2.0329e-01  (263416 s)
2026-10-04 15:47:12,009 stage2 epoch 148800  loss 7.4598e-02  mse 7.4578e-02  pinn 2.0275e-01  (263626 s)
2026-10-04 15:50:03,778 stage2 epoch 148900  loss 6.2846e-02  mse 6.2826e-02  pinn 2.0304e-01  (263797 s)
2026-10-04 15:52:51,893 stage2 epoch 149000  loss 1.0268e-01  mse 1.0266e-01  pinn 2.0280e-01  (263966 s)
2026-10-04 15:55:44,760 stage2 epoch 149100  loss 7.4717e-02  mse 7.4697e-02  pinn 2.0230e-01  (264138 s)
2026-10-04 15:58:39,627 stage2 epoch 149200  loss 6.3233e-02  mse 6.3212e-02  pinn 2.0244e-01  (264313 s)
2026-10-04 16:01:33,663 stage2 epoch 149300  loss 1.0431e-01  mse 1.0429e-01  pinn 2.0266e-01  (264487 s)
2026-10-04 16:04:22,223 stage2 epoch 149400  loss 7.4174e-02  mse 7.4154e-02  pinn 2.0198e-01  (264656 s)
2026-10-04 16:07:07,841 stage2 epoch 149500  loss 6.2704e-02  mse 6.2684e-02  pinn 2.0228e-01  (264821 s)
2026-10-04 16:10:44,112 stage2 epoch 149600  loss 1.0245e-01  mse 1.0243e-01  pinn 2.0197e-01  (265038 s)
2026-10-04 16:13:58,761 stage2 epoch 149700  loss 7.4323e-02  mse 7.4303e-02  pinn 2.0151e-01  (265232 s)
2026-10-04 16:17:12,863 stage2 epoch 149800  loss 6.2606e-02  mse 6.2586e-02  pinn 2.0180e-01  (265426 s)
2026-10-04 16:20:27,008 stage2 epoch 149900  loss 1.0504e-01  mse 1.0502e-01  pinn 2.0189e-01  (265621 s)
2026-10-04 16:23:46,909 stage2 epoch 150000  loss 7.4271e-02  mse 7.4251e-02  pinn 2.0115e-01  (265820 s)
2026-10-04 18:50:53,642 stage 2 resumed in stage2 at epoch 150000
2026-10-04 18:50:57,488 stage2 epoch 150001  loss 6.2383e-02  mse 6.2362e-02  pinn 2.0164e-01  (265822 s)
2026-10-04 18:53:19,781 stage2 epoch 150100  loss 6.2494e-02  mse 6.2474e-02  pinn 2.0153e-01  (265964 s)
2026-10-04 18:55:40,394 stage2 epoch 150200  loss 1.0215e-01  mse 1.0213e-01  pinn 2.0119e-01  (266105 s)
2026-10-04 18:58:04,299 stage2 epoch 150300  loss 7.4000e-02  mse 7.3979e-02  pinn 2.0074e-01  (266249 s)
2026-10-04 19:00:27,144 stage2 epoch 150400  loss 6.2347e-02  mse 6.2327e-02  pinn 2.0106e-01  (266392 s)
2026-10-04 19:02:54,676 stage2 epoch 150500  loss 1.0270e-01  mse 1.0268e-01  pinn 2.0077e-01  (266539 s)
2026-10-04 19:05:22,339 stage2 epoch 150600  loss 7.4899e-02  mse 7.4879e-02  pinn 2.0061e-01  (266687 s)
2026-10-04 19:07:48,504 stage2 epoch 150700  loss 6.2334e-02  mse 6.2314e-02  pinn 2.0077e-01  (266833 s)
2026-10-04 19:10:19,646 stage2 epoch 150800  loss 1.0180e-01  mse 1.0178e-01  pinn 2.0042e-01  (266984 s)
2026-10-04 19:12:42,940 stage2 epoch 150900  loss 7.3728e-02  mse 7.3708e-02  pinn 1.9998e-01  (267128 s)
2026-10-04 19:15:06,223 stage2 epoch 151000  loss 6.2111e-02  mse 6.2091e-02  pinn 2.0031e-01  (267271 s)
2026-10-04 19:17:35,000 stage2 epoch 151100  loss 1.0192e-01  mse 1.0190e-01  pinn 1.9995e-01  (267420 s)
2026-10-04 19:19:57,229 stage2 epoch 151200  loss 7.4906e-02  mse 7.4886e-02  pinn 1.9972e-01  (267562 s)
2026-10-04 19:22:20,919 stage2 epoch 151300  loss 6.2029e-02  mse 6.2009e-02  pinn 1.9994e-01  (267706 s)
2026-10-04 19:24:43,424 stage2 epoch 151400  loss 1.0170e-01  mse 1.0168e-01  pinn 1.9967e-01  (267848 s)
2026-10-04 19:27:05,176 stage2 epoch 151500  loss 7.3346e-02  mse 7.3326e-02  pinn 1.9924e-01  (267990 s)
2026-10-04 19:29:35,592 stage2 epoch 151600  loss 6.1982e-02  mse 6.1962e-02  pinn 1.9957e-01  (268140 s)
2026-10-04 19:31:53,773 stage2 epoch 151700  loss 1.0172e-01  mse 1.0170e-01  pinn 1.9918e-01  (268278 s)
2026-10-04 19:34:11,895 stage2 epoch 151800  loss 7.3790e-02  mse 7.3770e-02  pinn 1.9889e-01  (268417 s)
2026-10-04 19:36:31,708 stage2 epoch 151900  loss 6.2086e-02  mse 6.2066e-02  pinn 1.9923e-01  (268556 s)
2026-10-04 19:38:49,222 stage2 epoch 152000  loss 1.0138e-01  mse 1.0136e-01  pinn 1.9890e-01  (268694 s)
2026-10-04 19:41:06,359 stage2 epoch 152100  loss 7.3123e-02  mse 7.3103e-02  pinn 1.9849e-01  (268831 s)
2026-10-04 19:43:24,156 stage2 epoch 152200  loss 6.1695e-02  mse 6.1675e-02  pinn 1.9882e-01  (268969 s)
2026-10-04 19:45:41,967 stage2 epoch 152300  loss 1.0146e-01  mse 1.0144e-01  pinn 1.9841e-01  (269107 s)
2026-10-04 19:48:00,877 stage2 epoch 152400  loss 7.3978e-02  mse 7.3958e-02  pinn 1.9817e-01  (269246 s)
2026-10-04 19:50:19,738 stage2 epoch 152500  loss 6.1712e-02  mse 6.1692e-02  pinn 1.9845e-01  (269384 s)
2026-10-04 19:52:38,267 stage2 epoch 152600  loss 1.0121e-01  mse 1.0119e-01  pinn 1.9813e-01  (269523 s)
2026-10-04 19:54:57,328 stage2 epoch 152700  loss 7.2831e-02  mse 7.2811e-02  pinn 1.9773e-01  (269662 s)
2026-10-04 19:57:15,394 stage2 epoch 152800  loss 6.1580e-02  mse 6.1560e-02  pinn 1.9806e-01  (269800 s)
2026-10-04 19:59:33,232 stage2 epoch 152900  loss 1.0235e-01  mse 1.0233e-01  pinn 1.9768e-01  (269938 s)
2026-10-04 20:01:51,539 stage2 epoch 153000  loss 7.3588e-02  mse 7.3569e-02  pinn 1.9750e-01  (270076 s)
2026-10-04 20:04:09,558 stage2 epoch 153100  loss 6.1556e-02  mse 6.1536e-02  pinn 1.9777e-01  (270214 s)
2026-10-04 20:06:28,887 stage2 epoch 153200  loss 1.0109e-01  mse 1.0107e-01  pinn 1.9734e-01  (270354 s)
2026-10-04 20:08:47,203 stage2 epoch 153300  loss 7.2642e-02  mse 7.2622e-02  pinn 1.9698e-01  (270492 s)
2026-10-04 20:11:05,111 stage2 epoch 153400  loss 6.2255e-02  mse 6.2235e-02  pinn 1.9731e-01  (270630 s)
2026-10-04 20:13:23,442 stage2 epoch 153500  loss 1.0227e-01  mse 1.0225e-01  pinn 1.9696e-01  (270768 s)
2026-10-04 20:15:41,287 stage2 epoch 153600  loss 7.2455e-02  mse 7.2435e-02  pinn 1.9667e-01  (270906 s)
2026-10-04 20:18:00,547 stage2 epoch 153700  loss 6.1368e-02  mse 6.1348e-02  pinn 1.9700e-01  (271045 s)
2026-10-04 20:20:18,617 stage2 epoch 153800  loss 1.0248e-01  mse 1.0246e-01  pinn 1.9657e-01  (271183 s)
2026-10-04 20:22:36,893 stage2 epoch 153900  loss 7.2954e-02  mse 7.2935e-02  pinn 1.9635e-01  (271322 s)
2026-10-04 20:24:55,370 stage2 epoch 154000  loss 6.1317e-02  mse 6.1298e-02  pinn 1.9667e-01  (271460 s)
2026-10-04 20:27:14,299 stage2 epoch 154100  loss 1.0132e-01  mse 1.0130e-01  pinn 1.9623e-01  (271599 s)
2026-10-04 20:29:32,435 stage2 epoch 154200  loss 7.2706e-02  mse 7.2686e-02  pinn 1.9597e-01  (271737 s)
2026-10-04 20:31:51,783 stage2 epoch 154300  loss 6.1558e-02  mse 6.1539e-02  pinn 1.9632e-01  (271876 s)
2026-10-04 20:34:11,079 stage2 epoch 154400  loss 1.0154e-01  mse 1.0153e-01  pinn 1.9588e-01  (272016 s)
2026-10-04 20:36:30,324 stage2 epoch 154500  loss 7.2320e-02  mse 7.2300e-02  pinn 1.9563e-01  (272155 s)
2026-10-04 20:38:50,051 stage2 epoch 154600  loss 6.1560e-02  mse 6.1541e-02  pinn 1.9601e-01  (272295 s)
2026-10-04 20:41:09,601 stage2 epoch 154700  loss 1.0211e-01  mse 1.0209e-01  pinn 1.9552e-01  (272434 s)
2026-10-04 20:43:29,176 stage2 epoch 154800  loss 7.2138e-02  mse 7.2119e-02  pinn 1.9532e-01  (272574 s)
2026-10-04 20:45:49,414 stage2 epoch 154900  loss 6.1347e-02  mse 6.1328e-02  pinn 1.9569e-01  (272714 s)
2026-10-04 20:48:08,890 stage2 epoch 155000  loss 1.0224e-01  mse 1.0222e-01  pinn 1.9519e-01  (272854 s)
2026-10-04 20:48:08,908 stage 2 archive stage2_S2_seed0_200k_epoch155000.pt  sha256 9bc13ed1b3522c19247609dfedf840dee8de5c3323beface4c6da68182a7e644
2026-10-04 20:50:29,324 stage2 epoch 155100  loss 7.2030e-02  mse 7.2010e-02  pinn 1.9501e-01  (272994 s)
2026-10-04 20:52:49,425 stage2 epoch 155200  loss 6.1198e-02  mse 6.1179e-02  pinn 1.9540e-01  (273134 s)
2026-10-04 20:55:10,100 stage2 epoch 155300  loss 1.0189e-01  mse 1.0187e-01  pinn 1.9487e-01  (273275 s)
2026-10-04 20:57:29,502 stage2 epoch 155400  loss 7.1991e-02  mse 7.1972e-02  pinn 1.9471e-01  (273414 s)
2026-10-04 20:59:49,603 stage2 epoch 155500  loss 6.1005e-02  mse 6.0986e-02  pinn 1.9511e-01  (273554 s)
2026-10-04 21:02:11,179 stage2 epoch 155600  loss 1.0135e-01  mse 1.0133e-01  pinn 1.9456e-01  (273696 s)
2026-10-04 21:04:31,123 stage2 epoch 155700  loss 7.2064e-02  mse 7.2045e-02  pinn 1.9441e-01  (273836 s)
2026-10-04 21:06:51,734 stage2 epoch 155800  loss 6.0905e-02  mse 6.0886e-02  pinn 1.9482e-01  (273976 s)
2026-10-04 21:09:11,711 stage2 epoch 155900  loss 1.0158e-01  mse 1.0156e-01  pinn 1.9425e-01  (274116 s)
2026-10-04 21:11:32,379 stage2 epoch 156000  loss 7.1808e-02  mse 7.1789e-02  pinn 1.9413e-01  (274257 s)
2026-10-04 21:13:53,093 stage2 epoch 156100  loss 6.1007e-02  mse 6.0988e-02  pinn 1.9455e-01  (274398 s)
2026-10-04 21:16:13,578 stage2 epoch 156200  loss 1.0174e-01  mse 1.0172e-01  pinn 1.9395e-01  (274538 s)
2026-10-04 21:18:34,036 stage2 epoch 156300  loss 7.1388e-02  mse 7.1369e-02  pinn 1.9386e-01  (274679 s)
2026-10-04 21:20:53,688 stage2 epoch 156400  loss 6.0932e-02  mse 6.0913e-02  pinn 1.9428e-01  (274818 s)
2026-10-04 21:23:14,402 stage2 epoch 156500  loss 1.0123e-01  mse 1.0122e-01  pinn 1.9366e-01  (274959 s)
2026-10-04 21:25:36,015 stage2 epoch 156600  loss 7.1398e-02  mse 7.1378e-02  pinn 1.9358e-01  (275101 s)
2026-10-04 21:27:56,987 stage2 epoch 156700  loss 6.0567e-02  mse 6.0547e-02  pinn 1.9401e-01  (275242 s)
2026-10-04 21:30:18,456 stage2 epoch 156800  loss 1.0047e-01  mse 1.0046e-01  pinn 1.9336e-01  (275383 s)
2026-10-04 21:32:39,585 stage2 epoch 156900  loss 7.1931e-02  mse 7.1912e-02  pinn 1.9327e-01  (275524 s)
2026-10-04 21:35:00,728 stage2 epoch 157000  loss 6.0250e-02  mse 6.0231e-02  pinn 1.9372e-01  (275665 s)
2026-10-04 21:37:21,661 stage2 epoch 157100  loss 1.0134e-01  mse 1.0132e-01  pinn 1.9304e-01  (275806 s)
2026-10-04 21:39:43,018 stage2 epoch 157200  loss 7.1750e-02  mse 7.1731e-02  pinn 1.9297e-01  (275948 s)
2026-10-04 21:42:04,022 stage2 epoch 157300  loss 6.1582e-02  mse 6.1562e-02  pinn 1.9343e-01  (276089 s)
2026-10-04 21:44:25,262 stage2 epoch 157400  loss 1.0564e-01  mse 1.0563e-01  pinn 1.9288e-01  (276230 s)
2026-10-04 21:46:46,312 stage2 epoch 157500  loss 7.5125e-02  mse 7.5106e-02  pinn 1.9295e-01  (276371 s)
2026-10-04 21:49:07,834 stage2 epoch 157600  loss 6.1625e-02  mse 6.1605e-02  pinn 1.9306e-01  (276513 s)
2026-10-04 21:51:29,660 stage2 epoch 157700  loss 1.0025e-01  mse 1.0023e-01  pinn 1.9263e-01  (276654 s)
2026-10-04 21:53:50,989 stage2 epoch 157800  loss 7.4328e-02  mse 7.4309e-02  pinn 1.9265e-01  (276796 s)
2026-10-04 21:56:12,810 stage2 epoch 157900  loss 6.1360e-02  mse 6.1341e-02  pinn 1.9280e-01  (276937 s)
2026-10-04 21:58:34,866 stage2 epoch 158000  loss 9.8964e-02  mse 9.8944e-02  pinn 1.9235e-01  (277080 s)
2026-10-04 22:00:59,149 stage2 epoch 158100  loss 7.4035e-02  mse 7.4016e-02  pinn 1.9237e-01  (277224 s)
2026-10-04 22:03:20,902 stage2 epoch 158200  loss 6.1128e-02  mse 6.1108e-02  pinn 1.9257e-01  (277366 s)
2026-10-04 22:05:43,436 stage2 epoch 158300  loss 9.8634e-02  mse 9.8614e-02  pinn 1.9208e-01  (277508 s)
2026-10-04 22:08:05,568 stage2 epoch 158400  loss 7.4108e-02  mse 7.4089e-02  pinn 1.9212e-01  (277650 s)
2026-10-04 22:10:27,581 stage2 epoch 158500  loss 6.1428e-02  mse 6.1408e-02  pinn 1.9236e-01  (277792 s)
2026-10-04 22:12:50,370 stage2 epoch 158600  loss 9.8729e-02  mse 9.8710e-02  pinn 1.9177e-01  (277935 s)
2026-10-04 22:15:12,249 stage2 epoch 158700  loss 7.4103e-02  mse 7.4084e-02  pinn 1.9189e-01  (278077 s)
2026-10-04 22:17:36,016 stage2 epoch 158800  loss 6.1489e-02  mse 6.1469e-02  pinn 1.9209e-01  (278221 s)
2026-10-04 22:19:58,168 stage2 epoch 158900  loss 9.7185e-02  mse 9.7166e-02  pinn 1.9151e-01  (278363 s)
2026-10-04 22:22:19,969 stage2 epoch 159000  loss 7.4360e-02  mse 7.4341e-02  pinn 1.9154e-01  (278505 s)
2026-10-04 22:24:42,089 stage2 epoch 159100  loss 6.3268e-02  mse 6.3249e-02  pinn 1.9198e-01  (278647 s)
2026-10-04 22:27:07,841 stage2 epoch 159200  loss 9.5169e-02  mse 9.5149e-02  pinn 1.9134e-01  (278793 s)
2026-10-04 22:29:38,798 stage2 epoch 159300  loss 7.1998e-02  mse 7.1979e-02  pinn 1.9110e-01  (278943 s)
2026-10-04 22:32:11,282 stage2 epoch 159400  loss 5.9197e-02  mse 5.9178e-02  pinn 1.9187e-01  (279096 s)
2026-10-04 22:34:56,755 stage2 epoch 159500  loss 9.7390e-02  mse 9.7371e-02  pinn 1.9090e-01  (279261 s)
2026-10-04 22:37:30,289 stage2 epoch 159600  loss 6.6209e-02  mse 6.6190e-02  pinn 1.9140e-01  (279415 s)
2026-10-04 22:40:00,343 stage2 epoch 159700  loss 5.7875e-02  mse 5.7856e-02  pinn 1.9167e-01  (279565 s)
2026-10-04 22:42:29,185 stage2 epoch 159800  loss 1.0641e-01  mse 1.0639e-01  pinn 1.9055e-01  (279714 s)
2026-10-04 22:45:07,184 stage2 epoch 159900  loss 7.0684e-02  mse 7.0665e-02  pinn 1.9095e-01  (279872 s)
2026-10-04 22:47:35,853 stage2 epoch 160000  loss 5.9238e-02  mse 5.9219e-02  pinn 1.9109e-01  (280021 s)
2026-10-04 22:47:35,868 stage 2 archive stage2_S2_seed0_200k_epoch160000.pt  sha256 3ae442bb5622679c35d8ecf5accce8f9de1b754ea56ac059c4d0de1ef0add617
2026-10-04 22:50:03,460 stage2 epoch 160100  loss 9.6987e-02  mse 9.6967e-02  pinn 1.9057e-01  (280168 s)
2026-10-04 22:52:34,374 stage2 epoch 160200  loss 7.4254e-02  mse 7.4235e-02  pinn 1.9058e-01  (280319 s)
2026-10-04 22:55:05,319 stage2 epoch 160300  loss 6.2260e-02  mse 6.2241e-02  pinn 1.9116e-01  (280470 s)
2026-10-04 22:57:36,871 stage2 epoch 160400  loss 9.3972e-02  mse 9.3953e-02  pinn 1.9043e-01  (280622 s)
2026-10-04 23:00:07,714 stage2 epoch 160500  loss 6.8205e-02  mse 6.8186e-02  pinn 1.9044e-01  (280772 s)
2026-10-04 23:02:37,601 stage2 epoch 160600  loss 5.7418e-02  mse 5.7399e-02  pinn 1.9106e-01  (280922 s)
2026-10-04 23:05:17,287 stage2 epoch 160700  loss 1.0722e-01  mse 1.0720e-01  pinn 1.8982e-01  (281082 s)
2026-10-04 23:07:57,284 stage2 epoch 160800  loss 7.1466e-02  mse 7.1447e-02  pinn 1.9026e-01  (281242 s)
2026-10-04 23:10:34,806 stage2 epoch 160900  loss 6.1268e-02  mse 6.1249e-02  pinn 1.9044e-01  (281399 s)
2026-10-04 23:13:11,791 stage2 epoch 161000  loss 9.3251e-02  mse 9.3232e-02  pinn 1.8988e-01  (281556 s)
2026-10-04 23:15:51,297 stage2 epoch 161100  loss 7.1302e-02  mse 7.1283e-02  pinn 1.8968e-01  (281716 s)
2026-10-04 23:18:22,245 stage2 epoch 161200  loss 5.8038e-02  mse 5.8019e-02  pinn 1.9051e-01  (281867 s)
2026-10-04 23:20:46,280 stage2 epoch 161300  loss 1.0339e-01  mse 1.0337e-01  pinn 1.8927e-01  (282011 s)
2026-10-04 23:23:11,357 stage2 epoch 161400  loss 7.0516e-02  mse 7.0497e-02  pinn 1.8990e-01  (282156 s)
2026-10-04 23:25:36,138 stage2 epoch 161500  loss 6.0850e-02  mse 6.0831e-02  pinn 1.8990e-01  (282301 s)
2026-10-04 23:28:01,226 stage2 epoch 161600  loss 9.1913e-02  mse 9.1894e-02  pinn 1.8938e-01  (282446 s)
2026-10-04 23:30:25,142 stage2 epoch 161700  loss 6.9740e-02  mse 6.9721e-02  pinn 1.8922e-01  (282590 s)
2026-10-04 23:32:49,834 stage2 epoch 161800  loss 5.7082e-02  mse 5.7063e-02  pinn 1.9009e-01  (282734 s)
2026-10-04 23:35:14,099 stage2 epoch 161900  loss 1.0559e-01  mse 1.0557e-01  pinn 1.8885e-01  (282879 s)
2026-10-04 23:37:38,853 stage2 epoch 162000  loss 7.1263e-02  mse 7.1244e-02  pinn 1.8944e-01  (283023 s)
2026-10-04 23:40:03,736 stage2 epoch 162100  loss 6.1558e-02  mse 6.1539e-02  pinn 1.8963e-01  (283168 s)
2026-10-04 23:42:37,138 stage2 epoch 162200  loss 9.3783e-02  mse 9.3765e-02  pinn 1.8905e-01  (283322 s)
2026-10-04 23:45:02,334 stage2 epoch 162300  loss 6.5757e-02  mse 6.5738e-02  pinn 1.8936e-01  (283467 s)
2026-10-04 23:47:40,412 stage2 epoch 162400  loss 5.6785e-02  mse 5.6767e-02  pinn 1.8951e-01  (283625 s)
2026-10-04 23:50:18,115 stage2 epoch 162500  loss 9.5995e-02  mse 9.5976e-02  pinn 1.8879e-01  (283783 s)
2026-10-04 23:52:50,584 stage2 epoch 162600  loss 7.3522e-02  mse 7.3503e-02  pinn 1.8871e-01  (283935 s)
2026-10-04 23:55:30,259 stage2 epoch 162700  loss 5.7300e-02  mse 5.7281e-02  pinn 1.8949e-01  (284095 s)
2026-10-04 23:58:00,174 stage2 epoch 162800  loss 1.0493e-01  mse 1.0491e-01  pinn 1.8813e-01  (284245 s)
2026-10-05 00:00:36,192 stage2 epoch 162900  loss 7.1908e-02  mse 7.1889e-02  pinn 1.8887e-01  (284401 s)
2026-10-05 00:03:07,764 stage2 epoch 163000  loss 6.2613e-02  mse 6.2595e-02  pinn 1.8907e-01  (284552 s)
2026-10-05 00:05:38,053 stage2 epoch 163100  loss 9.4369e-02  mse 9.4350e-02  pinn 1.8836e-01  (284703 s)
2026-10-05 00:08:12,256 stage2 epoch 163200  loss 6.4964e-02  mse 6.4946e-02  pinn 1.8894e-01  (284857 s)
2026-10-05 00:10:40,614 stage2 epoch 163300  loss 5.8076e-02  mse 5.8057e-02  pinn 1.8874e-01  (285005 s)
2026-10-05 00:13:08,885 stage2 epoch 163400  loss 9.1211e-02  mse 9.1192e-02  pinn 1.8810e-01  (285154 s)
2026-10-05 00:15:43,934 stage2 epoch 163500  loss 6.8273e-02  mse 6.8254e-02  pinn 1.8796e-01  (285309 s)
2026-10-05 00:18:19,692 stage2 epoch 163600  loss 5.6374e-02  mse 5.6355e-02  pinn 1.8900e-01  (285464 s)
2026-10-05 00:20:51,711 stage2 epoch 163700  loss 9.4464e-02  mse 9.4446e-02  pinn 1.8796e-01  (285616 s)
2026-10-05 00:23:22,903 stage2 epoch 163800  loss 6.9898e-02  mse 6.9879e-02  pinn 1.8773e-01  (285768 s)
2026-10-05 00:25:55,250 stage2 epoch 163900  loss 5.6296e-02  mse 5.6278e-02  pinn 1.8882e-01  (285920 s)
2026-10-05 00:28:32,623 stage2 epoch 164000  loss 1.0058e-01  mse 1.0056e-01  pinn 1.8773e-01  (286077 s)
2026-10-05 00:31:08,870 stage2 epoch 164100  loss 7.1474e-02  mse 7.1455e-02  pinn 1.8761e-01  (286233 s)
2026-10-05 00:33:43,950 stage2 epoch 164200  loss 5.6056e-02  mse 5.6037e-02  pinn 1.8861e-01  (286389 s)
2026-10-05 00:36:21,382 stage2 epoch 164300  loss 9.8595e-02  mse 9.8576e-02  pinn 1.8756e-01  (286546 s)
2026-10-05 00:39:01,982 stage2 epoch 164400  loss 6.9164e-02  mse 6.9146e-02  pinn 1.8731e-01  (286707 s)
2026-10-05 00:41:37,901 stage2 epoch 164500  loss 5.6382e-02  mse 5.6364e-02  pinn 1.8842e-01  (286862 s)
2026-10-05 00:44:15,481 stage2 epoch 164600  loss 9.1558e-02  mse 9.1539e-02  pinn 1.8734e-01  (287020 s)
2026-10-05 00:46:54,283 stage2 epoch 164700  loss 6.6870e-02  mse 6.6852e-02  pinn 1.8729e-01  (287179 s)
2026-10-05 00:49:39,040 stage2 epoch 164800  loss 5.6663e-02  mse 5.6644e-02  pinn 1.8786e-01  (287344 s)
2026-10-05 00:52:14,534 stage2 epoch 164900  loss 9.0934e-02  mse 9.0915e-02  pinn 1.8713e-01  (287499 s)
2026-10-05 00:54:51,651 stage2 epoch 165000  loss 6.3880e-02  mse 6.3861e-02  pinn 1.8765e-01  (287656 s)
2026-10-05 00:54:51,667 stage 2 archive stage2_S2_seed0_200k_epoch165000.pt  sha256 41f0ef808fedea51e2f01050ed3e7db269b4e4ee409ef2d24b14fa763a64ea0d
2026-10-05 00:57:34,166 stage2 epoch 165100  loss 5.9333e-02  mse 5.9314e-02  pinn 1.8745e-01  (287819 s)
2026-10-05 01:00:10,340 stage2 epoch 165200  loss 9.2598e-02  mse 9.2580e-02  pinn 1.8705e-01  (287975 s)
2026-10-05 01:02:48,315 stage2 epoch 165300  loss 6.4728e-02  mse 6.4709e-02  pinn 1.8754e-01  (288133 s)
2026-10-05 01:05:22,208 stage2 epoch 165400  loss 6.1017e-02  mse 6.0998e-02  pinn 1.8721e-01  (288287 s)
2026-10-05 01:07:56,896 stage2 epoch 165500  loss 9.4618e-02  mse 9.4599e-02  pinn 1.8665e-01  (288441 s)
2026-10-05 01:10:26,553 stage2 epoch 165600  loss 6.8725e-02  mse 6.8707e-02  pinn 1.8718e-01  (288591 s)
2026-10-05 01:12:58,339 stage2 epoch 165700  loss 6.0528e-02  mse 6.0510e-02  pinn 1.8755e-01  (288743 s)
2026-10-05 01:15:36,889 stage2 epoch 165800  loss 1.0325e-01  mse 1.0323e-01  pinn 1.8617e-01  (288901 s)
2026-10-05 01:18:04,909 stage2 epoch 165900  loss 6.6032e-02  mse 6.6013e-02  pinn 1.8641e-01  (289049 s)
2026-10-05 01:20:36,883 stage2 epoch 166000  loss 5.9510e-02  mse 5.9492e-02  pinn 1.8692e-01  (289201 s)
2026-10-05 01:23:07,001 stage2 epoch 166100  loss 9.5302e-02  mse 9.5283e-02  pinn 1.8611e-01  (289352 s)
2026-10-05 01:25:40,500 stage2 epoch 166200  loss 7.2810e-02  mse 7.2791e-02  pinn 1.8678e-01  (289505 s)
2026-10-05 01:28:12,443 stage2 epoch 166300  loss 5.5718e-02  mse 5.5699e-02  pinn 1.8736e-01  (289657 s)
2026-10-05 01:30:39,275 stage2 epoch 166400  loss 9.2551e-02  mse 9.2532e-02  pinn 1.8632e-01  (289804 s)
2026-10-05 01:33:09,110 stage2 epoch 166500  loss 7.3681e-02  mse 7.3662e-02  pinn 1.8696e-01  (289954 s)
2026-10-05 01:35:43,213 stage2 epoch 166600  loss 5.5091e-02  mse 5.5072e-02  pinn 1.8713e-01  (290108 s)
2026-10-05 01:38:17,062 stage2 epoch 166700  loss 9.2943e-02  mse 9.2925e-02  pinn 1.8616e-01  (290262 s)
2026-10-05 01:40:50,783 stage2 epoch 166800  loss 7.3749e-02  mse 7.3730e-02  pinn 1.8661e-01  (290415 s)
2026-10-05 01:43:28,990 stage2 epoch 166900  loss 5.5703e-02  mse 5.5684e-02  pinn 1.8678e-01  (290574 s)
2026-10-05 01:46:49,764 stage2 epoch 167000  loss 9.3763e-02  mse 9.3744e-02  pinn 1.8579e-01  (290774 s)
2026-10-05 01:49:48,352 stage2 epoch 167100  loss 7.1092e-02  mse 7.1073e-02  pinn 1.8571e-01  (290953 s)
2026-10-05 01:52:49,215 stage2 epoch 167200  loss 6.1329e-02  mse 6.1311e-02  pinn 1.8595e-01  (291134 s)
2026-10-05 01:55:24,367 stage2 epoch 167300  loss 1.0627e-01  mse 1.0625e-01  pinn 1.8491e-01  (291289 s)
2026-10-05 01:58:08,801 stage2 epoch 167400  loss 6.3499e-02  mse 6.3480e-02  pinn 1.8558e-01  (291453 s)
2026-10-05 02:00:54,843 stage2 epoch 167500  loss 5.9003e-02  mse 5.8984e-02  pinn 1.8643e-01  (291619 s)
2026-10-05 02:03:42,418 stage2 epoch 167600  loss 8.7505e-02  mse 8.7487e-02  pinn 1.8540e-01  (291787 s)
2026-10-05 02:06:22,015 stage2 epoch 167700  loss 7.2902e-02  mse 7.2884e-02  pinn 1.8613e-01  (291947 s)
2026-10-05 02:09:01,111 stage2 epoch 167800  loss 5.6087e-02  mse 5.6069e-02  pinn 1.8618e-01  (292106 s)
2026-10-05 02:11:32,764 stage2 epoch 167900  loss 1.0610e-01  mse 1.0608e-01  pinn 1.8455e-01  (292257 s)
2026-10-05 02:14:07,037 stage2 epoch 168000  loss 6.3452e-02  mse 6.3434e-02  pinn 1.8515e-01  (292412 s)
2026-10-05 02:16:41,462 stage2 epoch 168100  loss 5.8408e-02  mse 5.8390e-02  pinn 1.8601e-01  (292566 s)
2026-10-05 02:19:27,696 stage2 epoch 168200  loss 8.7242e-02  mse 8.7224e-02  pinn 1.8496e-01  (292732 s)
2026-10-05 02:22:00,388 stage2 epoch 168300  loss 7.2422e-02  mse 7.2403e-02  pinn 1.8569e-01  (292885 s)
2026-10-05 02:24:29,597 stage2 epoch 168400  loss 5.6036e-02  mse 5.6018e-02  pinn 1.8576e-01  (293034 s)
2026-10-05 02:27:00,488 stage2 epoch 168500  loss 1.0625e-01  mse 1.0624e-01  pinn 1.8410e-01  (293185 s)
2026-10-05 02:29:37,289 stage2 epoch 168600  loss 6.3328e-02  mse 6.3309e-02  pinn 1.8472e-01  (293342 s)
2026-10-05 02:32:16,198 stage2 epoch 168700  loss 5.8312e-02  mse 5.8293e-02  pinn 1.8557e-01  (293501 s)
2026-10-05 02:34:45,526 stage2 epoch 168800  loss 8.7291e-02  mse 8.7273e-02  pinn 1.8447e-01  (293650 s)
2026-10-05 02:37:14,839 stage2 epoch 168900  loss 7.2286e-02  mse 7.2268e-02  pinn 1.8523e-01  (293799 s)
2026-10-05 02:39:43,702 stage2 epoch 169000  loss 5.5848e-02  mse 5.5829e-02  pinn 1.8533e-01  (293948 s)
2026-10-05 02:42:12,639 stage2 epoch 169100  loss 1.0602e-01  mse 1.0600e-01  pinn 1.8366e-01  (294097 s)
2026-10-05 02:44:41,759 stage2 epoch 169200  loss 6.3134e-02  mse 6.3115e-02  pinn 1.8428e-01  (294246 s)
2026-10-05 02:47:11,194 stage2 epoch 169300  loss 5.8092e-02  mse 5.8073e-02  pinn 1.8511e-01  (294396 s)
2026-10-05 02:49:40,053 stage2 epoch 169400  loss 8.7056e-02  mse 8.7038e-02  pinn 1.8400e-01  (294544 s)
2026-10-05 02:52:09,303 stage2 epoch 169500  loss 7.2045e-02  mse 7.2026e-02  pinn 1.8478e-01  (294694 s)
2026-10-05 02:54:38,226 stage2 epoch 169600  loss 5.5746e-02  mse 5.5728e-02  pinn 1.8490e-01  (294843 s)
2026-10-05 02:57:07,351 stage2 epoch 169700  loss 1.0585e-01  mse 1.0583e-01  pinn 1.8322e-01  (294992 s)
2026-10-05 02:59:36,676 stage2 epoch 169800  loss 6.3086e-02  mse 6.3067e-02  pinn 1.8384e-01  (295141 s)
2026-10-05 03:02:06,478 stage2 epoch 169900  loss 5.7932e-02  mse 5.7913e-02  pinn 1.8466e-01  (295291 s)
2026-10-05 03:04:36,022 stage2 epoch 170000  loss 8.6924e-02  mse 8.6906e-02  pinn 1.8352e-01  (295440 s)
2026-10-05 03:04:36,037 stage 2 archive stage2_S2_seed0_200k_epoch170000.pt  sha256 095be4b67a8bedc8ccaf3bb0a394c0f97dca620050829ad3647c2e1a83375f48
2026-10-05 03:07:08,068 stage2 epoch 170100  loss 7.1749e-02  mse 7.1731e-02  pinn 1.8431e-01  (295592 s)
2026-10-05 03:09:36,714 stage2 epoch 170200  loss 5.5560e-02  mse 5.5542e-02  pinn 1.8447e-01  (295741 s)
2026-10-05 03:12:05,109 stage2 epoch 170300  loss 1.0562e-01  mse 1.0560e-01  pinn 1.8279e-01  (295889 s)
2026-10-05 03:14:34,614 stage2 epoch 170400  loss 6.2928e-02  mse 6.2910e-02  pinn 1.8341e-01  (296039 s)
2026-10-05 03:17:04,810 stage2 epoch 170500  loss 5.7734e-02  mse 5.7716e-02  pinn 1.8421e-01  (296189 s)
2026-10-05 03:19:34,551 stage2 epoch 170600  loss 8.6716e-02  mse 8.6698e-02  pinn 1.8306e-01  (296339 s)
2026-10-05 03:22:04,376 stage2 epoch 170700  loss 7.1586e-02  mse 7.1568e-02  pinn 1.8385e-01  (296489 s)
2026-10-05 03:24:34,488 stage2 epoch 170800  loss 5.5426e-02  mse 5.5408e-02  pinn 1.8404e-01  (296639 s)
2026-10-05 03:27:05,199 stage2 epoch 170900  loss 1.0531e-01  mse 1.0529e-01  pinn 1.8237e-01  (296790 s)
2026-10-05 03:29:35,162 stage2 epoch 171000  loss 6.2837e-02  mse 6.2819e-02  pinn 1.8296e-01  (296939 s)
2026-10-05 03:32:05,745 stage2 epoch 171100  loss 5.7573e-02  mse 5.7555e-02  pinn 1.8376e-01  (297090 s)
2026-10-05 03:34:36,740 stage2 epoch 171200  loss 8.6605e-02  mse 8.6587e-02  pinn 1.8259e-01  (297241 s)
2026-10-05 03:37:07,172 stage2 epoch 171300  loss 7.1282e-02  mse 7.1264e-02  pinn 1.8339e-01  (297392 s)
2026-10-05 03:39:38,501 stage2 epoch 171400  loss 5.5305e-02  mse 5.5286e-02  pinn 1.8361e-01  (297543 s)
2026-10-05 03:42:09,110 stage2 epoch 171500  loss 1.0532e-01  mse 1.0530e-01  pinn 1.8194e-01  (297693 s)
2026-10-05 03:44:39,550 stage2 epoch 171600  loss 6.2656e-02  mse 6.2637e-02  pinn 1.8253e-01  (297844 s)
2026-10-05 03:47:10,613 stage2 epoch 171700  loss 5.7309e-02  mse 5.7291e-02  pinn 1.8331e-01  (297995 s)
2026-10-05 03:49:41,566 stage2 epoch 171800  loss 8.6612e-02  mse 8.6593e-02  pinn 1.8213e-01  (298146 s)
2026-10-05 03:52:12,165 stage2 epoch 171900  loss 7.1044e-02  mse 7.1026e-02  pinn 1.8295e-01  (298297 s)
2026-10-05 03:54:42,573 stage2 epoch 172000  loss 5.5205e-02  mse 5.5187e-02  pinn 1.8319e-01  (298447 s)
2026-10-05 03:57:12,975 stage2 epoch 172100  loss 1.0534e-01  mse 1.0533e-01  pinn 1.8152e-01  (298597 s)
2026-10-05 03:59:43,266 stage2 epoch 172200  loss 6.2361e-02  mse 6.2342e-02  pinn 1.8211e-01  (298748 s)
2026-10-05 04:02:13,276 stage2 epoch 172300  loss 5.7137e-02  mse 5.7119e-02  pinn 1.8287e-01  (298898 s)
2026-10-05 04:04:44,080 stage2 epoch 172400  loss 8.6437e-02  mse 8.6419e-02  pinn 1.8167e-01  (299048 s)
2026-10-05 04:07:16,051 stage2 epoch 172500  loss 7.0710e-02  mse 7.0692e-02  pinn 1.8250e-01  (299200 s)
2026-10-05 04:09:46,957 stage2 epoch 172600  loss 5.5087e-02  mse 5.5069e-02  pinn 1.8276e-01  (299351 s)
2026-10-05 04:12:17,697 stage2 epoch 172700  loss 1.0493e-01  mse 1.0491e-01  pinn 1.8109e-01  (299502 s)
2026-10-05 04:14:48,608 stage2 epoch 172800  loss 6.2192e-02  mse 6.2174e-02  pinn 1.8168e-01  (299653 s)
2026-10-05 04:17:20,293 stage2 epoch 172900  loss 5.6902e-02  mse 5.6884e-02  pinn 1.8243e-01  (299805 s)
2026-10-05 04:19:51,005 stage2 epoch 173000  loss 8.6471e-02  mse 8.6453e-02  pinn 1.8121e-01  (299955 s)
2026-10-05 04:22:22,846 stage2 epoch 173100  loss 7.0456e-02  mse 7.0438e-02  pinn 1.8207e-01  (300107 s)
2026-10-05 04:24:55,795 stage2 epoch 173200  loss 5.4992e-02  mse 5.4974e-02  pinn 1.8235e-01  (300260 s)
2026-10-05 04:27:27,567 stage2 epoch 173300  loss 1.0497e-01  mse 1.0495e-01  pinn 1.8067e-01  (300412 s)
2026-10-05 04:29:58,757 stage2 epoch 173400  loss 6.1988e-02  mse 6.1970e-02  pinn 1.8126e-01  (300563 s)
2026-10-05 04:32:30,689 stage2 epoch 173500  loss 5.6574e-02  mse 5.6556e-02  pinn 1.8199e-01  (300715 s)
2026-10-05 04:35:02,566 stage2 epoch 173600  loss 8.6268e-02  mse 8.6250e-02  pinn 1.8078e-01  (300867 s)
2026-10-05 04:37:34,111 stage2 epoch 173700  loss 7.0043e-02  mse 7.0024e-02  pinn 1.8164e-01  (301019 s)
2026-10-05 04:40:06,255 stage2 epoch 173800  loss 5.4953e-02  mse 5.4935e-02  pinn 1.8195e-01  (301171 s)
2026-10-05 04:42:38,077 stage2 epoch 173900  loss 1.0479e-01  mse 1.0477e-01  pinn 1.8027e-01  (301322 s)
2026-10-05 04:45:09,847 stage2 epoch 174000  loss 6.1862e-02  mse 6.1844e-02  pinn 1.8085e-01  (301474 s)
2026-10-05 04:47:41,781 stage2 epoch 174100  loss 5.6354e-02  mse 5.6335e-02  pinn 1.8157e-01  (301626 s)
2026-10-05 04:50:14,366 stage2 epoch 174200  loss 8.6299e-02  mse 8.6281e-02  pinn 1.8034e-01  (301779 s)
2026-10-05 04:52:45,814 stage2 epoch 174300  loss 6.9648e-02  mse 6.9630e-02  pinn 1.8123e-01  (301930 s)
2026-10-05 04:55:17,353 stage2 epoch 174400  loss 5.4887e-02  mse 5.4869e-02  pinn 1.8155e-01  (302082 s)
2026-10-05 04:57:49,337 stage2 epoch 174500  loss 1.0449e-01  mse 1.0447e-01  pinn 1.7986e-01  (302234 s)
2026-10-05 05:00:21,440 stage2 epoch 174600  loss 6.1744e-02  mse 6.1726e-02  pinn 1.8044e-01  (302386 s)
2026-10-05 05:02:52,817 stage2 epoch 174700  loss 5.6069e-02  mse 5.6051e-02  pinn 1.8116e-01  (302537 s)
2026-10-05 05:05:25,298 stage2 epoch 174800  loss 8.6325e-02  mse 8.6307e-02  pinn 1.7991e-01  (302690 s)
2026-10-05 05:07:56,976 stage2 epoch 174900  loss 6.9331e-02  mse 6.9313e-02  pinn 1.8083e-01  (302841 s)
2026-10-05 05:10:30,188 stage2 epoch 175000  loss 5.4934e-02  mse 5.4916e-02  pinn 1.8116e-01  (302995 s)
2026-10-05 05:10:30,204 stage 2 archive stage2_S2_seed0_200k_epoch175000.pt  sha256 e1c7e4eb59471b0e4303b9950e5ecf49b2d8660cec8a0a3838aa3a0ee990c75d
2026-10-05 05:13:01,857 stage2 epoch 175100  loss 1.0448e-01  mse 1.0446e-01  pinn 1.7945e-01  (303146 s)
2026-10-05 05:15:33,796 stage2 epoch 175200  loss 6.1644e-02  mse 6.1626e-02  pinn 1.8003e-01  (303298 s)
2026-10-05 05:18:05,688 stage2 epoch 175300  loss 5.5806e-02  mse 5.5787e-02  pinn 1.8075e-01  (303450 s)
2026-10-05 05:20:36,259 stage2 epoch 175400  loss 8.6160e-02  mse 8.6142e-02  pinn 1.7949e-01  (303601 s)
2026-10-05 05:23:07,760 stage2 epoch 175500  loss 6.8948e-02  mse 6.8930e-02  pinn 1.8046e-01  (303752 s)
2026-10-05 05:25:40,735 stage2 epoch 175600  loss 5.4961e-02  mse 5.4943e-02  pinn 1.8078e-01  (303905 s)
2026-10-05 05:28:12,620 stage2 epoch 175700  loss 1.0430e-01  mse 1.0428e-01  pinn 1.7898e-01  (304057 s)
2026-10-05 05:30:44,338 stage2 epoch 175800  loss 6.1682e-02  mse 6.1664e-02  pinn 1.7962e-01  (304209 s)
2026-10-05 05:33:15,869 stage2 epoch 175900  loss 5.6242e-02  mse 5.6224e-02  pinn 1.8031e-01  (304360 s)
2026-10-05 05:35:47,018 stage2 epoch 176000  loss 8.7390e-02  mse 8.7372e-02  pinn 1.7904e-01  (304511 s)
2026-10-05 05:38:19,350 stage2 epoch 176100  loss 6.9208e-02  mse 6.9190e-02  pinn 1.8011e-01  (304664 s)
2026-10-05 05:40:51,500 stage2 epoch 176200  loss 5.4048e-02  mse 5.4030e-02  pinn 1.8040e-01  (304816 s)
2026-10-05 05:43:23,388 stage2 epoch 176300  loss 1.0030e-01  mse 1.0028e-01  pinn 1.7844e-01  (304968 s)
2026-10-05 05:45:55,415 stage2 epoch 176400  loss 6.1723e-02  mse 6.1705e-02  pinn 1.7930e-01  (305120 s)
2026-10-05 05:48:28,295 stage2 epoch 176500  loss 5.7254e-02  mse 5.7236e-02  pinn 1.7981e-01  (305273 s)
2026-10-05 05:51:00,929 stage2 epoch 176600  loss 9.0652e-02  mse 9.0635e-02  pinn 1.7850e-01  (305425 s)
2026-10-05 05:53:33,638 stage2 epoch 176700  loss 6.4576e-02  mse 6.4558e-02  pinn 1.7924e-01  (305578 s)
2026-10-05 05:56:06,279 stage2 epoch 176800  loss 5.5396e-02  mse 5.5378e-02  pinn 1.7969e-01  (305731 s)
2026-10-05 05:58:39,538 stage2 epoch 176900  loss 9.1603e-02  mse 9.1585e-02  pinn 1.7813e-01  (305884 s)
2026-10-05 06:01:12,104 stage2 epoch 177000  loss 6.1945e-02  mse 6.1927e-02  pinn 1.7939e-01  (306037 s)
2026-10-05 06:03:44,454 stage2 epoch 177100  loss 5.4015e-02  mse 5.3997e-02  pinn 1.7955e-01  (306189 s)
2026-10-05 06:06:17,672 stage2 epoch 177200  loss 9.9264e-02  mse 9.9246e-02  pinn 1.7804e-01  (306342 s)
2026-10-05 06:08:50,998 stage2 epoch 177300  loss 6.4264e-02  mse 6.4246e-02  pinn 1.7889e-01  (306495 s)
2026-10-05 06:11:24,939 stage2 epoch 177400  loss 5.4677e-02  mse 5.4659e-02  pinn 1.7940e-01  (306649 s)
2026-10-05 06:13:57,709 stage2 epoch 177500  loss 9.4535e-02  mse 9.4518e-02  pinn 1.7846e-01  (306802 s)
2026-10-05 06:16:32,424 stage2 epoch 177600  loss 6.7914e-02  mse 6.7896e-02  pinn 1.7869e-01  (306957 s)
2026-10-05 06:19:04,849 stage2 epoch 177700  loss 5.7647e-02  mse 5.7629e-02  pinn 1.7928e-01  (307109 s)
2026-10-05 06:21:37,794 stage2 epoch 177800  loss 9.4253e-02  mse 9.4235e-02  pinn 1.7768e-01  (307262 s)
2026-10-05 06:24:10,393 stage2 epoch 177900  loss 6.4276e-02  mse 6.4258e-02  pinn 1.7838e-01  (307415 s)
2026-10-05 06:26:43,130 stage2 epoch 178000  loss 6.0308e-02  mse 6.0291e-02  pinn 1.7834e-01  (307568 s)
2026-10-05 06:29:15,229 stage2 epoch 178100  loss 1.0509e-01  mse 1.0507e-01  pinn 1.7757e-01  (307720 s)
2026-10-05 06:31:47,316 stage2 epoch 178200  loss 6.2122e-02  mse 6.2104e-02  pinn 1.7825e-01  (307872 s)
2026-10-05 06:34:21,405 stage2 epoch 178300  loss 5.5059e-02  mse 5.5042e-02  pinn 1.7883e-01  (308026 s)
2026-10-05 06:36:53,375 stage2 epoch 178400  loss 9.2713e-02  mse 9.2695e-02  pinn 1.7716e-01  (308178 s)
2026-10-05 06:39:26,297 stage2 epoch 178500  loss 6.5340e-02  mse 6.5322e-02  pinn 1.7859e-01  (308331 s)
2026-10-05 06:41:59,321 stage2 epoch 178600  loss 5.2782e-02  mse 5.2764e-02  pinn 1.7889e-01  (308484 s)
2026-10-05 06:44:33,865 stage2 epoch 178700  loss 9.7233e-02  mse 9.7216e-02  pinn 1.7723e-01  (308638 s)
2026-10-05 06:47:07,235 stage2 epoch 178800  loss 6.3430e-02  mse 6.3412e-02  pinn 1.7796e-01  (308792 s)
2026-10-05 06:49:40,358 stage2 epoch 178900  loss 5.3271e-02  mse 5.3253e-02  pinn 1.7846e-01  (308945 s)
2026-10-05 06:52:13,744 stage2 epoch 179000  loss 8.6433e-02  mse 8.6415e-02  pinn 1.7767e-01  (309098 s)
2026-10-05 06:54:47,389 stage2 epoch 179100  loss 6.6884e-02  mse 6.6866e-02  pinn 1.7805e-01  (309252 s)
2026-10-05 06:57:21,012 stage2 epoch 179200  loss 5.4656e-02  mse 5.4638e-02  pinn 1.7835e-01  (309405 s)
2026-10-05 06:59:53,852 stage2 epoch 179300  loss 9.4283e-02  mse 9.4266e-02  pinn 1.7675e-01  (309558 s)
2026-10-05 07:02:29,349 stage2 epoch 179400  loss 6.4096e-02  mse 6.4079e-02  pinn 1.7742e-01  (309714 s)
2026-10-05 07:05:03,676 stage2 epoch 179500  loss 5.8296e-02  mse 5.8278e-02  pinn 1.7762e-01  (309868 s)
2026-10-05 07:07:37,780 stage2 epoch 179600  loss 9.0100e-02  mse 9.0082e-02  pinn 1.7659e-01  (310022 s)
2026-10-05 07:10:11,494 stage2 epoch 179700  loss 6.2986e-02  mse 6.2968e-02  pinn 1.7746e-01  (310176 s)
2026-10-05 07:12:44,789 stage2 epoch 179800  loss 5.4150e-02  mse 5.4132e-02  pinn 1.7789e-01  (310329 s)
2026-10-05 07:15:20,239 stage2 epoch 179900  loss 9.0622e-02  mse 9.0604e-02  pinn 1.7649e-01  (310485 s)
2026-10-05 07:17:54,117 stage2 epoch 180000  loss 6.7813e-02  mse 6.7795e-02  pinn 1.7768e-01  (310639 s)
2026-10-05 07:17:54,125 stage 2 archive stage2_S2_seed0_200k_epoch180000.pt  sha256 b99de55dff419a1fa8aacc05a0eac3d33d3831c5a3507d4f8c32a192ea0c9222
2026-10-05 07:20:26,924 stage2 epoch 180100  loss 5.6397e-02  mse 5.6379e-02  pinn 1.7780e-01  (310791 s)
2026-10-05 07:23:01,687 stage2 epoch 180200  loss 9.4887e-02  mse 9.4869e-02  pinn 1.7622e-01  (310946 s)
2026-10-05 07:25:36,032 stage2 epoch 180300  loss 6.2981e-02  mse 6.2963e-02  pinn 1.7710e-01  (311101 s)
2026-10-05 07:28:10,263 stage2 epoch 180400  loss 5.4116e-02  mse 5.4098e-02  pinn 1.7754e-01  (311255 s)
2026-10-05 07:30:44,109 stage2 epoch 180500  loss 9.1986e-02  mse 9.1969e-02  pinn 1.7605e-01  (311409 s)
2026-10-05 07:33:17,995 stage2 epoch 180600  loss 6.5704e-02  mse 6.5687e-02  pinn 1.7704e-01  (311562 s)
2026-10-05 07:35:52,077 stage2 epoch 180700  loss 5.6302e-02  mse 5.6285e-02  pinn 1.7735e-01  (311717 s)
2026-10-05 07:38:26,447 stage2 epoch 180800  loss 9.2718e-02  mse 9.2701e-02  pinn 1.7580e-01  (311871 s)
2026-10-05 07:41:00,268 stage2 epoch 180900  loss 6.3144e-02  mse 6.3126e-02  pinn 1.7689e-01  (312025 s)
2026-10-05 07:43:34,374 stage2 epoch 181000  loss 5.4309e-02  mse 5.4291e-02  pinn 1.7729e-01  (312179 s)
2026-10-05 07:46:08,592 stage2 epoch 181100  loss 9.2855e-02  mse 9.2838e-02  pinn 1.7575e-01  (312333 s)
2026-10-05 07:48:42,912 stage2 epoch 181200  loss 6.3172e-02  mse 6.3155e-02  pinn 1.7671e-01  (312487 s)
2026-10-05 07:51:19,299 stage2 epoch 181300  loss 5.4086e-02  mse 5.4068e-02  pinn 1.7713e-01  (312644 s)
2026-10-05 07:53:53,755 stage2 epoch 181400  loss 9.2607e-02  mse 9.2589e-02  pinn 1.7566e-01  (312798 s)
2026-10-05 07:56:29,347 stage2 epoch 181500  loss 6.3630e-02  mse 6.3612e-02  pinn 1.7671e-01  (312954 s)
2026-10-05 07:59:03,870 stage2 epoch 181600  loss 5.3920e-02  mse 5.3902e-02  pinn 1.7718e-01  (313108 s)
2026-10-05 08:01:40,460 stage2 epoch 181700  loss 1.0318e-01  mse 1.0316e-01  pinn 1.7746e-01  (313265 s)
2026-10-05 08:04:14,713 stage2 epoch 181800  loss 5.5389e-02  mse 5.5371e-02  pinn 1.7705e-01  (313419 s)
2026-10-05 08:06:49,945 stage2 epoch 181900  loss 4.9735e-02  mse 4.9717e-02  pinn 1.7621e-01  (313574 s)
2026-10-05 08:09:24,611 stage2 epoch 182000  loss 9.9636e-02  mse 9.9618e-02  pinn 1.7782e-01  (313729 s)
2026-10-05 08:11:59,097 stage2 epoch 182100  loss 7.2604e-02  mse 7.2586e-02  pinn 1.7668e-01  (313884 s)
2026-10-05 08:14:34,013 stage2 epoch 182200  loss 6.0406e-02  mse 6.0388e-02  pinn 1.7701e-01  (314039 s)
2026-10-05 08:17:09,712 stage2 epoch 182300  loss 8.1857e-02  mse 8.1839e-02  pinn 1.7502e-01  (314194 s)
2026-10-05 08:19:43,642 stage2 epoch 182400  loss 5.7286e-02  mse 5.7268e-02  pinn 1.7618e-01  (314348 s)
2026-10-05 08:22:18,295 stage2 epoch 182500  loss 5.1893e-02  mse 5.1876e-02  pinn 1.7610e-01  (314503 s)
2026-10-05 08:24:53,309 stage2 epoch 182600  loss 1.0862e-01  mse 1.0860e-01  pinn 1.7837e-01  (314658 s)
2026-10-05 08:27:28,266 stage2 epoch 182700  loss 6.7906e-02  mse 6.7888e-02  pinn 1.7728e-01  (314813 s)
2026-10-05 08:30:02,933 stage2 epoch 182800  loss 5.2632e-02  mse 5.2614e-02  pinn 1.7716e-01  (314967 s)
2026-10-05 08:32:38,270 stage2 epoch 182900  loss 8.6806e-02  mse 8.6788e-02  pinn 1.7580e-01  (315123 s)
2026-10-05 08:35:12,851 stage2 epoch 183000  loss 7.8383e-02  mse 7.8365e-02  pinn 1.7612e-01  (315277 s)
2026-10-05 08:37:48,221 stage2 epoch 183100  loss 5.7806e-02  mse 5.7788e-02  pinn 1.7667e-01  (315433 s)
2026-10-05 08:40:23,461 stage2 epoch 183200  loss 1.1431e-01  mse 1.1430e-01  pinn 1.7587e-01  (315588 s)
2026-10-05 08:42:58,792 stage2 epoch 183300  loss 5.7465e-02  mse 5.7448e-02  pinn 1.7641e-01  (315743 s)
2026-10-05 08:45:33,966 stage2 epoch 183400  loss 6.4357e-02  mse 6.4339e-02  pinn 1.7676e-01  (315898 s)
2026-10-05 08:48:09,340 stage2 epoch 183500  loss 1.0659e-01  mse 1.0657e-01  pinn 1.7513e-01  (316054 s)
2026-10-05 08:50:46,028 stage2 epoch 183600  loss 6.4890e-02  mse 6.4873e-02  pinn 1.7671e-01  (316211 s)
2026-10-05 08:53:20,746 stage2 epoch 183700  loss 5.6498e-02  mse 5.6480e-02  pinn 1.7576e-01  (316365 s)
2026-10-05 08:55:55,773 stage2 epoch 183800  loss 7.9487e-02  mse 7.9470e-02  pinn 1.7507e-01  (316520 s)
2026-10-05 08:58:30,878 stage2 epoch 183900  loss 7.0847e-02  mse 7.0830e-02  pinn 1.7621e-01  (316675 s)
2026-10-05 09:01:05,942 stage2 epoch 184000  loss 5.3758e-02  mse 5.3740e-02  pinn 1.7520e-01  (316830 s)
2026-10-05 09:03:42,287 stage2 epoch 184100  loss 9.6736e-02  mse 9.6718e-02  pinn 1.7471e-01  (316987 s)
2026-10-05 09:06:17,219 stage2 epoch 184200  loss 7.4878e-02  mse 7.4861e-02  pinn 1.7603e-01  (317142 s)
2026-10-05 09:08:52,731 stage2 epoch 184300  loss 6.2830e-02  mse 6.2813e-02  pinn 1.7586e-01  (317297 s)
2026-10-05 09:11:28,098 stage2 epoch 184400  loss 7.2678e-02  mse 7.2660e-02  pinn 1.7433e-01  (317453 s)
2026-10-05 09:14:03,562 stage2 epoch 184500  loss 7.4630e-02  mse 7.4612e-02  pinn 1.7577e-01  (317608 s)
2026-10-05 09:16:40,125 stage2 epoch 184600  loss 4.9740e-02  mse 4.9722e-02  pinn 1.7681e-01  (317765 s)
2026-10-05 09:19:14,740 stage2 epoch 184700  loss 7.1152e-02  mse 7.1135e-02  pinn 1.7477e-01  (317919 s)
2026-10-05 09:21:49,314 stage2 epoch 184800  loss 7.1418e-02  mse 7.1401e-02  pinn 1.7571e-01  (318074 s)
2026-10-05 09:24:24,680 stage2 epoch 184900  loss 5.8543e-02  mse 5.8525e-02  pinn 1.7605e-01  (318229 s)
2026-10-05 09:26:59,785 stage2 epoch 185000  loss 1.0309e-01  mse 1.0307e-01  pinn 1.7598e-01  (318384 s)
2026-10-05 09:26:59,795 stage 2 archive stage2_S2_seed0_200k_epoch185000.pt  sha256 78b91b3c80d3db661ba55392882603ab2b100b1f72bedc09adb0403d40f81efb
2026-10-05 09:29:35,238 stage2 epoch 185100  loss 6.8387e-02  mse 6.8369e-02  pinn 1.7533e-01  (318540 s)
2026-10-05 09:32:11,140 stage2 epoch 185200  loss 6.5497e-02  mse 6.5479e-02  pinn 1.7651e-01  (318696 s)
2026-10-05 09:34:46,279 stage2 epoch 185300  loss 7.8119e-02  mse 7.8101e-02  pinn 1.7565e-01  (318851 s)
2026-10-05 09:37:21,577 stage2 epoch 185400  loss 7.0248e-02  mse 7.0230e-02  pinn 1.7549e-01  (319006 s)
2026-10-05 09:39:56,832 stage2 epoch 185500  loss 4.9430e-02  mse 4.9412e-02  pinn 1.7468e-01  (319161 s)
2026-10-05 09:42:32,330 stage2 epoch 185600  loss 1.0649e-01  mse 1.0647e-01  pinn 1.7561e-01  (319317 s)
2026-10-05 09:45:07,765 stage2 epoch 185700  loss 5.5408e-02  mse 5.5391e-02  pinn 1.7507e-01  (319472 s)
2026-10-05 09:47:43,190 stage2 epoch 185800  loss 6.3394e-02  mse 6.3376e-02  pinn 1.7468e-01  (319628 s)
2026-10-05 09:50:19,033 stage2 epoch 185900  loss 7.7966e-02  mse 7.7948e-02  pinn 1.7388e-01  (319784 s)
2026-10-05 09:53:06,620 stage2 epoch 186000  loss 7.6346e-02  mse 7.6328e-02  pinn 1.7537e-01  (319951 s)
2026-10-05 09:55:54,840 stage2 epoch 186100  loss 5.1019e-02  mse 5.1002e-02  pinn 1.7406e-01  (320119 s)
2026-10-05 09:58:38,276 stage2 epoch 186200  loss 1.0342e-01  mse 1.0340e-01  pinn 1.7614e-01  (320283 s)
2026-10-05 10:01:22,331 stage2 epoch 186300  loss 5.3381e-02  mse 5.3363e-02  pinn 1.7526e-01  (320447 s)
2026-10-05 10:04:03,124 stage2 epoch 186400  loss 4.9483e-02  mse 4.9466e-02  pinn 1.7442e-01  (320608 s)
2026-10-05 10:06:39,267 stage2 epoch 186500  loss 8.7894e-02  mse 8.7877e-02  pinn 1.7362e-01  (320764 s)
2026-10-05 10:09:15,332 stage2 epoch 186600  loss 7.7948e-02  mse 7.7931e-02  pinn 1.7371e-01  (320920 s)
2026-10-05 10:11:50,971 stage2 epoch 186700  loss 5.8333e-02  mse 5.8316e-02  pinn 1.7498e-01  (321076 s)
2026-10-05 10:14:27,108 stage2 epoch 186800  loss 1.1036e-01  mse 1.1035e-01  pinn 1.7440e-01  (321232 s)
2026-10-05 10:17:03,581 stage2 epoch 186900  loss 5.7257e-02  mse 5.7239e-02  pinn 1.7441e-01  (321388 s)
2026-10-05 10:19:39,022 stage2 epoch 187000  loss 6.2478e-02  mse 6.2460e-02  pinn 1.7578e-01  (321544 s)
2026-10-05 10:22:16,875 stage2 epoch 187100  loss 6.7465e-02  mse 6.7448e-02  pinn 1.7292e-01  (321701 s)
2026-10-05 10:24:57,945 stage2 epoch 187200  loss 5.4286e-02  mse 5.4269e-02  pinn 1.7425e-01  (321863 s)
2026-10-05 10:27:44,799 stage2 epoch 187300  loss 5.0112e-02  mse 5.0094e-02  pinn 1.7411e-01  (322029 s)
2026-10-05 10:30:32,682 stage2 epoch 187400  loss 9.1527e-02  mse 9.1510e-02  pinn 1.7306e-01  (322197 s)
2026-10-05 10:33:27,165 stage2 epoch 187500  loss 7.3170e-02  mse 7.3153e-02  pinn 1.7337e-01  (322372 s)
2026-10-05 10:36:19,630 stage2 epoch 187600  loss 6.3557e-02  mse 6.3540e-02  pinn 1.7461e-01  (322544 s)
2026-10-05 10:39:05,749 stage2 epoch 187700  loss 9.9197e-02  mse 9.9180e-02  pinn 1.7277e-01  (322710 s)
2026-10-05 10:41:53,102 stage2 epoch 187800  loss 5.4180e-02  mse 5.4162e-02  pinn 1.7416e-01  (322878 s)
2026-10-05 10:44:44,999 stage2 epoch 187900  loss 5.4698e-02  mse 5.4680e-02  pinn 1.7414e-01  (323050 s)
2026-10-05 10:47:37,035 stage2 epoch 188000  loss 9.7998e-02  mse 9.7981e-02  pinn 1.7285e-01  (323222 s)
2026-10-05 10:50:23,569 stage2 epoch 188100  loss 7.0851e-02  mse 7.0834e-02  pinn 1.7370e-01  (323388 s)
2026-10-05 10:53:16,957 stage2 epoch 188200  loss 4.8418e-02  mse 4.8401e-02  pinn 1.7326e-01  (323562 s)
2026-10-05 10:56:04,220 stage2 epoch 188300  loss 7.7425e-02  mse 7.7408e-02  pinn 1.7152e-01  (323729 s)
2026-10-05 10:58:56,548 stage2 epoch 188400  loss 5.5043e-02  mse 5.5025e-02  pinn 1.7244e-01  (323901 s)
2026-10-05 11:01:57,292 stage2 epoch 188500  loss 5.3615e-02  mse 5.3598e-02  pinn 1.7368e-01  (324082 s)
2026-10-05 11:05:03,912 stage2 epoch 188600  loss 7.1858e-02  mse 7.1841e-02  pinn 1.7325e-01  (324268 s)
2026-10-05 11:07:57,829 stage2 epoch 188700  loss 5.8793e-02  mse 5.8776e-02  pinn 1.7297e-01  (324442 s)
2026-10-05 11:10:36,616 stage2 epoch 188800  loss 5.9741e-02  mse 5.9724e-02  pinn 1.7205e-01  (324601 s)
2026-10-05 11:13:14,534 stage2 epoch 188900  loss 1.0786e-01  mse 1.0784e-01  pinn 1.7326e-01  (324759 s)
2026-10-05 11:15:52,418 stage2 epoch 189000  loss 7.4213e-02  mse 7.4196e-02  pinn 1.7331e-01  (324917 s)
2026-10-05 11:18:32,939 stage2 epoch 189100  loss 4.8612e-02  mse 4.8595e-02  pinn 1.7247e-01  (325077 s)
2026-10-05 11:21:10,945 stage2 epoch 189200  loss 8.3745e-02  mse 8.3728e-02  pinn 1.7086e-01  (325235 s)
2026-10-05 11:23:50,276 stage2 epoch 189300  loss 6.0978e-02  mse 6.0961e-02  pinn 1.7201e-01  (325395 s)
2026-10-05 11:26:31,005 stage2 epoch 189400  loss 4.8678e-02  mse 4.8660e-02  pinn 1.7351e-01  (325555 s)
2026-10-05 11:29:17,724 stage2 epoch 189500  loss 6.9369e-02  mse 6.9352e-02  pinn 1.7176e-01  (325722 s)
2026-10-05 11:32:08,681 stage2 epoch 189600  loss 5.2866e-02  mse 5.2849e-02  pinn 1.7153e-01  (325893 s)
2026-10-05 11:34:57,857 stage2 epoch 189700  loss 5.8807e-02  mse 5.8790e-02  pinn 1.7148e-01  (326062 s)
2026-10-05 11:37:45,964 stage2 epoch 189800  loss 8.3978e-02  mse 8.3960e-02  pinn 1.7324e-01  (326230 s)
2026-10-05 11:40:27,384 stage2 epoch 189900  loss 6.9882e-02  mse 6.9865e-02  pinn 1.7310e-01  (326392 s)
2026-10-05 11:43:18,748 stage2 epoch 190000  loss 5.3131e-02  mse 5.3114e-02  pinn 1.7180e-01  (326563 s)
2026-10-05 11:43:18,767 stage 2 archive stage2_S2_seed0_200k_epoch190000.pt  sha256 d6ca8453cde1007bcf2f85fde0d1e7baca256bc319e4e20a02b0a026c3fe5d55
2026-10-05 11:46:03,580 stage2 epoch 190100  loss 9.9239e-02  mse 9.9222e-02  pinn 1.7110e-01  (326728 s)
2026-10-05 11:48:57,591 stage2 epoch 190200  loss 7.1638e-02  mse 7.1621e-02  pinn 1.7170e-01  (326902 s)
2026-10-05 11:51:49,650 stage2 epoch 190300  loss 4.7952e-02  mse 4.7935e-02  pinn 1.7295e-01  (327074 s)
2026-10-05 11:54:37,350 stage2 epoch 190400  loss 7.5703e-02  mse 7.5686e-02  pinn 1.7039e-01  (327242 s)
2026-10-05 11:57:33,071 stage2 epoch 190500  loss 5.5355e-02  mse 5.5338e-02  pinn 1.7116e-01  (327418 s)
2026-10-05 12:00:29,805 stage2 epoch 190600  loss 5.2089e-02  mse 5.2072e-02  pinn 1.7219e-01  (327594 s)
2026-10-05 12:03:21,040 stage2 epoch 190700  loss 7.0486e-02  mse 7.0468e-02  pinn 1.7187e-01  (327765 s)
2026-10-05 12:06:09,656 stage2 epoch 190800  loss 5.7077e-02  mse 5.7059e-02  pinn 1.7166e-01  (327934 s)
2026-10-05 12:08:50,165 stage2 epoch 190900  loss 5.9475e-02  mse 5.9458e-02  pinn 1.7077e-01  (328095 s)
2026-10-05 12:11:39,588 stage2 epoch 191000  loss 1.0701e-01  mse 1.0700e-01  pinn 1.7159e-01  (328264 s)
2026-10-05 12:14:30,946 stage2 epoch 191100  loss 7.3886e-02  mse 7.3869e-02  pinn 1.7165e-01  (328435 s)
2026-10-05 12:17:24,995 stage2 epoch 191200  loss 4.8474e-02  mse 4.8457e-02  pinn 1.7141e-01  (328609 s)
2026-10-05 12:20:23,782 stage2 epoch 191300  loss 9.8400e-02  mse 9.8383e-02  pinn 1.7030e-01  (328788 s)
2026-10-05 12:23:18,489 stage2 epoch 191400  loss 7.2158e-02  mse 7.2141e-02  pinn 1.7127e-01  (328963 s)
2026-10-05 12:26:18,098 stage2 epoch 191500  loss 5.7588e-02  mse 5.7571e-02  pinn 1.7005e-01  (329142 s)
2026-10-05 12:29:00,254 stage2 epoch 191600  loss 6.9227e-02  mse 6.9210e-02  pinn 1.7069e-01  (329305 s)
2026-10-05 12:31:46,747 stage2 epoch 191700  loss 5.9881e-02  mse 5.9864e-02  pinn 1.7019e-01  (329471 s)
2026-10-05 12:34:28,260 stage2 epoch 191800  loss 4.8499e-02  mse 4.8481e-02  pinn 1.7108e-01  (329633 s)
2026-10-05 12:37:10,592 stage2 epoch 191900  loss 9.8610e-02  mse 9.8593e-02  pinn 1.7100e-01  (329795 s)
2026-10-05 12:39:52,699 stage2 epoch 192000  loss 5.6741e-02  mse 5.6724e-02  pinn 1.7078e-01  (329957 s)
2026-10-05 12:42:39,030 stage2 epoch 192100  loss 4.7941e-02  mse 4.7924e-02  pinn 1.7045e-01  (330123 s)
2026-10-05 12:45:25,736 stage2 epoch 192200  loss 8.5334e-02  mse 8.5317e-02  pinn 1.6925e-01  (330290 s)
2026-10-05 12:48:13,741 stage2 epoch 192300  loss 7.3372e-02  mse 7.3355e-02  pinn 1.7026e-01  (330458 s)
2026-10-05 12:51:06,189 stage2 epoch 192400  loss 5.7835e-02  mse 5.7818e-02  pinn 1.6933e-01  (330631 s)
2026-10-05 12:54:04,164 stage2 epoch 192500  loss 6.9232e-02  mse 6.9215e-02  pinn 1.6999e-01  (330808 s)
2026-10-05 12:56:59,268 stage2 epoch 192600  loss 6.0218e-02  mse 6.0201e-02  pinn 1.6966e-01  (330984 s)
2026-10-05 12:59:52,397 stage2 epoch 192700  loss 4.8294e-02  mse 4.8277e-02  pinn 1.7060e-01  (331157 s)
2026-10-05 13:02:47,516 stage2 epoch 192800  loss 9.6922e-02  mse 9.6905e-02  pinn 1.7036e-01  (331332 s)
2026-10-05 13:05:37,038 stage2 epoch 192900  loss 5.6371e-02  mse 5.6354e-02  pinn 1.7030e-01  (331501 s)
2026-10-05 13:08:26,828 stage2 epoch 193000  loss 4.7463e-02  mse 4.7446e-02  pinn 1.6986e-01  (331671 s)
2026-10-05 13:11:17,301 stage2 epoch 193100  loss 8.5380e-02  mse 8.5363e-02  pinn 1.6876e-01  (331842 s)
2026-10-05 13:14:03,407 stage2 epoch 193200  loss 7.2268e-02  mse 7.2251e-02  pinn 1.6947e-01  (332008 s)
2026-10-05 13:16:48,780 stage2 epoch 193300  loss 5.6961e-02  mse 5.6944e-02  pinn 1.6877e-01  (332173 s)
2026-10-05 13:19:36,004 stage2 epoch 193400  loss 6.9994e-02  mse 6.9977e-02  pinn 1.6948e-01  (332340 s)
2026-10-05 13:22:20,269 stage2 epoch 193500  loss 6.8629e-02  mse 6.8612e-02  pinn 1.6899e-01  (332505 s)
2026-10-05 13:25:04,139 stage2 epoch 193600  loss 5.0710e-02  mse 5.0693e-02  pinn 1.6982e-01  (332668 s)
2026-10-05 13:27:44,711 stage2 epoch 193700  loss 7.3234e-02  mse 7.3217e-02  pinn 1.6924e-01  (332829 s)
2026-10-05 13:30:24,992 stage2 epoch 193800  loss 5.4652e-02  mse 5.4635e-02  pinn 1.6927e-01  (332989 s)
2026-10-05 13:33:05,232 stage2 epoch 193900  loss 4.7297e-02  mse 4.7280e-02  pinn 1.7008e-01  (333150 s)
2026-10-05 13:35:55,721 stage2 epoch 194000  loss 1.0592e-01  mse 1.0590e-01  pinn 1.6928e-01  (333320 s)
2026-10-05 13:38:36,544 stage2 epoch 194100  loss 5.7678e-02  mse 5.7661e-02  pinn 1.6977e-01  (333481 s)
2026-10-05 13:41:15,843 stage2 epoch 194200  loss 4.7131e-02  mse 4.7114e-02  pinn 1.6897e-01  (333640 s)
2026-10-05 13:43:55,521 stage2 epoch 194300  loss 8.6806e-02  mse 8.6790e-02  pinn 1.6804e-01  (333800 s)
2026-10-05 13:46:42,459 stage2 epoch 194400  loss 6.8431e-02  mse 6.8414e-02  pinn 1.6895e-01  (333967 s)
2026-10-05 13:49:42,821 stage2 epoch 194500  loss 5.2956e-02  mse 5.2939e-02  pinn 1.6861e-01  (334147 s)
2026-10-05 13:52:24,917 stage2 epoch 194600  loss 7.5927e-02  mse 7.5910e-02  pinn 1.6809e-01  (334309 s)
2026-10-05 13:55:05,565 stage2 epoch 194700  loss 7.2703e-02  mse 7.2687e-02  pinn 1.6815e-01  (334470 s)
2026-10-05 13:57:46,679 stage2 epoch 194800  loss 5.6328e-02  mse 5.6312e-02  pinn 1.6814e-01  (334631 s)
2026-10-05 14:00:28,680 stage2 epoch 194900  loss 6.7775e-02  mse 6.7758e-02  pinn 1.6796e-01  (334793 s)
2026-10-05 14:03:08,533 stage2 epoch 195000  loss 6.7744e-02  mse 6.7727e-02  pinn 1.6797e-01  (334953 s)
2026-10-05 14:03:08,549 stage 2 archive stage2_S2_seed0_200k_epoch195000.pt  sha256 e52b52ec972ad62b1863764782d6199c9a804d3e8b61c1660334fe1eb6f1eb57
2026-10-05 14:05:49,568 stage2 epoch 195100  loss 5.0561e-02  mse 5.0544e-02  pinn 1.6848e-01  (335114 s)
2026-10-05 14:08:30,472 stage2 epoch 195200  loss 7.1223e-02  mse 7.1206e-02  pinn 1.6803e-01  (335275 s)
2026-10-05 14:11:11,207 stage2 epoch 195300  loss 5.5326e-02  mse 5.5309e-02  pinn 1.6809e-01  (335435 s)
2026-10-05 14:13:51,015 stage2 epoch 195400  loss 4.6785e-02  mse 4.6769e-02  pinn 1.6837e-01  (335595 s)
2026-10-05 14:16:30,259 stage2 epoch 195500  loss 8.8973e-02  mse 8.8956e-02  pinn 1.6824e-01  (335754 s)
2026-10-05 14:19:10,963 stage2 epoch 195600  loss 5.5528e-02  mse 5.5512e-02  pinn 1.6777e-01  (335915 s)
2026-10-05 14:21:50,673 stage2 epoch 195700  loss 4.6974e-02  mse 4.6957e-02  pinn 1.6838e-01  (336075 s)
2026-10-05 14:24:30,250 stage2 epoch 195800  loss 1.0472e-01  mse 1.0470e-01  pinn 1.6820e-01  (336235 s)
2026-10-05 14:27:10,092 stage2 epoch 195900  loss 5.8389e-02  mse 5.8372e-02  pinn 1.6865e-01  (336394 s)
2026-10-05 14:29:49,842 stage2 epoch 196000  loss 4.6484e-02  mse 4.6467e-02  pinn 1.6756e-01  (336554 s)
2026-10-05 14:32:31,561 stage2 epoch 196100  loss 9.3248e-02  mse 9.3231e-02  pinn 1.6792e-01  (336716 s)
2026-10-05 14:35:15,107 stage2 epoch 196200  loss 6.3027e-02  mse 6.3010e-02  pinn 1.6803e-01  (336879 s)
2026-10-05 14:37:55,238 stage2 epoch 196300  loss 4.8000e-02  mse 4.7983e-02  pinn 1.6766e-01  (337039 s)
2026-10-05 14:40:35,233 stage2 epoch 196400  loss 8.6168e-02  mse 8.6151e-02  pinn 1.6697e-01  (337199 s)
2026-10-05 14:43:15,802 stage2 epoch 196500  loss 6.5510e-02  mse 6.5493e-02  pinn 1.6799e-01  (337360 s)
2026-10-05 14:45:57,710 stage2 epoch 196600  loss 4.9256e-02  mse 4.9239e-02  pinn 1.6733e-01  (337522 s)
2026-10-05 14:48:39,147 stage2 epoch 196700  loss 8.1346e-02  mse 8.1329e-02  pinn 1.6669e-01  (337683 s)
2026-10-05 14:51:18,114 stage2 epoch 196800  loss 6.8627e-02  mse 6.8610e-02  pinn 1.6608e-01  (337842 s)
2026-10-05 14:54:03,545 stage2 epoch 196900  loss 5.1493e-02  mse 5.1477e-02  pinn 1.6653e-01  (338008 s)
2026-10-05 14:57:22,233 stage2 epoch 197000  loss 7.4675e-02  mse 7.4658e-02  pinn 1.6654e-01  (338206 s)
2026-10-05 15:00:25,521 stage2 epoch 197100  loss 7.1184e-02  mse 7.1167e-02  pinn 1.6581e-01  (338390 s)
2026-10-05 15:03:26,345 stage2 epoch 197200  loss 5.4006e-02  mse 5.3989e-02  pinn 1.6609e-01  (338571 s)
2026-10-05 15:06:07,450 stage2 epoch 197300  loss 7.3590e-02  mse 7.3573e-02  pinn 1.6596e-01  (338732 s)
2026-10-05 15:08:48,211 stage2 epoch 197400  loss 7.2310e-02  mse 7.2294e-02  pinn 1.6594e-01  (338892 s)
2026-10-05 15:11:29,828 stage2 epoch 197500  loss 5.3008e-02  mse 5.2992e-02  pinn 1.6583e-01  (339054 s)
2026-10-05 15:14:10,697 stage2 epoch 197600  loss 6.6441e-02  mse 6.6424e-02  pinn 1.6567e-01  (339215 s)
2026-10-05 15:16:51,221 stage2 epoch 197700  loss 5.8768e-02  mse 5.8752e-02  pinn 1.6584e-01  (339375 s)
2026-10-05 15:19:31,685 stage2 epoch 197800  loss 4.9270e-02  mse 4.9253e-02  pinn 1.6627e-01  (339536 s)
2026-10-05 15:22:11,683 stage2 epoch 197900  loss 6.8194e-02  mse 6.8177e-02  pinn 1.6522e-01  (339696 s)
2026-10-05 15:25:13,226 stage2 epoch 198000  loss 5.5324e-02  mse 5.5308e-02  pinn 1.6582e-01  (339877 s)
2026-10-05 15:28:04,212 stage2 epoch 198100  loss 4.6213e-02  mse 4.6196e-02  pinn 1.6517e-01  (340048 s)
2026-10-05 15:31:01,356 stage2 epoch 198200  loss 9.2290e-02  mse 9.2274e-02  pinn 1.6602e-01  (340226 s)
2026-10-05 15:33:50,708 stage2 epoch 198300  loss 5.5863e-02  mse 5.5846e-02  pinn 1.6562e-01  (340395 s)
2026-10-05 15:36:38,843 stage2 epoch 198400  loss 4.6649e-02  mse 4.6632e-02  pinn 1.6663e-01  (340563 s)
2026-10-05 15:39:29,310 stage2 epoch 198500  loss 8.8652e-02  mse 8.8636e-02  pinn 1.6592e-01  (340734 s)
2026-10-05 15:42:18,624 stage2 epoch 198600  loss 6.7171e-02  mse 6.7155e-02  pinn 1.6599e-01  (340903 s)
2026-10-05 15:44:59,625 stage2 epoch 198700  loss 4.9205e-02  mse 4.9189e-02  pinn 1.6527e-01  (341064 s)
2026-10-05 15:47:48,470 stage2 epoch 198800  loss 8.0028e-02  mse 8.0012e-02  pinn 1.6525e-01  (341233 s)
2026-10-05 15:50:34,301 stage2 epoch 198900  loss 6.8453e-02  mse 6.8436e-02  pinn 1.6432e-01  (341399 s)
2026-10-05 15:53:33,062 stage2 epoch 199000  loss 5.2291e-02  mse 5.2274e-02  pinn 1.6478e-01  (341577 s)
2026-10-05 15:56:16,118 stage2 epoch 199100  loss 6.7071e-02  mse 6.7055e-02  pinn 1.6391e-01  (341740 s)
2026-10-05 15:59:09,004 stage2 epoch 199200  loss 6.0323e-02  mse 6.0307e-02  pinn 1.6412e-01  (341913 s)
2026-10-05 16:02:12,576 stage2 epoch 199300  loss 4.7915e-02  mse 4.7898e-02  pinn 1.6487e-01  (342097 s)
2026-10-05 16:05:01,885 stage2 epoch 199400  loss 8.0195e-02  mse 8.0178e-02  pinn 1.6464e-01  (342266 s)
2026-10-05 16:07:53,298 stage2 epoch 199500  loss 5.9707e-02  mse 5.9691e-02  pinn 1.6534e-01  (342438 s)
2026-10-05 16:10:37,422 stage2 epoch 199600  loss 4.5897e-02  mse 4.5880e-02  pinn 1.6393e-01  (342602 s)
2026-10-05 16:13:36,139 stage2 epoch 199700  loss 8.3328e-02  mse 8.3312e-02  pinn 1.6392e-01  (342780 s)
2026-10-05 16:16:49,266 stage2 epoch 199800  loss 6.8301e-02  mse 6.8285e-02  pinn 1.6333e-01  (342974 s)
2026-10-05 16:19:55,212 stage2 epoch 199900  loss 5.3855e-02  mse 5.3839e-02  pinn 1.6380e-01  (343159 s)
2026-10-05 16:22:42,461 stage2 epoch 200000  loss 6.3621e-02  mse 6.3605e-02  pinn 1.6370e-01  (343327 s)
