epoch,total_loss,mse_loss,test_mse_noisy,test_mse_clean,elapsed_seconds
0,6.540866851806641,6.540866851806641,6.801048278808594,6.801048278808594,0.1654
1,6.484057426452637,6.484057426452637,6.741093635559082,6.741093635559082,0.1663
2,6.4281110763549805,6.4281110763549805,6.682106018066406,6.682106018066406,0.1669
3,6.373015403747559,6.373015403747559,6.624002933502197,6.624002933502197,0.1675
4,6.318660736083984,6.318660736083984,6.566654205322266,6.566654205322266,0.1681
5,6.265007495880127,6.265007495880127,6.509915351867676,6.509915351867676,0.1686
6,6.2118377685546875,6.2118377685546875,6.45370626449585,6.45370626449585,0.1692
7,6.159201622009277,6.159201622009277,6.398045539855957,6.398045539855957,0.1698
8,6.107039451599121,6.107039451599121,6.342984676361084,6.342984676361084,0.1703
9,6.055324554443359,6.055324554443359,6.288217544555664,6.288217544555664,0.1709
10,6.0038557052612305,6.0038557052612305,6.233642578125,6.233642578125,0.1714
11,5.952630043029785,5.952630043029785,6.179251194000244,6.179251194000244,0.172
12,5.90165901184082,5.90165901184082,6.1250200271606445,6.1250200271606445,0.1725
13,5.851032257080078,5.851032257080078,6.07094669342041,6.07094669342041,0.173
14,5.80056095123291,5.80056095123291,6.016914367675781,6.016914367675781,0.1736
15,5.750258445739746,5.750258445739746,5.962953090667725,5.962953090667725,0.1741
16,5.700035572052002,5.700035572052002,5.909045219421387,5.909045219421387,0.1747
17,5.649658203125,5.649658203125,5.855151653289795,5.855151653289795,0.1752
18,5.599055290222168,5.599055290222168,5.801219940185547,5.801219940185547,0.1758
19,5.548340797424316,5.548340797424316,5.747203826904297,5.747203826904297,0.1763
20,5.497502326965332,5.497502326965332,5.693062782287598,5.693062782287598,0.1768
21,5.446475028991699,5.446475028991699,5.638737678527832,5.638737678527832,0.1773
22,5.395130157470703,5.395130157470703,5.584163665771484,5.584163665771484,0.1779
23,5.343451499938965,5.343451499938965,5.529327392578125,5.529327392578125,0.1784
24,5.291438102722168,5.291438102722168,5.474229335784912,5.474229335784912,0.1789
25,5.2390851974487305,5.2390851974487305,5.418423652648926,5.418423652648926,0.1794
26,5.1862473487854,5.1862473487854,5.362035751342773,5.362035751342773,0.18
27,5.132801055908203,5.132801055908203,5.305132865905762,5.305132865905762,0.1805
28,5.078896999359131,5.078896999359131,5.247715473175049,5.247715473175049,0.181
29,5.024345397949219,5.024345397949219,5.18963098526001,5.18963098526001,0.1815
30,4.969310283660889,4.969310283660889,5.130136013031006,5.130136013031006,0.1821
31,4.913512229919434,4.913512229919434,5.069934368133545,5.069934368133545,0.1826
32,4.857052326202393,4.857052326202393,5.0090742111206055,5.0090742111206055,0.1831
33,4.799689292907715,4.799689292907715,4.947545051574707,4.947545051574707,0.1836
34,4.741639137268066,4.741639137268066,4.885191917419434,4.885191917419434,0.1842
35,4.6829304695129395,4.6829304695129395,4.822161674499512,4.822161674499512,0.1847
36,4.623610496520996,4.623610496520996,4.758375644683838,4.758375644683838,0.1852
37,4.5636749267578125,4.5636749267578125,4.693848609924316,4.693848609924316,0.1857
38,4.502993583679199,4.502993583679199,4.6286139488220215,4.6286139488220215,0.1862
39,4.441643714904785,4.441643714904785,4.562671661376953,4.562671661376953,0.1868
40,4.379739284515381,4.379739284515381,4.495880126953125,4.495880126953125,0.1873
41,4.317291259765625,4.317291259765625,4.428043365478516,4.428043365478516,0.1878
42,4.254208564758301,4.254208564758301,4.359482765197754,4.359482765197754,0.1884
43,4.190312385559082,4.190312385559082,4.290238380432129,4.290238380432129,0.1891
44,4.125786304473877,4.125786304473877,4.220068454742432,4.220068454742432,0.1897
45,4.060674667358398,4.060674667358398,4.148661136627197,4.148661136627197,0.1902
46,3.9950110912323,3.9950110912323,4.076334476470947,4.076334476470947,0.1908
47,3.9288344383239746,3.9288344383239746,4.003325462341309,4.003325462341309,0.1913
48,3.861956834793091,3.861956834793091,3.9297187328338623,3.9297187328338623,0.1919
49,3.7947425842285156,3.7947425842285156,3.8555519580841064,3.8555519580841064,0.1924
50,3.7273457050323486,3.7273457050323486,3.7808938026428223,3.7808938026428223,0.193
51,3.6596126556396484,3.6596126556396484,3.7058053016662598,3.7058053016662598,0.1935
52,3.5917155742645264,3.5917155742645264,3.6301207542419434,3.6301207542419434,0.1941
53,3.5236976146698,3.5236976146698,3.554185390472412,3.554185390472412,0.1946
54,3.455571413040161,3.455571413040161,3.4780707359313965,3.4780707359313965,0.1951
55,3.387404203414917,3.387404203414917,3.4018523693084717,3.4018523693084717,0.1957
56,3.3192648887634277,3.3192648887634277,3.32562255859375,3.32562255859375,0.1962
57,3.2512409687042236,3.2512409687042236,3.249476671218872,3.249476671218872,0.1967
58,3.183448076248169,3.183448076248169,3.173520565032959,3.173520565032959,0.1973
59,3.116039752960205,3.116039752960205,3.097867488861084,3.097867488861084,0.1978
60,3.0489604473114014,3.0489604473114014,3.0226364135742188,3.0226364135742188,0.1983
61,2.9823896884918213,2.9823896884918213,2.9479403495788574,2.9479403495788574,0.1989
62,2.916478395462036,2.916478395462036,2.873915195465088,2.873915195465088,0.1994
63,2.8513376712799072,2.8513376712799072,2.8007006645202637,2.8007006645202637,0.1999
64,2.786991834640503,2.786991834640503,2.728442430496216,2.728442430496216,0.2005
65,2.7236275672912598,2.7236275672912598,2.657275676727295,2.657275676727295,0.201
66,2.661433458328247,2.661433458328247,2.5873570442199707,2.5873570442199707,0.2015
67,2.6005542278289795,2.6005542278289795,2.5188498497009277,2.5188498497009277,0.202
68,2.5410873889923096,2.5410873889923096,2.4519124031066895,2.4519124031066895,0.2025
69,2.4831671714782715,2.4831671714782715,2.386699914932251,2.386699914932251,0.2031
70,2.426931858062744,2.426931858062744,2.3233280181884766,2.3233280181884766,0.2036
71,2.3724992275238037,2.3724992275238037,2.261946201324463,2.261946201324463,0.2041
72,2.319976329803467,2.319976329803467,2.2027554512023926,2.2027554512023926,0.2046
73,2.269456386566162,2.269456386566162,2.145904779434204,2.145904779434204,0.2052
74,2.221017837524414,2.221017837524414,2.091510057449341,2.091510057449341,0.2057
75,2.1747195720672607,2.1747195720672607,2.039656162261963,2.039656162261963,0.2062
76,2.130600690841675,2.130600690841675,1.990430474281311,1.990430474281311,0.2067
77,2.088676929473877,2.088676929473877,1.9438903331756592,1.9438903331756592,0.2072
78,2.048940896987915,2.048940896987915,1.9000685214996338,1.9000685214996338,0.2077
79,2.0113606452941895,2.0113606452941895,1.8589708805084229,1.8589708805084229,0.2083
80,1.9758796691894531,1.9758796691894531,1.820577621459961,1.820577621459961,0.2088
81,1.9424117803573608,1.9424117803573608,1.7848411798477173,1.7848411798477173,0.2093
82,1.9108558893203735,1.9108558893203735,1.7516876459121704,1.7516876459121704,0.2098
83,1.8810899257659912,1.8810899257659912,1.7210195064544678,1.7210195064544678,0.2103
84,1.852985143661499,1.852985143661499,1.692723035812378,1.692723035812378,0.2109
85,1.826417326927185,1.826417326927185,1.6666686534881592,1.6666686534881592,0.2114
86,1.8012397289276123,1.8012397289276123,1.642709732055664,1.642709732055664,0.2119
87,1.7773069143295288,1.7773069143295288,1.620690941810608,1.620690941810608,0.2124
88,1.7544784545898438,1.7544784545898438,1.6004526615142822,1.6004526615142822,0.2129
89,1.732622504234314,1.732622504234314,1.5818694829940796,1.5818694829940796,0.2135
90,1.711621880531311,1.711621880531311,1.5647919178009033,1.5647919178009033,0.214
91,1.691373586654663,1.691373586654663,1.5489294528961182,1.5489294528961182,0.2145
92,1.6717920303344727,1.6717920303344727,1.5342042446136475,1.5342042446136475,0.215
93,1.652808427810669,1.652808427810669,1.520520567893982,1.520520567893982,0.2155
94,1.6343696117401123,1.6343696117401123,1.5077686309814453,1.5077686309814453,0.216
95,1.6164367198944092,1.6164367198944092,1.4958508014678955,1.4958508014678955,0.2166
96,1.598983883857727,1.598983883857727,1.4846819639205933,1.4846819639205933,0.2171
97,1.5819942951202393,1.5819942951202393,1.4741871356964111,1.4741871356964111,0.2176
98,1.5654585361480713,1.5654585361480713,1.4643007516860962,1.4643007516860962,0.2182
99,1.5493719577789307,1.5493719577789307,1.4549647569656372,1.4549647569656372,0.2187
100,1.5337417125701904,1.5337417125701904,1.4461278915405273,1.4461278915405273,0.2192
101,1.518567442893982,1.518567442893982,1.4377435445785522,1.4377435445785522,0.2198
102,1.5038399696350098,1.5038399696350098,1.4297688007354736,1.4297688007354736,0.2203
103,1.4895570278167725,1.4895570278167725,1.4221646785736084,1.4221646785736084,0.2208
104,1.4757219552993774,1.4757219552993774,1.414894700050354,1.414894700050354,0.2214
105,1.4623228311538696,1.4623228311538696,1.4079101085662842,1.4079101085662842,0.2219
106,1.4493436813354492,1.4493436813354492,1.4011677503585815,1.4011677503585815,0.2224
107,1.436758041381836,1.436758041381836,1.394667387008667,1.394667387008667,0.223
108,1.4245779514312744,1.4245779514312744,1.3883835077285767,1.3883835077285767,0.2236
109,1.4127925634384155,1.4127925634384155,1.3822931051254272,1.3822931051254272,0.2241
110,1.401390552520752,1.401390552520752,1.3763797283172607,1.3763797283172607,0.2247
111,1.390359878540039,1.390359878540039,1.3706328868865967,1.3706328868865967,0.2252
112,1.3796892166137695,1.3796892166137695,1.36503005027771,1.36503005027771,0.2257
113,1.3693647384643555,1.3693647384643555,1.3595592975616455,1.3595592975616455,0.2263
114,1.3593746423721313,1.3593746423721313,1.3542104959487915,1.3542104959487915,0.2268
115,1.3497123718261719,1.3497123718261719,1.3489770889282227,1.3489770889282227,0.2274
116,1.3403682708740234,1.3403682708740234,1.3438541889190674,1.3438541889190674,0.2279
117,1.3313496112823486,1.3313496112823486,1.3388381004333496,1.3388381004333496,0.2285
118,1.3227598667144775,1.3227598667144775,1.333928108215332,1.333928108215332,0.229
119,1.314460039138794,1.314460039138794,1.329122543334961,1.329122543334961,0.2296
120,1.3063932657241821,1.3063932657241821,1.3244154453277588,1.3244154453277588,0.2301
121,1.29860258102417,1.29860258102417,1.319806456565857,1.319806456565857,0.2306
122,1.291064739227295,1.291064739227295,1.3152945041656494,1.3152945041656494,0.2312
123,1.2837445735931396,1.2837445735931396,1.3108751773834229,1.3108751773834229,0.2317
124,1.2766700983047485,1.2766700983047485,1.3065459728240967,1.3065459728240967,0.2323
125,1.2698309421539307,1.2698309421539307,1.3023030757904053,1.3023030757904053,0.2328
126,1.2632153034210205,1.2632153034210205,1.298143982887268,1.298143982887268,0.2334
127,1.2568117380142212,1.2568117380142212,1.2940640449523926,1.2940640449523926,0.2339
128,1.2506077289581299,1.2506077289581299,1.2900747060775757,1.2900747060775757,0.2345
129,1.2445907592773438,1.2445907592773438,1.286134958267212,1.286134958267212,0.235
130,1.2387456893920898,1.2387456893920898,1.2822617292404175,1.2822617292404175,0.2356
131,1.233060359954834,1.233060359954834,1.2784651517868042,1.2784651517868042,0.2361
132,1.227622151374817,1.227622151374817,1.2747690677642822,1.2747690677642822,0.2367
133,1.2223255634307861,1.2223255634307861,1.2711212635040283,1.2711212635040283,0.2372
134,1.2171605825424194,1.2171605825424194,1.2675151824951172,1.2675151824951172,0.2377
135,1.2121126651763916,1.2121126651763916,1.2639433145523071,1.2639433145523071,0.2383
136,1.2071772813796997,1.2071772813796997,1.2604002952575684,1.2604002952575684,0.2391
137,1.2023460865020752,1.2023460865020752,1.2568806409835815,1.2568806409835815,0.2397
138,1.1976122856140137,1.1976122856140137,1.253380537033081,1.253380537033081,0.2404
139,1.192958116531372,1.192958116531372,1.249895691871643,1.249895691871643,0.241
140,1.1883498430252075,1.1883498430252075,1.2464224100112915,1.2464224100112915,0.2415
141,1.1838185787200928,1.1838185787200928,1.2429579496383667,1.2429579496383667,0.242
142,1.1793603897094727,1.1793603897094727,1.2395426034927368,1.2395426034927368,0.2428
143,1.1749712228775024,1.1749712228775024,1.2361376285552979,1.2361376285552979,0.2435
144,1.170647382736206,1.170647382736206,1.2327359914779663,1.2327359914779663,0.2441
145,1.1663858890533447,1.1663858890533447,1.2293360233306885,1.2293360233306885,0.2447
146,1.1621829271316528,1.1621829271316528,1.2259362936019897,1.2259362936019897,0.2452
147,1.1580355167388916,1.1580355167388916,1.2225358486175537,1.2225358486175537,0.2458
148,1.1539407968521118,1.1539407968521118,1.2191340923309326,1.2191340923309326,0.2464
149,1.1498943567276,1.1498943567276,1.2157422304153442,1.2157422304153442,0.247
150,1.1458914279937744,1.1458914279937744,1.2123477458953857,1.2123477458953857,0.2477
151,1.1419323682785034,1.1419323682785034,1.2089502811431885,1.2089502811431885,0.2483
152,1.138014554977417,1.138014554977417,1.2055494785308838,1.2055494785308838,0.2489
153,1.1341356039047241,1.1341356039047241,1.2021454572677612,1.2021454572677612,0.2494
154,1.1302928924560547,1.1302928924560547,1.1987388134002686,1.1987388134002686,0.25
155,1.1264841556549072,1.1264841556549072,1.195330023765564,1.195330023765564,0.2505
156,1.122707486152649,1.122707486152649,1.1919201612472534,1.1919201612472534,0.2511
157,1.1189606189727783,1.1189606189727783,1.1885101795196533,1.1885101795196533,0.2516
158,1.1152418851852417,1.1152418851852417,1.1851017475128174,1.1851017475128174,0.2521
159,1.1115496158599854,1.1115496158599854,1.1816961765289307,1.1816961765289307,0.2527
160,1.1078823804855347,1.1078823804855347,1.178295373916626,1.178295373916626,0.2532
161,1.104238748550415,1.104238748550415,1.1749016046524048,1.1749016046524048,0.2537
162,1.1006174087524414,1.1006174087524414,1.1715161800384521,1.1715161800384521,0.2543
163,1.0970174074172974,1.0970174074172974,1.1681420803070068,1.1681420803070068,0.2548
164,1.093437910079956,1.093437910079956,1.164780616760254,1.164780616760254,0.2554
165,1.0898776054382324,1.0898776054382324,1.1614341735839844,1.1614341735839844,0.2559
166,1.0863349437713623,1.0863349437713623,1.1581048965454102,1.1581048965454102,0.2565
167,1.0828056335449219,1.0828056335449219,1.154793381690979,1.154793381690979,0.2571
168,1.0792930126190186,1.0792930126190186,1.1515018939971924,1.1515018939971924,0.2576
169,1.0757967233657837,1.0757967233657837,1.1482317447662354,1.1482317447662354,0.2582
170,1.07231605052948,1.07231605052948,1.144984483718872,1.144984483718872,0.2587
171,1.0688527822494507,1.0688527822494507,1.1417615413665771,1.1417615413665771,0.2593
172,1.065455436706543,1.065455436706543,1.1385596990585327,1.1385596990585327,0.2599
173,1.0620758533477783,1.0620758533477783,1.135380506515503,1.135380506515503,0.2607
174,1.058716058731079,1.058716058731079,1.1322240829467773,1.1322240829467773,0.2613
175,1.0553785562515259,1.0553785562515259,1.1290918588638306,1.1290918588638306,0.2619
176,1.0520581007003784,1.0520581007003784,1.1259818077087402,1.1259818077087402,0.2625
177,1.0487631559371948,1.0487631559371948,1.1228708028793335,1.1228708028793335,0.263
178,1.0454877614974976,1.0454877614974976,1.1197859048843384,1.1197859048843384,0.2636
179,1.0422289371490479,1.0422289371490479,1.1167268753051758,1.1167268753051758,0.2641
180,1.0389862060546875,1.0389862060546875,1.1136928796768188,1.1136928796768188,0.2647
181,1.0357593297958374,1.0357593297958374,1.1106830835342407,1.1106830835342407,0.2652
182,1.0325483083724976,1.0325483083724976,1.107696771621704,1.107696771621704,0.2658
183,1.0293593406677246,1.0293593406677246,1.104732632637024,1.104732632637024,0.2663
184,1.0262057781219482,1.0262057781219482,1.1017906665802002,1.1017906665802002,0.2669
185,1.0230672359466553,1.0230672359466553,1.0988696813583374,1.0988696813583374,0.2674
186,1.0199434757232666,1.0199434757232666,1.0959686040878296,1.0959686040878296,0.2681
187,1.0168343782424927,1.0168343782424927,1.0930864810943604,1.0930864810943604,0.2688
188,1.013739824295044,1.013739824295044,1.0902217626571655,1.0902217626571655,0.27
189,1.0106593370437622,1.0106593370437622,1.087373971939087,1.087373971939087,0.2708
190,1.0075962543487549,1.0075962543487549,1.0845420360565186,1.0845420360565186,0.2713
191,1.004547119140625,1.004547119140625,1.0817244052886963,1.0817244052886963,0.2736
192,1.001512050628662,1.001512050628662,1.0789207220077515,1.0789207220077515,0.279
193,0.9984908103942871,0.9984908103942871,1.0761301517486572,1.0761301517486572,0.2797
194,0.9954832196235657,0.9954832196235657,1.0733568668365479,1.0733568668365479,0.2802
195,0.9924891591072083,0.9924891591072083,1.070601463317871,1.070601463317871,0.2808
196,0.9895086288452148,0.9895086288452148,1.0678571462631226,1.0678571462631226,0.2814
197,0.9865413904190063,0.9865413904190063,1.0651241540908813,1.0651241540908813,0.2819
198,0.9835871458053589,0.9835871458053589,1.062401533126831,1.062401533126831,0.2824
199,0.9806462526321411,0.9806462526321411,1.0596891641616821,1.0596891641616821,0.283
200,0.9777182340621948,0.9777182340621948,1.0569868087768555,1.0569868087768555,0.2835
201,0.9748098254203796,0.9748098254203796,1.054294466972351,1.054294466972351,0.284
202,0.9719167947769165,0.9719167947769165,1.0516103506088257,1.0516103506088257,0.2846
203,0.969036877155304,0.969036877155304,1.0489346981048584,1.0489346981048584,0.2851
204,0.9661685824394226,0.9661685824394226,1.0462673902511597,1.0462673902511597,0.2856
205,0.9633098840713501,0.9633098840713501,1.0436081886291504,1.0436081886291504,0.2862
206,0.9604634046554565,0.9604634046554565,1.0409752130508423,1.0409752130508423,0.2867
207,0.9576292037963867,0.9576292037963867,1.038355827331543,1.038355827331543,0.2872
208,0.954806923866272,0.954806923866272,1.0357450246810913,1.0357450246810913,0.2878
209,0.951996922492981,0.951996922492981,1.033143401145935,1.033143401145935,0.2883
210,0.9491987228393555,0.9491987228393555,1.0305510759353638,1.0305510759353638,0.2888
211,0.9464123845100403,0.9464123845100403,1.0279678106307983,1.0279678106307983,0.2894
212,0.9436378479003906,0.9436378479003906,1.0253942012786865,1.0253942012786865,0.2899
213,0.9408750534057617,0.9408750534057617,1.0228303670883179,1.0228303670883179,0.2904
214,0.9381235837936401,0.9381235837936401,1.0202763080596924,1.0202763080596924,0.291
215,0.9353834986686707,0.9353834986686707,1.0177323818206787,1.0177323818206787,0.2915
216,0.9326545596122742,0.9326545596122742,1.0151981115341187,1.0151981115341187,0.292
217,0.9299365878105164,0.9299365878105164,1.0126745700836182,1.0126745700836182,0.2925
218,0.9272297024726868,0.9272297024726868,1.0101608037948608,1.0101608037948608,0.293
219,0.9245328903198242,0.9245328903198242,1.007657766342163,1.007657766342163,0.2936
220,0.9218428730964661,0.9218428730964661,1.0051689147949219,1.0051689147949219,0.2941
221,0.9191627502441406,0.9191627502441406,1.002693772315979,1.002693772315979,0.2946
222,0.9164924621582031,0.9164924621582031,1.0002321004867554,1.0002321004867554,0.2951
223,0.913831889629364,0.913831889629364,0.9977839589118958,0.9977839589118958,0.2957
224,0.9111809730529785,0.9111809730529785,0.9953607320785522,0.9953607320785522,0.2962
225,0.9085395932197571,0.9085395932197571,0.9929983019828796,0.9929983019828796,0.2967
226,0.9059075117111206,0.9059075117111206,0.9906474351882935,0.9906474351882935,0.2972
227,0.9032848477363586,0.9032848477363586,0.9883090257644653,0.9883090257644653,0.2978
228,0.9006713628768921,0.9006713628768921,0.9859825372695923,0.9859825372695923,0.2983
229,0.8980671167373657,0.8980671167373657,0.9836681485176086,0.9836681485176086,0.2988
230,0.8954715728759766,0.8954715728759766,0.9813650846481323,0.9813650846481323,0.2993
231,0.8928849101066589,0.8928849101066589,0.979073166847229,0.979073166847229,0.2998
232,0.8903070688247681,0.8903070688247681,0.9767921566963196,0.9767921566963196,0.3003
233,0.8877332806587219,0.8877332806587219,0.974521815776825,0.974521815776825,0.3008
234,0.885167121887207,0.885167121887207,0.972263514995575,0.972263514995575,0.3013
235,0.8826087713241577,0.8826087713241577,0.9700172543525696,0.9700172543525696,0.3018
236,0.8800584077835083,0.8800584077835083,0.9677826166152954,0.9677826166152954,0.3023
237,0.8775154948234558,0.8775154948234558,0.9655588269233704,0.9655588269233704,0.3029
238,0.8749774098396301,0.8749774098396301,0.9633458852767944,0.9633458852767944,0.3043
239,0.8724417686462402,0.8724417686462402,0.9611464738845825,0.9611464738845825,0.305
240,0.8699132800102234,0.8699132800102234,0.9589597582817078,0.9589597582817078,0.3058
241,0.8673914670944214,0.8673914670944214,0.9567850828170776,0.9567850828170776,0.3063
242,0.8648797869682312,0.8648797869682312,0.9546216726303101,0.9546216726303101,0.3069
243,0.8623853921890259,0.8623853921890259,0.9524620771408081,0.9524620771408081,0.3074
244,0.8598986864089966,0.8598986864089966,0.9503058195114136,0.9503058195114136,0.3079
245,0.8574196100234985,0.8574196100234985,0.9481533169746399,0.9481533169746399,0.3085
246,0.8549482226371765,0.8549482226371765,0.9460042715072632,0.9460042715072632,0.309
247,0.8524840474128723,0.8524840474128723,0.9438585042953491,0.9438585042953491,0.3095
248,0.8500269055366516,0.8500269055366516,0.941716194152832,0.941716194152832,0.31
249,0.8475764989852905,0.8475764989852905,0.9395769834518433,0.9395769834518433,0.3105
250,0.8451329469680786,0.8451329469680786,0.9374412298202515,0.9374412298202515,0.3111
251,0.8426958918571472,0.8426958918571472,0.9353088140487671,0.9353088140487671,0.3116
252,0.8402650952339172,0.8402650952339172,0.9331798553466797,0.9331798553466797,0.3134
253,0.8378406763076782,0.8378406763076782,0.931054413318634,0.931054413318634,0.314
254,0.8354167938232422,0.8354167938232422,0.928932785987854,0.928932785987854,0.3157
255,0.8329896926879883,0.8329896926879883,0.9268291592597961,0.9268291592597961,0.3162
256,0.8305660486221313,0.8305660486221313,0.9247426986694336,0.9247426986694336,0.3168
257,0.8281462788581848,0.8281462788581848,0.9226726293563843,0.9226726293563843,0.3173
258,0.8257302045822144,0.8257302045822144,0.9206180572509766,0.9206180572509766,0.3179
259,0.8233180046081543,0.8233180046081543,0.9185779690742493,0.9185779690742493,0.3185
260,0.820916473865509,0.820916473865509,0.9165518879890442,0.9165518879890442,0.3194
261,0.8185192346572876,0.8185192346572876,0.9145383834838867,0.9145383834838867,0.3199
262,0.8161246180534363,0.8161246180534363,0.91253662109375,0.91253662109375,0.3205
263,0.8137335777282715,0.8137335777282715,0.9105480313301086,0.9105480313301086,0.321
264,0.8113464117050171,0.8113464117050171,0.9085718393325806,0.9085718393325806,0.3215
265,0.8089630007743835,0.8089630007743835,0.9066070318222046,0.9066070318222046,0.3221
266,0.8065834045410156,0.8065834045410156,0.9046527743339539,0.9046527743339539,0.3226
267,0.804207444190979,0.804207444190979,0.9027085304260254,0.9027085304260254,0.3231
268,0.8018351793289185,0.8018351793289185,0.9007732272148132,0.9007732272148132,0.3237
269,0.7994664311408997,0.7994664311408997,0.8988465070724487,0.8988465070724487,0.3242
270,0.7971010208129883,0.7971010208129883,0.896927535533905,0.896927535533905,0.3247
271,0.7947390675544739,0.7947390675544739,0.8950157165527344,0.8950157165527344,0.3252
272,0.7923999428749084,0.7923999428749084,0.893110454082489,0.893110454082489,0.3257
273,0.7900646924972534,0.7900646924972534,0.8911932110786438,0.8911932110786438,0.3262
274,0.7877327799797058,0.7877327799797058,0.8892648816108704,0.8892648816108704,0.3267
275,0.7854040861129761,0.7854040861129761,0.8873262405395508,0.8873262405395508,0.3272
276,0.7830790281295776,0.7830790281295776,0.8853784799575806,0.8853784799575806,0.3278
277,0.7807573080062866,0.7807573080062866,0.8834222555160522,0.8834222555160522,0.3283
278,0.7784383296966553,0.7784383296966553,0.8814590573310852,0.8814590573310852,0.3288
279,0.7761250734329224,0.7761250734329224,0.8794898986816406,0.8794898986816406,0.3293
280,0.7738486528396606,0.7738486528396606,0.8774750828742981,0.8774750828742981,0.3298
281,0.7715718746185303,0.7715718746185303,0.875419020652771,0.875419020652771,0.3304
282,0.7692950963973999,0.7692950963973999,0.8733269572257996,0.8733269572257996,0.3309
283,0.76701819896698,0.76701819896698,0.8712037205696106,0.8712037205696106,0.3314
284,0.7647415399551392,0.7647415399551392,0.8690544366836548,0.8690544366836548,0.3319
285,0.7624648809432983,0.7624648809432983,0.8668845891952515,0.8668845891952515,0.3324
286,0.7601885795593262,0.7601885795593262,0.8646994829177856,0.8646994829177856,0.3329
287,0.7579124569892883,0.7579124569892883,0.8625040054321289,0.8625040054321289,0.3334
288,0.7556365132331848,0.7556365132331848,0.8603035807609558,0.8603035807609558,0.3339
289,0.7533606290817261,0.7533606290817261,0.8581026792526245,0.8581026792526245,0.3344
290,0.7510846853256226,0.7510846853256226,0.8559060096740723,0.8559060096740723,0.3349
291,0.748808741569519,0.748808741569519,0.8537176847457886,0.8537176847457886,0.3355
292,0.7465323805809021,0.7465323805809021,0.8515411615371704,0.8515411615371704,0.336
293,0.7442556619644165,0.7442556619644165,0.8493797183036804,0.8493797183036804,0.3365
294,0.7419783473014832,0.7419783473014832,0.8472362756729126,0.8472362756729126,0.337
295,0.7397003173828125,0.7397003173828125,0.8451129794120789,0.8451129794120789,0.3375
296,0.737421452999115,0.737421452999115,0.8430113792419434,0.8430113792419434,0.338
297,0.7351415753364563,0.7351415753364563,0.8409328460693359,0.8409328460693359,0.3385
298,0.7328606843948364,0.7328606843948364,0.8388778567314148,0.8388778567314148,0.339
299,0.7305783629417419,0.7305783629417419,0.8368463516235352,0.8368463516235352,0.3396
300,0.7282947301864624,0.7282947301864624,0.8348379135131836,0.8348379135131836,0.3401
301,0.7260096669197083,0.7260096669197083,0.8328518867492676,0.8328518867492676,0.3406
302,0.7237347364425659,0.7237347364425659,0.830886721611023,0.830886721611023,0.3411
303,0.7214595079421997,0.7214595079421997,0.8289918899536133,0.8289918899536133,0.3416
304,0.7191790342330933,0.7191790342330933,0.8271607160568237,0.8271607160568237,0.3421
305,0.71689373254776,0.71689373254776,0.8253862261772156,0.8253862261772156,0.3426
306,0.7146046161651611,0.7146046161651611,0.8236611485481262,0.8236611485481262,0.3431
307,0.7123106122016907,0.7123106122016907,0.8219731450080872,0.8219731450080872,0.3436
308,0.710013210773468,0.710013210773468,0.8203150629997253,0.8203150629997253,0.3441
309,0.7077237367630005,0.7077237367630005,0.8186849355697632,0.8186849355697632,0.3446
310,0.7054341435432434,0.7054341435432434,0.8170191049575806,0.8170191049575806,0.3452
311,0.7031405568122864,0.7031405568122864,0.8153153657913208,0.8153153657913208,0.3457
312,0.7008429765701294,0.7008429765701294,0.8135722279548645,0.8135722279548645,0.3462
313,0.698540985584259,0.698540985584259,0.8117893934249878,0.8117893934249878,0.3467
314,0.6962345838546753,0.6962345838546753,0.809967041015625,0.809967041015625,0.3472
315,0.6939241290092468,0.6939241290092468,0.8081063032150269,0.8081063032150269,0.3477
316,0.691609263420105,0.691609263420105,0.8062089681625366,0.8062089681625366,0.3482
317,0.6892901659011841,0.6892901659011841,0.8042777180671692,0.8042777180671692,0.3487
318,0.6869800090789795,0.6869800090789795,0.802315354347229,0.802315354347229,0.3492
319,0.6846637725830078,0.6846637725830078,0.8003870248794556,0.8003870248794556,0.3497
320,0.6823409795761108,0.6823409795761108,0.7984908223152161,0.7984908223152161,0.3503
321,0.6800119280815125,0.6800119280815125,0.7966241836547852,0.7966241836547852,0.3508
322,0.6776769757270813,0.6776769757270813,0.7947849631309509,0.7947849631309509,0.3513
323,0.6753360033035278,0.6753360033035278,0.7929704785346985,0.7929704785346985,0.3518
324,0.6729992032051086,0.6729992032051086,0.7911783456802368,0.7911783456802368,0.3523
325,0.6706587672233582,0.6706587672233582,0.7893325090408325,0.7893325090408325,0.3528
326,0.6683129668235779,0.6683129668235779,0.7874372005462646,0.7874372005462646,0.3533
327,0.665962278842926,0.665962278842926,0.7855034470558167,0.7855034470558167,0.3538
328,0.6636055111885071,0.6636055111885071,0.7835357189178467,0.7835357189178467,0.3543
329,0.6612428426742554,0.6612428426742554,0.7815386056900024,0.7815386056900024,0.3548
330,0.6588797569274902,0.6588797569274902,0.7795165777206421,0.7795165777206421,0.3554
331,0.6565154194831848,0.6565154194831848,0.7775450348854065,0.7775450348854065,0.356
332,0.6541759371757507,0.6541759371757507,0.7756312489509583,0.7756312489509583,0.3565
333,0.6518293619155884,0.6518293619155884,0.7737716436386108,0.7737716436386108,0.357
334,0.6494842767715454,0.6494842767715454,0.7719622850418091,0.7719622850418091,0.3575
335,0.6471377611160278,0.6471377611160278,0.7701245546340942,0.7701245546340942,0.3581
336,0.6447865962982178,0.6447865962982178,0.7682597041130066,0.7682597041130066,0.3586
337,0.6424306631088257,0.6424306631088257,0.7663701772689819,0.7663701772689819,0.3591
338,0.6400699615478516,0.6400699615478516,0.7644578218460083,0.7644578218460083,0.3596
339,0.6377045512199402,0.6377045512199402,0.762525200843811,0.762525200843811,0.3601
340,0.6353345513343811,0.6353345513343811,0.7605745196342468,0.7605745196342468,0.3606
341,0.632973313331604,0.632973313331604,0.7585828900337219,0.7585828900337219,0.3612
342,0.6306185126304626,0.6306185126304626,0.7565558552742004,0.7565558552742004,0.3617
343,0.6282564401626587,0.6282564401626587,0.7545778751373291,0.7545778751373291,0.3622
344,0.6258879899978638,0.6258879899978638,0.7526462078094482,0.7526462078094482,0.3627
345,0.6235108375549316,0.6235108375549316,0.7507482171058655,0.7507482171058655,0.3632
346,0.6211279034614563,0.6211279034614563,0.7488897442817688,0.7488897442817688,0.3637
347,0.6187466382980347,0.6187466382980347,0.7470661401748657,0.7470661401748657,0.3642
348,0.6163636445999146,0.6163636445999146,0.7451883554458618,0.7451883554458618,0.3648
349,0.613974392414093,0.613974392414093,0.7432593107223511,0.7432593107223511,0.3653
350,0.6115800142288208,0.6115800142288208,0.7412821054458618,0.7412821054458618,0.3658
351,0.6091777086257935,0.6091777086257935,0.7392510175704956,0.7392510175704956,0.3663
352,0.6067704558372498,0.6067704558372498,0.737181544303894,0.737181544303894,0.3668
353,0.6043628454208374,0.6043628454208374,0.7350789308547974,0.7350789308547974,0.3673
354,0.6019534468650818,0.6019534468650818,0.733036994934082,0.733036994934082,0.3678
355,0.5995365381240845,0.5995365381240845,0.7310518026351929,0.7310518026351929,0.3683
356,0.5971125364303589,0.5971125364303589,0.7291194200515747,0.7291194200515747,0.3688
357,0.5946863889694214,0.5946863889694214,0.7272342443466187,0.7272342443466187,0.3693
358,0.5922590494155884,0.5922590494155884,0.7252981066703796,0.7252981066703796,0.3699
359,0.5898251533508301,0.5898251533508301,0.7233138680458069,0.7233138680458069,0.3704
360,0.5873848795890808,0.5873848795890808,0.7212844491004944,0.7212844491004944,0.3709
361,0.5849424600601196,0.5849424600601196,0.7192144393920898,0.7192144393920898,0.3714
362,0.5824975371360779,0.5824975371360779,0.7172039747238159,0.7172039747238159,0.3719
363,0.5800460577011108,0.5800460577011108,0.7152482867240906,0.7152482867240906,0.3724
364,0.577591061592102,0.577591061592102,0.7133301496505737,0.7133301496505737,0.3729
365,0.5751338005065918,0.5751338005065918,0.711357057094574,0.711357057094574,0.3734
366,0.5726715326309204,0.5726715326309204,0.7093324661254883,0.7093324661254883,0.3739
367,0.5702057480812073,0.5702057480812073,0.707360565662384,0.707360565662384,0.3744
368,0.5677391290664673,0.5677391290664673,0.7054358124732971,0.7054358124732971,0.3749
369,0.5652663111686707,0.5652663111686707,0.7034492492675781,0.7034492492675781,0.3755
370,0.5627874135971069,0.5627874135971069,0.7014042139053345,0.7014042139053345,0.376
371,0.5603078603744507,0.5603078603744507,0.6994096040725708,0.6994096040725708,0.3765
372,0.5578271150588989,0.5578271150588989,0.6974595189094543,0.6974595189094543,0.377
373,0.555340588092804,0.555340588092804,0.695428729057312,0.695428729057312,0.3775
374,0.5528531670570374,0.5528531670570374,0.6933362483978271,0.6933362483978271,0.378
375,0.5503624677658081,0.5503624677658081,0.69129478931427,0.69129478931427,0.3785
376,0.5478670597076416,0.5478670597076416,0.6892995238304138,0.6892995238304138,0.379
377,0.5453688502311707,0.5453688502311707,0.6873446106910706,0.6873446106910706,0.3795
378,0.5428694486618042,0.5428694486618042,0.6853130459785461,0.6853130459785461,0.38
379,0.540367841720581,0.540367841720581,0.6832096576690674,0.6832096576690674,0.3806
380,0.5378639101982117,0.5378639101982117,0.6811528205871582,0.6811528205871582,0.3811
381,0.535356342792511,0.535356342792511,0.6791375875473022,0.6791375875473022,0.3816
382,0.53285151720047,0.53285151720047,0.6771584749221802,0.6771584749221802,0.3821
383,0.5303434729576111,0.5303434729576111,0.6750941872596741,0.6750941872596741,0.3826
384,0.5278279185295105,0.5278279185295105,0.6729366779327393,0.6729366779327393,0.3831
385,0.5253169536590576,0.5253169536590576,0.6708261370658875,0.6708261370658875,0.3836
386,0.5228034257888794,0.5228034257888794,0.6687585115432739,0.6687585115432739,0.3842
387,0.5202924609184265,0.5202924609184265,0.6667292714118958,0.6667292714118958,0.3847
388,0.5177770256996155,0.5177770256996155,0.6646133661270142,0.6646133661270142,0.3852
389,0.5152617692947388,0.5152617692947388,0.6624177694320679,0.6624177694320679,0.3857
390,0.5127479434013367,0.5127479434013367,0.6602722406387329,0.6602722406387329,0.3862
391,0.5102327466011047,0.5102327466011047,0.6581729054450989,0.6581729054450989,0.3867
392,0.5077171921730042,0.5077171921730042,0.6561147570610046,0.6561147570610046,0.3872
393,0.5052022933959961,0.5052022933959961,0.6540773510932922,0.6540773510932922,0.3877
394,0.5026893615722656,0.5026893615722656,0.6519461870193481,0.6519461870193481,0.3882
395,0.5001777410507202,0.5001777410507202,0.6498538851737976,0.6498538851737976,0.3887
396,0.4976685047149658,0.4976685047149658,0.6476694345474243,0.6476694345474243,0.3892
397,0.4951602816581726,0.4951602816581726,0.6455278396606445,0.6455278396606445,0.3898
398,0.4926530718803406,0.4926530718803406,0.6434248089790344,0.6434248089790344,0.3903
399,0.4901474118232727,0.4901474118232727,0.6413549780845642,0.6413549780845642,0.3908
400,0.4876466393470764,0.4876466393470764,0.6393123865127563,0.6393123865127563,0.3913
401,0.4851456582546234,0.4851456582546234,0.6371606588363647,0.6371606588363647,0.3918
402,0.4826515316963196,0.4826515316963196,0.6349079012870789,0.6349079012870789,0.3923
403,0.48016127943992615,0.48016127943992615,0.6326891779899597,0.6326891779899597,0.3928
404,0.4776741862297058,0.4776741862297058,0.6305176019668579,0.6305176019668579,0.3933
405,0.47519025206565857,0.47519025206565857,0.6283878684043884,0.6283878684043884,0.3938
406,0.4727100729942322,0.4727100729942322,0.626294732093811,0.626294732093811,0.3944
407,0.47023409605026245,0.47023409605026245,0.6242315173149109,0.6242315173149109,0.3949
408,0.4677630364894867,0.4677630364894867,0.6221917271614075,0.6221917271614075,0.3954
409,0.46530523896217346,0.46530523896217346,0.6201680302619934,0.6201680302619934,0.3959
410,0.46284762024879456,0.46284762024879456,0.61801677942276,0.61801677942276,0.3964
411,0.4603899121284485,0.4603899121284485,0.6157329082489014,0.6157329082489014,0.3969
412,0.45794790983200073,0.45794790983200073,0.6133459806442261,0.6133459806442261,0.3974
413,0.455512136220932,0.455512136220932,0.6110091209411621,0.6110091209411621,0.398
414,0.4530828595161438,0.4530828595161438,0.6087217926979065,0.6087217926979065,0.3985
415,0.4506603181362152,0.4506603181362152,0.6064821481704712,0.6064821481704712,0.399
416,0.4482452869415283,0.4482452869415283,0.6042868494987488,0.6042868494987488,0.3995
417,0.4458382725715637,0.4458382725715637,0.6021302342414856,0.6021302342414856,0.4
418,0.4434395432472229,0.4434395432472229,0.6000064015388489,0.6000064015388489,0.4005
419,0.4410497546195984,0.4410497546195984,0.5979093313217163,0.5979093313217163,0.4011
420,0.4386833608150482,0.4386833608150482,0.5958321690559387,0.5958321690559387,0.4016
421,0.43636226654052734,0.43636226654052734,0.59367436170578,0.59367436170578,0.4021
422,0.4340480864048004,0.4340480864048004,0.5914301872253418,0.5914301872253418,0.4026
423,0.43174630403518677,0.43174630403518677,0.5891135931015015,0.5891135931015015,0.4031
424,0.4294566512107849,0.4294566512107849,0.5867536664009094,0.5867536664009094,0.4036
425,0.4271791875362396,0.4271791875362396,0.5843655467033386,0.5843655467033386,0.4041
426,0.42491430044174194,0.42491430044174194,0.581964373588562,0.581964373588562,0.4046
427,0.4226624071598053,0.4226624071598053,0.579564094543457,0.579564094543457,0.4052
428,0.42042413353919983,0.42042413353919983,0.5771774053573608,0.5771774053573608,0.4057
429,0.4182053208351135,0.4182053208351135,0.5748902559280396,0.5748902559280396,0.4062
430,0.4159986078739166,0.4159986078739166,0.5727013349533081,0.5727013349533081,0.4067
431,0.4138046205043793,0.4138046205043793,0.5706058740615845,0.5706058740615845,0.4072
432,0.4116252064704895,0.4116252064704895,0.5684541463851929,0.5684541463851929,0.4077
433,0.40945959091186523,0.40945959091186523,0.5662537813186646,0.5662537813186646,0.4082
434,0.40730732679367065,0.40730732679367065,0.564155101776123,0.564155101776123,0.4087
435,0.40516844391822815,0.40516844391822815,0.5621486306190491,0.5621486306190491,0.4093
436,0.40304335951805115,0.40304335951805115,0.5602216720581055,0.5602216720581055,0.4098
437,0.40093278884887695,0.40093278884887695,0.55836021900177,0.55836021900177,0.4103
438,0.398837149143219,0.398837149143219,0.5565487146377563,0.5565487146377563,0.4108
439,0.39675694704055786,0.39675694704055786,0.5547714233398438,0.5547714233398438,0.4114
440,0.3946962356567383,0.3946962356567383,0.5530131459236145,0.5530131459236145,0.4119
441,0.3926413059234619,0.3926413059234619,0.5511041879653931,0.5511041879653931,0.4124
442,0.39059978723526,0.39059978723526,0.5492566227912903,0.5492566227912903,0.4134
443,0.3885771930217743,0.3885771930217743,0.5474574565887451,0.5474574565887451,0.4139
444,0.38657042384147644,0.38657042384147644,0.5454775094985962,0.5454775094985962,0.4144
445,0.3845781683921814,0.3845781683921814,0.5434781908988953,0.5434781908988953,0.4149
446,0.38260048627853394,0.38260048627853394,0.5414608716964722,0.5414608716964722,0.4155
447,0.3806397020816803,0.3806397020816803,0.5394281148910522,0.5394281148910522,0.416
448,0.3786926865577698,0.3786926865577698,0.5372384786605835,0.5372384786605835,0.4165
449,0.3767656683921814,0.3767656683921814,0.535060703754425,0.535060703754425,0.417
450,0.37485650181770325,0.37485650181770325,0.5329806804656982,0.5329806804656982,0.4175
451,0.3729637563228607,0.3729637563228607,0.5308504104614258,0.5308504104614258,0.418
452,0.3710893392562866,0.3710893392562866,0.528824508190155,0.528824508190155,0.4185
453,0.3692306578159332,0.3692306578159332,0.5267535448074341,0.5267535448074341,0.4191
454,0.3673900067806244,0.3673900067806244,0.5247887372970581,0.5247887372970581,0.4196
455,0.3655836284160614,0.3655836284160614,0.5227788686752319,0.5227788686752319,0.4201
456,0.3637959957122803,0.3637959957122803,0.5208112001419067,0.5208112001419067,0.4206
457,0.3620262145996094,0.3620262145996094,0.5188846588134766,0.5188846588134766,0.4211
458,0.3602762520313263,0.3602762520313263,0.5168573260307312,0.5168573260307312,0.4216
459,0.3585445284843445,0.3585445284843445,0.5148864388465881,0.5148864388465881,0.4221
460,0.3568307161331177,0.3568307161331177,0.5129674673080444,0.5129674673080444,0.4226
461,0.3551364839076996,0.3551364839076996,0.5109613537788391,0.5109613537788391,0.4231
462,0.3534601032733917,0.3534601032733917,0.5090228319168091,0.5090228319168091,0.4236
463,0.35180145502090454,0.35180145502090454,0.5071503520011902,0.5071503520011902,0.4241
464,0.3501642346382141,0.3501642346382141,0.5053397417068481,0.5053397417068481,0.4246
465,0.34854239225387573,0.34854239225387573,0.5034487247467041,0.5034487247467041,0.4252
466,0.34693869948387146,0.34693869948387146,0.5014891028404236,0.5014891028404236,0.4257
467,0.3453550636768341,0.3453550636768341,0.4996091425418854,0.4996091425418854,0.4262
468,0.34378892183303833,0.34378892183303833,0.4978049397468567,0.4978049397468567,0.4267
469,0.34224021434783936,0.34224021434783936,0.49606770277023315,0.49606770277023315,0.4272
470,0.34070920944213867,0.34070920944213867,0.4943866729736328,0.4943866729736328,0.4277
471,0.33919939398765564,0.33919939398765564,0.49274951219558716,0.49274951219558716,0.4282
472,0.33770352602005005,0.33770352602005005,0.4909389913082123,0.4909389913082123,0.4287
473,0.3362272083759308,0.3362272083759308,0.4890480935573578,0.4890480935573578,0.4292
474,0.33476918935775757,0.33476918935775757,0.4872206747531891,0.4872206747531891,0.4297
475,0.3333280086517334,0.3333280086517334,0.4854537844657898,0.4854537844657898,0.4303
476,0.3319036066532135,0.3319036066532135,0.4837423264980316,0.4837423264980316,0.4308
477,0.33049583435058594,0.33049583435058594,0.4820795953273773,0.4820795953273773,0.4313
478,0.32909122109413147,0.32909122109413147,0.4804580807685852,0.4804580807685852,0.4318
479,0.3276965022087097,0.3276965022087097,0.4789551794528961,0.4789551794528961,0.4323
480,0.3263259828090668,0.3263259828090668,0.4775475859642029,0.4775475859642029,0.4328
481,0.3249703049659729,0.3249703049659729,0.47601383924484253,0.47601383924484253,0.4333
482,0.3236324191093445,0.3236324191093445,0.4743572175502777,0.4743572175502777,0.4338
483,0.32230478525161743,0.32230478525161743,0.47251731157302856,0.47251731157302856,0.4344
484,0.3209931254386902,0.3209931254386902,0.4705246090888977,0.4705246090888977,0.4349
485,0.31969767808914185,0.31969767808914185,0.4684849679470062,0.4684849679470062,0.4354
486,0.31841909885406494,0.31841909885406494,0.46641749143600464,0.46641749143600464,0.4359
487,0.3171560764312744,0.3171560764312744,0.464353084564209,0.464353084564209,0.4364
488,0.3159083127975464,0.3159083127975464,0.46231967210769653,0.46231967210769653,0.4369
489,0.3146812319755554,0.3146812319755554,0.4603402018547058,0.4603402018547058,0.4374
490,0.31347233057022095,0.31347233057022095,0.4585324227809906,0.4585324227809906,0.4379
491,0.31227368116378784,0.31227368116378784,0.4568879008293152,0.4568879008293152,0.4385
492,0.31108707189559937,0.31108707189559937,0.45538967847824097,0.45538967847824097,0.439
493,0.30991801619529724,0.30991801619529724,0.45390549302101135,0.45390549302101135,0.4395
494,0.30876246094703674,0.30876246094703674,0.45242422819137573,0.45242422819137573,0.44
495,0.30762019753456116,0.30762019753456116,0.4509367048740387,0.4509367048740387,0.4405
496,0.30649110674858093,0.30649110674858093,0.44943585991859436,0.44943585991859436,0.4411
497,0.3053750693798065,0.3053750693798065,0.44791802763938904,0.44791802763938904,0.4416
498,0.3042718768119812,0.3042718768119812,0.4463821351528168,0.4463821351528168,0.4421
499,0.30318135023117065,0.30318135023117065,0.444828599691391,0.444828599691391,0.4426
500,0.3021032214164734,0.3021032214164734,0.4432569444179535,0.4432569444179535,0.4431
501,0.30104026198387146,0.30104026198387146,0.44167667627334595,0.44167667627334595,0.4436
502,0.2999885380268097,0.2999885380268097,0.4401893615722656,0.4401893615722656,0.4441
503,0.2989467978477478,0.2989467978477478,0.43878173828125,0.43878173828125,0.4446
504,0.2979167401790619,0.2979167401790619,0.4374368190765381,0.4374368190765381,0.4451
505,0.29689979553222656,0.29689979553222656,0.43604105710983276,0.43604105710983276,0.4456
506,0.2958934009075165,0.2958934009075165,0.43459081649780273,0.43459081649780273,0.4461
507,0.29489725828170776,0.29489725828170776,0.43308717012405396,0.43308717012405396,0.4466
508,0.2939150631427765,0.2939150631427765,0.4315353333950043,0.4315353333950043,0.4471
509,0.2929593622684479,0.2929593622684479,0.4298728406429291,0.4298728406429291,0.4476
510,0.29201579093933105,0.29201579093933105,0.4282141327857971,0.4282141327857971,0.4481
511,0.2910817265510559,0.2910817265510559,0.4265727996826172,0.4265727996826172,0.4486
512,0.2901586592197418,0.2901586592197418,0.4249606132507324,0.4249606132507324,0.4491
513,0.2892460227012634,0.2892460227012634,0.4233033061027527,0.4233033061027527,0.4496
514,0.2883431315422058,0.2883431315422058,0.4216234087944031,0.4216234087944031,0.4501
515,0.2874499559402466,0.2874499559402466,0.419943243265152,0.419943243265152,0.4506
516,0.28656622767448425,0.28656622767448425,0.418283075094223,0.418283075094223,0.4511
517,0.2856929898262024,0.2856929898262024,0.4166596531867981,0.4166596531867981,0.4516
518,0.2848268151283264,0.2848268151283264,0.41516152024269104,0.41516152024269104,0.4522
519,0.2839692234992981,0.2839692234992981,0.41378122568130493,0.41378122568130493,0.4527
520,0.28312069177627563,0.28312069177627563,0.4124292731285095,0.4124292731285095,0.4532
521,0.28228050470352173,0.28228050470352173,0.41109928488731384,0.41109928488731384,0.4537
522,0.2814483046531677,0.2814483046531677,0.4097846448421478,0.4097846448421478,0.4542
523,0.280624121427536,0.280624121427536,0.4084793031215668,0.4084793031215668,0.4547
524,0.27980780601501465,0.27980780601501465,0.40717869997024536,0.40717869997024536,0.4552
525,0.2789991796016693,0.2789991796016693,0.40587949752807617,0.40587949752807617,0.4557
526,0.2781983017921448,0.2781983017921448,0.4045802652835846,0.4045802652835846,0.4562
527,0.2774049937725067,0.2774049937725067,0.40328073501586914,0.40328073501586914,0.4567
528,0.2766203284263611,0.2766203284263611,0.4020494520664215,0.4020494520664215,0.4572
529,0.2758425176143646,0.2758425176143646,0.40087413787841797,0.40087413787841797,0.4577
530,0.27507272362709045,0.27507272362709045,0.3996743857860565,0.3996743857860565,0.4582
531,0.2743106186389923,0.2743106186389923,0.398447185754776,0.398447185754776,0.4587
532,0.2735554575920105,0.2735554575920105,0.39725643396377563,0.39725643396377563,0.4592
533,0.27280598878860474,0.27280598878860474,0.39609211683273315,0.39609211683273315,0.4597
534,0.27206236124038696,0.27206236124038696,0.3948808014392853,0.3948808014392853,0.4602
535,0.27132511138916016,0.27132511138916016,0.39362430572509766,0.39362430572509766,0.4607
536,0.2705942690372467,0.2705942690372467,0.39232850074768066,0.39232850074768066,0.4612
537,0.2698717713356018,0.2698717713356018,0.3910026252269745,0.3910026252269745,0.4617
538,0.2691555917263031,0.2691555917263031,0.3897155225276947,0.3897155225276947,0.4622
539,0.2684457004070282,0.2684457004070282,0.38846635818481445,0.38846635818481445,0.4628
540,0.26774218678474426,0.26774218678474426,0.3872520923614502,0.3872520923614502,0.4633
541,0.26704534888267517,0.26704534888267517,0.3860672414302826,0.3860672414302826,0.4638
542,0.2663564682006836,0.2663564682006836,0.3848501145839691,0.3848501145839691,0.4643
543,0.2656738758087158,0.2656738758087158,0.38360485434532166,0.38360485434532166,0.4649
544,0.26499807834625244,0.26499807834625244,0.3823387622833252,0.3823387622833252,0.4654
545,0.26432934403419495,0.26432934403419495,0.3811134397983551,0.3811134397983551,0.4659
546,0.2636669874191284,0.2636669874191284,0.37992799282073975,0.37992799282073975,0.4664
547,0.2630175054073334,0.2630175054073334,0.37877923250198364,0.37877923250198364,0.4669
548,0.262373685836792,0.262373685836792,0.3776071071624756,0.3776071071624756,0.4674
549,0.26173338294029236,0.26173338294029236,0.3764171004295349,0.3764171004295349,0.4679
550,0.2610976994037628,0.2610976994037628,0.37526631355285645,0.37526631355285645,0.4684
551,0.2604665458202362,0.2604665458202362,0.37415438890457153,0.37415438890457153,0.4689
552,0.2598414421081543,0.2598414421081543,0.37307876348495483,0.37307876348495483,0.4694
553,0.25922757387161255,0.25922757387161255,0.37204140424728394,0.37204140424728394,0.4699
554,0.2586202025413513,0.2586202025413513,0.37103384733200073,0.37103384733200073,0.4705
555,0.2580188810825348,0.2580188810825348,0.3700013756752014,0.3700013756752014,0.471
556,0.25742307305336,0.25742307305336,0.36894240975379944,0.36894240975379944,0.4715
557,0.2568337023258209,0.2568337023258209,0.3678582012653351,0.3678582012653351,0.472
558,0.25625038146972656,0.25625038146972656,0.36679500341415405,0.36679500341415405,0.4725
559,0.25567275285720825,0.25567275285720825,0.36574921011924744,0.36574921011924744,0.4731
560,0.25510090589523315,0.25510090589523315,0.36471670866012573,0.36471670866012573,0.4736
561,0.2545347809791565,0.2545347809791565,0.3636936545372009,0.3636936545372009,0.4741
562,0.2539745569229126,0.2539745569229126,0.36267679929733276,0.36267679929733276,0.4746
563,0.2534213662147522,0.2534213662147522,0.36162441968917847,0.36162441968917847,0.4751
564,0.2528740465641022,0.2528740465641022,0.36053672432899475,0.36053672432899475,0.4757
565,0.2523317337036133,0.2523317337036133,0.35946449637413025,0.35946449637413025,0.4762
566,0.2517961263656616,0.2517961263656616,0.3584226965904236,0.3584226965904236,0.4767
567,0.25126591324806213,0.25126591324806213,0.35741469264030457,0.35741469264030457,0.4772
568,0.25074106454849243,0.25074106454849243,0.35644063353538513,0.35644063353538513,0.4777
569,0.25022226572036743,0.25022226572036743,0.3554975390434265,0.3554975390434265,0.4782
570,0.24970874190330505,0.24970874190330505,0.3545576333999634,0.3545576333999634,0.4787
571,0.24920043349266052,0.24920043349266052,0.3536141514778137,0.3536141514778137,0.4792
572,0.24869775772094727,0.24869775772094727,0.35265597701072693,0.35265597701072693,0.4797
573,0.24820096790790558,0.24820096790790558,0.35172757506370544,0.35172757506370544,0.4802
574,0.2477092295885086,0.2477092295885086,0.3508259057998657,0.3508259057998657,0.4807
575,0.24722257256507874,0.24722257256507874,0.34994572401046753,0.34994572401046753,0.4813
576,0.2467411309480667,0.2467411309480667,0.3490811884403229,0.3490811884403229,0.4818
577,0.2462647706270218,0.2462647706270218,0.3482256233692169,0.3482256233692169,0.4823
578,0.24579396843910217,0.24579396843910217,0.34737327694892883,0.34737327694892883,0.4828
579,0.24532797932624817,0.24532797932624817,0.34649017453193665,0.34649017453193665,0.4833
580,0.24486689269542694,0.24486689269542694,0.34558022022247314,0.34558022022247314,0.4838
581,0.24441082775592804,0.24441082775592804,0.34467047452926636,0.34467047452926636,0.4843
582,0.24395981431007385,0.24395981431007385,0.34377533197402954,0.34377533197402954,0.4848
583,0.2435135841369629,0.2435135841369629,0.3428981900215149,0.3428981900215149,0.4853
584,0.24307207763195038,0.24307207763195038,0.3420412242412567,0.3420412242412567,0.4858
585,0.24263525009155273,0.24263525009155273,0.3412042260169983,0.3412042260169983,0.4863
586,0.2422029674053192,0.2422029674053192,0.3403855264186859,0.3403855264186859,0.4868
587,0.24177542328834534,0.24177542328834534,0.3395564556121826,0.3395564556121826,0.4873
588,0.24135234951972961,0.24135234951972961,0.3387443721294403,0.3387443721294403,0.4878
589,0.2409338653087616,0.2409338653087616,0.33794668316841125,0.33794668316841125,0.4883
590,0.24051980674266815,0.24051980674266815,0.3371356129646301,0.3371356129646301,0.4889
591,0.2401101291179657,0.2401101291179657,0.3363375663757324,0.3363375663757324,0.4894
592,0.23970480263233185,0.23970480263233185,0.33555132150650024,0.33555132150650024,0.4899
593,0.23930367827415466,0.23930367827415466,0.3347748816013336,0.3347748816013336,0.4904
594,0.23890678584575653,0.23890678584575653,0.33400672674179077,0.33400672674179077,0.4909
595,0.23851406574249268,0.23851406574249268,0.3332451283931732,0.3332451283931732,0.4914
596,0.2381255179643631,0.2381255179643631,0.33248910307884216,0.33248910307884216,0.4919
597,0.2377409189939499,0.2377409189939499,0.33171558380126953,0.33171558380126953,0.4924
598,0.2373604029417038,0.2373604029417038,0.3309517204761505,0.3309517204761505,0.4929
599,0.23698385059833527,0.23698385059833527,0.33019888401031494,0.33019888401031494,0.4934
600,0.23661120235919952,0.23661120235919952,0.3294578194618225,0.3294578194618225,0.4939
601,0.23624233901500702,0.23624233901500702,0.3287283480167389,0.3287283480167389,0.4944
602,0.23587734997272491,0.23587734997272491,0.3280099034309387,0.3280099034309387,0.4949
603,0.23551616072654724,0.23551616072654724,0.3273010849952698,0.3273010849952698,0.4954
604,0.23515848815441132,0.23515848815441132,0.3265797197818756,0.3265797197818756,0.496
605,0.23480463027954102,0.23480463027954102,0.3258688747882843,0.3258688747882843,0.4965
606,0.23445430397987366,0.23445430397987366,0.32516783475875854,0.32516783475875854,0.497
607,0.23410753905773163,0.23410753905773163,0.3244756758213043,0.3244756758213043,0.4975
608,0.23376432061195374,0.23376432061195374,0.3237910866737366,0.3237910866737366,0.498
609,0.233424574136734,0.233424574136734,0.3231126368045807,0.3231126368045807,0.4985
610,0.23308822512626648,0.23308822512626648,0.322439044713974,0.322439044713974,0.499
611,0.23275522887706757,0.23275522887706757,0.3217693269252777,0.3217693269252777,0.4995
612,0.23242560029029846,0.23242560029029846,0.3211030066013336,0.3211030066013336,0.5001
613,0.23209922015666962,0.23209922015666962,0.320439875125885,0.320439875125885,0.5006
614,0.23177608847618103,0.23177608847618103,0.31978029012680054,0.31978029012680054,0.5011
615,0.23145616054534912,0.23145616054534912,0.319124698638916,0.319124698638916,0.5016
616,0.23113934695720673,0.23113934695720673,0.3184566795825958,0.3184566795825958,0.5021
617,0.23082566261291504,0.23082566261291504,0.3177981972694397,0.3177981972694397,0.5026
618,0.23051507771015167,0.23051507771015167,0.3171510100364685,0.3171510100364685,0.5031
619,0.23020753264427185,0.23020753264427185,0.31651589274406433,0.31651589274406433,0.5037
620,0.22990290820598602,0.22990290820598602,0.3158925175666809,0.3158925175666809,0.5042
621,0.22960123419761658,0.22960123419761658,0.31527966260910034,0.31527966260910034,0.5047
622,0.22930245101451874,0.22930245101451874,0.31467562913894653,0.31467562913894653,0.5052
623,0.22900652885437012,0.22900652885437012,0.314078152179718,0.314078152179718,0.5057
624,0.22871342301368713,0.22871342301368713,0.31348496675491333,0.31348496675491333,0.5062
625,0.2284231185913086,0.2284231185913086,0.31289440393447876,0.31289440393447876,0.5067
626,0.22813554108142853,0.22813554108142853,0.31230491399765015,0.31230491399765015,0.5072
627,0.22785067558288574,0.22785067558288574,0.31171610951423645,0.31171610951423645,0.5078
628,0.22756846249103546,0.22756846249103546,0.3111278712749481,0.3111278712749481,0.5083
629,0.2272888720035553,0.2272888720035553,0.31054097414016724,0.31054097414016724,0.5088
630,0.22701187431812286,0.22701187431812286,0.3099563717842102,0.3099563717842102,0.5093
631,0.22673745453357697,0.22673745453357697,0.3093752861022949,0.3093752861022949,0.5098
632,0.22646550834178925,0.22646550834178925,0.3087990880012512,0.3087990880012512,0.5103
633,0.2261960804462433,0.2261960804462433,0.30822867155075073,0.30822867155075073,0.5108
634,0.22592906653881073,0.22592906653881073,0.3076646327972412,0.3076646327972412,0.5113
635,0.22566446661949158,0.22566446661949158,0.30710726976394653,0.30710726976394653,0.5118
636,0.22540228068828583,0.22540228068828583,0.3065562844276428,0.3065562844276428,0.5123
637,0.2251424342393875,0.2251424342393875,0.3060111701488495,0.3060111701488495,0.5128
638,0.22488370537757874,0.22488370537757874,0.3054713010787964,0.3054713010787964,0.5134
639,0.2246255874633789,0.2246255874633789,0.3049561381340027,0.3049561381340027,0.5139
640,0.22436919808387756,0.22436919808387756,0.30445966124534607,0.30445966124534607,0.5144
641,0.22411462664604187,0.22411462664604187,0.30397406220436096,0.30397406220436096,0.5149
642,0.22386208176612854,0.22386208176612854,0.3034912049770355,0.3034912049770355,0.5154
643,0.22361156344413757,0.22361156344413757,0.30300384759902954,0.30300384759902954,0.5159
644,0.2233630120754242,0.2233630120754242,0.30250638723373413,0.30250638723373413,0.5164
645,0.22311635315418243,0.22311635315418243,0.301996111869812,0.301996111869812,0.5169
646,0.22287146747112274,0.22287146747112274,0.3014727532863617,0.3014727532863617,0.5174
647,0.2226284295320511,0.2226284295320511,0.30093899369239807,0.30093899369239807,0.5179
648,0.2223871946334839,0.2223871946334839,0.30039894580841064,0.30039894580841064,0.5184
649,0.22214782238006592,0.22214782238006592,0.2998579144477844,0.2998579144477844,0.5189
650,0.22191038727760315,0.22191038727760315,0.29932111501693726,0.29932111501693726,0.5194
651,0.22167491912841797,0.22167491912841797,0.2987930178642273,0.2987930178642273,0.52
652,0.2214413434267044,0.2214413434267044,0.2982765734195709,0.2982765734195709,0.5205
653,0.22120964527130127,0.22120964527130127,0.29777297377586365,0.29777297377586365,0.521
654,0.22097977995872498,0.22097977995872498,0.2972818911075592,0.2972818911075592,0.5215
655,0.22075176239013672,0.22075176239013672,0.29680126905441284,0.29680126905441284,0.522
656,0.22052554786205292,0.22052554786205292,0.2963283956050873,0.2963283956050873,0.5225
657,0.22030112147331238,0.22030112147331238,0.295860230922699,0.295860230922699,0.523
658,0.2200785130262375,0.2200785130262375,0.29539382457733154,0.29539382457733154,0.5235
659,0.21985764801502228,0.21985764801502228,0.29492703080177307,0.29492703080177307,0.524
660,0.21963855624198914,0.21963855624198914,0.29445844888687134,0.29445844888687134,0.5245
661,0.21942129731178284,0.21942129731178284,0.2939881682395935,0.2939881682395935,0.525
662,0.21920570731163025,0.21920570731163025,0.2935168743133545,0.2935168743133545,0.5255
663,0.21899180114269257,0.21899180114269257,0.29304608702659607,0.29304608702659607,0.526
664,0.21877965331077576,0.21877965331077576,0.2925778031349182,0.2925778031349182,0.5265
665,0.21856912970542908,0.21856912970542908,0.2921138405799866,0.2921138405799866,0.527
666,0.21836023032665253,0.21836023032665253,0.29165568947792053,0.29165568947792053,0.5275
667,0.2181529998779297,0.2181529998779297,0.2912042737007141,0.2912042737007141,0.5281
668,0.21794739365577698,0.21794739365577698,0.2907596826553345,0.2907596826553345,0.5286
669,0.21774336695671082,0.21774336695671082,0.290321409702301,0.290321409702301,0.5291
670,0.2175409495830536,0.2175409495830536,0.2898884415626526,0.2898884415626526,0.5296
671,0.21734006702899933,0.21734006702899933,0.2894594371318817,0.2894594371318817,0.5301
672,0.21714071929454803,0.21714071929454803,0.2890329957008362,0.2890329957008362,0.5306
673,0.2169429361820221,0.2169429361820221,0.2886078655719757,0.2886078655719757,0.5311
674,0.21674661338329315,0.21674661338329315,0.2881833612918854,0.2881833612918854,0.5316
675,0.2165517807006836,0.2165517807006836,0.2877591550350189,0.2877591550350189,0.5321
676,0.21635842323303223,0.21635842323303223,0.2873355448246002,0.2873355448246002,0.5326
677,0.21616654098033905,0.21616654098033905,0.2869132459163666,0.2869132459163666,0.5331
678,0.21597608923912048,0.21597608923912048,0.2864930331707001,0.2864930331707001,0.5336
679,0.21578702330589294,0.21578702330589294,0.28607603907585144,0.28607603907585144,0.5341
680,0.21559938788414001,0.21559938788414001,0.2856631875038147,0.2856631875038147,0.5346
681,0.2154131680727005,0.2154131680727005,0.28525498509407043,0.28525498509407043,0.5351
682,0.21522827446460724,0.21522827446460724,0.2848517596721649,0.2848517596721649,0.5356
683,0.21504470705986023,0.21504470705986023,0.28445348143577576,0.28445348143577576,0.5361
684,0.21486249566078186,0.21486249566078186,0.2840595841407776,0.2840595841407776,0.5366
685,0.21468162536621094,0.21468162536621094,0.28366947174072266,0.28366947174072266,0.5371
686,0.2145020216703415,0.2145020216703415,0.2832823395729065,0.2832823395729065,0.5377
687,0.2143237590789795,0.2143237590789795,0.282897412776947,0.282897412776947,0.5382
688,0.21414676308631897,0.21414676308631897,0.2825140357017517,0.2825140357017517,0.5387
689,0.21397098898887634,0.21397098898887634,0.28213196992874146,0.28213196992874146,0.5392
690,0.2137964516878128,0.2137964516878128,0.2817509174346924,0.2817509174346924,0.5397
691,0.21362321078777313,0.21362321078777313,0.28137120604515076,0.28137120604515076,0.5402
692,0.21345114707946777,0.21345114707946777,0.2809930741786957,0.2809930741786957,0.5407
693,0.21328027546405792,0.21328027546405792,0.2806170582771301,0.2806170582771301,0.5412
694,0.21311059594154358,0.21311059594154358,0.2802436947822571,0.2802436947822571,0.5417
695,0.21294212341308594,0.21294212341308594,0.27987343072891235,0.27987343072891235,0.5422
696,0.21277478337287903,0.21277478337287903,0.2795064449310303,0.2795064449310303,0.5427
697,0.21260860562324524,0.21260860562324524,0.2791430354118347,0.2791430354118347,0.5432
698,0.212443545460701,0.212443545460701,0.27878302335739136,0.27878302335739136,0.5437
699,0.21227960288524628,0.21227960288524628,0.27842622995376587,0.27842622995376587,0.5442
700,0.2121168076992035,0.2121168076992035,0.2780723571777344,0.2780723571777344,0.5447
701,0.21195514500141144,0.21195514500141144,0.277721107006073,0.277721107006073,0.5452
702,0.21179449558258057,0.21179449558258057,0.27737218141555786,0.27737218141555786,0.5458
703,0.21163494884967804,0.21163494884967804,0.27702540159225464,0.27702540159225464,0.5463
704,0.21147647500038147,0.21147647500038147,0.27668052911758423,0.27668052911758423,0.5468
705,0.21131904423236847,0.21131904423236847,0.2763376832008362,0.2763376832008362,0.5473
706,0.21116268634796143,0.21116268634796143,0.27599698305130005,0.27599698305130005,0.5478
707,0.21100732684135437,0.21100732684135437,0.2756585478782654,0.2756585478782654,0.5483
708,0.21085301041603088,0.21085301041603088,0.27532249689102173,0.27532249689102173,0.5488
709,0.2106996774673462,0.2106996774673462,0.2749890685081482,0.2749890685081482,0.5493
710,0.21054735779762268,0.21054735779762268,0.27465832233428955,0.27465832233428955,0.5498
711,0.21039605140686035,0.21039605140686035,0.27433040738105774,0.27433040738105774,0.5503
712,0.21024572849273682,0.21024572849273682,0.2740051746368408,0.2740051746368408,0.5508
713,0.2100963145494461,0.2100963145494461,0.2736826539039612,0.2736826539039612,0.5513
714,0.20994791388511658,0.20994791388511658,0.2733626961708069,0.2733626961708069,0.5519
715,0.20980043709278107,0.20980043709278107,0.2730451226234436,0.2730451226234436,0.5524
716,0.20965392887592316,0.20965392887592316,0.2727298140525818,0.2727298140525818,0.5529
717,0.20950832962989807,0.20950832962989807,0.2724166810512543,0.2724166810512543,0.5534
718,0.209363654255867,0.209363654255867,0.27210578322410583,0.27210578322410583,0.5539
719,0.20921990275382996,0.20921990275382996,0.2717970013618469,0.2717970013618469,0.5544
720,0.20907707512378693,0.20907707512378693,0.2714903950691223,0.2714903950691223,0.5549
721,0.20893509685993195,0.20893509685993195,0.2711859345436096,0.2711859345436096,0.5554
722,0.20879407227039337,0.20879407227039337,0.27088385820388794,0.27088385820388794,0.5559
723,0.20865383744239807,0.20865383744239807,0.2705840468406677,0.2705840468406677,0.5564
724,0.2085145264863968,0.2085145264863968,0.2702866792678833,0.2702866792678833,0.5569
725,0.20837607979774475,0.20837607979774475,0.2699917256832123,0.2699917256832123,0.5574
726,0.20823845267295837,0.20823845267295837,0.2696990370750427,0.2696990370750427,0.5579
727,0.20810171961784363,0.20810171961784363,0.2694087624549866,0.2694087624549866,0.5584
728,0.20796580612659454,0.20796580612659454,0.26912054419517517,0.26912054419517517,0.5589
729,0.2078307420015335,0.2078307420015335,0.26883456110954285,0.26883456110954285,0.5594
730,0.20769648253917694,0.20769648253917694,0.2685505449771881,0.2685505449771881,0.5599
731,0.20756301283836365,0.20756301283836365,0.2682686150074005,0.2682686150074005,0.5604
732,0.2074303925037384,0.2074303925037384,0.2679886221885681,0.2679886221885681,0.5609
733,0.20729856193065643,0.20729856193065643,0.2677106261253357,0.2677106261253357,0.5614
734,0.20716753602027893,0.20716753602027893,0.26743465662002563,0.26743465662002563,0.5619
735,0.20703725516796112,0.20703725516796112,0.26716071367263794,0.26716071367263794,0.5625
736,0.20690779387950897,0.20690779387950897,0.266888827085495,0.266888827085495,0.563
737,0.2067791223526001,0.2067791223526001,0.2666190564632416,0.2666190564632416,0.5635
738,0.20665116608142853,0.20665116608142853,0.2663514018058777,0.2663514018058777,0.564
739,0.20652398467063904,0.20652398467063904,0.26608580350875854,0.26608580350875854,0.5645
740,0.20639757812023163,0.20639757812023163,0.2658223509788513,0.2658223509788513,0.565
741,0.20627188682556152,0.20627188682556152,0.2655608355998993,0.2655608355998993,0.5655
742,0.2061469852924347,0.2061469852924347,0.265301376581192,0.265301376581192,0.566
743,0.20602278411388397,0.20602278411388397,0.26504388451576233,0.26504388451576233,0.5665
744,0.20589928328990936,0.20589928328990936,0.26478812098503113,0.26478812098503113,0.567
745,0.20577652752399445,0.20577652752399445,0.2645342946052551,0.2645342946052551,0.5675
746,0.20565453171730042,0.20565453171730042,0.2642822265625,0.2642822265625,0.568
747,0.20553317666053772,0.20553317666053772,0.2640320062637329,0.2640320062637329,0.5685
748,0.20541255176067352,0.20541255176067352,0.2637835144996643,0.2637835144996643,0.569
749,0.20529261231422424,0.20529261231422424,0.2635369300842285,0.2635369300842285,0.5695
750,0.20517340302467346,0.20517340302467346,0.263292133808136,0.263292133808136,0.57
751,0.20505480468273163,0.20505480468273163,0.2630491852760315,0.2630491852760315,0.5705
752,0.2049369513988495,0.2049369513988495,0.26280805468559265,0.26280805468559265,0.571
753,0.20481976866722107,0.20481976866722107,0.26256877183914185,0.26256877183914185,0.5716
754,0.2047031819820404,0.2047031819820404,0.2623312771320343,0.2623312771320343,0.5721
755,0.20458737015724182,0.20458737015724182,0.26209554076194763,0.26209554076194763,0.5726
756,0.2044721394777298,0.2044721394777298,0.26186150312423706,0.26186150312423706,0.5731
757,0.2043575793504715,0.2043575793504715,0.26162928342819214,0.26162928342819214,0.5736
758,0.20424363017082214,0.20424363017082214,0.26139870285987854,0.26139870285987854,0.5741
759,0.2041303664445877,0.2041303664445877,0.26116976141929626,0.26116976141929626,0.5746
760,0.2040175497531891,0.2040175497531891,0.26094260811805725,0.26094260811805725,0.5751
761,0.2039051502943039,0.2039051502943039,0.26071688532829285,0.26071688532829285,0.5756
762,0.20379333198070526,0.20379333198070526,0.260492742061615,0.260492742061615,0.5761
763,0.20368210971355438,0.20368210971355438,0.26027005910873413,0.26027005910873413,0.5767
764,0.20357143878936768,0.20357143878936768,0.26004868745803833,0.26004868745803833,0.5772
765,0.20346136391162872,0.20346136391162872,0.25982871651649475,0.25982871651649475,0.5777
766,0.20335182547569275,0.20335182547569275,0.2596099078655243,0.2596099078655243,0.5782
767,0.20324286818504333,0.20324286818504333,0.2593924403190613,0.2593924403190613,0.5787
768,0.20313453674316406,0.20313453674316406,0.259176105260849,0.259176105260849,0.5792
769,0.20302674174308777,0.20302674174308777,0.2589609622955322,0.2589609622955322,0.5797
770,0.20291952788829803,0.20291952788829803,0.25874704122543335,0.25874704122543335,0.5802
771,0.20281288027763367,0.20281288027763367,0.2585344910621643,0.2585344910621643,0.5807
772,0.20270681381225586,0.20270681381225586,0.2583232820034027,0.2583232820034027,0.5812
773,0.20260131359100342,0.20260131359100342,0.25811338424682617,0.25811338424682617,0.5817
774,0.20249640941619873,0.20249640941619873,0.2579050660133362,0.2579050660133362,0.5822
775,0.20239205658435822,0.20239205658435822,0.2576981782913208,0.2576981782913208,0.5828
776,0.20228826999664307,0.20228826999664307,0.25749287009239197,0.25749287009239197,0.5833
777,0.2021850347518921,0.2021850347518921,0.2572891116142273,0.2572891116142273,0.5838
778,0.20208239555358887,0.20208239555358887,0.25708693265914917,0.25708693265914917,0.5843
779,0.20198027789592743,0.20198027789592743,0.2568863034248352,0.2568863034248352,0.5848
780,0.20187869668006897,0.20187869668006897,0.25668710470199585,0.25668710470199585,0.5853
781,0.20177769660949707,0.20177769660949707,0.25648945569992065,0.25648945569992065,0.5858
782,0.20167723298072815,0.20167723298072815,0.25629323720932007,0.25629323720932007,0.5863
783,0.2015773057937622,0.2015773057937622,0.2560984492301941,0.2560984492301941,0.5868
784,0.20147791504859924,0.20147791504859924,0.2559050917625427,0.2559050917625427,0.5873
785,0.20137909054756165,0.20137909054756165,0.2557130753993988,0.2557130753993988,0.5878
786,0.20128078758716583,0.20128078758716583,0.25552240014076233,0.25552240014076233,0.5883
787,0.20118296146392822,0.20118296146392822,0.2553330063819885,0.2553330063819885,0.5888
788,0.20108571648597717,0.20108571648597717,0.25514495372772217,0.25514495372772217,0.5893
789,0.20098893344402313,0.20098893344402313,0.25495821237564087,0.25495821237564087,0.5898
790,0.20089273154735565,0.20089273154735565,0.2547728419303894,0.2547728419303894,0.5904
791,0.20079703629016876,0.20079703629016876,0.25458887219429016,0.25458887219429016,0.5909
792,0.20070180296897888,0.20070180296897888,0.25440627336502075,0.25440627336502075,0.5914
793,0.20060710608959198,0.20060710608959198,0.254224956035614,0.254224956035614,0.5919
794,0.20051291584968567,0.20051291584968567,0.2540450692176819,0.2540450692176819,0.5924
795,0.20041918754577637,0.20041918754577637,0.2538664937019348,0.2538664937019348,0.5929
796,0.20032601058483124,0.20032601058483124,0.2536892890930176,0.2536892890930176,0.5934
797,0.20023326575756073,0.20023326575756073,0.2535133361816406,0.2535133361816406,0.5939
798,0.20014099776744843,0.20014099776744843,0.2533387839794159,0.2533387839794159,0.5944
799,0.2000492513179779,0.2000492513179779,0.2531655430793762,0.2531655430793762,0.5949
800,0.19995799660682678,0.19995799660682678,0.25299352407455444,0.25299352407455444,0.5954
801,0.19986717402935028,0.19986717402935028,0.25282278656959534,0.25282278656959534,0.5959
802,0.19977685809135437,0.19977685809135437,0.2526532709598541,0.2526532709598541,0.5964
803,0.19968697428703308,0.19968697428703308,0.2524850368499756,0.2524850368499756,0.5969
804,0.19959756731987,0.19959756731987,0.2523179054260254,0.2523179054260254,0.5974
805,0.1995086371898651,0.1995086371898651,0.2521520256996155,0.2521520256996155,0.598
806,0.19942013919353485,0.19942013919353485,0.2519873082637787,0.2519873082637787,0.5985
807,0.1993321180343628,0.1993321180343628,0.251823753118515,0.251823753118515,0.599
808,0.19924449920654297,0.19924449920654297,0.25166141986846924,0.25166141986846924,0.5995
809,0.19915738701820374,0.19915738701820374,0.2515002191066742,0.2515002191066742,0.6
810,0.19907069206237793,0.19907069206237793,0.25134027004241943,0.25134027004241943,0.6005
811,0.19898442924022675,0.19898442924022675,0.2511814534664154,0.2511814534664154,0.601
812,0.19889859855175018,0.19889859855175018,0.2510237693786621,0.2510237693786621,0.6015
813,0.19881322979927063,0.19881322979927063,0.2508673071861267,0.2508673071861267,0.602
814,0.19872824847698212,0.19872824847698212,0.25071200728416443,0.25071200728416443,0.6025
815,0.19864371418952942,0.19864371418952942,0.2505578398704529,0.2505578398704529,0.603
816,0.19855961203575134,0.19855961203575134,0.25040486454963684,0.25040486454963684,0.6035
817,0.1984759271144867,0.1984759271144867,0.25025293231010437,0.25025293231010437,0.604
818,0.19839264452457428,0.19839264452457428,0.25010210275650024,0.25010210275650024,0.6045
819,0.1983097493648529,0.1983097493648529,0.24995240569114685,0.24995240569114685,0.605
820,0.19822731614112854,0.19822731614112854,0.24980375170707703,0.24980375170707703,0.6055
821,0.19814524054527283,0.19814524054527283,0.24965620040893555,0.24965620040893555,0.606
822,0.19806359708309174,0.19806359708309174,0.24950972199440002,0.24950972199440002,0.6065
823,0.19798210263252258,0.19798210263252258,0.2493642270565033,0.2493642270565033,0.6071
824,0.19790033996105194,0.19790033996105194,0.2492121458053589,0.2492121458053589,0.6076
825,0.19781875610351562,0.19781875610351562,0.24905577301979065,0.24905577301979065,0.6081
826,0.19773735105991364,0.19773735105991364,0.24889826774597168,0.24889826774597168,0.6086
827,0.19765624403953552,0.19765624403953552,0.24874277412891388,0.24874277412891388,0.6091
828,0.19757544994354248,0.19757544994354248,0.24859187006950378,0.24859187006950378,0.6096
829,0.1974949836730957,0.1974949836730957,0.24844543635845184,0.24844543635845184,0.6101
830,0.19741472601890564,0.19741472601890564,0.24830403923988342,0.24830403923988342,0.6106
831,0.19733473658561707,0.19733473658561707,0.2481677085161209,0.2481677085161209,0.6111
832,0.1972550004720688,0.1972550004720688,0.24803486466407776,0.24803486466407776,0.6116
833,0.19717565178871155,0.19717565178871155,0.24790319800376892,0.24790319800376892,0.6121
834,0.19709661602973938,0.19709661602973938,0.247770756483078,0.247770756483078,0.6126
835,0.19701793789863586,0.19701793789863586,0.24763604998588562,0.24763604998588562,0.6131
836,0.19693969190120697,0.19693969190120697,0.24749846756458282,0.24749846756458282,0.6136
837,0.19686172902584076,0.19686172902584076,0.247358039021492,0.247358039021492,0.6142
838,0.19678416848182678,0.19678416848182678,0.24721574783325195,0.24721574783325195,0.6147
839,0.19670696556568146,0.19670696556568146,0.24707290530204773,0.24707290530204773,0.6152
840,0.1966301053762436,0.1966301053762436,0.24693088233470917,0.24693088233470917,0.6157
841,0.19655360281467438,0.19655360281467438,0.2467907965183258,0.2467907965183258,0.6162
842,0.1964774876832962,0.1964774876832962,0.2466535121202469,0.2466535121202469,0.6167
843,0.19640178978443146,0.19640178978443146,0.24651913344860077,0.24651913344860077,0.6172
844,0.19632646441459656,0.19632646441459656,0.24638739228248596,0.24638739228248596,0.6177
845,0.1962514966726303,0.1962514966726303,0.2462574988603592,0.2462574988603592,0.6182
846,0.1961769163608551,0.1961769163608551,0.24612870812416077,0.24612870812416077,0.6187
847,0.19610270857810974,0.19610270857810974,0.24600020051002502,0.24600020051002502,0.6192
848,0.19602887332439423,0.19602887332439423,0.24587157368659973,0.24587157368659973,0.6197
849,0.19595536589622498,0.19595536589622498,0.24574263393878937,0.24574263393878937,0.6203
850,0.19588224589824677,0.19588224589824677,0.24561357498168945,0.24561357498168945,0.6208
851,0.1958094984292984,0.1958094984292984,0.24548490345478058,0.24548490345478058,0.6213
852,0.1957370936870575,0.1957370936870575,0.2453572005033493,0.2453572005033493,0.6218
853,0.19566504657268524,0.19566504657268524,0.24523098766803741,0.24523098766803741,0.6223
854,0.19559338688850403,0.19559338688850403,0.24510666728019714,0.24510666728019714,0.6228
855,0.1955220252275467,0.1955220252275467,0.24498434364795685,0.24498434364795685,0.6233
856,0.1954510360956192,0.1954510360956192,0.24486394226551056,0.24486394226551056,0.6238
857,0.19538037478923798,0.19538037478923798,0.24474497139453888,0.24474497139453888,0.6243
858,0.1953100860118866,0.1953100860118866,0.24462707340717316,0.24462707340717316,0.6248
859,0.19524013996124268,0.19524013996124268,0.24450966715812683,0.24450966715812683,0.6253
860,0.19517047703266144,0.19517047703266144,0.24439242482185364,0.24439242482185364,0.6258
861,0.19510115683078766,0.19510115683078766,0.24427509307861328,0.24427509307861328,0.6264
862,0.19503220915794373,0.19503220915794373,0.24415774643421173,0.24415774643421173,0.6269
863,0.1949634999036789,0.1949634999036789,0.24404051899909973,0.24404051899909973,0.6274
864,0.1948951780796051,0.1948951780796051,0.2439238578081131,0.2439238578081131,0.6279
865,0.19482719898223877,0.19482719898223877,0.24380812048912048,0.24380812048912048,0.6284
866,0.19475948810577393,0.19475948810577393,0.24369359016418457,0.24369359016418457,0.6289
867,0.19469209015369415,0.19469209015369415,0.243580624461174,0.243580624461174,0.6294
868,0.19462502002716064,0.19462502002716064,0.24346923828125,0.24346923828125,0.6299
869,0.1945582777261734,0.1945582777261734,0.24335937201976776,0.24335937201976776,0.6304
870,0.19449183344841003,0.19449183344841003,0.24325084686279297,0.24325084686279297,0.6309
871,0.19442565739154816,0.19442565739154816,0.24314329028129578,0.24314329028129578,0.6314
872,0.19435980916023254,0.19435980916023254,0.24303659796714783,0.24303659796714783,0.6319
873,0.19429424405097961,0.19429424405097961,0.24293041229248047,0.24293041229248047,0.6324
874,0.19422897696495056,0.19422897696495056,0.24282467365264893,0.24282467365264893,0.6329
875,0.1941639930009842,0.1941639930009842,0.24271929264068604,0.24271929264068604,0.6334
876,0.1940993219614029,0.1940993219614029,0.24261435866355896,0.24261435866355896,0.6339
877,0.19403493404388428,0.19403493404388428,0.24251008033752441,0.24251008033752441,0.6345
878,0.19397082924842834,0.19397082924842834,0.2424064576625824,0.2424064576625824,0.635
879,0.1939069926738739,0.1939069926738739,0.24230380356311798,0.24230380356311798,0.6355
880,0.19384343922138214,0.19384343922138214,0.24220208823680878,0.24220208823680878,0.636
881,0.19378019869327545,0.19378019869327545,0.24210138618946075,0.24210138618946075,0.6365
882,0.19371721148490906,0.19371721148490906,0.24200160801410675,0.24200160801410675,0.637
883,0.19365449249744415,0.19365449249744415,0.24190263450145721,0.24190263450145721,0.6375
884,0.19359204173088074,0.19359204173088074,0.2418043166399002,0.2418043166399002,0.638
885,0.1935298889875412,0.1935298889875412,0.24170663952827454,0.24170663952827454,0.6385
886,0.19346798956394196,0.19346798956394196,0.2416093796491623,0.2416093796491623,0.639
887,0.1934063732624054,0.1934063732624054,0.24151262640953064,0.24151262640953064,0.6395
888,0.19334499537944794,0.19334499537944794,0.2414163053035736,0.2414163053035736,0.64
889,0.19328388571739197,0.19328388571739197,0.24132056534290314,0.24132056534290314,0.6406
890,0.19322305917739868,0.19322305917739868,0.24122539162635803,0.24122539162635803,0.6411
891,0.1931624710559845,0.1931624710559845,0.24113087356090546,0.24113087356090546,0.6416
892,0.19310210645198822,0.19310210645198822,0.241037055850029,0.241037055850029,0.6421
893,0.19304202497005463,0.19304202497005463,0.24094398319721222,0.24094398319721222,0.6426
894,0.19298221170902252,0.19298221170902252,0.24085159599781036,0.24085159599781036,0.6431
895,0.19292263686656952,0.19292263686656952,0.24075989425182343,0.24075989425182343,0.6436
896,0.19286330044269562,0.19286330044269562,0.24066881835460663,0.24066881835460663,0.6441
897,0.1928042620420456,0.1928042620420456,0.24057824909687042,0.24057824909687042,0.6446
898,0.1927454024553299,0.1927454024553299,0.240488201379776,0.240488201379776,0.6451
899,0.19268684089183807,0.19268684089183807,0.24039873480796814,0.24039873480796814,0.6456
900,0.19262847304344177,0.19262847304344177,0.2403097152709961,0.2403097152709961,0.6461
901,0.19257035851478577,0.19257035851478577,0.24022126197814941,0.24022126197814941,0.6466
902,0.19251248240470886,0.19251248240470886,0.24013344943523407,0.24013344943523407,0.6471
903,0.19245484471321106,0.19245484471321106,0.2400461733341217,0.2400461733341217,0.6477
904,0.19239744544029236,0.19239744544029236,0.23995956778526306,0.23995956778526306,0.6482
905,0.19234029948711395,0.19234029948711395,0.23987364768981934,0.23987364768981934,0.6487
906,0.19228336215019226,0.19228336215019226,0.23978832364082336,0.23978832364082336,0.6492
907,0.19222664833068848,0.19222664833068848,0.23970358073711395,0.23970358073711395,0.6497
908,0.1921701580286026,0.1921701580286026,0.23961946368217468,0.23961946368217468,0.6502
909,0.19211392104625702,0.19211392104625702,0.23953576385974884,0.23953576385974884,0.6507
910,0.19205787777900696,0.19205787777900696,0.23945260047912598,0.23945260047912598,0.6512
911,0.1920023411512375,0.1920023411512375,0.23936982452869415,0.23936982452869415,0.6517
912,0.19194680452346802,0.19194680452346802,0.23928722739219666,0.23928722739219666,0.6522
913,0.1918908804655075,0.1918908804655075,0.23920509219169617,0.23920509219169617,0.6527
914,0.19183479249477386,0.19183479249477386,0.2391241490840912,0.2391241490840912,0.6533
915,0.19177941977977753,0.19177941977977753,0.23904499411582947,0.23904499411582947,0.6538
916,0.19172418117523193,0.19172418117523193,0.23896828293800354,0.23896828293800354,0.6543
917,0.19166889786720276,0.19166889786720276,0.23889318108558655,0.23889318108558655,0.6548
918,0.1916135996580124,0.1916135996580124,0.23881857097148895,0.23881857097148895,0.6553
919,0.19155831634998322,0.19155831634998322,0.23874309659004211,0.23874309659004211,0.6558
920,0.19150306284427643,0.19150306284427643,0.23866549134254456,0.23866549134254456,0.6563
921,0.19144845008850098,0.19144845008850098,0.2385852336883545,0.2385852336883545,0.6568
922,0.19139400124549866,0.19139400124549866,0.23850205540657043,0.23850205540657043,0.6573
923,0.19133949279785156,0.19133949279785156,0.23841729760169983,0.23841729760169983,0.6578
924,0.19128504395484924,0.19128504395484924,0.2383328378200531,0.2383328378200531,0.6583
925,0.1912306845188141,0.1912306845188141,0.23825101554393768,0.23825101554393768,0.6588
926,0.19117650389671326,0.19117650389671326,0.23817339539527893,0.23817339539527893,0.6593
927,0.19112282991409302,0.19112282991409302,0.23810067772865295,0.23810067772865295,0.6598
928,0.1910690814256668,0.1910690814256668,0.23803198337554932,0.23803198337554932,0.6603
929,0.19101563096046448,0.19101563096046448,0.237965390086174,0.237965390086174,0.6608
930,0.19096246361732483,0.19096246361732483,0.2378983050584793,0.2378983050584793,0.6613
931,0.19090935587882996,0.19090935587882996,0.23782864212989807,0.23782864212989807,0.6618
932,0.19085636734962463,0.19085636734962463,0.23775558173656464,0.23775558173656464,0.6623
933,0.19080379605293274,0.19080379605293274,0.2376791536808014,0.2376791536808014,0.6629
934,0.1907513588666916,0.1907513588666916,0.2376006543636322,0.2376006543636322,0.6634
935,0.19069890677928925,0.19069890677928925,0.2375212013721466,0.2375212013721466,0.6639
936,0.19064679741859436,0.19064679741859436,0.23744197189807892,0.23744197189807892,0.6644
937,0.19059495627880096,0.19059495627880096,0.23736372590065002,0.23736372590065002,0.6649
938,0.19054315984249115,0.19054315984249115,0.23728719353675842,0.23728719353675842,0.6654
939,0.19049152731895447,0.19049152731895447,0.23721309006214142,0.23721309006214142,0.6659
940,0.19044014811515808,0.19044014811515808,0.2371416538953781,0.2371416538953781,0.6664
941,0.1903890073299408,0.1903890073299408,0.2370726764202118,0.2370726764202118,0.6669
942,0.1903378963470459,0.1903378963470459,0.23700526356697083,0.23700526356697083,0.6674
943,0.190287247300148,0.190287247300148,0.23693792521953583,0.23693792521953583,0.6679
944,0.19023671746253967,0.19023671746253967,0.23686937987804413,0.23686937987804413,0.6684
945,0.1901862770318985,0.1901862770318985,0.23679900169372559,0.23679900169372559,0.6689
946,0.1901359260082245,0.1901359260082245,0.23672690987586975,0.23672690987586975,0.6694
947,0.19008572399616241,0.19008572399616241,0.23665399849414825,0.23665399849414825,0.6699
948,0.190035879611969,0.190035879611969,0.23658141493797302,0.23658141493797302,0.6704
949,0.18998616933822632,0.18998616933822632,0.236509770154953,0.236509770154953,0.6709
950,0.18993663787841797,0.18993663787841797,0.236439511179924,0.236439511179924,0.6714
951,0.18988725543022156,0.18988725543022156,0.23637071251869202,0.23637071251869202,0.672
952,0.18983814120292664,0.18983814120292664,0.2363031804561615,0.2363031804561615,0.6725
953,0.18978911638259888,0.18978911638259888,0.23623666167259216,0.23623666167259216,0.673
954,0.18974030017852783,0.18974030017852783,0.236170694231987,0.236170694231987,0.6735
955,0.1896916776895523,0.1896916776895523,0.23610500991344452,0.23610500991344452,0.674
956,0.18964320421218872,0.18964320421218872,0.23603935539722443,0.23603935539722443,0.6745
957,0.189595028758049,0.189595028758049,0.23597374558448792,0.23597374558448792,0.675
958,0.1895468384027481,0.1895468384027481,0.23590824007987976,0.23590824007987976,0.6755
959,0.1894989311695099,0.1894989311695099,0.2358429878950119,0.2358429878950119,0.676
960,0.18945126235485077,0.18945126235485077,0.2357780933380127,0.2357780933380127,0.6765
961,0.18940366804599762,0.18940366804599762,0.23571372032165527,0.23571372032165527,0.677
962,0.18935616314411163,0.18935616314411163,0.2356502115726471,0.2356502115726471,0.6775
963,0.18930883705615997,0.18930883705615997,0.2355879843235016,0.2355879843235016,0.678
964,0.18926182389259338,0.18926182389259338,0.2355271875858307,0.2355271875858307,0.6785
965,0.18921491503715515,0.18921491503715515,0.23546776175498962,0.23546776175498962,0.679
966,0.18916794657707214,0.18916794657707214,0.2354089766740799,0.2354089766740799,0.6795
967,0.18912139534950256,0.18912139534950256,0.23535025119781494,0.23535025119781494,0.68
968,0.18907491862773895,0.18907491862773895,0.23529095947742462,0.23529095947742462,0.6805
969,0.18902859091758728,0.18902859091758728,0.2352309226989746,0.2352309226989746,0.6811
970,0.1889825165271759,0.1889825165271759,0.23517020046710968,0.23517020046710968,0.6816
971,0.1889365166425705,0.1889365166425705,0.2351091355085373,0.2351091355085373,0.6821
972,0.18889066576957703,0.18889066576957703,0.23504850268363953,0.23504850268363953,0.6826
973,0.18884506821632385,0.18884506821632385,0.23498888313770294,0.23498888313770294,0.6831
974,0.18879947066307068,0.18879947066307068,0.23493044078350067,0.23493044078350067,0.6836
975,0.18875423073768616,0.18875423073768616,0.2348732054233551,0.2348732054233551,0.6841
976,0.1887090504169464,0.1887090504169464,0.23481705784797668,0.23481705784797668,0.6846
977,0.188664048910141,0.188664048910141,0.2347615510225296,0.2347615510225296,0.6851
978,0.18861913681030273,0.18861913681030273,0.23470637202262878,0.23470637202262878,0.6856
979,0.18857428431510925,0.18857428431510925,0.23465147614479065,0.23465147614479065,0.6861
980,0.1885295957326889,0.1885295957326889,0.2345968782901764,0.2345968782901764,0.6866
981,0.188485249876976,0.188485249876976,0.23454275727272034,0.23454275727272034,0.6871
982,0.18844091892242432,0.18844091892242432,0.23448872566223145,0.23448872566223145,0.6876
983,0.188396617770195,0.188396617770195,0.2344346046447754,0.2344346046447754,0.6881
984,0.18835261464118958,0.18835261464118958,0.2343803346157074,0.2343803346157074,0.6886
985,0.1883087456226349,0.1883087456226349,0.23432564735412598,0.23432564735412598,0.6891
986,0.18826499581336975,0.18826499581336975,0.23427076637744904,0.23427076637744904,0.6897
987,0.18822135031223297,0.18822135031223297,0.23421597480773926,0.23421597480773926,0.6902
988,0.18817779421806335,0.18817779421806335,0.23416189849376678,0.23416189849376678,0.6907
989,0.18813467025756836,0.18813467025756836,0.2341090738773346,0.2341090738773346,0.6912
990,0.18809136748313904,0.18809136748313904,0.23405721783638,0.23405721783638,0.6917
991,0.18804827332496643,0.18804827332496643,0.23400604724884033,0.23400604724884033,0.6922
992,0.18800540268421173,0.18800540268421173,0.23395557701587677,0.23395557701587677,0.6927
993,0.18796265125274658,0.18796265125274658,0.23390516638755798,0.23390516638755798,0.6932
994,0.1879199743270874,0.1879199743270874,0.23385462164878845,0.23385462164878845,0.6937
995,0.18787741661071777,0.18787741661071777,0.23380398750305176,0.23380398750305176,0.6942
996,0.1878349781036377,0.1878349781036377,0.2337534874677658,0.2337534874677658,0.6947
997,0.18779270350933075,0.18779270350933075,0.23370370268821716,0.23370370268821716,0.6952
998,0.18775048851966858,0.18775048851966858,0.2336547076702118,0.2336547076702118,0.6957
999,0.18770866096019745,0.18770866096019745,0.23360690474510193,0.23360690474510193,0.6962
1000,0.18766668438911438,0.18766668438911438,0.23355929553508759,0.23355929553508759,0.7005
1001,0.18762485682964325,0.18762485682964325,0.23351147770881653,0.23351147770881653,0.7014
1002,0.18758326768875122,0.18758326768875122,0.23346325755119324,0.23346325755119324,0.7019
1003,0.18754182755947113,0.18754182755947113,0.23341432213783264,0.23341432213783264,0.7024
1004,0.18750044703483582,0.18750044703483582,0.23336458206176758,0.23336458206176758,0.703
1005,0.18745915591716766,0.18745915591716766,0.2333146035671234,0.2333146035671234,0.7035
1006,0.18741798400878906,0.18741798400878906,0.23326516151428223,0.23326516151428223,0.704
1007,0.1873769313097,0.1873769313097,0.23321709036827087,0.23321709036827087,0.7046
1008,0.1873359978199005,0.1873359978199005,0.23317083716392517,0.23317083716392517,0.7051
1009,0.18729518353939056,0.18729518353939056,0.23312659561634064,0.23312659561634064,0.7056
1010,0.18725451827049255,0.18725451827049255,0.23308400809764862,0.23308400809764862,0.7061
1011,0.18721406161785126,0.18721406161785126,0.23304244875907898,0.23304244875907898,0.7066
1012,0.1871735006570816,0.1871735006570816,0.2330002337694168,0.2330002337694168,0.7072
1013,0.18713319301605225,0.18713319301605225,0.23295721411705017,0.23295721411705017,0.7077
1014,0.18709298968315125,0.18709298968315125,0.2329128235578537,0.2329128235578537,0.7082
1015,0.1870528906583786,0.1870528906583786,0.23286683857440948,0.23286683857440948,0.7087
1016,0.1870129257440567,0.1870129257440567,0.23281988501548767,0.23281988501548767,0.7092
1017,0.18697303533554077,0.18697303533554077,0.23277267813682556,0.23277267813682556,0.7097
1018,0.1869332641363144,0.1869332641363144,0.23272624611854553,0.23272624611854553,0.7103
1019,0.18689362704753876,0.18689362704753876,0.23268136382102966,0.23268136382102966,0.7108
1020,0.1868540495634079,0.1868540495634079,0.2326384037733078,0.2326384037733078,0.7113
1021,0.18681468069553375,0.18681468069553375,0.2325974404811859,0.2325974404811859,0.7118
1022,0.1867752969264984,0.1867752969264984,0.23255786299705505,0.23255786299705505,0.7123
1023,0.18673613667488098,0.18673613667488098,0.2325190007686615,0.2325190007686615,0.7129
1024,0.18669700622558594,0.18669700622558594,0.23247909545898438,0.23247909545898438,0.7134
1025,0.18665803968906403,0.18665803968906403,0.23243828117847443,0.23243828117847443,0.7139
1026,0.1866191327571869,0.1866191327571869,0.23239600658416748,0.23239600658416748,0.7144
1027,0.1865803450345993,0.1865803450345993,0.23235245048999786,0.23235245048999786,0.7149
1028,0.18654164671897888,0.18654164671897888,0.23230819404125214,0.23230819404125214,0.7155
1029,0.18650305271148682,0.18650305271148682,0.23226408660411835,0.23226408660411835,0.716
1030,0.1864645630121231,0.1864645630121231,0.23222097754478455,0.23222097754478455,0.7165
1031,0.18642617762088776,0.18642617762088776,0.2321794480085373,0.2321794480085373,0.717
1032,0.18638788163661957,0.18638788163661957,0.2321397364139557,0.2321397364139557,0.7175
1033,0.18634968996047974,0.18634968996047974,0.23210155963897705,0.23210155963897705,0.718
1034,0.18631157279014587,0.18631157279014587,0.2320643663406372,0.2320643663406372,0.7185
1035,0.18627357482910156,0.18627357482910156,0.23202741146087646,0.23202741146087646,0.719
1036,0.18623563647270203,0.18623563647270203,0.2319900542497635,0.2319900542497635,0.7195
1037,0.18619787693023682,0.18619787693023682,0.23195187747478485,0.23195187747478485,0.7201
1038,0.18616017699241638,0.18616017699241638,0.23191270232200623,0.23191270232200623,0.7206
1039,0.1861225664615631,0.1861225664615631,0.2318727970123291,0.2318727970123291,0.7211
1040,0.1860850304365158,0.1860850304365158,0.2318325936794281,0.2318325936794281,0.7216
1041,0.18604762852191925,0.18604762852191925,0.23179268836975098,0.23179268836975098,0.7221
1042,0.18601030111312866,0.18601030111312866,0.23175358772277832,0.23175358772277832,0.7226
1043,0.18597301840782166,0.18597301840782166,0.23171548545360565,0.23171548545360565,0.7231
1044,0.1859355866909027,0.1859355866909027,0.2316785752773285,0.2316785752773285,0.7237
1045,0.185897558927536,0.185897558927536,0.23164251446723938,0.23164251446723938,0.7242
1046,0.18585939705371857,0.18585939705371857,0.23160672187805176,0.23160672187805176,0.7247
1047,0.18582114577293396,0.18582114577293396,0.23157067596912384,0.23157067596912384,0.7252
1048,0.18578284978866577,0.18578284978866577,0.23153415322303772,0.23153415322303772,0.7257
1049,0.1857444941997528,0.1857444941997528,0.231496661901474,0.231496661901474,0.7262
1050,0.18570606410503387,0.18570606410503387,0.23145827651023865,0.23145827651023865,0.7267
1051,0.18566758930683136,0.18566758930683136,0.23141923546791077,0.23141923546791077,0.7272
1052,0.18562909960746765,0.18562909960746765,0.23137974739074707,0.23137974739074707,0.7277
1053,0.18559053540229797,0.18559053540229797,0.2313401699066162,0.2313401699066162,0.7282
1054,0.1855519860982895,0.1855519860982895,0.23130092024803162,0.23130092024803162,0.7288
1055,0.18551339209079742,0.18551339209079742,0.23126208782196045,0.23126208782196045,0.7293
1056,0.18547478318214417,0.18547478318214417,0.23122377693653107,0.23122377693653107,0.7298
1057,0.1854361742734909,0.1854361742734909,0.2311858832836151,0.2311858832836151,0.7303
1058,0.18539753556251526,0.18539753556251526,0.23114824295043945,0.23114824295043945,0.7308
1059,0.185358926653862,0.185358926653862,0.2311108112335205,0.2311108112335205,0.7313
1060,0.18532028794288635,0.18532028794288635,0.2310732901096344,0.2310732901096344,0.7318
1061,0.1852816790342331,0.1852816790342331,0.23103585839271545,0.23103585839271545,0.7323
1062,0.18524305522441864,0.18524305522441864,0.2309984266757965,0.2309984266757965,0.7329
1063,0.185204416513443,0.185204416513443,0.2309611737728119,0.2309611737728119,0.7334
1064,0.18516585230827332,0.18516585230827332,0.23092412948608398,0.23092412948608398,0.7339
1065,0.18512727320194244,0.18512727320194244,0.23088741302490234,0.23088741302490234,0.7344
1066,0.18508867919445038,0.18508867919445038,0.23085100948810577,0.23085100948810577,0.7349
1067,0.1850501447916031,0.1850501447916031,0.23081497848033905,0.23081497848033905,0.7354
1068,0.1850115954875946,0.1850115954875946,0.23077917098999023,0.23077917098999023,0.7359
1069,0.1849730759859085,0.1849730759859085,0.23074348270893097,0.23074348270893097,0.7364
1070,0.184934601187706,0.184934601187706,0.23070783913135529,0.23070783913135529,0.7369
1071,0.18489612638950348,0.18489612638950348,0.23067131638526917,0.23067131638526917,0.7374
1072,0.18485769629478455,0.18485769629478455,0.23063476383686066,0.23063476383686066,0.7379
1073,0.1848192811012268,0.1848192811012268,0.2305983603000641,0.2305983603000641,0.7384
1074,0.18478089570999146,0.18478089570999146,0.23056216537952423,0.23056216537952423,0.7389
1075,0.1847425401210785,0.1847425401210785,0.23052625358104706,0.23052625358104706,0.7395
1076,0.18470421433448792,0.18470421433448792,0.23049072921276093,0.23049072921276093,0.74
1077,0.18466593325138092,0.18466593325138092,0.23045560717582703,0.23045560717582703,0.7405
1078,0.1846276819705963,0.1846276819705963,0.23042090237140656,0.23042090237140656,0.741
1079,0.1845894306898117,0.1845894306898117,0.23038645088672638,0.23038645088672638,0.7415
1080,0.18455125391483307,0.18455125391483307,0.2303522527217865,0.2303522527217865,0.742
1081,0.184513121843338,0.184513121843338,0.23031826317310333,0.23031826317310333,0.7425
1082,0.18447501957416534,0.18447501957416534,0.23028430342674255,0.23028430342674255,0.743
1083,0.18443694710731506,0.18443694710731506,0.23025040328502655,0.23025040328502655,0.7438
1084,0.1843959540128708,0.1843959540128708,0.2302166223526001,0.2302166223526001,0.7444
1085,0.18435338139533997,0.18435338139533997,0.23018240928649902,0.23018240928649902,0.745
1086,0.18431010842323303,0.18431010842323303,0.23014751076698303,0.23014751076698303,0.7456
1087,0.18426614999771118,0.18426614999771118,0.2301117479801178,0.2301117479801178,0.7462
1088,0.18422159552574158,0.18422159552574158,0.2300749272108078,0.2300749272108078,0.7467
1089,0.18417653441429138,0.18417653441429138,0.230037122964859,0.230037122964859,0.7472
1090,0.18413099646568298,0.18413099646568298,0.22999855875968933,0.22999855875968933,0.7478
1091,0.18408505618572235,0.18408505618572235,0.22995948791503906,0.22995948791503906,0.7483
1092,0.18403871357440948,0.18403871357440948,0.22991998493671417,0.22991998493671417,0.7488
1093,0.18399210274219513,0.18399210274219513,0.2298804223537445,0.2298804223537445,0.7494
1094,0.1839451640844345,0.1839451640844345,0.22984075546264648,0.22984075546264648,0.7499
1095,0.18389803171157837,0.18389803171157837,0.2298012226819992,0.2298012226819992,0.7504
1096,0.18385064601898193,0.18385064601898193,0.22976168990135193,0.22976168990135193,0.7509
1097,0.18380311131477356,0.18380311131477356,0.22972223162651062,0.22972223162651062,0.7515
1098,0.18375542759895325,0.18375542759895325,0.22968272864818573,0.22968272864818573,0.752
1099,0.18370763957500458,0.18370763957500458,0.22964325547218323,0.22964325547218323,0.7525
1100,0.18365976214408875,0.18365976214408875,0.22960388660430908,0.22960388660430908,0.7531
1101,0.18361179530620575,0.18361179530620575,0.2295646220445633,0.2295646220445633,0.7536
1102,0.18356379866600037,0.18356379866600037,0.22952556610107422,0.22952556610107422,0.7541
1103,0.18351580202579498,0.18351580202579498,0.22948667407035828,0.22948667407035828,0.7546
1104,0.1834677755832672,0.1834677755832672,0.22944800555706024,0.22944800555706024,0.7552
1105,0.18341979384422302,0.18341979384422302,0.22940948605537415,0.22940948605537415,0.7557
1106,0.1833718717098236,0.1833718717098236,0.22937104105949402,0.22937104105949402,0.7562
1107,0.1833239495754242,0.1833239495754242,0.22933265566825867,0.22933265566825867,0.7568
1108,0.18327613174915314,0.18327613174915314,0.22929434478282928,0.22929434478282928,0.7573
1109,0.18322840332984924,0.18322840332984924,0.2292560636997223,0.2292560636997223,0.7579
1110,0.18318073451519012,0.18318073451519012,0.22921784222126007,0.22921784222126007,0.7584
1111,0.18313319981098175,0.18313319981098175,0.22917985916137695,0.22917985916137695,0.7589
1112,0.18308579921722412,0.18308579921722412,0.22914209961891174,0.22914209961891174,0.7594
1113,0.18303850293159485,0.18303850293159485,0.22910471260547638,0.22910471260547638,0.7599
1114,0.18299135565757751,0.18299135565757751,0.22906765341758728,0.22906765341758728,0.7605
1115,0.18294435739517212,0.18294435739517212,0.2290310114622116,0.2290310114622116,0.761
1116,0.18289753794670105,0.18289753794670105,0.22899475693702698,0.22899475693702698,0.7615
1117,0.1828508973121643,0.1828508973121643,0.2289588898420334,0.2289588898420334,0.7621
1118,0.1828044056892395,0.1828044056892395,0.2289232313632965,0.2289232313632965,0.7626
1119,0.1827581226825714,0.1827581226825714,0.22888775169849396,0.22888775169849396,0.7631
1120,0.18269696831703186,0.18269696831703186,0.22885246574878693,0.22885246574878693,0.7636
1121,0.18263407051563263,0.18263407051563263,0.22881948947906494,0.22881948947906494,0.7642
1122,0.1825694739818573,0.1825694739818573,0.22878733277320862,0.22878733277320862,0.7647
1123,0.18250374495983124,0.18250374495983124,0.22875449061393738,0.22875449061393738,0.7652
1124,0.18243737518787384,0.18243737518787384,0.22871971130371094,0.22871971130371094,0.7657
1125,0.18237069249153137,0.18237069249153137,0.22868278622627258,0.22868278622627258,0.7662
1126,0.18230393528938293,0.18230393528938293,0.228644460439682,0.228644460439682,0.7668
1127,0.18223750591278076,0.18223750591278076,0.228606179356575,0.228606179356575,0.7673
1128,0.18217162787914276,0.18217162787914276,0.22856967151165009,0.22856967151165009,0.7678
1129,0.18210648000240326,0.18210648000240326,0.22853624820709229,0.22853624820709229,0.7683
1130,0.1820422112941742,0.1820422112941742,0.2285062074661255,0.2285062074661255,0.7689
1131,0.18197886645793915,0.18197886645793915,0.22847899794578552,0.22847899794578552,0.7694
1132,0.18191656470298767,0.18191656470298767,0.22845344245433807,0.22845344245433807,0.7699
1133,0.18185529112815857,0.18185529112815857,0.2284279316663742,0.2284279316663742,0.7705
1134,0.181795135140419,0.181795135140419,0.2284008264541626,0.2284008264541626,0.771
1135,0.1817360669374466,0.1817360669374466,0.2283710241317749,0.2283710241317749,0.7715
1136,0.18167810142040253,0.18167810142040253,0.22833815217018127,0.22833815217018127,0.7721
1137,0.1816212385892868,0.1816212385892868,0.22830252349376678,0.22830252349376678,0.7726
1138,0.18156547844409943,0.18156547844409943,0.2282624989748001,0.2282624989748001,0.7731
1139,0.18151167035102844,0.18151167035102844,0.22821828722953796,0.22821828722953796,0.7737
1140,0.18146063387393951,0.18146063387393951,0.2281743586063385,0.2281743586063385,0.7742
1141,0.18141049146652222,0.18141049146652222,0.22813086211681366,0.22813086211681366,0.7748
1142,0.18136127293109894,0.18136127293109894,0.22808806598186493,0.22808806598186493,0.7753
1143,0.18131284415721893,0.18131284415721893,0.2280455380678177,0.2280455380678177,0.7759
1144,0.1812652051448822,0.1812652051448822,0.22800295054912567,0.22800295054912567,0.7764
1145,0.18121826648712158,0.18121826648712158,0.22795984148979187,0.22795984148979187,0.777
1146,0.18117201328277588,0.18117201328277588,0.2279159277677536,0.2279159277677536,0.7775
1147,0.18112626671791077,0.18112626671791077,0.22787117958068848,0.22787117958068848,0.778
1148,0.1810811161994934,0.1810811161994934,0.22782592475414276,0.22782592475414276,0.7785
1149,0.18103644251823425,0.18103644251823425,0.22778072953224182,0.22778072953224182,0.7791
1150,0.1809922158718109,0.1809922158718109,0.2277361899614334,0.2277361899614334,0.7796
1151,0.1809484362602234,0.1809484362602234,0.22769281268119812,0.22769281268119812,0.7801
1152,0.1809050738811493,0.1809050738811493,0.2276509702205658,0.2276509702205658,0.7806
1153,0.18086203932762146,0.18086203932762146,0.22761070728302002,0.22761070728302002,0.7812
1154,0.1808193325996399,0.1808193325996399,0.22757180035114288,0.22757180035114288,0.7817
1155,0.1807769536972046,0.1807769536972046,0.22753386199474335,0.22753386199474335,0.7822
1156,0.18073484301567078,0.18073484301567078,0.22749647498130798,0.22749647498130798,0.7827
1157,0.18069306015968323,0.18069306015968323,0.2274594008922577,0.2274594008922577,0.7833
1158,0.18065154552459717,0.18065154552459717,0.2274184674024582,0.2274184674024582,0.7838
1159,0.1806102693080902,0.1806102693080902,0.22737526893615723,0.22737526893615723,0.7843
1160,0.18056932091712952,0.18056932091712952,0.22733239829540253,0.22733239829540253,0.7848
1161,0.18052858114242554,0.18052858114242554,0.2272900640964508,0.2272900640964508,0.7854
1162,0.18048812448978424,0.18048812448978424,0.22724851965904236,0.22724851965904236,0.7859
1163,0.18044789135456085,0.18044789135456085,0.22720792889595032,0.22720792889595032,0.7864
1164,0.18040792644023895,0.18040792644023895,0.22716832160949707,0.22716832160949707,0.7869
1165,0.18036815524101257,0.18036815524101257,0.22712945938110352,0.22712945938110352,0.7874
1166,0.18032865226268768,0.18032865226268768,0.22709116339683533,0.22709116339683533,0.788
1167,0.1802893877029419,0.1802893877029419,0.22705312073230743,0.22705312073230743,0.7885
1168,0.1802503764629364,0.1802503764629364,0.22701521217823029,0.22701521217823029,0.789
1169,0.18021151423454285,0.18021151423454285,0.2269771844148636,0.2269771844148636,0.7895
1170,0.18017293512821198,0.18017293512821198,0.2269393503665924,0.2269393503665924,0.79
1171,0.18013453483581543,0.18013453483581543,0.2269016057252884,0.2269016057252884,0.7906
1172,0.1800963580608368,0.1800963580608368,0.22686424851417542,0.22686424851417542,0.7911
1173,0.18005840480327606,0.18005840480327606,0.22682733833789825,0.22682733833789825,0.7916
1174,0.18002063035964966,0.18002063035964966,0.22679099440574646,0.22679099440574646,0.7922
1175,0.17998267710208893,0.17998267710208893,0.22675523161888123,0.22675523161888123,0.7927
1176,0.1799408495426178,0.1799408495426178,0.22671914100646973,0.22671914100646973,0.7932
1177,0.17989802360534668,0.17989802360534668,0.22668209671974182,0.22668209671974182,0.7937
1178,0.1798543632030487,0.1798543632030487,0.22664329409599304,0.22664329409599304,0.7942
1179,0.17980988323688507,0.17980988323688507,0.22660203278064728,0.22660203278064728,0.7948
1180,0.1797647774219513,0.1797647774219513,0.22655805945396423,0.22655805945396423,0.7953
1181,0.17971917986869812,0.17971917986869812,0.2265116423368454,0.2265116423368454,0.7958
1182,0.17967316508293152,0.17967316508293152,0.22646312415599823,0.22646312415599823,0.7963
1183,0.17962682247161865,0.17962682247161865,0.226413294672966,0.226413294672966,0.7969
1184,0.17958025634288788,0.17958025634288788,0.22636261582374573,0.22636261582374573,0.7974
1185,0.17953357100486755,0.17953357100486755,0.22631168365478516,0.22631168365478516,0.798
1186,0.17948684096336365,0.17948684096336365,0.22626061737537384,0.22626061737537384,0.7985
1187,0.17944009602069855,0.17944009602069855,0.22620931267738342,0.22620931267738342,0.7991
1188,0.1793934404850006,0.1793934404850006,0.2261577546596527,0.2261577546596527,0.7996
1189,0.17934685945510864,0.17934685945510864,0.22610552608966827,0.22610552608966827,0.8001
1190,0.17930039763450623,0.17930039763450623,0.2260509431362152,0.2260509431362152,0.8007
1191,0.17925409972667694,0.17925409972667694,0.22599585354328156,0.22599585354328156,0.8012
1192,0.17920799553394318,0.17920799553394318,0.22594046592712402,0.22594046592712402,0.8018
1193,0.17916209995746613,0.17916209995746613,0.2258850783109665,0.2258850783109665,0.8023
1194,0.1791163980960846,0.1791163980960846,0.22582998871803284,0.22582998871803284,0.8028
1195,0.17907088994979858,0.17907088994979858,0.22577527165412903,0.22577527165412903,0.8034
1196,0.17902560532093048,0.17902560532093048,0.22572112083435059,0.22572112083435059,0.8039
1197,0.17898057401180267,0.17898057401180267,0.2256673276424408,0.2256673276424408,0.8045
1198,0.17893576622009277,0.17893576622009277,0.2256138026714325,0.2256138026714325,0.805
1199,0.1788901388645172,0.1788901388645172,0.22556039690971375,0.22556039690971375,0.8055
1200,0.1788451373577118,0.1788451373577118,0.2255081683397293,0.2255081683397293,0.8061
1201,0.17879992723464966,0.17879992723464966,0.22545742988586426,0.22545742988586426,0.8066
1202,0.17875449359416962,0.17875449359416962,0.2254054993391037,0.2254054993391037,0.8074
1203,0.17870904505252838,0.17870904505252838,0.2253526747226715,0.2253526747226715,0.8081
1204,0.17866364121437073,0.17866364121437073,0.22529974579811096,0.22529974579811096,0.8087
1205,0.17861834168434143,0.17861834168434143,0.22524778544902802,0.22524778544902802,0.8093
1206,0.17857325077056885,0.17857325077056885,0.2251977026462555,0.2251977026462555,0.8098
1207,0.178528293967247,0.178528293967247,0.22515007853507996,0.22515007853507996,0.8104
1208,0.17848354578018188,0.17848354578018188,0.2251048982143402,0.2251048982143402,0.8109
1209,0.17843900620937347,0.17843900620937347,0.2250618040561676,0.2250618040561676,0.8115
1210,0.17839470505714417,0.17839470505714417,0.22502009570598602,0.22502009570598602,0.812
1211,0.17835059762001038,0.17835059762001038,0.22497908771038055,0.22497908771038055,0.8126
1212,0.1783066838979721,0.1783066838979721,0.22493812441825867,0.22493812441825867,0.8131
1213,0.17826297879219055,0.17826297879219055,0.22489714622497559,0.22489714622497559,0.8136
1214,0.17821940779685974,0.17821940779685974,0.22485622763633728,0.22485622763633728,0.8142
1215,0.17817597091197968,0.17817597091197968,0.2248157560825348,0.2248157560825348,0.8147
1216,0.17813275754451752,0.17813275754451752,0.22477617859840393,0.22477617859840393,0.8152
1217,0.1780896633863449,0.1780896633863449,0.22473779320716858,0.22473779320716858,0.8158
1218,0.17804665863513947,0.17804665863513947,0.22470061480998993,0.22470061480998993,0.8163
1219,0.17800377309322357,0.17800377309322357,0.2246645987033844,0.2246645987033844,0.8168
1220,0.17796102166175842,0.17796102166175842,0.22462928295135498,0.22462928295135498,0.8174
1221,0.17791835963726044,0.17791835963726044,0.22459428012371063,0.22459428012371063,0.8179
1222,0.17787586152553558,0.17787586152553558,0.22455927729606628,0.22455927729606628,0.8184
1223,0.1778334379196167,0.1778334379196167,0.22452402114868164,0.22452402114868164,0.8189
1224,0.17779114842414856,0.17779114842414856,0.2244885414838791,0.2244885414838791,0.8194
1225,0.17774894833564758,0.17774894833564758,0.22445300221443176,0.22445300221443176,0.82
1226,0.17770691215991974,0.17770691215991974,0.22441764175891876,0.22441764175891876,0.8205
1227,0.17766501009464264,0.17766501009464264,0.22438275814056396,0.22438275814056396,0.821
1228,0.1776232272386551,0.1776232272386551,0.22434835135936737,0.22434835135936737,0.8215
1229,0.1775815784931183,0.1775815784931183,0.22431454062461853,0.22431454062461853,0.822
1230,0.17754004895687103,0.17754004895687103,0.22428107261657715,0.22428107261657715,0.8225
1231,0.1774986833333969,0.1774986833333969,0.22424769401550293,0.22424769401550293,0.8231
1232,0.17745742201805115,0.17745742201805115,0.2242143601179123,0.2242143601179123,0.8236
1233,0.1774163395166397,0.1774163395166397,0.22418086230754852,0.22418086230754852,0.8241
1234,0.17737539112567902,0.17737539112567902,0.22414731979370117,0.22414731979370117,0.8246
1235,0.17733457684516907,0.17733457684516907,0.2241138517856598,0.2241138517856598,0.8251
1236,0.17729386687278748,0.17729386687278748,0.22408056259155273,0.22408056259155273,0.8257
1237,0.1772533357143402,0.1772533357143402,0.22404775023460388,0.22404775023460388,0.8262
1238,0.1772129088640213,0.1772129088640213,0.224015474319458,0.224015474319458,0.8267
1239,0.17717263102531433,0.17717263102531433,0.22398383915424347,0.22398383915424347,0.8272
1240,0.1771324872970581,0.1771324872970581,0.22395262122154236,0.22395262122154236,0.8277
1241,0.17709247767925262,0.17709247767925262,0.2239217758178711,0.2239217758178711,0.8283
1242,0.1770525425672531,0.1770525425672531,0.22389106452465057,0.22389106452465057,0.8288
1243,0.17701277136802673,0.17701277136802673,0.22386053204536438,0.22386053204536438,0.8293
1244,0.1769731044769287,0.1769731044769287,0.22383014857769012,0.22383014857769012,0.8298
1245,0.17693352699279785,0.17693352699279785,0.22380001842975616,0.22380001842975616,0.8303
1246,0.17689408361911774,0.17689408361911774,0.2237703502178192,0.2237703502178192,0.8309
1247,0.1768547147512436,0.1768547147512436,0.22374120354652405,0.22374120354652405,0.8314
1248,0.17681550979614258,0.17681550979614258,0.2237127125263214,0.2237127125263214,0.8319
1249,0.17677634954452515,0.17677634954452515,0.22368478775024414,0.22368478775024414,0.8324
1250,0.17673730850219727,0.17673730850219727,0.22365741431713104,0.22365741431713104,0.8329
1251,0.17669837176799774,0.17669837176799774,0.22363051772117615,0.22363051772117615,0.8334
1252,0.17665953934192657,0.17665953934192657,0.22360387444496155,0.22360387444496155,0.834
1253,0.17662076652050018,0.17662076652050018,0.22357749938964844,0.22357749938964844,0.8345
1254,0.1765832006931305,0.1765832006931305,0.22355131804943085,0.22355131804943085,0.835
1255,0.1765461415052414,0.1765461415052414,0.22352571785449982,0.22352571785449982,0.8355
1256,0.17650893330574036,0.17650893330574036,0.22350111603736877,0.22350111603736877,0.836
1257,0.176471546292305,0.176471546292305,0.22347807884216309,0.22347807884216309,0.8366
1258,0.17643411457538605,0.17643411457538605,0.22345730662345886,0.22345730662345886,0.8371
1259,0.17639665305614471,0.17639665305614471,0.2234390676021576,0.2234390676021576,0.8376
1260,0.176359161734581,0.176359161734581,0.2234233319759369,0.2234233319759369,0.8381
1261,0.17632177472114563,0.17632177472114563,0.22340957820415497,0.22340957820415497,0.8386
1262,0.17628446221351624,0.17628446221351624,0.22339704632759094,0.22339704632759094,0.8392
1263,0.1762472689151764,0.1762472689151764,0.2233850210905075,0.2233850210905075,0.8397
1264,0.17621169984340668,0.17621169984340668,0.2233729362487793,0.2233729362487793,0.8402
1265,0.1761762648820877,0.1761762648820877,0.2233659327030182,0.2233659327030182,0.8407
1266,0.17614004015922546,0.17614004015922546,0.22336140275001526,0.22336140275001526,0.8413
1267,0.17610296607017517,0.17610296607017517,0.2233557254076004,0.2233557254076004,0.8418
1268,0.17606748640537262,0.17606748640537262,0.22334623336791992,0.22334623336791992,0.8428
1269,0.17603185772895813,0.17603185772895813,0.2233249694108963,0.2233249694108963,0.8434
1270,0.17599579691886902,0.17599579691886902,0.2232956439256668,0.2232956439256668,0.8439
1271,0.17596003413200378,0.17596003413200378,0.22326509654521942,0.22326509654521942,0.8444
1272,0.17592458426952362,0.17592458426952362,0.22323951125144958,0.22323951125144958,0.845
1273,0.17588908970355988,0.17588908970355988,0.2232227772474289,0.2232227772474289,0.8455
1274,0.17585328221321106,0.17585328221321106,0.22321531176567078,0.22321531176567078,0.846
1275,0.17581740021705627,0.17581740021705627,0.22321447730064392,0.22321447730064392,0.8465
1276,0.17578206956386566,0.17578206956386566,0.22322146594524384,0.22322146594524384,0.847
1277,0.17574718594551086,0.17574718594551086,0.22322234511375427,0.22322234511375427,0.8475
1278,0.17571207880973816,0.17571207880973816,0.22321200370788574,0.22321200370788574,0.8481
1279,0.17567768692970276,0.17567768692970276,0.22319035232067108,0.22319035232067108,0.8486
1280,0.17564275860786438,0.17564275860786438,0.22316816449165344,0.22316816449165344,0.8491
1281,0.17560723423957825,0.17560723423957825,0.22314870357513428,0.22314870357513428,0.8496
1282,0.17557263374328613,0.17557263374328613,0.22312739491462708,0.22312739491462708,0.8502
1283,0.17553791403770447,0.17553791403770447,0.22310695052146912,0.22310695052146912,0.8507
1284,0.17550316452980042,0.17550316452980042,0.22308993339538574,0.22308993339538574,0.8512
1285,0.17546899616718292,0.17546899616718292,0.2230772227048874,0.2230772227048874,0.8518
1286,0.1754341423511505,0.1754341423511505,0.22307471930980682,0.22307471930980682,0.8524
1287,0.17539992928504944,0.17539992928504944,0.22307094931602478,0.22307094931602478,0.8529
1288,0.1753656566143036,0.1753656566143036,0.22306232154369354,0.22306232154369354,0.8535
1289,0.1753312349319458,0.1753312349319458,0.2230476438999176,0.2230476438999176,0.854
1290,0.17529696226119995,0.17529696226119995,0.2230350524187088,0.2230350524187088,0.8545
1291,0.17526274919509888,0.17526274919509888,0.22301740944385529,0.22301740944385529,0.8551
1292,0.17522850632667542,0.17522850632667542,0.22299674153327942,0.22299674153327942,0.8556
1293,0.1751951426267624,0.1751951426267624,0.22297629714012146,0.22297629714012146,0.8562
1294,0.17516063153743744,0.17516063153743744,0.22296567261219025,0.22296567261219025,0.8567
1295,0.17512692511081696,0.17512692511081696,0.22296300530433655,0.22296300530433655,0.8572
1296,0.17509332299232483,0.17509332299232483,0.22295598685741425,0.22295598685741425,0.8578
1297,0.17505940794944763,0.17505940794944763,0.22294215857982635,0.22294215857982635,0.8583
1298,0.17502537369728088,0.17502537369728088,0.22292204201221466,0.22292204201221466,0.8589
1299,0.17499130964279175,0.17499130964279175,0.22289863228797913,0.22289863228797913,0.8594
1300,0.17495745420455933,0.17495745420455933,0.22287598252296448,0.22287598252296448,0.8599
1301,0.17492377758026123,0.17492377758026123,0.22285723686218262,0.22285723686218262,0.8604
1302,0.17488965392112732,0.17488965392112732,0.22285112738609314,0.22285112738609314,0.8609
1303,0.17485590279102325,0.17485590279102325,0.22284646332263947,0.22284646332263947,0.8615
1304,0.17482219636440277,0.17482219636440277,0.22283944487571716,0.22283944487571716,0.862
1305,0.1747884452342987,0.1747884452342987,0.2228275090456009,0.2228275090456009,0.8625
1306,0.17475542426109314,0.17475542426109314,0.22281023859977722,0.22281023859977722,0.863
1307,0.1747213751077652,0.1747213751077652,0.22279700636863708,0.22279700636863708,0.8636
1308,0.17468814551830292,0.17468814551830292,0.22278685867786407,0.22278685867786407,0.8641
1309,0.17465482652187347,0.17465482652187347,0.2227693796157837,0.2227693796157837,0.8646
1310,0.17462122440338135,0.17462122440338135,0.2227458506822586,0.2227458506822586,0.8651
1311,0.17458763718605042,0.17458763718605042,0.2227199375629425,0.2227199375629425,0.8656
1312,0.1745547205209732,0.1745547205209732,0.2226959466934204,0.2226959466934204,0.8661
1313,0.1745222508907318,0.1745222508907318,0.222682386636734,0.222682386636734,0.8667
1314,0.17448942363262177,0.17448942363262177,0.2226780354976654,0.2226780354976654,0.8672
1315,0.17445655167102814,0.17445655167102814,0.2226792573928833,0.2226792573928833,0.8677
1316,0.17442384362220764,0.17442384362220764,0.22268128395080566,0.22268128395080566,0.8682
1317,0.17439128458499908,0.17439128458499908,0.22267977893352509,0.22267977893352509,0.8687
1318,0.1743585765361786,0.1743585765361786,0.2226724624633789,0.2226724624633789,0.8692
1319,0.17432589828968048,0.17432589828968048,0.2226601094007492,0.2226601094007492,0.8698
1320,0.1742931753396988,0.1742931753396988,0.22264543175697327,0.22264543175697327,0.8703
1321,0.17426051199436188,0.17426051199436188,0.22263197600841522,0.22263197600841522,0.8708
1322,0.17422792315483093,0.17422792315483093,0.22262263298034668,0.22262263298034668,0.8713
1323,0.1741952747106552,0.1741952747106552,0.22261843085289001,0.22261843085289001,0.8718
1324,0.17416293919086456,0.17416293919086456,0.22261853516101837,0.22261853516101837,0.8724
1325,0.1741306334733963,0.1741306334733963,0.22261397540569305,0.22261397540569305,0.8729
1326,0.17409813404083252,0.17409813404083252,0.22260403633117676,0.22260403633117676,0.8734
1327,0.17406588792800903,0.17406588792800903,0.22259625792503357,0.22259625792503357,0.8739
1328,0.174033522605896,0.174033522605896,0.22259004414081573,0.22259004414081573,0.8744
1329,0.17400142550468445,0.17400142550468445,0.222584530711174,0.222584530711174,0.8749
1330,0.1739691197872162,0.1739691197872162,0.22257187962532043,0.22257187962532043,0.8755
1331,0.17393703758716583,0.17393703758716583,0.22255364060401917,0.22255364060401917,0.876
1332,0.17390504479408264,0.17390504479408264,0.22253970801830292,0.22253970801830292,0.8765
1333,0.1738729327917099,0.1738729327917099,0.22253064811229706,0.22253064811229706,0.877
1334,0.17384073138237,0.17384073138237,0.22252526879310608,0.22252526879310608,0.8775
1335,0.17380860447883606,0.17380860447883606,0.22252139449119568,0.22252139449119568,0.8781
1336,0.17377668619155884,0.17377668619155884,0.2225167453289032,0.2225167453289032,0.8786
1337,0.1737445592880249,0.1737445592880249,0.22250227630138397,0.22250227630138397,0.8791
1338,0.17371268570423126,0.17371268570423126,0.22248044610023499,0.22248044610023499,0.8796
1339,0.17368093132972717,0.17368093132972717,0.22246292233467102,0.22246292233467102,0.8801
1340,0.17364904284477234,0.17364904284477234,0.22245141863822937,0.22245141863822937,0.8807
1341,0.17361702024936676,0.17361702024936676,0.22244592010974884,0.22244592010974884,0.8812
1342,0.17358502745628357,0.17358502745628357,0.22244425117969513,0.22244425117969513,0.8817
1343,0.17355306446552277,0.17355306446552277,0.22244325280189514,0.22244325280189514,0.8822
1344,0.17352166771888733,0.17352166771888733,0.2224399596452713,0.2224399596452713,0.8827
1345,0.17348963022232056,0.17348963022232056,0.22242502868175507,0.22242502868175507,0.8832
1346,0.17345759272575378,0.17345759272575378,0.22240129113197327,0.22240129113197327,0.8837
1347,0.17342600226402283,0.17342600226402283,0.22238150238990784,0.22238150238990784,0.8842
1348,0.1733945906162262,0.1733945906162262,0.22236232459545135,0.22236232459545135,0.8848
1349,0.17336301505565643,0.17336301505565643,0.2223527431488037,0.2223527431488037,0.8853
1350,0.17333124577999115,0.17333124577999115,0.22235174477100372,0.22235174477100372,0.8858
1351,0.17329996824264526,0.17329996824264526,0.22235532104969025,0.22235532104969025,0.8863
1352,0.17326822876930237,0.17326822876930237,0.2223525047302246,0.2223525047302246,0.8868
1353,0.173236683011055,0.173236683011055,0.22234205901622772,0.22234205901622772,0.8873
1354,0.17320530116558075,0.17320530116558075,0.22233209013938904,0.22233209013938904,0.8878
1355,0.1731739044189453,0.1731739044189453,0.22232408821582794,0.22232408821582794,0.8883
1356,0.17314240336418152,0.17314240336418152,0.22231841087341309,0.22231841087341309,0.8888
1357,0.17311084270477295,0.17311084270477295,0.22231438755989075,0.22231438755989075,0.8893
1358,0.173079252243042,0.173079252243042,0.22231073677539825,0.22231073677539825,0.8899
1359,0.17304790019989014,0.17304790019989014,0.22230568528175354,0.22230568528175354,0.8904
1360,0.17301644384860992,0.17301644384860992,0.2222922146320343,0.2222922146320343,0.8909
1361,0.17298509180545807,0.17298509180545807,0.2222731113433838,0.2222731113433838,0.8914
1362,0.17295391857624054,0.17295391857624054,0.22225923836231232,0.22225923836231232,0.8919
1363,0.1729225218296051,0.1729225218296051,0.2222519814968109,0.2222519814968109,0.8924
1364,0.17289093136787415,0.17289093136787415,0.2222500592470169,0.2222500592470169,0.8929
1365,0.17286016047000885,0.17286016047000885,0.22225002944469452,0.22225002944469452,0.8934
1366,0.17282898724079132,0.17282898724079132,0.22224202752113342,0.22224202752113342,0.8939
1367,0.1727972775697708,0.1727972775697708,0.2222261130809784,0.2222261130809784,0.8945
1368,0.1727660596370697,0.1727660596370697,0.22220578789710999,0.22220578789710999,0.895
1369,0.17273513972759247,0.17273513972759247,0.2221917361021042,0.2221917361021042,0.8955
1370,0.17270387709140778,0.17270387709140778,0.22218504548072815,0.22218504548072815,0.896
1371,0.1726723611354828,0.1726723611354828,0.22218358516693115,0.22218358516693115,0.8965
1372,0.1726410984992981,0.1726410984992981,0.22218339145183563,0.22218339145183563,0.897
1373,0.17260999977588654,0.17260999977588654,0.22217412292957306,0.22217412292957306,0.8975
1374,0.17257848381996155,0.17257848381996155,0.22215613722801208,0.22215613722801208,0.898
1375,0.17254778742790222,0.17254778742790222,0.22213344275951385,0.22213344275951385,0.8986
1376,0.1725168228149414,0.1725168228149414,0.22211715579032898,0.22211715579032898,0.8991
1377,0.17248550057411194,0.17248550057411194,0.22210907936096191,0.22210907936096191,0.8996
1378,0.17245391011238098,0.17245391011238098,0.22210738062858582,0.22210738062858582,0.9001
1379,0.17242325842380524,0.17242325842380524,0.22210797667503357,0.22210797667503357,0.9006
1380,0.17239239811897278,0.17239239811897278,0.222100168466568,0.222100168466568,0.9011
1381,0.1723610758781433,0.1723610758781433,0.22208353877067566,0.22208353877067566,0.9016
1382,0.17232953011989594,0.17232953011989594,0.22206148505210876,0.22206148505210876,0.9021
1383,0.1722986400127411,0.1722986400127411,0.22203919291496277,0.22203919291496277,0.9026
1384,0.17226776480674744,0.17226776480674744,0.222026988863945,0.222026988863945,0.9032
1385,0.1722365766763687,0.1722365766763687,0.22202444076538086,0.22202444076538086,0.9037
1386,0.17220528423786163,0.17220528423786163,0.22202584147453308,0.22202584147453308,0.9042
1387,0.17217488586902618,0.17217488586902618,0.22202558815479279,0.22202558815479279,0.9047
1388,0.17214402556419373,0.17214402556419373,0.22201308608055115,0.22201308608055115,0.9052
1389,0.17211267352104187,0.17211267352104187,0.22198978066444397,0.22198978066444397,0.9057
1390,0.1720813512802124,0.1720813512802124,0.22196128964424133,0.22196128964424133,0.9062
1391,0.1720506250858307,0.1720506250858307,0.22194024920463562,0.22194024920463562,0.9067
1392,0.17201945185661316,0.17201945185661316,0.22192910313606262,0.22192910313606262,0.9072
1393,0.17198869585990906,0.17198869585990906,0.22192613780498505,0.22192613780498505,0.9077
1394,0.171957865357399,0.171957865357399,0.22192099690437317,0.22192099690437317,0.9082
1395,0.1719268262386322,0.1719268262386322,0.221910759806633,0.221910759806633,0.9087
1396,0.17189550399780273,0.17189550399780273,0.2218949794769287,0.2218949794769287,0.9092
1397,0.1718648225069046,0.1718648225069046,0.2218756228685379,0.2218756228685379,0.9097
1398,0.17183411121368408,0.17183411121368408,0.22186140716075897,0.22186140716075897,0.9102
1399,0.1718030571937561,0.1718030571937561,0.22185245156288147,0.22185245156288147,0.9107
1400,0.1717718094587326,0.1717718094587326,0.22184672951698303,0.22184672951698303,0.9113
1401,0.17174097895622253,0.17174097895622253,0.22184112668037415,0.22184112668037415,0.9118
1402,0.17171017825603485,0.17171017825603485,0.22182707488536835,0.22182707488536835,0.9124
1403,0.1716790497303009,0.1716790497303009,0.22180576622486115,0.22180576622486115,0.913
1404,0.1716480255126953,0.1716480255126953,0.22178144752979279,0.22178144752979279,0.9136
1405,0.17161723971366882,0.17161723971366882,0.22176413238048553,0.22176413238048553,0.9141
1406,0.17158609628677368,0.17158609628677368,0.22175458073616028,0.22175458073616028,0.9147
1407,0.17155519127845764,0.17155519127845764,0.22174516320228577,0.22174516320228577,0.9153
1408,0.17152445018291473,0.17152445018291473,0.22173424065113068,0.22173424065113068,0.9158
1409,0.1714935004711151,0.1714935004711151,0.22172632813453674,0.22172632813453674,0.9164
1410,0.17146268486976624,0.17146268486976624,0.22171902656555176,0.22171902656555176,0.9169
1411,0.17143182456493378,0.17143182456493378,0.2217046320438385,0.2217046320438385,0.9175
1412,0.17140085995197296,0.17140085995197296,0.22168445587158203,0.22168445587158203,0.918
1413,0.1713699996471405,0.1713699996471405,0.22166898846626282,0.22166898846626282,0.9185
1414,0.1713392436504364,0.1713392436504364,0.22165875136852264,0.22165875136852264,0.9191
1415,0.17130842804908752,0.17130842804908752,0.2216455489397049,0.2216455489397049,0.9196
1416,0.17127741873264313,0.17127741873264313,0.22162990272045135,0.22162990272045135,0.9201
1417,0.1712467074394226,0.1712467074394226,0.22161325812339783,0.22161325812339783,0.9207
1418,0.17121592164039612,0.17121592164039612,0.22160224616527557,0.22160224616527557,0.9212
1419,0.17118486762046814,0.17118486762046814,0.22159552574157715,0.22159552574157715,0.9217
1420,0.1711542308330536,0.1711542308330536,0.2215900868177414,0.2215900868177414,0.9223
1421,0.17112350463867188,0.17112350463867188,0.22157788276672363,0.22157788276672363,0.9229
1422,0.17109248042106628,0.17109248042106628,0.2215593308210373,0.2215593308210373,0.9234
1423,0.1710614711046219,0.1710614711046219,0.2215377539396286,0.2215377539396286,0.9239
1424,0.17103073000907898,0.17103073000907898,0.22152209281921387,0.22152209281921387,0.9244
1425,0.1709999144077301,0.1709999144077301,0.22151291370391846,0.22151291370391846,0.925
1426,0.17096909880638123,0.17096909880638123,0.22150340676307678,0.22150340676307678,0.9255
1427,0.1709381639957428,0.1709381639957428,0.22149232029914856,0.22149232029914856,0.926
1428,0.17090752720832825,0.17090752720832825,0.22147925198078156,0.22147925198078156,0.9265
1429,0.17087677121162415,0.17087677121162415,0.22146925330162048,0.22146925330162048,0.9271
1430,0.17084579169750214,0.17084579169750214,0.22146110236644745,0.22146110236644745,0.9276
1431,0.17081518471240997,0.17081518471240997,0.22145266830921173,0.22145266830921173,0.9281
1432,0.17078444361686707,0.17078444361686707,0.22143778204917908,0.22143778204917908,0.9286
1433,0.17075350880622864,0.17075350880622864,0.22141814231872559,0.22141814231872559,0.9291
1434,0.1707226037979126,0.1707226037979126,0.22139744460582733,0.22139744460582733,0.9296
1435,0.17069211602210999,0.17069211602210999,0.22137928009033203,0.22137928009033203,0.9302
1436,0.17066125571727753,0.17066125571727753,0.22137026488780975,0.22137026488780975,0.9307
1437,0.17063012719154358,0.17063012719154358,0.2213682383298874,0.2213682383298874,0.9312
1438,0.17059972882270813,0.17059972882270813,0.2213684320449829,0.2213684320449829,0.9317
1439,0.17056921124458313,0.17056921124458313,0.22136083245277405,0.22136083245277405,0.9322
1440,0.1705382764339447,0.1705382764339447,0.22134438157081604,0.22134438157081604,0.9327
1441,0.17050722241401672,0.17050722241401672,0.22132185101509094,0.22132185101509094,0.9332
1442,0.17047634720802307,0.17047634720802307,0.22129841148853302,0.22129841148853302,0.9337
1443,0.1704457402229309,0.1704457402229309,0.2212831974029541,0.2212831974029541,0.9343
1444,0.1704147756099701,0.1704147756099701,0.22127656638622284,0.22127656638622284,0.9348
1445,0.170384019613266,0.170384019613266,0.22127115726470947,0.22127115726470947,0.9353
1446,0.1703532338142395,0.1703532338142395,0.22126424312591553,0.22126424312591553,0.9359
1447,0.170322448015213,0.170322448015213,0.221253901720047,0.221253901720047,0.9364
1448,0.17029163241386414,0.17029163241386414,0.22124409675598145,0.22124409675598145,0.9369
1449,0.1702609658241272,0.1702609658241272,0.2212299108505249,0.2212299108505249,0.9374
1450,0.17023012042045593,0.17023012042045593,0.2212171107530594,0.2212171107530594,0.938
1451,0.17019937932491302,0.17019937932491302,0.2212018519639969,0.2212018519639969,0.9385
1452,0.1701686680316925,0.1701686680316925,0.2211901694536209,0.2211901694536209,0.939
1453,0.17013795673847198,0.17013795673847198,0.2211776226758957,0.2211776226758957,0.9395
1454,0.17010720074176788,0.17010720074176788,0.22116465866565704,0.22116465866565704,0.94
1455,0.170076385140419,0.170076385140419,0.2211519032716751,0.2211519032716751,0.9406
1456,0.1700456589460373,0.1700456589460373,0.22114381194114685,0.22114381194114685,0.9411
1457,0.170014888048172,0.170014888048172,0.2211344689130783,0.2211344689130783,0.9416
1458,0.16998419165611267,0.16998419165611267,0.22112318873405457,0.22112318873405457,0.9421
1459,0.16995346546173096,0.16995346546173096,0.2211141288280487,0.2211141288280487,0.9426
1460,0.16992269456386566,0.16992269456386566,0.22110223770141602,0.22110223770141602,0.9431
1461,0.16989201307296753,0.16989201307296753,0.2210882604122162,0.2210882604122162,0.9437
1462,0.16986124217510223,0.16986124217510223,0.22107753157615662,0.22107753157615662,0.9442
1463,0.16983051598072052,0.16983051598072052,0.2210657149553299,0.2210657149553299,0.9447
1464,0.1697998195886612,0.1697998195886612,0.2210533618927002,0.2210533618927002,0.9452
1465,0.16976909339427948,0.16976909339427948,0.22104468941688538,0.22104468941688538,0.9458
1466,0.16973838210105896,0.16973838210105896,0.2210346758365631,0.2210346758365631,0.9463
1467,0.16970764100551605,0.16970764100551605,0.22102288901805878,0.22102288901805878,0.9468
1468,0.1696769744157791,0.1696769744157791,0.22100992500782013,0.22100992500782013,0.9473
1469,0.169646218419075,0.169646218419075,0.22100046277046204,0.22100046277046204,0.9479
1470,0.1696154922246933,0.1696154922246933,0.2209898978471756,0.2209898978471756,0.9484
1471,0.16958478093147278,0.16958478093147278,0.22097840905189514,0.22097840905189514,0.9489
1472,0.169554203748703,0.169554203748703,0.22096648812294006,0.22096648812294006,0.9494
1473,0.16952334344387054,0.16952334344387054,0.22095832228660583,0.22095832228660583,0.9499
1474,0.16949279606342316,0.16949279606342316,0.2209526002407074,0.2209526002407074,0.9504
1475,0.1694621741771698,0.1694621741771698,0.22094354033470154,0.22094354033470154,0.9509
1476,0.16943147778511047,0.16943147778511047,0.22093084454536438,0.22093084454536438,0.9514
1477,0.16940078139305115,0.16940078139305115,0.22091582417488098,0.22091582417488098,0.9519
1478,0.16937002539634705,0.16937002539634705,0.22090058028697968,0.22090058028697968,0.9524
1479,0.16933932900428772,0.16933932900428772,0.2208871841430664,0.2208871841430664,0.9529
1480,0.16930857300758362,0.16930857300758362,0.22087664902210236,0.22087664902210236,0.9534
1481,0.16927804052829742,0.16927804052829742,0.22086873650550842,0.22086873650550842,0.9539
1482,0.16924722492694855,0.16924722492694855,0.2208656370639801,0.2208656370639801,0.9544
1483,0.16921663284301758,0.16921663284301758,0.22086389362812042,0.22086389362812042,0.9549
1484,0.169186070561409,0.169186070561409,0.2208566963672638,0.2208566963672638,0.9554
1485,0.1691553294658661,0.1691553294658661,0.2208433896303177,0.2208433896303177,0.956
1486,0.1691245585680008,0.1691245585680008,0.22082629799842834,0.22082629799842834,0.9566
1487,0.16909387707710266,0.16909387707710266,0.22080889344215393,0.22080889344215393,0.9571
1488,0.1690632700920105,0.1690632700920105,0.22079434990882874,0.22079434990882874,0.9576
1489,0.16903255879878998,0.16903255879878998,0.22078409790992737,0.22078409790992737,0.9581
1490,0.16900180280208588,0.16900180280208588,0.22078093886375427,0.22078093886375427,0.9586
1491,0.1689711958169937,0.1689711958169937,0.22077803313732147,0.22077803313732147,0.9591
1492,0.16894060373306274,0.16894060373306274,0.22077247500419617,0.22077247500419617,0.9597
1493,0.1689099222421646,0.1689099222421646,0.22076258063316345,0.22076258063316345,0.9602
1494,0.1688791811466217,0.1688791811466217,0.2207491397857666,0.2207491397857666,0.9607
1495,0.16884848475456238,0.16884848475456238,0.22073426842689514,0.22073426842689514,0.9612
1496,0.16881795227527618,0.16881795227527618,0.22072061896324158,0.22072061896324158,0.9617
1497,0.16878722608089447,0.16878722608089447,0.22071273624897003,0.22071273624897003,0.9622
1498,0.16875654458999634,0.16875654458999634,0.22070637345314026,0.22070637345314026,0.9629
1499,0.16872593760490417,0.16872593760490417,0.22070007026195526,0.22070007026195526,0.9635
1500,0.16869530081748962,0.16869530081748962,0.22069236636161804,0.22069236636161804,0.9643
1501,0.16866466403007507,0.16866466403007507,0.2206825315952301,0.2206825315952301,0.9648
1502,0.16863402724266052,0.16863402724266052,0.2206708937883377,0.2206708937883377,0.9653
1503,0.1686033457517624,0.1686033457517624,0.22065861523151398,0.22065861523151398,0.9659
1504,0.16857275366783142,0.16857275366783142,0.22064709663391113,0.22064709663391113,0.9664
1505,0.16854210197925568,0.16854210197925568,0.2206372767686844,0.2206372767686844,0.9669
1506,0.16851146519184113,0.16851146519184113,0.22062928974628448,0.22062928974628448,0.9674
1507,0.16848082840442657,0.16848082840442657,0.22062256932258606,0.22062256932258606,0.9679
1508,0.1684502363204956,0.1684502363204956,0.220615953207016,0.220615953207016,0.9684
1509,0.16841962933540344,0.16841962933540344,0.2206084430217743,0.2206084430217743,0.9689
1510,0.1683889925479889,0.1683889925479889,0.22059938311576843,0.22059938311576843,0.9695
1511,0.16835841536521912,0.16835841536521912,0.2205890715122223,0.2205890715122223,0.97
1512,0.16832776367664337,0.16832776367664337,0.22058066725730896,0.22058066725730896,0.9705
1513,0.16829714179039001,0.16829714179039001,0.22057127952575684,0.22057127952575684,0.971
1514,0.16826654970645905,0.16826654970645905,0.2205611765384674,0.2205611765384674,0.9718
1515,0.16823594272136688,0.16823594272136688,0.22055092453956604,0.22055092453956604,0.9723
1516,0.16820530593395233,0.16820530593395233,0.22054119408130646,0.22054119408130646,0.973
1517,0.16817474365234375,0.16817474365234375,0.22053222358226776,0.22053222358226776,0.9735
1518,0.16814415156841278,0.16814415156841278,0.22052398324012756,0.22052398324012756,0.9741
1519,0.16811354458332062,0.16811354458332062,0.2205161303281784,0.2205161303281784,0.9747
1520,0.16808292269706726,0.16808292269706726,0.22050830721855164,0.22050830721855164,0.9752
1521,0.1680523306131363,0.1680523306131363,0.22050003707408905,0.22050003707408905,0.9758
1522,0.16802173852920532,0.16802173852920532,0.22049131989479065,0.22049131989479065,0.9763
1523,0.16799113154411316,0.16799113154411316,0.2204822599887848,0.2204822599887848,0.9768
1524,0.167960524559021,0.167960524559021,0.22047317028045654,0.22047317028045654,0.9774
1525,0.16792994737625122,0.16792994737625122,0.22046437859535217,0.22046437859535217,0.978
1526,0.16789937019348145,0.16789937019348145,0.22045600414276123,0.22045600414276123,0.9785
1527,0.16786876320838928,0.16786876320838928,0.22044797241687775,0.22044797241687775,0.9791
1528,0.1678381860256195,0.1678381860256195,0.22044019401073456,0.22044019401073456,0.9796
1529,0.16780759394168854,0.16780759394168854,0.2204323709011078,0.2204323709011078,0.9801
1530,0.16777701675891876,0.16777701675891876,0.22042438387870789,0.22042438387870789,0.9806
1531,0.1677464097738266,0.1677464097738266,0.2204161435365677,0.2204161435365677,0.9812
1532,0.16771583259105682,0.16771583259105682,0.22040779888629913,0.22040779888629913,0.9817
1533,0.16768524050712585,0.16768524050712585,0.22039946913719177,0.22039946913719177,0.9822
1534,0.16765469312667847,0.16765469312667847,0.2203914225101471,0.2203914225101471,0.9827
1535,0.1676240712404251,0.1676240712404251,0.22038352489471436,0.22038352489471436,0.9833
1536,0.16759347915649414,0.16759347915649414,0.22037586569786072,0.22037586569786072,0.9838
1537,0.16756288707256317,0.16756288707256317,0.22036823630332947,0.22036823630332947,0.9843
1538,0.1675323247909546,0.1675323247909546,0.22036051750183105,0.22036051750183105,0.9848
1539,0.167501762509346,0.167501762509346,0.2203526496887207,0.2203526496887207,0.9853
1540,0.16747114062309265,0.16747114062309265,0.22034458816051483,0.22034458816051483,0.9859
1541,0.16744056344032288,0.16744056344032288,0.22033648192882538,0.22033648192882538,0.9864
1542,0.1674099862575531,0.1674099862575531,0.22032852470874786,0.22032852470874786,0.9869
1543,0.16737940907478333,0.16737940907478333,0.22032073140144348,0.22032073140144348,0.9875
1544,0.16734881699085236,0.16734881699085236,0.22031310200691223,0.22031310200691223,0.988
1545,0.167318195104599,0.167318195104599,0.22030559182167053,0.22030559182167053,0.9886
1546,0.1672876626253128,0.1672876626253128,0.22029820084571838,0.22029820084571838,0.9891
1547,0.16725707054138184,0.16725707054138184,0.22029070556163788,0.22029070556163788,0.9896
1548,0.16722650825977325,0.16722650825977325,0.2202831208705902,0.2202831208705902,0.9902
1549,0.1671959012746811,0.1671959012746811,0.2202754020690918,0.2202754020690918,0.9907
1550,0.16716532409191132,0.16716532409191132,0.22026777267456055,0.22026777267456055,0.9913
1551,0.16713474690914154,0.16713474690914154,0.2202601432800293,0.2202601432800293,0.9918
1552,0.16710413992404938,0.16710413992404938,0.22025266289710999,0.22025266289710999,0.9923
1553,0.167073592543602,0.167073592543602,0.22024543583393097,0.22024543583393097,0.9928
1554,0.16704298555850983,0.16704298555850983,0.22023820877075195,0.22023820877075195,0.9934
1555,0.16701239347457886,0.16701239347457886,0.2202310562133789,0.2202310562133789,0.9939
1556,0.1669818013906479,0.1669818013906479,0.22022385895252228,0.22022385895252228,0.9945
1557,0.1669512540102005,0.1669512540102005,0.2202167510986328,0.2202167510986328,0.995
1558,0.16692063212394714,0.16692063212394714,0.2202095091342926,0.2202095091342926,0.9955
1559,0.16689004004001617,0.16689004004001617,0.22020229697227478,0.22020229697227478,0.996
1560,0.1668594628572464,0.1668594628572464,0.22019514441490173,0.22019514441490173,0.9966
1561,0.16682887077331543,0.16682887077331543,0.22018809616565704,0.22018809616565704,0.9971
1562,0.16679821908473969,0.16679821908473969,0.22018107771873474,0.22018107771873474,0.9976
1563,0.1667676419019699,0.1667676419019699,0.2201741635799408,0.2201741635799408,0.9981
1564,0.16673704981803894,0.16673704981803894,0.2201673537492752,0.2201673537492752,0.9986
1565,0.16670647263526917,0.16670647263526917,0.22016052901744843,0.22016052901744843,0.9991
1566,0.1666758507490158,0.1666758507490158,0.22015368938446045,0.22015368938446045,0.9997
1567,0.16664530336856842,0.16664530336856842,0.22014684975147247,0.22014684975147247,1.0002
1568,0.16661468148231506,0.16661468148231506,0.2201400250196457,0.2201400250196457,1.0008
1569,0.1665840595960617,0.1665840595960617,0.2201332151889801,0.2201332151889801,1.0013
1570,0.16655343770980835,0.16655343770980835,0.2201264351606369,0.2201264351606369,1.0019
1571,0.16652286052703857,0.16652286052703857,0.22011978924274445,0.22011978924274445,1.0024
1572,0.1664922535419464,0.1664922535419464,0.2201131284236908,0.2201131284236908,1.0029
1573,0.16646163165569305,0.16646163165569305,0.22010652720928192,0.22010652720928192,1.0034
1574,0.16643103957176208,0.16643103957176208,0.22010000050067902,0.22010000050067902,1.0039
1575,0.16640040278434753,0.16640040278434753,0.22009336948394775,0.22009336948394775,1.0045
1576,0.16636979579925537,0.16636979579925537,0.22008681297302246,0.22008681297302246,1.005
1577,0.16633917391300201,0.16633917391300201,0.22008022665977478,0.22008022665977478,1.0055
1578,0.16630855202674866,0.16630855202674866,0.22007378935813904,0.22007378935813904,1.0066
1579,0.16627797484397888,0.16627797484397888,0.22006741166114807,0.22006741166114807,1.0071
1580,0.16624732315540314,0.16624732315540314,0.22006098926067352,0.22006098926067352,1.0076
1581,0.1662166714668274,0.1662166714668274,0.22005465626716614,0.22005465626716614,1.0081
1582,0.16618606448173523,0.16618606448173523,0.22004835307598114,0.22004835307598114,1.0086
1583,0.16615542769432068,0.16615542769432068,0.22004203498363495,0.22004203498363495,1.0092
1584,0.16612479090690613,0.16612479090690613,0.22003579139709473,0.22003579139709473,1.0097
1585,0.16609415411949158,0.16609415411949158,0.2200295478105545,0.2200295478105545,1.0102
1586,0.16606353223323822,0.16606353223323822,0.22002336382865906,0.22002336382865906,1.0107
1587,0.16603289544582367,0.16603289544582367,0.2200172394514084,0.2200172394514084,1.0112
1588,0.1660022884607315,0.1660022884607315,0.22001118957996368,0.22001118957996368,1.0118
1589,0.16597162187099457,0.16597162187099457,0.2200051248073578,0.2200051248073578,1.0123
1590,0.16594097018241882,0.16594097018241882,0.21999911963939667,0.21999911963939667,1.0128
1591,0.16591034829616547,0.16591034829616547,0.21999315917491913,0.21999315917491913,1.0133
1592,0.16587965190410614,0.16587965190410614,0.2199871987104416,0.2199871987104416,1.0138
1593,0.16584903001785278,0.16584903001785278,0.21998126804828644,0.21998126804828644,1.0143
1594,0.16581837832927704,0.16581837832927704,0.21997542679309845,0.21997542679309845,1.0148
1595,0.1657876968383789,0.1657876968383789,0.2199695110321045,0.2199695110321045,1.0153
1596,0.16575703024864197,0.16575703024864197,0.2199636995792389,0.2199636995792389,1.0158
1597,0.16572639346122742,0.16572639346122742,0.21995797753334045,0.21995797753334045,1.0163
1598,0.16569571197032928,0.16569571197032928,0.21995219588279724,0.21995219588279724,1.0169
1599,0.16566503047943115,0.16566503047943115,0.2199465036392212,0.2199465036392212,1.0174
1600,0.1656343787908554,0.1656343787908554,0.21994082629680634,0.21994082629680634,1.0179
1601,0.16560369729995728,0.16560369729995728,0.21993517875671387,0.21993517875671387,1.0184
1602,0.16557303071022034,0.16557303071022034,0.21992957592010498,0.21992957592010498,1.0189
1603,0.1655423641204834,0.1655423641204834,0.2199239730834961,0.2199239730834961,1.0194
1604,0.16551168262958527,0.16551168262958527,0.21991844475269318,0.21991844475269318,1.0199
1605,0.16548100113868713,0.16548100113868713,0.21991291642189026,0.21991291642189026,1.0205
1606,0.1654503047466278,0.1654503047466278,0.21990744769573212,0.21990744769573212,1.021
1607,0.1654195934534073,0.1654195934534073,0.21990196406841278,0.21990196406841278,1.0215
1608,0.16538891196250916,0.16538891196250916,0.21989655494689941,0.21989655494689941,1.0221
1609,0.16535821557044983,0.16535821557044983,0.21989122033119202,0.21989122033119202,1.0226
1610,0.1653275191783905,0.1653275191783905,0.21988587081432343,0.21988587081432343,1.0231
1611,0.16529682278633118,0.16529682278633118,0.2198805809020996,0.2198805809020996,1.0237
1612,0.16526609659194946,0.16526609659194946,0.2198752611875534,0.2198752611875534,1.0242
1613,0.16523538529872894,0.16523538529872894,0.21987001597881317,0.21987001597881317,1.0247
1614,0.16520468890666962,0.16520468890666962,0.2198648452758789,0.2198648452758789,1.0252
1615,0.1651739776134491,0.1651739776134491,0.21985964477062225,0.21985964477062225,1.0258
1616,0.16514325141906738,0.16514325141906738,0.21985450387001038,0.21985450387001038,1.0263
1617,0.16511252522468567,0.16511252522468567,0.2198493927717209,0.2198493927717209,1.0268
1618,0.16508181393146515,0.16508181393146515,0.21984434127807617,0.21984434127807617,1.0273
1619,0.16505107283592224,0.16505107283592224,0.21983930468559265,0.21983930468559265,1.0279
1620,0.16502034664154053,0.16502034664154053,0.21983428299427032,0.21983428299427032,1.0284
1621,0.16498959064483643,0.16498959064483643,0.2198292762041092,0.2198292762041092,1.029
1622,0.1649588644504547,0.1649588644504547,0.21982435882091522,0.21982435882091522,1.0296
1623,0.1649281084537506,0.1649281084537506,0.21981938183307648,0.21981938183307648,1.0301
1624,0.1648973673582077,0.1648973673582077,0.2198145091533661,0.2198145091533661,1.0306
1625,0.1648665964603424,0.1648665964603424,0.2198096215724945,0.2198096215724945,1.0311
1626,0.1648358404636383,0.1648358404636383,0.2198048084974289,0.2198048084974289,1.0316
1627,0.1648050844669342,0.1648050844669342,0.21979999542236328,0.21979999542236328,1.0322
1628,0.1647743284702301,0.1647743284702301,0.21979522705078125,0.21979522705078125,1.0327
1629,0.1647435426712036,0.1647435426712036,0.2197905033826828,0.2197905033826828,1.0332
1630,0.1647127866744995,0.1647127866744995,0.21978577971458435,0.21978577971458435,1.0337
1631,0.16468198597431183,0.16468198597431183,0.21978111565113068,0.21978111565113068,1.0342
1632,0.16465120017528534,0.16465120017528534,0.2197764366865158,0.2197764366865158,1.0347
1633,0.16462041437625885,0.16462041437625885,0.21977181732654572,0.21977181732654572,1.0352
1634,0.16458965837955475,0.16458965837955475,0.2197672575712204,0.2197672575712204,1.0357
1635,0.16455885767936707,0.16455885767936707,0.21976271271705627,0.21976271271705627,1.0363
1636,0.16452807188034058,0.16452807188034058,0.21975818276405334,0.21975818276405334,1.0368
1637,0.1644972711801529,0.1644972711801529,0.21975365281105042,0.21975365281105042,1.0373
1638,0.1644664704799652,0.1644664704799652,0.21974916756153107,0.21974916756153107,1.0378
1639,0.16443565487861633,0.16443565487861633,0.21974468231201172,0.21974468231201172,1.0383
1640,0.16440483927726746,0.16440483927726746,0.21974024176597595,0.21974024176597595,1.0388
1641,0.16437402367591858,0.16437402367591858,0.21973589062690735,0.21973589062690735,1.0393
1642,0.1643432080745697,0.1643432080745697,0.21973152458667755,0.21973152458667755,1.0398
1643,0.16431239247322083,0.16431239247322083,0.21972718834877014,0.21972718834877014,1.0404
1644,0.16428156197071075,0.16428156197071075,0.21972286701202393,0.21972286701202393,1.0409
1645,0.16425074636936188,0.16425074636936188,0.21971862018108368,0.21971862018108368,1.0414
1646,0.16421987116336823,0.16421987116336823,0.21971435844898224,0.21971435844898224,1.0419
1647,0.16418904066085815,0.16418904066085815,0.2197100818157196,0.2197100818157196,1.0424
1648,0.1641581952571869,0.1641581952571869,0.21970590949058533,0.21970590949058533,1.043
1649,0.16412733495235443,0.16412733495235443,0.21970172226428986,0.21970172226428986,1.0435
1650,0.16409650444984436,0.16409650444984436,0.21969759464263916,0.21969759464263916,1.044
1651,0.1640656292438507,0.1640656292438507,0.21969346702098846,0.21969346702098846,1.0445
1652,0.16403476893901825,0.16403476893901825,0.21968987584114075,0.21968987584114075,1.045
1653,0.1640039086341858,0.1640039086341858,0.2196865975856781,0.2196865975856781,1.0455
1654,0.16397301852703094,0.16397301852703094,0.21968336403369904,0.21968336403369904,1.046
1655,0.1639421582221985,0.1639421582221985,0.21968016028404236,0.21968016028404236,1.0465
1656,0.16391125321388245,0.16391125321388245,0.2196769267320633,0.2196769267320633,1.047
1657,0.1638803780078888,0.1638803780078888,0.219673752784729,0.219673752784729,1.0476
1658,0.16384950280189514,0.16384950280189514,0.2196706235408783,0.2196706235408783,1.0481
1659,0.1638185977935791,0.1638185977935791,0.2196674793958664,0.2196674793958664,1.0486
1660,0.16378770768642426,0.16378770768642426,0.2196643352508545,0.2196643352508545,1.0491
1661,0.16375680267810822,0.16375680267810822,0.21966128051280975,0.21966128051280975,1.0496
1662,0.16372591257095337,0.16372591257095337,0.21965821087360382,0.21965821087360382,1.0501
1663,0.16369497776031494,0.16369497776031494,0.21965515613555908,0.21965515613555908,1.0506
1664,0.1636640727519989,0.1636640727519989,0.21965213119983673,0.21965213119983673,1.0512
1665,0.16363313794136047,0.16363313794136047,0.219649076461792,0.219649076461792,1.0517
1666,0.16360223293304443,0.16360223293304443,0.2196461260318756,0.2196461260318756,1.0522
1667,0.1635713130235672,0.1635713130235672,0.21964314579963684,0.21964314579963684,1.0527
1668,0.16354036331176758,0.16354036331176758,0.21964016556739807,0.21964016556739807,1.0532
1669,0.16350942850112915,0.16350942850112915,0.21963724493980408,0.21963724493980408,1.0538
1670,0.16347849369049072,0.16347849369049072,0.21963436901569366,0.21963436901569366,1.0543
1671,0.1634475439786911,0.1634475439786911,0.21963147819042206,0.21963147819042206,1.0548
1672,0.16341659426689148,0.16341659426689148,0.21962861716747284,0.21962861716747284,1.0553
1673,0.16338562965393066,0.16338562965393066,0.21962575614452362,0.21962575614452362,1.0558
1674,0.16335467994213104,0.16335467994213104,0.2196228951215744,0.2196228951215744,1.0563
1675,0.16332370042800903,0.16332370042800903,0.21962007880210876,0.21962007880210876,1.0568
1676,0.16329273581504822,0.16329273581504822,0.21961729228496552,0.21961729228496552,1.0573
1677,0.1632617712020874,0.1632617712020874,0.21961450576782227,0.21961450576782227,1.0579
1678,0.1632307916879654,0.1632307916879654,0.2196117341518402,0.2196117341518402,1.0584
1679,0.163199782371521,0.163199782371521,0.21960899233818054,0.21960899233818054,1.0589
1680,0.16316881775856018,0.16316881775856018,0.21960625052452087,0.21960625052452087,1.0594
1681,0.16313782334327698,0.16313782334327698,0.21960356831550598,0.21960356831550598,1.0599
1682,0.16310681402683258,0.16310681402683258,0.2196008265018463,0.2196008265018463,1.0605
1683,0.16307580471038818,0.16307580471038818,0.21959814429283142,0.21959814429283142,1.061
1684,0.16304481029510498,0.16304481029510498,0.2195955216884613,0.2195955216884613,1.0615
1685,0.1630137711763382,0.1630137711763382,0.2195928543806076,0.2195928543806076,1.062
1686,0.16298280656337738,0.16298280656337738,0.21959027647972107,0.21959027647972107,1.0625
1687,0.1629517525434494,0.1629517525434494,0.21958763897418976,0.21958763897418976,1.063
1688,0.162920743227005,0.162920743227005,0.21958503127098083,0.21958503127098083,1.0636
1689,0.16288971900939941,0.16288971900939941,0.21958251297473907,0.21958251297473907,1.0641
1690,0.16285869479179382,0.16285869479179382,0.21957990527153015,0.21957990527153015,1.0646
1691,0.16282764077186584,0.16282764077186584,0.219577357172966,0.219577357172966,1.0651
1692,0.16279660165309906,0.16279660165309906,0.21957483887672424,0.21957483887672424,1.0656
1693,0.16276556253433228,0.16276556253433228,0.2195723056793213,0.2195723056793213,1.0661
1694,0.1627344936132431,0.1627344936132431,0.21956980228424072,0.21956980228424072,1.0666
1695,0.16270345449447632,0.16270345449447632,0.21956729888916016,0.21956729888916016,1.0672
1696,0.16267240047454834,0.16267240047454834,0.21956482529640198,0.21956482529640198,1.0677
1697,0.16264133155345917,0.16264133155345917,0.219562366604805,0.219562366604805,1.0682
1698,0.1626102477312088,0.1626102477312088,0.219559907913208,0.219559907913208,1.0687
1699,0.16257917881011963,0.16257917881011963,0.2195574790239334,0.2195574790239334,1.0692
1700,0.16254810988903046,0.16254810988903046,0.21955506503582,0.21955506503582,1.0697
1701,0.16251704096794128,0.16251704096794128,0.2195526361465454,0.2195526361465454,1.0702
1702,0.16248592734336853,0.16248592734336853,0.2195502519607544,0.2195502519607544,1.0707
1703,0.16245482861995697,0.16245482861995697,0.219547837972641,0.219547837972641,1.0712
1704,0.1624237596988678,0.1624237596988678,0.21954551339149475,0.21954551339149475,1.0717
1705,0.16239267587661743,0.16239267587661743,0.21954317390918732,0.21954317390918732,1.0723
1706,0.16236154735088348,0.16236154735088348,0.21954083442687988,0.21954083442687988,1.0728
1707,0.16233043372631073,0.16233043372631073,0.21953848004341125,0.21953848004341125,1.0733
1708,0.16229934990406036,0.16229934990406036,0.2195362150669098,0.2195362150669098,1.0738
1709,0.16226822137832642,0.16226822137832642,0.21953387558460236,0.21953387558460236,1.0743
1710,0.16223712265491486,0.16223712265491486,0.2195315808057785,0.2195315808057785,1.0748
1711,0.16220597922801971,0.16220597922801971,0.21952927112579346,0.21952927112579346,1.0753
1712,0.16217483580112457,0.16217483580112457,0.2195269763469696,0.2195269763469696,1.0758
1713,0.16214369237422943,0.16214369237422943,0.21952471137046814,0.21952471137046814,1.0763
1714,0.16211259365081787,0.16211259365081787,0.21952247619628906,0.21952247619628906,1.0768
1715,0.16208145022392273,0.16208145022392273,0.21952025592327118,0.21952025592327118,1.0773
1716,0.1620503067970276,0.1620503067970276,0.21951806545257568,0.21951806545257568,1.0778
1717,0.16201916337013245,0.16201916337013245,0.2195158451795578,0.2195158451795578,1.0783
1718,0.1619880199432373,0.1619880199432373,0.21951362490653992,0.21951362490653992,1.0788
1719,0.16195686161518097,0.16195686161518097,0.21951143443584442,0.21951143443584442,1.0794
1720,0.16192570328712463,0.16192570328712463,0.21950924396514893,0.21950924396514893,1.0799
1721,0.1618945300579071,0.1618945300579071,0.21950706839561462,0.21950706839561462,1.0804
1722,0.16186337172985077,0.16186337172985077,0.2195049226284027,0.2195049226284027,1.0809
1723,0.16183219850063324,0.16183219850063324,0.2195027768611908,0.2195027768611908,1.0815
1724,0.16180101037025452,0.16180101037025452,0.21950063109397888,0.21950063109397888,1.082
1725,0.16176988184452057,0.16176988184452057,0.21949854493141174,0.21949854493141174,1.0825
1726,0.16173866391181946,0.16173866391181946,0.21949636936187744,0.21949636936187744,1.083
1727,0.16170749068260193,0.16170749068260193,0.21949425339698792,0.21949425339698792,1.0836
1728,0.1616763174533844,0.1616763174533844,0.21949219703674316,0.21949219703674316,1.0841
1729,0.16164511442184448,0.16164511442184448,0.21949005126953125,0.21949005126953125,1.0846
1730,0.16161394119262695,0.16161394119262695,0.2194879800081253,0.2194879800081253,1.0851
1731,0.16158273816108704,0.16158273816108704,0.21948587894439697,0.21948587894439697,1.0857
1732,0.1615515649318695,0.1615515649318695,0.2194838970899582,0.2194838970899582,1.0862
1733,0.1615203469991684,0.1615203469991684,0.21948182582855225,0.21948182582855225,1.0867
1734,0.1614890992641449,0.1614890992641449,0.21947970986366272,0.21947970986366272,1.0873
1735,0.16145792603492737,0.16145792603492737,0.21947769820690155,0.21947769820690155,1.0878
1736,0.16142672300338745,0.16142672300338745,0.2194756716489792,0.2194756716489792,1.0883
1737,0.16139550507068634,0.16139550507068634,0.21947363018989563,0.21947363018989563,1.0888
1738,0.16136430203914642,0.16136430203914642,0.21947160363197327,0.21947160363197327,1.0893
1739,0.1613330841064453,0.1613330841064453,0.2194695919752121,0.2194695919752121,1.0899
1740,0.16130183637142181,0.16130183637142181,0.21946755051612854,0.21946755051612854,1.0904
1741,0.1612706333398819,0.1612706333398819,0.21946558356285095,0.21946558356285095,1.0909
1742,0.1612394154071808,0.1612394154071808,0.21946358680725098,0.21946358680725098,1.0915
1743,0.16120843589305878,0.16120843589305878,0.2194616049528122,0.2194616049528122,1.092
1744,0.16117708384990692,0.16117708384990692,0.21945933997631073,0.21945933997631073,1.0925
1745,0.16114604473114014,0.16114604473114014,0.2194565087556839,0.2194565087556839,1.093
1746,0.1611151099205017,0.1611151099205017,0.21945330500602722,0.21945330500602722,1.0936
1747,0.16108407080173492,0.16108407080173492,0.21944968402385712,0.21944968402385712,1.0941
1748,0.16105294227600098,0.16105294227600098,0.21944575011730194,0.21944575011730194,1.0946
1749,0.16102167963981628,0.16102167963981628,0.2194417417049408,0.2194417417049408,1.0951
1750,0.160990372300148,0.160990372300148,0.21943838894367218,0.21943838894367218,1.0957
1751,0.160959854722023,0.160959854722023,0.2194361388683319,0.2194361388683319,1.0962
1752,0.16092891991138458,0.16092891991138458,0.2194352149963379,0.2194352149963379,1.0968
1753,0.1608976125717163,0.1608976125717163,0.21943576633930206,0.21943576633930206,1.0973
1754,0.1608661711215973,0.1608661711215973,0.21943676471710205,0.21943676471710205,1.0978
1755,0.1608356535434723,0.1608356535434723,0.2194368839263916,0.2194368839263916,1.0984
1756,0.16080494225025177,0.16080494225025177,0.219435453414917,0.219435453414917,1.0989
1757,0.16077390313148499,0.16077390313148499,0.2194323092699051,0.2194323092699051,1.0994
1758,0.16074252128601074,0.16074252128601074,0.21942773461341858,0.21942773461341858,1.1
1759,0.1607111096382141,0.1607111096382141,0.219422847032547,0.219422847032547,1.1005
1760,0.16068035364151,0.16068035364151,0.21941885352134705,0.21941885352134705,1.101
1761,0.160649374127388,0.160649374127388,0.21941694617271423,0.21941694617271423,1.1015
1762,0.1606181561946869,0.1606181561946869,0.21941745281219482,0.21941745281219482,1.1021
1763,0.16058743000030518,0.16058743000030518,0.2194194346666336,0.2194194346666336,1.1026
1764,0.16055652499198914,0.16055652499198914,0.2194218635559082,0.2194218635559082,1.1031
1765,0.1605253517627716,0.1605253517627716,0.21942353248596191,0.21942353248596191,1.1037
1766,0.16049429774284363,0.16049429774284363,0.21942348778247833,0.21942348778247833,1.1042
1767,0.16046346724033356,0.16046346724033356,0.21942150592803955,0.21942150592803955,1.1047
1768,0.1604323834180832,0.1604323834180832,0.2194184958934784,0.2194184958934784,1.1052
1769,0.16040119528770447,0.16040119528770447,0.21941538155078888,0.21941538155078888,1.1057
1770,0.16037073731422424,0.16037073731422424,0.2194126844406128,0.2194126844406128,1.1062
1771,0.1603398621082306,0.1603398621082306,0.2194109857082367,0.2194109857082367,1.1067
1772,0.1603086143732071,0.1603086143732071,0.2194102257490158,0.2194102257490158,1.1072
1773,0.1602775603532791,0.1602775603532791,0.2194099724292755,0.2194099724292755,1.1077
1774,0.1602468341588974,0.1602468341588974,0.21940946578979492,0.21940946578979492,1.1082
1775,0.160215824842453,0.160215824842453,0.21940889954566956,0.21940889954566956,1.1087
1776,0.1601845920085907,0.1601845920085907,0.21940818428993225,0.21940818428993225,1.1093
1777,0.16015398502349854,0.16015398502349854,0.219407320022583,0.219407320022583,1.1098
1778,0.16012316942214966,0.16012316942214966,0.21940653026103973,0.21940653026103973,1.1103
1779,0.16009190678596497,0.16009190678596497,0.21940568089485168,0.21940568089485168,1.1108
1780,0.16006113588809967,0.16006113588809967,0.21940474212169647,0.21940474212169647,1.1113
1781,0.16003043949604034,0.16003043949604034,0.21940331161022186,0.21940331161022186,1.1118
1782,0.15999947488307953,0.15999947488307953,0.2194017916917801,0.2194017916917801,1.1123
1783,0.1599682867527008,0.1599682867527008,0.21940019726753235,0.21940019726753235,1.1128
1784,0.15993741154670715,0.15993741154670715,0.2193983793258667,0.2193983793258667,1.1133
1785,0.15990667045116425,0.15990667045116425,0.219396710395813,0.219396710395813,1.1138
1786,0.15987548232078552,0.15987548232078552,0.2193952053785324,0.2193952053785324,1.1143
1787,0.15984484553337097,0.15984484553337097,0.21939387917518616,0.21939387917518616,1.1148
1788,0.15981419384479523,0.15981419384479523,0.21939265727996826,0.21939265727996826,1.1154
1789,0.1597832441329956,0.1597832441329956,0.21939167380332947,0.21939167380332947,1.1159
1790,0.15975208580493927,0.15975208580493927,0.21939091384410858,0.21939091384410858,1.1164
1791,0.15972116589546204,0.15972116589546204,0.2193898856639862,0.2193898856639862,1.1169
1792,0.15969042479991913,0.15969042479991913,0.21938864886760712,0.21938864886760712,1.1174
1793,0.159659281373024,0.159659281373024,0.21938709914684296,0.21938709914684296,1.1179
1794,0.1596284657716751,0.1596284657716751,0.2193848341703415,0.2193848341703415,1.1184
1795,0.15959757566452026,0.15959757566452026,0.21938209235668182,0.21938209235668182,1.119
1796,0.15956702828407288,0.15956702828407288,0.2193789929151535,0.2193789929151535,1.1195
1797,0.15953604876995087,0.15953604876995087,0.2193763703107834,0.2193763703107834,1.12
1798,0.15950524806976318,0.15950524806976318,0.21937468647956848,0.21937468647956848,1.1205
1799,0.15947455167770386,0.15947455167770386,0.21937385201454163,0.21937385201454163,1.121
1800,0.159443661570549,0.159443661570549,0.2193741798400879,0.2193741798400879,1.1215
1801,0.1594126671552658,0.1594126671552658,0.21937496960163116,0.21937496960163116,1.122
1802,0.1593821942806244,0.1593821942806244,0.21937522292137146,0.21937522292137146,1.1225
1803,0.1593514382839203,0.1593514382839203,0.21937470138072968,0.21937470138072968,1.123
1804,0.15932020545005798,0.15932020545005798,0.21937310695648193,0.21937310695648193,1.1235
1805,0.1592899113893509,0.1592899113893509,0.21937084197998047,0.21937084197998047,1.124
1806,0.15925940871238708,0.15925940871238708,0.21936850249767303,0.21936850249767303,1.1245
1807,0.15922865271568298,0.15922865271568298,0.21936722099781036,0.21936722099781036,1.125
1808,0.15919756889343262,0.15919756889343262,0.2193669080734253,0.2193669080734253,1.1255
1809,0.15916642546653748,0.15916642546653748,0.21936707198619843,0.21936707198619843,1.126
1810,0.15913629531860352,0.15913629531860352,0.21936655044555664,0.21936655044555664,1.1265
1811,0.15910576283931732,0.15910576283931732,0.2193649709224701,0.2193649709224701,1.127
1812,0.15907466411590576,0.15907466411590576,0.21936221420764923,0.21936221420764923,1.1275
1813,0.1590435802936554,0.1590435802936554,0.21935872733592987,0.21935872733592987,1.128
1814,0.15901312232017517,0.15901312232017517,0.21935515105724335,0.21935515105724335,1.1285
1815,0.15898247063159943,0.15898247063159943,0.2193528711795807,0.2193528711795807,1.129
1816,0.15895161032676697,0.15895161032676697,0.21935243904590607,0.21935243904590607,1.1295
1817,0.15892069041728973,0.15892069041728973,0.21935348212718964,0.21935348212718964,1.13
1818,0.15889039635658264,0.15889039635658264,0.21935462951660156,0.21935462951660156,1.1306
1819,0.1588597297668457,0.1588597297668457,0.21935498714447021,0.21935498714447021,1.1311
1820,0.15882863104343414,0.15882863104343414,0.21935395896434784,0.21935395896434784,1.1316
1821,0.15879835188388824,0.15879835188388824,0.21935144066810608,0.21935144066810608,1.1321
1822,0.15876798331737518,0.15876798331737518,0.2193482369184494,0.2193482369184494,1.1326
1823,0.15873736143112183,0.15873736143112183,0.21934576332569122,0.21934576332569122,1.1331
1824,0.15870650112628937,0.15870650112628937,0.2193448543548584,0.2193448543548584,1.1336
1825,0.15867556631565094,0.15867556631565094,0.21934524178504944,0.21934524178504944,1.1341
1826,0.1586451232433319,0.1586451232433319,0.2193455696105957,0.2193455696105957,1.1346
1827,0.1586146205663681,0.1586146205663681,0.21934513747692108,0.21934513747692108,1.1351
1828,0.15858367085456848,0.15858367085456848,0.21934333443641663,0.21934333443641663,1.1356
1829,0.1585533171892166,0.1585533171892166,0.21934035420417786,0.21934035420417786,1.1362
1830,0.15852297842502594,0.15852297842502594,0.21933682262897491,0.21933682262897491,1.1367
1831,0.15849241614341736,0.15849241614341736,0.2193344384431839,0.2193344384431839,1.1372
1832,0.15846173465251923,0.15846173465251923,0.21933385729789734,0.21933385729789734,1.1377
1833,0.15843090415000916,0.15843090415000916,0.21933472156524658,0.21933472156524658,1.1382
1834,0.15840041637420654,0.15840041637420654,0.21933571994304657,0.21933571994304657,1.1387
1835,0.15836991369724274,0.15836991369724274,0.21933579444885254,0.21933579444885254,1.1392
1836,0.15833920240402222,0.15833920240402222,0.21933431923389435,0.21933431923389435,1.1397
1837,0.15830878913402557,0.15830878913402557,0.21933075785636902,0.21933075785636902,1.1403
1838,0.158278226852417,0.158278226852417,0.2193262279033661,0.2193262279033661,1.1408
1839,0.15824761986732483,0.15824761986732483,0.21932201087474823,0.21932201087474823,1.1413
1840,0.1582174003124237,0.1582174003124237,0.219319149851799,0.219319149851799,1.1418
1841,0.15818674862384796,0.15818674862384796,0.21931830048561096,0.21931830048561096,1.1423
1842,0.15815645456314087,0.15815645456314087,0.219319149851799,0.219319149851799,1.1428
1843,0.15812622010707855,0.15812622010707855,0.21932101249694824,0.21932101249694824,1.1433
1844,0.1580958515405655,0.1580958515405655,0.21932299435138702,0.21932299435138702,1.1438
1845,0.15806524455547333,0.15806524455547333,0.21932396292686462,0.21932396292686462,1.1443
1846,0.15803460776805878,0.15803460776805878,0.21932339668273926,0.21932339668273926,1.1448
1847,0.15800465643405914,0.15800465643405914,0.2193210870027542,0.2193210870027542,1.1453
1848,0.1579742729663849,0.1579742729663849,0.21931786835193634,0.21931786835193634,1.1458
1849,0.15794344246387482,0.15794344246387482,0.21931453049182892,0.21931453049182892,1.1463
1850,0.1579132080078125,0.1579132080078125,0.21931147575378418,0.21931147575378418,1.1468
1851,0.1578829288482666,0.1578829288482666,0.2193094789981842,0.2193094789981842,1.1473
1852,0.15785248577594757,0.15785248577594757,0.21930846571922302,0.21930846571922302,1.1478
1853,0.1578221172094345,0.1578221172094345,0.2193082869052887,0.2193082869052887,1.1483
1854,0.15779182314872742,0.15779182314872742,0.21930882334709167,0.21930882334709167,1.1489
1855,0.15776154398918152,0.15776154398918152,0.2193092405796051,0.2193092405796051,1.1494
1856,0.15773126482963562,0.15773126482963562,0.21930906176567078,0.21930906176567078,1.1499
1857,0.15770108997821808,0.15770108997821808,0.21930865943431854,0.21930865943431854,1.1504
1858,0.15767090022563934,0.15767090022563934,0.21930749714374542,0.21930749714374542,1.1509
1859,0.15764060616493225,0.15764060616493225,0.21930572390556335,0.21930572390556335,1.1514
1860,0.15761029720306396,0.15761029720306396,0.219303697347641,0.219303697347641,1.1519
1861,0.15758049488067627,0.15758049488067627,0.21930131316184998,0.21930131316184998,1.1524
1862,0.1575501561164856,0.1575501561164856,0.21929943561553955,0.21929943561553955,1.1529
1863,0.15751990675926208,0.15751990675926208,0.21929816901683807,0.21929816901683807,1.1534
1864,0.15748994052410126,0.15748994052410126,0.21929757297039032,0.21929757297039032,1.1539
1865,0.15745986998081207,0.15745986998081207,0.21929773688316345,0.21929773688316345,1.1544
1866,0.15742962062358856,0.15742962062358856,0.21929843723773956,0.21929843723773956,1.1549
1867,0.15739934146404266,0.15739934146404266,0.21929888427257538,0.21929888427257538,1.1554
1868,0.15736952424049377,0.15736952424049377,0.2192983627319336,0.2192983627319336,1.1559
1869,0.15733934938907623,0.15733934938907623,0.21929696202278137,0.21929696202278137,1.1564
1870,0.15730886161327362,0.15730886161327362,0.21929335594177246,0.21929335594177246,1.157
1871,0.15727853775024414,0.15727853775024414,0.21928825974464417,0.21928825974464417,1.1575
1872,0.15724800527095795,0.15724800527095795,0.21928289532661438,0.21928289532661438,1.158
1873,0.15721727907657623,0.15721727907657623,0.21927812695503235,0.21927812695503235,1.1585
1874,0.15718646347522736,0.15718646347522736,0.21927385032176971,0.21927385032176971,1.159
1875,0.15715572237968445,0.15715572237968445,0.21927008032798767,0.21927008032798767,1.1595
1876,0.15712492167949677,0.15712492167949677,0.21926593780517578,0.21926593780517578,1.16
1877,0.15709438920021057,0.15709438920021057,0.21926093101501465,0.21926093101501465,1.1605
1878,0.15706339478492737,0.15706339478492737,0.2192554920911789,0.2192554920911789,1.161
1879,0.15703263878822327,0.15703263878822327,0.21924960613250732,0.21924960613250732,1.1615
1880,0.1570018082857132,0.1570018082857132,0.21924400329589844,0.21924400329589844,1.162
1881,0.15697124600410461,0.15697124600410461,0.21923907101154327,0.21923907101154327,1.1625
1882,0.15694023668766022,0.15694023668766022,0.2192356288433075,0.2192356288433075,1.163
1883,0.15690948069095612,0.15690948069095612,0.21923311054706573,0.21923311054706573,1.1635
1884,0.1568787544965744,0.1568787544965744,0.21923132240772247,0.21923132240772247,1.164
1885,0.15684813261032104,0.15684813261032104,0.21923017501831055,0.21923017501831055,1.1645
1886,0.15681752562522888,0.15681752562522888,0.21922902762889862,0.21922902762889862,1.165
1887,0.15678678452968597,0.15678678452968597,0.2192276418209076,0.2192276418209076,1.1655
1888,0.15675604343414307,0.15675604343414307,0.21922588348388672,0.21922588348388672,1.166
1889,0.15672558546066284,0.15672558546066284,0.21922342479228973,0.21922342479228973,1.1666
1890,0.15669476985931396,0.15669476985931396,0.21922068297863007,0.21922068297863007,1.1671
1891,0.15666425228118896,0.15666425228118896,0.21921758353710175,0.21921758353710175,1.1676
1892,0.15663370490074158,0.15663370490074158,0.21921460330486298,0.21921460330486298,1.1681
1893,0.15660329163074493,0.15660329163074493,0.21921196579933167,0.21921196579933167,1.1686
1894,0.15657280385494232,0.15657280385494232,0.2192101925611496,0.2192101925611496,1.1691
1895,0.15654245018959045,0.15654245018959045,0.2192092388868332,0.2192092388868332,1.1696
1896,0.1565120667219162,0.1565120667219162,0.2192091941833496,0.2192091941833496,1.1701
1897,0.15648166835308075,0.15648166835308075,0.21920962631702423,0.21920962631702423,1.1706
1898,0.1564512848854065,0.1564512848854065,0.21920982003211975,0.21920982003211975,1.1711
1899,0.1564212143421173,0.1564212143421173,0.21920904517173767,0.21920904517173767,1.1717
1900,0.1563906967639923,0.1563906967639923,0.21920761466026306,0.21920761466026306,1.1722
1901,0.15636052191257477,0.15636052191257477,0.21920542418956757,0.21920542418956757,1.1727
1902,0.15633036196231842,0.15633036196231842,0.21920323371887207,0.21920323371887207,1.1732
1903,0.15630017220973969,0.15630017220973969,0.21920156478881836,0.21920156478881836,1.1737
1904,0.15627016127109528,0.15627016127109528,0.21920084953308105,0.21920084953308105,1.1742
1905,0.1562400609254837,0.1562400609254837,0.21920135617256165,0.21920135617256165,1.1747
1906,0.15621010959148407,0.15621010959148407,0.2192026823759079,0.2192026823759079,1.1752
1907,0.15618009865283966,0.15618009865283966,0.2192046195268631,0.2192046195268631,1.1757
1908,0.15615013241767883,0.15615013241767883,0.21920645236968994,0.21920645236968994,1.1762
1909,0.1561201512813568,0.1561201512813568,0.21920759975910187,0.21920759975910187,1.1767
1910,0.15609028935432434,0.15609028935432434,0.21920748054981232,0.21920748054981232,1.1772
1911,0.15606041252613068,0.15606041252613068,0.21920669078826904,0.21920669078826904,1.1777
1912,0.15603066980838776,0.15603066980838776,0.21920530498027802,0.21920530498027802,1.1782
1913,0.15600089728832245,0.15600089728832245,0.21920403838157654,0.21920403838157654,1.1787
1914,0.15597113966941833,0.15597113966941833,0.21920327842235565,0.21920327842235565,1.1792
1915,0.15594139695167542,0.15594139695167542,0.21920308470726013,0.21920308470726013,1.1797
1916,0.15591172873973846,0.15591172873973846,0.21920308470726013,0.21920308470726013,1.1802
1917,0.15588214993476868,0.15588214993476868,0.2192034274339676,0.2192034274339676,1.1808
1918,0.15585263073444366,0.15585263073444366,0.21920368075370789,0.21920368075370789,1.1813
1919,0.15582312643527985,0.15582312643527985,0.2192041426897049,0.2192041426897049,1.1818
1920,0.15579357743263245,0.15579357743263245,0.2192046195268631,0.2192046195268631,1.1823
1921,0.15576410293579102,0.15576410293579102,0.21920502185821533,0.21920502185821533,1.1828
1922,0.1557346135377884,0.1557346135377884,0.21920502185821533,0.21920502185821533,1.1833
1923,0.15570521354675293,0.15570521354675293,0.21920445561408997,0.21920445561408997,1.1838
1924,0.15567588806152344,0.15567588806152344,0.2192036211490631,0.2192036211490631,1.1843
1925,0.15564660727977753,0.15564660727977753,0.21920259296894073,0.21920259296894073,1.1848
1926,0.155617356300354,0.155617356300354,0.21920199692249298,0.21920199692249298,1.1853
1927,0.15558813512325287,0.15558813512325287,0.21920208632946014,0.21920208632946014,1.1858
1928,0.15555889904499054,0.15555889904499054,0.21920275688171387,0.21920275688171387,1.1863
1929,0.1555296927690506,0.1555296927690506,0.21920371055603027,0.21920371055603027,1.1868
1930,0.15550054609775543,0.15550054609775543,0.2192043960094452,0.2192043960094452,1.1873
1931,0.155471533536911,0.155471533536911,0.2192043960094452,0.2192043960094452,1.1878
1932,0.15544244647026062,0.15544244647026062,0.2192038744688034,0.2192038744688034,1.1883
1933,0.15541347861289978,0.15541347861289978,0.2192029505968094,0.2192029505968094,1.1888
1934,0.15538457036018372,0.15538457036018372,0.21920235455036163,0.21920235455036163,1.1893
1935,0.15535564720630646,0.15535564720630646,0.21920236945152283,0.21920236945152283,1.1898
1936,0.1553267538547516,0.1553267538547516,0.2192031443119049,0.2192031443119049,1.1904
1937,0.15529783070087433,0.15529783070087433,0.21920418739318848,0.21920418739318848,1.1909
1938,0.155269056558609,0.155269056558609,0.21920499205589294,0.21920499205589294,1.1914
1939,0.1552402526140213,0.1552402526140213,0.21920490264892578,0.21920490264892578,1.1919
1940,0.15521152317523956,0.15521152317523956,0.2192036211490631,0.2192036211490631,1.1924
1941,0.15518304705619812,0.15518304705619812,0.21920128166675568,0.21920128166675568,1.1929
1942,0.15515419840812683,0.15515419840812683,0.2191990315914154,0.2191990315914154,1.1934
1943,0.15512563288211823,0.15512563288211823,0.21919746696949005,0.21919746696949005,1.1939
1944,0.1550971269607544,0.1550971269607544,0.21919742226600647,0.21919742226600647,1.1944
1945,0.15506860613822937,0.15506860613822937,0.21919898688793182,0.21919898688793182,1.1949
1946,0.15504011511802673,0.15504011511802673,0.21920177340507507,0.21920177340507507,1.1954
1947,0.15501165390014648,0.15501165390014648,0.2192046195268631,0.2192046195268631,1.1959
1948,0.15498323738574982,0.15498323738574982,0.21920636296272278,0.21920636296272278,1.1964
1949,0.15495486557483673,0.15495486557483673,0.2192063331604004,0.2192063331604004,1.1969
1950,0.15492650866508484,0.15492650866508484,0.219204381108284,0.219204381108284,1.1974
1951,0.1548982560634613,0.1548982560634613,0.219200998544693,0.219200998544693,1.1979
1952,0.15487001836299896,0.15487001836299896,0.2191971242427826,0.2191971242427826,1.1984
1953,0.154841810464859,0.154841810464859,0.2191942185163498,0.2191942185163498,1.1989
1954,0.15481369197368622,0.15481369197368622,0.21919293701648712,0.21919293701648712,1.1994
1955,0.1547856330871582,0.1547856330871582,0.21919378638267517,0.21919378638267517,1.2
1956,0.15475760400295258,0.15475760400295258,0.2191964089870453,0.2191964089870453,1.2005
1957,0.15472956001758575,0.15472956001758575,0.21919985115528107,0.21919985115528107,1.201
1958,0.15470156073570251,0.15470156073570251,0.21920283138751984,0.21920283138751984,1.2015
1959,0.15467357635498047,0.15467357635498047,0.21920433640480042,0.21920433640480042,1.202
1960,0.1546456515789032,0.1546456515789032,0.21920371055603027,0.21920371055603027,1.2025
1961,0.1546178162097931,0.1546178162097931,0.21919679641723633,0.21919679641723633,1.203
1962,0.15458998084068298,0.15458998084068298,0.21918842196464539,0.21918842196464539,1.2035
1963,0.15456223487854004,0.15456223487854004,0.21917971968650818,0.21917971968650818,1.204
1964,0.1545345038175583,0.1545345038175583,0.2191714346408844,0.2191714346408844,1.2045
1965,0.1545068472623825,0.1545068472623825,0.2191641628742218,0.2191641628742218,1.205
1966,0.1544792205095291,0.1544792205095291,0.2191581279039383,0.2191581279039383,1.2055
1967,0.15445160865783691,0.15445160865783691,0.21915331482887268,0.21915331482887268,1.206
1968,0.1544240266084671,0.1544240266084671,0.21914932131767273,0.21914932131767273,1.2065
1969,0.15439653396606445,0.15439653396606445,0.21914586424827576,0.21914586424827576,1.207
1970,0.1543690711259842,0.1543690711259842,0.21914219856262207,0.21914219856262207,1.2075
1971,0.1543416529893875,0.1543416529893875,0.21913805603981018,0.21913805603981018,1.208
1972,0.1543143093585968,0.1543143093585968,0.2191331386566162,0.2191331386566162,1.2085
1973,0.1542869657278061,0.1542869657278061,0.2191273272037506,0.2191273272037506,1.209
1974,0.15425968170166016,0.15425968170166016,0.21912088990211487,0.21912088990211487,1.2095
1975,0.1542324274778366,0.1542324274778366,0.21911406517028809,0.21911406517028809,1.21
1976,0.15420524775981903,0.15420524775981903,0.21910731494426727,0.21910731494426727,1.2106
1977,0.15417811274528503,0.15417811274528503,0.21910104155540466,0.21910104155540466,1.2111
1978,0.15415100753307343,0.15415100753307343,0.21909531950950623,0.21909531950950623,1.2116
1979,0.1541239470243454,0.1541239470243454,0.21909014880657196,0.21909014880657196,1.2121
1980,0.15409697592258453,0.15409697592258453,0.21908541023731232,0.21908541023731232,1.2126
1981,0.15406998991966248,0.15406998991966248,0.21908077597618103,0.21908077597618103,1.2131
1982,0.1540430784225464,0.1540430784225464,0.2190759927034378,0.2190759927034378,1.2136
1983,0.1540161669254303,0.1540161669254303,0.21907083690166473,0.21907083690166473,1.2141
1984,0.15398934483528137,0.15398934483528137,0.21906538307666779,0.21906538307666779,1.2146
1985,0.15396258234977722,0.15396258234977722,0.219059556722641,0.219059556722641,1.2151
1986,0.15393584966659546,0.15393584966659546,0.2190535068511963,0.2190535068511963,1.2156
1987,0.15390917658805847,0.15390917658805847,0.21904735267162323,0.21904735267162323,1.2161
1988,0.15388253331184387,0.15388253331184387,0.21904118359088898,0.21904118359088898,1.2166
1989,0.15385594964027405,0.15385594964027405,0.21903519332408905,0.21903519332408905,1.2171
1990,0.1538294106721878,0.1538294106721878,0.21902935206890106,0.21902935206890106,1.2176
1991,0.15380290150642395,0.15380290150642395,0.21902361512184143,0.21902361512184143,1.2181
1992,0.15377643704414368,0.15377643704414368,0.21901802718639374,0.21901802718639374,1.2187
1993,0.15375003218650818,0.15375003218650818,0.21901240944862366,0.21901240944862366,1.2192
1994,0.15372368693351746,0.15372368693351746,0.21900668740272522,0.21900668740272522,1.2197
1995,0.1536974012851715,0.1536974012851715,0.21900081634521484,0.21900081634521484,1.2202
1996,0.15367111563682556,0.15367111563682556,0.21899476647377014,0.21899476647377014,1.2207
1997,0.15364482998847961,0.15364482998847961,0.21898850798606873,0.21898850798606873,1.2212
1998,0.15361851453781128,0.15361851453781128,0.21898332238197327,0.21898332238197327,1.2217
1999,0.15359219908714294,0.15359219908714294,0.2189788520336151,0.2189788520336151,1.2222
2000,0.1535658985376358,0.1535658985376358,0.2189747840166092,0.2189747840166092,1.2243
2001,0.15353959798812866,0.15353959798812866,0.2189711332321167,0.2189711332321167,1.225
2002,0.1535133570432663,0.1535133570432663,0.2189677655696869,0.2189677655696869,1.2255
2003,0.15348711609840393,0.15348711609840393,0.21896472573280334,0.21896472573280334,1.2261
2004,0.15346091985702515,0.15346091985702515,0.2189621925354004,0.2189621925354004,1.2266
2005,0.15343472361564636,0.15343472361564636,0.2189600169658661,0.2189600169658661,1.2271
2006,0.15340861678123474,0.15340861678123474,0.21895818412303925,0.21895818412303925,1.2276
2007,0.1533825695514679,0.1533825695514679,0.21895654499530792,0.21895654499530792,1.2282
2008,0.15335655212402344,0.15335655212402344,0.21895506978034973,0.21895506978034973,1.2287
2009,0.15333053469657898,0.15333053469657898,0.21895387768745422,0.21895387768745422,1.2292
2010,0.1533045917749405,0.1533045917749405,0.2189532071352005,0.2189532071352005,1.2297
2011,0.15327872335910797,0.15327872335910797,0.2189531773328781,0.2189531773328781,1.2303
2012,0.15325288474559784,0.15325288474559784,0.21895363926887512,0.21895363926887512,1.2308
2013,0.15322712063789368,0.15322712063789368,0.21895423531532288,0.21895423531532288,1.2313
2014,0.1532013714313507,0.1532013714313507,0.21895459294319153,0.21895459294319153,1.2318
2015,0.1531757116317749,0.1531757116317749,0.21895448863506317,0.21895448863506317,1.2323
2016,0.15315011143684387,0.15315011143684387,0.21895384788513184,0.21895384788513184,1.2329
2017,0.1531245857477188,0.1531245857477188,0.2189527451992035,0.2189527451992035,1.2334
2018,0.15309908986091614,0.15309908986091614,0.21895155310630798,0.21895155310630798,1.2339
2019,0.15307366847991943,0.15307366847991943,0.21895048022270203,0.21895048022270203,1.2344
2020,0.1530483067035675,0.1530483067035675,0.21894963085651398,0.21894963085651398,1.235
2021,0.15302295982837677,0.15302295982837677,0.21894888579845428,0.21894888579845428,1.2355
2022,0.15299773216247559,0.15299773216247559,0.21894817054271698,0.21894817054271698,1.236
2023,0.1529724895954132,0.1529724895954132,0.218947172164917,0.218947172164917,1.2366
2024,0.1529473513364792,0.1529473513364792,0.21894581615924835,0.21894581615924835,1.2371
2025,0.15292227268218994,0.15292227268218994,0.21894416213035583,0.21894416213035583,1.2376
2026,0.15289725363254547,0.15289725363254547,0.21894223988056183,0.21894223988056183,1.2381
2027,0.15287227928638458,0.15287227928638458,0.2189401388168335,0.2189401388168335,1.2386
2028,0.15284736454486847,0.15284736454486847,0.21893802285194397,0.21893802285194397,1.2391
2029,0.15282249450683594,0.15282249450683594,0.2189358025789261,0.2189358025789261,1.2396
2030,0.15279769897460938,0.15279769897460938,0.2189335823059082,0.2189335823059082,1.2402
2031,0.1527729332447052,0.1527729332447052,0.21893131732940674,0.21893131732940674,1.2407
2032,0.1527482569217682,0.1527482569217682,0.2189290076494217,0.2189290076494217,1.2412
2033,0.15272361040115356,0.15272361040115356,0.21892669796943665,0.21892669796943665,1.2417
2034,0.1526990383863449,0.1526990383863449,0.21892425417900085,0.21892425417900085,1.2422
2035,0.15267449617385864,0.15267449617385864,0.2189216911792755,0.2189216911792755,1.2427
2036,0.15265004336833954,0.15265004336833954,0.21891899406909943,0.21891899406909943,1.2432
2037,0.1526256501674652,0.1526256501674652,0.21891605854034424,0.21891605854034424,1.2438
2038,0.15260128676891327,0.15260128676891327,0.21891292929649353,0.21891292929649353,1.2443
2039,0.1525770127773285,0.1525770127773285,0.21890971064567566,0.21890971064567566,1.2448
2040,0.1525527536869049,0.1525527536869049,0.2189064919948578,0.2189064919948578,1.2453
2041,0.1525285542011261,0.1525285542011261,0.21890325844287872,0.21890325844287872,1.2458
2042,0.15250442922115326,0.15250442922115326,0.21890000998973846,0.21890000998973846,1.2463
2043,0.1524803638458252,0.1524803638458252,0.21889682114124298,0.21889682114124298,1.2468
2044,0.15245631337165833,0.15245631337165833,0.21889349818229675,0.21889349818229675,1.2474
2045,0.15243235230445862,0.15243235230445862,0.2188899964094162,0.2188899964094162,1.2479
2046,0.1524084359407425,0.1524084359407425,0.21888646483421326,0.21888646483421326,1.2484
2047,0.15238457918167114,0.15238457918167114,0.21888279914855957,0.21888279914855957,1.2489
2048,0.15236078202724457,0.15236078202724457,0.21887917816638947,0.21887917816638947,1.2494
2049,0.15233705937862396,0.15233705937862396,0.218875452876091,0.218875452876091,1.2499
2050,0.15231336653232574,0.15231336653232574,0.2188718616962433,0.2188718616962433,1.2505
2051,0.1522897183895111,0.1522897183895111,0.2188682109117508,0.2188682109117508,1.251
2052,0.15226614475250244,0.15226614475250244,0.2188645303249359,0.2188645303249359,1.2515
2053,0.15224263072013855,0.15224263072013855,0.21886089444160461,0.21886089444160461,1.252
2054,0.15221916139125824,0.15221916139125824,0.21885721385478973,0.21885721385478973,1.2525
2055,0.1521957367658615,0.1521957367658615,0.21885354816913605,0.21885354816913605,1.253
2056,0.15217237174510956,0.15217237174510956,0.21884986758232117,0.21884986758232117,1.2535
2057,0.15214908123016357,0.15214908123016357,0.21884623169898987,0.21884623169898987,1.254
2058,0.15212586522102356,0.15212586522102356,0.21884259581565857,0.21884259581565857,1.2545
2059,0.15210266411304474,0.15210266411304474,0.2188388556241989,0.2188388556241989,1.255
2060,0.1520795375108719,0.1520795375108719,0.21883511543273926,0.21883511543273926,1.2556
2061,0.15205645561218262,0.15205645561218262,0.21883134543895721,0.21883134543895721,1.2561
2062,0.15203341841697693,0.15203341841697693,0.21882756054401398,0.21882756054401398,1.2566
2063,0.1520104706287384,0.1520104706287384,0.21882382035255432,0.21882382035255432,1.2571
2064,0.15198755264282227,0.15198755264282227,0.21882005035877228,0.21882005035877228,1.2576
2065,0.1519647091627121,0.1519647091627121,0.21881631016731262,0.21881631016731262,1.2582
2066,0.1519419103860855,0.1519419103860855,0.21881255507469177,0.21881255507469177,1.2596
2067,0.1519191712141037,0.1519191712141037,0.2188088595867157,0.2188088595867157,1.2602
2068,0.15189644694328308,0.15189644694328308,0.21880504488945007,0.21880504488945007,1.2607
2069,0.15187384188175201,0.15187384188175201,0.21880128979682922,0.21880128979682922,1.2613
2070,0.15185126662254333,0.15185126662254333,0.21879756450653076,0.21879756450653076,1.2618
2071,0.15182873606681824,0.15182873606681824,0.21879379451274872,0.21879379451274872,1.2623
2072,0.1518062800168991,0.1518062800168991,0.21879005432128906,0.21879005432128906,1.2628
2073,0.15178385376930237,0.15178385376930237,0.21878626942634583,0.21878626942634583,1.2633
2074,0.1517615020275116,0.1517615020275116,0.21878249943256378,0.21878249943256378,1.2639
2075,0.1517392098903656,0.1517392098903656,0.2187788039445877,0.2187788039445877,1.2644
2076,0.151716947555542,0.151716947555542,0.21877506375312805,0.21877506375312805,1.2649
2077,0.15169477462768555,0.15169477462768555,0.21877136826515198,0.21877136826515198,1.2654
2078,0.1516726315021515,0.1516726315021515,0.21876764297485352,0.21876764297485352,1.2659
2079,0.1516505479812622,0.1516505479812622,0.21876397728919983,0.21876397728919983,1.2665
2080,0.1516285389661789,0.1516285389661789,0.21876029670238495,0.21876029670238495,1.267
2081,0.15160655975341797,0.15160655975341797,0.21875658631324768,0.21875658631324768,1.2675
2082,0.15158461034297943,0.15158461034297943,0.21875286102294922,0.21875286102294922,1.268
2083,0.15156275033950806,0.15156275033950806,0.21874916553497314,0.21874916553497314,1.2685
2084,0.15154093503952026,0.15154093503952026,0.21874547004699707,0.21874547004699707,1.269
2085,0.15151917934417725,0.15151917934417725,0.21874180436134338,0.21874180436134338,1.2696
2086,0.1514974981546402,0.1514974981546402,0.2187381237745285,0.2187381237745285,1.2701
2087,0.15147583186626434,0.15147583186626434,0.21873445808887482,0.21873445808887482,1.2706
2088,0.15145428478717804,0.15145428478717804,0.2187308520078659,0.2187308520078659,1.2711
2089,0.15143273770809174,0.15143273770809174,0.2187272012233734,0.2187272012233734,1.2716
2090,0.1514112502336502,0.1514112502336502,0.21872353553771973,0.21872353553771973,1.2721
2091,0.15138982236385345,0.15138982236385345,0.21871991455554962,0.21871991455554962,1.2727
2092,0.15136846899986267,0.15136846899986267,0.2187163084745407,0.2187163084745407,1.2732
2093,0.15134713053703308,0.15134713053703308,0.21871264278888702,0.21871264278888702,1.2737
2094,0.15132586658000946,0.15132586658000946,0.21870899200439453,0.21870899200439453,1.2742
2095,0.15130466222763062,0.15130466222763062,0.218705415725708,0.218705415725708,1.2747
2096,0.15128353238105774,0.15128353238105774,0.2187017947435379,0.2187017947435379,1.2752
2097,0.15126243233680725,0.15126243233680725,0.2186981737613678,0.2186981737613678,1.2757
2098,0.15124134719371796,0.15124134719371796,0.21869459748268127,0.21869459748268127,1.2763
2099,0.15122036635875702,0.15122036635875702,0.21869096159934998,0.21869096159934998,1.2768
2100,0.15119943022727966,0.15119943022727966,0.21868734061717987,0.21868734061717987,1.2773
2101,0.1511785387992859,0.1511785387992859,0.21868371963500977,0.21868371963500977,1.2778
2102,0.1511577069759369,0.1511577069759369,0.21868011355400085,0.21868011355400085,1.2783
2103,0.15113693475723267,0.15113693475723267,0.2186765968799591,0.2186765968799591,1.2788
2104,0.15111620724201202,0.15111620724201202,0.2186729609966278,0.2186729609966278,1.2793
2105,0.15109550952911377,0.15109550952911377,0.2186693400144577,0.2186693400144577,1.2798
2106,0.15107491612434387,0.15107491612434387,0.21866579353809357,0.21866579353809357,1.2804
2107,0.15105435252189636,0.15105435252189636,0.21866221725940704,0.21866221725940704,1.2809
2108,0.15103380382061005,0.15103380382061005,0.21865859627723694,0.21865859627723694,1.2814
2109,0.1510133445262909,0.1510133445262909,0.2186550348997116,0.2186550348997116,1.2819
2110,0.1509929597377777,0.1509929597377777,0.21865148842334747,0.21865148842334747,1.2824
2111,0.1509726196527481,0.1509726196527481,0.21864795684814453,0.21864795684814453,1.2829
2112,0.1509523093700409,0.1509523093700409,0.218644380569458,0.218644380569458,1.2834
2113,0.15093204379081726,0.15093204379081726,0.21864084899425507,0.21864084899425507,1.2839
2114,0.1509118527173996,0.1509118527173996,0.21863727271556854,0.21863727271556854,1.2844
2115,0.1508917212486267,0.1508917212486267,0.2186337262392044,0.2186337262392044,1.2849
2116,0.1508716344833374,0.1508716344833374,0.21863022446632385,0.21863022446632385,1.2854
2117,0.15085157752037048,0.15085157752037048,0.2186266928911209,0.2186266928911209,1.286
2118,0.15083158016204834,0.15083158016204834,0.21862316131591797,0.21862316131591797,1.2865
2119,0.15081165730953217,0.15081165730953217,0.21861962974071503,0.21861962974071503,1.287
2120,0.15079179406166077,0.15079179406166077,0.21861615777015686,0.21861615777015686,1.2875
2121,0.15077194571495056,0.15077194571495056,0.21861259639263153,0.21861259639263153,1.288
2122,0.15075215697288513,0.15075215697288513,0.2186090499162674,0.2186090499162674,1.2885
2123,0.15073242783546448,0.15073242783546448,0.21860556304454803,0.21860556304454803,1.289
2124,0.1507127434015274,0.1507127434015274,0.21860209107398987,0.21860209107398987,1.2895
2125,0.1506931185722351,0.1506931185722351,0.2185986042022705,0.2185986042022705,1.29
2126,0.15067355334758759,0.15067355334758759,0.21859514713287354,0.21859514713287354,1.2905
2127,0.15065401792526245,0.15065401792526245,0.21859164535999298,0.21859164535999298,1.291
2128,0.15063458681106567,0.15063458681106567,0.21858815848827362,0.21858815848827362,1.2915
2129,0.1506151258945465,0.1506151258945465,0.21858468651771545,0.21858468651771545,1.292
2130,0.1505957692861557,0.1505957692861557,0.21858122944831848,0.21858122944831848,1.2925
2131,0.15057644248008728,0.15057644248008728,0.2185777723789215,0.2185777723789215,1.2931
2132,0.15055719017982483,0.15055719017982483,0.21857433021068573,0.21857433021068573,1.2936
2133,0.15053796768188477,0.15053796768188477,0.21857090294361115,0.21857090294361115,1.2941
2134,0.15051880478858948,0.15051880478858948,0.21856741607189178,0.21856741607189178,1.2946
2135,0.15049967169761658,0.15049967169761658,0.2185639888048172,0.2185639888048172,1.2951
2136,0.15048062801361084,0.15048062801361084,0.2185606062412262,0.2185606062412262,1.2956
2137,0.1504615843296051,0.1504615843296051,0.21855716407299042,0.21855716407299042,1.2962
2138,0.15044264495372772,0.15044264495372772,0.21855373680591583,0.21855373680591583,1.2967
2139,0.15042373538017273,0.15042373538017273,0.21855027973651886,0.21855027973651886,1.2972
2140,0.15040484070777893,0.15040484070777893,0.21854686737060547,0.21854686737060547,1.2977
2141,0.1503860503435135,0.1503860503435135,0.21854349970817566,0.21854349970817566,1.2982
2142,0.15036725997924805,0.15036725997924805,0.21854010224342346,0.21854010224342346,1.2987
2143,0.15034854412078857,0.15034854412078857,0.21853668987751007,0.21853668987751007,1.2992
2144,0.15032990276813507,0.15032990276813507,0.21853327751159668,0.21853327751159668,1.2997
2145,0.15031132102012634,0.15031132102012634,0.2185298502445221,0.2185298502445221,1.3002
2146,0.1502927541732788,0.1502927541732788,0.21852640807628632,0.21852640807628632,1.3007
2147,0.15027427673339844,0.15027427673339844,0.21852317452430725,0.21852317452430725,1.3013
2148,0.15025581419467926,0.15025581419467926,0.21852031350135803,0.21852031350135803,1.3018
2149,0.15023739635944366,0.15023739635944366,0.2185177057981491,0.2185177057981491,1.3023
2150,0.15021902322769165,0.15021902322769165,0.2185153067111969,0.2185153067111969,1.3028
2151,0.15020069479942322,0.15020069479942322,0.21851298213005066,0.21851298213005066,1.3033
2152,0.15018244087696075,0.15018244087696075,0.21851055324077606,0.21851055324077606,1.3038
2153,0.15016421675682068,0.15016421675682068,0.21850815415382385,0.21850815415382385,1.3043
2154,0.15014605224132538,0.15014605224132538,0.21850557625293732,0.21850557625293732,1.3048
2155,0.15012791752815247,0.15012791752815247,0.21850259602069855,0.21850259602069855,1.3053
2156,0.15010985732078552,0.15010985732078552,0.21849913895130157,0.21849913895130157,1.3058
2157,0.15009182691574097,0.15009182691574097,0.21849516034126282,0.21849516034126282,1.3063
2158,0.1500738561153412,0.1500738561153412,0.21849088370800018,0.21849088370800018,1.3068
2159,0.1500559151172638,0.1500559151172638,0.21848639845848083,0.21848639845848083,1.3073
2160,0.15003804862499237,0.15003804862499237,0.21848197281360626,0.21848197281360626,1.3078
2161,0.15002019703388214,0.15002019703388214,0.2184777706861496,0.2184777706861496,1.3083
2162,0.1500023901462555,0.1500023901462555,0.21847400069236755,0.21847400069236755,1.3088
2163,0.14998465776443481,0.14998465776443481,0.21847084164619446,0.21847084164619446,1.3093
2164,0.14996694028377533,0.14996694028377533,0.21846818923950195,0.21846818923950195,1.3099
2165,0.14994928240776062,0.14994928240776062,0.21846580505371094,0.21846580505371094,1.3104
2166,0.14993169903755188,0.14993169903755188,0.21846339106559753,0.21846339106559753,1.3109
2167,0.14991411566734314,0.14991411566734314,0.21846060454845428,0.21846060454845428,1.3114
2168,0.14989660680294037,0.14989660680294037,0.21845757961273193,0.21845757961273193,1.3119
2169,0.14987912774085999,0.14987912774085999,0.21845455467700958,0.21845455467700958,1.3124
2170,0.14986169338226318,0.14986169338226318,0.2184516191482544,0.2184516191482544,1.3129
2171,0.14984437823295593,0.14984437823295593,0.2184486836194992,0.2184486836194992,1.3134
2172,0.1498270183801651,0.1498270183801651,0.21844568848609924,0.21844568848609924,1.3139
2173,0.14980971813201904,0.14980971813201904,0.21844252943992615,0.21844252943992615,1.3145
2174,0.14979247748851776,0.14979247748851776,0.21843938529491425,0.21843938529491425,1.315
2175,0.14977528154850006,0.14977528154850006,0.2184365689754486,0.2184365689754486,1.3155
2176,0.14975813031196594,0.14975813031196594,0.2184339314699173,0.2184339314699173,1.316
2177,0.1497410088777542,0.1497410088777542,0.21843118965625763,0.21843118965625763,1.3165
2178,0.14972397685050964,0.14972397685050964,0.21842801570892334,0.21842801570892334,1.317
2179,0.14970694482326508,0.14970694482326508,0.21842439472675323,0.21842439472675323,1.3176
2180,0.1496899425983429,0.1496899425983429,0.21842050552368164,0.21842050552368164,1.3181
2181,0.14967301487922668,0.14967301487922668,0.21841688454151154,0.21841688454151154,1.3186
2182,0.14965611696243286,0.14965611696243286,0.21841350197792053,0.21841350197792053,1.3191
2183,0.1496392786502838,0.1496392786502838,0.2184104025363922,0.2184104025363922,1.3196
2184,0.14962248504161835,0.14962248504161835,0.2184073030948639,0.2184073030948639,1.3201
2185,0.14960572123527527,0.14960572123527527,0.21840405464172363,0.21840405464172363,1.3206
2186,0.14958901703357697,0.14958901703357697,0.21840086579322815,0.21840086579322815,1.3212
2187,0.14957232773303986,0.14957232773303986,0.2183978259563446,0.2183978259563446,1.3217
2188,0.14955569803714752,0.14955569803714752,0.2183949202299118,0.2183949202299118,1.3222
2189,0.14953908324241638,0.14953908324241638,0.21839192509651184,0.21839192509651184,1.3227
2190,0.1495225429534912,0.1495225429534912,0.21838855743408203,0.21838855743408203,1.3232
2191,0.14950604736804962,0.14950604736804962,0.21838493645191193,0.21838493645191193,1.3237
2192,0.14948958158493042,0.14948958158493042,0.21838128566741943,0.21838128566741943,1.3242
2193,0.1494731605052948,0.1494731605052948,0.21837809681892395,0.21837809681892395,1.3247
2194,0.14945676922798157,0.14945676922798157,0.2183752954006195,0.2183752954006195,1.3252
2195,0.1494404524564743,0.1494404524564743,0.2183726280927658,0.2183726280927658,1.3257
2196,0.14942416548728943,0.14942416548728943,0.218369722366333,0.218369722366333,1.3262
2197,0.14940789341926575,0.14940789341926575,0.21836647391319275,0.21836647391319275,1.3267
2198,0.14939166605472565,0.14939166605472565,0.21836307644844055,0.21836307644844055,1.3272
2199,0.1493755280971527,0.1493755280971527,0.21835975348949432,0.21835975348949432,1.3277
2200,0.14935937523841858,0.14935937523841858,0.21835680305957794,0.21835680305957794,1.3283
2201,0.14934328198432922,0.14934328198432922,0.2183539867401123,0.2183539867401123,1.3288
2202,0.14932723343372345,0.14932723343372345,0.21835112571716309,0.21835112571716309,1.3293
2203,0.14931121468544006,0.14931121468544006,0.21834775805473328,0.21834775805473328,1.3298
2204,0.14929524064064026,0.14929524064064026,0.21834416687488556,0.21834416687488556,1.3303
2205,0.14927931129932404,0.14927931129932404,0.21834063529968262,0.21834063529968262,1.3308
2206,0.14926345646381378,0.14926345646381378,0.21833744645118713,0.21833744645118713,1.3313
2207,0.14924757182598114,0.14924757182598114,0.21833455562591553,0.21833455562591553,1.3318
2208,0.14923173189163208,0.14923173189163208,0.21833160519599915,0.21833160519599915,1.3323
2209,0.14921598136425018,0.14921598136425018,0.2183283567428589,0.2183283567428589,1.3328
2210,0.14920024573802948,0.14920024573802948,0.21832506358623505,0.21832506358623505,1.3333
2211,0.14918455481529236,0.14918455481529236,0.21832175552845,0.21832175552845,1.3338
2212,0.14916889369487762,0.14916889369487762,0.21831849217414856,0.21831849217414856,1.3343
2213,0.14915326237678528,0.14915326237678528,0.21831533312797546,0.21831533312797546,1.3348
2214,0.1491377055644989,0.1491377055644989,0.2183123528957367,0.2183123528957367,1.3354
2215,0.14912214875221252,0.14912214875221252,0.21830955147743225,0.21830955147743225,1.3359
2216,0.14910663664340973,0.14910663664340973,0.21830670535564423,0.21830670535564423,1.3364
2217,0.1490912139415741,0.1490912139415741,0.2183036357164383,0.2183036357164383,1.3369
2218,0.14907577633857727,0.14907577633857727,0.21830029785633087,0.21830029785633087,1.3374
2219,0.14906039834022522,0.14906039834022522,0.2182970941066742,0.2182970941066742,1.3379
2220,0.14904503524303436,0.14904503524303436,0.21829409897327423,0.21829409897327423,1.3384
2221,0.14902973175048828,0.14902973175048828,0.21829120814800262,0.21829120814800262,1.3389
2222,0.1490144282579422,0.1490144282579422,0.21828827261924744,0.21828827261924744,1.3394
2223,0.1489991992712021,0.1489991992712021,0.21828527748584747,0.21828527748584747,1.34
2224,0.14898398518562317,0.14898398518562317,0.21828195452690125,0.21828195452690125,1.3405
2225,0.14896884560585022,0.14896884560585022,0.21827860176563263,0.21827860176563263,1.341
2226,0.14895369112491608,0.14895369112491608,0.21827535331249237,0.21827535331249237,1.3415
2227,0.1489386111497879,0.1489386111497879,0.2182723581790924,0.2182723581790924,1.342
2228,0.14892354607582092,0.14892354607582092,0.21826942265033722,0.21826942265033722,1.3425
2229,0.14890854060649872,0.14890854060649872,0.21826636791229248,0.21826636791229248,1.343
2230,0.1488935649394989,0.1488935649394989,0.21826322376728058,0.21826322376728058,1.3435
2231,0.14887860417366028,0.14887860417366028,0.21826013922691345,0.21826013922691345,1.3441
2232,0.14886367321014404,0.14886367321014404,0.2182570993900299,0.2182570993900299,1.3446
2233,0.14884881675243378,0.14884881675243378,0.21825408935546875,0.21825408935546875,1.3451
2234,0.1488339602947235,0.1488339602947235,0.21825094521045685,0.21825094521045685,1.3456
2235,0.14881916344165802,0.14881916344165802,0.21824784576892853,0.21824784576892853,1.3462
2236,0.14880438148975372,0.14880438148975372,0.21824491024017334,0.21824491024017334,1.347
2237,0.1487896591424942,0.1487896591424942,0.21824201941490173,0.21824201941490173,1.3478
2238,0.14877496659755707,0.14877496659755707,0.21823903918266296,0.21823903918266296,1.3484
2239,0.14876028895378113,0.14876028895378113,0.21823588013648987,0.21823588013648987,1.349
2240,0.14874568581581116,0.14874568581581116,0.21823278069496155,0.21823278069496155,1.3495
2241,0.1487310528755188,0.1487310528755188,0.21822962164878845,0.21822962164878845,1.3501
2242,0.14871647953987122,0.14871647953987122,0.2182265818119049,0.2182265818119049,1.3506
2243,0.14870195090770721,0.14870195090770721,0.21822357177734375,0.21822357177734375,1.3512
2244,0.1486874520778656,0.1486874520778656,0.21822044253349304,0.21822044253349304,1.3518
2245,0.14867301285266876,0.14867301285266876,0.2182174175977707,0.2182174175977707,1.3523
2246,0.14865855872631073,0.14865855872631073,0.21821442246437073,0.21821442246437073,1.3529
2247,0.14864416420459747,0.14864416420459747,0.2182113230228424,0.2182113230228424,1.3534
2248,0.1486297994852066,0.1486297994852066,0.21820814907550812,0.21820814907550812,1.354
2249,0.14861547946929932,0.14861547946929932,0.218205064535141,0.218205064535141,1.3545
2250,0.14860117435455322,0.14860117435455322,0.21820206940174103,0.21820206940174103,1.355
2251,0.1485869139432907,0.1485869139432907,0.2181992530822754,0.2181992530822754,1.3556
2252,0.14857269823551178,0.14857269823551178,0.2181965857744217,0.2181965857744217,1.3561
2253,0.14855846762657166,0.14855846762657166,0.21819362044334412,0.21819362044334412,1.3566
2254,0.1485443413257599,0.1485443413257599,0.2181905061006546,0.2181905061006546,1.3572
2255,0.14853017032146454,0.14853017032146454,0.2181870937347412,0.2181870937347412,1.3577
2256,0.14851608872413635,0.14851608872413635,0.21818378567695618,0.21818378567695618,1.3583
2257,0.14850197732448578,0.14850197732448578,0.21818065643310547,0.21818065643310547,1.3588
2258,0.14848798513412476,0.14848798513412476,0.2181778848171234,0.2181778848171234,1.3594
2259,0.14847394824028015,0.14847394824028015,0.21817517280578613,0.21817517280578613,1.3599
2260,0.14845998585224152,0.14845998585224152,0.21817226707935333,0.21817226707935333,1.3605
2261,0.1484460085630417,0.1484460085630417,0.21816901862621307,0.21816901862621307,1.3611
2262,0.14843209087848663,0.14843209087848663,0.21816560626029968,0.21816560626029968,1.3616
2263,0.14841821789741516,0.14841821789741516,0.21816237270832062,0.21816237270832062,1.3622
2264,0.14840438961982727,0.14840438961982727,0.21815943717956543,0.21815943717956543,1.3627
2265,0.14839056134223938,0.14839056134223938,0.21815672516822815,0.21815672516822815,1.3633
2266,0.14837674796581268,0.14837674796581268,0.21815411746501923,0.21815411746501923,1.3639
2267,0.14836299419403076,0.14836299419403076,0.21815118193626404,0.21815118193626404,1.3645
2268,0.14834925532341003,0.14834925532341003,0.21814799308776855,0.21814799308776855,1.3651
2269,0.1483355462551117,0.1483355462551117,0.21814484894275665,0.21814484894275665,1.3657
2270,0.14832186698913574,0.14832186698913574,0.21814203262329102,0.21814203262329102,1.3663
2271,0.14830821752548218,0.14830821752548218,0.21813952922821045,0.21813952922821045,1.3668
2272,0.148294597864151,0.148294597864151,0.21813693642616272,0.21813693642616272,1.3673
2273,0.1482810229063034,0.1482810229063034,0.21813397109508514,0.21813397109508514,1.3679
2274,0.1482674777507782,0.1482674777507782,0.21813078224658966,0.21813078224658966,1.3684
2275,0.14825394749641418,0.14825394749641418,0.21812744438648224,0.21812744438648224,1.3689
2276,0.14824047684669495,0.14824047684669495,0.21812434494495392,0.21812434494495392,1.3695
2277,0.14822706580162048,0.14822706580162048,0.21812251210212708,0.21812251210212708,1.37
2278,0.1482137143611908,0.1482137143611908,0.21812105178833008,0.21812105178833008,1.3705
2279,0.14820027351379395,0.14820027351379395,0.21811938285827637,0.21811938285827637,1.371
2280,0.14818690717220306,0.14818690717220306,0.21811704337596893,0.21811704337596893,1.3716
2281,0.14817357063293457,0.14817357063293457,0.21811363101005554,0.21811363101005554,1.3721
2282,0.14816029369831085,0.14816029369831085,0.21810945868492126,0.21810945868492126,1.3726
2283,0.14814701676368713,0.14814701676368713,0.21810531616210938,0.21810531616210938,1.3732
2284,0.14813371002674103,0.14813371002674103,0.2181018888950348,0.2181018888950348,1.3737
2285,0.1481204777956009,0.1481204777956009,0.21809928119182587,0.21809928119182587,1.3742
2286,0.14810727536678314,0.14810727536678314,0.21809712052345276,0.21809712052345276,1.3747
2287,0.14809419214725494,0.14809419214725494,0.21809475123882294,0.21809475123882294,1.3753
2288,0.14808109402656555,0.14808109402656555,0.21809296309947968,0.21809296309947968,1.3758
2289,0.14806798100471497,0.14806798100471497,0.21809044480323792,0.21809044480323792,1.3763
2290,0.14805486798286438,0.14805486798286438,0.21808740496635437,0.21808740496635437,1.3768
2291,0.14804187417030334,0.14804187417030334,0.21808388829231262,0.21808388829231262,1.3774
2292,0.14802883565425873,0.14802883565425873,0.2180798053741455,0.2180798053741455,1.3779
2293,0.1480158120393753,0.1480158120393753,0.21807530522346497,0.21807530522346497,1.3784
2294,0.14800281822681427,0.14800281822681427,0.2180708646774292,0.2180708646774292,1.379
2295,0.14798982441425323,0.14798982441425323,0.21806690096855164,0.21806690096855164,1.3795
2296,0.1479770988225937,0.1479770988225937,0.21806374192237854,0.21806374192237854,1.38
2297,0.147964209318161,0.147964209318161,0.21806254982948303,0.21806254982948303,1.3806
2298,0.1479513794183731,0.1479513794183731,0.21806137263774872,0.21806137263774872,1.3811
2299,0.14793847501277924,0.14793847501277924,0.21805942058563232,0.21805942058563232,1.3817
2300,0.14792561531066895,0.14792561531066895,0.2180560827255249,0.2180560827255249,1.3822
2301,0.14791293442249298,0.14791293442249298,0.21805138885974884,0.21805138885974884,1.3827
2302,0.14790037274360657,0.14790037274360657,0.21804586052894592,0.21804586052894592,1.3832
2303,0.14788740873336792,0.14788740873336792,0.21804209053516388,0.21804209053516388,1.3837
2304,0.1478748321533203,0.1478748321533203,0.21803978085517883,0.21803978085517883,1.3843
2305,0.1478622406721115,0.1478622406721115,0.21803827583789825,0.21803827583789825,1.3848
2306,0.14784952998161316,0.14784952998161316,0.2180364429950714,0.2180364429950714,1.3853
2307,0.1478368043899536,0.1478368043899536,0.21803322434425354,0.21803322434425354,1.3858
2308,0.1478242129087448,0.1478242129087448,0.21802851557731628,0.21802851557731628,1.3863
2309,0.14781183004379272,0.14781183004379272,0.21802322566509247,0.21802322566509247,1.3868
2310,0.14779910445213318,0.14779910445213318,0.2180200070142746,0.2180200070142746,1.3873
2311,0.14778663218021393,0.14778663218021393,0.21801798045635223,0.21801798045635223,1.3879
2312,0.14777418971061707,0.14777418971061707,0.21801653504371643,0.21801653504371643,1.3884
2313,0.14776170253753662,0.14776170253753662,0.21801409125328064,0.21801409125328064,1.3889
2314,0.1477491706609726,0.1477491706609726,0.21800962090492249,0.21800962090492249,1.3894
2315,0.14773675799369812,0.14773675799369812,0.21800342202186584,0.21800342202186584,1.3899
2316,0.14772430062294006,0.14772430062294006,0.217998668551445,0.217998668551445,1.3904
2317,0.14771203696727753,0.14771203696727753,0.21799509227275848,0.21799509227275848,1.3909
2318,0.14769966900348663,0.14769966900348663,0.21799305081367493,0.21799305081367493,1.3915
2319,0.14768727123737335,0.14768727123737335,0.21799138188362122,0.21799138188362122,1.392
2320,0.14767500758171082,0.14767500758171082,0.21798844635486603,0.21798844635486603,1.3925
2321,0.1476629376411438,0.1476629376411438,0.21798329055309296,0.21798329055309296,1.393
2322,0.14765045046806335,0.14765045046806335,0.2179788053035736,0.2179788053035736,1.3935
2323,0.14763830602169037,0.14763830602169037,0.2179747074842453,0.2179747074842453,1.394
2324,0.14762604236602783,0.14762604236602783,0.21797195076942444,0.21797195076942444,1.3945
2325,0.1476137638092041,0.1476137638092041,0.21797004342079163,0.21797004342079163,1.395
2326,0.14760200679302216,0.14760200679302216,0.21796751022338867,0.21796751022338867,1.3955
2327,0.14758947491645813,0.14758947491645813,0.2179650068283081,0.2179650068283081,1.396
2328,0.1475774198770523,0.1475774198770523,0.21796099841594696,0.21796099841594696,1.3966
2329,0.1475653499364853,0.1475653499364853,0.21795658767223358,0.21795658767223358,1.3971
2330,0.1475532352924347,0.1475532352924347,0.2179526388645172,0.2179526388645172,1.3976
2331,0.14754140377044678,0.14754140377044678,0.21794919669628143,0.21794919669628143,1.3981
2332,0.14752912521362305,0.14752912521362305,0.21794752776622772,0.21794752776622772,1.3987
2333,0.14751718938350677,0.14751718938350677,0.21794486045837402,0.21794486045837402,1.3992
2334,0.14750516414642334,0.14750516414642334,0.21794097125530243,0.21794097125530243,1.3997
2335,0.14749324321746826,0.14749324321746826,0.2179361879825592,0.2179361879825592,1.4002
2336,0.14748133718967438,0.14748133718967438,0.2179330289363861,0.2179330289363861,1.4008
2337,0.14746947586536407,0.14746947586536407,0.21792998909950256,0.21792998909950256,1.4013
2338,0.147457554936409,0.147457554936409,0.21792688965797424,0.21792688965797424,1.4018
2339,0.1474456489086151,0.1474456489086151,0.21792331337928772,0.21792331337928772,1.4023
2340,0.1474337875843048,0.1474337875843048,0.21791882812976837,0.21791882812976837,1.4028
2341,0.1474219709634781,0.1474219709634781,0.21791549026966095,0.21791549026966095,1.4033
2342,0.14741019904613495,0.14741019904613495,0.21791204810142517,0.21791204810142517,1.4039
2343,0.14739838242530823,0.14739838242530823,0.2179088145494461,0.2179088145494461,1.4044
2344,0.1473865658044815,0.1473865658044815,0.21790564060211182,0.21790564060211182,1.4049
2345,0.14737503230571747,0.14737503230571747,0.21790167689323425,0.21790167689323425,1.4054
2346,0.14736303687095642,0.14736303687095642,0.21789856255054474,0.21789856255054474,1.4059
2347,0.14735136926174164,0.14735136926174164,0.21789440512657166,0.21789440512657166,1.4064
2348,0.14733967185020447,0.14733967185020447,0.21789002418518066,0.21789002418518066,1.4069
2349,0.14732815325260162,0.14732815325260162,0.217885822057724,0.217885822057724,1.4074
2350,0.1473163515329361,0.1473163515329361,0.21788389980793,0.21788389980793,1.408
2351,0.14730477333068848,0.14730477333068848,0.2178817242383957,0.2178817242383957,1.4085
2352,0.1472930908203125,0.1472930908203125,0.21787869930267334,0.21787869930267334,1.409
2353,0.14728175103664398,0.14728175103664398,0.21787457168102264,0.21787457168102264,1.4095
2354,0.14726994931697845,0.14726994931697845,0.21787162125110626,0.21787162125110626,1.41
2355,0.1472584307193756,0.1472584307193756,0.21786817908287048,0.21786817908287048,1.4105
2356,0.14724688231945038,0.14724688231945038,0.21786470711231232,0.21786470711231232,1.411
2357,0.14723551273345947,0.14723551273345947,0.2178608924150467,0.2178608924150467,1.4115
2358,0.14722390472888947,0.14722390472888947,0.21785838901996613,0.21785838901996613,1.412
2359,0.1472124606370926,0.1472124606370926,0.21785485744476318,0.21785485744476318,1.4126
2360,0.14720095694065094,0.14720095694065094,0.21785056591033936,0.21785056591033936,1.4131
2361,0.14718958735466003,0.14718958735466003,0.2178458869457245,0.2178458869457245,1.4136
2362,0.14717812836170197,0.14717812836170197,0.21784329414367676,0.21784329414367676,1.4141
2363,0.14716675877571106,0.14716675877571106,0.21784058213233948,0.21784058213233948,1.4146
2364,0.14715532958507538,0.14715532958507538,0.21783724427223206,0.21783724427223206,1.4151
2365,0.1471441388130188,0.1471441388130188,0.2178329974412918,0.2178329974412918,1.4156
2366,0.14713260531425476,0.14713260531425476,0.21782970428466797,0.21782970428466797,1.4161
2367,0.1471213400363922,0.1471213400363922,0.21782560646533966,0.21782560646533966,1.4167
2368,0.1471099555492401,0.1471099555492401,0.21782127022743225,0.21782127022743225,1.4172
2369,0.14709892868995667,0.14709892868995667,0.21781685948371887,0.21781685948371887,1.4177
2370,0.14708741009235382,0.14708741009235382,0.2178144007921219,0.2178144007921219,1.4182
2371,0.14707645773887634,0.14707645773887634,0.21781377494335175,0.21781377494335175,1.4187
2372,0.14706538617610931,0.14706538617610931,0.21781226992607117,0.21781226992607117,1.4192
2373,0.14705409109592438,0.14705409109592438,0.2178092896938324,0.2178092896938324,1.4197
2374,0.14704282581806183,0.14704282581806183,0.21780486404895782,0.21780486404895782,1.4202
2375,0.14703163504600525,0.14703163504600525,0.21779899299144745,0.21779899299144745,1.4207
2376,0.14702041447162628,0.14702041447162628,0.2177925407886505,0.2177925407886505,1.4212
2377,0.14700934290885925,0.14700934290885925,0.217786505818367,0.217786505818367,1.4217
2378,0.14699794352054596,0.14699794352054596,0.21778373420238495,0.21778373420238495,1.4222
2379,0.1469869315624237,0.1469869315624237,0.21778185665607452,0.21778185665607452,1.4228
2380,0.14697594940662384,0.14697594940662384,0.21777963638305664,0.21777963638305664,1.4233
2381,0.1469646841287613,0.1469646841287613,0.21777792274951935,0.21777792274951935,1.4238
2382,0.14695380628108978,0.14695380628108978,0.21777620911598206,0.21777620911598206,1.4243
2383,0.14694276452064514,0.14694276452064514,0.21777231991291046,0.21777231991291046,1.4248
2384,0.14693179726600647,0.14693179726600647,0.21776756644248962,0.21776756644248962,1.4253
2385,0.14692074060440063,0.14692074060440063,0.21776239573955536,0.21776239573955536,1.4258
2386,0.14690963923931122,0.14690963923931122,0.2177571803331375,0.2177571803331375,1.4263
2387,0.14689870178699493,0.14689870178699493,0.21775183081626892,0.21775183081626892,1.4268
2388,0.14688760042190552,0.14688760042190552,0.21774892508983612,0.21774892508983612,1.4273
2389,0.14687678217887878,0.14687678217887878,0.21774621307849884,0.21774621307849884,1.4279
2390,0.14686574041843414,0.14686574041843414,0.21774320304393768,0.21774320304393768,1.4284
2391,0.1468547135591507,0.1468547135591507,0.21774160861968994,0.21774160861968994,1.4289
2392,0.1468437761068344,0.1468437761068344,0.2177383452653885,0.2177383452653885,1.4294
2393,0.14683300256729126,0.14683300256729126,0.2177356481552124,0.2177356481552124,1.4299
2394,0.14682219922542572,0.14682219922542572,0.2177315056324005,0.2177315056324005,1.4304
2395,0.14681127667427063,0.14681127667427063,0.2177266627550125,0.2177266627550125,1.4309
2396,0.14680030941963196,0.14680030941963196,0.2177216112613678,0.2177216112613678,1.4314
2397,0.14678966999053955,0.14678966999053955,0.21771641075611115,0.21771641075611115,1.4319
2398,0.14677868783473969,0.14677868783473969,0.21771326661109924,0.21771326661109924,1.4324
2399,0.14676828682422638,0.14676828682422638,0.21771223843097687,0.21771223843097687,1.433
2400,0.1467575579881668,0.1467575579881668,0.21771033108234406,0.21771033108234406,1.4335
2401,0.14674653112888336,0.14674653112888336,0.21770696341991425,0.21770696341991425,1.434
2402,0.14673571288585663,0.14673571288585663,0.21770207583904266,0.21770207583904266,1.4345
2403,0.14672529697418213,0.14672529697418213,0.21769575774669647,0.21769575774669647,1.435
2404,0.14671418070793152,0.14671418070793152,0.21769066154956818,0.21769066154956818,1.4355
2405,0.14670340716838837,0.14670340716838837,0.217686265707016,0.217686265707016,1.436
2406,0.1466926634311676,0.1466926634311676,0.2176830768585205,0.2176830768585205,1.4365
2407,0.1466822475194931,0.1466822475194931,0.21768002212047577,0.21768002212047577,1.437
2408,0.1466715782880783,0.1466715782880783,0.21767809987068176,0.21767809987068176,1.4375
2409,0.14666081964969635,0.14666081964969635,0.21767623722553253,0.21767623722553253,1.438
2410,0.14665013551712036,0.14665013551712036,0.21767225861549377,0.21767225861549377,1.4385
2411,0.1466394066810608,0.1466394066810608,0.21766717731952667,0.21766717731952667,1.4391
2412,0.1466292440891266,0.1466292440891266,0.21766194701194763,0.21766194701194763,1.4396
2413,0.1466183066368103,0.1466183066368103,0.21765878796577454,0.21765878796577454,1.4401
2414,0.1466078758239746,0.1466078758239746,0.21765780448913574,0.21765780448913574,1.4406
2415,0.14659759402275085,0.14659759402275085,0.2176564484834671,0.2176564484834671,1.4411
2416,0.14658701419830322,0.14658701419830322,0.21765346825122833,0.21765346825122833,1.4416
2417,0.14657625555992126,0.14657625555992126,0.21764831244945526,0.21764831244945526,1.4421
2418,0.1465655416250229,0.1465655416250229,0.21764147281646729,0.21764147281646729,1.4426
2419,0.14655539393424988,0.14655539393424988,0.21763405203819275,0.21763405203819275,1.4431
2420,0.14654462039470673,0.14654462039470673,0.21762923896312714,0.21762923896312714,1.4436
2421,0.14653411507606506,0.14653411507606506,0.2176280915737152,0.2176280915737152,1.4441
2422,0.1465238332748413,0.1465238332748413,0.217627614736557,0.217627614736557,1.4446
2423,0.14651329815387726,0.14651329815387726,0.21762557327747345,0.21762557327747345,1.4452
2424,0.1465025395154953,0.1465025395154953,0.21762032806873322,0.21762032806873322,1.4457
2425,0.1464925855398178,0.1464925855398178,0.21761223673820496,0.21761223673820496,1.4462
2426,0.14648215472698212,0.14648215472698212,0.21760551631450653,0.21760551631450653,1.4467
2427,0.14647126197814941,0.14647126197814941,0.21760240197181702,0.21760240197181702,1.4472
2428,0.14646141231060028,0.14646141231060028,0.21760396659374237,0.21760396659374237,1.4477
2429,0.1464512050151825,0.1464512050151825,0.2176055908203125,0.2176055908203125,1.4482
2430,0.14644071459770203,0.14644071459770203,0.2176039218902588,0.2176039218902588,1.4487
2431,0.14643017947673798,0.14643017947673798,0.21759739518165588,0.21759739518165588,1.4492
2432,0.1464197039604187,0.1464197039604187,0.2175874263048172,0.2175874263048172,1.4497
2433,0.14640946686267853,0.14640946686267853,0.2175777405500412,0.2175777405500412,1.4502
2434,0.1463988870382309,0.1463988870382309,0.21757328510284424,0.21757328510284424,1.4507
2435,0.14638838171958923,0.14638838171958923,0.21757236123085022,0.21757236123085022,1.4512
2436,0.14637821912765503,0.14637821912765503,0.21757249534130096,0.21757249534130096,1.4517
2437,0.14636802673339844,0.14636802673339844,0.2175723761320114,0.2175723761320114,1.4522
2438,0.14635790884494781,0.14635790884494781,0.21756963431835175,0.21756963431835175,1.4527
2439,0.14634743332862854,0.14634743332862854,0.21756286919116974,0.21756286919116974,1.4532
2440,0.14633700251579285,0.14633700251579285,0.21755528450012207,0.21755528450012207,1.4538
2441,0.14632731676101685,0.14632731676101685,0.21754923462867737,0.21754923462867737,1.4543
2442,0.14631685614585876,0.14631685614585876,0.21754670143127441,0.21754670143127441,1.4548
2443,0.1463063359260559,0.1463063359260559,0.21754665672779083,0.21754665672779083,1.4553
2444,0.14629647135734558,0.14629647135734558,0.2175455540418625,0.2175455540418625,1.4558
2445,0.14628633856773376,0.14628633856773376,0.2175418883562088,0.2175418883562088,1.4563
2446,0.14627580344676971,0.14627580344676971,0.2175355851650238,0.2175355851650238,1.4568
2447,0.14626562595367432,0.14626562595367432,0.2175280600786209,0.2175280600786209,1.4573
2448,0.14625553786754608,0.14625553786754608,0.21752290427684784,0.21752290427684784,1.4578
2449,0.14624518156051636,0.14624518156051636,0.21752075850963593,0.21752075850963593,1.4583
2450,0.1462351381778717,0.1462351381778717,0.21751907467842102,0.21751907467842102,1.4588
2451,0.1462249457836151,0.1462249457836151,0.21751651167869568,0.21751651167869568,1.4594
2452,0.1462147831916809,0.1462147831916809,0.2175116240978241,0.2175116240978241,1.4599
2453,0.14620456099510193,0.14620456099510193,0.21750664710998535,0.21750664710998535,1.4604
2454,0.1461947113275528,0.1461947113275528,0.2175026386976242,0.2175026386976242,1.4609
2455,0.14618466794490814,0.14618466794490814,0.21749845147132874,0.21749845147132874,1.4614
2456,0.14617440104484558,0.14617440104484558,0.21749457716941833,0.21749457716941833,1.4619
2457,0.1461644321680069,0.1461644321680069,0.2174905240535736,0.2174905240535736,1.4624
2458,0.1461542248725891,0.1461542248725891,0.21748733520507812,0.21748733520507812,1.4629
2459,0.14614441990852356,0.14614441990852356,0.2174849510192871,0.2174849510192871,1.4634
2460,0.14613458514213562,0.14613458514213562,0.21748165786266327,0.21748165786266327,1.4639
2461,0.1461244523525238,0.1461244523525238,0.21747760474681854,0.21747760474681854,1.4644
2462,0.14611414074897766,0.14611414074897766,0.2174725979566574,0.2174725979566574,1.4649
2463,0.14610442519187927,0.14610442519187927,0.21746639907360077,0.21746639907360077,1.4654
2464,0.14609435200691223,0.14609435200691223,0.21746096014976501,0.21746096014976501,1.466
2465,0.14608410000801086,0.14608410000801086,0.2174576073884964,0.2174576073884964,1.4665
2466,0.14607425034046173,0.14607425034046173,0.21745464205741882,0.21745464205741882,1.467
2467,0.14606408774852753,0.14606408774852753,0.21745166182518005,0.21745166182518005,1.4675
2468,0.14605453610420227,0.14605453610420227,0.2174474447965622,0.2174474447965622,1.468
2469,0.14604458212852478,0.14604458212852478,0.2174433022737503,0.2174433022737503,1.4685
2470,0.14603422582149506,0.14603422582149506,0.21743950247764587,0.21743950247764587,1.469
2471,0.14602479338645935,0.14602479338645935,0.21743769943714142,0.21743769943714142,1.4695
2472,0.146015003323555,0.146015003323555,0.21743574738502502,0.21743574738502502,1.47
2473,0.14600490033626556,0.14600490033626556,0.21743281185626984,0.21743281185626984,1.4705
2474,0.14599493145942688,0.14599493145942688,0.2174278199672699,0.2174278199672699,1.471
2475,0.1459849774837494,0.1459849774837494,0.217420294880867,0.217420294880867,1.4715
2476,0.14597490429878235,0.14597490429878235,0.21741358935832977,0.21741358935832977,1.472
2477,0.14596500992774963,0.14596500992774963,0.2174079418182373,0.2174079418182373,1.4726
2478,0.14595532417297363,0.14595532417297363,0.21740412712097168,0.21740412712097168,1.4731
2479,0.14594539999961853,0.14594539999961853,0.21740341186523438,0.21740341186523438,1.4736
2480,0.14593563973903656,0.14593563973903656,0.217403382062912,0.217403382062912,1.4741
2481,0.14592568576335907,0.14592568576335907,0.2173995077610016,0.2173995077610016,1.4746
2482,0.14591586589813232,0.14591586589813232,0.21739225089550018,0.21739225089550018,1.4751
2483,0.14590604603290558,0.14590604603290558,0.21738624572753906,0.21738624572753906,1.4756
2484,0.1458963304758072,0.1458963304758072,0.21738314628601074,0.21738314628601074,1.4761
2485,0.14588657021522522,0.14588657021522522,0.21738120913505554,0.21738120913505554,1.4766
2486,0.1458767056465149,0.1458767056465149,0.21737901866436005,0.21737901866436005,1.4771
2487,0.14586679637432098,0.14586679637432098,0.21737456321716309,0.21737456321716309,1.4776
2488,0.14585734903812408,0.14585734903812408,0.21736717224121094,0.21736717224121094,1.4781
2489,0.14584748446941376,0.14584748446941376,0.21736058592796326,0.21736058592796326,1.4786
2490,0.1458374559879303,0.1458374559879303,0.21735720336437225,0.21735720336437225,1.4791
2491,0.14582768082618713,0.14582768082618713,0.21735528111457825,0.21735528111457825,1.4797
2492,0.14581812918186188,0.14581812918186188,0.21735338866710663,0.21735338866710663,1.4802
2493,0.1458083838224411,0.1458083838224411,0.21735143661499023,0.21735143661499023,1.4807
2494,0.14579853415489197,0.14579853415489197,0.21734800934791565,0.21734800934791565,1.4812
2495,0.14578886330127716,0.14578886330127716,0.2173416167497635,0.2173416167497635,1.4817
2496,0.14577898383140564,0.14577898383140564,0.2173345983028412,0.2173345983028412,1.4822
2497,0.1457696259021759,0.1457696259021759,0.21732857823371887,0.21732857823371887,1.4828
2498,0.14575991034507751,0.14575991034507751,0.2173255980014801,0.2173255980014801,1.4834
2499,0.14574995636940002,0.14574995636940002,0.21732456982135773,0.21732456982135773,1.4839
2500,0.14574038982391357,0.14574038982391357,0.21732190251350403,0.21732190251350403,1.4844
2501,0.14573049545288086,0.14573049545288086,0.2173169106245041,0.2173169106245041,1.4849
2502,0.1457212120294571,0.1457212120294571,0.21731030941009521,0.21731030941009521,1.4854
2503,0.14571158587932587,0.14571158587932587,0.2173052281141281,0.2173052281141281,1.4859
2504,0.14570164680480957,0.14570164680480957,0.21730251610279083,0.21730251610279083,1.4864
2505,0.14569243788719177,0.14569243788719177,0.21730241179466248,0.21730241179466248,1.4869
2506,0.1456829011440277,0.1456829011440277,0.21730080246925354,0.21730080246925354,1.4874
2507,0.1456730216741562,0.1456730216741562,0.21729612350463867,0.21729612350463867,1.4879
2508,0.14566320180892944,0.14566320180892944,0.21728810667991638,0.21728810667991638,1.4885
2509,0.14565414190292358,0.14565414190292358,0.21727843582630157,0.21727843582630157,1.489
2510,0.1456444263458252,0.1456444263458252,0.21727164089679718,0.21727164089679718,1.4895
2511,0.14563435316085815,0.14563435316085815,0.21726994216442108,0.21726994216442108,1.49
2512,0.14562542736530304,0.14562542736530304,0.21727292239665985,0.21727292239665985,1.4905
2513,0.14561595022678375,0.14561595022678375,0.21727395057678223,0.21727395057678223,1.491
2514,0.14560598134994507,0.14560598134994507,0.217269629240036,0.217269629240036,1.4915
2515,0.14559614658355713,0.14559614658355713,0.21725992858409882,0.21725992858409882,1.492
2516,0.14558666944503784,0.14558666944503784,0.21725022792816162,0.21725022792816162,1.4925
2517,0.14557722210884094,0.14557722210884094,0.21724466979503632,0.21724466979503632,1.493
2518,0.1455676406621933,0.1455676406621933,0.2172427922487259,0.2172427922487259,1.4935
2519,0.1455579400062561,0.1455579400062561,0.21724238991737366,0.21724238991737366,1.494
2520,0.1455485224723816,0.1455485224723816,0.2172394096851349,0.2172394096851349,1.4945
2521,0.14553892612457275,0.14553892612457275,0.21723370254039764,0.21723370254039764,1.4951
2522,0.14552922546863556,0.14552922546863556,0.21722693741321564,0.21722693741321564,1.4956
2523,0.14551973342895508,0.14551973342895508,0.217220276594162,0.217220276594162,1.4961
2524,0.14551043510437012,0.14551043510437012,0.21721594035625458,0.21721594035625458,1.4966
2525,0.14550092816352844,0.14550092816352844,0.2172154188156128,0.2172154188156128,1.4971
2526,0.14549122750759125,0.14549122750759125,0.2172156125307083,0.2172156125307083,1.4976
2527,0.14548179507255554,0.14548179507255554,0.21721184253692627,0.21721184253692627,1.4981
2528,0.14547216892242432,0.14547216892242432,0.21720433235168457,0.21720433235168457,1.4986
2529,0.14546270668506622,0.14546270668506622,0.217197984457016,0.217197984457016,1.4991
2530,0.14545336365699768,0.14545336365699768,0.21719200909137726,0.21719200909137726,1.4996
2531,0.14544378221035004,0.14544378221035004,0.2171894758939743,0.2171894758939743,1.5001
2532,0.14543458819389343,0.14543458819389343,0.2171889841556549,0.2171889841556549,1.5006
2533,0.1454252153635025,0.1454252153635025,0.21718613803386688,0.21718613803386688,1.5011
2534,0.14541563391685486,0.14541563391685486,0.2171802967786789,0.2171802967786789,1.5016
2535,0.14540614187717438,0.14540614187717438,0.2171722948551178,0.2171722948551178,1.5021
2536,0.14539667963981628,0.14539667963981628,0.2171662300825119,0.2171662300825119,1.5027
2537,0.14538735151290894,0.14538735151290894,0.2171635627746582,0.2171635627746582,1.5032
2538,0.14537794888019562,0.14537794888019562,0.21716126799583435,0.21716126799583435,1.5037
2539,0.14536835253238678,0.14536835253238678,0.2171575129032135,0.2171575129032135,1.5042
2540,0.14535894989967346,0.14535894989967346,0.21715326607227325,0.21715326607227325,1.5047
2541,0.1453496813774109,0.1453496813774109,0.21714845299720764,0.21714845299720764,1.5052
2542,0.14534027874469757,0.14534027874469757,0.21714229881763458,0.21714229881763458,1.5057
2543,0.14533080160617828,0.14533080160617828,0.21713659167289734,0.21713659167289734,1.5062
2544,0.14532136917114258,0.14532136917114258,0.2171340435743332,0.2171340435743332,1.5067
2545,0.14531207084655762,0.14531207084655762,0.21713081002235413,0.21713081002235413,1.5072
2546,0.14530262351036072,0.14530262351036072,0.21712812781333923,0.21712812781333923,1.5077
2547,0.1452932357788086,0.1452932357788086,0.2171231210231781,0.2171231210231781,1.5082
2548,0.1452840268611908,0.1452840268611908,0.21711893379688263,0.21711893379688263,1.5088
2549,0.14527451992034912,0.14527451992034912,0.2171134501695633,0.2171134501695633,1.5093
2550,0.14526522159576416,0.14526522159576416,0.2171098291873932,0.2171098291873932,1.5098
2551,0.1452559530735016,0.1452559530735016,0.21710510551929474,0.21710510551929474,1.5103
2552,0.14524656534194946,0.14524656534194946,0.21710142493247986,0.21710142493247986,1.5108
2553,0.14523717761039734,0.14523717761039734,0.21709628403186798,0.21709628403186798,1.5113
2554,0.14522801339626312,0.14522801339626312,0.21709266304969788,0.21709266304969788,1.5118
2555,0.1452185958623886,0.1452185958623886,0.2170880287885666,0.2170880287885666,1.5123
2556,0.145209401845932,0.145209401845932,0.2170824110507965,0.2170824110507965,1.5128
2557,0.14520010352134705,0.14520010352134705,0.2170778512954712,0.2170778512954712,1.5133
2558,0.14519062638282776,0.14519062638282776,0.2170744687318802,0.2170744687318802,1.5138
2559,0.1451812982559204,0.1451812982559204,0.2170700579881668,0.2170700579881668,1.5143
2560,0.14517226815223694,0.14517226815223694,0.217064768075943,0.217064768075943,1.5148
2561,0.14516296982765198,0.14516296982765198,0.217060849070549,0.217060849070549,1.5153
2562,0.1451534926891327,0.1451534926891327,0.2170579880475998,0.2170579880475998,1.5158
2563,0.14514419436454773,0.14514419436454773,0.21705368161201477,0.21705368161201477,1.5163
2564,0.14513513445854187,0.14513513445854187,0.21704800426959991,0.21704800426959991,1.5168
2565,0.14512582123279572,0.14512582123279572,0.21704347431659698,0.21704347431659698,1.5173
2566,0.14511638879776,0.14511638879776,0.21704021096229553,0.21704021096229553,1.5178
2567,0.14510716497898102,0.14510716497898102,0.2170359343290329,0.2170359343290329,1.5183
2568,0.14509809017181396,0.14509809017181396,0.21703052520751953,0.21703052520751953,1.5189
2569,0.1450888067483902,0.1450888067483902,0.21702627837657928,0.21702627837657928,1.5194
2570,0.14507946372032166,0.14507946372032166,0.21702313423156738,0.21702313423156738,1.5199
2571,0.14507023990154266,0.14507023990154266,0.21701879799365997,0.21701879799365997,1.5204
2572,0.14506104588508606,0.14506104588508606,0.2170131951570511,0.2170131951570511,1.5209
2573,0.14505180716514587,0.14505180716514587,0.2170087844133377,0.2170087844133377,1.5214
2574,0.1450425684452057,0.1450425684452057,0.2170054018497467,0.2170054018497467,1.5219
2575,0.14503329992294312,0.14503329992294312,0.21700064837932587,0.21700064837932587,1.5224
2576,0.14502419531345367,0.14502419531345367,0.2169947624206543,0.2169947624206543,1.5229
2577,0.14501497149467468,0.14501497149467468,0.2169901579618454,0.2169901579618454,1.5234
2578,0.1450057178735733,0.1450057178735733,0.21698684990406036,0.21698684990406036,1.5239
2579,0.14499644935131073,0.14499644935131073,0.21698252856731415,0.21698252856731415,1.5244
2580,0.14498740434646606,0.14498740434646606,0.21697714924812317,0.21697714924812317,1.5249
2581,0.14497821033000946,0.14497821033000946,0.21697282791137695,0.21697282791137695,1.5254
2582,0.1449689418077469,0.1449689418077469,0.21696951985359192,0.21696951985359192,1.5259
2583,0.1449596881866455,0.1449596881866455,0.21696488559246063,0.21696488559246063,1.5264
2584,0.1449507474899292,0.1449507474899292,0.2169591635465622,0.2169591635465622,1.527
2585,0.1449415534734726,0.1449415534734726,0.21695466339588165,0.21695466339588165,1.5275
2586,0.14493215084075928,0.14493215084075928,0.21695128083229065,0.21695128083229065,1.528
2587,0.14492346346378326,0.14492346346378326,0.2169494330883026,0.2169494330883026,1.5285
2588,0.14491429924964905,0.14491429924964905,0.21694588661193848,0.21694588661193848,1.529
2589,0.14490485191345215,0.14490485191345215,0.21694016456604004,0.21694016456604004,1.5295
2590,0.14489597082138062,0.14489597082138062,0.21693214774131775,0.21693214774131775,1.53
2591,0.1448868215084076,0.1448868215084076,0.2169249951839447,0.2169249951839447,1.5305
2592,0.14487728476524353,0.14487728476524353,0.2169206589460373,0.2169206589460373,1.531
2593,0.14486874639987946,0.14486874639987946,0.21692056953907013,0.21692056953907013,1.5315
2594,0.14485958218574524,0.14485958218574524,0.21691977977752686,0.21691977977752686,1.532
2595,0.14485003054141998,0.14485003054141998,0.2169153243303299,0.2169153243303299,1.5325
2596,0.1448412835597992,0.1448412835597992,0.21690599620342255,0.21690599620342255,1.533
2597,0.1448322832584381,0.1448322832584381,0.21689601242542267,0.21689601242542267,1.5335
2598,0.1448228806257248,0.1448228806257248,0.2168896198272705,0.2168896198272705,1.534
2599,0.1448136568069458,0.1448136568069458,0.216889888048172,0.216889888048172,1.5345
2600,0.14480452239513397,0.14480452239513397,0.21689169108867645,0.21689169108867645,1.535
2601,0.14479538798332214,0.14479538798332214,0.21688982844352722,0.21688982844352722,1.5355
2602,0.1447863131761551,0.1447863131761551,0.2168833315372467,0.2168833315372467,1.536
2603,0.14477688074111938,0.14477688074111938,0.2168739289045334,0.2168739289045334,1.5365
2604,0.1447683870792389,0.1447683870792389,0.21686752140522003,0.21686752140522003,1.5371
2605,0.14475929737091064,0.14475929737091064,0.2168644666671753,0.2168644666671753,1.5376
2606,0.14474989473819733,0.14474989473819733,0.2168632447719574,0.2168632447719574,1.5381
2607,0.144741028547287,0.144741028547287,0.21685943007469177,0.21685943007469177,1.5386
2608,0.1447317898273468,0.1447317898273468,0.2168523520231247,0.2168523520231247,1.5391
2609,0.14472249150276184,0.14472249150276184,0.21684464812278748,0.21684464812278748,1.5396
2610,0.14471355080604553,0.14471355080604553,0.21683816611766815,0.21683816611766815,1.5401
2611,0.1447044014930725,0.1447044014930725,0.21683673560619354,0.21683673560619354,1.5406
2612,0.14469540119171143,0.14469540119171143,0.21683502197265625,0.21683502197265625,1.5411
2613,0.14468644559383392,0.14468644559383392,0.2168320119380951,0.2168320119380951,1.5416
2614,0.14467713236808777,0.14467713236808777,0.2168262004852295,0.2168262004852295,1.5421
2615,0.1446680724620819,0.1446680724620819,0.21681828796863556,0.21681828796863556,1.5426
2616,0.14465919137001038,0.14465919137001038,0.2168116569519043,0.2168116569519043,1.5431
2617,0.14465010166168213,0.14465010166168213,0.2168092280626297,0.2168092280626297,1.5436
2618,0.14464089274406433,0.14464089274406433,0.21680894494056702,0.21680894494056702,1.5441
2619,0.14463236927986145,0.14463236927986145,0.2168079912662506,0.2168079912662506,1.5446
2620,0.14462323486804962,0.14462323486804962,0.21680232882499695,0.21680232882499695,1.5451
2621,0.1446138322353363,0.1446138322353363,0.2167932689189911,0.2167932689189911,1.5457
2622,0.1446053683757782,0.1446053683757782,0.21678373217582703,0.21678373217582703,1.5462
2623,0.14459633827209473,0.14459633827209473,0.2167777121067047,0.2167777121067047,1.5467
2624,0.14458692073822021,0.14458692073822021,0.2167758047580719,0.2167758047580719,1.5472
2625,0.14457795023918152,0.14457795023918152,0.2167772799730301,0.2167772799730301,1.5477
2626,0.1445690095424652,0.1445690095424652,0.21677589416503906,0.21677589416503906,1.5482
2627,0.14455987513065338,0.14455987513065338,0.2167690545320511,0.2167690545320511,1.5487
2628,0.14455094933509827,0.14455094933509827,0.21675996482372284,0.21675996482372284,1.5492
2629,0.1445418894290924,0.1445418894290924,0.2167520821094513,0.2167520821094513,1.5497
2630,0.14453275501728058,0.14453275501728058,0.21674874424934387,0.21674874424934387,1.5502
2631,0.14452368021011353,0.14452368021011353,0.21674804389476776,0.21674804389476776,1.5507
2632,0.14451465010643005,0.14451465010643005,0.21674664318561554,0.21674664318561554,1.5512
2633,0.14450564980506897,0.14450564980506897,0.21674299240112305,0.21674299240112305,1.5517
2634,0.14449681341648102,0.14449681341648102,0.21673651039600372,0.21673651039600372,1.5522
2635,0.14448773860931396,0.14448773860931396,0.21672794222831726,0.21672794222831726,1.5527
2636,0.14447879791259766,0.14447879791259766,0.2167203724384308,0.2167203724384308,1.5532
2637,0.14446988701820374,0.14446988701820374,0.2167166769504547,0.2167166769504547,1.5538
2638,0.14446072280406952,0.14446072280406952,0.21671493351459503,0.21671493351459503,1.5543
2639,0.14445175230503082,0.14445175230503082,0.21671351790428162,0.21671351790428162,1.5548
2640,0.14444276690483093,0.14444276690483093,0.21671049296855927,0.21671049296855927,1.5553
2641,0.1444336175918579,0.1444336175918579,0.21670570969581604,0.21670570969581604,1.5558
2642,0.14442439377307892,0.14442439377307892,0.21669955551624298,0.21669955551624298,1.5563
2643,0.14441528916358948,0.14441528916358948,0.21669268608093262,0.21669268608093262,1.5568
2644,0.14440621435642242,0.14440621435642242,0.2166856825351715,0.2166856825351715,1.5573
2645,0.14439702033996582,0.14439702033996582,0.21667912602424622,0.21667912602424622,1.5578
2646,0.1443878412246704,0.1443878412246704,0.2166735827922821,0.2166735827922821,1.5583
2647,0.14437875151634216,0.14437875151634216,0.21666881442070007,0.21666881442070007,1.5588
2648,0.14436960220336914,0.14436960220336914,0.21666359901428223,0.21666359901428223,1.5593
2649,0.14436042308807373,0.14436042308807373,0.2166568785905838,0.2166568785905838,1.5598
2650,0.14435124397277832,0.14435124397277832,0.21664872765541077,0.21664872765541077,1.5603
2651,0.14434212446212769,0.14434212446212769,0.21664023399353027,0.21664023399353027,1.5608
2652,0.14433296024799347,0.14433296024799347,0.21663260459899902,0.21663260459899902,1.5613
2653,0.14432379603385925,0.14432379603385925,0.21662649512290955,0.21662649512290955,1.5619
2654,0.14431467652320862,0.14431467652320862,0.2166213095188141,0.2166213095188141,1.5624
2655,0.1443054974079132,0.1443054974079132,0.2166156768798828,0.2166156768798828,1.5629
2656,0.14429636299610138,0.14429636299610138,0.2166089564561844,0.2166089564561844,1.5634
2657,0.14428719878196716,0.14428719878196716,0.21660128235816956,0.21660128235816956,1.5639
2658,0.14427807927131653,0.14427807927131653,0.2165936976671219,0.2165936976671219,1.5644
2659,0.1442689150571823,0.1442689150571823,0.2165869027376175,0.2165869027376175,1.5649
2660,0.14425978064537048,0.14425978064537048,0.2165810614824295,0.2165810614824295,1.5654
2661,0.14425066113471985,0.14425066113471985,0.21657538414001465,0.21657538414001465,1.5659
2662,0.14424151182174683,0.14424151182174683,0.21656914055347443,0.21656914055347443,1.5664
2663,0.14423240721225739,0.14423240721225739,0.21656212210655212,0.21656212210655212,1.5669
2664,0.14422325789928436,0.14422325789928436,0.2165546864271164,0.2165546864271164,1.5674
2665,0.14421413838863373,0.14421413838863373,0.2165473997592926,0.2165473997592926,1.5679
2666,0.1442050188779831,0.1442050188779831,0.2165406048297882,0.2165406048297882,1.5684
2667,0.14419592916965485,0.14419592916965485,0.21653442084789276,0.21653442084789276,1.569
2668,0.1441868096590042,0.1441868096590042,0.2165287286043167,0.2165287286043167,1.5695
2669,0.14417767524719238,0.14417767524719238,0.21652337908744812,0.21652337908744812,1.57
2670,0.14416858553886414,0.14416858553886414,0.2165183126926422,0.2165183126926422,1.5705
2671,0.1441594958305359,0.1441594958305359,0.21651311218738556,0.21651311218738556,1.571
2672,0.14415036141872406,0.14415036141872406,0.2165076732635498,0.2165076732635498,1.5715
2673,0.1441412717103958,0.1441412717103958,0.21650192141532898,0.21650192141532898,1.572
2674,0.14413218200206757,0.14413218200206757,0.21649615466594696,0.21649615466594696,1.5725
2675,0.14412306249141693,0.14412306249141693,0.21649070084095,0.21649070084095,1.573
2676,0.14411397278308868,0.14411397278308868,0.2164858877658844,0.2164858877658844,1.5735
2677,0.14410488307476044,0.14410488307476044,0.21648159623146057,0.21648159623146057,1.5741
2678,0.14409580826759338,0.14409580826759338,0.21647736430168152,0.21647736430168152,1.5746
2679,0.14408673346042633,0.14408673346042633,0.2164727747440338,0.2164727747440338,1.5751
2680,0.1440776288509369,0.1440776288509369,0.21646785736083984,0.21646785736083984,1.5756
2681,0.14406852424144745,0.14406852424144745,0.21646280586719513,0.21646280586719513,1.5761
2682,0.1440594643354416,0.1440594643354416,0.21645811200141907,0.21645811200141907,1.5766
2683,0.14405040442943573,0.14405040442943573,0.21645371615886688,0.21645371615886688,1.5771
2684,0.14404132962226868,0.14404132962226868,0.2164495885372162,0.2164495885372162,1.5776
2685,0.14403225481510162,0.14403225481510162,0.21644549071788788,0.21644549071788788,1.5781
2686,0.14402318000793457,0.14402318000793457,0.21644118428230286,0.21644118428230286,1.5786
2687,0.14401410520076752,0.14401410520076752,0.21643681824207306,0.21643681824207306,1.5791
2688,0.14400503039360046,0.14400503039360046,0.21643245220184326,0.21643245220184326,1.5796
2689,0.1439959704875946,0.1439959704875946,0.21642827987670898,0.21642827987670898,1.5801
2690,0.14398692548274994,0.14398692548274994,0.21642422676086426,0.21642422676086426,1.5806
2691,0.14397785067558289,0.14397785067558289,0.21642020344734192,0.21642020344734192,1.5812
2692,0.14396877586841583,0.14396877586841583,0.21641626954078674,0.21641626954078674,1.5817
2693,0.14395971596240997,0.14395971596240997,0.21641221642494202,0.21641221642494202,1.5822
2694,0.14395064115524292,0.14395064115524292,0.2164081633090973,0.2164081633090973,1.5827
2695,0.14394159615039825,0.14394159615039825,0.21640416979789734,0.21640416979789734,1.5833
2696,0.14393256604671478,0.14393256604671478,0.21640019118785858,0.21640019118785858,1.5838
2697,0.14392349123954773,0.14392349123954773,0.21639616787433624,0.21639616787433624,1.5843
2698,0.14391441643238068,0.14391441643238068,0.21639223396778107,0.21639223396778107,1.5848
2699,0.1439053863286972,0.1439053863286972,0.2163884937763214,0.2163884937763214,1.5853
2700,0.14389632642269135,0.14389632642269135,0.21638481318950653,0.21638481318950653,1.5858
2701,0.14388729631900787,0.14388729631900787,0.21638111770153046,0.21638111770153046,1.5863
2702,0.14387822151184082,0.14387822151184082,0.21637730300426483,0.21637730300426483,1.5868
2703,0.14386917650699615,0.14386917650699615,0.21637336909770966,0.21637336909770966,1.5873
2704,0.1438601315021515,0.1438601315021515,0.2163693606853485,0.2163693606853485,1.5878
2705,0.14385107159614563,0.14385107159614563,0.21636542677879333,0.21636542677879333,1.5883
2706,0.14384205639362335,0.14384205639362335,0.2163616418838501,0.2163616418838501,1.5888
2707,0.14383313059806824,0.14383313059806824,0.21635791659355164,0.21635791659355164,1.5894
2708,0.14382405579090118,0.14382405579090118,0.2163560837507248,0.2163560837507248,1.5899
2709,0.1438150852918625,0.1438150852918625,0.216354101896286,0.216354101896286,1.5904
2710,0.14380601048469543,0.14380601048469543,0.21635107696056366,0.21635107696056366,1.5909
2711,0.14379695057868958,0.14379695057868958,0.21634630858898163,0.21634630858898163,1.5914
2712,0.14378799498081207,0.14378799498081207,0.2163398712873459,0.2163398712873459,1.5919
2713,0.1437789648771286,0.1437789648771286,0.21633319556713104,0.21633319556713104,1.5924
2714,0.14376990497112274,0.14376990497112274,0.21632793545722961,0.21632793545722961,1.5929
2715,0.14376088976860046,0.14376088976860046,0.2163246124982834,0.2163246124982834,1.5934
2716,0.14375188946723938,0.14375188946723938,0.21632175147533417,0.21632175147533417,1.5939
2717,0.1437428593635559,0.1437428593635559,0.21631744503974915,0.21631744503974915,1.5945
2718,0.14373382925987244,0.14373382925987244,0.2163112461566925,0.2163112461566925,1.595
2719,0.14372478425502777,0.14372478425502777,0.2163044959306717,0.2163044959306717,1.5955
2720,0.1437157541513443,0.1437157541513443,0.21629896759986877,0.21629896759986877,1.596
2721,0.14370672404766083,0.14370672404766083,0.21629543602466583,0.21629543602466583,1.5966
2722,0.14369767904281616,0.14369767904281616,0.2162928283214569,0.2162928283214569,1.5971
2723,0.14368881285190582,0.14368881285190582,0.21628952026367188,0.21628952026367188,1.5976
2724,0.14367981255054474,0.14367981255054474,0.21628665924072266,0.21628665924072266,1.5981
2725,0.14367084205150604,0.14367084205150604,0.21628287434577942,0.21628287434577942,1.5986
2726,0.1436617374420166,0.1436617374420166,0.2162785530090332,0.2162785530090332,1.5991
2727,0.14365272223949432,0.14365272223949432,0.21627354621887207,0.21627354621887207,1.5996
2728,0.1436438262462616,0.1436438262462616,0.21626749634742737,0.21626749634742737,1.6001
2729,0.14363476634025574,0.14363476634025574,0.2162611037492752,0.2162611037492752,1.6006
2730,0.14362569153308868,0.14362569153308868,0.21625575423240662,0.21625575423240662,1.6011
2731,0.1436166912317276,0.1436166912317276,0.2162519246339798,0.2162519246339798,1.6016
2732,0.1436077207326889,0.1436077207326889,0.21624842286109924,0.21624842286109924,1.6021
2733,0.1435987502336502,0.1435987502336502,0.21624338626861572,0.21624338626861572,1.6026
2734,0.14358974993228912,0.14358974993228912,0.21623840928077698,0.21623840928077698,1.6031
2735,0.14358074963092804,0.14358074963092804,0.21623294055461884,0.21623294055461884,1.6036
2736,0.14357176423072815,0.14357176423072815,0.21622848510742188,0.21622848510742188,1.6042
2737,0.14356277883052826,0.14356277883052826,0.2162247598171234,0.2162247598171234,1.6047
2738,0.14355380833148956,0.14355380833148956,0.2162204533815384,0.2162204533815384,1.6052
2739,0.1435447335243225,0.1435447335243225,0.21621480584144592,0.21621480584144592,1.6057
2740,0.1435357630252838,0.1435357630252838,0.21620877087116241,0.21620877087116241,1.6062
2741,0.14352676272392273,0.14352676272392273,0.2162032574415207,0.2162032574415207,1.6067
2742,0.14351774752140045,0.14351774752140045,0.21619859337806702,0.21619859337806702,1.6072
2743,0.14350880682468414,0.14350880682468414,0.2161959707736969,0.2161959707736969,1.6077
2744,0.14349988102912903,0.14349988102912903,0.2161927968263626,0.2161927968263626,1.6082
2745,0.14349089562892914,0.14349089562892914,0.21618852019309998,0.21618852019309998,1.6087
2746,0.14348189532756805,0.14348189532756805,0.21618297696113586,0.21618297696113586,1.6092
2747,0.14347289502620697,0.14347289502620697,0.21617670357227325,0.21617670357227325,1.6097
2748,0.1434638649225235,0.1434638649225235,0.21617066860198975,0.21617066860198975,1.6102
2749,0.14345484972000122,0.14345484972000122,0.21616573631763458,0.21616573631763458,1.6107
2750,0.14344601333141327,0.14344601333141327,0.2161616086959839,0.2161616086959839,1.6112
2751,0.14343702793121338,0.14343702793121338,0.21615910530090332,0.21615910530090332,1.6117
2752,0.14342805743217468,0.14342805743217468,0.21615593135356903,0.21615593135356903,1.6122
2753,0.1434190273284912,0.1434190273284912,0.21615150570869446,0.21615150570869446,1.6127
2754,0.1434100866317749,0.1434100866317749,0.21614570915699005,0.21614570915699005,1.6132
2755,0.1434011161327362,0.1434011161327362,0.21613915264606476,0.21613915264606476,1.6137
2756,0.14339205622673035,0.14339205622673035,0.21613308787345886,0.21613308787345886,1.6142
2757,0.14338311553001404,0.14338311553001404,0.21612834930419922,0.21612834930419922,1.6148
2758,0.1433742493391037,0.1433742493391037,0.2161264419555664,0.2161264419555664,1.6153
2759,0.14336539804935455,0.14336539804935455,0.21612414717674255,0.21612414717674255,1.6158
2760,0.14335623383522034,0.14335623383522034,0.2161194384098053,0.2161194384098053,1.6163
2761,0.14334718883037567,0.14334718883037567,0.2161119282245636,0.2161119282245636,1.6168
2762,0.14333835244178772,0.14333835244178772,0.21610374748706818,0.21610374748706818,1.6173
2763,0.1433294713497162,0.1433294713497162,0.21609768271446228,0.21609768271446228,1.6178
2764,0.14332030713558197,0.14332030713558197,0.21609672904014587,0.21609672904014587,1.6183
2765,0.1433115303516388,0.1433115303516388,0.2160980999469757,0.2160980999469757,1.6188
2766,0.14330263435840607,0.14330263435840607,0.21609695255756378,0.21609695255756378,1.6193
2767,0.14329347014427185,0.14329347014427185,0.21608977019786835,0.21608977019786835,1.6198
2768,0.143284410238266,0.143284410238266,0.21607820689678192,0.21607820689678192,1.6203
2769,0.14327554404735565,0.14327554404735565,0.21606774628162384,0.21606774628162384,1.6208
2770,0.14326676726341248,0.14326676726341248,0.21606282889842987,0.21606282889842987,1.6213
2771,0.14325746893882751,0.14325746893882751,0.21606454253196716,0.21606454253196716,1.6218
2772,0.14324873685836792,0.14324873685836792,0.2160676270723343,0.2160676270723343,1.6223
2773,0.143239825963974,0.143239825963974,0.21606585383415222,0.21606585383415222,1.6228
2774,0.1432306170463562,0.1432306170463562,0.2160571813583374,0.2160571813583374,1.6233
2775,0.14322158694267273,0.14322158694267273,0.21604545414447784,0.21604545414447784,1.6238
2776,0.1432127207517624,0.1432127207517624,0.216037780046463,0.216037780046463,1.6243
2777,0.1432037204504013,0.1432037204504013,0.2160358875989914,0.2160358875989914,1.6248
2778,0.1431947648525238,0.1431947648525238,0.21603712439537048,0.21603712439537048,1.6253
2779,0.1431858390569687,0.1431858390569687,0.21603579819202423,0.21603579819202423,1.6258
2780,0.14317680895328522,0.14317680895328522,0.21602889895439148,0.21602889895439148,1.6263
2781,0.14316777884960175,0.14316777884960175,0.21601919829845428,0.21601919829845428,1.6268
2782,0.14315903186798096,0.14315903186798096,0.216011643409729,0.216011643409729,1.6274
2783,0.14314982295036316,0.14314982295036316,0.21600985527038574,0.21600985527038574,1.6279
2784,0.14314088225364685,0.14314088225364685,0.2160104215145111,0.2160104215145111,1.6284
2785,0.14313197135925293,0.14313197135925293,0.21600893139839172,0.21600893139839172,1.6289
2786,0.14312297105789185,0.14312297105789185,0.21600258350372314,0.21600258350372314,1.6294
2787,0.14311400055885315,0.14311400055885315,0.21599502861499786,0.21599502861499786,1.6299
2788,0.14310510456562042,0.14310510456562042,0.21598944067955017,0.21598944067955017,1.6304
2789,0.14309610426425934,0.14309610426425934,0.2159871757030487,0.2159871757030487,1.6309
2790,0.14308716356754303,0.14308716356754303,0.21598520874977112,0.21598520874977112,1.6314
2791,0.14307813346385956,0.14307813346385956,0.2159799337387085,0.2159799337387085,1.6319
2792,0.14306925237178802,0.14306925237178802,0.21597179770469666,0.21597179770469666,1.6324
2793,0.14306028187274933,0.14306028187274933,0.21596603095531464,0.21596603095531464,1.6329
2794,0.143051415681839,0.143051415681839,0.2159644067287445,0.2159644067287445,1.6334
2795,0.14304232597351074,0.14304232597351074,0.21596446633338928,0.21596446633338928,1.6339
2796,0.14303334057331085,0.14303334057331085,0.21596114337444305,0.21596114337444305,1.6344
2797,0.14302465319633484,0.14302465319633484,0.2159525454044342,0.2159525454044342,1.6349
2798,0.14301535487174988,0.14301535487174988,0.21594366431236267,0.21594366431236267,1.6354
2799,0.14300648868083954,0.14300648868083954,0.21593964099884033,0.21593964099884033,1.6359
2800,0.14299742877483368,0.14299742877483368,0.21594056487083435,0.21594056487083435,1.6364
2801,0.14298847317695618,0.14298847317695618,0.2159409075975418,0.2159409075975418,1.6369
2802,0.14297977089881897,0.14297977089881897,0.21593515574932098,0.21593515574932098,1.6374
2803,0.1429704874753952,0.1429704874753952,0.21592597663402557,0.21592597663402557,1.6379
2804,0.14296165108680725,0.14296165108680725,0.21591897308826447,0.21591897308826447,1.6384
2805,0.142952561378479,0.142952561378479,0.2159174382686615,0.2159174382686615,1.639
2806,0.14294371008872986,0.14294371008872986,0.21591806411743164,0.21591806411743164,1.6395
2807,0.1429346799850464,0.1429346799850464,0.2159159630537033,0.2159159630537033,1.64
2808,0.14292572438716888,0.14292572438716888,0.21590881049633026,0.21590881049633026,1.6405
2809,0.142916738986969,0.142916738986969,0.21590037643909454,0.21590037643909454,1.641
2810,0.14290772378444672,0.14290772378444672,0.21589450538158417,0.21589450538158417,1.6415
2811,0.14289896190166473,0.14289896190166473,0.21589148044586182,0.21589148044586182,1.642
2812,0.14288975298404694,0.14288975298404694,0.2158898413181305,0.2158898413181305,1.6425
2813,0.14288084208965302,0.14288084208965302,0.21588706970214844,0.21588706970214844,1.643
2814,0.14287187159061432,0.14287187159061432,0.21588274836540222,0.21588274836540222,1.6435
2815,0.14286282658576965,0.14286282658576965,0.2158774882555008,0.2158774882555008,1.644
2816,0.14285419881343842,0.14285419881343842,0.21587184071540833,0.21587184071540833,1.6445
2817,0.14284494519233704,0.14284494519233704,0.2158675193786621,0.2158675193786621,1.645
2818,0.14283616840839386,0.14283616840839386,0.21586570143699646,0.21586570143699646,1.6455
2819,0.14282731711864471,0.14282731711864471,0.21586477756500244,0.21586477756500244,1.646
2820,0.14281827211380005,0.14281827211380005,0.21586176753044128,0.21586176753044128,1.6465
2821,0.14280928671360016,0.14280928671360016,0.21585457026958466,0.21585457026958466,1.647
2822,0.14280034601688385,0.14280034601688385,0.21584472060203552,0.21584472060203552,1.6475
2823,0.14279130101203918,0.14279130101203918,0.21583668887615204,0.21583668887615204,1.648
2824,0.14278215169906616,0.14278215169906616,0.2158333957195282,0.2158333957195282,1.6485
2825,0.14277322590351105,0.14277322590351105,0.21583350002765656,0.21583350002765656,1.649
2826,0.14276425540447235,0.14276425540447235,0.21583354473114014,0.21583354473114014,1.6495
2827,0.14275527000427246,0.14275527000427246,0.215829998254776,0.215829998254776,1.6501
2828,0.14274638891220093,0.14274638891220093,0.21582329273223877,0.21582329273223877,1.6506
2829,0.1427372694015503,0.1427372694015503,0.21581725776195526,0.21581725776195526,1.6511
2830,0.14272840321063995,0.14272840321063995,0.21581490337848663,0.21581490337848663,1.6516
2831,0.14271947741508484,0.14271947741508484,0.21581506729125977,0.21581506729125977,1.6521
2832,0.14271052181720734,0.14271052181720734,0.2158137857913971,0.2158137857913971,1.6526
2833,0.14270153641700745,0.14270153641700745,0.21580752730369568,0.21580752730369568,1.6531
2834,0.14269253611564636,0.14269253611564636,0.2157973349094391,0.2157973349094391,1.6536
2835,0.1426834911108017,0.1426834911108017,0.2157883644104004,0.2157883644104004,1.6541
2836,0.14267435669898987,0.14267435669898987,0.21578410267829895,0.21578410267829895,1.6546
2837,0.14266550540924072,0.14266550540924072,0.21578356623649597,0.21578356623649597,1.6551
2838,0.1426563560962677,0.1426563560962677,0.21578355133533478,0.21578355133533478,1.6556
2839,0.14264778792858124,0.14264778792858124,0.21578216552734375,0.21578216552734375,1.6561
2840,0.14263878762722015,0.14263878762722015,0.21577851474285126,0.21577851474285126,1.6566
2841,0.1426294893026352,0.1426294893026352,0.21577325463294983,0.21577325463294983,1.6571
2842,0.14262057840824127,0.14262057840824127,0.21576687693595886,0.21576687693595886,1.6576
2843,0.14261187613010406,0.14261187613010406,0.21575982868671417,0.21575982868671417,1.6581
2844,0.14260253310203552,0.14260253310203552,0.2157551348209381,0.2157551348209381,1.6586
2845,0.1425936222076416,0.1425936222076416,0.2157547026872635,0.2157547026872635,1.6591
2846,0.14258459210395813,0.14258459210395813,0.21575602889060974,0.21575602889060974,1.6596
2847,0.14257538318634033,0.14257538318634033,0.21575379371643066,0.21575379371643066,1.6601
2848,0.14256684482097626,0.14256684482097626,0.21574600040912628,0.21574600040912628,1.6606
2849,0.1425577849149704,0.1425577849149704,0.21573682129383087,0.21573682129383087,1.6611
2850,0.1425485908985138,0.1425485908985138,0.21573320031166077,0.21573320031166077,1.6616
2851,0.14253957569599152,0.14253957569599152,0.21573574841022491,0.21573574841022491,1.6622
2852,0.14253054559230804,0.14253054559230804,0.21573786437511444,0.21573786437511444,1.6627
2853,0.142521470785141,0.142521470785141,0.2157321721315384,0.2157321721315384,1.6632
2854,0.14251267910003662,0.14251267910003662,0.21571965515613556,0.21571965515613556,1.6637
2855,0.1425034999847412,0.1425034999847412,0.21570973098278046,0.21570973098278046,1.6642
2856,0.14249444007873535,0.14249444007873535,0.2157091349363327,0.2157091349363327,1.6647
2857,0.1424853503704071,0.1424853503704071,0.21571485698223114,0.21571485698223114,1.6652
2858,0.1424766629934311,0.1424766629934311,0.21571674942970276,0.21571674942970276,1.6657
2859,0.14246739447116852,0.14246739447116852,0.21570973098278046,0.21570973098278046,1.6662
2860,0.1424587070941925,0.1424587070941925,0.21569988131523132,0.21569988131523132,1.6667
2861,0.14244966208934784,0.14244966208934784,0.21569493412971497,0.21569493412971497,1.6672
2862,0.14244046807289124,0.14244046807289124,0.21569514274597168,0.21569514274597168,1.6677
2863,0.1424315869808197,0.1424315869808197,0.21569359302520752,0.21569359302520752,1.6682
2864,0.14242252707481384,0.14242252707481384,0.2156854122877121,0.2156854122877121,1.6687
2865,0.14241334795951843,0.14241334795951843,0.21567563712596893,0.21567563712596893,1.6692
2866,0.1424044668674469,0.1424044668674469,0.21567249298095703,0.21567249298095703,1.6697
2867,0.1423952728509903,0.1423952728509903,0.21567626297473907,0.21567626297473907,1.6702
2868,0.14238615334033966,0.14238615334033966,0.21567857265472412,0.21567857265472412,1.6707
2869,0.14237716794013977,0.14237716794013977,0.215672105550766,0.215672105550766,1.6712
2870,0.1423679143190384,0.1423679143190384,0.21566005051136017,0.21566005051136017,1.6717
2871,0.1423588991165161,0.1423588991165161,0.21565237641334534,0.21565237641334534,1.6723
2872,0.14234969019889832,0.14234969019889832,0.21565337479114532,0.21565337479114532,1.6728
2873,0.14234061539173126,0.14234061539173126,0.21565687656402588,0.21565687656402588,1.6733
2874,0.1423317790031433,0.1423317790031433,0.21565362811088562,0.21565362811088562,1.6738
2875,0.14232237637043,0.14232237637043,0.21564319729804993,0.21564319729804993,1.6743
2876,0.1423133909702301,0.1423133909702301,0.21563401818275452,0.21563401818275452,1.6748
2877,0.1423041671514511,0.1423041671514511,0.21563220024108887,0.21563220024108887,1.6753
2878,0.14229510724544525,0.14229510724544525,0.2156345397233963,0.2156345397233963,1.6758
2879,0.142286017537117,0.142286017537117,0.21563346683979034,0.21563346683979034,1.6763
2880,0.14227691292762756,0.14227691292762756,0.2156263291835785,0.2156263291835785,1.6768
2881,0.14226779341697693,0.14226779341697693,0.21561750769615173,0.21561750769615173,1.6773
2882,0.1422586292028427,0.1422586292028427,0.21561169624328613,0.21561169624328613,1.6778
2883,0.1422494798898697,0.1422494798898697,0.21560916304588318,0.21560916304588318,1.6784
2884,0.14224059879779816,0.14224059879779816,0.2156067192554474,0.2156067192554474,1.6789
2885,0.14223119616508484,0.14223119616508484,0.21560242772102356,0.21560242772102356,1.6794
2886,0.14222219586372375,0.14222219586372375,0.21559874713420868,0.21559874713420868,1.6799
2887,0.14221303164958954,0.14221303164958954,0.21559695899486542,0.21559695899486542,1.6804
2888,0.14220377802848816,0.14220377802848816,0.2155950963497162,0.2155950963497162,1.6809
2889,0.14219504594802856,0.14219504594802856,0.21559062600135803,0.21559062600135803,1.6814
2890,0.14218559861183167,0.14218559861183167,0.21558375656604767,0.21558375656604767,1.6819
2891,0.14217668771743774,0.14217668771743774,0.21557967364788055,0.21557967364788055,1.6824
2892,0.14216765761375427,0.14216765761375427,0.21558018028736115,0.21558018028736115,1.6829
2893,0.1421583890914917,0.1421583890914917,0.21558034420013428,0.21558034420013428,1.6834
2894,0.14214926958084106,0.14214926958084106,0.21557465195655823,0.21557465195655823,1.6839
2895,0.14214013516902924,0.14214013516902924,0.21556368470191956,0.21556368470191956,1.6844
2896,0.14213097095489502,0.14213097095489502,0.2155548334121704,0.2155548334121704,1.6849
2897,0.14212168753147125,0.14212168753147125,0.21555347740650177,0.21555347740650177,1.6854
2898,0.14211247861385345,0.14211247861385345,0.21555736660957336,0.21555736660957336,1.6859
2899,0.14210332930088043,0.14210332930088043,0.21555867791175842,0.21555867791175842,1.6864
2900,0.14209440350532532,0.14209440350532532,0.21555307507514954,0.21555307507514954,1.6869
2901,0.14208516478538513,0.14208516478538513,0.21554449200630188,0.21554449200630188,1.6874
2902,0.14207594096660614,0.14207594096660614,0.21553857624530792,0.21553857624530792,1.6879
2903,0.14206674695014954,0.14206674695014954,0.21554136276245117,0.21554136276245117,1.6885
2904,0.14205756783485413,0.14205756783485413,0.21554557979106903,0.21554557979106903,1.689
2905,0.1420484334230423,0.1420484334230423,0.21554212272167206,0.21554212272167206,1.6895
2906,0.1420392096042633,0.1420392096042633,0.2155316174030304,0.2155316174030304,1.69
2907,0.14203011989593506,0.14203011989593506,0.21552176773548126,0.21552176773548126,1.6905
2908,0.14202098548412323,0.14202098548412323,0.21552129089832306,0.21552129089832306,1.691
2909,0.14201173186302185,0.14201173186302185,0.2155247926712036,0.2155247926712036,1.6915
2910,0.14200258255004883,0.14200258255004883,0.21552231907844543,0.21552231907844543,1.692
2911,0.14199331402778625,0.14199331402778625,0.21551141142845154,0.21551141142845154,1.6925
2912,0.14198437333106995,0.14198437333106995,0.21550121903419495,0.21550121903419495,1.693
2913,0.14197497069835663,0.14197497069835663,0.21549904346466064,0.21549904346466064,1.6935
2914,0.14196577668190002,0.14196577668190002,0.21550624072551727,0.21550624072551727,1.6941
2915,0.1419566422700882,0.1419566422700882,0.2155110388994217,0.2155110388994217,1.6946
2916,0.1419474184513092,0.1419474184513092,0.21550241112709045,0.21550241112709045,1.6951
2917,0.1419381946325302,0.1419381946325302,0.21548756957054138,0.21548756957054138,1.6956
2918,0.14192907512187958,0.14192907512187958,0.2154783457517624,0.2154783457517624,1.6961
2919,0.1419198215007782,0.1419198215007782,0.21547949314117432,0.21547949314117432,1.6966
2920,0.14191074669361115,0.14191074669361115,0.2154848575592041,0.2154848575592041,1.6971
2921,0.1419014036655426,0.1419014036655426,0.21548382937908173,0.21548382937908173,1.6976
2922,0.14189235866069794,0.14189235866069794,0.21547777950763702,0.21547777950763702,1.6981
2923,0.14188304543495178,0.14188304543495178,0.2154707908630371,0.2154707908630371,1.6986
2924,0.14187383651733398,0.14187383651733398,0.2154662162065506,0.2154662162065506,1.6991
2925,0.1418645679950714,0.1418645679950714,0.21546199917793274,0.21546199917793274,1.6996
2926,0.14185532927513123,0.14185532927513123,0.21545962989330292,0.21545962989330292,1.7001
2927,0.14184607565402985,0.14184607565402985,0.21545830368995667,0.21545830368995667,1.7006
2928,0.14183688163757324,0.14183688163757324,0.2154569923877716,0.2154569923877716,1.7011
2929,0.1418277770280838,0.1418277770280838,0.21545331180095673,0.21545331180095673,1.7016
2930,0.1418185532093048,0.1418185532093048,0.21544989943504333,0.21544989943504333,1.7021
2931,0.14180925488471985,0.14180925488471985,0.21544595062732697,0.21544595062732697,1.7026
2932,0.14180010557174683,0.14180010557174683,0.2154405415058136,0.2154405415058136,1.7031
2933,0.14179082214832306,0.14179082214832306,0.2154332399368286,0.2154332399368286,1.7036
2934,0.14178159832954407,0.14178159832954407,0.21543054282665253,0.21543054282665253,1.7041
2935,0.14177235960960388,0.14177235960960388,0.21543219685554504,0.21543219685554504,1.7046
2936,0.1417630910873413,0.1417630910873413,0.21543292701244354,0.21543292701244354,1.7051
2937,0.14175404608249664,0.14175404608249664,0.21542854607105255,0.21542854607105255,1.7057
2938,0.14174461364746094,0.14174461364746094,0.2154189646244049,0.2154189646244049,1.7062
2939,0.14173559844493866,0.14173559844493866,0.21541206538677216,0.21541206538677216,1.7067
2940,0.14172635972499847,0.14172635972499847,0.2154129445552826,0.2154129445552826,1.7072
2941,0.1417170912027359,0.1417170912027359,0.21541514992713928,0.21541514992713928,1.7077
2942,0.14170782268047333,0.14170782268047333,0.2154112309217453,0.2154112309217453,1.7082
2943,0.14169855415821075,0.14169855415821075,0.21540217101573944,0.21540217101573944,1.7087
2944,0.1416892260313034,0.1416892260313034,0.21539607644081116,0.21539607644081116,1.7092
2945,0.14167989790439606,0.14167989790439606,0.21539738774299622,0.21539738774299622,1.7097
2946,0.14167070388793945,0.14167070388793945,0.215399831533432,0.215399831533432,1.7102
2947,0.14166146516799927,0.14166146516799927,0.2153986394405365,0.2153986394405365,1.7107
2948,0.1416521519422531,0.1416521519422531,0.21539101004600525,0.21539101004600525,1.7112
2949,0.14164285361766815,0.14164285361766815,0.2153799831867218,0.2153799831867218,1.7117
2950,0.14163357019424438,0.14163357019424438,0.21537622809410095,0.21537622809410095,1.7122
2951,0.14162437617778778,0.14162437617778778,0.21538051962852478,0.21538051962852478,1.7127
2952,0.14161500334739685,0.14161500334739685,0.21538317203521729,0.21538317203521729,1.7132
2953,0.14160582423210144,0.14160582423210144,0.21538110077381134,0.21538110077381134,1.7137
2954,0.14159651100635529,0.14159651100635529,0.2153741419315338,0.2153741419315338,1.7143
2955,0.14158715307712555,0.14158715307712555,0.21536657214164734,0.21536657214164734,1.7148
2956,0.1415780931711197,0.1415780931711197,0.21536245942115784,0.21536245942115784,1.7153
2957,0.1415686160326004,0.1415686160326004,0.21536007523536682,0.21536007523536682,1.7158
2958,0.14155948162078857,0.14155948162078857,0.21535953879356384,0.21535953879356384,1.7163
2959,0.14155030250549316,0.14155030250549316,0.21536096930503845,0.21536096930503845,1.7168
2960,0.14154085516929626,0.14154085516929626,0.2153596431016922,0.2153596431016922,1.7173
2961,0.14153148233890533,0.14153148233890533,0.21535328030586243,0.21535328030586243,1.7178
2962,0.14152225852012634,0.14152225852012634,0.21534517407417297,0.21534517407417297,1.7183
2963,0.14151297509670258,0.14151297509670258,0.21534082293510437,0.21534082293510437,1.7188
2964,0.1415034830570221,0.1415034830570221,0.21534016728401184,0.21534016728401184,1.7193
2965,0.1414942592382431,0.1414942592382431,0.21534371376037598,0.21534371376037598,1.7198
2966,0.14148494601249695,0.14148494601249695,0.2153441458940506,0.2153441458940506,1.7203
2967,0.1414756327867508,0.1414756327867508,0.2153378427028656,0.2153378427028656,1.7208
2968,0.14146630465984344,0.14146630465984344,0.21532733738422394,0.21532733738422394,1.7213
2969,0.14145693182945251,0.14145693182945251,0.21532228589057922,0.21532228589057922,1.7218
2970,0.14144755899906158,0.14144755899906158,0.2153276950120926,0.2153276950120926,1.7223
2971,0.14143827557563782,0.14143827557563782,0.2153337448835373,0.2153337448835373,1.7228
2972,0.1414289027452469,0.1414289027452469,0.2153303325176239,0.2153303325176239,1.7233
2973,0.14141955971717834,0.14141955971717834,0.21531927585601807,0.21531927585601807,1.7238
2974,0.141410231590271,0.141410231590271,0.21530918776988983,0.21530918776988983,1.7243
2975,0.14140084385871887,0.14140084385871887,0.21531085669994354,0.21531085669994354,1.7248
2976,0.14139145612716675,0.14139145612716675,0.21531781554222107,0.21531781554222107,1.7253
2977,0.14138226211071014,0.14138226211071014,0.2153182029724121,0.2153182029724121,1.7258
2978,0.1413727104663849,0.1413727104663849,0.21530742943286896,0.21530742943286896,1.7264
2979,0.14136339724063873,0.14136339724063873,0.21529972553253174,0.21529972553253174,1.7269
2980,0.14135414361953735,0.14135414361953735,0.21530203521251678,0.21530203521251678,1.7274
2981,0.14134463667869568,0.14134463667869568,0.21530628204345703,0.21530628204345703,1.728
2982,0.1413353979587555,0.1413353979587555,0.21530428528785706,0.21530428528785706,1.7285
2983,0.14132604002952576,0.14132604002952576,0.2152974158525467,0.2152974158525467,1.729
2984,0.14131665229797363,0.14131665229797363,0.2152901589870453,0.2152901589870453,1.7295
2985,0.1413072794675827,0.1413072794675827,0.21528694033622742,0.21528694033622742,1.73
2986,0.14129787683486938,0.14129787683486938,0.21528756618499756,0.21528756618499756,1.7305
2987,0.14128845930099487,0.14128845930099487,0.2152886688709259,0.2152886688709259,1.731
2988,0.14127925038337708,0.14127925038337708,0.21529582142829895,0.21529582142829895,1.7315
2989,0.14127005636692047,0.14127005636692047,0.21531057357788086,0.21531057357788086,1.732
2990,0.14126083254814148,0.14126083254814148,0.21532054245471954,0.21532054245471954,1.7325
2991,0.141251802444458,0.141251802444458,0.2153272181749344,0.2153272181749344,1.733
2992,0.1412423849105835,0.1412423849105835,0.21533019840717316,0.21533019840717316,1.7336
2993,0.14123335480690002,0.14123335480690002,0.21533218026161194,0.21533218026161194,1.7341
2994,0.14122429490089417,0.14122429490089417,0.21534423530101776,0.21534423530101776,1.7346
2995,0.141214981675148,0.141214981675148,0.21535618603229523,0.21535618603229523,1.7351
2996,0.14120595157146454,0.14120595157146454,0.21536293625831604,0.21536293625831604,1.7356
2997,0.14119690656661987,0.14119690656661987,0.21536092460155487,0.21536092460155487,1.7361
2998,0.14118772745132446,0.14118772745132446,0.21536347270011902,0.21536347270011902,1.7366
2999,0.1411784589290619,0.1411784589290619,0.21537065505981445,0.21537065505981445,1.7371
3000,0.1411696970462799,0.1411696970462799,0.21538424491882324,0.21538424491882324,1.7391
3001,0.14116039872169495,0.14116039872169495,0.21539261937141418,0.21539261937141418,1.7397
3002,0.14115116000175476,0.14115116000175476,0.21539270877838135,0.21539270877838135,1.7402
3003,0.14114220440387726,0.14114220440387726,0.21538572013378143,0.21538572013378143,1.7407
3004,0.14113302528858185,0.14113302528858185,0.21538519859313965,0.21538519859313965,1.7412
3005,0.14112386107444763,0.14112386107444763,0.2154075652360916,0.2154075652360916,1.7418
3006,0.14111484587192535,0.14111484587192535,0.21543288230895996,0.21543288230895996,1.7423
3007,0.14110581576824188,0.14110581576824188,0.21544285118579865,0.21544285118579865,1.7428
3008,0.14109675586223602,0.14109675586223602,0.21543185412883759,0.21543185412883759,1.7433
3009,0.1410876214504242,0.1410876214504242,0.21542096138000488,0.21542096138000488,1.7439
3010,0.1410784125328064,0.1410784125328064,0.2154347449541092,0.2154347449541092,1.7444
3011,0.14106954634189606,0.14106954634189606,0.21546141803264618,0.21546141803264618,1.7449
3012,0.14106036722660065,0.14106036722660065,0.2154652625322342,0.2154652625322342,1.7455
3013,0.14105136692523956,0.14105136692523956,0.21544630825519562,0.21544630825519562,1.746
3014,0.14104269444942474,0.14104269444942474,0.2154356986284256,0.2154356986284256,1.7466
3015,0.141033336520195,0.141033336520195,0.2154490053653717,0.2154490053653717,1.7471
3016,0.14102423191070557,0.14102423191070557,0.21547392010688782,0.21547392010688782,1.7476
3017,0.14101557433605194,0.14101557433605194,0.2154870480298996,0.2154870480298996,1.7482
3018,0.14100658893585205,0.14100658893585205,0.21548087894916534,0.21548087894916534,1.7487
3019,0.14099740982055664,0.14099740982055664,0.21547487378120422,0.21547487378120422,1.7493
3020,0.14098809659481049,0.14098809659481049,0.21547934412956238,0.21547934412956238,1.7498
3021,0.14097926020622253,0.14097926020622253,0.21549245715141296,0.21549245715141296,1.7504
3022,0.1409703493118286,0.1409703493118286,0.21549618244171143,0.21549618244171143,1.7509
3023,0.14096114039421082,0.14096114039421082,0.2154921591281891,0.2154921591281891,1.7514
3024,0.14095231890678406,0.14095231890678406,0.21549391746520996,0.21549391746520996,1.752
3025,0.14094328880310059,0.14094328880310059,0.21550044417381287,0.21550044417381287,1.7525
3026,0.14093391597270966,0.14093391597270966,0.2155103236436844,0.2155103236436844,1.753
3027,0.14092540740966797,0.14092540740966797,0.21551266312599182,0.21551266312599182,1.7535
3028,0.14091652631759644,0.14091652631759644,0.21550893783569336,0.21550893783569336,1.7541
3029,0.14090757071971893,0.14090757071971893,0.21550321578979492,0.21550321578979492,1.7546
3030,0.14089840650558472,0.14089840650558472,0.2155071198940277,0.2155071198940277,1.7551
3031,0.1408892422914505,0.1408892422914505,0.2155214250087738,0.2155214250087738,1.7557
3032,0.14088059961795807,0.14088059961795807,0.2155403196811676,0.2155403196811676,1.7562
3033,0.14087139070034027,0.14087139070034027,0.21554604172706604,0.21554604172706604,1.7567
3034,0.140862375497818,0.140862375497818,0.21554920077323914,0.21554920077323914,1.7572
3035,0.1408533751964569,0.1408533751964569,0.2155616730451584,0.2155616730451584,1.7577
3036,0.1408444344997406,0.1408444344997406,0.21557149291038513,0.21557149291038513,1.7583
3037,0.14083540439605713,0.14083540439605713,0.21556802093982697,0.21556802093982697,1.7588
3038,0.14082641899585724,0.14082641899585724,0.21555094420909882,0.21555094420909882,1.7593
3039,0.1408175379037857,0.1408175379037857,0.21555547416210175,0.21555547416210175,1.7598
3040,0.14080843329429626,0.14080843329429626,0.21557852625846863,0.21557852625846863,1.7603
3041,0.14079947769641876,0.14079947769641876,0.21558848023414612,0.21558848023414612,1.7608
3042,0.14079056680202484,0.14079056680202484,0.21558606624603271,0.21558606624603271,1.7614
3043,0.14078156650066376,0.14078156650066376,0.2155839502811432,0.2155839502811432,1.7619
3044,0.14077280461788177,0.14077280461788177,0.21559298038482666,0.21559298038482666,1.7624
3045,0.14076365530490875,0.14076365530490875,0.21559707820415497,0.21559707820415497,1.7629
3046,0.14075490832328796,0.14075490832328796,0.2155962437391281,0.2155962437391281,1.7634
3047,0.1407460868358612,0.1407460868358612,0.2155994474887848,0.2155994474887848,1.764
3048,0.14073720574378967,0.14073720574378967,0.21560168266296387,0.21560168266296387,1.7645
3049,0.1407281458377838,0.1407281458377838,0.21560971438884735,0.21560971438884735,1.765
3050,0.14071917533874512,0.14071917533874512,0.21562448143959045,0.21562448143959045,1.7655
3051,0.14071024954319,0.14071024954319,0.21563974022865295,0.21563974022865295,1.766
3052,0.14070147275924683,0.14070147275924683,0.2156427800655365,0.2156427800655365,1.7665
3053,0.14069262146949768,0.14069262146949768,0.21564093232154846,0.21564093232154846,1.767
3054,0.1406836211681366,0.1406836211681366,0.2156459093093872,0.2156459093093872,1.7675
3055,0.14067474007606506,0.14067474007606506,0.21565017104148865,0.21565017104148865,1.768
3056,0.14066585898399353,0.14066585898399353,0.2156512290239334,0.2156512290239334,1.7685
3057,0.1406567096710205,0.1406567096710205,0.2156539410352707,0.2156539410352707,1.769
3058,0.14064815640449524,0.14064815640449524,0.21567121148109436,0.21567121148109436,1.7695
3059,0.14063914120197296,0.14063914120197296,0.21568545699119568,0.21568545699119568,1.77
3060,0.1406303346157074,0.1406303346157074,0.2156863659620285,0.2156863659620285,1.7706
3061,0.14062155783176422,0.14062155783176422,0.21568052470684052,0.21568052470684052,1.7711
3062,0.1406126320362091,0.1406126320362091,0.21567508578300476,0.21567508578300476,1.7716
3063,0.14060361683368683,0.14060361683368683,0.21567919850349426,0.21567919850349426,1.7721
3064,0.1405947059392929,0.1405947059392929,0.21569609642028809,0.21569609642028809,1.7726
3065,0.14058591425418854,0.14058591425418854,0.2157152146100998,0.2157152146100998,1.7731
3066,0.14057685434818268,0.14057685434818268,0.21571695804595947,0.21571695804595947,1.7736
3067,0.14056816697120667,0.14056816697120667,0.2157094031572342,0.2157094031572342,1.7741
3068,0.14055946469306946,0.14055946469306946,0.21571394801139832,0.21571394801139832,1.7746
3069,0.14055058360099792,0.14055058360099792,0.21572236716747284,0.21572236716747284,1.7751
3070,0.14054159820079803,0.14054159820079803,0.21572676301002502,0.21572676301002502,1.7756
3071,0.1405327171087265,0.1405327171087265,0.21573109924793243,0.21573109924793243,1.7761
3072,0.14052371680736542,0.14052371680736542,0.21574167907238007,0.21574167907238007,1.7767
3073,0.1405152529478073,0.1405152529478073,0.21576163172721863,0.21576163172721863,1.7772
3074,0.1405061036348343,0.1405061036348343,0.21577095985412598,0.21577095985412598,1.7777
3075,0.14049750566482544,0.14049750566482544,0.21576900780200958,0.21576900780200958,1.7782
3076,0.14048877358436584,0.14048877358436584,0.2157709151506424,0.2157709151506424,1.7787
3077,0.14047981798648834,0.14047981798648834,0.21576973795890808,0.21576973795890808,1.7792
3078,0.14047114551067352,0.14047114551067352,0.21576471626758575,0.21576471626758575,1.7797
3079,0.14046210050582886,0.14046210050582886,0.21576246619224548,0.21576246619224548,1.7803
3080,0.14045307040214539,0.14045307040214539,0.2157788723707199,0.2157788723707199,1.7808
3081,0.1404443234205246,0.1404443234205246,0.21580934524536133,0.21580934524536133,1.7813
3082,0.14043551683425903,0.14043551683425903,0.21582086384296417,0.21582086384296417,1.7818
3083,0.1404266059398651,0.1404266059398651,0.2158251702785492,0.2158251702785492,1.7823
3084,0.14041770994663239,0.14041770994663239,0.215823695063591,0.215823695063591,1.7828
3085,0.14040909707546234,0.14040909707546234,0.21581342816352844,0.21581342816352844,1.7833
3086,0.14040043950080872,0.14040043950080872,0.21581867337226868,0.21581867337226868,1.7838
3087,0.14039169251918793,0.14039169251918793,0.2158309519290924,0.2158309519290924,1.7843
3088,0.14038273692131042,0.14038273692131042,0.215839222073555,0.215839222073555,1.7848
3089,0.1403738111257553,0.1403738111257553,0.2158445417881012,0.2158445417881012,1.7853
3090,0.14036503434181213,0.14036503434181213,0.21585603058338165,0.21585603058338165,1.7858
3091,0.14035631716251373,0.14035631716251373,0.215860515832901,0.215860515832901,1.7864
3092,0.1403474509716034,0.1403474509716034,0.2158704698085785,0.2158704698085785,1.7869
3093,0.14033864438533783,0.14033864438533783,0.21588072180747986,0.21588072180747986,1.7874
3094,0.14032986760139465,0.14032986760139465,0.2158825844526291,0.2158825844526291,1.7879
3095,0.14032132923603058,0.14032132923603058,0.21588702499866486,0.21588702499866486,1.7884
3096,0.1403123140335083,0.1403123140335083,0.21588893234729767,0.21588893234729767,1.7889
3097,0.14030370116233826,0.14030370116233826,0.2159031629562378,0.2159031629562378,1.7894
3098,0.14029493927955627,0.14029493927955627,0.21591439843177795,0.21591439843177795,1.7899
3099,0.1402861773967743,0.1402861773967743,0.21591611206531525,0.21591611206531525,1.7904
3100,0.14027735590934753,0.14027735590934753,0.21591754257678986,0.21591754257678986,1.7909
3101,0.14026853442192078,0.14026853442192078,0.21591314673423767,0.21591314673423767,1.7914
3102,0.1402599811553955,0.1402599811553955,0.21592187881469727,0.21592187881469727,1.792
3103,0.14025115966796875,0.14025115966796875,0.21593356132507324,0.21593356132507324,1.7925
3104,0.14024238288402557,0.14024238288402557,0.2159431427717209,0.2159431427717209,1.793
3105,0.14023366570472717,0.14023366570472717,0.2159539759159088,0.2159539759159088,1.7935
3106,0.1402251124382019,0.1402251124382019,0.21596570312976837,0.21596570312976837,1.794
3107,0.14021609723567963,0.14021609723567963,0.2159636914730072,0.2159636914730072,1.7945
3108,0.14020739495754242,0.14020739495754242,0.21596398949623108,0.21596398949623108,1.795
3109,0.1401987224817276,0.1401987224817276,0.21597027778625488,0.21597027778625488,1.7955
3110,0.1401900053024292,0.1401900053024292,0.21598391234874725,0.21598391234874725,1.796
3111,0.1401812732219696,0.1401812732219696,0.21599678695201874,0.21599678695201874,1.7965
3112,0.1401725709438324,0.1401725709438324,0.21599169075489044,0.21599169075489044,1.797
3113,0.14016392827033997,0.14016392827033997,0.21598899364471436,0.21598899364471436,1.7976
3114,0.14015528559684753,0.14015528559684753,0.21599531173706055,0.21599531173706055,1.7981
3115,0.14014652371406555,0.14014652371406555,0.2160092294216156,0.2160092294216156,1.7986
3116,0.14013777673244476,0.14013777673244476,0.21601951122283936,0.21601951122283936,1.7991
3117,0.14012908935546875,0.14012908935546875,0.21602459251880646,0.21602459251880646,1.7996
3118,0.1401204615831375,0.1401204615831375,0.21601787209510803,0.21601787209510803,1.8001
3119,0.14011190831661224,0.14011190831661224,0.21602734923362732,0.21602734923362732,1.8006
3120,0.14010319113731384,0.14010319113731384,0.2160479575395584,0.2160479575395584,1.8011
3121,0.14009447395801544,0.14009447395801544,0.21605849266052246,0.21605849266052246,1.8017
3122,0.14008566737174988,0.14008566737174988,0.2160521000623703,0.2160521000623703,1.8022
3123,0.14007705450057983,0.14007705450057983,0.21605291962623596,0.21605291962623596,1.8027
3124,0.14006851613521576,0.14006851613521576,0.21607407927513123,0.21607407927513123,1.8032
3125,0.1400596648454666,0.1400596648454666,0.21608714759349823,0.21608714759349823,1.8037
3126,0.14005111157894135,0.14005111157894135,0.21609607338905334,0.21609607338905334,1.8042
3127,0.14004239439964294,0.14004239439964294,0.21609096229076385,0.21609096229076385,1.8047
3128,0.1400337517261505,0.1400337517261505,0.2160864770412445,0.2160864770412445,1.8052
3129,0.1400250643491745,0.1400250643491745,0.21609096229076385,0.21609096229076385,1.8057
3130,0.14001639187335968,0.14001639187335968,0.2161085158586502,0.2161085158586502,1.8062
3131,0.140007883310318,0.140007883310318,0.21612508594989777,0.21612508594989777,1.8067
3132,0.13999925553798676,0.13999925553798676,0.21612393856048584,0.21612393856048584,1.8072
3133,0.13999062776565552,0.13999062776565552,0.21612565219402313,0.21612565219402313,1.8078
3134,0.13998210430145264,0.13998210430145264,0.21613185107707977,0.21613185107707977,1.8083
3135,0.1399734765291214,0.1399734765291214,0.21613602340221405,0.21613602340221405,1.8088
3136,0.13996465504169464,0.13996465504169464,0.21613970398902893,0.21613970398902893,1.8093
3137,0.13995623588562012,0.13995623588562012,0.21614877879619598,0.21614877879619598,1.8098
3138,0.13994760811328888,0.13994760811328888,0.2161669284105301,0.2161669284105301,1.8103
3139,0.13993912935256958,0.13993912935256958,0.21618524193763733,0.21618524193763733,1.8108
3140,0.13993021845817566,0.13993021845817566,0.216182142496109,0.216182142496109,1.8113
3141,0.1399218589067459,0.1399218589067459,0.2161807119846344,0.2161807119846344,1.8118
3142,0.1399131566286087,0.1399131566286087,0.21618390083312988,0.21618390083312988,1.8132
3143,0.1399044692516327,0.1399044692516327,0.21619196236133575,0.21619196236133575,1.8138
3144,0.1398959904909134,0.1398959904909134,0.21620216965675354,0.21620216965675354,1.8143
3145,0.13988734781742096,0.13988734781742096,0.21620893478393555,0.21620893478393555,1.8149
3146,0.13987872004508972,0.13987872004508972,0.21621298789978027,0.21621298789978027,1.8154
3147,0.1398700624704361,0.1398700624704361,0.21622438728809357,0.21622438728809357,1.8159
3148,0.1398618519306183,0.1398618519306183,0.21624723076820374,0.21624723076820374,1.8164
3149,0.13985297083854675,0.13985297083854675,0.2162531316280365,0.2162531316280365,1.8169
3150,0.13984444737434387,0.13984444737434387,0.21624937653541565,0.21624937653541565,1.8175
3151,0.139835923910141,0.139835923910141,0.21624521911144257,0.21624521911144257,1.818
3152,0.13982738554477692,0.13982738554477692,0.2162451297044754,0.2162451297044754,1.8185
3153,0.13981881737709045,0.13981881737709045,0.21625523269176483,0.21625523269176483,1.819
3154,0.13981029391288757,0.13981029391288757,0.2162698209285736,0.2162698209285736,1.8195
3155,0.13980165123939514,0.13980165123939514,0.21628037095069885,0.21628037095069885,1.82
3156,0.13979314267635345,0.13979314267635345,0.21629075706005096,0.21629075706005096,1.8205
3157,0.13978463411331177,0.13978463411331177,0.21630723774433136,0.21630723774433136,1.8211
3158,0.13977603614330292,0.13977603614330292,0.2163083553314209,0.2163083553314209,1.8216
3159,0.13976755738258362,0.13976755738258362,0.21630516648292542,0.21630516648292542,1.8221
3160,0.1397591233253479,0.1397591233253479,0.21630187332630157,0.21630187332630157,1.8226
3161,0.13975059986114502,0.13975059986114502,0.21630723774433136,0.21630723774433136,1.8231
3162,0.13974204659461975,0.13974204659461975,0.21631889045238495,0.21631889045238495,1.8236
3163,0.13973355293273926,0.13973355293273926,0.21633024513721466,0.21633024513721466,1.8241
3164,0.139724999666214,0.139724999666214,0.21633704006671906,0.21633704006671906,1.8247
3165,0.1397164762020111,0.1397164762020111,0.21634621918201447,0.21634621918201447,1.8252
3166,0.13970789313316345,0.13970789313316345,0.21636362373828888,0.21636362373828888,1.8257
3167,0.13969942927360535,0.13969942927360535,0.21637816727161407,0.21637816727161407,1.8262
3168,0.13969090580940247,0.13969090580940247,0.21637296676635742,0.21637296676635742,1.8267
3169,0.1396825909614563,0.1396825909614563,0.21637162566184998,0.21637162566184998,1.8272
3170,0.1396741420030594,0.1396741420030594,0.21637430787086487,0.21637430787086487,1.8277
3171,0.1396656632423401,0.1396656632423401,0.21637949347496033,0.21637949347496033,1.8282
3172,0.13965721428394318,0.13965721428394318,0.21638639271259308,0.21638639271259308,1.8287
3173,0.1396487057209015,0.1396487057209015,0.21639160811901093,0.21639160811901093,1.8292
3174,0.13964024186134338,0.13964024186134338,0.21639549732208252,0.21639549732208252,1.8298
3175,0.1396317183971405,0.1396317183971405,0.2164061814546585,0.2164061814546585,1.8303
3176,0.13962320983409882,0.13962320983409882,0.216427281498909,0.216427281498909,1.8308
3177,0.13961483538150787,0.13961483538150787,0.21644708514213562,0.21644708514213562,1.8313
3178,0.1396062970161438,0.1396062970161438,0.21645435690879822,0.21645435690879822,1.8318
3179,0.13959786295890808,0.13959786295890808,0.21646027266979218,0.21646027266979218,1.8323
3180,0.13958944380283356,0.13958944380283356,0.21646985411643982,0.21646985411643982,1.8328
3181,0.13958097994327545,0.13958097994327545,0.21648602187633514,0.21648602187633514,1.8333
3182,0.1395726352930069,0.1395726352930069,0.2164827287197113,0.2164827287197113,1.8338
3183,0.1395643651485443,0.1395643651485443,0.21647438406944275,0.21647438406944275,1.8343
3184,0.13955602049827576,0.13955602049827576,0.21646861732006073,0.21646861732006073,1.8348
3185,0.13954755663871765,0.13954755663871765,0.21646985411643982,0.21646985411643982,1.8353
3186,0.13953913748264313,0.13953913748264313,0.21647462248802185,0.21647462248802185,1.8358
3187,0.1395307183265686,0.1395307183265686,0.21648144721984863,0.21648144721984863,1.8363
3188,0.13952228426933289,0.13952228426933289,0.21648931503295898,0.21648931503295898,1.8368
3189,0.13951386511325836,0.13951386511325836,0.21650230884552002,0.21650230884552002,1.8374
3190,0.13950544595718384,0.13950544595718384,0.2165190875530243,0.2165190875530243,1.8379
3191,0.13949701189994812,0.13949701189994812,0.21654021739959717,0.21654021739959717,1.8384
3192,0.1394885927438736,0.1394885927438736,0.21655729413032532,0.21655729413032532,1.8389
3193,0.13948020339012146,0.13948020339012146,0.2165641486644745,0.2165641486644745,1.8395
3194,0.1394718438386917,0.1394718438386917,0.21656961739063263,0.21656961739063263,1.84
3195,0.13946349918842316,0.13946349918842316,0.21658411622047424,0.21658411622047424,1.8405
3196,0.13945510983467102,0.13945510983467102,0.21659794449806213,0.21659794449806213,1.841
3197,0.13944675028324127,0.13944675028324127,0.21660339832305908,0.21660339832305908,1.8416
3198,0.13943836092948914,0.13943836092948914,0.21660499274730682,0.21660499274730682,1.8421
3199,0.1394300013780594,0.1394300013780594,0.21660761535167694,0.21660761535167694,1.8427
3200,0.13942167162895203,0.13942167162895203,0.21661099791526794,0.21661099791526794,1.8432
3201,0.13941331207752228,0.13941331207752228,0.21661677956581116,0.21661677956581116,1.8438
3202,0.13940498232841492,0.13940498232841492,0.21662747859954834,0.21662747859954834,1.8443
3203,0.13939662277698517,0.13939662277698517,0.21663860976696014,0.21663860976696014,1.8448
3204,0.1393882930278778,0.1393882930278778,0.21664531528949738,0.21664531528949738,1.8453
3205,0.13937996327877045,0.13937996327877045,0.21665310859680176,0.21665310859680176,1.8459
3206,0.1393716037273407,0.1393716037273407,0.21666812896728516,0.21666812896728516,1.8464
3207,0.1393633782863617,0.1393633782863617,0.21668362617492676,0.21668362617492676,1.8469
3208,0.13935504853725433,0.13935504853725433,0.2166902720928192,0.2166902720928192,1.8474
3209,0.13934673368930817,0.13934673368930817,0.21669426560401917,0.21669426560401917,1.848
3210,0.1393384039402008,0.1393384039402008,0.21670666337013245,0.21670666337013245,1.8485
3211,0.13933011889457703,0.13933011889457703,0.2167195826768875,0.2167195826768875,1.849
3212,0.13932189345359802,0.13932189345359802,0.21672911942005157,0.21672911942005157,1.8496
3213,0.13931360840797424,0.13931360840797424,0.21671409904956818,0.21671409904956818,1.8501
3214,0.1393054723739624,0.1393054723739624,0.21670646965503693,0.21670646965503693,1.8506
3215,0.13929729163646698,0.13929729163646698,0.21671168506145477,0.21671168506145477,1.8512
3216,0.1392890363931656,0.1392890363931656,0.21671371161937714,0.21671371161937714,1.8517
3217,0.1392807811498642,0.1392807811498642,0.21670889854431152,0.21670889854431152,1.8522
3218,0.13927249610424042,0.13927249610424042,0.21671195328235626,0.21671195328235626,1.8527
3219,0.1392640769481659,0.1392640769481659,0.21672916412353516,0.21672916412353516,1.8533
3220,0.13925588130950928,0.13925588130950928,0.21675224602222443,0.21675224602222443,1.8538
3221,0.13924762606620789,0.13924762606620789,0.21676650643348694,0.21676650643348694,1.8543
3222,0.1392393261194229,0.1392393261194229,0.21677446365356445,0.21677446365356445,1.8548
3223,0.13923116028308868,0.13923116028308868,0.21678543090820312,0.21678543090820312,1.8553
3224,0.1392228752374649,0.1392228752374649,0.21680264174938202,0.21680264174938202,1.8559
3225,0.13921472430229187,0.13921472430229187,0.2168155163526535,0.2168155163526535,1.8564
3226,0.1392064243555069,0.1392064243555069,0.21681661903858185,0.21681661903858185,1.8569
3227,0.13919822871685028,0.13919822871685028,0.21681757271289825,0.21681757271289825,1.8574
3228,0.13919001817703247,0.13919001817703247,0.21682949364185333,0.21682949364185333,1.858
3229,0.13918182253837585,0.13918182253837585,0.2168419361114502,0.2168419361114502,1.8585
3230,0.13917359709739685,0.13917359709739685,0.2168404757976532,0.2168404757976532,1.859
3231,0.13916540145874023,0.13916540145874023,0.21683374047279358,0.21683374047279358,1.8595
3232,0.13915717601776123,0.13915717601776123,0.21683843433856964,0.21683843433856964,1.8601
3233,0.1391490250825882,0.1391490250825882,0.21685504913330078,0.21685504913330078,1.8606
3234,0.13914081454277039,0.13914081454277039,0.216870978474617,0.216870978474617,1.8625
3235,0.13913264870643616,0.13913264870643616,0.21687451004981995,0.21687451004981995,1.8631
3236,0.13912446796894073,0.13912446796894073,0.21687154471874237,0.21687154471874237,1.8637
3237,0.1391162872314453,0.1391162872314453,0.2168796956539154,0.2168796956539154,1.8643
3238,0.13910813629627228,0.13910813629627228,0.2169017344713211,0.2169017344713211,1.8649
3239,0.13910000026226044,0.13910000026226044,0.21691842377185822,0.21691842377185822,1.8654
3240,0.13909178972244263,0.13909178972244263,0.21691837906837463,0.21691837906837463,1.8659
3241,0.13908368349075317,0.13908368349075317,0.21691779792308807,0.21691779792308807,1.8664
3242,0.13907556235790253,0.13907556235790253,0.2169308215379715,0.2169308215379715,1.8669
3243,0.1390674114227295,0.1390674114227295,0.21695151925086975,0.21695151925086975,1.8674
3244,0.13905927538871765,0.13905927538871765,0.21695689857006073,0.21695689857006073,1.8679
3245,0.139051154255867,0.139051154255867,0.21694937348365784,0.21694937348365784,1.8684
3246,0.13904304802417755,0.13904304802417755,0.21695172786712646,0.21695172786712646,1.8692
3247,0.13903488218784332,0.13903488218784332,0.2169686257839203,0.2169686257839203,1.8698
3248,0.13902680575847626,0.13902680575847626,0.21698221564292908,0.21698221564292908,1.8705
3249,0.1390186846256256,0.1390186846256256,0.21698465943336487,0.21698465943336487,1.8711
3250,0.13901057839393616,0.13901057839393616,0.21698808670043945,0.21698808670043945,1.8716
3251,0.13900251686573029,0.13900251686573029,0.21700017154216766,0.21700017154216766,1.8722
3252,0.1389944702386856,0.1389944702386856,0.21701335906982422,0.21701335906982422,1.8738
3253,0.13898637890815735,0.13898637890815735,0.21702155470848083,0.21702155470848083,1.8745
3254,0.1389782428741455,0.1389782428741455,0.2170265167951584,0.2170265167951584,1.875
3255,0.13897018134593964,0.13897018134593964,0.21703357994556427,0.21703357994556427,1.8755
3256,0.13896214962005615,0.13896214962005615,0.21704277396202087,0.21704277396202087,1.8761
3257,0.13895408809185028,0.13895408809185028,0.2170519381761551,0.2170519381761551,1.8766
3258,0.1389460265636444,0.1389460265636444,0.21705690026283264,0.21705690026283264,1.8771
3259,0.13893797993659973,0.13893797993659973,0.21705904603004456,0.21705904603004456,1.8776
3260,0.13892993330955505,0.13892993330955505,0.21706700325012207,0.21706700325012207,1.8781
3261,0.13892188668251038,0.13892188668251038,0.2170824557542801,0.2170824557542801,1.8786
3262,0.1389138251543045,0.1389138251543045,0.21709279716014862,0.21709279716014862,1.8792
3263,0.13890579342842102,0.13890579342842102,0.21709123253822327,0.21709123253822327,1.8797
3264,0.13889779150485992,0.13889779150485992,0.217091366648674,0.217091366648674,1.8807
3265,0.13888974487781525,0.13888974487781525,0.2171035259962082,0.2171035259962082,1.8812
3266,0.13888171315193176,0.13888171315193176,0.21711969375610352,0.21711969375610352,1.8817
3267,0.13887372612953186,0.13887372612953186,0.21712855994701385,0.21712855994701385,1.8823
3268,0.13886567950248718,0.13886567950248718,0.21712526679039001,0.21712526679039001,1.8828
3269,0.13885772228240967,0.13885772228240967,0.21712517738342285,0.21712517738342285,1.8833
3270,0.138849675655365,0.138849675655365,0.21713995933532715,0.21713995933532715,1.8838
3271,0.13884171843528748,0.13884171843528748,0.21715497970581055,0.21715497970581055,1.8844
3272,0.13883370161056519,0.13883370161056519,0.21716205775737762,0.21716205775737762,1.8849
3273,0.13882574439048767,0.13882574439048767,0.2171613723039627,0.2171613723039627,1.8854
3274,0.13881777226924896,0.13881777226924896,0.21716590225696564,0.21716590225696564,1.8862
3275,0.13880977034568787,0.13880977034568787,0.21718093752861023,0.21718093752861023,1.8934
3276,0.13880188763141632,0.13880188763141632,0.21719074249267578,0.21719074249267578,1.894
3277,0.13879385590553284,0.13879385590553284,0.21719107031822205,0.21719107031822205,1.8946
3278,0.13878598809242249,0.13878598809242249,0.2171923667192459,0.2171923667192459,1.8952
3279,0.1387779414653778,0.1387779414653778,0.21720457077026367,0.21720457077026367,1.8958
3280,0.13877001404762268,0.13877001404762268,0.21721577644348145,0.21721577644348145,1.8963
3281,0.13876208662986755,0.13876208662986755,0.21721825003623962,0.21721825003623962,1.8969
3282,0.13875412940979004,0.13875412940979004,0.21722054481506348,0.21722054481506348,1.8975
3283,0.1387462317943573,0.1387462317943573,0.21722956001758575,0.21722956001758575,1.8981
3284,0.13873833417892456,0.13873833417892456,0.21724066138267517,0.21724066138267517,1.8986
3285,0.13873040676116943,0.13873040676116943,0.2172495424747467,0.2172495424747467,1.8992
3286,0.1387225091457367,0.1387225091457367,0.21725516021251678,0.21725516021251678,1.8998
3287,0.13871458172798157,0.13871458172798157,0.21726009249687195,0.21726009249687195,1.9004
3288,0.13870666921138763,0.13870666921138763,0.2172662764787674,0.2172662764787674,1.9009
3289,0.13869883120059967,0.13869883120059967,0.21727533638477325,0.21727533638477325,1.9015
3290,0.13869091868400574,0.13869091868400574,0.21728059649467468,0.21728059649467468,1.9021
3291,0.13868305087089539,0.13868305087089539,0.21728470921516418,0.21728470921516418,1.9027
3292,0.13867512345314026,0.13867512345314026,0.21729417145252228,0.21729417145252228,1.9033
3293,0.1386672556400299,0.1386672556400299,0.21730458736419678,0.21730458736419678,1.9038
3294,0.13865940272808075,0.13865940272808075,0.21730807423591614,0.21730807423591614,1.9044
3295,0.1386515498161316,0.1386515498161316,0.21731030941009521,0.21731030941009521,1.9049
3296,0.13864365220069885,0.13864365220069885,0.21731868386268616,0.21731868386268616,1.9055
3297,0.13863582909107208,0.13863582909107208,0.21733088791370392,0.21733088791370392,1.906
3298,0.13862796127796173,0.13862796127796173,0.21733823418617249,0.21733823418617249,1.9066
3299,0.13862010836601257,0.13862010836601257,0.21733888983726501,0.21733888983726501,1.9071
3300,0.1386122703552246,0.1386122703552246,0.21734270453453064,0.21734270453453064,1.9076
3301,0.13860447704792023,0.13860447704792023,0.21735219657421112,0.21735219657421112,1.9082
3302,0.13859662413597107,0.13859662413597107,0.2173604965209961,0.2173604965209961,1.9087
3303,0.1385888010263443,0.1385888010263443,0.21736666560173035,0.21736666560173035,1.9092
3304,0.13858099281787872,0.13858099281787872,0.2173730880022049,0.2173730880022049,1.9098
3305,0.13857316970825195,0.13857316970825195,0.2173827886581421,0.2173827886581421,1.9103
3306,0.13856536149978638,0.13856536149978638,0.217388316988945,0.217388316988945,1.9108
3307,0.138557568192482,0.138557568192482,0.21739140152931213,0.21739140152931213,1.9113
3308,0.13854975998401642,0.13854975998401642,0.21739783883094788,0.21739783883094788,1.9119
3309,0.13854196667671204,0.13854196667671204,0.21740791201591492,0.21740791201591492,1.9124
3310,0.13853418827056885,0.13853418827056885,0.21741537749767303,0.21741537749767303,1.913
3311,0.13852639496326447,0.13852639496326447,0.21741929650306702,0.21741929650306702,1.9135
3312,0.13851861655712128,0.13851861655712128,0.21741919219493866,0.21741919219493866,1.9141
3313,0.13851085305213928,0.13851085305213928,0.2174237221479416,0.2174237221479416,1.9146
3314,0.1385030895471573,0.1385030895471573,0.2174375057220459,0.2174375057220459,1.9151
3315,0.1384953260421753,0.1384953260421753,0.21744787693023682,0.21744787693023682,1.9157
3316,0.13848760724067688,0.13848760724067688,0.2174505889415741,0.2174505889415741,1.9162
3317,0.1384798139333725,0.1384798139333725,0.2174546718597412,0.2174546718597412,1.9168
3318,0.13847211003303528,0.13847211003303528,0.2174610197544098,0.2174610197544098,1.9173
3319,0.13846436142921448,0.13846436142921448,0.21746914088726044,0.21746914088726044,1.9178
3320,0.13845661282539368,0.13845661282539368,0.21747660636901855,0.21747660636901855,1.9183
3321,0.13844887912273407,0.13844887912273407,0.2174825221300125,0.2174825221300125,1.9188
3322,0.13844117522239685,0.13844117522239685,0.21748781204223633,0.21748781204223633,1.9193
3323,0.13843344151973724,0.13843344151973724,0.21749278903007507,0.21749278903007507,1.9198
3324,0.13842573761940002,0.13842573761940002,0.21749958395957947,0.21749958395957947,1.9204
3325,0.138418048620224,0.138418048620224,0.21750345826148987,0.21750345826148987,1.9209
3326,0.1384103149175644,0.1384103149175644,0.2175079882144928,0.2175079882144928,1.9214
3327,0.13840262591838837,0.13840262591838837,0.21751868724822998,0.21751868724822998,1.9219
3328,0.13839493691921234,0.13839493691921234,0.21752698719501495,0.21752698719501495,1.9225
3329,0.1383872628211975,0.1383872628211975,0.2175302803516388,0.2175302803516388,1.923
3330,0.13837960362434387,0.13837960362434387,0.2175329178571701,0.2175329178571701,1.9235
3331,0.13837189972400665,0.13837189972400665,0.21753950417041779,0.21753950417041779,1.924
3332,0.13836422562599182,0.13836422562599182,0.21754828095436096,0.21754828095436096,1.9247
3333,0.13835662603378296,0.13835662603378296,0.21755442023277283,0.21755442023277283,1.9252
3334,0.13834892213344574,0.13834892213344574,0.217559814453125,0.217559814453125,1.9257
3335,0.1383412778377533,0.1383412778377533,0.2175629585981369,0.2175629585981369,1.9262
3336,0.13833364844322205,0.13833364844322205,0.21756799519062042,0.21756799519062042,1.9268
3337,0.13832597434520721,0.13832597434520721,0.2175782471895218,0.2175782471895218,1.9273
3338,0.13831835985183716,0.13831835985183716,0.21758532524108887,0.21758532524108887,1.9278
3339,0.1383107304573059,0.1383107304573059,0.21758928894996643,0.21758928894996643,1.9283
3340,0.13830311596393585,0.13830311596393585,0.2175949513912201,0.2175949513912201,1.9288
3341,0.1382955014705658,0.1382955014705658,0.21760348975658417,0.21760348975658417,1.9293
3342,0.13828787207603455,0.13828787207603455,0.2176104038953781,0.2176104038953781,1.9298
3343,0.13828028738498688,0.13828028738498688,0.2176135778427124,0.2176135778427124,1.9303
3344,0.13827267289161682,0.13827267289161682,0.2176162749528885,0.2176162749528885,1.9308
3345,0.13826505839824677,0.13826505839824677,0.21762481331825256,0.21762481331825256,1.9313
3346,0.1382574737071991,0.1382574737071991,0.2176319658756256,0.2176319658756256,1.9318
3347,0.13824988901615143,0.13824988901615143,0.2176360785961151,0.2176360785961151,1.9324
3348,0.13824231922626495,0.13824231922626495,0.2176402062177658,0.2176402062177658,1.9329
3349,0.13823474943637848,0.13823474943637848,0.21764686703681946,0.21764686703681946,1.9334
3350,0.1382271945476532,0.1382271945476532,0.2176564633846283,0.2176564633846283,1.9339
3351,0.1382196545600891,0.1382196545600891,0.2176610678434372,0.2176610678434372,1.9344
3352,0.13821209967136383,0.13821209967136383,0.21766403317451477,0.21766403317451477,1.9349
3353,0.13820452988147736,0.13820452988147736,0.21767112612724304,0.21767112612724304,1.9354
3354,0.13819697499275208,0.13819697499275208,0.2176806479692459,0.2176806479692459,1.9359
3355,0.13818944990634918,0.13818944990634918,0.2176862210035324,0.2176862210035324,1.9364
3356,0.1381819099187851,0.1381819099187851,0.21768741309642792,0.21768741309642792,1.9369
3357,0.1381743848323822,0.1381743848323822,0.21769046783447266,0.21769046783447266,1.9374
3358,0.13816682994365692,0.13816682994365692,0.21769869327545166,0.21769869327545166,1.9379
3359,0.13815931975841522,0.13815931975841522,0.21770977973937988,0.21770977973937988,1.9384
3360,0.13815180957317352,0.13815180957317352,0.21771354973316193,0.21771354973316193,1.939
3361,0.1381443291902542,0.1381443291902542,0.2177143096923828,0.2177143096923828,1.9395
3362,0.1381368190050125,0.1381368190050125,0.21772010624408722,0.21772010624408722,1.94
3363,0.138129323720932,0.138129323720932,0.217729851603508,0.217729851603508,1.9405
3364,0.1381218135356903,0.1381218135356903,0.21773633360862732,0.21773633360862732,1.941
3365,0.1381143480539322,0.1381143480539322,0.2177383005619049,0.2177383005619049,1.9415
3366,0.13810688257217407,0.13810688257217407,0.21774180233478546,0.21774180233478546,1.942
3367,0.13809941709041595,0.13809941709041595,0.21775221824645996,0.21775221824645996,1.9425
3368,0.13809195160865784,0.13809195160865784,0.21775956451892853,0.21775956451892853,1.943
3369,0.13808447122573853,0.13808447122573853,0.21776199340820312,0.21776199340820312,1.9435
3370,0.1380770057439804,0.1380770057439804,0.21776556968688965,0.21776556968688965,1.944
3371,0.13806958496570587,0.13806958496570587,0.21777403354644775,0.21777403354644775,1.9445
3372,0.13806213438510895,0.13806213438510895,0.2177828550338745,0.2177828550338745,1.945
3373,0.13805469870567322,0.13805469870567322,0.21778717637062073,0.21778717637062073,1.9455
3374,0.1380472481250763,0.1380472481250763,0.21778936684131622,0.21778936684131622,1.9461
3375,0.13803981244564056,0.13803981244564056,0.21779493987560272,0.21779493987560272,1.9466
3376,0.13803240656852722,0.13803240656852722,0.217802956700325,0.217802956700325,1.9471
3377,0.13802498579025269,0.13802498579025269,0.217808336019516,0.217808336019516,1.9476
3378,0.13801757991313934,0.13801757991313934,0.21781034767627716,0.21781034767627716,1.9481
3379,0.138010174036026,0.138010174036026,0.21781611442565918,0.21781611442565918,1.9486
3380,0.13800278306007385,0.13800278306007385,0.2178230583667755,0.2178230583667755,1.9491
3381,0.1379953920841217,0.1379953920841217,0.21783003211021423,0.21783003211021423,1.9496
3382,0.13798797130584717,0.13798797130584717,0.21783626079559326,0.21783626079559326,1.9501
3383,0.1379806250333786,0.1379806250333786,0.21784178912639618,0.21784178912639618,1.9506
3384,0.13797323405742645,0.13797323405742645,0.21784687042236328,0.21784687042236328,1.9511
3385,0.13796588778495789,0.13796588778495789,0.21785184741020203,0.21785184741020203,1.9516
3386,0.13795851171016693,0.13795851171016693,0.21785736083984375,0.21785736083984375,1.9521
3387,0.13795113563537598,0.13795113563537598,0.2178635597229004,0.2178635597229004,1.9526
3388,0.137943834066391,0.137943834066391,0.21786990761756897,0.21786990761756897,1.9531
3389,0.13793644309043884,0.13793644309043884,0.21787507832050323,0.21787507832050323,1.9537
3390,0.13792912662029266,0.13792912662029266,0.2178792506456375,0.2178792506456375,1.9542
3391,0.1379217803478241,0.1379217803478241,0.2178834229707718,0.2178834229707718,1.9547
3392,0.13791444897651672,0.13791444897651672,0.2178887575864792,0.2178887575864792,1.9552
3393,0.13790713250637054,0.13790713250637054,0.21789494156837463,0.21789494156837463,1.9557
3394,0.13789984583854675,0.13789984583854675,0.21790070831775665,0.21790070831775665,1.9562
3395,0.13789251446723938,0.13789251446723938,0.21790537238121033,0.21790537238121033,1.9567
3396,0.1378852128982544,0.1378852128982544,0.21790942549705505,0.21790942549705505,1.9572
3397,0.1378779113292694,0.1378779113292694,0.21791386604309082,0.21791386604309082,1.9577
3398,0.13787060976028442,0.13787060976028442,0.2179190218448639,0.2179190218448639,1.9582
3399,0.13786330819129944,0.13786330819129944,0.2179272472858429,0.2179272472858429,1.9588
3400,0.13785605132579803,0.13785605132579803,0.2179330289363861,0.2179330289363861,1.9593
3401,0.13784877955913544,0.13784877955913544,0.21793822944164276,0.21793822944164276,1.9598
3402,0.13784150779247284,0.13784150779247284,0.21794548630714417,0.21794548630714417,1.9608
3403,0.13783425092697144,0.13783425092697144,0.21795329451560974,0.21795329451560974,1.9613
3404,0.13782699406147003,0.13782699406147003,0.21795877814292908,0.21795877814292908,1.9618
3405,0.13781975209712982,0.13781975209712982,0.2179630547761917,0.2179630547761917,1.9623
3406,0.13781248033046722,0.13781248033046722,0.21796908974647522,0.21796908974647522,1.9628
3407,0.1378052681684494,0.1378052681684494,0.21797700226306915,0.21797700226306915,1.9633
3408,0.1377979964017868,0.1377979964017868,0.21798352897167206,0.21798352897167206,1.9638
3409,0.13779079914093018,0.13779079914093018,0.21798738837242126,0.21798738837242126,1.9643
3410,0.13778357207775116,0.13778357207775116,0.21799111366271973,0.21799111366271973,1.9649
3411,0.13777634501457214,0.13777634501457214,0.2179969996213913,0.2179969996213913,1.9654
3412,0.13776913285255432,0.13776913285255432,0.21800383925437927,0.21800383925437927,1.966
3413,0.1377619504928589,0.1377619504928589,0.218009352684021,0.218009352684021,1.9665
3414,0.13775473833084106,0.13775473833084106,0.21801364421844482,0.21801364421844482,1.967
3415,0.13774752616882324,0.13774752616882324,0.21801848709583282,0.21801848709583282,1.9675
3416,0.1377403438091278,0.1377403438091278,0.21802420914173126,0.21802420914173126,1.968
3417,0.13773319125175476,0.13773319125175476,0.21802958846092224,0.21802958846092224,1.9685
3418,0.13772599399089813,0.13772599399089813,0.2180343121290207,0.2180343121290207,1.969
3419,0.13771884143352509,0.13771884143352509,0.21803970634937286,0.21803970634937286,1.9695
3420,0.13771167397499084,0.13771167397499084,0.21804599463939667,0.21804599463939667,1.97
3421,0.137704536318779,0.137704536318779,0.2180519998073578,0.2180519998073578,1.9706
3422,0.13769733905792236,0.13769733905792236,0.21805676817893982,0.21805676817893982,1.9711
3423,0.1376902312040329,0.1376902312040329,0.21806153655052185,0.21806153655052185,1.9716
3424,0.13768310844898224,0.13768310844898224,0.21806731820106506,0.21806731820106506,1.9721
3425,0.13767597079277039,0.13767597079277039,0.21807363629341125,0.21807363629341125,1.9726
3426,0.13766883313655853,0.13766883313655853,0.21807920932769775,0.21807920932769775,1.9731
3427,0.13766172528266907,0.13766172528266907,0.21808414161205292,0.21808414161205292,1.9736
3428,0.1376546174287796,0.1376546174287796,0.21808937191963196,0.21808937191963196,1.9746
3429,0.13764749467372894,0.13764749467372894,0.21809527277946472,0.21809527277946472,1.9751
3430,0.13764038681983948,0.13764038681983948,0.2181011438369751,0.2181011438369751,1.9756
3431,0.1376333236694336,0.1376333236694336,0.21810641884803772,0.21810641884803772,1.9761
3432,0.13762620091438293,0.13762620091438293,0.21811166405677795,0.21811166405677795,1.9767
3433,0.13761912286281586,0.13761912286281586,0.2181173861026764,0.2181173861026764,1.9772
3434,0.1376120150089264,0.1376120150089264,0.21812328696250916,0.21812328696250916,1.9777
3435,0.1376049816608429,0.1376049816608429,0.21812883019447327,0.21812883019447327,1.9782
3436,0.13759790360927582,0.13759790360927582,0.21813419461250305,0.21813419461250305,1.9787
3437,0.13759085536003113,0.13759085536003113,0.21813997626304626,0.21813997626304626,1.9792
3438,0.13758377730846405,0.13758377730846405,0.2181459218263626,0.2181459218263626,1.9797
3439,0.13757672905921936,0.13757672905921936,0.21815156936645508,0.21815156936645508,1.9802
3440,0.13756972551345825,0.13756972551345825,0.21815696358680725,0.21815696358680725,1.9807
3441,0.13756267726421356,0.13756267726421356,0.21816256642341614,0.21816256642341614,1.9812
3442,0.13755564391613007,0.13755564391613007,0.2181684970855713,0.2181684970855713,1.9817
3443,0.13754862546920776,0.13754862546920776,0.2181743085384369,0.2181743085384369,1.9822
3444,0.13754160702228546,0.13754160702228546,0.21817977726459503,0.21817977726459503,1.9827
3445,0.13753458857536316,0.13753458857536316,0.21818523108959198,0.21818523108959198,1.9832
3446,0.13752761483192444,0.13752761483192444,0.2181910276412964,0.2181910276412964,1.9838
3447,0.13752061128616333,0.13752061128616333,0.2181970179080963,0.2181970179080963,1.9843
3448,0.13751360774040222,0.13751360774040222,0.21820282936096191,0.21820282936096191,1.9848
3449,0.1375066041946411,0.1375066041946411,0.2182084023952484,0.2182084023952484,1.9853
3450,0.13749967515468597,0.13749967515468597,0.21821418404579163,0.21821418404579163,1.9858
3451,0.13749268651008606,0.13749268651008606,0.2182200402021408,0.2182200402021408,1.9863
3452,0.13748572766780853,0.13748572766780853,0.21822583675384521,0.21822583675384521,1.9868
3453,0.13747873902320862,0.13747873902320862,0.2182314693927765,0.2182314693927765,1.9873
3454,0.13747179508209229,0.13747179508209229,0.21823731064796448,0.21823731064796448,1.9878
3455,0.13746485114097595,0.13746485114097595,0.21824321150779724,0.21824321150779724,1.9883
3456,0.13745789229869843,0.13745789229869843,0.21824905276298523,0.21824905276298523,1.9888
3457,0.13745097815990448,0.13745097815990448,0.21825475990772247,0.21825475990772247,1.9893
3458,0.13744407892227173,0.13744407892227173,0.21826043725013733,0.21826043725013733,1.9898
3459,0.1374371498823166,0.1374371498823166,0.2182662934064865,0.2182662934064865,1.9903
3460,0.13743022084236145,0.13743022084236145,0.21827217936515808,0.21827217936515808,1.9908
3461,0.1374233067035675,0.1374233067035675,0.2182779759168625,0.2182779759168625,1.9913
3462,0.13741640746593475,0.13741640746593475,0.21828368306159973,0.21828368306159973,1.9918
3463,0.13740947842597961,0.13740947842597961,0.21828944981098175,0.21828944981098175,1.9924
3464,0.13740262389183044,0.13740262389183044,0.21829542517662048,0.21829542517662048,1.9929
3465,0.1373957246541977,0.1373957246541977,0.21830125153064728,0.21830125153064728,1.9934
3466,0.13738882541656494,0.13738882541656494,0.2183070182800293,0.2183070182800293,1.9939
3467,0.13738197088241577,0.13738197088241577,0.2183128297328949,0.2183128297328949,1.9944
3468,0.1373751163482666,0.1373751163482666,0.21831870079040527,0.21831870079040527,1.9949
3469,0.13736824691295624,0.13736824691295624,0.21832457184791565,0.21832457184791565,1.9954
3470,0.13736139237880707,0.13736139237880707,0.21833035349845886,0.21833035349845886,1.9959
3471,0.13735458254814148,0.13735458254814148,0.21833617985248566,0.21833617985248566,1.9964
3472,0.1373477280139923,0.1373477280139923,0.21834197640419006,0.21834197640419006,1.9969
3473,0.13734088838100433,0.13734088838100433,0.21834787726402283,0.21834787726402283,1.9974
3474,0.13733406364917755,0.13733406364917755,0.21835365891456604,0.21835365891456604,1.9979
3475,0.13732723891735077,0.13732723891735077,0.21835942566394806,0.21835942566394806,1.9985
3476,0.13732042908668518,0.13732042908668518,0.21836523711681366,0.21836523711681366,1.999
3477,0.1373136341571808,0.1373136341571808,0.21837115287780762,0.21837115287780762,1.9995
3478,0.1373068392276764,0.1373068392276764,0.21837696433067322,0.21837696433067322,2.0
3479,0.137300044298172,0.137300044298172,0.2183827906847,0.2183827906847,2.0005
3480,0.1372932493686676,0.1372932493686676,0.2183886468410492,0.2183886468410492,2.001
3481,0.1372864544391632,0.1372864544391632,0.21839451789855957,0.21839451789855957,2.0015
3482,0.1372796893119812,0.1372796893119812,0.21840035915374756,0.21840035915374756,2.002
3483,0.1372729390859604,0.1372729390859604,0.21840624511241913,0.21840624511241913,2.0026
3484,0.13726617395877838,0.13726617395877838,0.21841208636760712,0.21841208636760712,2.0031
3485,0.13725939393043518,0.13725939393043518,0.2184179723262787,0.2184179723262787,2.0036
3486,0.13725265860557556,0.13725265860557556,0.21842381358146667,0.21842381358146667,2.0041
3487,0.13724590837955475,0.13724590837955475,0.21842971444129944,0.21842971444129944,2.0046
3488,0.13723917305469513,0.13723917305469513,0.21843557059764862,0.21843557059764862,2.0051
3489,0.1372324675321579,0.1372324675321579,0.21844148635864258,0.21844148635864258,2.0057
3490,0.13722574710845947,0.13722574710845947,0.21844735741615295,0.21844735741615295,2.0062
3491,0.13721898198127747,0.13721898198127747,0.21845321357250214,0.21845321357250214,2.0067
3492,0.13721230626106262,0.13721230626106262,0.21845917403697968,0.21845917403697968,2.0072
3493,0.1372055858373642,0.1372055858373642,0.21846505999565125,0.21846505999565125,2.0077
3494,0.13719888031482697,0.13719888031482697,0.218470960855484,0.218470960855484,2.0082
3495,0.13719221949577332,0.13719221949577332,0.21847693622112274,0.21847693622112274,2.0087
3496,0.13718552887439728,0.13718552887439728,0.2184828221797943,0.2184828221797943,2.0093
3497,0.13717885315418243,0.13717885315418243,0.2184886932373047,0.2184886932373047,2.0098
3498,0.13717219233512878,0.13717219233512878,0.21849465370178223,0.21849465370178223,2.0103
3499,0.13716551661491394,0.13716551661491394,0.21850061416625977,0.21850061416625977,2.0108
3500,0.1371588408946991,0.1371588408946991,0.2185065746307373,0.2185065746307373,2.0113
3501,0.13715220987796783,0.13715220987796783,0.21851244568824768,0.21851244568824768,2.0118
3502,0.13714557886123657,0.13714557886123657,0.21851849555969238,0.21851849555969238,2.0123
3503,0.13713891804218292,0.13713891804218292,0.21852445602416992,0.21852445602416992,2.0128
3504,0.13713228702545166,0.13713228702545166,0.21853038668632507,0.21853038668632507,2.0133
3505,0.1371256560087204,0.1371256560087204,0.21853633224964142,0.21853633224964142,2.0138
3506,0.1371190845966339,0.1371190845966339,0.21854238212108612,0.21854238212108612,2.0143
3507,0.13711245357990265,0.13711245357990265,0.21854834258556366,0.21854834258556366,2.0149
3508,0.13710583746433258,0.13710583746433258,0.21855440735816956,0.21855440735816956,2.0154
3509,0.1370992511510849,0.1370992511510849,0.21856041252613068,0.21856041252613068,2.0159
3510,0.13709266483783722,0.13709266483783722,0.21856637299060822,0.21856637299060822,2.0164
3511,0.13708606362342834,0.13708606362342834,0.2185724526643753,0.2185724526643753,2.0169
3512,0.13707949221134186,0.13707949221134186,0.2185784876346588,0.2185784876346588,2.0174
3513,0.13707292079925537,0.13707292079925537,0.21858446300029755,0.21858446300029755,2.0179
3514,0.13706637918949127,0.13706637918949127,0.21859054267406464,0.21859054267406464,2.0184
3515,0.1370597928762436,0.1370597928762436,0.21859660744667053,0.21859660744667053,2.0189
3516,0.1370532214641571,0.1370532214641571,0.21860270202159882,0.21860270202159882,2.0194
3517,0.1370467096567154,0.1370467096567154,0.2186087667942047,0.2186087667942047,2.0199
3518,0.1370401829481125,0.1370401829481125,0.21861489117145538,0.21861489117145538,2.0204
3519,0.13703365623950958,0.13703365623950958,0.21862097084522247,0.21862097084522247,2.0209
3520,0.13702711462974548,0.13702711462974548,0.21862706542015076,0.21862706542015076,2.0214
3521,0.13702061772346497,0.13702061772346497,0.21863313019275665,0.21863313019275665,2.0219
3522,0.13701406121253967,0.13701406121253967,0.21863918006420135,0.21863918006420135,2.0225
3523,0.13700759410858154,0.13700759410858154,0.218645378947258,0.218645378947258,2.023
3524,0.13700108230113983,0.13700108230113983,0.21865156292915344,0.21865156292915344,2.0235
3525,0.1369946002960205,0.1369946002960205,0.21865764260292053,0.21865764260292053,2.024
3526,0.13698813319206238,0.13698813319206238,0.2186637669801712,0.2186637669801712,2.0245
3527,0.13698163628578186,0.13698163628578186,0.21866993606090546,0.21866993606090546,2.025
3528,0.1369752138853073,0.1369752138853073,0.21867617964744568,0.21867617964744568,2.0255
3529,0.1369687169790268,0.1369687169790268,0.21868233382701874,0.21868233382701874,2.026
3530,0.13696226477622986,0.13696226477622986,0.21868853271007538,0.21868853271007538,2.0265
3531,0.13695582747459412,0.13695582747459412,0.21869468688964844,0.21869468688964844,2.027
3532,0.136949360370636,0.136949360370636,0.21870088577270508,0.21870088577270508,2.0275
3533,0.13694293797016144,0.13694293797016144,0.2187071144580841,0.2187071144580841,2.028
3534,0.13693653047084808,0.13693653047084808,0.21871332824230194,0.21871332824230194,2.0286
3535,0.13693012297153473,0.13693012297153473,0.21871957182884216,0.21871957182884216,2.0291
3536,0.1369236558675766,0.1369236558675766,0.21872583031654358,0.21872583031654358,2.0296
3537,0.1369173228740692,0.1369173228740692,0.2187320739030838,0.2187320739030838,2.0301
3538,0.13691088557243347,0.13691088557243347,0.2187383621931076,0.2187383621931076,2.0306
3539,0.1369044929742813,0.1369044929742813,0.21874460577964783,0.21874460577964783,2.0311
3540,0.13689808547496796,0.13689808547496796,0.21875090897083282,0.21875090897083282,2.0316
3541,0.1368916928768158,0.1368916928768158,0.21875715255737305,0.21875715255737305,2.0321
3542,0.1368853747844696,0.1368853747844696,0.21876351535320282,0.21876351535320282,2.0327
3543,0.13687899708747864,0.13687899708747864,0.21876981854438782,0.21876981854438782,2.0332
3544,0.13687261939048767,0.13687261939048767,0.218776136636734,0.218776136636734,2.0337
3545,0.13686630129814148,0.13686630129814148,0.21878251433372498,0.21878251433372498,2.0342
3546,0.1368599385023117,0.1368599385023117,0.21878886222839355,0.21878886222839355,2.0347
3547,0.13685360550880432,0.13685360550880432,0.21879521012306213,0.21879521012306213,2.036
3548,0.13684722781181335,0.13684722781181335,0.2188015729188919,0.2188015729188919,2.0365
3549,0.13684092462062836,0.13684092462062836,0.21880798041820526,0.21880798041820526,2.037
3550,0.13683462142944336,0.13683462142944336,0.21881437301635742,0.21881437301635742,2.0377
3551,0.13682828843593597,0.13682828843593597,0.218820720911026,0.218820720911026,2.0382
3552,0.13682201504707336,0.13682201504707336,0.2188272476196289,0.2188272476196289,2.0387
3553,0.13681569695472717,0.13681569695472717,0.21883365511894226,0.21883365511894226,2.0392
3554,0.13680942356586456,0.13680942356586456,0.21884003281593323,0.21884003281593323,2.0397
3555,0.13680310547351837,0.13680310547351837,0.2188464105129242,0.2188464105129242,2.0402
3556,0.13679686188697815,0.13679686188697815,0.2188529670238495,0.2188529670238495,2.0408
3557,0.13679063320159912,0.13679063320159912,0.21885952353477478,0.21885952353477478,2.0413
3558,0.13678431510925293,0.13678431510925293,0.21886594593524933,0.21886594593524933,2.0418
3559,0.1367780864238739,0.1367780864238739,0.21887242794036865,0.21887242794036865,2.0423
3560,0.13677182793617249,0.13677182793617249,0.21887893974781036,0.21887893974781036,2.0428
3561,0.13676558434963226,0.13676558434963226,0.21888551115989685,0.21888551115989685,2.0433
3562,0.13675937056541443,0.13675937056541443,0.21889202296733856,0.21889202296733856,2.0438
3563,0.1367531269788742,0.1367531269788742,0.21889856457710266,0.21889856457710266,2.0443
3564,0.13674689829349518,0.13674689829349518,0.21890509128570557,0.21890509128570557,2.0448
3565,0.13674069941043854,0.13674069941043854,0.21891169250011444,0.21891169250011444,2.0453
3566,0.1367345154285431,0.1367345154285431,0.2189183235168457,0.2189183235168457,2.0458
3567,0.13672831654548645,0.13672831654548645,0.21892495453357697,0.21892495453357697,2.0463
3568,0.13672210276126862,0.13672210276126862,0.21893148124217987,0.21893148124217987,2.0469
3569,0.13671591877937317,0.13671591877937317,0.21893815696239471,0.21893815696239471,2.0474
3570,0.1367097645998001,0.1367097645998001,0.21894478797912598,0.21894478797912598,2.0479
3571,0.13670358061790466,0.13670358061790466,0.21895143389701843,0.21895143389701843,2.0484
3572,0.1366974264383316,0.1366974264383316,0.21895809471607208,0.21895809471607208,2.0489
3573,0.13669128715991974,0.13669128715991974,0.2189648449420929,0.2189648449420929,2.0494
3574,0.1366851031780243,0.1366851031780243,0.21897153556346893,0.21897153556346893,2.0499
3575,0.13667896389961243,0.13667896389961243,0.21897821128368378,0.21897821128368378,2.0504
3576,0.13667283952236176,0.13667283952236176,0.21898488700389862,0.21898488700389862,2.0509
3577,0.13666674494743347,0.13666674494743347,0.2189917117357254,0.2189917117357254,2.0514
3578,0.1366606056690216,0.1366606056690216,0.218998521566391,0.218998521566391,2.0519
3579,0.13665451109409332,0.13665451109409332,0.2190052568912506,0.2190052568912506,2.0524
3580,0.13664838671684265,0.13664838671684265,0.21901197731494904,0.21901197731494904,2.053
3581,0.13664227724075317,0.13664227724075317,0.2190188467502594,0.2190188467502594,2.0535
3582,0.1366361826658249,0.1366361826658249,0.219025656580925,0.219025656580925,2.054
3583,0.1366301029920578,0.1366301029920578,0.21903245151042938,0.21903245151042938,2.0545
3584,0.1366240531206131,0.1366240531206131,0.21903929114341736,0.21903929114341736,2.055
3585,0.136617973446846,0.136617973446846,0.21904611587524414,0.21904611587524414,2.0555
3586,0.13661186397075653,0.13661186397075653,0.2190506011247635,0.2190506011247635,2.056
3587,0.13660584390163422,0.13660584390163422,0.21905462443828583,0.21905462443828583,2.0565
3588,0.1365998089313507,0.1365998089313507,0.21905863285064697,0.21905863285064697,2.057
3589,0.136593759059906,0.136593759059906,0.2190626561641693,0.2190626561641693,2.0575
3590,0.13658775389194489,0.13658775389194489,0.21906685829162598,0.21906685829162598,2.058
3591,0.13658170402050018,0.13658170402050018,0.21907100081443787,0.21907100081443787,2.0585
3592,0.13657566905021667,0.13657566905021667,0.21907511353492737,0.21907511353492737,2.059
3593,0.13656969368457794,0.13656969368457794,0.21907921135425568,0.21907921135425568,2.0595
3594,0.13656364381313324,0.13656364381313324,0.21908338367938995,0.21908338367938995,2.0601
3595,0.1365576535463333,0.1365576535463333,0.2190876007080078,0.2190876007080078,2.0606
3596,0.13655170798301697,0.13655170798301697,0.21909180283546448,0.21909180283546448,2.0611
3597,0.13654568791389465,0.13654568791389465,0.21909601986408234,0.21909601986408234,2.0616
3598,0.13653972744941711,0.13653972744941711,0.2191002368927002,0.2191002368927002,2.0621
3599,0.13653376698493958,0.13653376698493958,0.2191045731306076,0.2191045731306076,2.0626
3600,0.13652779161930084,0.13652779161930084,0.21910884976387024,0.21910884976387024,2.0631
3601,0.1365218162536621,0.1365218162536621,0.21911311149597168,0.21911311149597168,2.0636
3602,0.13651587069034576,0.13651587069034576,0.2191174328327179,0.2191174328327179,2.0641
3603,0.1365099400281906,0.1365099400281906,0.2191217839717865,0.2191217839717865,2.0646
3604,0.13650402426719666,0.13650402426719666,0.21912619471549988,0.21912619471549988,2.0651
3605,0.13649806380271912,0.13649806380271912,0.2191305160522461,0.2191305160522461,2.0656
3606,0.13649217784404755,0.13649217784404755,0.21913500130176544,0.21913500130176544,2.0661
3607,0.1364862471818924,0.1364862471818924,0.21913942694664001,0.21913942694664001,2.0666
3608,0.13648031651973724,0.13648031651973724,0.2191438376903534,0.2191438376903534,2.0671
3609,0.13647444546222687,0.13647444546222687,0.21914830803871155,0.21914830803871155,2.0677
3610,0.1364685595035553,0.1364685595035553,0.21915285289287567,0.21915285289287567,2.0682
3611,0.13646265864372253,0.13646265864372253,0.21915733814239502,0.21915733814239502,2.0687
3612,0.13645681738853455,0.13645681738853455,0.21916189789772034,0.21916189789772034,2.0692
3613,0.13645091652870178,0.13645091652870178,0.21916644275188446,0.21916644275188446,2.0697
3614,0.1364450752735138,0.1364450752735138,0.21917104721069336,0.21917104721069336,2.0702
3615,0.1364392191171646,0.1364392191171646,0.2191755771636963,0.2191755771636963,2.0707
3616,0.13643339276313782,0.13643339276313782,0.21918027102947235,0.21918027102947235,2.0712
3617,0.13642755150794983,0.13642755150794983,0.2191849946975708,0.2191849946975708,2.0717
3618,0.13642171025276184,0.13642171025276184,0.21918964385986328,0.21918964385986328,2.0722
3619,0.13641588389873505,0.13641588389873505,0.21919429302215576,0.21919429302215576,2.0728
3620,0.13641005754470825,0.13641005754470825,0.21919894218444824,0.21919894218444824,2.0733
3621,0.13640424609184265,0.13640424609184265,0.21920371055603027,0.21920371055603027,2.0738
3622,0.13639846444129944,0.13639846444129944,0.2192085087299347,0.2192085087299347,2.0743
3623,0.13639266788959503,0.13639266788959503,0.21921320259571075,0.21921320259571075,2.0748
3624,0.136386901140213,0.136386901140213,0.21921801567077637,0.21921801567077637,2.0753
3625,0.1363810896873474,0.1363810896873474,0.21922287344932556,0.21922287344932556,2.0762
3626,0.1363753229379654,0.1363753229379654,0.21922774612903595,0.21922774612903595,2.0767
3627,0.13636955618858337,0.13636955618858337,0.21923251450061798,0.21923251450061798,2.0774
3628,0.13636378943920135,0.13636378943920135,0.21923737227916718,0.21923737227916718,2.0779
3629,0.13635802268981934,0.13635802268981934,0.21924236416816711,0.21924236416816711,2.0785
3630,0.1363522857427597,0.1363522857427597,0.21924731135368347,0.21924731135368347,2.079
3631,0.13634654879570007,0.13634654879570007,0.21925219893455505,0.21925219893455505,2.0795
3632,0.13634082674980164,0.13634082674980164,0.21925711631774902,0.21925711631774902,2.08
3633,0.1363351047039032,0.1363351047039032,0.2192622721195221,0.2192622721195221,2.0805
3634,0.13632938265800476,0.13632938265800476,0.21926721930503845,0.21926721930503845,2.081
3635,0.1363236904144287,0.1363236904144287,0.21927222609519958,0.21927222609519958,2.0815
3636,0.13631799817085266,0.13631799817085266,0.2192773073911667,0.2192773073911667,2.082
3637,0.13631227612495422,0.13631227612495422,0.21928243339061737,0.21928243339061737,2.0825
3638,0.13630661368370056,0.13630661368370056,0.21928603947162628,0.21928603947162628,2.083
3639,0.1363009512424469,0.1363009512424469,0.21928739547729492,0.21928739547729492,2.0836
3640,0.13629527390003204,0.13629527390003204,0.21928878128528595,0.21928878128528595,2.0841
3641,0.1362895965576172,0.1362895965576172,0.21929021179676056,0.21929021179676056,2.0846
3642,0.13628394901752472,0.13628394901752472,0.21929171681404114,0.21929171681404114,2.0851
3643,0.13627830147743225,0.13627830147743225,0.21929307281970978,0.21929307281970978,2.0856
3644,0.13627268373966217,0.13627268373966217,0.21929459273815155,0.21929459273815155,2.0861
3645,0.13626700639724731,0.13626700639724731,0.21929612755775452,0.21929612755775452,2.0866
3646,0.13626141846179962,0.13626141846179962,0.21929773688316345,0.21929773688316345,2.0871
3647,0.13625578582286835,0.13625578582286835,0.21929919719696045,0.21929919719696045,2.0876
3648,0.13625016808509827,0.13625016808509827,0.2193007469177246,0.2193007469177246,2.0881
3649,0.13624456524848938,0.13624456524848938,0.21930241584777832,0.21930241584777832,2.0886
3650,0.1362389624118805,0.1362389624118805,0.21930404007434845,0.21930404007434845,2.0891
3651,0.1362333744764328,0.1362333744764328,0.21930567920207977,0.21930567920207977,2.0896
3652,0.1362277716398239,0.1362277716398239,0.2193073034286499,0.2193073034286499,2.0901
3653,0.13622218370437622,0.13622218370437622,0.219309002161026,0.219309002161026,2.0906
3654,0.1362166553735733,0.1362166553735733,0.21931079030036926,0.21931079030036926,2.0911
3655,0.1362111121416092,0.1362111121416092,0.21931257843971252,0.21931257843971252,2.0917
3656,0.1362055242061615,0.1362055242061615,0.21931429207324982,0.21931429207324982,2.0922
3657,0.13619999587535858,0.13619999587535858,0.21931609511375427,0.21931609511375427,2.0927
3658,0.13619445264339447,0.13619445264339447,0.21931791305541992,0.21931791305541992,2.0932
3659,0.13618893921375275,0.13618893921375275,0.21931985020637512,0.21931985020637512,2.0937
3660,0.13618336617946625,0.13618336617946625,0.21932163834571838,0.21932163834571838,2.0942
3661,0.1361778974533081,0.1361778974533081,0.2193235158920288,0.2193235158920288,2.0947
3662,0.1361723691225052,0.1361723691225052,0.2193254977464676,0.2193254977464676,2.0952
3663,0.13616685569286346,0.13616685569286346,0.21932744979858398,0.21932744979858398,2.0957
3664,0.13616135716438293,0.13616135716438293,0.2193293273448944,0.2193293273448944,2.0962
3665,0.1361558735370636,0.1361558735370636,0.21933133900165558,0.21933133900165558,2.0967
3666,0.13615038990974426,0.13615038990974426,0.2193334847688675,0.2193334847688675,2.0973
3667,0.13614492118358612,0.13614492118358612,0.21933552622795105,0.21933552622795105,2.0978
3668,0.13613945245742798,0.13613945245742798,0.2193375527858734,0.2193375527858734,2.0983
3669,0.13613399863243103,0.13613399863243103,0.21933963894844055,0.21933963894844055,2.0988
3670,0.13612855970859528,0.13612855970859528,0.21934179961681366,0.21934179961681366,2.0993
3671,0.13612310588359833,0.13612310588359833,0.21934393048286438,0.21934393048286438,2.0998
3672,0.13611769676208496,0.13611769676208496,0.21934616565704346,0.21934616565704346,2.1003
3673,0.1361122578382492,0.1361122578382492,0.21934843063354492,0.21934843063354492,2.1008
3674,0.13610684871673584,0.13610684871673584,0.21935057640075684,0.21935057640075684,2.1013
3675,0.13610143959522247,0.13610143959522247,0.2193528711795807,0.2193528711795807,2.1018
3676,0.1360960155725479,0.1360960155725479,0.21935519576072693,0.21935519576072693,2.1023
3677,0.13609060645103455,0.13609060645103455,0.21935753524303436,0.21935753524303436,2.1028
3678,0.13608522713184357,0.13608522713184357,0.21935983002185822,0.21935983002185822,2.1033
3679,0.1360798180103302,0.1360798180103302,0.21936221420764923,0.21936221420764923,2.1038
3680,0.13607445359230042,0.13607445359230042,0.2193646878004074,0.2193646878004074,2.1043
3681,0.13606908917427063,0.13606908917427063,0.21936707198619843,0.21936707198619843,2.1048
3682,0.13606373965740204,0.13606373965740204,0.2193695306777954,0.2193695306777954,2.1053
3683,0.13605837523937225,0.13605837523937225,0.21937203407287598,0.21937203407287598,2.1058
3684,0.13605304062366486,0.13605304062366486,0.2193746119737625,0.2193746119737625,2.1064
3685,0.13604770600795746,0.13604770600795746,0.21937713027000427,0.21937713027000427,2.1069
3686,0.13604238629341125,0.13604238629341125,0.2193797081708908,0.2193797081708908,2.1074
3687,0.13603706657886505,0.13603706657886505,0.2193823754787445,0.2193823754787445,2.1079
3688,0.13603171706199646,0.13603171706199646,0.21938495337963104,0.21938495337963104,2.1084
3689,0.13602639734745026,0.13602639734745026,0.21938753128051758,0.21938753128051758,2.1089
3690,0.13602109253406525,0.13602109253406525,0.21939031779766083,0.21939031779766083,2.1094
3691,0.13601583242416382,0.13601583242416382,0.21939310431480408,0.21939310431480408,2.1099
3692,0.13601054251194,0.13601054251194,0.21939583122730255,0.21939583122730255,2.1104
3693,0.1360052525997162,0.1360052525997162,0.21939857304096222,0.21939857304096222,2.1109
3694,0.13599997758865356,0.13599997758865356,0.21940135955810547,0.21940135955810547,2.1114
3695,0.13599468767642975,0.13599468767642975,0.2194042205810547,0.2194042205810547,2.1119
3696,0.1359894573688507,0.1359894573688507,0.2194070816040039,0.2194070816040039,2.1124
3697,0.13598418235778809,0.13598418235778809,0.2194099873304367,0.2194099873304367,2.1129
3698,0.13597896695137024,0.13597896695137024,0.2194128930568695,0.2194128930568695,2.1134
3699,0.13597372174263,0.13597372174263,0.21941590309143066,0.21941590309143066,2.1139
3700,0.13596847653388977,0.13596847653388977,0.21941892802715302,0.21941892802715302,2.1144
3701,0.1359632909297943,0.1359632909297943,0.21942195296287537,0.21942195296287537,2.1149
3702,0.13595807552337646,0.13595807552337646,0.2194249927997589,0.2194249927997589,2.1154
3703,0.13595283031463623,0.13595283031463623,0.21942798793315887,0.21942798793315887,2.1159
3704,0.13594765961170197,0.13594765961170197,0.21943123638629913,0.21943123638629913,2.1165
3705,0.13594244420528412,0.13594244420528412,0.21943430602550507,0.21943430602550507,2.117
3706,0.13593730330467224,0.13593730330467224,0.21943750977516174,0.21943750977516174,2.1175
3707,0.1359321027994156,0.1359321027994156,0.21944069862365723,0.21944069862365723,2.118
3708,0.13592690229415894,0.13592690229415894,0.21944399178028107,0.21944399178028107,2.1185
3709,0.13592176139354706,0.13592176139354706,0.21944722533226013,0.21944722533226013,2.119
3710,0.13591662049293518,0.13591662049293518,0.21945051848888397,0.21945051848888397,2.1195
3711,0.13591143488883972,0.13591143488883972,0.21945388615131378,0.21945388615131378,2.12
3712,0.13590632379055023,0.13590632379055023,0.21945731341838837,0.21945731341838837,2.1205
3713,0.13590118288993835,0.13590118288993835,0.2194606363773346,0.2194606363773346,2.121
3714,0.13589604198932648,0.13589604198932648,0.2194640189409256,0.2194640189409256,2.1215
3715,0.135890930891037,0.135890930891037,0.21946759521961212,0.21946759521961212,2.122
3716,0.1358858346939087,0.1358858346939087,0.2194710671901703,0.2194710671901703,2.1225
3717,0.135880708694458,0.135880708694458,0.21947447955608368,0.21947447955608368,2.123
3718,0.1358756273984909,0.1358756273984909,0.2194780856370926,0.2194780856370926,2.1235
3719,0.13587050139904022,0.13587050139904022,0.21948173642158508,0.21948173642158508,2.124
3720,0.13586542010307312,0.13586542010307312,0.21948537230491638,0.21948537230491638,2.1245
3721,0.1358603537082672,0.1358603537082672,0.21948900818824768,0.21948900818824768,2.125
3722,0.1358553022146225,0.1358553022146225,0.21949274837970734,0.21949274837970734,2.1256
3723,0.13585026562213898,0.13585026562213898,0.2194964438676834,0.2194964438676834,2.1261
3724,0.13584521412849426,0.13584521412849426,0.21950021386146545,0.21950021386146545,2.1266
3725,0.13584013283252716,0.13584013283252716,0.2195039689540863,0.2195039689540863,2.1271
3726,0.13583512604236603,0.13583512604236603,0.21950788795948029,0.21950788795948029,2.1276
3727,0.1358300745487213,0.1358300745487213,0.21951167285442352,0.21951167285442352,2.1281
3728,0.13582506775856018,0.13582506775856018,0.21951551735401154,0.21951551735401154,2.1286
3729,0.13582006096839905,0.13582006096839905,0.21951957046985626,0.21951957046985626,2.1291
3730,0.13581502437591553,0.13581502437591553,0.219523623585701,0.219523623585701,2.1296
3731,0.13581004738807678,0.13581004738807678,0.21952767670154572,0.21952767670154572,2.1301
3732,0.13580504059791565,0.13580504059791565,0.21953174471855164,0.21953174471855164,2.1306
3733,0.13580003380775452,0.13580003380775452,0.21953582763671875,0.21953582763671875,2.1311
3734,0.13579507172107697,0.13579507172107697,0.21953999996185303,0.21953999996185303,2.1316
3735,0.1357901245355606,0.1357901245355606,0.21954424679279327,0.21954424679279327,2.1321
3736,0.13578513264656067,0.13578513264656067,0.21954846382141113,0.21954846382141113,2.1326
3737,0.1357801854610443,0.1357801854610443,0.21955271065235138,0.21955271065235138,2.1331
3738,0.13577523827552795,0.13577523827552795,0.2195570021867752,0.2195570021867752,2.1336
3739,0.1357702761888504,0.1357702761888504,0.21956130862236023,0.21956130862236023,2.1341
3740,0.13576534390449524,0.13576534390449524,0.21956565976142883,0.21956565976142883,2.1346
3741,0.13576041162014008,0.13576041162014008,0.2195700705051422,0.2195700705051422,2.1351
3742,0.1357555091381073,0.1357555091381073,0.21957454085350037,0.21957454085350037,2.1356
3743,0.13575060665607452,0.13575060665607452,0.21957902610301971,0.21957902610301971,2.1361
3744,0.13574567437171936,0.13574567437171936,0.21958351135253906,0.21958351135253906,2.1366
3745,0.13574078679084778,0.13574078679084778,0.219588041305542,0.219588041305542,2.1372
3746,0.1357358992099762,0.1357358992099762,0.21959266066551208,0.21959266066551208,2.1377
3747,0.13573101162910461,0.13573101162910461,0.2195972502231598,0.2195972502231598,2.1382
3748,0.13572613894939423,0.13572613894939423,0.2196018397808075,0.2196018397808075,2.1387
3749,0.13572128117084503,0.13572128117084503,0.21960659325122833,0.21960659325122833,2.1392
3750,0.13571642339229584,0.13571642339229584,0.21961131691932678,0.21961131691932678,2.1397
3751,0.13571158051490784,0.13571158051490784,0.21961602568626404,0.21961602568626404,2.1402
3752,0.13570667803287506,0.13570667803287506,0.21962079405784607,0.21962079405784607,2.1407
3753,0.13570186495780945,0.13570186495780945,0.21962566673755646,0.21962566673755646,2.1412
3754,0.13569703698158264,0.13569703698158264,0.21963052451610565,0.21963052451610565,2.1417
3755,0.13569220900535583,0.13569220900535583,0.21963544189929962,0.21963544189929962,2.1422
3756,0.13568736612796783,0.13568736612796783,0.21964029967784882,0.21964029967784882,2.1427
3757,0.13568256795406342,0.13568256795406342,0.21964530646800995,0.21964530646800995,2.1432
3758,0.1356777846813202,0.1356777846813202,0.21965035796165466,0.21965035796165466,2.1437
3759,0.13567295670509338,0.13567295670509338,0.2196553498506546,0.2196553498506546,2.1442
3760,0.13566815853118896,0.13566815853118896,0.2196604311466217,0.2196604311466217,2.1447
3761,0.13566341996192932,0.13566341996192932,0.21966561675071716,0.21966561675071716,2.1453
3762,0.1356586366891861,0.1356586366891861,0.21967074275016785,0.21967074275016785,2.1458
3763,0.13565385341644287,0.13565385341644287,0.21967589855194092,0.21967589855194092,2.1463
3764,0.13564909994602203,0.13564909994602203,0.21968111395835876,0.21968111395835876,2.1468
3765,0.1356443166732788,0.1356443166732788,0.21968646347522736,0.21968646347522736,2.1473
3766,0.13563957810401917,0.13563957810401917,0.2196917086839676,0.2196917086839676,2.1478
3767,0.13563485443592072,0.13563485443592072,0.2196969985961914,0.2196969985961914,2.1483
3768,0.13563013076782227,0.13563013076782227,0.21970239281654358,0.21970239281654358,2.1488
3769,0.13562539219856262,0.13562539219856262,0.21970781683921814,0.21970781683921814,2.1493
3770,0.13562068343162537,0.13562068343162537,0.21971330046653748,0.21971330046653748,2.1498
3771,0.13561594486236572,0.13561594486236572,0.21971873939037323,0.21971873939037323,2.1503
3772,0.13561126589775085,0.13561126589775085,0.21972577273845673,0.21972577273845673,2.1508
3773,0.135606586933136,0.135606586933136,0.2197330892086029,0.2197330892086029,2.1513
3774,0.13560186326503754,0.13560186326503754,0.21974043548107147,0.21974043548107147,2.1518
3775,0.13559719920158386,0.13559719920158386,0.21974782645702362,0.21974782645702362,2.1523
3776,0.135592520236969,0.135592520236969,0.21975526213645935,0.21975526213645935,2.1528
3777,0.13558785617351532,0.13558785617351532,0.21976271271705627,0.21976271271705627,2.1533
3778,0.13558317720890045,0.13558317720890045,0.21977019309997559,0.21977019309997559,2.1539
3779,0.13557854294776917,0.13557854294776917,0.21977782249450684,0.21977782249450684,2.1544
3780,0.13557389378547668,0.13557389378547668,0.21978536248207092,0.21978536248207092,2.1549
3781,0.1355692446231842,0.1355692446231842,0.21979299187660217,0.21979299187660217,2.1554
3782,0.13556461036205292,0.13556461036205292,0.219800665974617,0.219800665974617,2.156
3783,0.13555999100208282,0.13555999100208282,0.21980838477611542,0.21980838477611542,2.1565
3784,0.13555535674095154,0.13555535674095154,0.21981611847877502,0.21981611847877502,2.157
3785,0.13555075228214264,0.13555075228214264,0.21982388198375702,0.21982388198375702,2.1575
3786,0.13554616272449493,0.13554616272449493,0.2198317050933838,0.2198317050933838,2.158
3787,0.13554158806800842,0.13554158806800842,0.21983952820301056,0.21983952820301056,2.1585
3788,0.13553696870803833,0.13553696870803833,0.21984747052192688,0.21984747052192688,2.159
3789,0.13553237915039062,0.13553237915039062,0.219855397939682,0.219855397939682,2.1595
3790,0.13552778959274292,0.13552778959274292,0.21986332535743713,0.21986332535743713,2.1601
3791,0.13552325963974,0.13552325963974,0.21987135708332062,0.21987135708332062,2.1606
3792,0.1355186551809311,0.1355186551809311,0.2198793590068817,0.2198793590068817,2.1611
3793,0.13551411032676697,0.13551411032676697,0.21988749504089355,0.21988749504089355,2.1616
3794,0.13550959527492523,0.13550959527492523,0.2198956310749054,0.2198956310749054,2.1621
3795,0.13550503551959991,0.13550503551959991,0.21990378201007843,0.21990378201007843,2.1626
3796,0.13550052046775818,0.13550052046775818,0.21991205215454102,0.21991205215454102,2.1631
3797,0.13549599051475525,0.13549599051475525,0.21992024779319763,0.21992024779319763,2.1636
3798,0.13549146056175232,0.13549146056175232,0.219928577542305,0.219928577542305,2.1641
3799,0.13548696041107178,0.13548696041107178,0.21993684768676758,0.21993684768676758,2.1646
3800,0.13548246026039124,0.13548246026039124,0.21994523704051971,0.21994523704051971,2.1651
3801,0.1354779601097107,0.1354779601097107,0.21995361149311066,0.21995361149311066,2.1656
3802,0.13547344505786896,0.13547344505786896,0.21996212005615234,0.21996212005615234,2.1661
3803,0.135468989610672,0.135468989610672,0.21997055411338806,0.21997055411338806,2.1666
3804,0.13546447455883026,0.13546447455883026,0.21997900307178497,0.21997900307178497,2.1672
3805,0.1354599893093109,0.1354599893093109,0.21998751163482666,0.21998751163482666,2.1677
3806,0.13545557856559753,0.13545557856559753,0.21999621391296387,0.21999621391296387,2.1682
3807,0.13545112311840057,0.13545112311840057,0.2200048714876175,0.2200048714876175,2.1687
3808,0.1354466825723648,0.1354466825723648,0.22001349925994873,0.22001349925994873,2.1692
3809,0.13544221222400665,0.13544221222400665,0.22002223134040833,0.22002223134040833,2.1697
3810,0.1354377716779709,0.1354377716779709,0.2200309783220291,0.2200309783220291,2.1702
3811,0.1354333609342575,0.1354333609342575,0.22003979980945587,0.22003979980945587,2.1707
3812,0.13542897999286652,0.13542897999286652,0.2200486958026886,0.2200486958026886,2.1712
3813,0.13542453944683075,0.13542453944683075,0.22005748748779297,0.22005748748779297,2.1717
3814,0.13542012870311737,0.13542012870311737,0.22006642818450928,0.22006642818450928,2.1722
3815,0.13541573286056519,0.13541573286056519,0.22007545828819275,0.22007545828819275,2.1727
3816,0.135411337018013,0.135411337018013,0.22008438408374786,0.22008438408374786,2.1732
3817,0.135406956076622,0.135406956076622,0.22009333968162537,0.22009333968162537,2.1737
3818,0.1354025900363922,0.1354025900363922,0.22010257840156555,0.22010257840156555,2.1742
3819,0.13539819419384003,0.13539819419384003,0.2201116979122162,0.2201116979122162,2.1747
3820,0.13539384305477142,0.13539384305477142,0.22012081742286682,0.22012081742286682,2.1753
3821,0.1353895366191864,0.1353895366191864,0.22013325989246368,0.22013325989246368,2.1758
3822,0.13538512587547302,0.13538512587547302,0.22014208137989044,0.22014208137989044,2.1763
3823,0.1353807896375656,0.1353807896375656,0.22015228867530823,0.22015228867530823,2.1768
3824,0.135376438498497,0.135376438498497,0.22016510367393494,0.22016510367393494,2.1773
3825,0.13537216186523438,0.13537216186523438,0.220171257853508,0.220171257853508,2.1778
3826,0.13536782562732697,0.13536782562732697,0.22017017006874084,0.22017017006874084,2.1783
3827,0.13536348938941956,0.13536348938941956,0.2201729118824005,0.2201729118824005,2.1788
3828,0.13535919785499573,0.13535919785499573,0.22017869353294373,0.22017869353294373,2.1793
3829,0.13535486161708832,0.13535486161708832,0.22018063068389893,0.22018063068389893,2.1798
3830,0.1353505551815033,0.1353505551815033,0.22017896175384521,0.22017896175384521,2.1803
3831,0.13534632325172424,0.13534632325172424,0.2201821357011795,0.2201821357011795,2.1808
3832,0.13534201681613922,0.13534201681613922,0.220189169049263,0.220189169049263,2.1813
3833,0.1353377401828766,0.1353377401828766,0.22019124031066895,0.22019124031066895,2.1818
3834,0.13533350825309753,0.13533350825309753,0.2201903760433197,0.2201903760433197,2.1824
3835,0.1353292316198349,0.1353292316198349,0.22019346058368683,0.22019346058368683,2.1829
3836,0.13532499969005585,0.13532499969005585,0.22019727528095245,0.22019727528095245,2.1834
3837,0.1353207379579544,0.1353207379579544,0.22019989788532257,0.22019989788532257,2.1839
3838,0.13531649112701416,0.13531649112701416,0.22020387649536133,0.22020387649536133,2.1844
3839,0.1353122442960739,0.1353122442960739,0.2202071249485016,0.2202071249485016,2.1849
3840,0.13530805706977844,0.13530805706977844,0.22020745277404785,0.22020745277404785,2.1854
3841,0.1353038102388382,0.1353038102388382,0.22020959854125977,0.22020959854125977,2.1859
3842,0.13529959321022034,0.13529959321022034,0.22021552920341492,0.22021552920341492,2.1864
3843,0.13529539108276367,0.13529539108276367,0.22021837532520294,0.22021837532520294,2.1869
3844,0.135291188955307,0.135291188955307,0.22021904587745667,0.22021904587745667,2.1874
3845,0.13528701663017273,0.13528701663017273,0.22022196650505066,0.22022196650505066,2.1885
3846,0.13528282940387726,0.13528282940387726,0.22022387385368347,0.22022387385368347,2.189
3847,0.13527867197990417,0.13527867197990417,0.22022609412670135,0.22022609412670135,2.1895
3848,0.1352744996547699,0.1352744996547699,0.2202320545911789,0.2202320545911789,2.1901
3849,0.13527032732963562,0.13527032732963562,0.22023677825927734,0.22023677825927734,2.1906
3850,0.13526616990566254,0.13526616990566254,0.22023606300354004,0.22023606300354004,2.1911
3851,0.13526199758052826,0.13526199758052826,0.22023673355579376,0.22023673355579376,2.1916
3852,0.13525788486003876,0.13525788486003876,0.22024302184581757,0.22024302184581757,2.1921
3853,0.13525372743606567,0.13525372743606567,0.22024759650230408,0.22024759650230408,2.1926
3854,0.13524964451789856,0.13524964451789856,0.22024616599082947,0.22024616599082947,2.1931
3855,0.13524548709392548,0.13524548709392548,0.22024817764759064,0.22024817764759064,2.1936
3856,0.13524135947227478,0.13524135947227478,0.22025451064109802,0.22025451064109802,2.1941
3857,0.13523729145526886,0.13523729145526886,0.22025875747203827,0.22025875747203827,2.1946
3858,0.13523317873477936,0.13523317873477936,0.22026053071022034,0.22026053071022034,2.1951
3859,0.13522908091545105,0.13522908091545105,0.22026324272155762,0.22026324272155762,2.1956
3860,0.13522496819496155,0.13522496819496155,0.2202662229537964,0.2202662229537964,2.1961
3861,0.13522091507911682,0.13522091507911682,0.22026881575584412,0.22026881575584412,2.1966
3862,0.13521680235862732,0.13521680235862732,0.22027263045310974,0.22027263045310974,2.1971
3863,0.1352127641439438,0.1352127641439438,0.22027535736560822,0.22027535736560822,2.1976
3864,0.13520869612693787,0.13520869612693787,0.22027687728405,0.22027687728405,2.1982
3865,0.13520464301109314,0.13520464301109314,0.22028255462646484,0.22028255462646484,2.1987
3866,0.1352005898952484,0.1352005898952484,0.22028879821300507,0.22028879821300507,2.1992
3867,0.1351965367794037,0.1351965367794037,0.22028931975364685,0.22028931975364685,2.1997
3868,0.13519248366355896,0.13519248366355896,0.22028951346874237,0.22028951346874237,2.2002
3869,0.1351885050535202,0.1351885050535202,0.2202959507703781,0.2202959507703781,2.2007
3870,0.13518451154232025,0.13518451154232025,0.22030210494995117,0.22030210494995117,2.2012
3871,0.13518045842647552,0.13518045842647552,0.22030135989189148,0.22030135989189148,2.2017
3872,0.13517645001411438,0.13517645001411438,0.22030344605445862,0.22030344605445862,2.2022
3873,0.13517245650291443,0.13517245650291443,0.22031016647815704,0.22031016647815704,2.2027
3874,0.13516846299171448,0.13516846299171448,0.22031506896018982,0.22031506896018982,2.2032
3875,0.13516446948051453,0.13516446948051453,0.22031697630882263,0.22031697630882263,2.2037
3876,0.13516049087047577,0.13516049087047577,0.22031831741333008,0.22031831741333008,2.2042
3877,0.135156512260437,0.135156512260437,0.22032327950000763,0.22032327950000763,2.2047
3878,0.13515254855155945,0.13515254855155945,0.22032935917377472,0.22032935917377472,2.2052
3879,0.1351485699415207,0.1351485699415207,0.22033219039440155,0.22033219039440155,2.2058
3880,0.13514463603496552,0.13514463603496552,0.22033357620239258,0.22033357620239258,2.2063
3881,0.13514067232608795,0.13514067232608795,0.2203361988067627,0.2203361988067627,2.2068
3882,0.13513675332069397,0.13513675332069397,0.2203434407711029,0.2203434407711029,2.2073
3883,0.1351328194141388,0.1351328194141388,0.22035065293312073,0.22035065293312073,2.2078
3884,0.1351289004087448,0.1351289004087448,0.22035042941570282,0.22035042941570282,2.2083
3885,0.13512495160102844,0.13512495160102844,0.22035136818885803,0.22035136818885803,2.2088
3886,0.13512106239795685,0.13512106239795685,0.22035908699035645,0.22035908699035645,2.2093
3887,0.13511712849140167,0.13511712849140167,0.22036275267601013,0.22036275267601013,2.2098
3888,0.13511326909065247,0.13511326909065247,0.2203645259141922,0.2203645259141922,2.2103
3889,0.13510935008525848,0.13510935008525848,0.22037120163440704,0.22037120163440704,2.2108
3890,0.1351054608821869,0.1351054608821869,0.22037486732006073,0.22037486732006073,2.2113
3891,0.1351015567779541,0.1351015567779541,0.2203761637210846,0.2203761637210846,2.2118
3892,0.1350976973772049,0.1350976973772049,0.22038297355175018,0.22038297355175018,2.2123
3893,0.1350938379764557,0.1350938379764557,0.2203882485628128,0.2203882485628128,2.2128
3894,0.13508999347686768,0.13508999347686768,0.22038964927196503,0.22038964927196503,2.2133
3895,0.13508610427379608,0.13508610427379608,0.2203942835330963,0.2203942835330963,2.2138
3896,0.13508228957653046,0.13508228957653046,0.22040095925331116,0.22040095925331116,2.2143
3897,0.13507840037345886,0.13507840037345886,0.22040148079395294,0.22040148079395294,2.2149
3898,0.13507457077503204,0.13507457077503204,0.22040334343910217,0.22040334343910217,2.2154
3899,0.1350707709789276,0.1350707709789276,0.22041507065296173,0.22041507065296173,2.2159
3900,0.1350669413805008,0.1350669413805008,0.22042270004749298,0.22042270004749298,2.2164
3901,0.13506311178207397,0.13506311178207397,0.22041845321655273,0.22041845321655273,2.2169
3902,0.13505931198596954,0.13505931198596954,0.22041773796081543,0.22041773796081543,2.2174
3903,0.13505549728870392,0.13505549728870392,0.22043141722679138,0.22043141722679138,2.2179
3904,0.13505174219608307,0.13505174219608307,0.22044166922569275,0.22044166922569275,2.2184
3905,0.13504791259765625,0.13504791259765625,0.22043642401695251,0.22043642401695251,2.2189
3906,0.1350441724061966,0.1350441724061966,0.22043700516223907,0.22043700516223907,2.2194
3907,0.13504037261009216,0.13504037261009216,0.22044825553894043,0.22044825553894043,2.2199
3908,0.13503658771514893,0.13503658771514893,0.22045572102069855,0.22045572102069855,2.2204
3909,0.13503283262252808,0.13503283262252808,0.22045747935771942,0.22045747935771942,2.2209
3910,0.13502904772758484,0.13502904772758484,0.22045941650867462,0.22045941650867462,2.2214
3911,0.135025292634964,0.135025292634964,0.22046518325805664,0.22046518325805664,2.2219
3912,0.13502158224582672,0.13502158224582672,0.22047153115272522,0.22047153115272522,2.2225
3913,0.13501781225204468,0.13501781225204468,0.22047460079193115,0.22047460079193115,2.223
3914,0.13501408696174622,0.13501408696174622,0.22048035264015198,0.22048035264015198,2.2235
3915,0.13501034677028656,0.13501034677028656,0.22048532962799072,0.22048532962799072,2.224
3916,0.13500666618347168,0.13500666618347168,0.22048890590667725,0.22048890590667725,2.2245
3917,0.13500292599201202,0.13500292599201202,0.22049467265605927,0.22049467265605927,2.225
3918,0.13499924540519714,0.13499924540519714,0.22049880027770996,0.22049880027770996,2.2255
3919,0.13499552011489868,0.13499552011489868,0.2205011397600174,0.2205011397600174,2.226
3920,0.134991854429245,0.134991854429245,0.22050955891609192,0.22050955891609192,2.2265
3921,0.13498814404010773,0.13498814404010773,0.22051814198493958,0.22051814198493958,2.227
3922,0.13498446345329285,0.13498446345329285,0.22051820158958435,0.22051820158958435,2.2275
3923,0.13498078286647797,0.13498078286647797,0.22051768004894257,0.22051768004894257,2.228
3924,0.13497713208198547,0.13497713208198547,0.22052982449531555,0.22052982449531555,2.2286
3925,0.13497348129749298,0.13497348129749298,0.2205415964126587,0.2205415964126587,2.2291
3926,0.1349697858095169,0.1349697858095169,0.22053733468055725,0.22053733468055725,2.2296
3927,0.1349661648273468,0.1349661648273468,0.22053523361682892,0.22053523361682892,2.2301
3928,0.1349625140428543,0.1349625140428543,0.22054867446422577,0.22054867446422577,2.2306
3929,0.13495886325836182,0.13495886325836182,0.2205614149570465,0.2205614149570465,2.2311
3930,0.1349552571773529,0.1349552571773529,0.22056126594543457,0.22056126594543457,2.2316
3931,0.1349516212940216,0.1349516212940216,0.22056126594543457,0.22056126594543457,2.2321
3932,0.1349480003118515,0.1349480003118515,0.22056922316551208,0.22056922316551208,2.2326
3933,0.1349443793296814,0.1349443793296814,0.2205747365951538,0.2205747365951538,2.2331
3934,0.13494077324867249,0.13494077324867249,0.22058120369911194,0.22058120369911194,2.2336
3935,0.13493716716766357,0.13493716716766357,0.22058825194835663,0.22058825194835663,2.2341
3936,0.13493359088897705,0.13493359088897705,0.2205887734889984,0.2205887734889984,2.2346
3937,0.13493001461029053,0.13493001461029053,0.22059020400047302,0.22059020400047302,2.2351
3938,0.1349264234304428,0.1349264234304428,0.22060394287109375,0.22060394287109375,2.2356
3939,0.1349228322505951,0.1349228322505951,0.22061534225940704,0.22061534225940704,2.2361
3940,0.13491925597190857,0.13491925597190857,0.2206123322248459,0.2206123322248459,2.2366
3941,0.13491572439670563,0.13491572439670563,0.2206120789051056,0.2206120789051056,2.2371
3942,0.1349121481180191,0.1349121481180191,0.22062167525291443,0.22062167525291443,2.2376
3943,0.13490858674049377,0.13490858674049377,0.2206304967403412,0.2206304967403412,2.2381
3944,0.13490507006645203,0.13490507006645203,0.22063764929771423,0.22063764929771423,2.2387
3945,0.1349014937877655,0.1349014937877655,0.220640629529953,0.220640629529953,2.2392
3946,0.13489797711372375,0.13489797711372375,0.22064056992530823,0.22064056992530823,2.2397
3947,0.1348944455385208,0.1348944455385208,0.2206498086452484,0.2206498086452484,2.2402
3948,0.13489094376564026,0.13489094376564026,0.22066406905651093,0.22066406905651093,2.2407
3949,0.13488741219043732,0.13488741219043732,0.2206665277481079,0.2206665277481079,2.2412
3950,0.13488389551639557,0.13488389551639557,0.22066077589988708,0.22066077589988708,2.2417
3951,0.13488039374351501,0.13488039374351501,0.2206677943468094,0.2206677943468094,2.2422
3952,0.13487692177295685,0.13487692177295685,0.22068658471107483,0.22068658471107483,2.2427
3953,0.1348734200000763,0.1348734200000763,0.220693439245224,0.220693439245224,2.2432
3954,0.13486990332603455,0.13486990332603455,0.22068636119365692,0.22068636119365692,2.2437
3955,0.13486644625663757,0.13486644625663757,0.22069001197814941,0.22069001197814941,2.2442
3956,0.1348629891872406,0.1348629891872406,0.22070825099945068,0.22070825099945068,2.2447
3957,0.13485953211784363,0.13485953211784363,0.2207164764404297,0.2207164764404297,2.2452
3958,0.13485603034496307,0.13485603034496307,0.22071032226085663,0.22071032226085663,2.2457
3959,0.13485263288021088,0.13485263288021088,0.22071333229541779,0.22071333229541779,2.2462
3960,0.13484914600849152,0.13484914600849152,0.2207273244857788,0.2207273244857788,2.2467
3961,0.13484573364257812,0.13484573364257812,0.220738023519516,0.220738023519516,2.2472
3962,0.13484229147434235,0.13484229147434235,0.22074218094348907,0.22074218094348907,2.2477
3963,0.13483881950378418,0.13483881950378418,0.22074489295482635,0.22074489295482635,2.2482
3964,0.1348354071378708,0.1348354071378708,0.22074612975120544,0.22074612975120544,2.2487
3965,0.1348319947719574,0.1348319947719574,0.22075584530830383,0.22075584530830383,2.2492
3966,0.1348285973072052,0.1348285973072052,0.2207678258419037,0.2207678258419037,2.2498
3967,0.13482515513896942,0.13482515513896942,0.220770001411438,0.220770001411438,2.2503
3968,0.13482177257537842,0.13482177257537842,0.22077016532421112,0.22077016532421112,2.2508
3969,0.13481839001178741,0.13481839001178741,0.22078236937522888,0.22078236937522888,2.2513
3970,0.13481499254703522,0.13481499254703522,0.22079434990882874,0.22079434990882874,2.2518
3971,0.1348116099834442,0.1348116099834442,0.22079257667064667,0.22079257667064667,2.2523
3972,0.1348082423210144,0.1348082423210144,0.22079749405384064,0.22079749405384064,2.2528
3973,0.1348048597574234,0.1348048597574234,0.22080889344215393,0.22080889344215393,2.2533
3974,0.1348014920949936,0.1348014920949936,0.22081466019153595,0.22081466019153595,2.2538
3975,0.1347981095314026,0.1347981095314026,0.22081632912158966,0.22081632912158966,2.2543
3976,0.13479477167129517,0.13479477167129517,0.22082427144050598,0.22082427144050598,2.2548
3977,0.13479141891002655,0.13479141891002655,0.22083362936973572,0.22083362936973572,2.2553
3978,0.13478808104991913,0.13478808104991913,0.22084073722362518,0.22084073722362518,2.2558
3979,0.1347847580909729,0.1347847580909729,0.22084727883338928,0.22084727883338928,2.2563
3980,0.13478142023086548,0.13478142023086548,0.22085237503051758,0.22085237503051758,2.2568
3981,0.13477811217308044,0.13477811217308044,0.22085389494895935,0.22085389494895935,2.2573
3982,0.13477478921413422,0.13477478921413422,0.22086119651794434,0.22086119651794434,2.2578
3983,0.1347714513540268,0.1347714513540268,0.22087721526622772,0.22087721526622772,2.2583
3984,0.13476815819740295,0.13476815819740295,0.2208806276321411,0.2208806276321411,2.2588
3985,0.1347648650407791,0.1347648650407791,0.22087664902210236,0.22087664902210236,2.2593
3986,0.1347614824771881,0.1347614824771881,0.22088797390460968,0.22088797390460968,2.2598
3987,0.13475754857063293,0.13475754857063293,0.22094228863716125,0.22094228863716125,2.2604
3988,0.13475321233272552,0.13475321233272552,0.22095485031604767,0.22095485031604767,2.2609
3989,0.1347489356994629,0.1347489356994629,0.22096261382102966,0.22096261382102966,2.2614
3990,0.13474437594413757,0.13474437594413757,0.2210104763507843,0.2210104763507843,2.2619
3991,0.1347399353981018,0.1347399353981018,0.22103460133075714,0.22103460133075714,2.2624
3992,0.13473562896251678,0.13473562896251678,0.22102418541908264,0.22102418541908264,2.2629
3993,0.13473139703273773,0.13473139703273773,0.22104644775390625,0.22104644775390625,2.2634
3994,0.1347273737192154,0.1347273737192154,0.22108983993530273,0.22108983993530273,2.2639
3995,0.13472327589988708,0.13472327589988708,0.2211126834154129,0.2211126834154129,2.2644
3996,0.13471940159797668,0.13471940159797668,0.2211468666791916,0.2211468666791916,2.2649
3997,0.13471557199954987,0.13471557199954987,0.22119846940040588,0.22119846940040588,2.2654
3998,0.13471178710460663,0.13471178710460663,0.22121846675872803,0.22121846675872803,2.2659
3999,0.13470806181430817,0.13470806181430817,0.2212214469909668,0.2212214469909668,2.2664
4000,0.1347043663263321,0.1347043663263321,0.22125181555747986,0.22125181555747986,2.2682
4001,0.134700745344162,0.134700745344162,0.22128434479236603,0.22128434479236603,2.2689
4002,0.13469716906547546,0.13469716906547546,0.22129793465137482,0.22129793465137482,2.2694
4003,0.13469359278678894,0.13469359278678894,0.22132571041584015,0.22132571041584015,2.27
4004,0.1346900761127472,0.1346900761127472,0.2213658094406128,0.2213658094406128,2.2705
4005,0.13468654453754425,0.13468654453754425,0.22138404846191406,0.22138404846191406,2.271
4006,0.13468311727046967,0.13468311727046967,0.22139522433280945,0.22139522433280945,2.2715
4007,0.1346796452999115,0.1346796452999115,0.22141942381858826,0.22141942381858826,2.2721
4008,0.13467621803283691,0.13467621803283691,0.2214353084564209,0.2214353084564209,2.2726
4009,0.13467280566692352,0.13467280566692352,0.22144398093223572,0.22144398093223572,2.2731
4010,0.13466940820217133,0.13466940820217133,0.22147011756896973,0.22147011756896973,2.2736
4011,0.1346660554409027,0.1346660554409027,0.22149920463562012,0.22149920463562012,2.2742
4012,0.13466264307498932,0.13466264307498932,0.2215116024017334,0.2215116024017334,2.2747
4013,0.13465926051139832,0.13465926051139832,0.22152623534202576,0.22152623534202576,2.2752
4014,0.13465586304664612,0.13465586304664612,0.2215481549501419,0.2215481549501419,2.2757
4015,0.1346525102853775,0.1346525102853775,0.22155781090259552,0.22155781090259552,2.2762
4016,0.1346491277217865,0.1346491277217865,0.22156266868114471,0.22156266868114471,2.2768
4017,0.1346457600593567,0.1346457600593567,0.22157911956310272,0.22157911956310272,2.2773
4018,0.13464248180389404,0.13464248180389404,0.2215951383113861,0.2215951383113861,2.2778
4019,0.1346391886472702,0.1346391886472702,0.22160467505455017,0.22160467505455017,2.2784
4020,0.13463586568832397,0.13463586568832397,0.22161650657653809,0.22161650657653809,2.2789
4021,0.13463255763053894,0.13463255763053894,0.221631720662117,0.221631720662117,2.2794
4022,0.1346292495727539,0.1346292495727539,0.22164186835289001,0.22164186835289001,2.2799
4023,0.13462604582309723,0.13462604582309723,0.22164931893348694,0.22164931893348694,2.2805
4024,0.13462278246879578,0.13462278246879578,0.22166450321674347,0.22166450321674347,2.281
4025,0.1346195489168167,0.1346195489168167,0.22167757153511047,0.22167757153511047,2.2815
4026,0.13461631536483765,0.13461631536483765,0.2216850221157074,0.2216850221157074,2.282
4027,0.13461308181285858,0.13461308181285858,0.2216993272304535,0.2216993272304535,2.2825
4028,0.13460984826087952,0.13460984826087952,0.22171540558338165,0.22171540558338165,2.283
4029,0.13460668921470642,0.13460668921470642,0.22172081470489502,0.22172081470489502,2.2835
4030,0.13460348546504974,0.13460348546504974,0.22172069549560547,0.22172069549560547,2.284
4031,0.13460029661655426,0.13460029661655426,0.22172966599464417,0.22172966599464417,2.2845
4032,0.13459710776805878,0.13459710776805878,0.22174036502838135,0.22174036502838135,2.285
4033,0.13459394872188568,0.13459394872188568,0.2217424362897873,0.2217424362897873,2.2856
4034,0.13459078967571259,0.13459078967571259,0.22174859046936035,0.22174859046936035,2.2861
4035,0.1345876157283783,0.1345876157283783,0.22175531089305878,0.22175531089305878,2.2866
4036,0.1345844566822052,0.1345844566822052,0.22175391018390656,0.22175391018390656,2.2871
4037,0.1345813274383545,0.1345813274383545,0.22175660729408264,0.22175660729408264,2.2876
4038,0.13457821309566498,0.13457821309566498,0.22176046669483185,0.22176046669483185,2.2881
4039,0.13457505404949188,0.13457505404949188,0.22175900638103485,0.22175900638103485,2.2886
4040,0.13457195460796356,0.13457195460796356,0.2217659205198288,0.2217659205198288,2.2891
4041,0.13456882536411285,0.13456882536411285,0.22176876664161682,0.22176876664161682,2.2896
4042,0.13456574082374573,0.13456574082374573,0.22176842391490936,0.22176842391490936,2.2901
4043,0.1345626413822174,0.1345626413822174,0.22177442908287048,0.22177442908287048,2.2906
4044,0.1345595419406891,0.1345595419406891,0.2217741459608078,0.2217741459608078,2.2911
4045,0.13455644249916077,0.13455644249916077,0.22177617251873016,0.22177617251873016,2.2916
4046,0.13455338776111603,0.13455338776111603,0.2217857390642166,0.2217857390642166,2.2921
4047,0.1345503032207489,0.1345503032207489,0.22178307175636292,0.22178307175636292,2.2927
4048,0.13454721868038177,0.13454721868038177,0.22177967429161072,0.22177967429161072,2.2932
4049,0.13454417884349823,0.13454417884349823,0.2217966765165329,0.2217966765165329,2.2937
4050,0.13454113900661469,0.13454113900661469,0.2218051254749298,0.2218051254749298,2.2942
4051,0.13453809916973114,0.13453809916973114,0.22179166972637177,0.22179166972637177,2.2947
4052,0.1345350444316864,0.1345350444316864,0.22180214524269104,0.22180214524269104,2.2952
4053,0.13453201949596405,0.13453201949596405,0.22181811928749084,0.22181811928749084,2.2957
4054,0.1345289796590805,0.1345289796590805,0.22181634604930878,0.22181634604930878,2.2962
4055,0.13452599942684174,0.13452599942684174,0.22181591391563416,0.22181591391563416,2.2967
4056,0.13452300429344177,0.13452300429344177,0.22182735800743103,0.22182735800743103,2.2972
4057,0.13451997935771942,0.13451997935771942,0.22183842957019806,0.22183842957019806,2.2977
4058,0.13451696932315826,0.13451696932315826,0.22184324264526367,0.22184324264526367,2.2983
4059,0.1345139592885971,0.1345139592885971,0.22184208035469055,0.22184208035469055,2.2988
4060,0.13451099395751953,0.13451099395751953,0.22184935212135315,0.22184935212135315,2.2993
4061,0.13450801372528076,0.13450801372528076,0.22185440361499786,0.22185440361499786,2.2998
4062,0.134505033493042,0.134505033493042,0.22186121344566345,0.22186121344566345,2.3003
4063,0.1345020830631256,0.1345020830631256,0.22186502814292908,0.22186502814292908,2.3008
4064,0.13449911773204803,0.13449911773204803,0.2218639850616455,0.2218639850616455,2.3013
4065,0.13449618220329285,0.13449618220329285,0.22187352180480957,0.22187352180480957,2.3018
4066,0.13449323177337646,0.13449323177337646,0.22188296914100647,0.22188296914100647,2.3023
4067,0.13449032604694366,0.13449032604694366,0.2218749225139618,0.2218749225139618,2.3028
4068,0.1344873607158661,0.1344873607158661,0.22187533974647522,0.22187533974647522,2.3033
4069,0.13448446989059448,0.13448446989059448,0.2218952178955078,0.2218952178955078,2.3038
4070,0.1344815194606781,0.1344815194606781,0.22189775109291077,0.22189775109291077,2.3043
4071,0.1344786286354065,0.1344786286354065,0.22188329696655273,0.22188329696655273,2.3048
4072,0.1344756931066513,0.1344756931066513,0.22189196944236755,0.22189196944236755,2.3053
4073,0.13447286188602448,0.13447286188602448,0.2219126671552658,0.2219126671552658,2.3058
4074,0.13446994125843048,0.13446994125843048,0.22190943360328674,0.22190943360328674,2.3063
4075,0.1344670206308365,0.1344670206308365,0.2218988835811615,0.2218988835811615,2.3068
4076,0.13446417450904846,0.13446417450904846,0.2219093292951584,0.2219093292951584,2.3074
4077,0.13446128368377686,0.13446128368377686,0.22191986441612244,0.22191986441612244,2.3079
4078,0.13445845246315002,0.13445845246315002,0.22192473709583282,0.22192473709583282,2.3084
4079,0.13445553183555603,0.13445553183555603,0.22192955017089844,0.22192955017089844,2.3089
4080,0.1344527006149292,0.1344527006149292,0.22192271053791046,0.22192271053791046,2.3094
4081,0.1344498097896576,0.1344498097896576,0.22192983329296112,0.22192983329296112,2.3099
4082,0.13444700837135315,0.13444700837135315,0.22194349765777588,0.22194349765777588,2.3104
4083,0.13444416224956512,0.13444416224956512,0.22194060683250427,0.22194060683250427,2.3109
4084,0.1344413161277771,0.1344413161277771,0.22194156050682068,0.22194156050682068,2.3114
4085,0.13443848490715027,0.13443848490715027,0.22194452583789825,0.22194452583789825,2.3119
4086,0.13443566858768463,0.13443566858768463,0.22194981575012207,0.22194981575012207,2.3124
4087,0.13443288207054138,0.13443288207054138,0.22195319831371307,0.22195319831371307,2.3129
4088,0.13443006575107574,0.13443006575107574,0.22195394337177277,0.22195394337177277,2.3134
4089,0.1344272643327713,0.1344272643327713,0.22196073830127716,0.22196073830127716,2.3139
4090,0.13442449271678925,0.13442449271678925,0.2219654619693756,0.2219654619693756,2.3144
4091,0.1344216763973236,0.1344216763973236,0.22195959091186523,0.22195959091186523,2.3149
4092,0.13441890478134155,0.13441890478134155,0.22196388244628906,0.22196388244628906,2.3154
4093,0.1344161331653595,0.1344161331653595,0.2219737023115158,0.2219737023115158,2.3159
4094,0.13441336154937744,0.13441336154937744,0.22197642922401428,0.22197642922401428,2.3164
4095,0.13441060483455658,0.13441060483455658,0.2219761610031128,0.2219761610031128,2.317
4096,0.13440780341625214,0.13440780341625214,0.2219742238521576,0.2219742238521576,2.3175
4097,0.13440509140491486,0.13440509140491486,0.2219783365726471,0.2219783365726471,2.318
4098,0.13440236449241638,0.13440236449241638,0.22198614478111267,0.22198614478111267,2.3185
4099,0.13439956307411194,0.13439956307411194,0.22199293971061707,0.22199293971061707,2.319
4100,0.13439688086509705,0.13439688086509705,0.22198495268821716,0.22198495268821716,2.3195
4101,0.13439412415027618,0.13439412415027618,0.22199077904224396,0.22199077904224396,2.32
4102,0.1343913972377777,0.1343913972377777,0.22199992835521698,0.22199992835521698,2.3205
4103,0.13438870012760162,0.13438870012760162,0.22200250625610352,0.22200250625610352,2.321
4104,0.13438597321510315,0.13438597321510315,0.2219986468553543,0.2219986468553543,2.3215
4105,0.13438327610492706,0.13438327610492706,0.22200004756450653,0.22200004756450653,2.322
4106,0.13438057899475098,0.13438057899475098,0.222015380859375,0.222015380859375,2.3225
4107,0.1343778371810913,0.1343778371810913,0.22201518714427948,0.22201518714427948,2.323
4108,0.1343752145767212,0.1343752145767212,0.22200798988342285,0.22200798988342285,2.3235
4109,0.1343725025653839,0.1343725025653839,0.2220155894756317,0.2220155894756317,2.324
4110,0.1343698501586914,0.1343698501586914,0.22202853858470917,0.22202853858470917,2.3245
4111,0.13436715304851532,0.13436715304851532,0.22202977538108826,0.22202977538108826,2.325
4112,0.13436448574066162,0.13436448574066162,0.22202423214912415,0.22202423214912415,2.3255
4113,0.13436181843280792,0.13436181843280792,0.222028449177742,0.222028449177742,2.326
4114,0.13435915112495422,0.13435915112495422,0.2220427542924881,0.2220427542924881,2.3266
4115,0.1343565136194229,0.1343565136194229,0.22203955054283142,0.22203955054283142,2.327
4116,0.1343538910150528,0.1343538910150528,0.22203655540943146,0.22203655540943146,2.3276
4117,0.1343512237071991,0.1343512237071991,0.22204789519309998,0.22204789519309998,2.3281
4118,0.13434866070747375,0.13434866070747375,0.22205686569213867,0.22205686569213867,2.3286
4119,0.13434597849845886,0.13434597849845886,0.22205427289009094,0.22205427289009094,2.3291
4120,0.13434338569641113,0.13434338569641113,0.22204919159412384,0.22204919159412384,2.3296
4121,0.1343407779932022,0.1343407779932022,0.22205626964569092,0.22205626964569092,2.3301
4122,0.13433820009231567,0.13433820009231567,0.2220667153596878,0.2220667153596878,2.3306
4123,0.13433557748794556,0.13433557748794556,0.2220752239227295,0.2220752239227295,2.3311
4124,0.13433293998241425,0.13433293998241425,0.22206711769104004,0.22206711769104004,2.3316
4125,0.1343303620815277,0.1343303620815277,0.22206196188926697,0.22206196188926697,2.3321
4126,0.13432776927947998,0.13432776927947998,0.22208373248577118,0.22208373248577118,2.3326
4127,0.13432517647743225,0.13432517647743225,0.22208638489246368,0.22208638489246368,2.3331
4128,0.1343226581811905,0.1343226581811905,0.2220744639635086,0.2220744639635086,2.3336
4129,0.13432002067565918,0.13432002067565918,0.2220926731824875,0.2220926731824875,2.3341
4130,0.13431748747825623,0.13431748747825623,0.22209501266479492,0.22209501266479492,2.3346
4131,0.13431496918201447,0.13431496918201447,0.22208333015441895,0.22208333015441895,2.3351
4132,0.13431236147880554,0.13431236147880554,0.22210773825645447,0.22210773825645447,2.3356
4133,0.13430984318256378,0.13430984318256378,0.22210879623889923,0.22210879623889923,2.3361
4134,0.1343073546886444,0.1343073546886444,0.22208893299102783,0.22208893299102783,2.3366
4135,0.13430474698543549,0.13430474698543549,0.22211790084838867,0.22211790084838867,2.3371
4136,0.13430222868919373,0.13430222868919373,0.22212553024291992,0.22212553024291992,2.3377
4137,0.13429972529411316,0.13429972529411316,0.22210022807121277,0.22210022807121277,2.3382
4138,0.13429716229438782,0.13429716229438782,0.22211746871471405,0.22211746871471405,2.3387
4139,0.13429471850395203,0.13429471850395203,0.22214345633983612,0.22214345633983612,2.3392
4140,0.13429215550422668,0.13429215550422668,0.22212040424346924,0.22212040424346924,2.3397
4141,0.1342896819114685,0.1342896819114685,0.22212179005146027,0.22212179005146027,2.3402
4142,0.13428722321987152,0.13428722321987152,0.2221546471118927,0.2221546471118927,2.3407
4143,0.13428466022014618,0.13428466022014618,0.22213487327098846,0.22213487327098846,2.3412
4144,0.1342822015285492,0.1342822015285492,0.22213515639305115,0.22213515639305115,2.3417
4145,0.13427972793579102,0.13427972793579102,0.22216156125068665,0.22216156125068665,2.3422
4146,0.13427717983722687,0.13427717983722687,0.22214758396148682,0.22214758396148682,2.3427
4147,0.13427472114562988,0.13427472114562988,0.2221446931362152,0.2221446931362152,2.3432
4148,0.13427229225635529,0.13427229225635529,0.22217103838920593,0.22217103838920593,2.3437
4149,0.13426978886127472,0.13426978886127472,0.22216174006462097,0.22216174006462097,2.3442
4150,0.1342673897743225,0.1342673897743225,0.22216033935546875,0.22216033935546875,2.3447
4151,0.13426491618156433,0.13426491618156433,0.2221846878528595,0.2221846878528595,2.3452
4152,0.13426247239112854,0.13426247239112854,0.22217035293579102,0.22217035293579102,2.3457
4153,0.13426007330417633,0.13426007330417633,0.22216491401195526,0.22216491401195526,2.3462
4154,0.13425758481025696,0.13425758481025696,0.22219574451446533,0.22219574451446533,2.3467
4155,0.13425514101982117,0.13425514101982117,0.22219252586364746,0.22219252586364746,2.3472
4156,0.13425278663635254,0.13425278663635254,0.22217842936515808,0.22217842936515808,2.3477
4157,0.13425034284591675,0.13425034284591675,0.22220692038536072,0.22220692038536072,2.3482
4158,0.13424785435199738,0.13424785435199738,0.22220146656036377,0.22220146656036377,2.3487
4159,0.13424548506736755,0.13424548506736755,0.2221939116716385,0.2221939116716385,2.3492
4160,0.13424307107925415,0.13424307107925415,0.22221560776233673,0.22221560776233673,2.3497
4161,0.13424065709114075,0.13424065709114075,0.22221508622169495,0.22221508622169495,2.3502
4162,0.13423824310302734,0.13423824310302734,0.22220873832702637,0.22220873832702637,2.3507
4163,0.13423588871955872,0.13423588871955872,0.22222664952278137,0.22222664952278137,2.3512
4164,0.1342335045337677,0.1342335045337677,0.22223448753356934,0.22223448753356934,2.3517
4165,0.13423116505146027,0.13423116505146027,0.2222174108028412,0.2222174108028412,2.3522
4166,0.13422875106334686,0.13422875106334686,0.22222809493541718,0.22222809493541718,2.3527
4167,0.13422642648220062,0.13422642648220062,0.22225534915924072,0.22225534915924072,2.3532
4168,0.13422401249408722,0.13422401249408722,0.22223873436450958,0.22223873436450958,2.3537
4169,0.13422167301177979,0.13422167301177979,0.222234845161438,0.222234845161438,2.3542
4170,0.13421937823295593,0.13421937823295593,0.22225871682167053,0.22225871682167053,2.3547
4171,0.13421699404716492,0.13421699404716492,0.22225379943847656,0.22225379943847656,2.3552
4172,0.1342146098613739,0.1342146098613739,0.22226035594940186,0.22226035594940186,2.3557
4173,0.13421234488487244,0.13421234488487244,0.22226925194263458,0.22226925194263458,2.3562
4174,0.13420996069908142,0.13420996069908142,0.22225673496723175,0.22225673496723175,2.3567
4175,0.1342076063156128,0.1342076063156128,0.2222762405872345,0.2222762405872345,2.3572
4176,0.13420531153678894,0.13420531153678894,0.2222868949174881,0.2222868949174881,2.3577
4177,0.1342029720544815,0.1342029720544815,0.22226974368095398,0.22226974368095398,2.3582
4178,0.13420067727565765,0.13420067727565765,0.22228184342384338,0.22228184342384338,2.3587
4179,0.1341983824968338,0.1341983824968338,0.22229786217212677,0.22229786217212677,2.3592
4180,0.13419605791568756,0.13419605791568756,0.22229667007923126,0.22229667007923126,2.3597
4181,0.1341937631368637,0.1341937631368637,0.22229380905628204,0.22229380905628204,2.3602
4182,0.13419145345687866,0.13419145345687866,0.22229871153831482,0.22229871153831482,2.3607
4183,0.1341892033815384,0.1341892033815384,0.22231467068195343,0.22231467068195343,2.3612
4184,0.13418689370155334,0.13418689370155334,0.22231364250183105,0.22231364250183105,2.3617
4185,0.13418461382389069,0.13418461382389069,0.22231121361255646,0.22231121361255646,2.3623
4186,0.13418230414390564,0.13418230414390564,0.22232122719287872,0.22232122719287872,2.3628
4187,0.13418008387088776,0.13418008387088776,0.22232599556446075,0.22232599556446075,2.3633
4188,0.13417787849903107,0.13417787849903107,0.22232794761657715,0.22232794761657715,2.3638
4189,0.13417555391788483,0.13417555391788483,0.22234506905078888,0.22234506905078888,2.3643
4190,0.13417331874370575,0.13417331874370575,0.22233667969703674,0.22233667969703674,2.3648
4191,0.13417105376720428,0.13417105376720428,0.22233180701732635,0.22233180701732635,2.3653
4192,0.1341688632965088,0.1341688632965088,0.22236493229866028,0.22236493229866028,2.3658
4193,0.13416652381420135,0.13416652381420135,0.2223568856716156,0.2223568856716156,2.3663
4194,0.13416436314582825,0.13416436314582825,0.22234246134757996,0.22234246134757996,2.3668
4195,0.13416212797164917,0.13416212797164917,0.2223704606294632,0.2223704606294632,2.3673
4196,0.1341598778963089,0.1341598778963089,0.22237396240234375,0.22237396240234375,2.3678
4197,0.13415774703025818,0.13415774703025818,0.22236211597919464,0.22236211597919464,2.3683
4198,0.1341554820537567,0.1341554820537567,0.2223896086215973,0.2223896086215973,2.3688
4199,0.13415327668190002,0.13415327668190002,0.22238144278526306,0.22238144278526306,2.3693
4200,0.1341511309146881,0.1341511309146881,0.22236904501914978,0.22236904501914978,2.3698
4201,0.13414891064167023,0.13414891064167023,0.22241249680519104,0.22241249680519104,2.3703
4202,0.13414663076400757,0.13414663076400757,0.22240105271339417,0.22240105271339417,2.3708
4203,0.13414452970027924,0.13414452970027924,0.22237786650657654,0.22237786650657654,2.3713
4204,0.13414226472377777,0.13414226472377777,0.22241711616516113,0.22241711616516113,2.3718
4205,0.13414007425308228,0.13414007425308228,0.22242066264152527,0.22242066264152527,2.3723
4206,0.13413794338703156,0.13413794338703156,0.22240141034126282,0.22240141034126282,2.3729
4207,0.13413584232330322,0.13413584232330322,0.22242672741413116,0.22242672741413116,2.3734
4208,0.13413356244564056,0.13413356244564056,0.2224271297454834,0.2224271297454834,2.3739
4209,0.13413149118423462,0.13413149118423462,0.22242550551891327,0.22242550551891327,2.3744
4210,0.13412925601005554,0.13412925601005554,0.2224518358707428,0.2224518358707428,2.3749
4211,0.13412712514400482,0.13412712514400482,0.22243468463420868,0.22243468463420868,2.3754
4212,0.1341249942779541,0.1341249942779541,0.22242936491966248,0.22242936491966248,2.3759
4213,0.1341228485107422,0.1341228485107422,0.2224665880203247,0.2224665880203247,2.3764
4214,0.1341206431388855,0.1341206431388855,0.22246113419532776,0.22246113419532776,2.3769
4215,0.13411855697631836,0.13411855697631836,0.22244706749916077,0.22244706749916077,2.3774
4216,0.13411641120910645,0.13411641120910645,0.22246941924095154,0.22246941924095154,2.3779
4217,0.13411428034305573,0.13411428034305573,0.22246837615966797,0.22246837615966797,2.3784
4218,0.1341121345758438,0.1341121345758438,0.2224765121936798,0.2224765121936798,2.3789
4219,0.1341100037097931,0.1341100037097931,0.22248628735542297,0.22248628735542297,2.3794
4220,0.13410791754722595,0.13410791754722595,0.22247648239135742,0.22247648239135742,2.3799
4221,0.13410580158233643,0.13410580158233643,0.2224874496459961,0.2224874496459961,2.3804
4222,0.13410376012325287,0.13410376012325287,0.22251614928245544,0.22251614928245544,2.3809
4223,0.13410158455371857,0.13410158455371857,0.22249460220336914,0.22249460220336914,2.3814
4224,0.134099543094635,0.134099543094635,0.22249126434326172,0.22249126434326172,2.3819
4225,0.1340973973274231,0.1340973973274231,0.22252288460731506,0.22252288460731506,2.3824
4226,0.13409532606601715,0.13409532606601715,0.22251927852630615,0.22251927852630615,2.3829
4227,0.13409319519996643,0.13409319519996643,0.22251658141613007,0.22251658141613007,2.3834
4228,0.13409127295017242,0.13409127295017242,0.2225324660539627,0.2225324660539627,2.3839
4229,0.13408906757831573,0.13408906757831573,0.22252485156059265,0.22252485156059265,2.3844
4230,0.13408708572387695,0.13408708572387695,0.22254136204719543,0.22254136204719543,2.385
4231,0.13408496975898743,0.13408496975898743,0.22255916893482208,0.22255916893482208,2.3855
4232,0.13408300280570984,0.13408300280570984,0.22253163158893585,0.22253163158893585,2.386
4233,0.13408085703849792,0.13408085703849792,0.2225443422794342,0.2225443422794342,2.3865
4234,0.13407889008522034,0.13407889008522034,0.2225760519504547,0.2225760519504547,2.387
4235,0.1340768039226532,0.1340768039226532,0.2225598841905594,0.2225598841905594,2.3875
4236,0.13407471776008606,0.13407471776008606,0.22255997359752655,0.22255997359752655,2.388
4237,0.1340726912021637,0.1340726912021637,0.2225772589445114,0.2225772589445114,2.3885
4238,0.13407060503959656,0.13407060503959656,0.2225709855556488,0.2225709855556488,2.389
4239,0.1340685784816742,0.1340685784816742,0.2225838154554367,0.2225838154554367,2.3895
4240,0.1340666264295578,0.1340666264295578,0.2225978821516037,0.2225978821516037,2.39
4241,0.13406455516815186,0.13406455516815186,0.2225840985774994,0.2225840985774994,2.3905
4242,0.13406255841255188,0.13406255841255188,0.22260646522045135,0.22260646522045135,2.391
4243,0.1340605467557907,0.1340605467557907,0.2226220667362213,0.2226220667362213,2.3915
4244,0.13405856490135193,0.13405856490135193,0.22259342670440674,0.22259342670440674,2.392
4245,0.13405653834342957,0.13405653834342957,0.22261157631874084,0.22261157631874084,2.3925
4246,0.13405457139015198,0.13405457139015198,0.22263741493225098,0.22263741493225098,2.393
4247,0.1340525597333908,0.1340525597333908,0.22262272238731384,0.22262272238731384,2.3935
4248,0.13405053317546844,0.13405053317546844,0.22263255715370178,0.22263255715370178,2.394
4249,0.13404855132102966,0.13404855132102966,0.2226414680480957,0.2226414680480957,2.3945
4250,0.13404658436775208,0.13404658436775208,0.22263017296791077,0.22263017296791077,2.395
4251,0.1340445578098297,0.1340445578098297,0.22265107929706573,0.22265107929706573,2.3955
4252,0.13404254615306854,0.13404254615306854,0.2226634919643402,0.2226634919643402,2.396
4253,0.13404053449630737,0.13404053449630737,0.22264809906482697,0.22264809906482697,2.3965
4254,0.13403834402561188,0.13403834402561188,0.2226734608411789,0.2226734608411789,2.397
4255,0.13403621315956116,0.13403621315956116,0.22266915440559387,0.22266915440559387,2.3976
4256,0.13403397798538208,0.13403397798538208,0.22265298664569855,0.22265298664569855,2.3981
4257,0.13403165340423584,0.13403165340423584,0.22269268333911896,0.22269268333911896,2.3986
4258,0.13402926921844482,0.13402926921844482,0.22267703711986542,0.22267703711986542,2.3991
4259,0.13402695953845978,0.13402695953845978,0.22265954315662384,0.22265954315662384,2.3996
4260,0.13402463495731354,0.13402463495731354,0.22269432246685028,0.22269432246685028,2.4001
4261,0.13402216136455536,0.13402216136455536,0.22267785668373108,0.22267785668373108,2.4006
4262,0.13401970267295837,0.13401970267295837,0.22267615795135498,0.22267615795135498,2.4011
4263,0.13401737809181213,0.13401737809181213,0.22268930077552795,0.22268930077552795,2.4016
4264,0.13401487469673157,0.13401487469673157,0.22266921401023865,0.22266921401023865,2.4021
4265,0.134012371301651,0.134012371301651,0.22269196808338165,0.22269196808338165,2.4026
4266,0.13400988280773163,0.13400988280773163,0.222691148519516,0.222691148519516,2.4031
4267,0.13400746881961823,0.13400746881961823,0.22266659140586853,0.22266659140586853,2.4036
4268,0.13400496542453766,0.13400496542453766,0.222691148519516,0.222691148519516,2.4041
4269,0.13400255143642426,0.13400255143642426,0.22270968556404114,0.22270968556404114,2.4046
4270,0.1340000182390213,0.1340000182390213,0.222674161195755,0.222674161195755,2.4051
4271,0.13399763405323029,0.13399763405323029,0.22268566489219666,0.22268566489219666,2.4056
4272,0.13399504125118256,0.13399504125118256,0.22270235419273376,0.22270235419273376,2.4061
4273,0.13399261236190796,0.13399261236190796,0.22270064055919647,0.22270064055919647,2.4066
4274,0.1339901089668274,0.1339901089668274,0.22269940376281738,0.22269940376281738,2.4071
4275,0.1339876353740692,0.1339876353740692,0.222693532705307,0.222693532705307,2.4076
4276,0.13398519158363342,0.13398519158363342,0.2227073609828949,0.2227073609828949,2.4082
4277,0.13398273289203644,0.13398273289203644,0.2227058857679367,0.2227058857679367,2.4087
4278,0.13398027420043945,0.13398027420043945,0.22270198166370392,0.22270198166370392,2.4092
4279,0.13397790491580963,0.13397790491580963,0.22271399199962616,0.22271399199962616,2.4097
4280,0.13397547602653503,0.13397547602653503,0.2227127104997635,0.2227127104997635,2.4102
4281,0.13397301733493805,0.13397301733493805,0.22272606194019318,0.22272606194019318,2.4107
4282,0.13397066295146942,0.13397066295146942,0.22271719574928284,0.22271719574928284,2.4112
4283,0.13396821916103363,0.13396821916103363,0.2227085381746292,0.2227085381746292,2.4117
4284,0.13396583497524261,0.13396583497524261,0.22274474799633026,0.22274474799633026,2.4122
4285,0.13396339118480682,0.13396339118480682,0.222730353474617,0.222730353474617,2.4127
4286,0.1339610368013382,0.1339610368013382,0.22271999716758728,0.22271999716758728,2.4132
4287,0.13395872712135315,0.13395872712135315,0.22274717688560486,0.22274717688560486,2.4137
4288,0.13395634293556213,0.13395634293556213,0.22273318469524384,0.22273318469524384,2.4142
4289,0.13395392894744873,0.13395392894744873,0.22274665534496307,0.22274665534496307,2.4147
4290,0.13395163416862488,0.13395163416862488,0.22274966537952423,0.22274966537952423,2.4152
4291,0.13394930958747864,0.13394930958747864,0.22273001074790955,0.22273001074790955,2.4157
4292,0.1339469701051712,0.1339469701051712,0.22276893258094788,0.22276893258094788,2.4162
4293,0.13394460082054138,0.13394460082054138,0.2227582484483719,0.2227582484483719,2.4167
4294,0.13394233584403992,0.13394233584403992,0.222738116979599,0.222738116979599,2.4172
4295,0.1339399814605713,0.1339399814605713,0.22277405858039856,0.22277405858039856,2.4177
4296,0.13393765687942505,0.13393765687942505,0.2227674424648285,0.2227674424648285,2.4182
4297,0.13393546640872955,0.13393546640872955,0.22275900840759277,0.22275900840759277,2.4187
4298,0.13393311202526093,0.13393311202526093,0.22278106212615967,0.22278106212615967,2.4192
4299,0.13393083214759827,0.13393083214759827,0.2227802723646164,0.2227802723646164,2.4198
4300,0.1339285522699356,0.1339285522699356,0.2227824628353119,0.2227824628353119,2.4203
4301,0.13392633199691772,0.13392633199691772,0.22278590500354767,0.22278590500354767,2.4208
4302,0.13392411172389984,0.13392411172389984,0.22278432548046112,0.22278432548046112,2.4213
4303,0.13392183184623718,0.13392183184623718,0.22279763221740723,0.22279763221740723,2.4218
4304,0.1339195817708969,0.1339195817708969,0.2228042334318161,0.2228042334318161,2.4223
4305,0.13391771912574768,0.13391771912574768,0.22279886901378632,0.22279886901378632,2.4228
4306,0.13391593098640442,0.13391593098640442,0.2228071689605713,0.2228071689605713,2.4233
4307,0.13391412794589996,0.13391412794589996,0.2228117436170578,0.2228117436170578,2.4238
4308,0.13391231000423431,0.13391231000423431,0.2228287160396576,0.2228287160396576,2.4243
4309,0.13391050696372986,0.13391050696372986,0.222821906208992,0.222821906208992,2.4248
4310,0.1339087188243866,0.1339087188243866,0.2228265255689621,0.2228265255689621,2.4253
4311,0.13390691578388214,0.13390691578388214,0.22284969687461853,0.22284969687461853,2.4258
4312,0.13390511274337769,0.13390511274337769,0.22284826636314392,0.22284826636314392,2.4263
4313,0.13390330970287323,0.13390330970287323,0.2228522002696991,0.2228522002696991,2.4268
4314,0.13390153646469116,0.13390153646469116,0.22286482155323029,0.22286482155323029,2.4273
4315,0.1338997632265091,0.1338997632265091,0.2228822261095047,0.2228822261095047,2.4278
4316,0.13389794528484344,0.13389794528484344,0.22287459671497345,0.22287459671497345,2.4283
4317,0.13389618694782257,0.13389618694782257,0.22288140654563904,0.22288140654563904,2.4288
4318,0.13389438390731812,0.13389438390731812,0.2228982001543045,0.2228982001543045,2.4293
4319,0.13389265537261963,0.13389265537261963,0.22290077805519104,0.22290077805519104,2.4298
4320,0.13389085233211517,0.13389085233211517,0.22291088104248047,0.22291088104248047,2.4303
4321,0.1338890790939331,0.1338890790939331,0.2229158878326416,0.2229158878326416,2.4308
4322,0.13388729095458984,0.13388729095458984,0.22291609644889832,0.22291609644889832,2.4313
4323,0.13388557732105255,0.13388557732105255,0.22293350100517273,0.22293350100517273,2.4318
4324,0.13388383388519287,0.13388383388519287,0.22293896973133087,0.22293896973133087,2.4322
4325,0.1338820457458496,0.1338820457458496,0.22295470535755157,0.22295470535755157,2.4327
4326,0.13388030230998993,0.13388030230998993,0.2229464054107666,0.2229464054107666,2.4333
4327,0.13387855887413025,0.13387855887413025,0.222950741648674,0.222950741648674,2.4338
4328,0.13387683033943176,0.13387683033943176,0.22297430038452148,0.22297430038452148,2.4343
4329,0.1338750720024109,0.1338750720024109,0.22297219932079315,0.22297219932079315,2.4348
4330,0.1338733583688736,0.1338733583688736,0.22297701239585876,0.22297701239585876,2.4353
4331,0.13387158513069153,0.13387158513069153,0.2229897528886795,0.2229897528886795,2.4358
4332,0.13386987149715424,0.13386987149715424,0.22298741340637207,0.22298741340637207,2.4363
4333,0.13386814296245575,0.13386814296245575,0.22299766540527344,0.22299766540527344,2.4368
4334,0.13386639952659607,0.13386639952659607,0.22300715744495392,0.22300715744495392,2.4373
4335,0.13386476039886475,0.13386476039886475,0.2230064868927002,0.2230064868927002,2.4378
4336,0.13386304676532745,0.13386304676532745,0.22303840517997742,0.22303840517997742,2.4383
4337,0.13386130332946777,0.13386130332946777,0.22302231192588806,0.22302231192588806,2.4388
4338,0.13385964930057526,0.13385964930057526,0.22302179038524628,0.22302179038524628,2.4393
4339,0.13385792076587677,0.13385792076587677,0.2230546474456787,0.2230546474456787,2.4398
4340,0.13385620713233948,0.13385620713233948,0.2230478972196579,0.2230478972196579,2.4403
4341,0.13385449349880219,0.13385449349880219,0.22305646538734436,0.22305646538734436,2.4407
4342,0.13385280966758728,0.13385280966758728,0.22306954860687256,0.22306954860687256,2.4412
4343,0.13385112583637238,0.13385112583637238,0.22305817902088165,0.22305817902088165,2.4417
4344,0.13384941220283508,0.13384941220283508,0.22307953238487244,0.22307953238487244,2.4422
4345,0.13384774327278137,0.13384774327278137,0.22309155762195587,0.22309155762195587,2.4428
4346,0.13384607434272766,0.13384607434272766,0.22308488190174103,0.22308488190174103,2.4433
4347,0.13384437561035156,0.13384437561035156,0.22310462594032288,0.22310462594032288,2.4438
4348,0.13384275138378143,0.13384275138378143,0.22310364246368408,0.22310364246368408,2.4443
4349,0.13384105265140533,0.13384105265140533,0.2231190949678421,0.2231190949678421,2.4448
4350,0.13383939862251282,0.13383939862251282,0.22311711311340332,0.22311711311340332,2.4453
4351,0.1338377296924591,0.1338377296924591,0.22312065958976746,0.22312065958976746,2.4458
4352,0.1338360756635666,0.1338360756635666,0.22314545512199402,0.22314545512199402,2.4463
4353,0.13383443653583527,0.13383443653583527,0.22314167022705078,0.22314167022705078,2.4468
4354,0.13383278250694275,0.13383278250694275,0.2231403887271881,0.2231403887271881,2.4473
4355,0.13383111357688904,0.13383111357688904,0.2231549769639969,0.2231549769639969,2.4478
4356,0.1338294893503189,0.1338294893503189,0.22315654158592224,0.22315654158592224,2.4483
4357,0.133827805519104,0.133827805519104,0.22316789627075195,0.22316789627075195,2.4488
4358,0.13382618129253387,0.13382618129253387,0.22317489981651306,0.22317489981651306,2.4493
4359,0.13382455706596375,0.13382455706596375,0.22317342460155487,0.22317342460155487,2.4498
4360,0.13382293283939362,0.13382293283939362,0.22319045662879944,0.22319045662879944,2.4503
4361,0.13382136821746826,0.13382136821746826,0.2231936901807785,0.2231936901807785,2.4508
4362,0.13381969928741455,0.13381969928741455,0.22320909798145294,0.22320909798145294,2.4513
4363,0.13381808996200562,0.13381808996200562,0.22319793701171875,0.22319793701171875,2.4518
4364,0.1338164508342743,0.1338164508342743,0.22320792078971863,0.22320792078971863,2.4523
4365,0.13381490111351013,0.13381490111351013,0.2232329398393631,0.2232329398393631,2.4528
4366,0.13381323218345642,0.13381323218345642,0.22322392463684082,0.22322392463684082,2.4533
4367,0.13381165266036987,0.13381165266036987,0.22322936356067657,0.22322936356067657,2.4538
4368,0.13381001353263855,0.13381001353263855,0.2232397496700287,0.2232397496700287,2.4543
4369,0.1338084489107132,0.1338084489107132,0.22323855757713318,0.22323855757713318,2.4548
4370,0.13380680978298187,0.13380680978298187,0.22325368225574493,0.22325368225574493,2.4553
4371,0.13380520045757294,0.13380520045757294,0.22325630486011505,0.22325630486011505,2.4558
4372,0.1338036209344864,0.1338036209344864,0.22326016426086426,0.22326016426086426,2.4563
4373,0.13380202651023865,0.13380202651023865,0.22327999770641327,0.22327999770641327,2.4568
4374,0.1338004469871521,0.1338004469871521,0.2232782393693924,0.2232782393693924,2.4573
4375,0.13379888236522675,0.13379888236522675,0.22327709197998047,0.22327709197998047,2.4578
4376,0.13379736244678497,0.13379736244678497,0.22330936789512634,0.22330936789512634,2.4589
4377,0.13379572331905365,0.13379572331905365,0.22328853607177734,0.22328853607177734,2.4594
4378,0.1337941437959671,0.1337941437959671,0.22330565750598907,0.22330565750598907,2.46
4379,0.13379260897636414,0.13379260897636414,0.2233259230852127,0.2233259230852127,2.4605
4380,0.13379104435443878,0.13379104435443878,0.22330529987812042,0.22330529987812042,2.461
4381,0.13378944993019104,0.13378944993019104,0.2233288288116455,0.2233288288116455,2.4615
4382,0.1337878555059433,0.1337878555059433,0.2233324497938156,0.2233324497938156,2.462
4383,0.13378632068634033,0.13378632068634033,0.223324254155159,0.223324254155159,2.4626
4384,0.13378477096557617,0.13378477096557617,0.22335019707679749,0.22335019707679749,2.4631
4385,0.13378320634365082,0.13378320634365082,0.2233448028564453,0.2233448028564453,2.4636
4386,0.13378164172172546,0.13378164172172546,0.22335366904735565,0.22335366904735565,2.4641
4387,0.1337800920009613,0.1337800920009613,0.22337424755096436,0.22337424755096436,2.4646
4388,0.13377855718135834,0.13377855718135834,0.2233618199825287,0.2233618199825287,2.4651
4389,0.13377709686756134,0.13377709686756134,0.22337706387043,0.22337706387043,2.4656
4390,0.133775532245636,0.133775532245636,0.2233867645263672,0.2233867645263672,2.4661
4391,0.13377398252487183,0.13377398252487183,0.22340333461761475,0.22340333461761475,2.4666
4392,0.13377244770526886,0.13377244770526886,0.22339460253715515,0.22339460253715515,2.4674
4393,0.1337709277868271,0.1337709277868271,0.2234000414609909,0.2234000414609909,2.4679
4394,0.13376940786838531,0.13376940786838531,0.22341731190681458,0.22341731190681458,2.4685
4395,0.13376785814762115,0.13376785814762115,0.22341498732566833,0.22341498732566833,2.469
4396,0.13376636803150177,0.13376636803150177,0.22342252731323242,0.22342252731323242,2.4695
4397,0.1337648183107376,0.1337648183107376,0.22342786192893982,0.22342786192893982,2.47
4398,0.13376331329345703,0.13376331329345703,0.2234305888414383,0.2234305888414383,2.4705
4399,0.13376179337501526,0.13376179337501526,0.22344544529914856,0.22344544529914856,2.471
4400,0.13376028835773468,0.13376028835773468,0.22344715893268585,0.22344715893268585,2.4715
4401,0.1337587535381317,0.1337587535381317,0.2234538495540619,0.2234538495540619,2.4723
4402,0.13375726342201233,0.13375726342201233,0.22346791625022888,0.22346791625022888,2.4733
4403,0.13375575840473175,0.13375575840473175,0.2234683781862259,0.2234683781862259,2.474
4404,0.13375426828861237,0.13375426828861237,0.22347673773765564,0.22347673773765564,2.4745
4405,0.13375279307365417,0.13375279307365417,0.22348304092884064,0.22348304092884064,2.475
4406,0.13375131785869598,0.13375131785869598,0.22350886464118958,0.22350886464118958,2.4755
4407,0.1337498128414154,0.1337498128414154,0.22349032759666443,0.22349032759666443,2.476
4408,0.1337483525276184,0.1337483525276184,0.2235001027584076,0.2235001027584076,2.4765
4409,0.1337468922138214,0.1337468922138214,0.22351732850074768,0.22351732850074768,2.477
4410,0.13374540209770203,0.13374540209770203,0.22350946068763733,0.22350946068763733,2.4776
4411,0.13374391198158264,0.13374391198158264,0.22352802753448486,0.22352802753448486,2.4781
4412,0.13374240696430206,0.13374240696430206,0.22352738678455353,0.22352738678455353,2.4786
4413,0.13374096155166626,0.13374096155166626,0.2235277146100998,0.2235277146100998,2.4791
4414,0.13373950123786926,0.13373950123786926,0.22354812920093536,0.22354812920093536,2.4796
4415,0.13373799622058868,0.13373799622058868,0.22354404628276825,0.22354404628276825,2.4801
4416,0.1337365359067917,0.1337365359067917,0.22355683147907257,0.22355683147907257,2.4806
4417,0.1337350755929947,0.1337350755929947,0.22356972098350525,0.22356972098350525,2.4811
4418,0.13373364508152008,0.13373364508152008,0.22356519103050232,0.22356519103050232,2.4816
4419,0.1337321549654007,0.1337321549654007,0.22358107566833496,0.22358107566833496,2.4822
4420,0.1337306946516037,0.1337306946516037,0.22358684241771698,0.22358684241771698,2.4829
4421,0.13372927904129028,0.13372927904129028,0.22359399497509003,0.22359399497509003,2.4834
4422,0.1337277889251709,0.1337277889251709,0.2236090451478958,0.2236090451478958,2.4839
4423,0.13372640311717987,0.13372640311717987,0.22360429167747498,0.22360429167747498,2.4844
4424,0.13372495770454407,0.13372495770454407,0.22360894083976746,0.22360894083976746,2.4849
4425,0.13372355699539185,0.13372355699539185,0.22364087402820587,0.22364087402820587,2.4854
4426,0.13372212648391724,0.13372212648391724,0.22361063957214355,0.22361063957214355,2.4859
4427,0.13372066617012024,0.13372066617012024,0.2236367166042328,0.2236367166042328,2.4864
4428,0.13371925055980682,0.13371925055980682,0.22365018725395203,0.22365018725395203,2.4869
4429,0.13371782004833221,0.13371782004833221,0.2236342877149582,0.2236342877149582,2.4874
4430,0.1337163746356964,0.1337163746356964,0.22366254031658173,0.22366254031658173,2.4879
4431,0.1337149441242218,0.1337149441242218,0.22365045547485352,0.22365045547485352,2.4884
4432,0.1337135136127472,0.1337135136127472,0.22365856170654297,0.22365856170654297,2.489
4433,0.13371212780475616,0.13371212780475616,0.2236800193786621,0.2236800193786621,2.4895
4434,0.13371068239212036,0.13371068239212036,0.22366377711296082,0.22366377711296082,2.49
4435,0.13370926678180695,0.13370926678180695,0.22368678450584412,0.22368678450584412,2.4905
4436,0.13370786607265472,0.13370786607265472,0.223692387342453,0.223692387342453,2.491
4437,0.1337064802646637,0.1337064802646637,0.22368593513965607,0.22368593513965607,2.4915
4438,0.1337050497531891,0.1337050497531891,0.22370639443397522,0.22370639443397522,2.492
4439,0.13370363414287567,0.13370363414287567,0.22370190918445587,0.22370190918445587,2.4925
4440,0.13370224833488464,0.13370224833488464,0.22371777892112732,0.22371777892112732,2.493
4441,0.13370084762573242,0.13370084762573242,0.22373194992542267,0.22373194992542267,2.4935
4442,0.1336994767189026,0.1336994767189026,0.2237238585948944,0.2237238585948944,2.494
4443,0.13369810581207275,0.13369810581207275,0.223738431930542,0.223738431930542,2.4945
4444,0.1336967498064041,0.1336967498064041,0.2237633764743805,0.2237633764743805,2.495
4445,0.13369536399841309,0.13369536399841309,0.22373294830322266,0.22373294830322266,2.4955
4446,0.13369394838809967,0.13369394838809967,0.22376546263694763,0.22376546263694763,2.496
4447,0.13369257748126984,0.13369257748126984,0.22377082705497742,0.22377082705497742,2.4966
4448,0.1336911916732788,0.1336911916732788,0.2237638533115387,0.2237638533115387,2.4971
4449,0.13368986546993256,0.13368986546993256,0.22378697991371155,0.22378697991371155,2.4976
4450,0.13368843495845795,0.13368843495845795,0.22376863658428192,0.22376863658428192,2.4981
4451,0.1336870789527893,0.1336870789527893,0.22378630936145782,0.22378630936145782,2.4986
4452,0.13368567824363708,0.13368567824363708,0.22379688918590546,0.22379688918590546,2.4991
4453,0.13368433713912964,0.13368433713912964,0.22378666698932648,0.22378666698932648,2.4996
4454,0.1336829662322998,0.1336829662322998,0.22381310164928436,0.22381310164928436,2.5002
4455,0.13368161022663116,0.13368161022663116,0.22380757331848145,0.22380757331848145,2.5007
4456,0.13368022441864014,0.13368022441864014,0.2238127738237381,0.2238127738237381,2.5012
4457,0.13367891311645508,0.13367891311645508,0.2238275557756424,0.2238275557756424,2.5017
4458,0.13367751240730286,0.13367751240730286,0.22382239997386932,0.22382239997386932,2.5022
4459,0.13367615640163422,0.13367615640163422,0.2238467037677765,0.2238467037677765,2.5027
4460,0.13367483019828796,0.13367483019828796,0.22384877502918243,0.22384877502918243,2.5033
4461,0.13367348909378052,0.13367348909378052,0.22384896874427795,0.22384896874427795,2.5038
4462,0.13367214798927307,0.13367214798927307,0.22386717796325684,0.22386717796325684,2.5043
4463,0.13367077708244324,0.13367077708244324,0.2238653153181076,0.2238653153181076,2.5048
4464,0.13366945087909698,0.13366945087909698,0.22388148307800293,0.22388148307800293,2.5053
4465,0.13366812467575073,0.13366812467575073,0.22388699650764465,0.22388699650764465,2.5058
4466,0.13366687297821045,0.13366687297821045,0.22388234734535217,0.22388234734535217,2.5064
4467,0.13366557657718658,0.13366557657718658,0.22392435371875763,0.22392435371875763,2.5069
4468,0.13366420567035675,0.13366420567035675,0.2238818109035492,0.2238818109035492,2.5074
4469,0.13366283476352692,0.13366283476352692,0.2239116132259369,0.2239116132259369,2.5079
4470,0.13366152346134186,0.13366152346134186,0.22392363846302032,0.22392363846302032,2.5084
4471,0.133660227060318,0.133660227060318,0.22390463948249817,0.22390463948249817,2.5089
4472,0.13365893065929413,0.13365893065929413,0.22393789887428284,0.22393789887428284,2.5094
4473,0.1336575746536255,0.1336575746536255,0.22391316294670105,0.22391316294670105,2.5099
4474,0.13365623354911804,0.13365623354911804,0.22393102943897247,0.22393102943897247,2.5104
4475,0.13365493714809418,0.13365493714809418,0.22394363582134247,0.22394363582134247,2.511
4476,0.1336536407470703,0.1336536407470703,0.22392424941062927,0.22392424941062927,2.5115
4477,0.13365232944488525,0.13365232944488525,0.22395983338356018,0.22395983338356018,2.512
4478,0.1336509883403778,0.1336509883403778,0.22394824028015137,0.22394824028015137,2.5125
4479,0.13364967703819275,0.13364967703819275,0.22395654022693634,0.22395654022693634,2.513
4480,0.13364841043949127,0.13364841043949127,0.22397401928901672,0.22397401928901672,2.5135
4481,0.1336471140384674,0.1336471140384674,0.22396457195281982,0.22396457195281982,2.514
4482,0.13364581763744354,0.13364581763744354,0.22399702668190002,0.22399702668190002,2.5146
4483,0.1336444914340973,0.1336444914340973,0.22399184107780457,0.22399184107780457,2.5151
4484,0.13364320993423462,0.13364320993423462,0.22399672865867615,0.22399672865867615,2.5156
4485,0.13364192843437195,0.13364192843437195,0.22401714324951172,0.22401714324951172,2.5161
4486,0.1336406171321869,0.1336406171321869,0.22401118278503418,0.22401118278503418,2.5166
4487,0.13363933563232422,0.13363933563232422,0.22403426468372345,0.22403426468372345,2.5171
4488,0.13363805413246155,0.13363805413246155,0.22403259575366974,0.22403259575366974,2.5176
4489,0.13363680243492126,0.13363680243492126,0.22403736412525177,0.22403736412525177,2.5181
4490,0.1336354911327362,0.1336354911327362,0.22405461966991425,0.22405461966991425,2.5187
4491,0.13363422453403473,0.13363422453403473,0.22404634952545166,0.22404634952545166,2.5192
4492,0.13363295793533325,0.13363295793533325,0.2240642011165619,0.2240642011165619,2.5197
4493,0.1336316615343094,0.1336316615343094,0.22406427562236786,0.22406427562236786,2.5202
4494,0.1336304247379303,0.1336304247379303,0.2240677773952484,0.2240677773952484,2.5207
4495,0.1336292326450348,0.1336292326450348,0.22407636046409607,0.22407636046409607,2.5212
4496,0.13362793624401093,0.13362793624401093,0.22409434616565704,0.22409434616565704,2.5217
4497,0.13362672924995422,0.13362672924995422,0.224063903093338,0.224063903093338,2.5222
4498,0.13362541794776917,0.13362541794776917,0.2240941822528839,0.2240941822528839,2.5228
4499,0.13362416625022888,0.13362416625022888,0.2240908145904541,0.2240908145904541,2.5233
4500,0.13362286984920502,0.13362286984920502,0.2240908443927765,0.2240908443927765,2.5238
4501,0.1336216777563095,0.1336216777563095,0.2241055965423584,0.2241055965423584,2.5243
4502,0.13362041115760803,0.13362041115760803,0.22409002482891083,0.22409002482891083,2.5248
4503,0.13361915946006775,0.13361915946006775,0.22411589324474335,0.22411589324474335,2.5253
4504,0.13361787796020508,0.13361787796020508,0.22411032021045685,0.22411032021045685,2.5259
4505,0.13361665606498718,0.13361665606498718,0.22411641478538513,0.22411641478538513,2.5264
4506,0.1336154043674469,0.1336154043674469,0.2241390198469162,0.2241390198469162,2.5269
4507,0.13361415266990662,0.13361415266990662,0.22413155436515808,0.22413155436515808,2.5274
4508,0.13361291587352753,0.13361291587352753,0.22415074706077576,0.22415074706077576,2.5279
4509,0.13361167907714844,0.13361167907714844,0.22414883971214294,0.22414883971214294,2.5284
4510,0.13361042737960815,0.13361042737960815,0.22416193783283234,0.22416193783283234,2.529
4511,0.13360920548439026,0.13360920548439026,0.22417955100536346,0.22417955100536346,2.5295
4512,0.13360796868801117,0.13360796868801117,0.22417378425598145,0.22417378425598145,2.53
4513,0.1336067169904709,0.1336067169904709,0.22418832778930664,0.22418832778930664,2.5305
4514,0.133605495095253,0.133605495095253,0.2241893708705902,0.2241893708705902,2.531
4515,0.1336042881011963,0.1336042881011963,0.2242010086774826,0.2242010086774826,2.5315
4516,0.1336030513048172,0.1336030513048172,0.2242106944322586,0.2242106944322586,2.5321
4517,0.1336018592119217,0.1336018592119217,0.22420839965343475,0.22420839965343475,2.5326
4518,0.1336006373167038,0.1336006373167038,0.22422461211681366,0.22422461211681366,2.5331
4519,0.1335994005203247,0.1335994005203247,0.2242247611284256,0.2242247611284256,2.5336
4520,0.1335981786251068,0.1335981786251068,0.22423148155212402,0.22423148155212402,2.5341
4521,0.1335969865322113,0.1335969865322113,0.22423961758613586,0.22423961758613586,2.5346
4522,0.1335957646369934,0.1335957646369934,0.2242400199174881,0.2242400199174881,2.5352
4523,0.1335945874452591,0.1335945874452591,0.22425313293933868,0.22425313293933868,2.5357
4524,0.13359335064888,0.13359335064888,0.22425194084644318,0.22425194084644318,2.5362
4525,0.1335921585559845,0.1335921585559845,0.22425994277000427,0.22425994277000427,2.5367
4526,0.133590966463089,0.133590966463089,0.2242676317691803,0.2242676317691803,2.5372
4527,0.1335897594690323,0.1335897594690323,0.22426986694335938,0.22426986694335938,2.5378
4528,0.13358858227729797,0.13358858227729797,0.22427983582019806,0.22427983582019806,2.5383
4529,0.13358736038208008,0.13358736038208008,0.2242797315120697,0.2242797315120697,2.5388
4530,0.13358616828918457,0.13358616828918457,0.22429004311561584,0.22429004311561584,2.5393
4531,0.13358497619628906,0.13358497619628906,0.2242993414402008,0.2242993414402008,2.5398
4532,0.13358379900455475,0.13358379900455475,0.22430121898651123,0.22430121898651123,2.5403
4533,0.1335826814174652,0.1335826814174652,0.22430464625358582,0.22430464625358582,2.5408
4534,0.1335815042257309,0.1335815042257309,0.22433409094810486,0.22433409094810486,2.5414
4535,0.13358040153980255,0.13358040153980255,0.22429069876670837,0.22429069876670837,2.5419
4536,0.13357916474342346,0.13357916474342346,0.22433777153491974,0.22433777153491974,2.5424
4537,0.13357794284820557,0.13357794284820557,0.22432522475719452,0.22432522475719452,2.5429
4538,0.13357675075531006,0.13357675075531006,0.22433249652385712,0.22433249652385712,2.5435
4539,0.13357560336589813,0.13357560336589813,0.22434361279010773,0.22434361279010773,2.544
4540,0.133574441075325,0.133574441075325,0.22432155907154083,0.22432155907154083,2.5445
4541,0.1335732787847519,0.1335732787847519,0.22435955703258514,0.22435955703258514,2.545
4542,0.1335720717906952,0.1335720717906952,0.22433848679065704,0.22433848679065704,2.5455
4543,0.13357087969779968,0.13357087969779968,0.2243606150150299,0.2243606150150299,2.5461
4544,0.13356971740722656,0.13356971740722656,0.22436729073524475,0.22436729073524475,2.5466
4545,0.13356855511665344,0.13356855511665344,0.22436031699180603,0.22436031699180603,2.5471
4546,0.13356739282608032,0.13356739282608032,0.2243824452161789,0.2243824452161789,2.5476
4547,0.1335662305355072,0.1335662305355072,0.2243708074092865,0.2243708074092865,2.5482
4548,0.13356508314609528,0.13356508314609528,0.22440142929553986,0.22440142929553986,2.5487
4549,0.13356387615203857,0.13356387615203857,0.22440016269683838,0.22440016269683838,2.5493
4550,0.13356272876262665,0.13356272876262665,0.2244040071964264,0.2244040071964264,2.5499
4551,0.13356159627437592,0.13356159627437592,0.22441831231117249,0.22441831231117249,2.5504
4552,0.1335604339838028,0.1335604339838028,0.2244146317243576,0.2244146317243576,2.5509
4553,0.13355930149555206,0.13355930149555206,0.22443899512290955,0.22443899512290955,2.5514
4554,0.13355812430381775,0.13355812430381775,0.22443366050720215,0.22443366050720215,2.5519
4555,0.13355699181556702,0.13355699181556702,0.22444601356983185,0.22444601356983185,2.5524
4556,0.1335558295249939,0.1335558295249939,0.22445359826087952,0.22445359826087952,2.553
4557,0.13355471193790436,0.13355471193790436,0.22445592284202576,0.22445592284202576,2.5535
4558,0.13355356454849243,0.13355356454849243,0.2244705706834793,0.2244705706834793,2.554
4559,0.1335524171590805,0.1335524171590805,0.22446541488170624,0.22446541488170624,2.5545
4560,0.13355132937431335,0.13355132937431335,0.22448138892650604,0.22448138892650604,2.555
4561,0.13355015218257904,0.13355015218257904,0.22448089718818665,0.22448089718818665,2.5555
4562,0.1335490196943283,0.1335490196943283,0.22448694705963135,0.22448694705963135,2.5561
4563,0.13354791700839996,0.13354791700839996,0.22449763119220734,0.22449763119220734,2.5566
4564,0.13354675471782684,0.13354675471782684,0.2244947850704193,0.2244947850704193,2.5571
4565,0.1335456222295761,0.1335456222295761,0.2245069295167923,0.2245069295167923,2.5576
4566,0.13354450464248657,0.13354450464248657,0.22450318932533264,0.22450318932533264,2.5582
4567,0.13354338705539703,0.13354338705539703,0.2245149165391922,0.2245149165391922,2.5587
4568,0.1335422694683075,0.1335422694683075,0.22451964020729065,0.22451964020729065,2.5592
4569,0.13354115188121796,0.13354115188121796,0.22452685236930847,0.22452685236930847,2.5597
4570,0.1335400491952896,0.1335400491952896,0.22453293204307556,0.22453293204307556,2.5602
4571,0.13353891670703888,0.13353891670703888,0.22453388571739197,0.22453388571739197,2.5607
4572,0.13353779911994934,0.13353779911994934,0.22454658150672913,0.22454658150672913,2.5613
4573,0.1335366666316986,0.1335366666316986,0.2245497703552246,0.2245497703552246,2.5618
4574,0.13353554904460907,0.13353554904460907,0.22456026077270508,0.22456026077270508,2.5623
4575,0.13353446125984192,0.13353446125984192,0.22456426918506622,0.22456426918506622,2.5628
4576,0.1335333287715912,0.1335333287715912,0.224569171667099,0.224569171667099,2.5633
4577,0.13353222608566284,0.13353222608566284,0.22457554936408997,0.22457554936408997,2.5647
4578,0.1335311233997345,0.1335311233997345,0.22458109259605408,0.22458109259605408,2.5652
4579,0.13353000581264496,0.13353000581264496,0.224588543176651,0.224588543176651,2.5657
4580,0.133528932929039,0.133528932929039,0.224591925740242,0.224591925740242,2.5662
4581,0.13352781534194946,0.13352781534194946,0.22459721565246582,0.22459721565246582,2.5667
4582,0.1335267573595047,0.1335267573595047,0.22460034489631653,0.22460034489631653,2.5672
4583,0.13352563977241516,0.13352563977241516,0.2246101349592209,0.2246101349592209,2.5677
4584,0.133524551987648,0.133524551987648,0.224613755941391,0.224613755941391,2.5682
4585,0.13352343440055847,0.13352343440055847,0.22461959719657898,0.22461959719657898,2.5688
4586,0.13352236151695251,0.13352236151695251,0.22462403774261475,0.22462403774261475,2.5693
4587,0.13352127373218536,0.13352127373218536,0.22462983429431915,0.22462983429431915,2.5698
4588,0.13352017104625702,0.13352017104625702,0.22463829815387726,0.22463829815387726,2.5703
4589,0.13351911306381226,0.13351911306381226,0.22464284300804138,0.22464284300804138,2.5708
4590,0.13351798057556152,0.13351798057556152,0.22464914619922638,0.22464914619922638,2.5713
4591,0.13351693749427795,0.13351693749427795,0.22465021908283234,0.22465021908283234,2.5718
4592,0.133515864610672,0.133515864610672,0.22465911507606506,0.22465911507606506,2.5723
4593,0.13351477682590485,0.13351477682590485,0.224665567278862,0.224665567278862,2.5728
4594,0.13351371884346008,0.13351371884346008,0.22467055916786194,0.22467055916786194,2.5733
4595,0.13351263105869293,0.13351263105869293,0.22467641532421112,0.22467641532421112,2.5738
4596,0.13351155817508698,0.13351155817508698,0.2246803343296051,0.2246803343296051,2.5743
4597,0.13351048529148102,0.13351048529148102,0.22468964755535126,0.22468964755535126,2.5749
4598,0.13350942730903625,0.13350942730903625,0.22469481825828552,0.22469481825828552,2.5754
4599,0.1335083246231079,0.1335083246231079,0.22470346093177795,0.22470346093177795,2.5759
4600,0.13350725173950195,0.13350725173950195,0.22470755875110626,0.22470755875110626,2.5764
4601,0.1335061937570572,0.1335061937570572,0.2247132509946823,0.2247132509946823,2.5769
4602,0.13350513577461243,0.13350513577461243,0.22471947968006134,0.22471947968006134,2.5774
4603,0.13350406289100647,0.13350406289100647,0.22472548484802246,0.22472548484802246,2.5779
4604,0.1335029900074005,0.1335029900074005,0.22473113238811493,0.22473113238811493,2.5784
4605,0.13350191712379456,0.13350191712379456,0.22473135590553284,0.22473135590553284,2.5789
4606,0.13350088894367218,0.13350088894367218,0.22473958134651184,0.22473958134651184,2.5794
4607,0.13349983096122742,0.13349983096122742,0.22474436461925507,0.22474436461925507,2.5799
4608,0.13349875807762146,0.13349875807762146,0.22475075721740723,0.22475075721740723,2.5804
4609,0.1334977000951767,0.1334977000951767,0.22475476562976837,0.22475476562976837,2.581
4610,0.13349665701389313,0.13349665701389313,0.22475990653038025,0.22475990653038025,2.5815
4611,0.13349561393260956,0.13349561393260956,0.2247672826051712,0.2247672826051712,2.582
4612,0.1334945559501648,0.1334945559501648,0.2247731238603592,0.2247731238603592,2.5825
4613,0.13349351286888123,0.13349351286888123,0.2247813194990158,0.2247813194990158,2.583
4614,0.13349245488643646,0.13349245488643646,0.2247854769229889,0.2247854769229889,2.5835
4615,0.1334914267063141,0.1334914267063141,0.2247917652130127,0.2247917652130127,2.584
4616,0.13349036872386932,0.13349036872386932,0.2247951775789261,0.2247951775789261,2.5846
4617,0.13348932564258575,0.13348932564258575,0.22480006515979767,0.22480006515979767,2.5851
4618,0.13348828256130219,0.13348828256130219,0.22480769455432892,0.22480769455432892,2.5856
4619,0.1334872543811798,0.1334872543811798,0.22481279075145721,0.22481279075145721,2.5861
4620,0.13348621129989624,0.13348621129989624,0.22481688857078552,0.22481688857078552,2.5866
4621,0.13348516821861267,0.13348516821861267,0.22482195496559143,0.22482195496559143,2.5871
4622,0.1334841549396515,0.1334841549396515,0.2248293161392212,0.2248293161392212,2.5876
4623,0.13348311185836792,0.13348311185836792,0.22483563423156738,0.22483563423156738,2.5881
4624,0.13348206877708435,0.13348206877708435,0.22484183311462402,0.22484183311462402,2.5887
4625,0.13348105549812317,0.13348105549812317,0.22484831511974335,0.22484831511974335,2.5892
4626,0.1334799975156784,0.1334799975156784,0.22485454380512238,0.22485454380512238,2.5897
4627,0.1334790140390396,0.1334790140390396,0.22486016154289246,0.22486016154289246,2.5902
4628,0.13347798585891724,0.13347798585891724,0.224864199757576,0.224864199757576,2.5907
4629,0.13347692787647247,0.13347692787647247,0.22486741840839386,0.22486741840839386,2.5913
4630,0.1334758996963501,0.1334758996963501,0.22487440705299377,0.22487440705299377,2.5918
4631,0.1334749162197113,0.1334749162197113,0.224879190325737,0.224879190325737,2.5923
4632,0.13347388803958893,0.13347388803958893,0.22488388419151306,0.22488388419151306,2.5928
4633,0.1334729939699173,0.1334729939699173,0.22488245368003845,0.22488245368003845,2.5933
4634,0.1334719955921173,0.1334719955921173,0.22492289543151855,0.22492289543151855,2.5938
4635,0.13347116112709045,0.13347116112709045,0.22485101222991943,0.22485101222991943,2.5943
4636,0.13347025215625763,0.13347025215625763,0.22494661808013916,0.22494661808013916,2.5948
4637,0.13346929848194122,0.13346929848194122,0.22486209869384766,0.22486209869384766,2.5953
4638,0.13346830010414124,0.13346830010414124,0.22495968639850616,0.22495968639850616,2.5958
4639,0.13346727192401886,0.13346727192401886,0.22485940158367157,0.22485940158367157,2.5963
4640,0.13346616923809052,0.13346616923809052,0.22495870292186737,0.22495870292186737,2.5968
4641,0.13346509635448456,0.13346509635448456,0.2248784601688385,0.2248784601688385,2.5973
4642,0.1334640234708786,0.1334640234708786,0.22495512664318085,0.22495512664318085,2.5979
4643,0.13346290588378906,0.13346290588378906,0.22490425407886505,0.22490425407886505,2.5984
4644,0.1334618180990219,0.1334618180990219,0.2249586135149002,0.2249586135149002,2.5989
4645,0.13346077501773834,0.13346077501773834,0.22493314743041992,0.22493314743041992,2.5994
4646,0.13345976173877716,0.13345976173877716,0.224951833486557,0.224951833486557,2.5999
4647,0.1334587037563324,0.1334587037563324,0.22496402263641357,0.22496402263641357,2.6004
4648,0.133457750082016,0.133457750082016,0.22496703267097473,0.22496703267097473,2.6009
4649,0.13345681130886078,0.13345681130886078,0.22499556839466095,0.22499556839466095,2.6014
4650,0.13345582783222198,0.13345582783222198,0.22496584057807922,0.22496584057807922,2.6019
4651,0.13345476984977722,0.13345476984977722,0.22501035034656525,0.22501035034656525,2.6024
4652,0.13345381617546082,0.13345381617546082,0.22497853636741638,0.22497853636741638,2.6029
4653,0.1334528774023056,0.1334528774023056,0.22503304481506348,0.22503304481506348,2.6034
4654,0.13345187902450562,0.13345187902450562,0.22498604655265808,0.22498604655265808,2.6039
4655,0.13345088064670563,0.13345088064670563,0.22504636645317078,0.22504636645317078,2.6044
4656,0.13344989717006683,0.13344989717006683,0.22499923408031464,0.22499923408031464,2.605
4657,0.13344891369342804,0.13344891369342804,0.22505879402160645,0.22505879402160645,2.6055
4658,0.13344796001911163,0.13344796001911163,0.2250097095966339,0.2250097095966339,2.606
4659,0.13344696164131165,0.13344696164131165,0.22507086396217346,0.22507086396217346,2.6065
4660,0.13344599306583405,0.13344599306583405,0.22501972317695618,0.22501972317695618,2.607
4661,0.13344499468803406,0.13344499468803406,0.22507846355438232,0.22507846355438232,2.6075
4662,0.13344399631023407,0.13344399631023407,0.22503075003623962,0.22503075003623962,2.608
4663,0.13344307243824005,0.13344307243824005,0.22508850693702698,0.22508850693702698,2.6085
4664,0.13344207406044006,0.13344207406044006,0.22503824532032013,0.22503824532032013,2.609
4665,0.13344112038612366,0.13344112038612366,0.225093811750412,0.225093811750412,2.6095
4666,0.1334400773048401,0.1334400773048401,0.22504930198192596,0.22504930198192596,2.61
4667,0.13343912363052368,0.13343912363052368,0.22511236369609833,0.22511236369609833,2.6105
4668,0.1334381401538849,0.1334381401538849,0.225063294172287,0.225063294172287,2.611
4669,0.1334371566772461,0.1334371566772461,0.2251235991716385,0.2251235991716385,2.6115
4670,0.13343623280525208,0.13343623280525208,0.22506919503211975,0.22506919503211975,2.612
4671,0.13343527913093567,0.13343527913093567,0.22513775527477264,0.22513775527477264,2.6126
4672,0.13343435525894165,0.13343435525894165,0.22508057951927185,0.22508057951927185,2.6131
4673,0.13343343138694763,0.13343343138694763,0.22515740990638733,0.22515740990638733,2.6136
4674,0.1334325224161148,0.1334325224161148,0.22508244216442108,0.22508244216442108,2.6141
4675,0.13343161344528198,0.13343161344528198,0.225172758102417,0.225172758102417,2.6146
4676,0.13343073427677155,0.13343073427677155,0.22508268058300018,0.22508268058300018,2.6159
4677,0.1334298849105835,0.1334298849105835,0.22519707679748535,0.22519707679748535,2.6164
4678,0.13342908024787903,0.13342908024787903,0.22508201003074646,0.22508201003074646,2.6169
4679,0.13342836499214172,0.13342836499214172,0.22522535920143127,0.22522535920143127,2.6175
4680,0.1334276795387268,0.1334276795387268,0.2250710278749466,0.2250710278749466,2.618
4681,0.13342711329460144,0.13342711329460144,0.22525425255298615,0.22525425255298615,2.6185
4682,0.1334267407655716,0.1334267407655716,0.22505512833595276,0.22505512833595276,2.619
4683,0.1334265172481537,0.1334265172481537,0.2252998650074005,0.2252998650074005,2.6195
4684,0.1334265172481537,0.1334265172481537,0.22502656280994415,0.22502656280994415,2.62
4685,0.13342685997486115,0.13342685997486115,0.22534987330436707,0.22534987330436707,2.6205
4686,0.13342753052711487,0.13342753052711487,0.2249916046857834,0.2249916046857834,2.621
4687,0.13342854380607605,0.13342854380607605,0.22541899979114532,0.22541899979114532,2.6215
4688,0.13342992961406708,0.13342992961406708,0.22495225071907043,0.22495225071907043,2.622
4689,0.13343147933483124,0.13343147933483124,0.22548703849315643,0.22548703849315643,2.6225
4690,0.13343289494514465,0.13343289494514465,0.22491422295570374,0.22491422295570374,2.6231
4691,0.1334337294101715,0.1334337294101715,0.22554278373718262,0.22554278373718262,2.6236
4692,0.13343335688114166,0.13343335688114166,0.22490474581718445,0.22490474581718445,2.6241
4693,0.1334313154220581,0.1334313154220581,0.22555069625377655,0.22555069625377655,2.6246
4694,0.13342764973640442,0.13342764973640442,0.2249465435743332,0.2249465435743332,2.6251
4695,0.13342270255088806,0.13342270255088806,0.2254839837551117,0.2254839837551117,2.6256
4696,0.13341747224330902,0.13341747224330902,0.22505025565624237,0.22505025565624237,2.6261
4697,0.13341300189495087,0.13341300189495087,0.2253694087266922,0.2253694087266922,2.6266
4698,0.1334099918603897,0.1334099918603897,0.22519497573375702,0.22519497573375702,2.6271
4699,0.1334085315465927,0.1334085315465927,0.22524061799049377,0.22524061799049377,2.6276
4700,0.13340842723846436,0.13340842723846436,0.2253257781267166,0.2253257781267166,2.6281
4701,0.1334090530872345,0.1334090530872345,0.22514629364013672,0.22514629364013672,2.6286
4702,0.13340972363948822,0.13340972363948822,0.22542519867420197,0.22542519867420197,2.6291
4703,0.13340994715690613,0.13340994715690613,0.22510173916816711,0.22510173916816711,2.6296
4704,0.13340935111045837,0.13340935111045837,0.22545723617076874,0.22545723617076874,2.6301
4705,0.13340790569782257,0.13340790569782257,0.2251116931438446,0.2251116931438446,2.6306
4706,0.13340584933757782,0.13340584933757782,0.2254369705915451,0.2254369705915451,2.6311
4707,0.13340355455875397,0.13340355455875397,0.22517192363739014,0.22517192363739014,2.6316
4708,0.13340139389038086,0.13340139389038086,0.22537842392921448,0.22537842392921448,2.6321
4709,0.13339963555335999,0.13339963555335999,0.22525319457054138,0.22525319457054138,2.6326
4710,0.1333983838558197,0.1333983838558197,0.2253105640411377,0.2253105640411377,2.6331
4711,0.13339757919311523,0.13339757919311523,0.2253342568874359,0.2253342568874359,2.6336
4712,0.13339702785015106,0.13339702785015106,0.22526080906391144,0.22526080906391144,2.6341
4713,0.13339662551879883,0.13339662551879883,0.22539734840393066,0.22539734840393066,2.6346
4714,0.13339611887931824,0.13339611887931824,0.22523096203804016,0.22523096203804016,2.6351
4715,0.13339544832706451,0.13339544832706451,0.2254285365343094,0.2254285365343094,2.6356
4716,0.13339461386203766,0.13339461386203766,0.22523579001426697,0.22523579001426697,2.6361
4717,0.13339349627494812,0.13339349627494812,0.22543498873710632,0.22543498873710632,2.6366
4718,0.13339224457740784,0.13339224457740784,0.2252577841281891,0.2252577841281891,2.6371
4719,0.13339096307754517,0.13339096307754517,0.22541627287864685,0.22541627287864685,2.6376
4720,0.13338971138000488,0.13338971138000488,0.22530332207679749,0.22530332207679749,2.6381
4721,0.13338854908943176,0.13338854908943176,0.22539028525352478,0.22539028525352478,2.6386
4722,0.1333874762058258,0.1333874762058258,0.22534921765327454,0.22534921765327454,2.6391
4723,0.13338658213615417,0.13338658213615417,0.2253621518611908,0.2253621518611908,2.6396
4724,0.13338570296764374,0.13338570296764374,0.22539225220680237,0.22539225220680237,2.6401
4725,0.13338491320610046,0.13338491320610046,0.22534362971782684,0.22534362971782684,2.6406
4726,0.13338415324687958,0.13338415324687958,0.22542591392993927,0.22542591392993927,2.6411
4727,0.1333833634853363,0.1333833634853363,0.2253330498933792,0.2253330498933792,2.6417
4728,0.13338257372379303,0.13338257372379303,0.2254464328289032,0.2254464328289032,2.6422
4729,0.1333817094564438,0.1333817094564438,0.22533774375915527,0.22533774375915527,2.6427
4730,0.13338080048561096,0.13338080048561096,0.22545714676380157,0.22545714676380157,2.6432
4731,0.13337983191013336,0.13337983191013336,0.2253509759902954,0.2253509759902954,2.6437
4732,0.13337884843349457,0.13337884843349457,0.2254590094089508,0.2254590094089508,2.6442
4733,0.13337787985801697,0.13337787985801697,0.22537001967430115,0.22537001967430115,2.6447
4734,0.13337692618370056,0.13337692618370056,0.22545762360095978,0.22545762360095978,2.6452
4735,0.13337594270706177,0.13337594270706177,0.22539392113685608,0.22539392113685608,2.6457
4736,0.13337495923042297,0.13337495923042297,0.22544915974140167,0.22544915974140167,2.6462
4737,0.13337400555610657,0.13337400555610657,0.22541551291942596,0.22541551291942596,2.6467
4738,0.13337311148643494,0.13337311148643494,0.22544798254966736,0.22544798254966736,2.6472
4739,0.1333722323179245,0.1333722323179245,0.2254389524459839,0.2254389524459839,2.6477
4740,0.13337130844593048,0.13337130844593048,0.22544479370117188,0.22544479370117188,2.6482
4741,0.13337044417858124,0.13337044417858124,0.22545723617076874,0.22545723617076874,2.6487
4742,0.1333695948123932,0.1333695948123932,0.22544541954994202,0.22544541954994202,2.6493
4743,0.13336870074272156,0.13336870074272156,0.2254759967327118,0.2254759967327118,2.6498
4744,0.13336780667304993,0.13336780667304993,0.2254449874162674,0.2254449874162674,2.6503
4745,0.13336698710918427,0.13336698710918427,0.2254914790391922,0.2254914790391922,2.6508
4746,0.13336610794067383,0.13336610794067383,0.22545067965984344,0.22545067965984344,2.6513
4747,0.13336527347564697,0.13336527347564697,0.2255047857761383,0.2255047857761383,2.6518
4748,0.13336440920829773,0.13336440920829773,0.22545573115348816,0.22545573115348816,2.6523
4749,0.1333635151386261,0.1333635151386261,0.2255186289548874,0.2255186289548874,2.6528
4750,0.13336262106895447,0.13336262106895447,0.2254621684551239,0.2254621684551239,2.6533
4751,0.1333617866039276,0.1333617866039276,0.22553062438964844,0.22553062438964844,2.6538
4752,0.13336093723773956,0.13336093723773956,0.2254660427570343,0.2254660427570343,2.6543
4753,0.1333601474761963,0.1333601474761963,0.22554711997509003,0.22554711997509003,2.6548
4754,0.13335932791233063,0.13335932791233063,0.22546541690826416,0.22546541690826416,2.6553
4755,0.13335852324962616,0.13335852324962616,0.22556428611278534,0.22556428611278534,2.6558
4756,0.1333577036857605,0.1333577036857605,0.2254670411348343,0.2254670411348343,2.6563
4757,0.1333569437265396,0.1333569437265396,0.22558441758155823,0.22558441758155823,2.6568
4758,0.13335618376731873,0.13335618376731873,0.2254648208618164,0.2254648208618164,2.6573
4759,0.13335546851158142,0.13335546851158142,0.22560635209083557,0.22560635209083557,2.6578
4760,0.13335482776165009,0.13335482776165009,0.22545769810676575,0.22545769810676575,2.6583
4761,0.1333543211221695,0.1333543211221695,0.2256360948085785,0.2256360948085785,2.6588
4762,0.13335387408733368,0.13335387408733368,0.22544202208518982,0.22544202208518982,2.6593
4763,0.1333535611629486,0.1333535611629486,0.2256736010313034,0.2256736010313034,2.6598
4764,0.1333533674478531,0.1333533674478531,0.22542209923267365,0.22542209923267365,2.6603
4765,0.13335339725017548,0.13335339725017548,0.22571882605552673,0.22571882605552673,2.6608
4766,0.13335371017456055,0.13335371017456055,0.22539213299751282,0.22539213299751282,2.6613
4767,0.13335441052913666,0.13335441052913666,0.2257762849330902,0.2257762849330902,2.6618
4768,0.13335555791854858,0.13335555791854858,0.22534987330436707,0.22534987330436707,2.6623
4769,0.13335725665092468,0.13335725665092468,0.2258480042219162,0.2258480042219162,2.6628
4770,0.1333594024181366,0.1333594024181366,0.22529706358909607,0.22529706358909607,2.6634
4771,0.13336190581321716,0.13336190581321716,0.22592870891094208,0.22592870891094208,2.6639
4772,0.1333644539117813,0.1333644539117813,0.2252470999956131,0.2252470999956131,2.6644
4773,0.1333664357662201,0.1333664357662201,0.22599589824676514,0.22599589824676514,2.665
4774,0.13336727023124695,0.13336727023124695,0.22522151470184326,0.22522151470184326,2.6655
4775,0.13336624205112457,0.13336624205112457,0.22601881623268127,0.22601881623268127,2.666
4776,0.13336291909217834,0.13336291909217834,0.2252475917339325,0.2252475917339325,2.6665
4777,0.1333574503660202,0.1333574503660202,0.2259625941514969,0.2259625941514969,2.667
4778,0.1333507001399994,0.1333507001399994,0.22534632682800293,0.22534632682800293,2.6675
4779,0.13334405422210693,0.13334405422210693,0.22582869231700897,0.22582869231700897,2.668
4780,0.13333888351917267,0.13333888351917267,0.22550678253173828,0.22550678253173828,2.6685
4781,0.1333359032869339,0.1333359032869339,0.2256629765033722,0.2256629765033722,2.669
4782,0.13333521783351898,0.13333521783351898,0.22568003833293915,0.22568003833293915,2.6695
4783,0.13333609700202942,0.13333609700202942,0.22552594542503357,0.22552594542503357,2.67
4784,0.1333375871181488,0.1333375871181488,0.22580881416797638,0.22580881416797638,2.6705
4785,0.1333388090133667,0.1333388090133667,0.22544975578784943,0.22544975578784943,2.671
4786,0.1333390325307846,0.1333390325307846,0.2258734256029129,0.2258734256029129,2.6715
4787,0.1333380490541458,0.1333380490541458,0.22544336318969727,0.22544336318969727,2.6721
4788,0.13333594799041748,0.13333594799041748,0.22585639357566833,0.22585639357566833,2.6726
4789,0.13333319127559662,0.13333319127559662,0.22550185024738312,0.22550185024738312,2.6731
4790,0.13333043456077576,0.13333043456077576,0.22578707337379456,0.22578707337379456,2.6736
4791,0.1333281248807907,0.1333281248807907,0.2256002426147461,0.2256002426147461,2.6741
4792,0.13332654535770416,0.13332654535770416,0.22569146752357483,0.22569146752357483,2.6746
4793,0.13332578539848328,0.13332578539848328,0.225704163312912,0.225704163312912,2.6751
4794,0.1333255022764206,0.1333255022764206,0.2256164848804474,0.2256164848804474,2.6756
4795,0.133325457572937,0.133325457572937,0.2257828414440155,0.2257828414440155,2.6761
4796,0.13332533836364746,0.13332533836364746,0.22557377815246582,0.22557377815246582,2.6766
4797,0.13332490622997284,0.13332490622997284,0.22582361102104187,0.22582361102104187,2.6772
4798,0.1333240270614624,0.1333240270614624,0.22557172179222107,0.22557172179222107,2.6777
4799,0.13332286477088928,0.13332286477088928,0.22581914067268372,0.22581914067268372,2.6782
4800,0.13332149386405945,0.13332149386405945,0.22560644149780273,0.22560644149780273,2.6791
4801,0.13332006335258484,0.13332006335258484,0.22579233348369598,0.22579233348369598,2.6796
4802,0.133318692445755,0.133318692445755,0.2256566733121872,0.2256566733121872,2.6801
4803,0.1333174705505371,0.1333174705505371,0.22574643790721893,0.22574643790721893,2.6814
4804,0.1333165019750595,0.1333165019750595,0.22571811079978943,0.22571811079978943,2.6829
4805,0.133315771818161,0.133315771818161,0.2257097065448761,0.2257097065448761,2.6834
4806,0.13331514596939087,0.13331514596939087,0.22576797008514404,0.22576797008514404,2.6848
4807,0.13331446051597595,0.13331446051597595,0.22567817568778992,0.22567817568778992,2.6869
4808,0.1333138793706894,0.1333138793706894,0.2258041799068451,0.2258041799068451,2.6915
4809,0.13331317901611328,0.13331317901611328,0.22567136585712433,0.22567136585712433,2.6977
4810,0.1333124339580536,0.1333124339580536,0.22581914067268372,0.22581914067268372,2.7005
4811,0.13331153988838196,0.13331153988838196,0.22567811608314514,0.22567811608314514,2.7047
4812,0.13331064581871033,0.13331064581871033,0.22582030296325684,0.22582030296325684,2.7088
4813,0.13330966234207153,0.13330966234207153,0.22569513320922852,0.22569513320922852,2.7131
4814,0.13330867886543274,0.13330867886543274,0.2258162498474121,0.2258162498474121,2.7165
4815,0.13330772519111633,0.13330772519111633,0.22572407126426697,0.22572407126426697,2.7186
4816,0.13330677151679993,0.13330677151679993,0.22579851746559143,0.22579851746559143,2.7201
4817,0.1333058476448059,0.1333058476448059,0.22575382888317108,0.22575382888317108,2.7224
4818,0.13330499827861786,0.13330499827861786,0.22578521072864532,0.22578521072864532,2.7251
4819,0.1333041489124298,0.1333041489124298,0.2257855385541916,0.2257855385541916,2.7262
4820,0.13330337405204773,0.13330337405204773,0.22577127814292908,0.22577127814292908,2.7269
4821,0.13330259919166565,0.13330259919166565,0.22581295669078827,0.22581295669078827,2.7275
4822,0.13330188393592834,0.13330188393592834,0.22576312720775604,0.22576312720775604,2.7282
4823,0.13330112397670746,0.13330112397670746,0.22583362460136414,0.22583362460136414,2.7288
4824,0.13330037891864777,0.13330037891864777,0.22575731575489044,0.22575731575489044,2.7295
4825,0.13329961895942688,0.13329961895942688,0.22584958374500275,0.22584958374500275,2.7302
4826,0.1332988440990448,0.1332988440990448,0.22576260566711426,0.22576260566711426,2.7308
4827,0.13329802453517914,0.13329802453517914,0.22586087882518768,0.22586087882518768,2.7315
4828,0.13329720497131348,0.13329720497131348,0.22576937079429626,0.22576937079429626,2.7321
4829,0.13329638540744781,0.13329638540744781,0.2258686125278473,0.2258686125278473,2.7328
4830,0.13329555094242096,0.13329555094242096,0.2257794439792633,0.2257794439792633,2.7335
4831,0.1332947313785553,0.1332947313785553,0.22587542235851288,0.22587542235851288,2.7341
4832,0.13329389691352844,0.13329389691352844,0.22578778862953186,0.22578778862953186,2.7348
4833,0.13329307734966278,0.13329307734966278,0.22588086128234863,0.22588086128234863,2.7354
4834,0.1332922726869583,0.1332922726869583,0.2257995307445526,0.2257995307445526,2.736
4835,0.13329143822193146,0.13329143822193146,0.22588452696800232,0.22588452696800232,2.7366
4836,0.13329057395458221,0.13329057395458221,0.22580881416797638,0.22580881416797638,2.7372
4837,0.13328978419303894,0.13328978419303894,0.22588881850242615,0.22588881850242615,2.7378
4838,0.13328896462917328,0.13328896462917328,0.22581449151039124,0.22581449151039124,2.7384
4839,0.1332882046699524,0.1332882046699524,0.22590212523937225,0.22590212523937225,2.739
4840,0.13328737020492554,0.13328737020492554,0.22582244873046875,0.22582244873046875,2.7396
4841,0.13328656554222107,0.13328656554222107,0.22590680420398712,0.22590680420398712,2.7402
4842,0.1332857757806778,0.1332857757806778,0.2258286476135254,0.2258286476135254,2.7408
4843,0.1332850307226181,0.1332850307226181,0.2259180098772049,0.2259180098772049,2.7414
4844,0.13328425586223602,0.13328425586223602,0.2258313149213791,0.2258313149213791,2.742
4845,0.13328352570533752,0.13328352570533752,0.22593624889850616,0.22593624889850616,2.7425
4846,0.13328278064727783,0.13328278064727783,0.22583112120628357,0.22583112120628357,2.7431
4847,0.13328209519386292,0.13328209519386292,0.22595107555389404,0.22595107555389404,2.7437
4848,0.13328148424625397,0.13328148424625397,0.22582271695137024,0.22582271695137024,2.7443
4849,0.1332808881998062,0.1332808881998062,0.22598020732402802,0.22598020732402802,2.7448
4850,0.13328030705451965,0.13328030705451965,0.22581136226654053,0.22581136226654053,2.7454
4851,0.13327984511852264,0.13327984511852264,0.22600534558296204,0.22600534558296204,2.746
4852,0.13327951729297638,0.13327951729297638,0.225798100233078,0.225798100233078,2.7465
4853,0.13327929377555847,0.13327929377555847,0.22604575753211975,0.22604575753211975,2.7471
4854,0.13327929377555847,0.13327929377555847,0.2257704734802246,0.2257704734802246,2.7478
4855,0.13327956199645996,0.13327956199645996,0.22608987987041473,0.22608987987041473,2.7485
4856,0.13328023254871368,0.13328023254871368,0.22573432326316833,0.22573432326316833,2.7491
4857,0.13328135013580322,0.13328135013580322,0.22615818679332733,0.22615818679332733,2.7498
4858,0.1332831084728241,0.1332831084728241,0.22568050026893616,0.22568050026893616,2.7504
4859,0.1332855224609375,0.1332855224609375,0.22624137997627258,0.22624137997627258,2.751
4860,0.13328871130943298,0.13328871130943298,0.22561423480510712,0.22561423480510712,2.7516
4861,0.13329266011714935,0.13329266011714935,0.2263389527797699,0.2263389527797699,2.7521
4862,0.13329695165157318,0.13329695165157318,0.22554489970207214,0.22554489970207214,2.7527
4863,0.1333008110523224,0.1333008110523224,0.22643060982227325,0.22643060982227325,2.7533
4864,0.13330355286598206,0.13330355286598206,0.2254980057477951,0.2254980057477951,2.7538
4865,0.1333036869764328,0.1333036869764328,0.2264687716960907,0.2264687716960907,2.7544
4866,0.13330021500587463,0.13330021500587463,0.22551102936267853,0.22551102936267853,2.7549
4867,0.13329294323921204,0.13329294323921204,0.22640618681907654,0.22640618681907654,2.7555
4868,0.13328322768211365,0.13328322768211365,0.22562965750694275,0.22562965750694275,2.756
4869,0.13327349722385406,0.13327349722385406,0.22622206807136536,0.22622206807136536,2.7566
4870,0.1332661211490631,0.1332661211490631,0.2258376181125641,0.2258376181125641,2.7571
4871,0.13326266407966614,0.13326266407966614,0.2260025441646576,0.2260025441646576,2.7577
4872,0.1332627832889557,0.1332627832889557,0.2260618656873703,0.2260618656873703,2.7582
4873,0.13326528668403625,0.13326528668403625,0.22581598162651062,0.22581598162651062,2.7587
4874,0.13326837122440338,0.13326837122440338,0.22622565925121307,0.22622565925121307,2.7593
4875,0.13327042758464813,0.13327042758464813,0.22573022544384003,0.22573022544384003,2.7598
4876,0.13327036798000336,0.13327036798000336,0.22628112137317657,0.22628112137317657,2.7604
4877,0.1332680732011795,0.1332680732011795,0.22574257850646973,0.22574257850646973,2.7609
4878,0.13326425850391388,0.13326425850391388,0.22622080147266388,0.22622080147266388,2.7615
4879,0.13326004147529602,0.13326004147529602,0.22584590315818787,0.22584590315818787,2.762
4880,0.13325665891170502,0.13325665891170502,0.2260933816432953,0.2260933816432953,2.7626
4881,0.13325485587120056,0.13325485587120056,0.2259940207004547,0.2259940207004547,2.7631
4882,0.13325439393520355,0.13325439393520355,0.22596383094787598,0.22596383094787598,2.7636
4883,0.13325482606887817,0.13325482606887817,0.226117342710495,0.226117342710495,2.7642
4884,0.13325542211532593,0.13325542211532593,0.2258768528699875,0.2258768528699875,2.7647
4885,0.13325567543506622,0.13325567543506622,0.22619104385375977,0.22619104385375977,2.7653
4886,0.13325515389442444,0.13325515389442444,0.22586321830749512,0.22586321830749512,2.7658
4887,0.13325375318527222,0.13325375318527222,0.22618594765663147,0.22618594765663147,2.7663
4888,0.13325192034244537,0.13325192034244537,0.22590045630931854,0.22590045630931854,2.7668
4889,0.1332499235868454,0.1332499235868454,0.22613315284252167,0.22613315284252167,2.7674
4890,0.13324831426143646,0.13324831426143646,0.22598357498645782,0.22598357498645782,2.7679
4891,0.13324712216854095,0.13324712216854095,0.22605809569358826,0.22605809569358826,2.7684
4892,0.1332463026046753,0.1332463026046753,0.22606272995471954,0.22606272995471954,2.769
4893,0.13324590027332306,0.13324590027332306,0.22599415481090546,0.22599415481090546,2.7695
4894,0.13324563205242157,0.13324563205242157,0.2261289656162262,0.2261289656162262,2.77
4895,0.13324525952339172,0.13324525952339172,0.22596606612205505,0.22596606612205505,2.7705
4896,0.13324470818042755,0.13324470818042755,0.22615790367126465,0.22615790367126465,2.7711
4897,0.1332438737154007,0.1332438737154007,0.22596406936645508,0.22596406936645508,2.7716
4898,0.13324281573295593,0.13324281573295593,0.2261522114276886,0.2261522114276886,2.7721
4899,0.1332416832447052,0.1332416832447052,0.2259969264268875,0.2259969264268875,2.7726
4900,0.13324064016342163,0.13324064016342163,0.22613027691841125,0.22613027691841125,2.7732
4901,0.13323962688446045,0.13323962688446045,0.22604098916053772,0.22604098916053772,2.7737
4902,0.13323868811130524,0.13323868811130524,0.22608652710914612,0.22608652710914612,2.7742
4903,0.1332378089427948,0.1332378089427948,0.22608795762062073,0.22608795762062073,2.7748
4904,0.13323716819286346,0.13323716819286346,0.22606103122234344,0.22606103122234344,2.7753
4905,0.13323655724525452,0.13323655724525452,0.22613219916820526,0.22613219916820526,2.7758
4906,0.13323594629764557,0.13323594629764557,0.22603781521320343,0.22603781521320343,2.7763
4907,0.13323527574539185,0.13323527574539185,0.22615131735801697,0.22615131735801697,2.7769
4908,0.13323459029197693,0.13323459029197693,0.22603638470172882,0.22603638470172882,2.7774
4909,0.13323378562927246,0.13323378562927246,0.22616267204284668,0.22616267204284668,2.7779
4910,0.133232980966568,0.133232980966568,0.2260446548461914,0.2260446548461914,2.7785
4911,0.13323210179805756,0.13323210179805756,0.22615794837474823,0.22615794837474823,2.779
4912,0.13323120772838593,0.13323120772838593,0.22606873512268066,0.22606873512268066,2.7795
4913,0.1332303285598755,0.1332303285598755,0.2261471003293991,0.2261471003293991,2.78
4914,0.13322949409484863,0.13322949409484863,0.22609801590442657,0.22609801590442657,2.7806
4915,0.13322868943214417,0.13322868943214417,0.22613468766212463,0.22613468766212463,2.7811
4916,0.13322791457176208,0.13322791457176208,0.22611816227436066,0.22611816227436066,2.7816
4917,0.1332271695137024,0.1332271695137024,0.22612221539020538,0.22612221539020538,2.7821
4918,0.1332263946533203,0.1332263946533203,0.2261476069688797,0.2261476069688797,2.7827
4919,0.13322566449642181,0.13322566449642181,0.2261139452457428,0.2261139452457428,2.7832
4920,0.1332249939441681,0.1332249939441681,0.22616001963615417,0.22616001963615417,2.7837
4921,0.1332242488861084,0.1332242488861084,0.22610831260681152,0.22610831260681152,2.7842
4922,0.1332235038280487,0.1332235038280487,0.22617344558238983,0.22617344558238983,2.7847
4923,0.1332227885723114,0.1332227885723114,0.2261166274547577,0.2261166274547577,2.7853
4924,0.13322201371192932,0.13322201371192932,0.22618722915649414,0.22618722915649414,2.7858
4925,0.13322123885154724,0.13322123885154724,0.2261192351579666,0.2261192351579666,2.7863
4926,0.13322052359580994,0.13322052359580994,0.22618933022022247,0.22618933022022247,2.7868
4927,0.13321970403194427,0.13321970403194427,0.22612729668617249,0.22612729668617249,2.7874
4928,0.1332189440727234,0.1332189440727234,0.22619123756885529,0.22619123756885529,2.7879
4929,0.1332181841135025,0.1332181841135025,0.2261398732662201,0.2261398732662201,2.7884
4930,0.13321742415428162,0.13321742415428162,0.22619619965553284,0.22619619965553284,2.7889
4931,0.13321661949157715,0.13321661949157715,0.22614674270153046,0.22614674270153046,2.7894
4932,0.13321585953235626,0.13321585953235626,0.22619672119617462,0.22619672119617462,2.7899
4933,0.13321509957313538,0.13321509957313538,0.22615885734558105,0.22615885734558105,2.7905
4934,0.1332143247127533,0.1332143247127533,0.22619681060314178,0.22619681060314178,2.791
4935,0.1332135796546936,0.1332135796546936,0.22617030143737793,0.22617030143737793,2.7915
4936,0.13321280479431152,0.13321280479431152,0.22620494663715363,0.22620494663715363,2.792
4937,0.13321201503276825,0.13321201503276825,0.22617921233177185,0.22617921233177185,2.7925
4938,0.13321132957935333,0.13321132957935333,0.22620625793933868,0.22620625793933868,2.7931
4939,0.13321053981781006,0.13321053981781006,0.22618594765663147,0.22618594765663147,2.7936
4940,0.13320977985858917,0.13320977985858917,0.22620809078216553,0.22620809078216553,2.7941
4941,0.13320903480052948,0.13320903480052948,0.2261970043182373,0.2261970043182373,2.7946
4942,0.1332082599401474,0.1332082599401474,0.22621861100196838,0.22621861100196838,2.7951
4943,0.1332074999809265,0.1332074999809265,0.22620193660259247,0.22620193660259247,2.7956
4944,0.13320675492286682,0.13320675492286682,0.22621974349021912,0.22621974349021912,2.7962
4945,0.13320600986480713,0.13320600986480713,0.2262025624513626,0.2262025624513626,2.7967
4946,0.13320530951023102,0.13320530951023102,0.22623619437217712,0.22623619437217712,2.7972
4947,0.13320450484752655,0.13320450484752655,0.22620777785778046,0.22620777785778046,2.7977
4948,0.13320381939411163,0.13320381939411163,0.2262401133775711,0.2262401133775711,2.7983
4949,0.13320311903953552,0.13320311903953552,0.22620823979377747,0.22620823979377747,2.7988
4950,0.13320240378379822,0.13320240378379822,0.22625550627708435,0.22625550627708435,2.7993
4951,0.13320162892341614,0.13320162892341614,0.22620773315429688,0.22620773315429688,2.7998
4952,0.13320089876651764,0.13320089876651764,0.2262691706418991,0.2262691706418991,2.8004
4953,0.13320021331310272,0.13320021331310272,0.2262057512998581,0.2262057512998581,2.8009
4954,0.13319958746433258,0.13319958746433258,0.2262863665819168,0.2262863665819168,2.8014
4955,0.13319887220859528,0.13319887220859528,0.22619600594043732,0.22619600594043732,2.8019
4956,0.1331983506679535,0.1331983506679535,0.22631177306175232,0.22631177306175232,2.8024
4957,0.1331978738307953,0.1331978738307953,0.2261797934770584,0.2261797934770584,2.803
4958,0.13319750130176544,0.13319750130176544,0.2263403832912445,0.2263403832912445,2.8035
4959,0.13319720327854156,0.13319720327854156,0.22615385055541992,0.22615385055541992,2.804
4960,0.1331971138715744,0.1331971138715744,0.22638873755931854,0.22638873755931854,2.8045
4961,0.1331973373889923,0.1331973373889923,0.22611792385578156,0.22611792385578156,2.805
4962,0.13319805264472961,0.13319805264472961,0.22645068168640137,0.22645068168640137,2.8056
4963,0.13319943845272064,0.13319943845272064,0.22606010735034943,0.22606010735034943,2.8061
4964,0.13320167362689972,0.13320167362689972,0.22653762996196747,0.22653762996196747,2.8066
4965,0.1332051306962967,0.1332051306962967,0.2259749472141266,0.2259749472141266,2.8071
4966,0.13321034610271454,0.13321034610271454,0.22666294872760773,0.22666294872760773,2.8076
4967,0.13321760296821594,0.13321760296821594,0.22586598992347717,0.22586598992347717,2.8082
4968,0.13322699069976807,0.13322699069976807,0.22682125866413116,0.22682125866413116,2.8087
4969,0.13323800265789032,0.13323800265789032,0.22573618590831757,0.22573618590831757,2.8092
4970,0.13324877619743347,0.13324877619743347,0.22698111832141876,0.22698111832141876,2.8097
4971,0.13325577974319458,0.13325577974319458,0.22565189003944397,0.22565189003944397,2.8102
4972,0.1332544982433319,0.1332544982433319,0.22703103721141815,0.22703103721141815,2.8108
4973,0.13324253261089325,0.13324253261089325,0.22570309042930603,0.22570309042930603,2.8113
4974,0.13322213292121887,0.13322213292121887,0.22683222591876984,0.22683222591876984,2.8118
4975,0.13320043683052063,0.13320043683052063,0.22596783936023712,0.22596783936023712,2.8123
4976,0.13318589329719543,0.13318589329719543,0.22644472122192383,0.22644472122192383,2.8128
4977,0.13318274915218353,0.13318274915218353,0.22636322677135468,0.22636322677135468,2.8134
4978,0.1331890970468521,0.1331890970468521,0.22608408331871033,0.22608408331871033,2.8139
4979,0.1331987828016281,0.1331987828016281,0.22667765617370605,0.22667765617370605,2.8144
4980,0.13320530951023102,0.13320530951023102,0.2259133756160736,0.2259133756160736,2.8149
4981,0.13320429623126984,0.13320429623126984,0.2267533242702484,0.2267533242702484,2.8155
4982,0.1331963837146759,0.1331963837146759,0.22597447037696838,0.22597447037696838,2.816
4983,0.13318601250648499,0.13318601250648499,0.22656074166297913,0.22656074166297913,2.8165
4984,0.1331785023212433,0.1331785023212433,0.22622378170490265,0.22622378170490265,2.817
4985,0.1331767588853836,0.1331767588853836,0.22627516090869904,0.22627516090869904,2.8175
4986,0.1331796795129776,0.1331796795129776,0.22649545967578888,0.22649545967578888,2.8181
4987,0.13318383693695068,0.13318383693695068,0.2260819375514984,0.2260819375514984,2.8186
4988,0.13318580389022827,0.13318580389022827,0.22661857306957245,0.22661857306957245,2.8191
4989,0.133184015750885,0.133184015750885,0.22606711089611053,0.22606711089611053,2.8196
4990,0.13317939639091492,0.13317939639091492,0.22655539214611053,0.22655539214611053,2.8201
4991,0.13317444920539856,0.13317444920539856,0.22620734572410583,0.22620734572410583,2.8207
4992,0.13317151367664337,0.13317151367664337,0.22636660933494568,0.22636660933494568,2.8212
4993,0.13317111134529114,0.13317111134529114,0.226398304104805,0.226398304104805,2.8217
4994,0.13317248225212097,0.13317248225212097,0.22621643543243408,0.22621643543243408,2.8223
4995,0.13317379355430603,0.13317379355430603,0.22653022408485413,0.22653022408485413,2.8228
4996,0.13317373394966125,0.13317373394966125,0.22615714371204376,0.22615714371204376,2.8233
4997,0.13317205011844635,0.13317205011844635,0.22652587294578552,0.22652587294578552,2.8239
4998,0.13316938281059265,0.13316938281059265,0.2262255847454071,0.2262255847454071,2.8244
4999,0.13316696882247925,0.13316696882247925,0.22642402350902557,0.22642402350902557,2.8249
5000,0.133165642619133,0.133165642619133,0.226353257894516,0.226353257894516,2.8269
5001,0.13316534459590912,0.13316534459590912,0.22630445659160614,0.22630445659160614,2.8276
5002,0.13316550850868225,0.13316550850868225,0.22645655274391174,0.22645655274391174,2.8282
5003,0.13316559791564941,0.13316559791564941,0.22624114155769348,0.22624114155769348,2.8287
5004,0.13316507637500763,0.13316507637500763,0.22649750113487244,0.22649750113487244,2.8292
5005,0.13316385447978973,0.13316385447978973,0.2262587547302246,0.2262587547302246,2.8298
5006,0.13316228985786438,0.13316228985786438,0.2264484465122223,0.2264484465122223,2.8303
5007,0.13316085934638977,0.13316085934638977,0.22632794082164764,0.22632794082164764,2.8308
5008,0.133159801363945,0.133159801363945,0.2263813316822052,0.2263813316822052,2.8313
5009,0.1331593096256256,0.1331593096256256,0.22641603648662567,0.22641603648662567,2.8318
5010,0.13315899670124054,0.13315899670124054,0.2263135015964508,0.2263135015964508,2.8324
5011,0.1331586092710495,0.1331586092710495,0.22646565735340118,0.22646565735340118,2.8329
5012,0.13315796852111816,0.13315796852111816,0.22630348801612854,0.22630348801612854,2.8334
5013,0.13315711915493011,0.13315711915493011,0.22646602988243103,0.22646602988243103,2.8339
5014,0.13315609097480774,0.13315609097480774,0.22632655501365662,0.22632655501365662,2.8344
5015,0.13315503299236298,0.13315503299236298,0.2264365702867508,0.2264365702867508,2.835
5016,0.13315407931804657,0.13315407931804657,0.22637853026390076,0.22637853026390076,2.8355
5017,0.13315336406230927,0.13315336406230927,0.2263837307691574,0.2263837307691574,2.836
5018,0.1331528127193451,0.1331528127193451,0.226437047123909,0.226437047123909,2.8365
5019,0.1331523358821869,0.1331523358821869,0.22634854912757874,0.22634854912757874,2.837
5020,0.13315175473690033,0.13315175473690033,0.22646665573120117,0.22646665573120117,2.8375
5021,0.13315114378929138,0.13315114378929138,0.22634410858154297,0.22634410858154297,2.8381
5022,0.13315033912658691,0.13315033912658691,0.22647008299827576,0.22647008299827576,2.8386
5023,0.13314935564994812,0.13314935564994812,0.2263641059398651,0.2263641059398651,2.8391
5024,0.13314855098724365,0.13314855098724365,0.2264431267976761,0.2264431267976761,2.8396
5025,0.13314774632453918,0.13314774632453918,0.22640328109264374,0.22640328109264374,2.8401
5026,0.13314703106880188,0.13314703106880188,0.22641777992248535,0.22641777992248535,2.8406
5027,0.13314633071422577,0.13314633071422577,0.2264358252286911,0.2264358252286911,2.8411
5028,0.13314566016197205,0.13314566016197205,0.22639265656471252,0.22639265656471252,2.8416
5029,0.13314494490623474,0.13314494490623474,0.22646446526050568,0.22646446526050568,2.8421
5030,0.13314437866210938,0.13314437866210938,0.22639326751232147,0.22639326751232147,2.8426
5031,0.13314370810985565,0.13314370810985565,0.2264721840620041,0.2264721840620041,2.8431
5032,0.13314291834831238,0.13314291834831238,0.22639723122119904,0.22639723122119904,2.8436
5033,0.13314205408096313,0.13314205408096313,0.22646474838256836,0.22646474838256836,2.8441
5034,0.13314126431941986,0.13314126431941986,0.22641673684120178,0.22641673684120178,2.8446
5035,0.13314059376716614,0.13314059376716614,0.22644908726215363,0.22644908726215363,2.8451
5036,0.13313989341259003,0.13313989341259003,0.22644415497779846,0.22644415497779846,2.8456
5037,0.13313917815685272,0.13313917815685272,0.22643037140369415,0.22643037140369415,2.8461
5038,0.13313844799995422,0.13313844799995422,0.22646184265613556,0.22646184265613556,2.8466
5039,0.13313773274421692,0.13313773274421692,0.22642657160758972,0.22642657160758972,2.8471
5040,0.1331370770931244,0.1331370770931244,0.22648124396800995,0.22648124396800995,2.8476
5041,0.13313639163970947,0.13313639163970947,0.22642812132835388,0.22642812132835388,2.8481
5042,0.1331356167793274,0.1331356167793274,0.22647681832313538,0.22647681832313538,2.8487
5043,0.13313479721546173,0.13313479721546173,0.22644075751304626,0.22644075751304626,2.8492
5044,0.13313409686088562,0.13313409686088562,0.22647735476493835,0.22647735476493835,2.8497
5045,0.13313333690166473,0.13313333690166473,0.2264593541622162,0.2264593541622162,2.8502
5046,0.13313260674476624,0.13313260674476624,0.22646494209766388,0.22646494209766388,2.8507
5047,0.13313190639019012,0.13313190639019012,0.22647042572498322,0.22647042572498322,2.8512
5048,0.1331312358379364,0.1331312358379364,0.22645464539527893,0.22645464539527893,2.8517
5049,0.13313056528568268,0.13313056528568268,0.22649183869361877,0.22649183869361877,2.8522
5050,0.13312986493110657,0.13312986493110657,0.2264484167098999,0.2264484167098999,2.8527
5051,0.13312916457653046,0.13312916457653046,0.22650380432605743,0.22650380432605743,2.8532
5052,0.13312843441963196,0.13312843441963196,0.22644567489624023,0.22644567489624023,2.8537
5053,0.13312770426273346,0.13312770426273346,0.22650644183158875,0.22650644183158875,2.8542
5054,0.13312698900699615,0.13312698900699615,0.22646668553352356,0.22646668553352356,2.8547
5055,0.13312622904777527,0.13312622904777527,0.22650250792503357,0.22650250792503357,2.8552
5056,0.13312546908855438,0.13312546908855438,0.2264816015958786,0.2264816015958786,2.8557
5057,0.13312479853630066,0.13312479853630066,0.22649173438549042,0.22649173438549042,2.8562
5058,0.13312403857707977,0.13312403857707977,0.2264922559261322,0.2264922559261322,2.8567
5059,0.13312336802482605,0.13312336802482605,0.22649255394935608,0.22649255394935608,2.8572
5060,0.13312266767024994,0.13312266767024994,0.22649654746055603,0.22649654746055603,2.8577
5061,0.13312192261219025,0.13312192261219025,0.22649602591991425,0.22649602591991425,2.8582
5062,0.13312123715877533,0.13312123715877533,0.22650261223316193,0.22650261223316193,2.8587
5063,0.13312049210071564,0.13312049210071564,0.22649557888507843,0.22649557888507843,2.8592
5064,0.1331198513507843,0.1331198513507843,0.2265181541442871,0.2265181541442871,2.8597
5065,0.1331191211938858,0.1331191211938858,0.22649946808815002,0.22649946808815002,2.8602
5066,0.1331183761358261,0.1331183761358261,0.2265157699584961,0.2265157699584961,2.8607
5067,0.13311767578125,0.13311767578125,0.22650304436683655,0.22650304436683655,2.8612
5068,0.1331169605255127,0.1331169605255127,0.22652916610240936,0.22652916610240936,2.8617
5069,0.13311628997325897,0.13311628997325897,0.22650642693042755,0.22650642693042755,2.8622
5070,0.13311558961868286,0.13311558961868286,0.22652868926525116,0.22652868926525116,2.8627
5071,0.13311485946178436,0.13311485946178436,0.22650322318077087,0.22650322318077087,2.8633
5072,0.13311415910720825,0.13311415910720825,0.22653663158416748,0.22653663158416748,2.8638
5073,0.13311344385147095,0.13311344385147095,0.22651676833629608,0.22651676833629608,2.8643
5074,0.13311274349689484,0.13311274349689484,0.22654059529304504,0.22654059529304504,2.8648
5075,0.13311202824115753,0.13311202824115753,0.2265165150165558,0.2265165150165558,2.8653
5076,0.13311129808425903,0.13311129808425903,0.22653412818908691,0.22653412818908691,2.8658
5077,0.13311061263084412,0.13311061263084412,0.22652927041053772,0.22652927041053772,2.8663
5078,0.13310983777046204,0.13310983777046204,0.22654977440834045,0.22654977440834045,2.8668
5079,0.1331092119216919,0.1331092119216919,0.2265322506427765,0.2265322506427765,2.8673
5080,0.13310851156711578,0.13310851156711578,0.2265431135892868,0.2265431135892868,2.8678
5081,0.1331077367067337,0.1331077367067337,0.22653038799762726,0.22653038799762726,2.8683
5082,0.1331070363521576,0.1331070363521576,0.22655797004699707,0.22655797004699707,2.8688
5083,0.13310635089874268,0.13310635089874268,0.22654405236244202,0.22654405236244202,2.8693
5084,0.13310560584068298,0.13310560584068298,0.22655491530895233,0.22655491530895233,2.8698
5085,0.13310492038726807,0.13310492038726807,0.22653444111347198,0.22653444111347198,2.8704
5086,0.13310424983501434,0.13310424983501434,0.22657017409801483,0.22657017409801483,2.8709
5087,0.13310353457927704,0.13310353457927704,0.22654280066490173,0.22654280066490173,2.8714
5088,0.13310283422470093,0.13310283422470093,0.2265729010105133,0.2265729010105133,2.8719
5089,0.1331021785736084,0.1331021785736084,0.22653944790363312,0.22653944790363312,2.8724
5090,0.1331014186143875,0.1331014186143875,0.22658343613147736,0.22658343613147736,2.8729
5091,0.13310077786445618,0.13310077786445618,0.22654013335704803,0.22654013335704803,2.8734
5092,0.13310006260871887,0.13310006260871887,0.22659847140312195,0.22659847140312195,2.8739
5093,0.13309943675994873,0.13309943675994873,0.2265300303697586,0.2265300303697586,2.8744
5094,0.133098766207695,0.133098766207695,0.22660760581493378,0.22660760581493378,2.8749
5095,0.13309812545776367,0.13309812545776367,0.22653070092201233,0.22653070092201233,2.8754
5096,0.13309749960899353,0.13309749960899353,0.22663167119026184,0.22663167119026184,2.8759
5097,0.13309690356254578,0.13309690356254578,0.22651776671409607,0.22651776671409607,2.8764
5098,0.13309630751609802,0.13309630751609802,0.22663870453834534,0.22663870453834534,2.8769
5099,0.13309580087661743,0.13309580087661743,0.22650596499443054,0.22650596499443054,2.8774
5100,0.13309544324874878,0.13309544324874878,0.22668147087097168,0.22668147087097168,2.878
5101,0.13309508562088013,0.13309508562088013,0.22647985816001892,0.22647985816001892,2.8786
5102,0.1330949068069458,0.1330949068069458,0.2267063856124878,0.2267063856124878,2.8791
5103,0.13309510052204132,0.13309510052204132,0.2264488935470581,0.2264488935470581,2.8797
5104,0.13309556245803833,0.13309556245803833,0.2267652004957199,0.2267652004957199,2.8802
5105,0.13309647142887115,0.13309647142887115,0.2263929396867752,0.2263929396867752,2.8807
5106,0.13309845328330994,0.13309845328330994,0.2268432080745697,0.2268432080745697,2.8812
5107,0.13310140371322632,0.13310140371322632,0.22631175816059113,0.22631175816059113,2.8818
5108,0.1331058293581009,0.1331058293581009,0.22696025669574738,0.22696025669574738,2.8823
5109,0.13311201333999634,0.13311201333999634,0.2262057363986969,0.2262057363986969,2.8828
5110,0.13312041759490967,0.13312041759490967,0.2271183431148529,0.2271183431148529,2.8833
5111,0.13313105702400208,0.13313105702400208,0.2260715514421463,0.2260715514421463,2.8838
5112,0.1331430971622467,0.1331430971622467,0.22729238867759705,0.22729238867759705,2.8843
5113,0.13315396010875702,0.13315396010875702,0.22595743834972382,0.22595743834972382,2.8849
5114,0.13315965235233307,0.13315965235233307,0.2274073362350464,0.2274073362350464,2.8854
5115,0.13315622508525848,0.13315622508525848,0.22593703866004944,0.22593703866004944,2.8859
5116,0.13314135372638702,0.13314135372638702,0.22730615735054016,0.22730615735054016,2.8864
5117,0.13311883807182312,0.13311883807182312,0.22612276673316956,0.22612276673316956,2.8869
5118,0.13309675455093384,0.13309675455093384,0.22695370018482208,0.22695370018482208,2.8874
5119,0.13308310508728027,0.13308310508728027,0.22648939490318298,0.22648939490318298,2.888
5120,0.13308103382587433,0.13308103382587433,0.22654008865356445,0.22654008865356445,2.8885
5121,0.1330881416797638,0.1330881416797638,0.22687260806560516,0.22687260806560516,2.889
5122,0.1330980360507965,0.1330980360507965,0.22625994682312012,0.22625994682312012,2.8895
5123,0.13310423493385315,0.13310423493385315,0.22708061337471008,0.22708061337471008,2.89
5124,0.13310304284095764,0.13310304284095764,0.22621163725852966,0.22621163725852966,2.8906
5125,0.13309530913829803,0.13309530913829803,0.227007195353508,0.227007195353508,2.8911
5126,0.13308508694171906,0.13308508694171906,0.22637872397899628,0.22637872397899628,2.8916
5127,0.13307726383209229,0.13307726383209229,0.2267487496137619,0.2267487496137619,2.8921
5128,0.1330747902393341,0.1330747902393341,0.22665520012378693,0.22665520012378693,2.8926
5129,0.13307693600654602,0.13307693600654602,0.22648346424102783,0.22648346424102783,2.8931
5130,0.13308106362819672,0.13308106362819672,0.22686982154846191,0.22686982154846191,2.8936
5131,0.13308367133140564,0.13308367133140564,0.22635594010353088,0.22635594010353088,2.8941
5132,0.13308283686637878,0.13308283686637878,0.22692599892616272,0.22692599892616272,2.8946
5133,0.1330789476633072,0.1330789476633072,0.22640502452850342,0.22640502452850342,2.8952
5134,0.1330740749835968,0.1330740749835968,0.22680135071277618,0.22680135071277618,2.8957
5135,0.13307049870491028,0.13307049870491028,0.2265729159116745,0.2265729159116745,2.8962
5136,0.13306930661201477,0.13306930661201477,0.22661146521568298,0.22661146521568298,2.8968
5137,0.1330702304840088,0.1330702304840088,0.22675904631614685,0.22675904631614685,2.8973
5138,0.13307179510593414,0.13307179510593414,0.22648248076438904,0.22648248076438904,2.8978
5139,0.1330724060535431,0.1330724060535431,0.2268490344285965,0.2268490344285965,2.8983
5140,0.1330713927745819,0.1330713927745819,0.22645947337150574,0.22645947337150574,2.8989
5141,0.13306918740272522,0.13306918740272522,0.22681334614753723,0.22681334614753723,2.8994
5142,0.13306660950183868,0.13306660950183868,0.22654886543750763,0.22654886543750763,2.8999
5143,0.1330646425485611,0.1330646425485611,0.22669200599193573,0.22669200599193573,2.9005
5144,0.13306370377540588,0.13306370377540588,0.22667494416236877,0.22667494416236877,2.9011
5145,0.13306382298469543,0.13306382298469543,0.22657814621925354,0.22657814621925354,2.9016
5146,0.1330641359090805,0.1330641359090805,0.22677597403526306,0.22677597403526306,2.9021
5147,0.13306410610675812,0.13306410610675812,0.22652387619018555,0.22652387619018555,2.9027
5148,0.133063405752182,0.133063405752182,0.2267947643995285,0.2267947643995285,2.9033
5149,0.13306201994419098,0.13306201994419098,0.22654524445533752,0.22654524445533752,2.9038
5150,0.13306042551994324,0.13306042551994324,0.22674915194511414,0.22674915194511414,2.9043
5151,0.13305900990962982,0.13305900990962982,0.22663211822509766,0.22663211822509766,2.9059
5152,0.13305814564228058,0.13305814564228058,0.22666454315185547,0.22666454315185547,2.9064
5153,0.1330576092004776,0.1330576092004776,0.22670380771160126,0.22670380771160126,2.9069
5154,0.1330573856830597,0.1330573856830597,0.2266097515821457,0.2266097515821457,2.9079
5155,0.13305708765983582,0.13305708765983582,0.22675952315330505,0.22675952315330505,2.9085
5156,0.1330564320087433,0.1330564320087433,0.22658705711364746,0.22658705711364746,2.909
5157,0.13305573165416718,0.13305573165416718,0.22675952315330505,0.22675952315330505,2.9095
5158,0.13305477797985077,0.13305477797985077,0.22660870850086212,0.22660870850086212,2.91
5159,0.13305377960205078,0.13305377960205078,0.22673019766807556,0.22673019766807556,2.9106
5160,0.1330527514219284,0.1330527514219284,0.22665920853614807,0.22665920853614807,2.9111
5161,0.13305188715457916,0.13305188715457916,0.22668294608592987,0.22668294608592987,2.9116
5162,0.133051335811615,0.133051335811615,0.226708322763443,0.226708322763443,2.9121
5163,0.13305076956748962,0.13305076956748962,0.2266433984041214,0.2266433984041214,2.9127
5164,0.13305024802684784,0.13305024802684784,0.2267504632472992,0.2267504632472992,2.9132
5165,0.13304957747459412,0.13304957747459412,0.22663751244544983,0.22663751244544983,2.9137
5166,0.13304881751537323,0.13304881751537323,0.22673888504505157,0.22673888504505157,2.9143
5167,0.13304802775382996,0.13304802775382996,0.22665461897850037,0.22665461897850037,2.9148
5168,0.1330471932888031,0.1330471932888031,0.22672657668590546,0.22672657668590546,2.9154
5169,0.1330464780330658,0.1330464780330658,0.22667989134788513,0.22667989134788513,2.9159
5170,0.13304577767848969,0.13304577767848969,0.22670026123523712,0.22670026123523712,2.9164
5171,0.1330450475215912,0.1330450475215912,0.22671480476856232,0.22671480476856232,2.9169
5172,0.13304446637630463,0.13304446637630463,0.22667653858661652,0.22667653858661652,2.9175
5173,0.13304387032985687,0.13304387032985687,0.22673305869102478,0.22673305869102478,2.9216
5174,0.13304315507411957,0.13304315507411957,0.22666576504707336,0.22666576504707336,2.9238
5175,0.13304255902767181,0.13304255902767181,0.22674560546875,0.22674560546875,2.9244
5176,0.13304190337657928,0.13304190337657928,0.22667142748832703,0.22667142748832703,2.925
5177,0.1330411434173584,0.1330411434173584,0.2267475128173828,0.2267475128173828,2.9255
5178,0.13304032385349274,0.13304032385349274,0.2266847789287567,0.2266847789287567,2.9261
5179,0.13303962349891663,0.13303962349891663,0.2267315834760666,0.2267315834760666,2.9266
5180,0.13303890824317932,0.13303890824317932,0.22670654952526093,0.22670654952526093,2.9271
5181,0.13303819298744202,0.13303819298744202,0.2267170399427414,0.2267170399427414,2.9277
5182,0.13303744792938232,0.13303744792938232,0.22673030197620392,0.22673030197620392,2.9282
5183,0.13303683698177338,0.13303683698177338,0.22670045495033264,0.22670045495033264,2.9287
5184,0.13303615152835846,0.13303615152835846,0.22674810886383057,0.22674810886383057,2.9293
5185,0.1330355554819107,0.1330355554819107,0.22669339179992676,0.22669339179992676,2.9298
5186,0.13303489983081818,0.13303489983081818,0.22675561904907227,0.22675561904907227,2.9303
5187,0.1330341398715973,0.1330341398715973,0.22669067978858948,0.22669067978858948,2.9309
5188,0.13303354382514954,0.13303354382514954,0.2267606258392334,0.2267606258392334,2.9314
5189,0.133032888174057,0.133032888174057,0.22670193016529083,0.22670193016529083,2.9319
5190,0.1330321729183197,0.1330321729183197,0.2267574965953827,0.2267574965953827,2.9325
5191,0.13303135335445404,0.13303135335445404,0.22670841217041016,0.22670841217041016,2.933
5192,0.13303060829639435,0.13303060829639435,0.2267497032880783,0.2267497032880783,2.9335
5193,0.13302995264530182,0.13302995264530182,0.2267293930053711,0.2267293930053711,2.9341
5194,0.13302919268608093,0.13302919268608093,0.22674031555652618,0.22674031555652618,2.9346
5195,0.13302850723266602,0.13302850723266602,0.22674699127674103,0.22674699127674103,2.9351
5196,0.13302786648273468,0.13302786648273468,0.22672948241233826,0.22672948241233826,2.9357
5197,0.13302716612815857,0.13302716612815857,0.22676138579845428,0.22676138579845428,2.9362
5198,0.13302652537822723,0.13302652537822723,0.2267204225063324,0.2267204225063324,2.9367
5199,0.1330258548259735,0.1330258548259735,0.2267710417509079,0.2267710417509079,2.9373
5200,0.133025124669075,0.133025124669075,0.2267136126756668,0.2267136126756668,2.9378
5201,0.1330244392156601,0.1330244392156601,0.22678084671497345,0.22678084671497345,2.9383
5202,0.13302376866340637,0.13302376866340637,0.2267245501279831,0.2267245501279831,2.9388
5203,0.13302305340766907,0.13302305340766907,0.22677037119865417,0.22677037119865417,2.9393
5204,0.13302230834960938,0.13302230834960938,0.22673504054546356,0.22673504054546356,2.9399
5205,0.13302160799503326,0.13302160799503326,0.2267652451992035,0.2267652451992035,2.9404
5206,0.13302096724510193,0.13302096724510193,0.22674603760242462,0.22674603760242462,2.9409
5207,0.13302023708820343,0.13302023708820343,0.22677341103553772,0.22677341103553772,2.9414
5208,0.1330195814371109,0.1330195814371109,0.2267453670501709,0.2267453670501709,2.942
5209,0.1330188810825348,0.1330188810825348,0.22676798701286316,0.22676798701286316,2.9425
5210,0.13301816582679749,0.13301816582679749,0.22675836086273193,0.22675836086273193,2.943
5211,0.13301751017570496,0.13301751017570496,0.22676792740821838,0.22676792740821838,2.9435
5212,0.13301685452461243,0.13301685452461243,0.22676236927509308,0.22676236927509308,2.944
5213,0.13301607966423035,0.13301607966423035,0.2267601191997528,0.2267601191997528,2.9446
5214,0.1330154687166214,0.1330154687166214,0.22677555680274963,0.22677555680274963,2.9456
5215,0.13301482796669006,0.13301482796669006,0.22676071524620056,0.22676071524620056,2.9461
5216,0.13301411271095276,0.13301411271095276,0.22678761184215546,0.22678761184215546,2.9467
5217,0.13301333785057068,0.13301333785057068,0.22675159573554993,0.22675159573554993,2.9481
5218,0.1330128014087677,0.1330128014087677,0.22679463028907776,0.22679463028907776,2.9486
5219,0.13301219046115875,0.13301219046115875,0.22675597667694092,0.22675597667694092,2.9492
5220,0.13301149010658264,0.13301149010658264,0.22680334746837616,0.22680334746837616,2.9497
5221,0.13301068544387817,0.13301068544387817,0.2267555296421051,0.2267555296421051,2.9503
5222,0.13301001489162445,0.13301001489162445,0.22680068016052246,0.22680068016052246,2.951
5223,0.13300944864749908,0.13300944864749908,0.22675147652626038,0.22675147652626038,2.9515
5224,0.13300874829292297,0.13300874829292297,0.22681474685668945,0.22681474685668945,2.9521
5225,0.13300803303718567,0.13300803303718567,0.22674965858459473,0.22674965858459473,2.9526
5226,0.13300731778144836,0.13300731778144836,0.22682106494903564,0.22682106494903564,2.9531
5227,0.13300666213035583,0.13300666213035583,0.22674953937530518,0.22674953937530518,2.9536
5228,0.13300597667694092,0.13300597667694092,0.22682857513427734,0.22682857513427734,2.9541
5229,0.1330053061246872,0.1330053061246872,0.22674846649169922,0.22674846649169922,2.9547
5230,0.13300468027591705,0.13300468027591705,0.226835697889328,0.226835697889328,2.9552
5231,0.13300395011901855,0.13300395011901855,0.2267482578754425,0.2267482578754425,2.9559
5232,0.1330033242702484,0.1330033242702484,0.226843923330307,0.226843923330307,2.9564
5233,0.13300268352031708,0.13300268352031708,0.22674529254436493,0.22674529254436493,2.9572
5234,0.13300202786922455,0.13300202786922455,0.22685298323631287,0.22685298323631287,2.9579
5235,0.13300146162509918,0.13300146162509918,0.22673861682415009,0.22673861682415009,2.9584
5236,0.133000910282135,0.133000910282135,0.22686555981636047,0.22686555981636047,2.9589
5237,0.13300029933452606,0.13300029933452606,0.22672989964485168,0.22672989964485168,2.9594
5238,0.13299968838691711,0.13299968838691711,0.22688131034374237,0.22688131034374237,2.9599
5239,0.132999449968338,0.132999449968338,0.22671310603618622,0.22671310603618622,2.9604
5240,0.1329992413520813,0.1329992413520813,0.22691543400287628,0.22691543400287628,2.9609
5241,0.13299912214279175,0.13299912214279175,0.22668418288230896,0.22668418288230896,2.9615
5242,0.13299910724163055,0.13299910724163055,0.22695927321910858,0.22695927321910858,2.962
5243,0.13299940526485443,0.13299940526485443,0.2266373634338379,0.2266373634338379,2.9625
5244,0.13300034403800964,0.13300034403800964,0.2270171195268631,0.2270171195268631,2.963
5245,0.13300170004367828,0.13300170004367828,0.2265796959400177,0.2265796959400177,2.9635
5246,0.13300390541553497,0.13300390541553497,0.22710108757019043,0.22710108757019043,2.964
5247,0.13300752639770508,0.13300752639770508,0.226494699716568,0.226494699716568,2.9645
5248,0.13301269710063934,0.13301269710063934,0.2272229939699173,0.2272229939699173,2.965
5249,0.13301967084407806,0.13301967084407806,0.2263784110546112,0.2263784110546112,2.9657
5250,0.13302850723266602,0.13302850723266602,0.22737941145896912,0.22737941145896912,2.9663
5251,0.1330396831035614,0.1330396831035614,0.22624973952770233,0.22624973952770233,2.9668
5252,0.13305124640464783,0.13305124640464783,0.22754713892936707,0.22754713892936707,2.9674
5253,0.13306063413619995,0.13306063413619995,0.2261391133069992,0.2261391133069992,2.968
5254,0.13306424021720886,0.13306424021720886,0.22763633728027344,0.22763633728027344,2.9685
5255,0.13305793702602386,0.13305793702602386,0.22614645957946777,0.22614645957946777,2.9691
5256,0.13304086029529572,0.13304086029529572,0.22750596702098846,0.22750596702098846,2.9696
5257,0.1330181211233139,0.1330181211233139,0.22635388374328613,0.22635388374328613,2.9702
5258,0.13299743831157684,0.13299743831157684,0.2271324098110199,0.2271324098110199,2.9707
5259,0.13298571109771729,0.13298571109771729,0.22672565281391144,0.22672565281391144,2.9712
5260,0.1329851597547531,0.1329851597547531,0.22672457993030548,0.22672457993030548,2.9717
5261,0.13299259543418884,0.13299259543418884,0.2271070033311844,0.2271070033311844,2.9722
5262,0.13300195336341858,0.13300195336341858,0.22646217048168182,0.22646217048168182,2.9727
5263,0.1330077201128006,0.1330077201128006,0.22728948295116425,0.22728948295116425,2.9733
5264,0.13300669193267822,0.13300669193267822,0.226409912109375,0.226409912109375,2.9738
5265,0.13299931585788727,0.13299931585788727,0.22722658514976501,0.22722658514976501,2.9743
5266,0.13298949599266052,0.13298949599266052,0.2265690267086029,0.2265690267086029,2.9748
5267,0.13298146426677704,0.13298146426677704,0.22696802020072937,0.22696802020072937,2.9754
5268,0.1329784244298935,0.1329784244298935,0.22682957351207733,0.22682957351207733,2.9759
5269,0.1329801082611084,0.1329801082611084,0.22669902443885803,0.22669902443885803,2.9764
5270,0.1329840123653412,0.1329840123653412,0.227072075009346,0.227072075009346,2.9769
5271,0.1329871416091919,0.1329871416091919,0.22655916213989258,0.22655916213989258,2.9774
5272,0.13298727571964264,0.13298727571964264,0.22713641822338104,0.22713641822338104,2.9779
5273,0.13298410177230835,0.13298410177230835,0.22657804191112518,0.22657804191112518,2.9784
5274,0.13297930359840393,0.13297930359840393,0.2270386666059494,0.2270386666059494,2.979
5275,0.13297516107559204,0.13297516107559204,0.22673802077770233,0.22673802077770233,2.9795
5276,0.13297292590141296,0.13297292590141296,0.22685346007347107,0.22685346007347107,2.9801
5277,0.1329730600118637,0.1329730600118637,0.22691217064857483,0.22691217064857483,2.9806
5278,0.1329742968082428,0.1329742968082428,0.2267013043165207,0.2267013043165207,2.9812
5279,0.1329752653837204,0.1329752653837204,0.22702932357788086,0.22702932357788086,2.9817
5280,0.1329750120639801,0.1329750120639801,0.22665981948375702,0.22665981948375702,2.9822
5281,0.1329738199710846,0.1329738199710846,0.227021262049675,0.227021262049675,2.9827
5282,0.13297170400619507,0.13297170400619507,0.22670546174049377,0.22670546174049377,2.9833
5283,0.132969468832016,0.132969468832016,0.2269337922334671,0.2269337922334671,2.9838
5284,0.13296781480312347,0.13296781480312347,0.22682075202465057,0.22682075202465057,2.9843
5285,0.13296696543693542,0.13296696543693542,0.22682151198387146,0.22682151198387146,2.9848
5286,0.13296709954738617,0.13296709954738617,0.22693052887916565,0.22693052887916565,2.9853
5287,0.13296730816364288,0.13296730816364288,0.22674770653247833,0.22674770653247833,2.9858
5288,0.1329670399427414,0.1329670399427414,0.226976677775383,0.226976677775383,2.9863
5289,0.13296625018119812,0.13296625018119812,0.22673901915550232,0.22673901915550232,2.9868
5290,0.13296492397785187,0.13296492397785187,0.22695593535900116,0.22695593535900116,2.9873
5291,0.13296350836753845,0.13296350836753845,0.2267775982618332,0.2267775982618332,2.9878
5292,0.1329624205827713,0.1329624205827713,0.22689299285411835,0.22689299285411835,2.9884
5293,0.13296158611774445,0.13296158611774445,0.2268591672182083,0.2268591672182083,2.9889
5294,0.13296091556549072,0.13296091556549072,0.22682413458824158,0.22682413458824158,2.9894
5295,0.13296058773994446,0.13296058773994446,0.22691741585731506,0.22691741585731506,2.9899
5296,0.1329602152109146,0.1329602152109146,0.2267874777317047,0.2267874777317047,2.9904
5297,0.13295960426330566,0.13295960426330566,0.2269401252269745,0.2269401252269745,2.9909
5298,0.13295873999595642,0.13295873999595642,0.22679109871387482,0.22679109871387482,2.9914
5299,0.1329580396413803,0.1329580396413803,0.2269291877746582,0.2269291877746582,2.992
5300,0.13295722007751465,0.13295722007751465,0.22682014107704163,0.22682014107704163,2.9925
5301,0.13295631110668182,0.13295631110668182,0.22689831256866455,0.22689831256866455,2.993
5302,0.1329554170370102,0.1329554170370102,0.22686271369457245,0.22686271369457245,2.9935
5303,0.13295471668243408,0.13295471668243408,0.22686362266540527,0.22686362266540527,2.994
5304,0.13295422494411469,0.13295422494411469,0.2269013226032257,0.2269013226032257,2.9946
5305,0.1329536736011505,0.1329536736011505,0.22682876884937286,0.22682876884937286,2.9951
5306,0.1329529881477356,0.1329529881477356,0.22692418098449707,0.22692418098449707,2.9956
5307,0.13295236229896545,0.13295236229896545,0.2268204689025879,0.2268204689025879,2.9961
5308,0.13295170664787292,0.13295170664787292,0.22692060470581055,0.22692060470581055,2.9967
5309,0.13295091688632965,0.13295091688632965,0.22683708369731903,0.22683708369731903,2.9972
5310,0.13294996321201324,0.13294996321201324,0.22690506279468536,0.22690506279468536,2.9978
5311,0.13294942677021027,0.13294942677021027,0.22686544060707092,0.22686544060707092,2.9984
5312,0.1329488456249237,0.1329488456249237,0.22688665986061096,0.22688665986061096,2.999
5313,0.1329481303691864,0.1329481303691864,0.22688443958759308,0.22688443958759308,2.9995
5314,0.1329473853111267,0.1329473853111267,0.22686633467674255,0.22686633467674255,3.0
5315,0.13294658064842224,0.13294658064842224,0.22689886391162872,0.22689886391162872,3.0005
5316,0.13294610381126404,0.13294610381126404,0.2268538922071457,0.2268538922071457,3.001
5317,0.13294555246829987,0.13294555246829987,0.2269064486026764,0.2269064486026764,3.0015
5318,0.13294486701488495,0.13294486701488495,0.22686228156089783,0.22686228156089783,3.002
5319,0.13294409215450287,0.13294409215450287,0.22690629959106445,0.22690629959106445,3.0025
5320,0.13294319808483124,0.13294319808483124,0.2268739491701126,0.2268739491701126,3.003
5321,0.13294264674186707,0.13294264674186707,0.22690482437610626,0.22690482437610626,3.0036
5322,0.1329420804977417,0.1329420804977417,0.2268870770931244,0.2268870770931244,3.0041
5323,0.13294142484664917,0.13294142484664917,0.2268894612789154,0.2268894612789154,3.0046
5324,0.13294069468975067,0.13294069468975067,0.22690287232398987,0.22690287232398987,3.0051
5325,0.1329398900270462,0.1329398900270462,0.22688189148902893,0.22688189148902893,3.0056
5326,0.1329391449689865,0.1329391449689865,0.22690799832344055,0.22690799832344055,3.0061
5327,0.13293859362602234,0.13293859362602234,0.22687573730945587,0.22687573730945587,3.0066
5328,0.13293787837028503,0.13293787837028503,0.2269195020198822,0.2269195020198822,3.0071
5329,0.13293710350990295,0.13293710350990295,0.22687014937400818,0.22687014937400818,3.0076
5330,0.13293656706809998,0.13293656706809998,0.22692079842090607,0.22692079842090607,3.0081
5331,0.13293594121932983,0.13293594121932983,0.22687682509422302,0.22687682509422302,3.0086
5332,0.13293522596359253,0.13293522596359253,0.226910799741745,0.226910799741745,3.0091
5333,0.13293442130088806,0.13293442130088806,0.2268870770931244,0.2268870770931244,3.0097
5334,0.13293364644050598,0.13293364644050598,0.22690972685813904,0.22690972685813904,3.0102
5335,0.13293305039405823,0.13293305039405823,0.2268974781036377,0.2268974781036377,3.0107
5336,0.13293233513832092,0.13293233513832092,0.226909801363945,0.226909801363945,3.0112
5337,0.132931649684906,0.132931649684906,0.22690534591674805,0.22690534591674805,3.0117
5338,0.13293102383613586,0.13293102383613586,0.22690892219543457,0.22690892219543457,3.0122
5339,0.13293029367923737,0.13293029367923737,0.22690245509147644,0.22690245509147644,3.0127
5340,0.13292959332466125,0.13292959332466125,0.22690948843955994,0.22690948843955994,3.0133
5341,0.13292893767356873,0.13292893767356873,0.22690463066101074,0.22690463066101074,3.0138
5342,0.13292819261550903,0.13292819261550903,0.22691503167152405,0.22691503167152405,3.0143
5343,0.13292764127254486,0.13292764127254486,0.22690148651599884,0.22690148651599884,3.0148
5344,0.1329270452260971,0.1329270452260971,0.22692184150218964,0.22692184150218964,3.0153
5345,0.1329263150691986,0.1329263150691986,0.226902037858963,0.226902037858963,3.0158
5346,0.13292554020881653,0.13292554020881653,0.2269328087568283,0.2269328087568283,3.0163
5347,0.13292494416236877,0.13292494416236877,0.22689910233020782,0.22689910233020782,3.0168
5348,0.13292434811592102,0.13292434811592102,0.22692832350730896,0.22692832350730896,3.0174
5349,0.13292363286018372,0.13292363286018372,0.2269008606672287,0.2269008606672287,3.0179
5350,0.13292279839515686,0.13292279839515686,0.2269272357225418,0.2269272357225418,3.0184
5351,0.13292226195335388,0.13292226195335388,0.2269081324338913,0.2269081324338913,3.0189
5352,0.1329217106103897,0.1329217106103897,0.2269320785999298,0.2269320785999298,3.0194
5353,0.132921040058136,0.132921040058136,0.2269047200679779,0.2269047200679779,3.0199
5354,0.1329202651977539,0.1329202651977539,0.2269364297389984,0.2269364297389984,3.0205
5355,0.13291943073272705,0.13291943073272705,0.2269066870212555,0.2269066870212555,3.021
5356,0.13291890919208527,0.13291890919208527,0.22693482041358948,0.22693482041358948,3.0215
5357,0.1329183578491211,0.1329183578491211,0.2269020974636078,0.2269020974636078,3.022
5358,0.13291768729686737,0.13291768729686737,0.2269475907087326,0.2269475907087326,3.0225
5359,0.1329168677330017,0.1329168677330017,0.22690120339393616,0.22690120339393616,3.023
5360,0.13291606307029724,0.13291606307029724,0.22695457935333252,0.22695457935333252,3.0235
5361,0.13291552662849426,0.13291552662849426,0.22690042853355408,0.22690042853355408,3.024
5362,0.13291482627391815,0.13291482627391815,0.22695448994636536,0.22695448994636536,3.0245
5363,0.13291406631469727,0.13291406631469727,0.22690269351005554,0.22690269351005554,3.0251
5364,0.13291345536708832,0.13291345536708832,0.22696182131767273,0.22696182131767273,3.0256
5365,0.13291290402412415,0.13291290402412415,0.22689704596996307,0.22689704596996307,3.0261
5366,0.13291218876838684,0.13291218876838684,0.2269727885723114,0.2269727885723114,3.0266
5367,0.1329115331172943,0.1329115331172943,0.22688929736614227,0.22688929736614227,3.0271
5368,0.13291098177433014,0.13291098177433014,0.2269861400127411,0.2269861400127411,3.0276
5369,0.1329103708267212,0.1329103708267212,0.2268712967634201,0.2268712967634201,3.0281
5370,0.1329098641872406,0.1329098641872406,0.22700560092926025,0.22700560092926025,3.0286
5371,0.13290946185588837,0.13290946185588837,0.22685246169567108,0.22685246169567108,3.0292
5372,0.13290908932685852,0.13290908932685852,0.22703585028648376,0.22703585028648376,3.0297
5373,0.13290877640247345,0.13290877640247345,0.22682030498981476,0.22682030498981476,3.0302
5374,0.1329086571931839,0.1329086571931839,0.22706449031829834,0.22706449031829834,3.0307
5375,0.13290880620479584,0.13290880620479584,0.22679591178894043,0.22679591178894043,3.0312
5376,0.13290950655937195,0.13290950655937195,0.22712822258472443,0.22712822258472443,3.0317
5377,0.13291051983833313,0.13291051983833313,0.22672972083091736,0.22672972083091736,3.0322
5378,0.1329123079776764,0.1329123079776764,0.22720417380332947,0.22720417380332947,3.0327
5379,0.132914736866951,0.132914736866951,0.2266513854265213,0.2266513854265213,3.0332
5380,0.13291817903518677,0.13291817903518677,0.22730055451393127,0.22730055451393127,3.0338
5381,0.1329229325056076,0.1329229325056076,0.22655853629112244,0.22655853629112244,3.0343
5382,0.13292966783046722,0.13292966783046722,0.22742924094200134,0.22742924094200134,3.0348
5383,0.13293813169002533,0.13293813169002533,0.2264365255832672,0.2264365255832672,3.0353
5384,0.13294750452041626,0.13294750452041626,0.22758989036083221,0.22758989036083221,3.0358
5385,0.13295681774616241,0.13295681774616241,0.22632579505443573,0.22632579505443573,3.0363
5386,0.13296371698379517,0.13296371698379517,0.2277061492204666,0.2277061492204666,3.0368
5387,0.13296549022197723,0.13296549022197723,0.2262784242630005,0.2262784242630005,3.0373
5388,0.13295944035053253,0.13295944035053253,0.2276896983385086,0.2276896983385086,3.0379
5389,0.13294559717178345,0.13294559717178345,0.22636929154396057,0.22636929154396057,3.0384
5390,0.13292677700519562,0.13292677700519562,0.22745735943317413,0.22745735943317413,3.0389
5391,0.13290934264659882,0.13290934264659882,0.2266242504119873,0.2266242504119873,3.0394
5392,0.1328975409269333,0.1328975409269333,0.22710159420967102,0.22710159420967102,3.0399
5393,0.13289369642734528,0.13289369642734528,0.22696153819561005,0.22696153819561005,3.0404
5394,0.1328968107700348,0.1328968107700348,0.22678299248218536,0.22678299248218536,3.0409
5395,0.13290365040302277,0.13290365040302277,0.2272527664899826,0.2272527664899826,3.0414
5396,0.13290992379188538,0.13290992379188538,0.22658248245716095,0.22658248245716095,3.042
5397,0.1329127848148346,0.1329127848148346,0.22737416625022888,0.22737416625022888,3.0425
5398,0.1329106092453003,0.1329106092453003,0.22657422721385956,0.22657422721385956,3.043
5399,0.13290421664714813,0.13290421664714813,0.22729912400245667,0.22729912400245667,3.0435
5400,0.13289666175842285,0.13289666175842285,0.22671392560005188,0.22671392560005188,3.044
5401,0.13289067149162292,0.13289067149162292,0.22708480060100555,0.22708480060100555,3.0445
5402,0.13288775086402893,0.13288775086402893,0.22693590819835663,0.22693590819835663,3.0451
5403,0.13288797438144684,0.13288797438144684,0.22686633467674255,0.22686633467674255,3.0456
5404,0.13289031386375427,0.13289031386375427,0.2271312177181244,0.2271312177181244,3.0462
5405,0.13289287686347961,0.13289287686347961,0.2267201840877533,0.2267201840877533,3.0467
5406,0.13289374113082886,0.13289374113082886,0.22721758484840393,0.22721758484840393,3.0472
5407,0.1328926384449005,0.1328926384449005,0.22670701146125793,0.22670701146125793,3.0477
5408,0.13288994133472443,0.13288994133472443,0.22717933356761932,0.22717933356761932,3.0482
5409,0.13288645446300507,0.13288645446300507,0.22679205238819122,0.22679205238819122,3.049
5410,0.13288334012031555,0.13288334012031555,0.2270509898662567,0.2270509898662567,3.0496
5411,0.1328817754983902,0.1328817754983902,0.2269379198551178,0.2269379198551178,3.0502
5412,0.13288147747516632,0.13288147747516632,0.22690729796886444,0.22690729796886444,3.0507
5413,0.13288193941116333,0.13288193941116333,0.22706849873065948,0.22706849873065948,3.0512
5414,0.1328824758529663,0.1328824758529663,0.22680827975273132,0.22680827975273132,3.0517
5415,0.132882758975029,0.132882758975029,0.22713389992713928,0.22713389992713928,3.0522
5416,0.13288213312625885,0.13288213312625885,0.22678980231285095,0.22678980231285095,3.0527
5417,0.13288074731826782,0.13288074731826782,0.2271193265914917,0.2271193265914917,3.0533
5418,0.13287894427776337,0.13287894427776337,0.22683611512184143,0.22683611512184143,3.0538
5419,0.1328771561384201,0.1328771561384201,0.22704720497131348,0.22704720497131348,3.0543
5420,0.13287575542926788,0.13287575542926788,0.22692032158374786,0.22692032158374786,3.0548
5421,0.13287487626075745,0.13287487626075745,0.22694802284240723,0.22694802284240723,3.0554
5422,0.13287465274333954,0.13287465274333954,0.22701618075370789,0.22701618075370789,3.0559
5423,0.13287460803985596,0.13287460803985596,0.22688230872154236,0.22688230872154236,3.0564
5424,0.13287439942359924,0.13287439942359924,0.22707577049732208,0.22707577049732208,3.0569
5425,0.13287416100502014,0.13287416100502014,0.22684498131275177,0.22684498131275177,3.0574
5426,0.13287360966205597,0.13287360966205597,0.22708311676979065,0.22708311676979065,3.058
5427,0.1328725665807724,0.1328725665807724,0.22685983777046204,0.22685983777046204,3.0585
5428,0.13287129998207092,0.13287129998207092,0.22706031799316406,0.22706031799316406,3.059
5429,0.13286997377872467,0.13286997377872467,0.22690577805042267,0.22690577805042267,3.0595
5430,0.13286928832530975,0.13286928832530975,0.22699716687202454,0.22699716687202454,3.06
5431,0.13286855816841125,0.13286855816841125,0.22695961594581604,0.22695961594581604,3.0606
5432,0.13286787271499634,0.13286787271499634,0.22695574164390564,0.22695574164390564,3.0611
5433,0.13286715745925903,0.13286715745925903,0.22700825333595276,0.22700825333595276,3.0616
5434,0.13286659121513367,0.13286659121513367,0.22691984474658966,0.22691984474658966,3.0625
5435,0.1328662931919098,0.1328662931919098,0.22704029083251953,0.22704029083251953,3.063
5436,0.1328657567501068,0.1328657567501068,0.226903036236763,0.226903036236763,3.0638
5437,0.13286501169204712,0.13286501169204712,0.22704990208148956,0.22704990208148956,3.0643
5438,0.1328640878200531,0.1328640878200531,0.22690710425376892,0.22690710425376892,3.0648
5439,0.13286340236663818,0.13286340236663818,0.22702860832214355,0.22702860832214355,3.0653
5440,0.13286268711090088,0.13286268711090088,0.22692856192588806,0.22692856192588806,3.0658
5441,0.13286180794239044,0.13286180794239044,0.22701673209667206,0.22701673209667206,3.0663
5442,0.13286083936691284,0.13286083936691284,0.22695443034172058,0.22695443034172058,3.0668
5443,0.1328601837158203,0.1328601837158203,0.22698359191417694,0.22698359191417694,3.0674
5444,0.13285943865776062,0.13285943865776062,0.22697384655475616,0.22697384655475616,3.0679
5445,0.13285882771015167,0.13285882771015167,0.22696928679943085,0.22696928679943085,3.0684
5446,0.13285817205905914,0.13285817205905914,0.22699542343616486,0.22699542343616486,3.0689
5447,0.132857546210289,0.132857546210289,0.22696034610271454,0.22696034610271454,3.0694
5448,0.13285693526268005,0.13285693526268005,0.2270003855228424,0.2270003855228424,3.0699
5449,0.13285623490810394,0.13285623490810394,0.22694917023181915,0.22694917023181915,3.0705
5450,0.132855623960495,0.132855623960495,0.2270188331604004,0.2270188331604004,3.071
5451,0.13285496830940247,0.13285496830940247,0.2269527167081833,0.2269527167081833,3.0715
5452,0.13285425305366516,0.13285425305366516,0.22701701521873474,0.22701701521873474,3.072
5453,0.13285356760025024,0.13285356760025024,0.22694388031959534,0.22694388031959534,3.0725
5454,0.13285283744335175,0.13285283744335175,0.22700731456279755,0.22700731456279755,3.073
5455,0.1328521966934204,0.1328521966934204,0.2269652783870697,0.2269652783870697,3.0735
5456,0.1328514665365219,0.1328514665365219,0.22701117396354675,0.22701117396354675,3.074
5457,0.13285091519355774,0.13285091519355774,0.22695545852184296,0.22695545852184296,3.0745
5458,0.13285019993782043,0.13285019993782043,0.22700433433055878,0.22700433433055878,3.075
5459,0.13284942507743835,0.13284942507743835,0.2269814908504486,0.2269814908504486,3.0755
5460,0.13284878432750702,0.13284878432750702,0.22699841856956482,0.22699841856956482,3.0761
5461,0.13284803926944733,0.13284803926944733,0.226976677775383,0.226976677775383,3.0766
5462,0.13284756243228912,0.13284756243228912,0.22699160873889923,0.22699160873889923,3.0771
5463,0.132846862077713,0.132846862077713,0.226986363530159,0.226986363530159,3.0776
5464,0.13284602761268616,0.13284602761268616,0.2270016223192215,0.2270016223192215,3.0781
5465,0.13284558057785034,0.13284558057785034,0.2269822657108307,0.2269822657108307,3.0786
5466,0.13284507393836975,0.13284507393836975,0.22698983550071716,0.22698983550071716,3.0791
5467,0.13284435868263245,0.13284435868263245,0.22698108851909637,0.22698108851909637,3.0796
5468,0.13284367322921753,0.13284367322921753,0.22701236605644226,0.22701236605644226,3.0801
5469,0.1328428089618683,0.1328428089618683,0.2269788235425949,0.2269788235425949,3.0806
5470,0.13284216821193695,0.13284216821193695,0.22699454426765442,0.22699454426765442,3.0811
5471,0.132841557264328,0.132841557264328,0.22697409987449646,0.22697409987449646,3.0817
5472,0.1328408420085907,0.1328408420085907,0.22701850533485413,0.22701850533485413,3.0822
5473,0.132840096950531,0.132840096950531,0.22697266936302185,0.22697266936302185,3.0827
5474,0.13283957540988922,0.13283957540988922,0.22701720893383026,0.22701720893383026,3.0832
5475,0.1328388750553131,0.1328388750553131,0.22696208953857422,0.22696208953857422,3.0838
5476,0.13283812999725342,0.13283812999725342,0.227034330368042,0.227034330368042,3.0843
5477,0.1328376829624176,0.1328376829624176,0.22696252167224884,0.22696252167224884,3.0848
5478,0.13283705711364746,0.13283705711364746,0.2270342856645584,0.2270342856645584,3.0853
5479,0.132836252450943,0.132836252450943,0.22695724666118622,0.22695724666118622,3.0858
5480,0.13283556699752808,0.13283556699752808,0.22703877091407776,0.22703877091407776,3.0863
5481,0.13283498585224152,0.13283498585224152,0.22697016596794128,0.22697016596794128,3.0868
5482,0.1328343003988266,0.1328343003988266,0.22703590989112854,0.22703590989112854,3.0873
5483,0.1328335553407669,0.1328335553407669,0.22696194052696228,0.22696194052696228,3.0879
5484,0.13283279538154602,0.13283279538154602,0.22703389823436737,0.22703389823436737,3.0884
5485,0.13283219933509827,0.13283219933509827,0.22696495056152344,0.22696495056152344,3.0889
5486,0.13283151388168335,0.13283151388168335,0.22704347968101501,0.22704347968101501,3.0894
5487,0.1328309178352356,0.1328309178352356,0.22694936394691467,0.22694936394691467,3.09
5488,0.13283021748065948,0.13283021748065948,0.2270468771457672,0.2270468771457672,3.0905
5489,0.1328297108411789,0.1328297108411789,0.22695669531822205,0.22695669531822205,3.091
5490,0.13282915949821472,0.13282915949821472,0.22706881165504456,0.22706881165504456,3.0915
5491,0.1328287422657013,0.1328287422657013,0.22692063450813293,0.22692063450813293,3.092
5492,0.1328282654285431,0.1328282654285431,0.22708697617053986,0.22708697617053986,3.0925
5493,0.13282781839370728,0.13282781839370728,0.22691455483436584,0.22691455483436584,3.093
5494,0.13282760977745056,0.13282760977745056,0.22711670398712158,0.22711670398712158,3.0935
5495,0.13282746076583862,0.13282746076583862,0.22687606513500214,0.22687606513500214,3.094
5496,0.1328275501728058,0.1328275501728058,0.2271554172039032,0.2271554172039032,3.0945
5497,0.13282804191112518,0.13282804191112518,0.22683444619178772,0.22683444619178772,3.0951
5498,0.13282927870750427,0.13282927870750427,0.2272293120622635,0.2272293120622635,3.0956
5499,0.13283108174800873,0.13283108174800873,0.22675566375255585,0.22675566375255585,3.0961
5500,0.13283425569534302,0.13283425569534302,0.2273167371749878,0.2273167371749878,3.0966
5501,0.13283880054950714,0.13283880054950714,0.2266579121351242,0.2266579121351242,3.0971
5502,0.13284510374069214,0.13284510374069214,0.2274722307920456,0.2274722307920456,3.0976
5503,0.13285331428050995,0.13285331428050995,0.22651953995227814,0.22651953995227814,3.0981
5504,0.132863849401474,0.132863849401474,0.22762155532836914,0.22762155532836914,3.0986
5505,0.13287559151649475,0.13287559151649475,0.22639307379722595,0.22639307379722595,3.0991
5506,0.1328863799571991,0.1328863799571991,0.22779878973960876,0.22779878973960876,3.0996
5507,0.13289424777030945,0.13289424777030945,0.22629280388355255,0.22629280388355255,3.1001
5508,0.13289465010166168,0.13289465010166168,0.22784025967121124,0.22784025967121124,3.1006
5509,0.13288500905036926,0.13288500905036926,0.22632548213005066,0.22632548213005066,3.1011
5510,0.1328658014535904,0.1328658014535904,0.22767424583435059,0.22767424583435059,3.1016
5511,0.13284273445606232,0.13284273445606232,0.22655777633190155,0.22655777633190155,3.1021
5512,0.13282355666160583,0.13282355666160583,0.2272757589817047,0.2272757589817047,3.1026
5513,0.1328139305114746,0.1328139305114746,0.22693033516407013,0.22693033516407013,3.1031
5514,0.13281454145908356,0.13281454145908356,0.22688813507556915,0.22688813507556915,3.1036
5515,0.13282248377799988,0.13282248377799988,0.22730252146720886,0.22730252146720886,3.1041
5516,0.13283228874206543,0.13283228874206543,0.2266182154417038,0.2266182154417038,3.1046
5517,0.1328382045030594,0.1328382045030594,0.22749073803424835,0.22749073803424835,3.1051
5518,0.13283714652061462,0.13283714652061462,0.22656874358654022,0.22656874358654022,3.1056
5519,0.13282985985279083,0.13282985985279083,0.22742655873298645,0.22742655873298645,3.1062
5520,0.1328197866678238,0.1328197866678238,0.22672052681446075,0.22672052681446075,3.1067
5521,0.13281160593032837,0.13281160593032837,0.2271672785282135,0.2271672785282135,3.1072
5522,0.1328074187040329,0.1328074187040329,0.22698068618774414,0.22698068618774414,3.1077
5523,0.1328081637620926,0.1328081637620926,0.2269127368927002,0.2269127368927002,3.1082
5524,0.1328117549419403,0.1328117549419403,0.22721648216247559,0.22721648216247559,3.1087
5525,0.13281521201133728,0.13281521201133728,0.22673138976097107,0.22673138976097107,3.1092
5526,0.13281625509262085,0.13281625509262085,0.22731557488441467,0.22731557488441467,3.1097
5527,0.13281406462192535,0.13281406462192535,0.22673241794109344,0.22673241794109344,3.1102
5528,0.13281044363975525,0.13281044363975525,0.22723564505577087,0.22723564505577087,3.1107
5529,0.1328061819076538,0.1328061819076538,0.2268560379743576,0.2268560379743576,3.1112
5530,0.13280290365219116,0.13280290365219116,0.22707124054431915,0.22707124054431915,3.1117
5531,0.13280148804187775,0.13280148804187775,0.2270345687866211,0.2270345687866211,3.1122
5532,0.1328023374080658,0.1328023374080658,0.22691412270069122,0.22691412270069122,3.1128
5533,0.13280384242534637,0.13280384242534637,0.22717519104480743,0.22717519104480743,3.1133
5534,0.1328047215938568,0.1328047215938568,0.2268143892288208,0.2268143892288208,3.1139
5535,0.1328042447566986,0.1328042447566986,0.22721119225025177,0.22721119225025177,3.1144
5536,0.13280248641967773,0.13280248641967773,0.22683683037757874,0.22683683037757874,3.1149
5537,0.13279999792575836,0.13279999792575836,0.22713646292686462,0.22713646292686462,3.1154
5538,0.13279762864112854,0.13279762864112854,0.22691889107227325,0.22691889107227325,3.1159
5539,0.132796511054039,0.132796511054039,0.22702765464782715,0.22702765464782715,3.1164
5540,0.13279610872268677,0.13279610872268677,0.22704064846038818,0.22704064846038818,3.1169
5541,0.13279595971107483,0.13279595971107483,0.22693391144275665,0.22693391144275665,3.1174
5542,0.13279573619365692,0.13279573619365692,0.22711172699928284,0.22711172699928284,3.118
5543,0.132795512676239,0.132795512676239,0.2268906533718109,0.2268906533718109,3.1185
5544,0.13279511034488678,0.13279511034488678,0.22713878750801086,0.22713878750801086,3.119
5545,0.13279417157173157,0.13279417157173157,0.22690384089946747,0.22690384089946747,3.1195
5546,0.1327928751707077,0.1327928751707077,0.22710731625556946,0.22710731625556946,3.12
5547,0.13279154896736145,0.13279154896736145,0.2269553244113922,0.2269553244113922,3.1206
5548,0.13279032707214355,0.13279032707214355,0.22703853249549866,0.22703853249549866,3.1211
5549,0.13278977572917938,0.13278977572917938,0.2270248830318451,0.2270248830318451,3.1216
5550,0.1327894777059555,0.1327894777059555,0.22697210311889648,0.22697210311889648,3.1221
5551,0.1327890008687973,0.1327890008687973,0.22707900404930115,0.22707900404930115,3.1226
5552,0.13278846442699432,0.13278846442699432,0.22693093121051788,0.22693093121051788,3.1232
5553,0.13278810679912567,0.13278810679912567,0.22710180282592773,0.22710180282592773,3.1237
5554,0.13278740644454956,0.13278740644454956,0.22692164778709412,0.22692164778709412,3.1242
5555,0.13278642296791077,0.13278642296791077,0.2270946502685547,0.2270946502685547,3.1247
5556,0.13278546929359436,0.13278546929359436,0.22695526480674744,0.22695526480674744,3.1252
5557,0.13278453052043915,0.13278453052043915,0.227055162191391,0.227055162191391,3.1257
5558,0.1327836811542511,0.1327836811542511,0.227006196975708,0.227006196975708,3.1262
5559,0.1327829658985138,0.1327829658985138,0.22700843214988708,0.22700843214988708,3.1267
5560,0.13278068602085114,0.13278068602085114,0.22702208161354065,0.22702208161354065,3.1272
5561,0.1327783316373825,0.1327783316373825,0.2269550859928131,0.2269550859928131,3.1278
5562,0.13277597725391388,0.13277597725391388,0.2271193563938141,0.2271193563938141,3.1283
5563,0.13277341425418854,0.13277341425418854,0.22701983153820038,0.22701983153820038,3.1288
5564,0.13277053833007812,0.13277053833007812,0.22720904648303986,0.22720904648303986,3.1293
5565,0.13276726007461548,0.13276726007461548,0.22711387276649475,0.22711387276649475,3.1298
5566,0.13276375830173492,0.13276375830173492,0.2272765338420868,0.2272765338420868,3.1303
5567,0.13276037573814392,0.13276037573814392,0.2272210568189621,0.2272210568189621,3.1308
5568,0.13275699317455292,0.13275699317455292,0.22733955085277557,0.22733955085277557,3.1313
5569,0.13275353610515594,0.13275353610515594,0.22734269499778748,0.22734269499778748,3.1318
5570,0.13275054097175598,0.13275054097175598,0.22740039229393005,0.22740039229393005,3.1323
5571,0.13274750113487244,0.13274750113487244,0.2274738848209381,0.2274738848209381,3.1328
5572,0.13274440169334412,0.13274440169334412,0.2274719923734665,0.2274719923734665,3.1333
5573,0.13274140655994415,0.13274140655994415,0.22757157683372498,0.22757157683372498,3.1338
5574,0.13273827731609344,0.13273827731609344,0.22756724059581757,0.22756724059581757,3.1343
5575,0.13273510336875916,0.13273510336875916,0.22769403457641602,0.22769403457641602,3.1348
5576,0.1327318400144577,0.1327318400144577,0.2276378571987152,0.2276378571987152,3.1354
5577,0.13272851705551147,0.13272851705551147,0.2277328073978424,0.2277328073978424,3.1359
5578,0.13272520899772644,0.13272520899772644,0.2276936024427414,0.2276936024427414,3.1364
5579,0.13272181153297424,0.13272181153297424,0.22776928544044495,0.22776928544044495,3.1369
5580,0.13271839916706085,0.13271839916706085,0.22773881256580353,0.22773881256580353,3.1374
5581,0.13271494209766388,0.13271494209766388,0.2277708798646927,0.2277708798646927,3.1379
5582,0.1327115148305893,0.1327115148305893,0.22774319350719452,0.22774319350719452,3.1384
5583,0.1327081024646759,0.1327081024646759,0.22774222493171692,0.22774222493171692,3.1389
5584,0.13270476460456848,0.13270476460456848,0.22775235772132874,0.22775235772132874,3.1394
5585,0.1327013522386551,0.1327013522386551,0.22772736847400665,0.22772736847400665,3.1399
5586,0.13269799947738647,0.13269799947738647,0.22775134444236755,0.22775134444236755,3.1405
5587,0.1326945722103119,0.1326945722103119,0.22772836685180664,0.22772836685180664,3.141
5588,0.1326911747455597,0.1326911747455597,0.22777822613716125,0.22777822613716125,3.1415
5589,0.1326877623796463,0.1326877623796463,0.22774991393089294,0.22774991393089294,3.142
5590,0.13268427550792694,0.13268427550792694,0.22781705856323242,0.22781705856323242,3.1425
5591,0.1326814740896225,0.1326814740896225,0.22780784964561462,0.22780784964561462,3.143
5592,0.1326783001422882,0.1326783001422882,0.22787542641162872,0.22787542641162872,3.1435
5593,0.13267472386360168,0.13267472386360168,0.2278580218553543,0.2278580218553543,3.144
5594,0.1326710283756256,0.1326710283756256,0.2279382199048996,0.2279382199048996,3.1445
5595,0.13266785442829132,0.13266785442829132,0.2279202938079834,0.2279202938079834,3.1451
5596,0.13266462087631226,0.13266462087631226,0.2280038297176361,0.2280038297176361,3.1456
5597,0.13266131281852722,0.13266131281852722,0.22797496616840363,0.22797496616840363,3.1461
5598,0.1326579749584198,0.1326579749584198,0.22805528342723846,0.22805528342723846,3.1466
5599,0.13265463709831238,0.13265463709831238,0.22802813351154327,0.22802813351154327,3.1471
5600,0.13265123963356018,0.13265123963356018,0.22810490429401398,0.22810490429401398,3.1476
5601,0.1326478272676468,0.1326478272676468,0.2280738353729248,0.2280738353729248,3.1481
5602,0.1326444298028946,0.1326444298028946,0.22813129425048828,0.22813129425048828,3.1486
5603,0.13264143466949463,0.13264143466949463,0.22811146080493927,0.22811146080493927,3.1491
5604,0.13263806700706482,0.13263806700706482,0.2281658947467804,0.2281658947467804,3.1496
5605,0.13263438642024994,0.13263438642024994,0.228139728307724,0.228139728307724,3.1501
5606,0.13263125717639923,0.13263125717639923,0.22820091247558594,0.22820091247558594,3.1506
5607,0.13262809813022614,0.13262809813022614,0.2281772643327713,0.2281772643327713,3.1511
5608,0.13262489438056946,0.13262489438056946,0.22823920845985413,0.22823920845985413,3.1516
5609,0.132621631026268,0.132621631026268,0.2281924933195114,0.2281924933195114,3.1521
5610,0.1326182633638382,0.1326182633638382,0.22826674580574036,0.22826674580574036,3.1526
5611,0.132614865899086,0.132614865899086,0.22822606563568115,0.22822606563568115,3.1531
5612,0.1326114386320114,0.1326114386320114,0.22830399870872498,0.22830399870872498,3.1536
5613,0.13260795176029205,0.13260795176029205,0.22825250029563904,0.22825250029563904,3.1541
5614,0.1326044648885727,0.1326044648885727,0.22832727432250977,0.22832727432250977,3.1546
5615,0.13260118663311005,0.13260118663311005,0.2282751500606537,0.2282751500606537,3.1551
5616,0.1325979381799698,0.1325979381799698,0.2283628284931183,0.2283628284931183,3.1557
5617,0.13259437680244446,0.13259437680244446,0.22829873859882355,0.22829873859882355,3.1562
5618,0.1325911581516266,0.1325911581516266,0.22840452194213867,0.22840452194213867,3.1567
5619,0.1325879842042923,0.1325879842042923,0.22832617163658142,0.22832617163658142,3.1572
5620,0.13258476555347443,0.13258476555347443,0.2284548282623291,0.2284548282623291,3.1577
5621,0.13258147239685059,0.13258147239685059,0.22834095358848572,0.22834095358848572,3.1582
5622,0.13257810473442078,0.13257810473442078,0.22850318253040314,0.22850318253040314,3.1588
5623,0.13257478177547455,0.13257478177547455,0.22837896645069122,0.22837896645069122,3.1593
5624,0.13257141411304474,0.13257141411304474,0.2285689115524292,0.2285689115524292,3.1599
5625,0.1325681507587433,0.1325681507587433,0.2284010350704193,0.2284010350704193,3.1604
5626,0.13256514072418213,0.13256514072418213,0.2286229133605957,0.2286229133605957,3.1609
5627,0.13256193697452545,0.13256193697452545,0.22841624915599823,0.22841624915599823,3.1614
5628,0.1325589120388031,0.1325589120388031,0.22870464622974396,0.22870464622974396,3.1619
5629,0.13255590200424194,0.13255590200424194,0.22844290733337402,0.22844290733337402,3.1624
5630,0.13255299627780914,0.13255299627780914,0.22876539826393127,0.22876539826393127,3.163
5631,0.13255006074905396,0.13255006074905396,0.22845415771007538,0.22845415771007538,3.1643
5632,0.13254722952842712,0.13254722952842712,0.22884762287139893,0.22884762287139893,3.1648
5633,0.13254478573799133,0.13254478573799133,0.22847966849803925,0.22847966849803925,3.1657
5634,0.1325426548719406,0.1325426548719406,0.2289280891418457,0.2289280891418457,3.1662
5635,0.13254109025001526,0.13254109025001526,0.22846953570842743,0.22846953570842743,3.1667
5636,0.13254046440124512,0.13254046440124512,0.2290603220462799,0.2290603220462799,3.1674
5637,0.1325405091047287,0.1325405091047287,0.22844994068145752,0.22844994068145752,3.1679
5638,0.13254109025001526,0.13254109025001526,0.22920337319374084,0.22920337319374084,3.1685
5639,0.13254228234291077,0.13254228234291077,0.22840571403503418,0.22840571403503418,3.169
5640,0.1325438767671585,0.1325438767671585,0.229343444108963,0.229343444108963,3.1696
5641,0.13254648447036743,0.13254648447036743,0.22838358581066132,0.22838358581066132,3.171
5642,0.1325482428073883,0.1325482428073883,0.22947725653648376,0.22947725653648376,3.1722
5643,0.13254839181900024,0.13254839181900024,0.2283552587032318,0.2283552587032318,3.1728
5644,0.13254594802856445,0.13254594802856445,0.2295651137828827,0.2295651137828827,3.1733
5645,0.13254067301750183,0.13254067301750183,0.2284201681613922,0.2284201681613922,3.1738
5646,0.13253125548362732,0.13253125548362732,0.22955426573753357,0.22955426573753357,3.1743
5647,0.1325187236070633,0.1325187236070633,0.22855381667613983,0.22855381667613983,3.1748
5648,0.13250471651554108,0.13250471651554108,0.22941866517066956,0.22941866517066956,3.1753
5649,0.1324920952320099,0.1324920952320099,0.22878298163414001,0.22878298163414001,3.1758
5650,0.1324821412563324,0.1324821412563324,0.22919707000255585,0.22919707000255585,3.1764
5651,0.13247564435005188,0.13247564435005188,0.2290157824754715,0.2290157824754715,3.1769
5652,0.13247260451316833,0.13247260451316833,0.22897878289222717,0.22897878289222717,3.1774
5653,0.13247181475162506,0.13247181475162506,0.22923114895820618,0.22923114895820618,3.1779
5654,0.1324716955423355,0.1324716955423355,0.22884945571422577,0.22884945571422577,3.1784
5655,0.13247093558311462,0.13247093558311462,0.2293553650379181,0.2293553650379181,3.1789
5656,0.13246870040893555,0.13246870040893555,0.2287985384464264,0.2287985384464264,3.1794
5657,0.13246479630470276,0.13246479630470276,0.22940818965435028,0.22940818965435028,3.1799
5658,0.13245920836925507,0.13245920836925507,0.22885629534721375,0.22885629534721375,3.1804
5659,0.13245263695716858,0.13245263695716858,0.2293347865343094,0.2293347865343094,3.1809
5660,0.13244596123695374,0.13244596123695374,0.22896547615528107,0.22896547615528107,3.1814
5661,0.13244019448757172,0.13244019448757172,0.22923502326011658,0.22923502326011658,3.1819
5662,0.13243547081947327,0.13243547081947327,0.22912415862083435,0.22912415862083435,3.1825
5663,0.132431760430336,0.132431760430336,0.22911801934242249,0.22911801934242249,3.183
5664,0.13242898881435394,0.13242898881435394,0.2292584627866745,0.2292584627866745,3.1835
5665,0.1324264109134674,0.1324264109134674,0.22905997931957245,0.22905997931957245,3.184
5666,0.1324235200881958,0.1324235200881958,0.22935469448566437,0.22935469448566437,3.1845
5667,0.1324203610420227,0.1324203610420227,0.22904376685619354,0.22904376685619354,3.185
5668,0.13241663575172424,0.13241663575172424,0.22938060760498047,0.22938060760498047,3.1855
5669,0.13241234421730042,0.13241234421730042,0.22908525168895721,0.22908525168895721,3.186
5670,0.13240770995616913,0.13240770995616913,0.2293781340122223,0.2293781340122223,3.1866
5671,0.1324031800031662,0.1324031800031662,0.2291630059480667,0.2291630059480667,3.1871
5672,0.13239885866641998,0.13239885866641998,0.22934751212596893,0.22934751212596893,3.1876
5673,0.13239450752735138,0.13239450752735138,0.22924914956092834,0.22924914956092834,3.1881
5674,0.132390558719635,0.132390558719635,0.22932210564613342,0.22932210564613342,3.1886
5675,0.13238686323165894,0.13238686323165894,0.22932639718055725,0.22932639718055725,3.1891
5676,0.13238313794136047,0.13238313794136047,0.2292974889278412,0.2292974889278412,3.1896
5677,0.1323794275522232,0.1323794275522232,0.2293948233127594,0.2293948233127594,3.1901
5678,0.1323760598897934,0.1323760598897934,0.22930479049682617,0.22930479049682617,3.1907
5679,0.13237255811691284,0.13237255811691284,0.22945566475391388,0.22945566475391388,3.1912
5680,0.13236883282661438,0.13236883282661438,0.22931155562400818,0.22931155562400818,3.1917
5681,0.1323648989200592,0.1323648989200592,0.22949247062206268,0.22949247062206268,3.1922
5682,0.13236109912395477,0.13236109912395477,0.2293342798948288,0.2293342798948288,3.1927
5683,0.13235726952552795,0.13235726952552795,0.22950777411460876,0.22950777411460876,3.1932
5684,0.13235323131084442,0.13235323131084442,0.2293872833251953,0.2293872833251953,3.194
5685,0.13234910368919373,0.13234910368919373,0.22951321303844452,0.22951321303844452,3.1945
5686,0.13234493136405945,0.13234493136405945,0.22945280373096466,0.22945280373096466,3.195
5687,0.13234107196331024,0.13234107196331024,0.2295341044664383,0.2295341044664383,3.1956
5688,0.13233712315559387,0.13233712315559387,0.22950324416160583,0.22950324416160583,3.1961
5689,0.13233324885368347,0.13233324885368347,0.22954507172107697,0.22954507172107697,3.1966
5690,0.13232943415641785,0.13232943415641785,0.2295587956905365,0.2295587956905365,3.1971
5691,0.13232548534870148,0.13232548534870148,0.22956886887550354,0.22956886887550354,3.1976
5692,0.1323217749595642,0.1323217749595642,0.22959908843040466,0.22959908843040466,3.1981
5693,0.1323179453611374,0.1323179453611374,0.22959649562835693,0.22959649562835693,3.1986
5694,0.13231401145458221,0.13231401145458221,0.22963598370552063,0.22963598370552063,3.1991
5695,0.13231000304222107,0.13231000304222107,0.2296292781829834,0.2296292781829834,3.1996
5696,0.132306307554245,0.132306307554245,0.22966451942920685,0.22966451942920685,3.2001
5697,0.13230258226394653,0.13230258226394653,0.22965183854103088,0.22965183854103088,3.2007
5698,0.13229863345623016,0.13229863345623016,0.22970667481422424,0.22970667481422424,3.2012
5699,0.13229459524154663,0.13229459524154663,0.22968849539756775,0.22968849539756775,3.2017
5700,0.13229072093963623,0.13229072093963623,0.22975485026836395,0.22975485026836395,3.2022
5701,0.13228696584701538,0.13228696584701538,0.22973141074180603,0.22973141074180603,3.2027
5702,0.13228318095207214,0.13228318095207214,0.22977718710899353,0.22977718710899353,3.2032
5703,0.13227924704551697,0.13227924704551697,0.2298107147216797,0.2298107147216797,3.2037
5704,0.13227543234825134,0.13227543234825134,0.22975671291351318,0.22975671291351318,3.2042
5705,0.13227172195911407,0.13227172195911407,0.22987723350524902,0.22987723350524902,3.2047
5706,0.13226813077926636,0.13226813077926636,0.22975806891918182,0.22975806891918182,3.2052
5707,0.13226458430290222,0.13226458430290222,0.22993488609790802,0.22993488609790802,3.2058
5708,0.13226094841957092,0.13226094841957092,0.22976544499397278,0.22976544499397278,3.2063
5709,0.13225750625133514,0.13225750625133514,0.2300034463405609,0.2300034463405609,3.2068
5710,0.13225406408309937,0.13225406408309937,0.22977261245250702,0.22977261245250702,3.2073
5711,0.13225100934505463,0.13225100934505463,0.23007813096046448,0.23007813096046448,3.2078
5712,0.132248654961586,0.132248654961586,0.2297789305448532,0.2297789305448532,3.2083
5713,0.1322467029094696,0.1322467029094696,0.23016972839832306,0.23016972839832306,3.2088
5714,0.13224636018276215,0.13224636018276215,0.2297305166721344,0.2297305166721344,3.2093
5715,0.13224682211875916,0.13224682211875916,0.23035454750061035,0.23035454750061035,3.2098
5716,0.13224764168262482,0.13224764168262482,0.22965583205223083,0.22965583205223083,3.2103
5717,0.13224856555461884,0.13224856555461884,0.2304779291152954,0.2304779291152954,3.2108
5718,0.1322496235370636,0.1322496235370636,0.22962923347949982,0.22962923347949982,3.2114
5719,0.1322506070137024,0.1322506070137024,0.2305879145860672,0.2305879145860672,3.2119
5720,0.1322498619556427,0.1322498619556427,0.22960838675498962,0.22960838675498962,3.2124
5721,0.13224688172340393,0.13224688172340393,0.23068709671497345,0.23068709671497345,3.2129
5722,0.13224154710769653,0.13224154710769653,0.229650616645813,0.229650616645813,3.2134
5723,0.13223335146903992,0.13223335146903992,0.2306714951992035,0.2306714951992035,3.2139
5724,0.132222980260849,0.132222980260849,0.22978492081165314,0.22978492081165314,3.2144
5725,0.1322110891342163,0.1322110891342163,0.2305794656276703,0.2305794656276703,3.2149
5726,0.13219961524009705,0.13219961524009705,0.22996525466442108,0.22996525466442108,3.2157
5727,0.13218989968299866,0.13218989968299866,0.23043985664844513,0.23043985664844513,3.2163
5728,0.13218265771865845,0.13218265771865845,0.23020640015602112,0.23020640015602112,3.2168
5729,0.13217796385288239,0.13217796385288239,0.2302969992160797,0.2302969992160797,3.2173
5730,0.13217538595199585,0.13217538595199585,0.23044505715370178,0.23044505715370178,3.2178
5731,0.1321740448474884,0.1321740448474884,0.2302088439464569,0.2302088439464569,3.2183
5732,0.13217316567897797,0.13217316567897797,0.2306196689605713,0.2306196689605713,3.2188
5733,0.13217319548130035,0.13217319548130035,0.23017200827598572,0.23017200827598572,3.2193
5734,0.13217192888259888,0.13217192888259888,0.2307698279619217,0.2307698279619217,3.2198
5735,0.13216924667358398,0.13216924667358398,0.2301512062549591,0.2301512062549591,3.2204
5736,0.1321646124124527,0.1321646124124527,0.23082570731639862,0.23082570731639862,3.2209
5737,0.13215863704681396,0.13215863704681396,0.2302454262971878,0.2302454262971878,3.2214
5738,0.1321519911289215,0.1321519911289215,0.2307754009962082,0.2307754009962082,3.2219
5739,0.13214489817619324,0.13214489817619324,0.23035883903503418,0.23035883903503418,3.2224
5740,0.1321384161710739,0.1321384161710739,0.2307179868221283,0.2307179868221283,3.2229
5741,0.1321329027414322,0.1321329027414322,0.2305126190185547,0.2305126190185547,3.2234
5742,0.13212816417217255,0.13212816417217255,0.23064132034778595,0.23064132034778595,3.2239
5743,0.1321244239807129,0.1321244239807129,0.23065543174743652,0.23065543174743652,3.2244
5744,0.13212113082408905,0.13212113082408905,0.23057977855205536,0.23057977855205536,3.2249
5745,0.13211846351623535,0.13211846351623535,0.230791375041008,0.230791375041008,3.2254
5746,0.1321164220571518,0.1321164220571518,0.2305673062801361,0.2305673062801361,3.226
5747,0.13211412727832794,0.13211412727832794,0.23090235888957977,0.23090235888957977,3.2265
5748,0.1321113407611847,0.1321113407611847,0.23053650557994843,0.23053650557994843,3.227
5749,0.13210804760456085,0.13210804760456085,0.23100891709327698,0.23100891709327698,3.2275
5750,0.13210371136665344,0.13210371136665344,0.23059773445129395,0.23059773445129395,3.228
5751,0.1320992410182953,0.1320992410182953,0.23099398612976074,0.23099398612976074,3.2285
5752,0.13209429383277893,0.13209429383277893,0.23068276047706604,0.23068276047706604,3.229
5753,0.13208895921707153,0.13208895921707153,0.23100309073925018,0.23100309073925018,3.2295
5754,0.13208433985710144,0.13208433985710144,0.23079514503479004,0.23079514503479004,3.23
5755,0.1320798397064209,0.1320798397064209,0.23098225891590118,0.23098225891590118,3.2305
5756,0.132075697183609,0.132075697183609,0.23091261088848114,0.23091261088848114,3.2311
5757,0.13207195699214935,0.13207195699214935,0.23094996809959412,0.23094996809959412,3.2316
5758,0.13206833600997925,0.13206833600997925,0.23102274537086487,0.23102274537086487,3.2321
5759,0.13206501305103302,0.13206501305103302,0.2309427559375763,0.2309427559375763,3.2326
5760,0.1320614367723465,0.1320614367723465,0.2310831993818283,0.2310831993818283,3.2331
5761,0.13205809891223907,0.13205809891223907,0.23096802830696106,0.23096802830696106,3.2336
5762,0.1320546567440033,0.1320546567440033,0.2311636507511139,0.2311636507511139,3.2348
5763,0.1320512294769287,0.1320512294769287,0.23099061846733093,0.23099061846733093,3.2353
5764,0.1320476233959198,0.1320476233959198,0.23121392726898193,0.23121392726898193,3.2361
5765,0.13204388320446014,0.13204388320446014,0.23103830218315125,0.23103830218315125,3.2369
5766,0.13204015791416168,0.13204015791416168,0.23124971985816956,0.23124971985816956,3.2374
5767,0.13203635811805725,0.13203635811805725,0.23109683394432068,0.23109683394432068,3.238
5768,0.13203252851963043,0.13203252851963043,0.23129896819591522,0.23129896819591522,3.2385
5769,0.13202868402004242,0.13202868402004242,0.23117861151695251,0.23117861151695251,3.239
5770,0.1320248544216156,0.1320248544216156,0.231326624751091,0.231326624751091,3.2395
5771,0.13202112913131714,0.13202112913131714,0.23125223815441132,0.23125223815441132,3.24
5772,0.13201740384101868,0.13201740384101868,0.23134379088878632,0.23134379088878632,3.2406
5773,0.132013738155365,0.132013738155365,0.23132534325122833,0.23132534325122833,3.2411
5774,0.13201016187667847,0.13201016187667847,0.23136945068836212,0.23136945068836212,3.2416
5775,0.13200663030147552,0.13200663030147552,0.2313847839832306,0.2313847839832306,3.2421
5776,0.13200309872627258,0.13200309872627258,0.23139123618602753,0.23139123618602753,3.2426
5777,0.1319996416568756,0.1319996416568756,0.231454536318779,0.231454536318779,3.2431
5778,0.1319962590932846,0.1319962590932846,0.23142611980438232,0.23142611980438232,3.2436
5779,0.1319926679134369,0.1319926679134369,0.23150968551635742,0.23150968551635742,3.2442
5780,0.13198909163475037,0.13198909163475037,0.2314937561750412,0.2314937561750412,3.2451
5781,0.1319856345653534,0.1319856345653534,0.2315269410610199,0.2315269410610199,3.2456
5782,0.1319822520017624,0.1319822520017624,0.231565922498703,0.231565922498703,3.2463
5783,0.13197878003120422,0.13197878003120422,0.23156432807445526,0.23156432807445526,3.2468
5784,0.13197541236877441,0.13197541236877441,0.23161134123802185,0.23161134123802185,3.2474
5785,0.13197198510169983,0.13197198510169983,0.23159512877464294,0.23159512877464294,3.2479
5786,0.13196858763694763,0.13196858763694763,0.23166880011558533,0.23166880011558533,3.2484
5787,0.13196519017219543,0.13196519017219543,0.2316271811723709,0.2316271811723709,3.2489
5788,0.131961852312088,0.131961852312088,0.23172250390052795,0.23172250390052795,3.2494
5789,0.1319585144519806,0.1319585144519806,0.23166218400001526,0.23166218400001526,3.2499
5790,0.13195528090000153,0.13195528090000153,0.2317698448896408,0.2317698448896408,3.2505
5791,0.13195210695266724,0.13195210695266724,0.23170575499534607,0.23170575499534607,3.251
5792,0.13194897770881653,0.13194897770881653,0.23185691237449646,0.23185691237449646,3.2515
5793,0.13194599747657776,0.13194599747657776,0.23171910643577576,0.23171910643577576,3.252
5794,0.13194303214550018,0.13194303214550018,0.23194241523742676,0.23194241523742676,3.2525
5795,0.13194014132022858,0.13194014132022858,0.23175477981567383,0.23175477981567383,3.253
5796,0.13193735480308533,0.13193735480308533,0.23201020061969757,0.23201020061969757,3.2535
5797,0.13193462789058685,0.13193462789058685,0.23177066445350647,0.23177066445350647,3.254
5798,0.13193204998970032,0.13193204998970032,0.23209162056446075,0.23209162056446075,3.2545
5799,0.1319296956062317,0.1319296956062317,0.23177990317344666,0.23177990317344666,3.255
5800,0.1319275200366974,0.1319275200366974,0.2321692407131195,0.2321692407131195,3.2557
5801,0.1319262683391571,0.1319262683391571,0.2317802608013153,0.2317802608013153,3.2563
5802,0.1319253295660019,0.1319253295660019,0.23226992785930634,0.23226992785930634,3.2572
5803,0.13192486763000488,0.13192486763000488,0.23175612092018127,0.23175612092018127,3.2579
5804,0.13192503154277802,0.13192503154277802,0.23239779472351074,0.23239779472351074,3.2584
5805,0.13192564249038696,0.13192564249038696,0.23172397911548615,0.23172397911548615,3.259
5806,0.1319267749786377,0.1319267749786377,0.2325064241886139,0.2325064241886139,3.2595
5807,0.13192960619926453,0.13192960619926453,0.23170821368694305,0.23170821368694305,3.26
5808,0.1319321095943451,0.1319321095943451,0.23264789581298828,0.23264789581298828,3.2605
5809,0.13193412125110626,0.13193412125110626,0.23167355358600616,0.23167355358600616,3.261
5810,0.13193443417549133,0.13193443417549133,0.23276443779468536,0.23276443779468536,3.2615
5811,0.13193202018737793,0.13193202018737793,0.2316972315311432,0.2316972315311432,3.262
5812,0.13192619383335114,0.13192619383335114,0.23277421295642853,0.23277421295642853,3.2625
5813,0.1319168359041214,0.1319168359041214,0.23179659247398376,0.23179659247398376,3.2631
5814,0.131904736161232,0.131904736161232,0.23270973563194275,0.23270973563194275,3.2636
5815,0.1318919062614441,0.1318919062614441,0.23196962475776672,0.23196962475776672,3.2641
5816,0.13188017904758453,0.13188017904758453,0.23255836963653564,0.23255836963653564,3.2646
5817,0.13187125325202942,0.13187125325202942,0.2322181761264801,0.2322181761264801,3.2651
5818,0.13186588883399963,0.13186588883399963,0.23238125443458557,0.23238125443458557,3.2657
5819,0.13186368346214294,0.13186368346214294,0.23246772587299347,0.23246772587299347,3.2662
5820,0.13186359405517578,0.13186359405517578,0.23226317763328552,0.23226317763328552,3.2667
5821,0.1318642646074295,0.1318642646074295,0.2326524257659912,0.2326524257659912,3.2672
5822,0.13186432421207428,0.13186432421207428,0.23220627009868622,0.23220627009868622,3.2677
5823,0.13186302781105042,0.13186302781105042,0.23277239501476288,0.23277239501476288,3.2682
5824,0.13185997307300568,0.13185997307300568,0.2322315275669098,0.2322315275669098,3.2687
5825,0.13185527920722961,0.13185527920722961,0.23278078436851501,0.23278078436851501,3.2692
5826,0.13184961676597595,0.13184961676597595,0.2323315441608429,0.2323315441608429,3.2697
5827,0.1318437159061432,0.1318437159061432,0.23272863030433655,0.23272863030433655,3.2702
5828,0.1318383663892746,0.1318383663892746,0.2324671447277069,0.2324671447277069,3.2707
5829,0.1318340003490448,0.1318340003490448,0.23264983296394348,0.23264983296394348,3.2713
5830,0.13183073699474335,0.13183073699474335,0.23262138664722443,0.23262138664722443,3.2718
5831,0.1318283975124359,0.1318283975124359,0.2325468510389328,0.2325468510389328,3.2723
5832,0.13182662427425385,0.13182662427425385,0.23271878063678741,0.23271878063678741,3.2728
5833,0.13182517886161804,0.13182517886161804,0.23242048919200897,0.23242048919200897,3.2733
5834,0.1318235695362091,0.1318235695362091,0.23275527358055115,0.23275527358055115,3.2738
5835,0.13182136416435242,0.13182136416435242,0.2323421686887741,0.2323421686887741,3.2743
5836,0.13181856274604797,0.13181856274604797,0.232731431722641,0.232731431722641,3.2748
5837,0.13181519508361816,0.13181519508361816,0.23232117295265198,0.23232117295265198,3.2753
5838,0.1318114548921585,0.1318114548921585,0.23265667259693146,0.23265667259693146,3.2758
5839,0.13180765509605408,0.13180765509605408,0.23234185576438904,0.23234185576438904,3.2763
5840,0.131803959608078,0.131803959608078,0.23255428671836853,0.23255428671836853,3.2769
5841,0.131800577044487,0.131800577044487,0.2323872148990631,0.2323872148990631,3.2774
5842,0.13179753720760345,0.13179753720760345,0.23244242370128632,0.23244242370128632,3.2779
5843,0.13179485499858856,0.13179485499858856,0.23242883384227753,0.23242883384227753,3.2784
5844,0.13179245591163635,0.13179245591163635,0.23234686255455017,0.23234686255455017,3.2789
5845,0.1317901462316513,0.1317901462316513,0.23245684802532196,0.23245684802532196,3.2794
5846,0.13178785145282745,0.13178785145282745,0.23227405548095703,0.23227405548095703,3.2799
5847,0.13178549706935883,0.13178549706935883,0.23245766758918762,0.23245766758918762,3.2804
5848,0.1317831575870514,0.1317831575870514,0.23221616446971893,0.23221616446971893,3.2809
5849,0.13178062438964844,0.13178062438964844,0.23243458569049835,0.23243458569049835,3.2815
5850,0.13177797198295593,0.13177797198295593,0.2321794480085373,0.2321794480085373,3.282
5851,0.13177521526813507,0.13177521526813507,0.23238793015480042,0.23238793015480042,3.2825
5852,0.13177235424518585,0.13177235424518585,0.23215994238853455,0.23215994238853455,3.2834
5853,0.13176946341991425,0.13176946341991425,0.23232240974903107,0.23232240974903107,3.2839
5854,0.13176660239696503,0.13176660239696503,0.2321559637784958,0.2321559637784958,3.2844
5855,0.13176381587982178,0.13176381587982178,0.23225459456443787,0.23225459456443787,3.2853
5856,0.13176114857196808,0.13176114857196808,0.2321607768535614,0.2321607768535614,3.2858
5857,0.13175854086875916,0.13175854086875916,0.23218438029289246,0.23218438029289246,3.2863
5858,0.1317560076713562,0.1317560076713562,0.23215898871421814,0.23215898871421814,3.2868
5859,0.1317535787820816,0.1317535787820816,0.2321227490901947,0.2321227490901947,3.2873
5860,0.1317511647939682,0.1317511647939682,0.23215636610984802,0.23215636610984802,3.2882
5861,0.131748765707016,0.131748765707016,0.2320687472820282,0.2320687472820282,3.2887
5862,0.13174638152122498,0.13174638152122498,0.23213990032672882,0.23213990032672882,3.2892
5863,0.13174401223659515,0.13174401223659515,0.23202213644981384,0.23202213644981384,3.2897
5864,0.13174165785312653,0.13174165785312653,0.23211698234081268,0.23211698234081268,3.2902
5865,0.13173922896385193,0.13173922896385193,0.231984943151474,0.231984943151474,3.2907
5866,0.1317368447780609,0.1317368447780609,0.23208355903625488,0.23208355903625488,3.2912
5867,0.1317344456911087,0.1317344456911087,0.2319490909576416,0.2319490909576416,3.2924
5868,0.1317320168018341,0.1317320168018341,0.23204246163368225,0.23204246163368225,3.2966
5869,0.1317296028137207,0.1317296028137207,0.2319193333387375,0.2319193333387375,3.2978
5870,0.1317272037267685,0.1317272037267685,0.23199796676635742,0.23199796676635742,3.2983
5871,0.13172480463981628,0.13172480463981628,0.23189020156860352,0.23189020156860352,3.2988
5872,0.13172242045402527,0.13172242045402527,0.23195061087608337,0.23195061087608337,3.2994
5873,0.13172003626823425,0.13172003626823425,0.23186221718788147,0.23186221718788147,3.3
5874,0.13171768188476562,0.13171768188476562,0.23190398514270782,0.23190398514270782,3.3006
5875,0.13171535730361938,0.13171535730361938,0.23183539509773254,0.23183539509773254,3.3011
5876,0.13171306252479553,0.13171306252479553,0.23185758292675018,0.23185758292675018,3.3016
5877,0.13171078264713287,0.13171078264713287,0.23180623352527618,0.23180623352527618,3.3022
5878,0.13170848786830902,0.13170848786830902,0.2318127453327179,0.2318127453327179,3.3027
5879,0.13170622289180756,0.13170622289180756,0.23177795112133026,0.23177795112133026,3.3032
5880,0.13170400261878967,0.13170400261878967,0.23176999390125275,0.23176999390125275,3.3037
5881,0.1317017674446106,0.1317017674446106,0.23174719512462616,0.23174719512462616,3.3043
5882,0.13169951736927032,0.13169951736927032,0.2317269742488861,0.2317269742488861,3.3048
5883,0.13169732689857483,0.13169732689857483,0.23171523213386536,0.23171523213386536,3.3053
5884,0.13169512152671814,0.13169512152671814,0.23168587684631348,0.23168587684631348,3.3059
5885,0.13169293105602264,0.13169293105602264,0.2316819727420807,0.2316819727420807,3.3064
5886,0.13169077038764954,0.13169077038764954,0.23164360225200653,0.23164360225200653,3.3069
5887,0.13168859481811523,0.13168859481811523,0.2316472977399826,0.2316472977399826,3.3074
5888,0.13168646395206451,0.13168646395206451,0.23160234093666077,0.23160234093666077,3.308
5889,0.1316843181848526,0.1316843181848526,0.2316124439239502,0.2316124439239502,3.3085
5890,0.13168220221996307,0.13168220221996307,0.23156051337718964,0.23156051337718964,3.309
5891,0.13168010115623474,0.13168010115623474,0.231577068567276,0.231577068567276,3.3096
5892,0.13167797029018402,0.13167797029018402,0.23151814937591553,0.23151814937591553,3.3101
5893,0.13167588412761688,0.13167588412761688,0.23154249787330627,0.23154249787330627,3.3107
5894,0.13167378306388855,0.13167378306388855,0.23147590458393097,0.23147590458393097,3.3112
5895,0.1316717565059662,0.1316717565059662,0.2315087616443634,0.2315087616443634,3.3117
5896,0.13166968524456024,0.13166968524456024,0.23143255710601807,0.23143255710601807,3.3122
5897,0.13166764378547668,0.13166764378547668,0.2314765453338623,0.2314765453338623,3.3128
5898,0.13166561722755432,0.13166561722755432,0.23138809204101562,0.23138809204101562,3.3133
5899,0.13166365027427673,0.13166365027427673,0.23144645988941193,0.23144645988941193,3.3138
5900,0.13166166841983795,0.13166166841983795,0.2313411682844162,0.2313411682844162,3.3143
5901,0.13165971636772156,0.13165971636772156,0.2314186841249466,0.2314186841249466,3.3148
5902,0.13165782392024994,0.13165782392024994,0.23129114508628845,0.23129114508628845,3.3154
5903,0.13165591657161713,0.13165591657161713,0.2313951551914215,0.2313951551914215,3.3159
5904,0.13165411353111267,0.13165411353111267,0.2312367856502533,0.2312367856502533,3.3164
5905,0.1316523402929306,0.1316523402929306,0.23137617111206055,0.23137617111206055,3.3169
5906,0.1316506564617157,0.1316506564617157,0.23117569088935852,0.23117569088935852,3.3174
5907,0.13164912164211273,0.13164912164211273,0.23136520385742188,0.23136520385742188,3.3179
5908,0.1316477358341217,0.1316477358341217,0.23110628128051758,0.23110628128051758,3.3184
5909,0.1316465437412262,0.1316465437412262,0.23136499524116516,0.23136499524116516,3.3189
5910,0.13164566457271576,0.13164566457271576,0.2310250699520111,0.2310250699520111,3.3194
5911,0.13164517283439636,0.13164517283439636,0.2313803881406784,0.2313803881406784,3.32
5912,0.13164521753787994,0.13164521753787994,0.23092851042747498,0.23092851042747498,3.3205
5913,0.13164599239826202,0.13164599239826202,0.2314177006483078,0.2314177006483078,3.321
5914,0.1316477507352829,0.1316477507352829,0.23081202805042267,0.23081202805042267,3.3215
5915,0.13165071606636047,0.13165071606636047,0.23148274421691895,0.23148274421691895,3.322
5916,0.1316552609205246,0.1316552609205246,0.23067322373390198,0.23067322373390198,3.3225
5917,0.13166144490242004,0.13166144490242004,0.23157763481140137,0.23157763481140137,3.323
5918,0.13166941702365875,0.13166941702365875,0.2305184304714203,0.2305184304714203,3.3235
5919,0.13167831301689148,0.13167831301689148,0.23168770968914032,0.23168770968914032,3.324
5920,0.13168714940547943,0.13168714940547943,0.23037275671958923,0.23037275671958923,3.3245
5921,0.131693035364151,0.131693035364151,0.23175930976867676,0.23175930976867676,3.3251
5922,0.13169360160827637,0.13169360160827637,0.23029108345508575,0.23029108345508575,3.3256
5923,0.13168571889400482,0.13168571889400482,0.23169536888599396,0.23169536888599396,3.3261
5924,0.1316698044538498,0.1316698044538498,0.23034317791461945,0.23034317791461945,3.3266
5925,0.13164862990379333,0.13164862990379333,0.23142723739147186,0.23142723739147186,3.3271
5926,0.13162817060947418,0.13162817060947418,0.2305576503276825,0.2305576503276825,3.3276
5927,0.13161388039588928,0.13161388039588928,0.23102760314941406,0.23102760314941406,3.3281
5928,0.13160856068134308,0.13160856068134308,0.23086528480052948,0.23086528480052948,3.3286
5929,0.13161104917526245,0.13161104917526245,0.230661541223526,0.230661541223526,3.3291
5930,0.131617471575737,0.131617471575737,0.23112192749977112,0.23112192749977112,3.3296
5931,0.13162332773208618,0.13162332773208618,0.23044049739837646,0.23044049739837646,3.3301
5932,0.1316249817609787,0.1316249817609787,0.23120713233947754,0.23120713233947754,3.3306
5933,0.13162139058113098,0.13162139058113098,0.23039551079273224,0.23039551079273224,3.3311
5934,0.13161346316337585,0.13161346316337585,0.23108883202075958,0.23108883202075958,3.3316
5935,0.13160431385040283,0.13160431385040283,0.23050382733345032,0.23050382733345032,3.3321
5936,0.1315968930721283,0.1315968930721283,0.23084156215190887,0.23084156215190887,3.3327
5937,0.13159304857254028,0.13159304857254028,0.2306908369064331,0.2306908369064331,3.3332
5938,0.13159260153770447,0.13159260153770447,0.23059359192848206,0.23059359192848206,3.3337
5939,0.13159413635730743,0.13159413635730743,0.23085060715675354,0.23085060715675354,3.3342
5940,0.131595641374588,0.131595641374588,0.23043379187583923,0.23043379187583923,3.3347
5941,0.13159552216529846,0.13159552216529846,0.23090238869190216,0.23090238869190216,3.3352
5942,0.1315932422876358,0.1315932422876358,0.2303941249847412,0.2303941249847412,3.3358
5943,0.13158920407295227,0.13158920407295227,0.23082613945007324,0.23082613945007324,3.3363
5944,0.13158461451530457,0.13158461451530457,0.2304544895887375,0.2304544895887375,3.3368
5945,0.1315806806087494,0.1315806806087494,0.23066863417625427,0.23066863417625427,3.3373
5946,0.13157811760902405,0.13157811760902405,0.23056259751319885,0.23056259751319885,3.3378
5947,0.13157691061496735,0.13157691061496735,0.230503648519516,0.230503648519516,3.3383
5948,0.1315765231847763,0.1315765231847763,0.23065026104450226,0.23065026104450226,3.3388
5949,0.13157621026039124,0.13157621026039124,0.2303881198167801,0.2303881198167801,3.3394
5950,0.13157527148723602,0.13157527148723602,0.2306707352399826,0.2306707352399826,3.3399
5951,0.13157352805137634,0.13157352805137634,0.23034510016441345,0.23034510016441345,3.3404
5952,0.13157106935977936,0.13157106935977936,0.23061347007751465,0.23061347007751465,3.3409
5953,0.13156834244728088,0.13156834244728088,0.23036333918571472,0.23036333918571472,3.3414
5954,0.13156579434871674,0.13156579434871674,0.23050537705421448,0.23050537705421448,3.3419
5955,0.13156373798847198,0.13156373798847198,0.23041215538978577,0.23041215538978577,3.3424
5956,0.13156220316886902,0.13156220316886902,0.23038911819458008,0.23038911819458008,3.3429
5957,0.1315610706806183,0.1315610706806183,0.2304534912109375,0.2304534912109375,3.3434
5958,0.13156001269817352,0.13156001269817352,0.2302989512681961,0.2302989512681961,3.3439
5959,0.13155880570411682,0.13155880570411682,0.23045845329761505,0.23045845329761505,3.3444
5960,0.1315573751926422,0.1315573751926422,0.23025047779083252,0.23025047779083252,3.3449
5961,0.13155560195446014,0.13155560195446014,0.23041954636573792,0.23041954636573792,3.3454
5962,0.13155367970466614,0.13155367970466614,0.23024030029773712,0.23024030029773712,3.346
5963,0.13155175745487213,0.13155175745487213,0.23034696280956268,0.23034696280956268,3.3465
5964,0.1315499097108841,0.1315499097108841,0.23025164008140564,0.23025164008140564,3.347
5965,0.13154830038547516,0.13154830038547516,0.2302631437778473,0.2302631437778473,3.3475
5966,0.13154682517051697,0.13154682517051697,0.23026414215564728,0.23026414215564728,3.348
5967,0.1315455138683319,0.1315455138683319,0.23018796741962433,0.23018796741962433,3.3485
5968,0.13154418766498566,0.13154418766498566,0.23026037216186523,0.23026037216186523,3.349
5969,0.13154283165931702,0.13154283165931702,0.230134055018425,0.230134055018425,3.3495
5970,0.13154135644435883,0.13154135644435883,0.2302328646183014,0.2302328646183014,3.35
5971,0.13153979182243347,0.13153979182243347,0.23010292649269104,0.23010292649269104,3.3505
5972,0.13153818249702454,0.13153818249702454,0.23018380999565125,0.23018380999565125,3.351
5973,0.1315365582704544,0.1315365582704544,0.23008859157562256,0.23008859157562256,3.3515
5974,0.13153499364852905,0.13153499364852905,0.2301228940486908,0.2301228940486908,3.352
5975,0.13153347373008728,0.13153347373008728,0.23008108139038086,0.23008108139038086,3.3525
5976,0.13153204321861267,0.13153204321861267,0.230061337351799,0.230061337351799,3.353
5977,0.13153065741062164,0.13153065741062164,0.23007039725780487,0.23007039725780487,3.3536
5978,0.13152924180030823,0.13152924180030823,0.23000769317150116,0.23000769317150116,3.3541
5979,0.1315278708934784,0.1315278708934784,0.23004969954490662,0.23004969954490662,3.3546
5980,0.13152647018432617,0.13152647018432617,0.2299661636352539,0.2299661636352539,3.3551
5981,0.13152503967285156,0.13152503967285156,0.23001714050769806,0.23001714050769806,3.3557
5982,0.13152357935905457,0.13152357935905457,0.22993609309196472,0.22993609309196472,3.3562
5983,0.13152213394641876,0.13152213394641876,0.2299746721982956,0.2299746721982956,3.3567
5984,0.13152068853378296,0.13152068853378296,0.22991374135017395,0.22991374135017395,3.3572
5985,0.13151925802230835,0.13151925802230835,0.2299269735813141,0.2299269735813141,3.3577
5986,0.13151781260967255,0.13151781260967255,0.22989435493946075,0.22989435493946075,3.3582
5987,0.13151642680168152,0.13151642680168152,0.22987881302833557,0.22987881302833557,3.3587
5988,0.13151505589485168,0.13151505589485168,0.22987337410449982,0.22987337410449982,3.3592
5989,0.13151368498802185,0.13151368498802185,0.22983407974243164,0.22983407974243164,3.3597
5990,0.1315123438835144,0.1315123438835144,0.22984766960144043,0.22984766960144043,3.3603
5991,0.13151098787784576,0.13151098787784576,0.2297946959733963,0.2297946959733963,3.3608
5992,0.13150960206985474,0.13150960206985474,0.2298162430524826,0.2298162430524826,3.3613
5993,0.1315082460641861,0.1315082460641861,0.22976097464561462,0.22976097464561462,3.3618
5994,0.13150686025619507,0.13150686025619507,0.22977986931800842,0.22977986931800842,3.3623
5995,0.13150551915168762,0.13150551915168762,0.22973160445690155,0.22973160445690155,3.3628
5996,0.1315041482448578,0.1315041482448578,0.22974050045013428,0.22974050045013428,3.3633
5997,0.13150279223918915,0.13150279223918915,0.229704812169075,0.229704812169075,3.3638
5998,0.1315014660358429,0.1315014660358429,0.22970004379749298,0.22970004379749298,3.3643
5999,0.13150009512901306,0.13150009512901306,0.22967858612537384,0.22967858612537384,3.3648
6000,0.1314987689256668,0.1314987689256668,0.2296602725982666,0.2296602725982666,3.3669
6001,0.13149747252464294,0.13149747252464294,0.2296513020992279,0.2296513020992279,3.3675
6002,0.13149616122245789,0.13149616122245789,0.2296225130558014,0.2296225130558014,3.368
6003,0.13149484992027283,0.13149484992027283,0.2296220064163208,0.2296220064163208,3.3685
6004,0.13149353861808777,0.13149353861808777,0.22958703339099884,0.22958703339099884,3.369
6005,0.1314922273159027,0.1314922273159027,0.2295905351638794,0.2295905351638794,3.3696
6006,0.13149091601371765,0.13149091601371765,0.22955378890037537,0.22955378890037537,3.3701
6007,0.13148964941501617,0.13148964941501617,0.2295571267604828,0.2295571267604828,3.3706
6008,0.13148832321166992,0.13148832321166992,0.22952242195606232,0.22952242195606232,3.3711
6009,0.13148704171180725,0.13148704171180725,0.22952237725257874,0.22952237725257874,3.3716
6010,0.13148579001426697,0.13148579001426697,0.2294921576976776,0.2294921576976776,3.3721
6011,0.1314844936132431,0.1314844936132431,0.22948706150054932,0.22948706150054932,3.3727
6012,0.13148322701454163,0.13148322701454163,0.22946257889270782,0.22946257889270782,3.3732
6013,0.13148196041584015,0.13148196041584015,0.22945158183574677,0.22945158183574677,3.3737
6014,0.13148066401481628,0.13148066401481628,0.22943298518657684,0.22943298518657684,3.3742
6015,0.1314793974161148,0.1314793974161148,0.2294164001941681,0.2294164001941681,3.3747
6016,0.13147813081741333,0.13147813081741333,0.22940321266651154,0.22940321266651154,3.3752
6017,0.13147689402103424,0.13147689402103424,0.2293819934129715,0.2293819934129715,3.3757
6018,0.13147565722465515,0.13147565722465515,0.22937290370464325,0.22937290370464325,3.3763
6019,0.13147442042827606,0.13147442042827606,0.22934842109680176,0.22934842109680176,3.3768
6020,0.13147315382957458,0.13147315382957458,0.2293420284986496,0.2293420284986496,3.3773
6021,0.1314719319343567,0.1314719319343567,0.2293156087398529,0.2293156087398529,3.3778
6022,0.1314707100391388,0.1314707100391388,0.2293105125427246,0.2293105125427246,3.3783
6023,0.1314695030450821,0.1314695030450821,0.22928357124328613,0.22928357124328613,3.3788
6024,0.1314682513475418,0.1314682513475418,0.2292785942554474,0.2292785942554474,3.3793
6025,0.1314670294523239,0.1314670294523239,0.22925209999084473,0.22925209999084473,3.3799
6026,0.1314658224582672,0.1314658224582672,0.2292463332414627,0.2292463332414627,3.3804
6027,0.1314646154642105,0.1314646154642105,0.22922125458717346,0.22922125458717346,3.3809
6028,0.13146337866783142,0.13146337866783142,0.22921399772167206,0.22921399772167206,3.3814
6029,0.1314621865749359,0.1314621865749359,0.22919051349163055,0.22919051349163055,3.3819
6030,0.131461039185524,0.131461039185524,0.22918161749839783,0.22918161749839783,3.3824
6031,0.13145983219146729,0.13145983219146729,0.22916007041931152,0.22916007041931152,3.3829
6032,0.1314586102962494,0.1314586102962494,0.22914938628673553,0.22914938628673553,3.3834
6033,0.13145743310451508,0.13145743310451508,0.2291296422481537,0.2291296422481537,3.3839
6034,0.13145622611045837,0.13145622611045837,0.2291172742843628,0.2291172742843628,3.3845
6035,0.13145506381988525,0.13145506381988525,0.2290993630886078,0.2290993630886078,3.385
6036,0.13145393133163452,0.13145393133163452,0.22908541560173035,0.22908541560173035,3.3855
6037,0.13145270943641663,0.13145270943641663,0.2290690392255783,0.2290690392255783,3.386
6038,0.1314515620470047,0.1314515620470047,0.2290538251399994,0.2290538251399994,3.3865
6039,0.13145039975643158,0.13145039975643158,0.229038804769516,0.229038804769516,3.387
6040,0.13144920766353607,0.13144920766353607,0.22902247309684753,0.22902247309684753,3.3875
6041,0.13144807517528534,0.13144807517528534,0.2290085256099701,0.2290085256099701,3.388
6042,0.13144691288471222,0.13144691288471222,0.2289913147687912,0.2289913147687912,3.3885
6043,0.13144579529762268,0.13144579529762268,0.22897839546203613,0.22897839546203613,3.389
6044,0.13144460320472717,0.13144460320472717,0.22896027565002441,0.22896027565002441,3.3895
6045,0.13144347071647644,0.13144347071647644,0.22894826531410217,0.22894826531410217,3.39
6046,0.13144232332706451,0.13144232332706451,0.2289295196533203,0.2289295196533203,3.3905
6047,0.13144119083881378,0.13144119083881378,0.22891835868358612,0.22891835868358612,3.391
6048,0.13144007325172424,0.13144007325172424,0.2288988083600998,0.2288988083600998,3.3915
6049,0.1314389407634735,0.1314389407634735,0.228888601064682,0.228888601064682,3.3921
6050,0.13143780827522278,0.13143780827522278,0.2288682460784912,0.2288682460784912,3.3926
6051,0.13143669068813324,0.13143669068813324,0.2288588583469391,0.2288588583469391,3.3931
6052,0.1314356029033661,0.1314356029033661,0.2288377285003662,0.2288377285003662,3.3936
6053,0.13143447041511536,0.13143447041511536,0.22882957756519318,0.22882957756519318,3.3941
6054,0.131433367729187,0.131433367729187,0.22880730032920837,0.22880730032920837,3.3946
6055,0.13143226504325867,0.13143226504325867,0.22880049049854279,0.22880049049854279,3.3951
6056,0.13143114745616913,0.13143114745616913,0.2287767380475998,0.2287767380475998,3.3956
6057,0.13143004477024078,0.13143004477024078,0.22877171635627747,0.22877171635627747,3.3961
6058,0.13142895698547363,0.13142895698547363,0.22874633967876434,0.22874633967876434,3.3966
6059,0.1314278542995453,0.1314278542995453,0.22874322533607483,0.22874322533607483,3.3971
6060,0.13142678141593933,0.13142678141593933,0.22871556878089905,0.22871556878089905,3.3976
6061,0.13142569363117218,0.13142569363117218,0.22871537506580353,0.22871537506580353,3.3981
6062,0.13142459094524384,0.13142459094524384,0.2286846935749054,0.2286846935749054,3.3986
6063,0.13142351806163788,0.13142351806163788,0.22868815064430237,0.22868815064430237,3.3991
6064,0.13142246007919312,0.13142246007919312,0.22865314781665802,0.22865314781665802,3.3996
6065,0.13142140209674835,0.13142140209674835,0.2286619246006012,0.2286619246006012,3.4002
6066,0.1314202845096588,0.1314202845096588,0.22862091660499573,0.22862091660499573,3.4007
6067,0.13141927123069763,0.13141927123069763,0.22863683104515076,0.22863683104515076,3.4012
6068,0.13141821324825287,0.13141821324825287,0.22858762741088867,0.22858762741088867,3.4017
6069,0.1314171701669693,0.1314171701669693,0.22861330211162567,0.22861330211162567,3.4022
6070,0.13141611218452454,0.13141611218452454,0.22855272889137268,0.22855272889137268,3.4027
6071,0.13141512870788574,0.13141512870788574,0.2285921573638916,0.2285921573638916,3.4032
6072,0.13141414523124695,0.13141414523124695,0.22851543128490448,0.22851543128490448,3.4037
6073,0.13141317665576935,0.13141317665576935,0.2285744696855545,0.2285744696855545,3.4042
6074,0.13141226768493652,0.13141226768493652,0.2284744530916214,0.2284744530916214,3.4047
6075,0.1314113587141037,0.1314113587141037,0.2285616397857666,0.2285616397857666,3.4052
6076,0.13141056895256042,0.13141056895256042,0.22842809557914734,0.22842809557914734,3.4057
6077,0.1314098834991455,0.1314098834991455,0.22855611145496368,0.22855611145496368,3.4062
6078,0.13140933215618134,0.13140933215618134,0.2283739149570465,0.2283739149570465,3.4068
6079,0.13140903413295746,0.13140903413295746,0.22856101393699646,0.22856101393699646,3.4073
6080,0.13140903413295746,0.13140903413295746,0.22830848395824432,0.22830848395824432,3.4078
6081,0.13140954077243805,0.13140954077243805,0.22858202457427979,0.22858202457427979,3.4083
6082,0.1314106583595276,0.1314106583595276,0.22822675108909607,0.22822675108909607,3.4088
6083,0.1314128041267395,0.1314128041267395,0.22862637042999268,0.22862637042999268,3.4094
6084,0.13141629099845886,0.13141629099845886,0.2281232327222824,0.2281232327222824,3.4099
6085,0.13142162561416626,0.13142162561416626,0.22870342433452606,0.22870342433452606,3.4104
6086,0.13142944872379303,0.13142944872379303,0.2279941737651825,0.2279941737651825,3.4109
6087,0.13144013285636902,0.13144013285636902,0.22881965339183807,0.22881965339183807,3.4114
6088,0.13145610690116882,0.13145610690116882,0.22782857716083527,0.22782857716083527,3.4119
6089,0.13147448003292084,0.13147448003292084,0.2289600819349289,0.2289600819349289,3.4124
6090,0.13149674236774445,0.13149674236774445,0.22765536606311798,0.22765536606311798,3.4129
6091,0.13151255249977112,0.13151255249977112,0.22907757759094238,0.22907757759094238,3.4134
6092,0.13151958584785461,0.13151958584785461,0.22754409909248352,0.22754409909248352,3.4139
6093,0.13150344789028168,0.13150344789028168,0.22898927330970764,0.22898927330970764,3.4144
6094,0.13146695494651794,0.13146695494651794,0.22764313220977783,0.22764313220977783,3.4149
6095,0.13142406940460205,0.13142406940460205,0.22858360409736633,0.22858360409736633,3.4154
6096,0.13139495253562927,0.13139495253562927,0.22799405455589294,0.22799405455589294,3.4159
6097,0.13139007985591888,0.13139007985591888,0.22805392742156982,0.22805392742156982,3.4164
6098,0.13140490651130676,0.13140490651130676,0.2284136265516281,0.2284136265516281,3.4169
6099,0.131424680352211,0.131424680352211,0.22772574424743652,0.22772574424743652,3.4174
6100,0.13143415749073029,0.13143415749073029,0.2286001443862915,0.2286001443862915,3.4179
6101,0.13142678141593933,0.13142678141593933,0.22768783569335938,0.22768783569335938,3.4184
6102,0.1314074695110321,0.1314074695110321,0.22840848565101624,0.22840848565101624,3.4189
6103,0.13138911128044128,0.13138911128044128,0.22789724171161652,0.22789724171161652,3.4195
6104,0.13138195872306824,0.13138195872306824,0.22804200649261475,0.22804200649261475,3.42
6105,0.13138695061206818,0.13138695061206818,0.22820523381233215,0.22820523381233215,3.4205
6106,0.13139662146568298,0.13139662146568298,0.22776933014392853,0.22776933014392853,3.421
6107,0.13140159845352173,0.13140159845352173,0.2283388376235962,0.2283388376235962,3.4215
6108,0.13139574229717255,0.13139574229717255,0.22769403457641602,0.22769403457641602,3.422
6109,0.13138358294963837,0.13138358294963837,0.2281430959701538,0.2281430959701538,3.4225
6110,0.1313725709915161,0.1313725709915161,0.2278447151184082,0.2278447151184082,3.423
6111,0.13136741518974304,0.13136741518974304,0.2278955727815628,0.2278955727815628,3.4235
6112,0.13136771321296692,0.13136771321296692,0.22806987166404724,0.22806987166404724,3.4241
6113,0.13136939704418182,0.13136939704418182,0.22776898741722107,0.22776898741722107,3.4246
6114,0.13136817514896393,0.13136817514896393,0.2282344400882721,0.2282344400882721,3.4252
6115,0.1313629448413849,0.1313629448413849,0.22785012423992157,0.22785012423992157,3.4257
6116,0.1313553899526596,0.1313553899526596,0.228260800242424,0.228260800242424,3.4262
6117,0.13134799897670746,0.13134799897670746,0.22805754840373993,0.22805754840373993,3.4267
6118,0.13134291768074036,0.13134291768074036,0.2281908243894577,0.2281908243894577,3.4272
6119,0.1313406080007553,0.1313406080007553,0.2282613068819046,0.2282613068819046,3.4278
6120,0.1313399225473404,0.1313399225473404,0.22811289131641388,0.22811289131641388,3.4283
6121,0.13133905827999115,0.13133905827999115,0.2284165918827057,0.2284165918827057,3.4288
6122,0.13133685290813446,0.13133685290813446,0.2281467467546463,0.2281467467546463,3.4294
6123,0.13133299350738525,0.13133299350738525,0.22844162583351135,0.22844162583351135,3.4299
6124,0.13132846355438232,0.13132846355438232,0.22821252048015594,0.22821252048015594,3.4304
6125,0.1313243955373764,0.1313243955373764,0.22836792469024658,0.22836792469024658,3.431
6126,0.13132146000862122,0.13132146000862122,0.22832636535167694,0.22832636535167694,3.4315
6127,0.13131968677043915,0.13131968677043915,0.22826404869556427,0.22826404869556427,3.432
6128,0.13131843507289886,0.13131843507289886,0.2283819168806076,0.2283819168806076,3.4325
6129,0.13131694495677948,0.13131694495677948,0.22816400229930878,0.22816400229930878,3.433
6130,0.1313147395849228,0.1313147395849228,0.2283383160829544,0.2283383160829544,3.4335
6131,0.13131193816661835,0.13131193816661835,0.2281184196472168,0.2281184196472168,3.4341
6132,0.1313088834285736,0.1313088834285736,0.22823934257030487,0.22823934257030487,3.4346
6133,0.13130620121955872,0.13130620121955872,0.22814194858074188,0.22814194858074188,3.4352
6134,0.13130414485931396,0.13130414485931396,0.22811484336853027,0.22811484336853027,3.4357
6135,0.13130253553390503,0.13130253553390503,0.22815389931201935,0.22815389931201935,3.4362
6136,0.13130104541778564,0.13130104541778564,0.22801581025123596,0.22801581025123596,3.4367
6137,0.13129925727844238,0.13129925727844238,0.22814078629016876,0.22814078629016876,3.4373
6138,0.13129712641239166,0.13129712641239166,0.2279817759990692,0.2279817759990692,3.4378
6139,0.131294846534729,0.131294846534729,0.2280653715133667,0.2280653715133667,3.4383
6140,0.1312926560640335,0.1312926560640335,0.2279711216688156,0.2279711216688156,3.4388
6141,0.1312907636165619,0.1312907636165619,0.2279561460018158,0.2279561460018158,3.4393
6142,0.13128915429115295,0.13128915429115295,0.22796101868152618,0.22796101868152618,3.4398
6143,0.13128763437271118,0.13128763437271118,0.2278607338666916,0.2278607338666916,3.4403
6144,0.13128599524497986,0.13128599524497986,0.2279258668422699,0.2279258668422699,3.4408
6145,0.13128423690795898,0.13128423690795898,0.2277955561876297,0.2277955561876297,3.4413
6146,0.13128235936164856,0.13128235936164856,0.22784440219402313,0.22784440219402313,3.4419
6147,0.13128049671649933,0.13128049671649933,0.2277531623840332,0.2277531623840332,3.443
6148,0.13127878308296204,0.13127878308296204,0.22774748504161835,0.22774748504161835,3.4435
6149,0.1312772035598755,0.1312772035598755,0.22772443294525146,0.22772443294525146,3.4441
6150,0.1312757134437561,0.1312757134437561,0.2276536524295807,0.2276536524295807,3.4447
6151,0.13127420842647552,0.13127420842647552,0.227680042386055,0.227680042386055,3.4452
6152,0.13127265870571136,0.13127265870571136,0.22758416831493378,0.22758416831493378,3.4457
6153,0.13127106428146362,0.13127106428146362,0.22761912643909454,0.22761912643909454,3.4462
6154,0.1312694102525711,0.1312694102525711,0.22753851115703583,0.22753851115703583,3.4467
6155,0.13126783072948456,0.13126783072948456,0.22754275798797607,0.22754275798797607,3.4472
6156,0.13126632571220398,0.13126632571220398,0.22750432789325714,0.22750432789325714,3.4477
6157,0.1312648504972458,0.1312648504972458,0.22746272385120392,0.22746272385120392,3.4482
6158,0.13126341998577118,0.13126341998577118,0.22746224701404572,0.22746224701404572,3.4487
6159,0.13126197457313538,0.13126197457313538,0.22739191353321075,0.22739191353321075,3.4493
6160,0.13126049935817719,0.13126049935817719,0.22740674018859863,0.22740674018859863,3.4498
6161,0.1312590092420578,0.1312590092420578,0.2273332178592682,0.2273332178592682,3.4503
6162,0.13125751912593842,0.13125751912593842,0.2273370325565338,0.2273370325565338,3.4508
6163,0.1312560886144638,0.1312560886144638,0.22728800773620605,0.22728800773620605,3.4513
6164,0.131254643201828,0.131254643201828,0.22726741433143616,0.22726741433143616,3.4518
6165,0.1312532275915146,0.1312532275915146,0.22724778950214386,0.22724778950214386,3.4523
6166,0.13125181198120117,0.13125181198120117,0.22720365226268768,0.22720365226268768,3.4528
6167,0.13125044107437134,0.13125044107437134,0.22720666229724884,0.22720666229724884,3.4533
6168,0.13124904036521912,0.13124904036521912,0.22715434432029724,0.22715434432029724,3.4538
6169,0.1312476098537445,0.1312476098537445,0.22716069221496582,0.22716069221496582,3.4543
6170,0.13124623894691467,0.13124623894691467,0.22711506485939026,0.22711506485939026,3.4548
6171,0.13124482333660126,0.13124482333660126,0.22710971534252167,0.22710971534252167,3.4553
6172,0.13124345242977142,0.13124345242977142,0.22708037495613098,0.22708037495613098,3.4558
6173,0.13124211132526398,0.13124211132526398,0.22705750167369843,0.22705750167369843,3.4564
6174,0.13124074041843414,0.13124074041843414,0.22704669833183289,0.22704669833183289,3.4569
6175,0.1312393993139267,0.1312393993139267,0.22701025009155273,0.22701025009155273,3.4574
6176,0.13123807311058044,0.13123807311058044,0.22700698673725128,0.22700698673725128,3.4579
6177,0.131236732006073,0.131236732006073,0.22696511447429657,0.22696511447429657,3.4584
6178,0.13123539090156555,0.13123539090156555,0.22696101665496826,0.22696101665496826,3.4589
6179,0.13123401999473572,0.13123401999473572,0.2269251048564911,0.2269251048564911,3.4594
6180,0.13123270869255066,0.13123270869255066,0.22691193222999573,0.22691193222999573,3.4599
6181,0.1312313973903656,0.1312313973903656,0.2268858700990677,0.2268858700990677,3.4604
6182,0.13123007118701935,0.13123007118701935,0.2268613874912262,0.2268613874912262,3.4609
6183,0.13122878968715668,0.13122878968715668,0.22684569656848907,0.22684569656848907,3.4614
6184,0.13122747838497162,0.13122747838497162,0.22681374847888947,0.22681374847888947,3.4619
6185,0.13122615218162537,0.13122615218162537,0.2268039435148239,0.2268039435148239,3.4625
6186,0.1312248855829239,0.1312248855829239,0.22677001357078552,0.22677001357078552,3.463
6187,0.13122358918190002,0.13122358918190002,0.22675880789756775,0.22675880789756775,3.4635
6188,0.13122230768203735,0.13122230768203735,0.2267274409532547,0.2267274409532547,3.464
6189,0.1312210112810135,0.1312210112810135,0.226711705327034,0.226711705327034,3.4646
6190,0.13121971487998962,0.13121971487998962,0.22668690979480743,0.22668690979480743,3.4651
6191,0.13121844828128815,0.13121844828128815,0.22666442394256592,0.22666442394256592,3.4657
6192,0.13121716678142548,0.13121716678142548,0.2266453206539154,0.2266453206539154,3.4662
6193,0.1312159299850464,0.1312159299850464,0.22661879658699036,0.22661879658699036,3.4667
6194,0.13121464848518372,0.13121464848518372,0.2266038954257965,0.2266038954257965,3.4673
6195,0.13121336698532104,0.13121336698532104,0.22657537460327148,0.22657537460327148,3.4678
6196,0.13121214509010315,0.13121214509010315,0.22656193375587463,0.22656193375587463,3.4683
6197,0.13121087849140167,0.13121087849140167,0.22653384506702423,0.22653384506702423,3.4688
6198,0.13120964169502258,0.13120964169502258,0.22652029991149902,0.22652029991149902,3.4694
6199,0.1312083899974823,0.1312083899974823,0.22649326920509338,0.22649326920509338,3.4699
6200,0.13120713829994202,0.13120713829994202,0.226477712392807,0.226477712392807,3.4704
6201,0.13120588660240173,0.13120588660240173,0.22645291686058044,0.22645291686058044,3.4709
6202,0.13120464980602264,0.13120464980602264,0.2264350950717926,0.2264350950717926,3.4714
6203,0.13120342791080475,0.13120342791080475,0.22641249001026154,0.22641249001026154,3.472
6204,0.13120219111442566,0.13120219111442566,0.22639255225658417,0.22639255225658417,3.4725
6205,0.13120099902153015,0.13120099902153015,0.22637180984020233,0.22637180984020233,3.4731
6206,0.13119974732398987,0.13119974732398987,0.22634968161582947,0.22634968161582947,3.4736
6207,0.13119855523109436,0.13119855523109436,0.2263304740190506,0.2263304740190506,3.4742
6208,0.13119730353355408,0.13119730353355408,0.22630712389945984,0.22630712389945984,3.4748
6209,0.13119611144065857,0.13119611144065857,0.22628894448280334,0.22628894448280334,3.4753
6210,0.13119488954544067,0.13119488954544067,0.22626471519470215,0.22626471519470215,3.4759
6211,0.13119366765022278,0.13119366765022278,0.22624695301055908,0.22624695301055908,3.4764
6212,0.13119247555732727,0.13119247555732727,0.22622275352478027,0.22622275352478027,3.477
6213,0.13119128346443176,0.13119128346443176,0.2262052595615387,0.2262052595615387,3.4775
6214,0.13119006156921387,0.13119006156921387,0.22618134319782257,0.22618134319782257,3.4781
6215,0.13118886947631836,0.13118886947631836,0.2261638194322586,0.2261638194322586,3.4786
6216,0.13118770718574524,0.13118770718574524,0.22614076733589172,0.22614076733589172,3.4792
6217,0.13118651509284973,0.13118651509284973,0.2261226624250412,0.2261226624250412,3.4797
6218,0.13118532299995422,0.13118532299995422,0.22610032558441162,0.22610032558441162,3.4802
6219,0.13118413090705872,0.13118413090705872,0.2260817587375641,0.2260817587375641,3.4807
6220,0.1311829388141632,0.1311829388141632,0.2260604351758957,0.2260604351758957,3.4813
6221,0.1311817765235901,0.1311817765235901,0.22604122757911682,0.22604122757911682,3.4818
6222,0.13118061423301697,0.13118061423301697,0.22602081298828125,0.22602081298828125,3.4824
6223,0.13117942214012146,0.13117942214012146,0.22600069642066956,0.22600069642066956,3.4829
6224,0.13117824494838715,0.13117824494838715,0.22598132491111755,0.22598132491111755,3.4835
6225,0.13117706775665283,0.13117706775665283,0.22596058249473572,0.22596058249473572,3.484
6226,0.1311759203672409,0.1311759203672409,0.22594210505485535,0.22594210505485535,3.4846
6227,0.13117475807666779,0.13117475807666779,0.22592096030712128,0.22592096030712128,3.4852
6228,0.13117359578609467,0.13117359578609467,0.22590282559394836,0.22590282559394836,3.486
6229,0.13117244839668274,0.13117244839668274,0.22588133811950684,0.22588133811950684,3.4866
6230,0.13117127120494843,0.13117127120494843,0.22586369514465332,0.22586369514465332,3.4872
6231,0.1311701387166977,0.1311701387166977,0.22584232687950134,0.22584232687950134,3.4878
6232,0.13116894662380219,0.13116894662380219,0.2258249819278717,0.2258249819278717,3.4886
6233,0.13116779923439026,0.13116779923439026,0.2258034646511078,0.2258034646511078,3.4892
6234,0.13116668164730072,0.13116668164730072,0.225786492228508,0.225786492228508,3.4898
6235,0.1311655342578888,0.1311655342578888,0.2257651388645172,0.2257651388645172,3.4906
6236,0.13116438686847687,0.13116438686847687,0.22574838995933533,0.22574838995933533,3.4913
6237,0.13116325438022614,0.13116325438022614,0.22572699189186096,0.22572699189186096,3.4919
6238,0.1311621218919754,0.1311621218919754,0.2257104367017746,0.2257104367017746,3.4925
6239,0.13116100430488586,0.13116100430488586,0.2256889045238495,0.2256889045238495,3.4931
6240,0.13115982711315155,0.13115982711315155,0.2256726771593094,0.2256726771593094,3.4937
6241,0.1311587393283844,0.1311587393283844,0.22565095126628876,0.22565095126628876,3.4943
6242,0.13115759193897247,0.13115759193897247,0.22563500702381134,0.22563500702381134,3.4949
6243,0.13115645945072174,0.13115645945072174,0.2256128042936325,0.2256128042936325,3.4954
6244,0.1311553418636322,0.1311553418636322,0.2255973368883133,0.2255973368883133,3.496
6245,0.13115420937538147,0.13115420937538147,0.22557468712329865,0.22557468712329865,3.4969
6246,0.13115307688713074,0.13115307688713074,0.22555994987487793,0.22555994987487793,3.4975
6247,0.13115200400352478,0.13115200400352478,0.22553643584251404,0.22553643584251404,3.4981
6248,0.13115087151527405,0.13115087151527405,0.22552256286144257,0.22552256286144257,3.4987
6249,0.1311497837305069,0.1311497837305069,0.2254982888698578,0.2254982888698578,3.4993
6250,0.13114862143993378,0.13114862143993378,0.22548556327819824,0.22548556327819824,3.4998
6251,0.13114753365516663,0.13114753365516663,0.22546012699604034,0.22546012699604034,3.5004
6252,0.1311464011669159,0.1311464011669159,0.22544869780540466,0.22544869780540466,3.501
6253,0.13114532828330994,0.13114532828330994,0.22542186081409454,0.22542186081409454,3.5015
6254,0.1311442106962204,0.1311442106962204,0.22541245818138123,0.22541245818138123,3.5021
6255,0.13114313781261444,0.13114313781261444,0.22538340091705322,0.22538340091705322,3.5026
6256,0.1311420500278473,0.1311420500278473,0.22537681460380554,0.22537681460380554,3.5031
6257,0.13114093244075775,0.13114093244075775,0.22534456849098206,0.22534456849098206,3.5037
6258,0.1311398446559906,0.1311398446559906,0.22534194588661194,0.22534194588661194,3.5042
6259,0.13113877177238464,0.13113877177238464,0.22530503571033478,0.22530503571033478,3.5048
6260,0.1311376988887787,0.1311376988887787,0.225307896733284,0.225307896733284,3.5053
6261,0.13113661110401154,0.13113661110401154,0.22526471316814423,0.22526471316814423,3.5059
6262,0.13113552331924438,0.13113552331924438,0.22527512907981873,0.22527512907981873,3.5064
6263,0.13113448023796082,0.13113448023796082,0.22522315382957458,0.22522315382957458,3.5069
6264,0.13113340735435486,0.13113340735435486,0.22524413466453552,0.22524413466453552,3.5074
6265,0.13113239407539368,0.13113239407539368,0.225179523229599,0.225179523229599,3.508
6266,0.1311313807964325,0.1311313807964325,0.2252160757780075,0.2252160757780075,3.5085
6267,0.1311303973197937,0.1311303973197937,0.225133016705513,0.225133016705513,3.509
6268,0.1311294585466385,0.1311294585466385,0.22519202530384064,0.22519202530384064,3.5095
6269,0.13112857937812805,0.13112857937812805,0.22508184611797333,0.22508184611797333,3.5101
6270,0.13112781941890717,0.13112781941890717,0.2251744270324707,0.2251744270324707,3.5106
6271,0.13112710416316986,0.13112710416316986,0.22502374649047852,0.22502374649047852,3.5111
6272,0.13112670183181763,0.13112670183181763,0.2251662313938141,0.2251662313938141,3.5116
6273,0.13112656772136688,0.13112656772136688,0.22495540976524353,0.22495540976524353,3.5121
6274,0.13112688064575195,0.13112688064575195,0.22517260909080505,0.22517260909080505,3.5127
6275,0.13112783432006836,0.13112783432006836,0.2248719185590744,0.2248719185590744,3.5132
6276,0.13112978637218475,0.13112978637218475,0.22520112991333008,0.22520112991333008,3.5137
6277,0.13113321363925934,0.13113321363925934,0.22476761043071747,0.22476761043071747,3.5142
6278,0.13113859295845032,0.13113859295845032,0.22526216506958008,0.22526216506958008,3.5147
6279,0.1311468482017517,0.1311468482017517,0.2246372401714325,0.2246372401714325,3.5152
6280,0.13115862011909485,0.13115862011909485,0.22536583244800568,0.22536583244800568,3.5157
6281,0.13117459416389465,0.13117459416389465,0.22448411583900452,0.22448411583900452,3.5162
6282,0.1311938464641571,0.1311938464641571,0.2255052626132965,0.2255052626132965,3.5169
6283,0.13121429085731506,0.13121429085731506,0.22433491051197052,0.22433491051197052,3.5175
6284,0.1312292367219925,0.1312292367219925,0.22561165690422058,0.22561165690422058,3.518
6285,0.13123176991939545,0.13123176991939545,0.2242559939622879,0.2242559939622879,3.5185
6286,0.13121441006660461,0.13121441006660461,0.22552533447742462,0.22552533447742462,3.5191
6287,0.13118025660514832,0.13118025660514832,0.22433719038963318,0.22433719038963318,3.5196
6288,0.13114093244075775,0.13114093244075775,0.22515764832496643,0.22515764832496643,3.5201
6289,0.13111327588558197,0.13111327588558197,0.22461369633674622,0.22461369633674622,3.5206
6290,0.13110649585723877,0.13110649585723877,0.22469806671142578,0.22469806671142578,3.5211
6291,0.1311178058385849,0.1311178058385849,0.2249559462070465,0.2249559462070465,3.5216
6292,0.13113559782505035,0.13113559782505035,0.22438864409923553,0.22438864409923553,3.5222
6293,0.1311466097831726,0.1311466097831726,0.22512689232826233,0.22512689232826233,3.5227
6294,0.1311437040567398,0.1311437040567398,0.22430987656116486,0.22430987656116486,3.5232
6295,0.13112850487232208,0.13112850487232208,0.2249952256679535,0.2249952256679535,3.5238
6296,0.1311105191707611,0.1311105191707611,0.22444526851177216,0.22444526851177216,3.5243
6297,0.1310996413230896,0.1310996413230896,0.22467336058616638,0.22467336058616638,3.5248
6298,0.13109979033470154,0.13109979033470154,0.22468633949756622,0.22468633949756622,3.5254
6299,0.1311071366071701,0.1311071366071701,0.22439560294151306,0.22439560294151306,3.5259
6300,0.1311141550540924,0.1311141550540924,0.22483932971954346,0.22483932971954346,3.5264
6301,0.13111500442028046,0.13111500442028046,0.2242923229932785,0.2242923229932785,3.5269
6302,0.13110873103141785,0.13110873103141785,0.22477678954601288,0.22477678954601288,3.5274
6303,0.13109953701496124,0.13109953701496124,0.22436515986919403,0.22436515986919403,3.5279
6304,0.13109278678894043,0.13109278678894043,0.224559023976326,0.224559023976326,3.5285
6305,0.13109132647514343,0.13109132647514343,0.2245262861251831,0.2245262861251831,3.529
6306,0.13109400868415833,0.13109400868415833,0.22435036301612854,0.22435036301612854,3.5295
6307,0.1310971975326538,0.1310971975326538,0.2246335744857788,0.2246335744857788,3.53
6308,0.13109762966632843,0.13109762966632843,0.2242584526538849,0.2242584526538849,3.5306
6309,0.13109450042247772,0.13109450042247772,0.22459383308887482,0.22459383308887482,3.5311
6310,0.13108965754508972,0.13108965754508972,0.22429390251636505,0.22429390251636505,3.5316
6311,0.13108566403388977,0.13108566403388977,0.2244398593902588,0.2244398593902588,3.5322
6312,0.1310841292142868,0.1310841292142868,0.22439327836036682,0.22439327836036682,3.5327
6313,0.13108471035957336,0.13108471035957336,0.22428135573863983,0.22428135573863983,3.5332
6314,0.13108578324317932,0.13108578324317932,0.22445917129516602,0.22445917129516602,3.5337
6315,0.13108576834201813,0.13108576834201813,0.22419893741607666,0.22419893741607666,3.5342
6316,0.13108401000499725,0.13108401000499725,0.22442841529846191,0.22442841529846191,3.5347
6317,0.13108129799365997,0.13108129799365997,0.224205881357193,0.224205881357193,3.5352
6318,0.13107872009277344,0.13107872009277344,0.2243184596300125,0.2243184596300125,3.5358
6319,0.13107721507549286,0.13107721507549286,0.22426161170005798,0.22426161170005798,3.5363
6320,0.131076842546463,0.131076842546463,0.22419795393943787,0.22419795393943787,3.5368
6321,0.131076842546463,0.131076842546463,0.22430136799812317,0.22430136799812317,3.5373
6322,0.13107652962207794,0.13107652962207794,0.22412414848804474,0.22412414848804474,3.5378
6323,0.1310754120349884,0.1310754120349884,0.22428007423877716,0.22428007423877716,3.5383
6324,0.1310737282037735,0.1310737282037735,0.22411179542541504,0.22411179542541504,3.5388
6325,0.13107192516326904,0.13107192516326904,0.2242022007703781,0.2242022007703781,3.5393
6326,0.1310705691576004,0.1310705691576004,0.22413663566112518,0.22413663566112518,3.5398
6327,0.13106967508792877,0.13106967508792877,0.22410908341407776,0.22410908341407776,3.5403
6328,0.131069153547287,0.131069153547287,0.22415705025196075,0.22415705025196075,3.5408
6329,0.13106857240200043,0.13106857240200043,0.22404062747955322,0.22404062747955322,3.5414
6330,0.13106772303581238,0.13106772303581238,0.22414115071296692,0.22414115071296692,3.5419
6331,0.13106656074523926,0.13106656074523926,0.22401252388954163,0.22401252388954163,3.5424
6332,0.1310652196407318,0.1310652196407318,0.22408553957939148,0.22408553957939148,3.5429
6333,0.13106395304203033,0.13106395304203033,0.2240143120288849,0.2240143120288849,3.5434
6334,0.13106295466423035,0.13106295466423035,0.22401276230812073,0.22401276230812073,3.5439
6335,0.1310621201992035,0.1310621201992035,0.22402045130729675,0.22402045130729675,3.5444
6336,0.1310614049434662,0.1310614049434662,0.22395029664039612,0.22395029664039612,3.5449
6337,0.13106060028076172,0.13106060028076172,0.2240077257156372,0.2240077257156372,3.5454
6338,0.13105963170528412,0.13105963170528412,0.22391252219676971,0.22391252219676971,3.546
6339,0.13105854392051697,0.13105854392051697,0.22396846115589142,0.22396846115589142,3.5465
6340,0.13105744123458862,0.13105744123458862,0.2238975465297699,0.2238975465297699,3.547
6341,0.13105639815330505,0.13105639815330505,0.2239120900630951,0.2239120900630951,3.5475
6342,0.13105544447898865,0.13105544447898865,0.22389158606529236,0.22389158606529236,3.548
6343,0.1310546100139618,0.1310546100139618,0.22385577857494354,0.22385577857494354,3.5486
6344,0.13105374574661255,0.13105374574661255,0.2238783836364746,0.2238783836364746,3.5491
6345,0.1310528814792633,0.1310528814792633,0.223812535405159,0.223812535405159,3.5496
6346,0.1310519278049469,0.1310519278049469,0.22384920716285706,0.22384920716285706,3.5501
6347,0.1310509592294693,0.1310509592294693,0.223785400390625,0.223785400390625,3.5506
6348,0.1310499757528305,0.1310499757528305,0.2238057553768158,0.2238057553768158,3.5511
6349,0.1310489922761917,0.1310489922761917,0.22376838326454163,0.22376838326454163,3.5516
6350,0.1310480535030365,0.1310480535030365,0.22375702857971191,0.22375702857971191,3.5521
6351,0.13104715943336487,0.13104715943336487,0.2237519770860672,0.2237519770860672,3.5526
6352,0.13104626536369324,0.13104626536369324,0.22371239960193634,0.22371239960193634,3.5532
6353,0.1310453861951828,0.1310453861951828,0.2237280309200287,0.2237280309200287,3.5538
6354,0.13104447722434998,0.13104447722434998,0.22367730736732483,0.22367730736732483,3.5544
6355,0.13104353845119476,0.13104353845119476,0.22369404137134552,0.22369404137134552,3.555
6356,0.13104261457920074,0.13104261457920074,0.22365102171897888,0.22365102171897888,3.5555
6357,0.13104166090488434,0.13104166090488434,0.22365307807922363,0.22365307807922363,3.5561
6358,0.13104073703289032,0.13104073703289032,0.22362908720970154,0.22362908720970154,3.5566
6359,0.1310398280620575,0.1310398280620575,0.22361084818840027,0.22361084818840027,3.5572
6360,0.13103894889354706,0.13103894889354706,0.2236059606075287,0.2236059606075287,3.5577
6361,0.13103803992271423,0.13103803992271423,0.22357234358787537,0.22357234358787537,3.5582
6362,0.1310371309518814,0.1310371309518814,0.22357778251171112,0.22357778251171112,3.5588
6363,0.13103625178337097,0.13103625178337097,0.22353968024253845,0.22353968024253845,3.5593
6364,0.13103532791137695,0.13103532791137695,0.2235439270734787,0.2235439270734787,3.5598
6365,0.13103441894054413,0.13103441894054413,0.2235119789838791,0.2235119789838791,3.5604
6366,0.1310335099697113,0.1310335099697113,0.22350654006004333,0.22350654006004333,3.5609
6367,0.13103261590003967,0.13103261590003967,0.22348645329475403,0.22348645329475403,3.5614
6368,0.13103172183036804,0.13103172183036804,0.22346873581409454,0.22346873581409454,3.5619
6369,0.1310308277606964,0.1310308277606964,0.22345983982086182,0.22345983982086182,3.5625
6370,0.1310299187898636,0.1310299187898636,0.2234329730272293,0.2234329730272293,3.563
6371,0.13102903962135315,0.13102903962135315,0.22343043982982635,0.22343043982982635,3.5635
6372,0.13102813065052032,0.13102813065052032,0.22340050339698792,0.22340050339698792,3.5641
6373,0.1310272514820099,0.1310272514820099,0.22339777648448944,0.22339777648448944,3.5646
6374,0.13102635741233826,0.13102635741233826,0.22337093949317932,0.22337093949317932,3.5651
6375,0.13102546334266663,0.13102546334266663,0.22336295247077942,0.22336295247077942,3.5656
6376,0.131024569272995,0.131024569272995,0.22334294021129608,0.22334294021129608,3.5661
6377,0.13102367520332336,0.13102367520332336,0.22332763671875,0.22332763671875,3.5666
6378,0.13102281093597412,0.13102281093597412,0.22331476211547852,0.22331476211547852,3.5671
6379,0.1310219168663025,0.1310219168663025,0.223293274641037,0.223293274641037,3.5676
6380,0.13102103769779205,0.13102103769779205,0.22328510880470276,0.22328510880470276,3.5681
6381,0.13102015852928162,0.13102015852928162,0.2232608050107956,0.2232608050107956,3.5686
6382,0.13101927936077118,0.13101927936077118,0.22325372695922852,0.22325372695922852,3.5691
6383,0.13101840019226074,0.13101840019226074,0.22323007881641388,0.22323007881641388,3.5697
6384,0.1310175210237503,0.1310175210237503,0.22322097420692444,0.22322097420692444,3.5702
6385,0.13101664185523987,0.13101664185523987,0.2232004851102829,0.2232004851102829,3.5707
6386,0.13101576268672943,0.13101576268672943,0.22318749129772186,0.22318749129772186,3.5712
6387,0.13101491332054138,0.13101491332054138,0.2231711894273758,0.2231711894273758,3.5717
6388,0.13101401925086975,0.13101401925086975,0.22315426170825958,0.22315426170825958,3.5722
6389,0.13101314008235931,0.13101314008235931,0.22314152121543884,0.22314152121543884,3.5728
6390,0.13101226091384888,0.13101226091384888,0.2231217324733734,0.2231217324733734,3.5733
6391,0.13101141154766083,0.13101141154766083,0.2231111079454422,0.2231111079454422,3.5738
6392,0.13101054728031158,0.13101054728031158,0.22309017181396484,0.22309017181396484,3.5743
6393,0.13100966811180115,0.13100966811180115,0.22307977080345154,0.22307977080345154,3.5748
6394,0.1310087889432907,0.1310087889432907,0.22305946052074432,0.22305946052074432,3.5753
6395,0.13100793957710266,0.13100793957710266,0.2230478972196579,0.2230478972196579,3.5758
6396,0.1310070902109146,0.1310070902109146,0.22302930057048798,0.22302930057048798,3.5763
6397,0.13100621104240417,0.13100621104240417,0.2230157107114792,0.2230157107114792,3.5768
6398,0.13100536167621613,0.13100536167621613,0.22299937903881073,0.22299937903881073,3.5773
6399,0.13100449740886688,0.13100449740886688,0.22298350930213928,0.22298350930213928,3.5778
6400,0.13100361824035645,0.13100361824035645,0.22296932339668274,0.22296932339668274,3.5783
6401,0.1310027688741684,0.1310027688741684,0.222951740026474,0.222951740026474,3.5789
6402,0.13100188970565796,0.13100188970565796,0.2229389250278473,0.2229389250278473,3.5794
6403,0.1310010701417923,0.1310010701417923,0.22292041778564453,0.22292041778564453,3.5799
6404,0.13100019097328186,0.13100019097328186,0.2229081094264984,0.2229081094264984,3.5804
6405,0.130999356508255,0.130999356508255,0.22288966178894043,0.22288966178894043,3.5809
6406,0.13099850714206696,0.13099850714206696,0.22287695109844208,0.22287695109844208,3.5814
6407,0.1309976577758789,0.1309976577758789,0.222859188914299,0.222859188914299,3.5819
6408,0.13099679350852966,0.13099679350852966,0.22284574806690216,0.22284574806690216,3.5824
6409,0.1309959590435028,0.1309959590435028,0.22282886505126953,0.22282886505126953,3.5829
6410,0.13099509477615356,0.13099509477615356,0.22281447052955627,0.22281447052955627,3.5835
6411,0.13099424540996552,0.13099424540996552,0.22279861569404602,0.22279861569404602,3.584
6412,0.13099339604377747,0.13099339604377747,0.22278320789337158,0.22278320789337158,3.5845
6413,0.1309925615787506,0.1309925615787506,0.2227683961391449,0.2227683961391449,3.585
6414,0.13099172711372375,0.13099172711372375,0.222752183675766,0.222752183675766,3.5855
6415,0.1309908777475357,0.1309908777475357,0.22273802757263184,0.22273802757263184,3.586
6416,0.13099005818367004,0.13099005818367004,0.22272129356861115,0.22272129356861115,3.5865
6417,0.130989208817482,0.130989208817482,0.22270750999450684,0.22270750999450684,3.587
6418,0.13098834455013275,0.13098834455013275,0.2226906269788742,0.2226906269788742,3.5875
6419,0.1309874951839447,0.1309874951839447,0.22267690300941467,0.22267690300941467,3.588
6420,0.13098667562007904,0.13098667562007904,0.22266018390655518,0.22266018390655518,3.5885
6421,0.13098585605621338,0.13098585605621338,0.2226463258266449,0.2226463258266449,3.5891
6422,0.13098499178886414,0.13098499178886414,0.22262974083423615,0.22262974083423615,3.5896
6423,0.13098418712615967,0.13098418712615967,0.22261576354503632,0.22261576354503632,3.5901
6424,0.1309833526611328,0.1309833526611328,0.22259950637817383,0.22259950637817383,3.5906
6425,0.13098250329494476,0.13098250329494476,0.22258511185646057,0.22258511185646057,3.5911
6426,0.1309816837310791,0.1309816837310791,0.2225692719221115,0.2225692719221115,3.5916
6427,0.13098081946372986,0.13098081946372986,0.22255437076091766,0.22255437076091766,3.5921
6428,0.13098004460334778,0.13098004460334778,0.2225392609834671,0.2225392609834671,3.5927
6429,0.13097918033599854,0.13097918033599854,0.2225237339735031,0.2225237339735031,3.5932
6430,0.13097837567329407,0.13097837567329407,0.22250919044017792,0.22250919044017792,3.5937
6431,0.1309775412082672,0.1309775412082672,0.22249317169189453,0.22249317169189453,3.5942
6432,0.13097673654556274,0.13097673654556274,0.2224791944026947,0.2224791944026947,3.5947
6433,0.1309759020805359,0.1309759020805359,0.2224626988172531,0.2224626988172531,3.5952
6434,0.13097509741783142,0.13097509741783142,0.2224491536617279,0.2224491536617279,3.5957
6435,0.13097424805164337,0.13097424805164337,0.22243237495422363,0.22243237495422363,3.5963
6436,0.1309734284877777,0.1309734284877777,0.22241909801959991,0.22241909801959991,3.5968
6437,0.13097262382507324,0.13097262382507324,0.22240209579467773,0.22240209579467773,3.5973
6438,0.1309717893600464,0.1309717893600464,0.22238898277282715,0.22238898277282715,3.5978
6439,0.13097098469734192,0.13097098469734192,0.22237196564674377,0.22237196564674377,3.5983
6440,0.13097016513347626,0.13097016513347626,0.22235901653766632,0.22235901653766632,3.5988
6441,0.1309693604707718,0.1309693604707718,0.222341850399971,0.222341850399971,3.5993
6442,0.13096854090690613,0.13096854090690613,0.2223290503025055,0.2223290503025055,3.5998
6443,0.13096770644187927,0.13096770644187927,0.22231173515319824,0.22231173515319824,3.6003
6444,0.1309669017791748,0.1309669017791748,0.22229905426502228,0.22229905426502228,3.6008
6445,0.13096611201763153,0.13096611201763153,0.22228173911571503,0.22228173911571503,3.6013
6446,0.13096526265144348,0.13096526265144348,0.22226905822753906,0.22226905822753906,3.6018
6447,0.1309644728899002,0.1309644728899002,0.2222518026828766,0.2222518026828766,3.6023
6448,0.13096365332603455,0.13096365332603455,0.22223921120166779,0.22223921120166779,3.6028
6449,0.13096286356449127,0.13096286356449127,0.22222177684307098,0.22222177684307098,3.6033
6450,0.1309620440006256,0.1309620440006256,0.22220945358276367,0.22220945358276367,3.6039
6451,0.13096122443675995,0.13096122443675995,0.22219185531139374,0.22219185531139374,3.6044
6452,0.13096043467521667,0.13096043467521667,0.22217974066734314,0.22217974066734314,3.6049
6453,0.1309596598148346,0.1309596598148346,0.2221619188785553,0.2221619188785553,3.6054
6454,0.13095884025096893,0.13095884025096893,0.22215016186237335,0.22215016186237335,3.6059
6455,0.13095805048942566,0.13095805048942566,0.22213196754455566,0.22213196754455566,3.6064
6456,0.1309572160243988,0.1309572160243988,0.22212061285972595,0.22212061285972595,3.6069
6457,0.13095644116401672,0.13095644116401672,0.22210192680358887,0.22210192680358887,3.6074
6458,0.13095566630363464,0.13095566630363464,0.22209136188030243,0.22209136188030243,3.6079
6459,0.1309548318386078,0.1309548318386078,0.2220718413591385,0.2220718413591385,3.6084
6460,0.1309540569782257,0.1309540569782257,0.22206225991249084,0.22206225991249084,3.6089
6461,0.13095326721668243,0.13095326721668243,0.22204160690307617,0.22204160690307617,3.6094
6462,0.13095249235630035,0.13095249235630035,0.22203323245048523,0.22203323245048523,3.6099
6463,0.1309516727924347,0.1309516727924347,0.2220112830400467,0.2220112830400467,3.6104
6464,0.13095086812973022,0.13095086812973022,0.22200465202331543,0.22200465202331543,3.6109
6465,0.13095010817050934,0.13095010817050934,0.2219807654619217,0.2219807654619217,3.6114
6466,0.13094931840896606,0.13094931840896606,0.22197623550891876,0.22197623550891876,3.612
6467,0.1309485137462616,0.1309485137462616,0.22194990515708923,0.22194990515708923,3.6125
6468,0.13094773888587952,0.13094773888587952,0.2219482660293579,0.2219482660293579,3.613
6469,0.13094694912433624,0.13094694912433624,0.22191867232322693,0.22191867232322693,3.6135
6470,0.13094618916511536,0.13094618916511536,0.22192101180553436,0.22192101180553436,3.614
6471,0.13094541430473328,0.13094541430473328,0.2218867838382721,0.2218867838382721,3.6145
6472,0.13094462454319,0.13094462454319,0.22189469635486603,0.22189469635486603,3.615
6473,0.13094386458396912,0.13094386458396912,0.22185373306274414,0.22185373306274414,3.6155
6474,0.1309431493282318,0.1309431493282318,0.22186973690986633,0.22186973690986633,3.616
6475,0.13094237446784973,0.13094237446784973,0.22181925177574158,0.22181925177574158,3.6165
6476,0.13094165921211243,0.13094165921211243,0.22184686362743378,0.22184686362743378,3.6171
6477,0.13094094395637512,0.13094094395637512,0.2217824012041092,0.2217824012041092,3.6176
6478,0.13094031810760498,0.13094031810760498,0.2218269407749176,0.2218269407749176,3.6181
6479,0.13093969225883484,0.13093969225883484,0.22174224257469177,0.22174224257469177,3.6186
6480,0.13093915581703186,0.13093915581703186,0.22181162238121033,0.22181162238121033,3.6191
6481,0.13093875348567963,0.13093875348567963,0.22169692814350128,0.22169692814350128,3.6196
6482,0.13093852996826172,0.13093852996826172,0.22180338203907013,0.22180338203907013,3.6201
6483,0.1309385746717453,0.1309385746717453,0.22164388000965118,0.22164388000965118,3.6206
6484,0.13093900680541992,0.13093900680541992,0.2218060940504074,0.2218060940504074,3.6212
6485,0.1309400200843811,0.1309400200843811,0.2215798795223236,0.2215798795223236,3.6217
6486,0.13094186782836914,0.13094186782836914,0.22182559967041016,0.22182559967041016,3.6222
6487,0.13094504177570343,0.13094504177570343,0.2215002030134201,0.2215002030134201,3.6228
6488,0.1309499740600586,0.1309499740600586,0.22187042236328125,0.22187042236328125,3.6233
6489,0.13095752894878387,0.13095752894878387,0.22140121459960938,0.22140121459960938,3.6238
6490,0.1309683620929718,0.1309683620929718,0.22195029258728027,0.22195029258728027,3.6243
6491,0.13098327815532684,0.13098327815532684,0.2212841957807541,0.2212841957807541,3.6248
6492,0.13100191950798035,0.13100191950798035,0.22206421196460724,0.22206421196460724,3.6253
6493,0.13102279603481293,0.13102279603481293,0.2211669236421585,0.2211669236421585,3.6258
6494,0.1310402899980545,0.1310402899980545,0.2221665382385254,0.2221665382385254,3.6263
6495,0.13104784488677979,0.13104784488677979,0.22109360992908478,0.22109360992908478,3.6268
6496,0.131036639213562,0.131036639213562,0.22213003039360046,0.22213003039360046,3.6273
6497,0.13100703060626984,0.13100703060626984,0.22112984955310822,0.22112984955310822,3.6278
6498,0.13096767663955688,0.13096767663955688,0.22185444831848145,0.22185444831848145,3.6284
6499,0.1309356391429901,0.1309356391429901,0.22132229804992676,0.22132229804992676,3.6289
6500,0.1309230923652649,0.1309230923652649,0.22147393226623535,0.22147393226623535,3.6294
6501,0.13093061745166779,0.13093061745166779,0.22160056233406067,0.22160056233406067,3.6299
6502,0.1309482306241989,0.1309482306241989,0.2212035208940506,0.2212035208940506,3.6304
6503,0.13096241652965546,0.13096241652965546,0.2217702865600586,0.2217702865600586,3.631
6504,0.13096389174461365,0.13096389174461365,0.22111539542675018,0.22111539542675018,3.6315
6505,0.13095155358314514,0.13095155358314514,0.2216939926147461,0.2216939926147461,3.632
6506,0.13093356788158417,0.13093356788158417,0.2211986482143402,0.2211986482143402,3.6325
6507,0.13092029094696045,0.13092029094696045,0.2214394509792328,0.2214394509792328,3.633
6508,0.13091783225536346,0.13091783225536346,0.22138628363609314,0.22138628363609314,3.6336
6509,0.13092418015003204,0.13092418015003204,0.22120240330696106,0.22120240330696106,3.6341
6510,0.1309323012828827,0.1309323012828827,0.22152943909168243,0.22152943909168243,3.6346
6511,0.13093538582324982,0.13093538582324982,0.22109894454479218,0.22109894454479218,3.6351
6512,0.1309310495853424,0.1309310495853424,0.2215035855770111,0.2215035855770111,3.6356
6513,0.1309223473072052,0.1309223473072052,0.22113923728466034,0.22113923728466034,3.6361
6514,0.13091474771499634,0.13091474771499634,0.22133508324623108,0.22133508324623108,3.6366
6515,0.13091209530830383,0.13091209530830383,0.22126491367816925,0.22126491367816925,3.6371
6516,0.13091422617435455,0.13091422617435455,0.22115883231163025,0.22115883231163025,3.6376
6517,0.13091787695884705,0.13091787695884705,0.22136399149894714,0.22136399149894714,3.6382
6518,0.13091954588890076,0.13091954588890076,0.22107107937335968,0.22107107937335968,3.6387
6519,0.13091757893562317,0.13091757893562317,0.22134871780872345,0.22134871780872345,3.6392
6520,0.13091322779655457,0.13091322779655457,0.2210860699415207,0.2210860699415207,3.6397
6521,0.1309090256690979,0.1309090256690979,0.22123169898986816,0.22123169898986816,3.6402
6522,0.13090696930885315,0.13090696930885315,0.2211616039276123,0.2211616039276123,3.6407
6523,0.1309073269367218,0.1309073269367218,0.2210986316204071,0.2210986316204071,3.6412
6524,0.13090869784355164,0.13090869784355164,0.2212226837873459,0.2212226837873459,3.6417
6525,0.13090939819812775,0.13090939819812775,0.2210206538438797,0.2210206538438797,3.6422
6526,0.13090839982032776,0.13090839982032776,0.22120961546897888,0.22120961546897888,3.6427
6527,0.13090607523918152,0.13090607523918152,0.22101569175720215,0.22101569175720215,3.6433
6528,0.13090358674526215,0.13090358674526215,0.22112610936164856,0.22112610936164856,3.6438
6529,0.1309019923210144,0.1309019923210144,0.22105690836906433,0.22105690836906433,3.6444
6530,0.13090156018733978,0.13090156018733978,0.22102618217468262,0.22102618217468262,3.645
6531,0.1309017688035965,0.1309017688035965,0.22109344601631165,0.22109344601631165,3.6455
6532,0.13090187311172485,0.13090187311172485,0.22095902264118195,0.22095902264118195,3.6461
6533,0.1309012770652771,0.1309012770652771,0.22108471393585205,0.22108471393585205,3.6467
6534,0.13089998066425323,0.13089998066425323,0.22094066441059113,0.22094066441059113,3.6472
6535,0.1308984011411667,0.1308984011411667,0.22102761268615723,0.22102761268615723,3.6477
6536,0.13089708983898163,0.13089708983898163,0.22095656394958496,0.22095656394958496,3.6483
6537,0.13089628517627716,0.13089628517627716,0.2209514081478119,0.2209514081478119,3.6488
6538,0.1308959424495697,0.1308959424495697,0.22097530961036682,0.22097530961036682,3.6494
6539,0.1308956891298294,0.1308956891298294,0.22089031338691711,0.22089031338691711,3.6499
6540,0.13089519739151,0.13089519739151,0.22096824645996094,0.22096824645996094,3.6504
6541,0.13089439272880554,0.13089439272880554,0.22086074948310852,0.22086074948310852,3.651
6542,0.1308933049440384,0.1308933049440384,0.22092804312705994,0.22092804312705994,3.6515
6543,0.13089223206043243,0.13089223206043243,0.22085754573345184,0.22085754573345184,3.6521
6544,0.1308913677930832,0.1308913677930832,0.22087013721466064,0.22087013721466064,3.6526
6545,0.13089068233966827,0.13089068233966827,0.2208624631166458,0.2208624631166458,3.6531
6546,0.13089017570018768,0.13089017570018768,0.2208159863948822,0.2208159863948822,3.6537
6547,0.1308896839618683,0.1308896839618683,0.22085590660572052,0.22085590660572052,3.6543
6548,0.13088904321193695,0.13088904321193695,0.22077986598014832,0.22077986598014832,3.655
6549,0.13088826835155487,0.13088826835155487,0.22082868218421936,0.22082868218421936,3.6555
6550,0.13088735938072205,0.13088735938072205,0.22076287865638733,0.22076287865638733,3.6561
6551,0.13088653981685638,0.13088653981685638,0.22078509628772736,0.22078509628772736,3.6566
6552,0.1308857947587967,0.1308857947587967,0.22075624763965607,0.22075624763965607,3.6572
6553,0.13088509440422058,0.13088509440422058,0.22073788940906525,0.22073788940906525,3.6577
6554,0.13088449835777283,0.13088449835777283,0.22074732184410095,0.22074732184410095,3.6583
6555,0.13088388741016388,0.13088388741016388,0.22069863975048065,0.22069863975048065,3.6588
6556,0.13088323175907135,0.13088323175907135,0.22072705626487732,0.22072705626487732,3.6594
6557,0.13088250160217285,0.13088250160217285,0.22067204117774963,0.22067204117774963,3.6599
6558,0.13088174164295197,0.13088174164295197,0.22069454193115234,0.22069454193115234,3.6604
6559,0.13088098168373108,0.13088098168373108,0.22065529227256775,0.22065529227256775,3.661
6560,0.13088026642799377,0.13088026642799377,0.22065523266792297,0.22065523266792297,3.6615
6561,0.13087955117225647,0.13087955117225647,0.22064156830310822,0.22064156830310822,3.6621
6562,0.13087889552116394,0.13087889552116394,0.22061672806739807,0.22061672806739807,3.6626
6563,0.1308782547712326,0.1308782547712326,0.2206239253282547,0.2206239253282547,3.6632
6564,0.13087758421897888,0.13087758421897888,0.2205844223499298,0.2205844223499298,3.6637
6565,0.13087688386440277,0.13087688386440277,0.22059878706932068,0.22059878706932068,3.6642
6566,0.13087619841098785,0.13087619841098785,0.22055955231189728,0.22055955231189728,3.6647
6567,0.13087549805641174,0.13087549805641174,0.2205670326948166,0.2205670326948166,3.6652
6568,0.13087478280067444,0.13087478280067444,0.2205398976802826,0.2205398976802826,3.6658
6569,0.13087409734725952,0.13087409734725952,0.22053241729736328,0.22053241729736328,3.6663
6570,0.1308734118938446,0.1308734118938446,0.2205209732055664,0.2205209732055664,3.6668
6571,0.13087274134159088,0.13087274134159088,0.2204989492893219,0.2204989492893219,3.6673
6572,0.13087210059165955,0.13087210059165955,0.22049951553344727,0.22049951553344727,3.6679
6573,0.13087138533592224,0.13087138533592224,0.2204694300889969,0.2204694300889969,3.6684
6574,0.1308707296848297,0.1308707296848297,0.22047372162342072,0.22047372162342072,3.6689
6575,0.130870059132576,0.130870059132576,0.2204442024230957,0.2204442024230957,3.6696
6576,0.13086935877799988,0.13086935877799988,0.22044417262077332,0.22044417262077332,3.6702
6577,0.13086868822574615,0.13086868822574615,0.22042174637317657,0.22042174637317657,3.6708
6578,0.13086798787117004,0.13086798787117004,0.22041288018226624,0.22041288018226624,3.6714
6579,0.13086731731891632,0.13086731731891632,0.22039994597434998,0.22039994597434998,3.672
6580,0.1308666467666626,0.1308666467666626,0.22038213908672333,0.22038213908672333,3.6725
6581,0.13086600601673126,0.13086600601673126,0.22037670016288757,0.22037670016288757,3.6731
6582,0.13086530566215515,0.13086530566215515,0.22035345435142517,0.22035345435142517,3.6736
6583,0.13086465001106262,0.13086465001106262,0.22035130858421326,0.22035130858421326,3.6742
6584,0.1308639943599701,0.1308639943599701,0.22032718360424042,0.22032718360424042,3.6747
6585,0.13086329400539398,0.13086329400539398,0.22032372653484344,0.22032372653484344,3.6752
6586,0.13086262345314026,0.13086262345314026,0.22030267119407654,0.22030267119407654,3.6758
6587,0.13086195290088654,0.13086195290088654,0.22029490768909454,0.22029490768909454,3.6763
6588,0.13086126744747162,0.13086126744747162,0.2202790230512619,0.2202790230512619,3.6768
6589,0.13086062669754028,0.13086062669754028,0.2202659547328949,0.2202659547328949,3.6773
6590,0.13085998594760895,0.13085998594760895,0.22025513648986816,0.22025513648986816,3.6779
6591,0.13085933029651642,0.13085933029651642,0.2202376127243042,0.2202376127243042,3.6784
6592,0.1308586448431015,0.1308586448431015,0.2202303111553192,0.2202303111553192,3.6789
6593,0.13085797429084778,0.13085797429084778,0.22021064162254333,0.22021064162254333,3.6795
6594,0.13085730373859406,0.13085730373859406,0.220204159617424,0.220204159617424,3.68
6595,0.13085663318634033,0.13085663318634033,0.2201848030090332,0.2201848030090332,3.6806
6596,0.1308559775352478,0.1308559775352478,0.22017717361450195,0.22017717361450195,3.6811
6597,0.13085532188415527,0.13085532188415527,0.2201598584651947,0.2201598584651947,3.6817
6598,0.13085469603538513,0.13085469603538513,0.22014959156513214,0.22014959156513214,3.6822
6599,0.13085401058197021,0.13085401058197021,0.22013524174690247,0.22013524174690247,3.6828
6600,0.1308533251285553,0.1308533251285553,0.2201220989227295,0.2201220989227295,3.6833
6601,0.13085269927978516,0.13085269927978516,0.22011050581932068,0.22011050581932068,3.6838
6602,0.13085201382637024,0.13085201382637024,0.2200949639081955,0.2200949639081955,3.6844
6603,0.1308513730764389,0.1308513730764389,0.2200852334499359,0.2200852334499359,3.6849
6604,0.13085073232650757,0.13085073232650757,0.22006849944591522,0.22006849944591522,3.6854
6605,0.13085006177425385,0.13085006177425385,0.22005946934223175,0.22005946934223175,3.6859
6606,0.1308494359254837,0.1308494359254837,0.2200426161289215,0.2200426161289215,3.6865
6607,0.1308487504720688,0.1308487504720688,0.22003325819969177,0.22003325819969177,3.687
6608,0.13084810972213745,0.13084810972213745,0.22001704573631287,0.22001704573631287,3.6876
6609,0.13084743916988373,0.13084743916988373,0.2200067937374115,0.2200067937374115,3.6881
6610,0.1308468133211136,0.1308468133211136,0.21999183297157288,0.21999183297157288,3.6887
6611,0.13084615767002106,0.13084615767002106,0.21998021006584167,0.21998021006584167,3.6892
6612,0.13084550201892853,0.13084550201892853,0.21996672451496124,0.21996672451496124,3.6897
6613,0.1308448612689972,0.1308448612689972,0.2199537754058838,0.2199537754058838,3.7115
6614,0.13084420561790466,0.13084420561790466,0.21994145214557648,0.21994145214557648,3.7122
6615,0.13084354996681213,0.13084354996681213,0.21992745995521545,0.21992745995521545,3.7129
6616,0.130842924118042,0.130842924118042,0.21991614997386932,0.21991614997386932,3.7136
6617,0.13084225356578827,0.13084225356578827,0.21990151703357697,0.21990151703357697,3.7143
6618,0.13084164261817932,0.13084164261817932,0.2198905646800995,0.2198905646800995,3.715
6619,0.1308409869670868,0.1308409869670868,0.21987572312355042,0.21987572312355042,3.7156
6620,0.13084033131599426,0.13084033131599426,0.21986499428749084,0.21986499428749084,3.7162
6621,0.13083969056606293,0.13083969056606293,0.2198500633239746,0.2198500633239746,3.7169
6622,0.1308390349149704,0.1308390349149704,0.2198391705751419,0.2198391705751419,3.7175
6623,0.13083840906620026,0.13083840906620026,0.21982470154762268,0.21982470154762268,3.7181
6624,0.13083775341510773,0.13083775341510773,0.21981337666511536,0.21981337666511536,3.7187
6625,0.13083714246749878,0.13083714246749878,0.21979928016662598,0.21979928016662598,3.7193
6626,0.13083648681640625,0.13083648681640625,0.21978759765625,0.21978759765625,3.72
6627,0.13083584606647491,0.13083584606647491,0.2197740525007248,0.2197740525007248,3.7206
6628,0.13083520531654358,0.13083520531654358,0.21976175904273987,0.21976175904273987,3.7212
6629,0.13083454966545105,0.13083454966545105,0.2197488248348236,0.2197488248348236,3.7219
6630,0.1308339536190033,0.1308339536190033,0.21973605453968048,0.21973605453968048,3.7224
6631,0.13083329796791077,0.13083329796791077,0.21972361207008362,0.21972361207008362,3.723
6632,0.13083265721797943,0.13083265721797943,0.21971042454242706,0.21971042454242706,3.7236
6633,0.1308320164680481,0.1308320164680481,0.21969835460186005,0.21969835460186005,3.7241
6634,0.13083139061927795,0.13083139061927795,0.21968500316143036,0.21968500316143036,3.7247
6635,0.1308307647705078,0.1308307647705078,0.21967296302318573,0.21967296302318573,3.7253
6636,0.13083013892173767,0.13083013892173767,0.21965956687927246,0.21965956687927246,3.7259
6637,0.13082948327064514,0.13082948327064514,0.2196476012468338,0.2196476012468338,3.7264
6638,0.130828857421875,0.130828857421875,0.21963433921337128,0.21963433921337128,3.727
6639,0.13082823157310486,0.13082823157310486,0.21962232887744904,0.21962232887744904,3.7276
6640,0.13082760572433472,0.13082760572433472,0.2196090966463089,0.2196090966463089,3.7282
6641,0.13082697987556458,0.13082697987556458,0.2195970118045807,0.2195970118045807,3.7288
6642,0.13082633912563324,0.13082633912563324,0.2195839136838913,0.2195839136838913,3.7294
6643,0.1308257281780243,0.1308257281780243,0.21957167983055115,0.21957167983055115,3.7299
6644,0.13082508742809296,0.13082508742809296,0.21955886483192444,0.21955886483192444,3.7305
6645,0.130824476480484,0.130824476480484,0.21954640746116638,0.21954640746116638,3.7311
6646,0.13082385063171387,0.13082385063171387,0.2195338010787964,0.2195338010787964,3.7317
6647,0.13082322478294373,0.13082322478294373,0.21952125430107117,0.21952125430107117,3.7323
6648,0.1308225691318512,0.1308225691318512,0.21950869262218475,0.21950869262218475,3.7328
6649,0.13082197308540344,0.13082197308540344,0.21949610114097595,0.21949610114097595,3.7334
6650,0.1308213323354721,0.1308213323354721,0.2194836586713791,0.2194836586713791,3.7339
6651,0.13082070648670197,0.13082070648670197,0.2194710671901703,0.2194710671901703,3.7345
6652,0.13082008063793182,0.13082008063793182,0.2194586545228958,0.2194586545228958,3.7351
6653,0.13081946969032288,0.13081946969032288,0.21944598853588104,0.21944598853588104,3.7356
6654,0.13081885874271393,0.13081885874271393,0.21943369507789612,0.21943369507789612,3.7362
6655,0.1308182179927826,0.1308182179927826,0.21942102909088135,0.21942102909088135,3.7367
6656,0.13081759214401245,0.13081759214401245,0.21940872073173523,0.21940872073173523,3.7373
6657,0.1308169960975647,0.1308169960975647,0.21939611434936523,0.21939611434936523,3.7378
6658,0.13081637024879456,0.13081637024879456,0.2193838357925415,0.2193838357925415,3.7384
6659,0.1308157742023468,0.1308157742023468,0.21937128901481628,0.21937128901481628,3.7389
6660,0.13081511855125427,0.13081511855125427,0.21935883164405823,0.21935883164405823,3.7395
6661,0.13081452250480652,0.13081452250480652,0.2193465679883957,0.2193465679883957,3.74
6662,0.13081391155719757,0.13081391155719757,0.2193339765071869,0.2193339765071869,3.7406
6663,0.13081328570842743,0.13081328570842743,0.21932169795036316,0.21932169795036316,3.7411
6664,0.13081267476081848,0.13081267476081848,0.21930918097496033,0.21930918097496033,3.7417
6665,0.13081204891204834,0.13081204891204834,0.21929702162742615,0.21929702162742615,3.7422
6666,0.13081145286560059,0.13081145286560059,0.2192842960357666,0.2192842960357666,3.7428
6667,0.13081085681915283,0.13081085681915283,0.2192724049091339,0.2192724049091339,3.7434
6668,0.1308102160692215,0.1308102160692215,0.21925954520702362,0.21925954520702362,3.744
6669,0.13080963492393494,0.13080963492393494,0.21924786269664764,0.21924786269664764,3.7445
6670,0.1308090090751648,0.1308090090751648,0.21923470497131348,0.21923470497131348,3.7451
6671,0.13080839812755585,0.13080839812755585,0.21922340989112854,0.21922340989112854,3.7457
6672,0.1308077871799469,0.1308077871799469,0.21920987963676453,0.21920987963676453,3.7463
6673,0.13080719113349915,0.13080719113349915,0.2191990315914154,0.2191990315914154,3.7468
6674,0.130806565284729,0.130806565284729,0.2191850244998932,0.2191850244998932,3.7474
6675,0.13080599904060364,0.13080599904060364,0.21917486190795898,0.21917486190795898,3.7482
6676,0.1308053433895111,0.1308053433895111,0.21915999054908752,0.21915999054908752,3.7502
6677,0.13080474734306335,0.13080474734306335,0.21915093064308167,0.21915093064308167,3.7509
6678,0.1308041512966156,0.1308041512966156,0.21913480758666992,0.21913480758666992,3.7515
6679,0.13080355525016785,0.13080355525016785,0.2191273272037506,0.2191273272037506,3.7521
6680,0.1308029294013977,0.1308029294013977,0.21910934150218964,0.21910934150218964,3.7527
6681,0.13080234825611115,0.13080234825611115,0.21910405158996582,0.21910405158996582,3.7532
6682,0.1308017522096634,0.1308017522096634,0.21908342838287354,0.21908342838287354,3.7538
6683,0.13080114126205444,0.13080114126205444,0.2190815508365631,0.2190815508365631,3.7544
6684,0.13080057501792908,0.13080057501792908,0.21905675530433655,0.21905675530433655,3.7549
6685,0.13079999387264252,0.13079999387264252,0.21906013786792755,0.21906013786792755,3.7555
6686,0.13079938292503357,0.13079938292503357,0.2190287858247757,0.2190287858247757,3.7561
6687,0.1307988464832306,0.1307988464832306,0.2190404236316681,0.2190404236316681,3.7566
6688,0.1307983100414276,0.1307983100414276,0.21899886429309845,0.21899886429309845,3.7572
6689,0.13079781830310822,0.13079781830310822,0.21902361512184143,0.21902361512184143,3.7578
6690,0.13079734146595,0.13079734146595,0.2189653366804123,0.2189653366804123,3.7583
6691,0.13079701364040375,0.13079701364040375,0.219011589884758,0.219011589884758,3.7589
6692,0.13079680502414703,0.13079680502414703,0.21892647445201874,0.21892647445201874,3.7595
6693,0.1307968646287918,0.1307968646287918,0.21900758147239685,0.21900758147239685,3.76
6694,0.13079729676246643,0.13079729676246643,0.2188786268234253,0.2188786268234253,3.7606
6695,0.13079845905303955,0.13079845905303955,0.2190174162387848,0.2190174162387848,3.7611
6696,0.13080069422721863,0.13080069422721863,0.2188168466091156,0.2188168466091156,3.7617
6697,0.13080468773841858,0.13080468773841858,0.21905116736888885,0.21905116736888885,3.7623
6698,0.1308116316795349,0.1308116316795349,0.21873469650745392,0.21873469650745392,3.7628
6699,0.13082297146320343,0.13082297146320343,0.21912579238414764,0.21912579238414764,3.7634
6700,0.13084113597869873,0.13084113597869873,0.2186281681060791,0.2186281681060791,3.7639
6701,0.130868062376976,0.130868062376976,0.21926195919513702,0.21926195919513702,3.7645
6702,0.13090524077415466,0.13090524077415466,0.21850772202014923,0.21850772202014923,3.765
6703,0.13094738125801086,0.13094738125801086,0.21944482624530792,0.21944482624530792,3.7656
6704,0.13098253309726715,0.13098253309726715,0.2184140682220459,0.2184140682220459,3.7661
6705,0.13098539412021637,0.13098539412021637,0.2195107638835907,0.2195107638835907,3.7667
6706,0.13094303011894226,0.13094303011894226,0.21841399371623993,0.21841399371623993,3.7673
6707,0.13086704909801483,0.13086704909801483,0.2192048579454422,0.2192048579454422,3.7678
6708,0.13080313801765442,0.13080313801765442,0.2186160385608673,0.2186160385608673,3.7683
6709,0.1307872235774994,0.1307872235774994,0.21871499717235565,0.21871499717235565,3.7688
6710,0.13081665337085724,0.13081665337085724,0.2189909964799881,0.2189909964799881,3.7694
6711,0.13085629045963287,0.13085629045963287,0.21844372153282166,0.21844372153282166,3.7699
6712,0.13086804747581482,0.13086804747581482,0.21914935111999512,0.21914935111999512,3.7705
6713,0.13084226846694946,0.13084226846694946,0.2184368371963501,0.2184368371963501,3.771
6714,0.13080225884914398,0.13080225884914398,0.21888074278831482,0.21888074278831482,3.7716
6715,0.13078249990940094,0.13078249990940094,0.2186623513698578,0.2186623513698578,3.7721
6716,0.1307934820652008,0.1307934820652008,0.21853117644786835,0.21853117644786835,3.7727
6717,0.13081607222557068,0.13081607222557068,0.21891319751739502,0.21891319751739502,3.7732
6718,0.1308242529630661,0.1308242529630661,0.2184041291475296,0.2184041291475296,3.7738
6719,0.13080987334251404,0.13080987334251404,0.2188626229763031,0.2188626229763031,3.7743
6720,0.1307881772518158,0.1307881772518158,0.21850252151489258,0.21850252151489258,3.7749
6721,0.13077904284000397,0.13077904284000397,0.21859422326087952,0.21859422326087952,3.7754
6722,0.13078683614730835,0.13078683614730835,0.21871241927146912,0.21871241927146912,3.776
6723,0.13079868257045746,0.13079868257045746,0.21841469407081604,0.21841469407081604,3.7765
6724,0.13080020248889923,0.13080020248889923,0.2187773734331131,0.2187773734331131,3.7771
6725,0.13079002499580383,0.13079002499580383,0.21842725574970245,0.21842725574970245,3.7776
6726,0.1307787001132965,0.1307787001132965,0.2186160832643509,0.2186160832643509,3.7781
6727,0.13077622652053833,0.13077622652053833,0.21857059001922607,0.21857059001922607,3.7787
6728,0.13078190386295319,0.13078190386295319,0.21843548119068146,0.21843548119068146,3.7792
6729,0.13078713417053223,0.13078713417053223,0.2186717987060547,0.2186717987060547,3.7798
6730,0.13078553974628448,0.13078553974628448,0.218385249376297,0.218385249376297,3.7803
6731,0.1307787150144577,0.1307787150144577,0.2185962200164795,0.2185962200164795,3.7808
6732,0.13077335059642792,0.13077335059642792,0.21846413612365723,0.21846413612365723,3.7814
6733,0.1307733952999115,0.1307733952999115,0.21843914687633514,0.21843914687633514,3.782
6734,0.1307767927646637,0.1307767927646637,0.21855878829956055,0.21855878829956055,3.7826
6735,0.13077852129936218,0.13077852129936218,0.21835418045520782,0.21835418045520782,3.7832
6736,0.13077624142169952,0.13077624142169952,0.21854138374328613,0.21854138374328613,3.7838
6737,0.13077206909656525,0.13077206909656525,0.2183794230222702,0.2183794230222702,3.7844
6738,0.13076965510845184,0.13076965510845184,0.2184264212846756,0.2184264212846756,3.7849
6739,0.13077017664909363,0.13077017664909363,0.21845397353172302,0.21845397353172302,3.7854
6740,0.13077181577682495,0.13077181577682495,0.21833141148090363,0.21833141148090363,3.7859
6741,0.1307719647884369,0.1307719647884369,0.21847128868103027,0.21847128868103027,3.7865
6742,0.1307700276374817,0.1307700276374817,0.21831922233104706,0.21831922233104706,3.787
6743,0.1307675689458847,0.1307675689458847,0.21840167045593262,0.21840167045593262,3.7875
6744,0.1307663917541504,0.1307663917541504,0.21836407482624054,0.21836407482624054,3.788
6745,0.13076665997505188,0.13076665997505188,0.21831297874450684,0.21831297874450684,3.7886
6746,0.13076725602149963,0.13076725602149963,0.2183942347764969,0.2183942347764969,3.7891
6747,0.1307668685913086,0.1307668685913086,0.21827244758605957,0.21827244758605957,3.7896
6748,0.1307654231786728,0.1307654231786728,0.21835987269878387,0.21835987269878387,3.7901
6749,0.1307639181613922,0.1307639181613922,0.21828627586364746,0.21828627586364746,3.7906
6750,0.13076314330101013,0.13076314330101013,0.21828770637512207,0.21828770637512207,3.7911
6751,0.13076314330101013,0.13076314330101013,0.21831217408180237,0.21831217408180237,3.7917
6752,0.13076317310333252,0.13076317310333252,0.21823258697986603,0.21823258697986603,3.7922
6753,0.13076265156269073,0.13076265156269073,0.21830351650714874,0.21830351650714874,3.7927
6754,0.13076160848140717,0.13076160848140717,0.21822068095207214,0.21822068095207214,3.7933
6755,0.1307605654001236,0.1307605654001236,0.21825361251831055,0.21825361251831055,3.7938
6756,0.13075992465019226,0.13075992465019226,0.21823517978191376,0.21823517978191376,3.7944
6757,0.13075971603393555,0.13075971603393555,0.21819782257080078,0.21819782257080078,3.7949
6758,0.13075944781303406,0.13075944781303406,0.21823859214782715,0.21823859214782715,3.7955
6759,0.13075891137123108,0.13075891137123108,0.2181674689054489,0.2181674689054489,3.796
6760,0.130758136510849,0.130758136510849,0.21820983290672302,0.21820983290672302,3.7966
6761,0.13075731694698334,0.13075731694698334,0.21816566586494446,0.21816566586494446,3.7971
6762,0.1307567059993744,0.1307567059993744,0.21816149353981018,0.21816149353981018,3.7976
6763,0.13075633347034454,0.13075633347034454,0.21816949546337128,0.21816949546337128,3.7982
6764,0.1307559758424759,0.1307559758424759,0.21812207996845245,0.21812207996845245,3.7987
6765,0.1307554543018341,0.1307554543018341,0.218155175447464,0.218155175447464,3.7993
6766,0.13075478374958038,0.13075478374958038,0.21810460090637207,0.21810460090637207,3.7998
6767,0.13075411319732666,0.13075411319732666,0.2181200087070465,0.2181200087070465,3.8004
6768,0.1307535320520401,0.1307535320520401,0.21810117363929749,0.21810117363929749,3.801
6769,0.1307530403137207,0.1307530403137207,0.21807999908924103,0.21807999908924103,3.8016
6770,0.13075262308120728,0.13075262308120728,0.21809354424476624,0.21809354424476624,3.8023
6771,0.13075214624404907,0.13075214624404907,0.2180517166852951,0.2180517166852951,3.8029
6772,0.1307515650987625,0.1307515650987625,0.2180705964565277,0.2180705964565277,3.8035
6773,0.13075093924999237,0.13075093924999237,0.21803760528564453,0.21803760528564453,3.8041
6774,0.1307503879070282,0.1307503879070282,0.2180367410182953,0.2180367410182953,3.8047
6775,0.1307498663663864,0.1307498663663864,0.2180289328098297,0.2180289328098297,3.8053
6776,0.13074937462806702,0.13074937462806702,0.2180037498474121,0.2180037498474121,3.8058
6777,0.13074886798858643,0.13074886798858643,0.21801403164863586,0.21801403164863586,3.8064
6778,0.13074836134910583,0.13074836134910583,0.21798066794872284,0.21798066794872284,3.8069
6779,0.13074776530265808,0.13074776530265808,0.2179884910583496,0.2179884910583496,3.8075
6780,0.1307472288608551,0.1307472288608551,0.21796640753746033,0.21796640753746033,3.808
6781,0.13074669241905212,0.13074669241905212,0.21795766055583954,0.21795766055583954,3.8086
6782,0.13074620068073273,0.13074620068073273,0.2179536521434784,0.2179536521434784,3.8091
6783,0.13074569404125214,0.13074569404125214,0.21792957186698914,0.21792957186698914,3.8097
6784,0.13074517250061035,0.13074517250061035,0.21793504059314728,0.21793504059314728,3.8102
6785,0.13074465095996857,0.13074465095996857,0.21790897846221924,0.21790897846221924,3.8108
6786,0.13074412941932678,0.13074412941932678,0.21790941059589386,0.21790941059589386,3.8113
6787,0.1307435929775238,0.1307435929775238,0.21789345145225525,0.21789345145225525,3.8119
6788,0.1307430863380432,0.1307430863380432,0.21788135170936584,0.21788135170936584,3.8124
6789,0.13074256479740143,0.13074256479740143,0.2178775817155838,0.2178775817155838,3.813
6790,0.13074204325675964,0.13074204325675964,0.2178562581539154,0.2178562581539154,3.8135
6791,0.13074152171611786,0.13074152171611786,0.21785716712474823,0.21785716712474823,3.814
6792,0.13074101507663727,0.13074101507663727,0.2178361713886261,0.2178361713886261,3.8146
6793,0.13074049353599548,0.13074049353599548,0.21783240139484406,0.21783240139484406,3.8151
6794,0.1307399421930313,0.1307399421930313,0.21781902015209198,0.21781902015209198,3.8157
6795,0.13073945045471191,0.13073945045471191,0.21780666708946228,0.21780666708946228,3.8162
6796,0.13073894381523132,0.13073894381523132,0.21780121326446533,0.21780121326446533,3.8168
6797,0.13073840737342834,0.13073840737342834,0.21778301894664764,0.21778301894664764,3.8173
6798,0.13073793053627014,0.13073793053627014,0.21778054535388947,0.21778054535388947,3.8178
6799,0.13073740899562836,0.13073740899562836,0.21776270866394043,0.21776270866394043,3.8183
6800,0.13073688745498657,0.13073688745498657,0.21775689721107483,0.21775689721107483,3.8189
6801,0.13073626160621643,0.13073626160621643,0.21774987876415253,0.21774987876415253,3.8194
6802,0.1307356357574463,0.1307356357574463,0.21775774657726288,0.21775774657726288,3.8199
6803,0.13073495030403137,0.13073495030403137,0.21774590015411377,0.21774590015411377,3.8204
6804,0.13073432445526123,0.13073432445526123,0.21776673197746277,0.21776673197746277,3.8209
6805,0.1307336390018463,0.1307336390018463,0.21775837242603302,0.21775837242603302,3.8214
6806,0.13073301315307617,0.13073301315307617,0.21777407824993134,0.21777407824993134,3.8219
6807,0.13073237240314484,0.13073237240314484,0.21776485443115234,0.21776485443115234,3.8224
6808,0.13073177635669708,0.13073177635669708,0.21777749061584473,0.21777749061584473,3.8229
6809,0.13073112070560455,0.13073112070560455,0.21776695549488068,0.21776695549488068,3.8235
6810,0.13073047995567322,0.13073047995567322,0.21776339411735535,0.21776339411735535,3.824
6811,0.13072985410690308,0.13072985410690308,0.21776247024536133,0.21776247024536133,3.8245
6812,0.13072919845581055,0.13072919845581055,0.21775498986244202,0.21775498986244202,3.825
6813,0.1307286024093628,0.1307286024093628,0.21774868667125702,0.21774868667125702,3.8255
6814,0.13072799146175385,0.13072799146175385,0.21773643791675568,0.21773643791675568,3.826
6815,0.1307273805141449,0.1307273805141449,0.2177392542362213,0.2177392542362213,3.8265
6816,0.13072676956653595,0.13072676956653595,0.21772734820842743,0.21772734820842743,3.827
6817,0.1307261884212494,0.1307261884212494,0.2177300900220871,0.2177300900220871,3.8275
6818,0.13072554767131805,0.13072554767131805,0.21771951019763947,0.21771951019763947,3.828
6819,0.1307249814271927,0.1307249814271927,0.21772778034210205,0.21772778034210205,3.8285
6820,0.13072434067726135,0.13072434067726135,0.2177184820175171,0.2177184820175171,3.829
6821,0.1307237446308136,0.1307237446308136,0.21772916615009308,0.21772916615009308,3.8295
6822,0.13072316348552704,0.13072316348552704,0.2177269011735916,0.2177269011735916,3.83
6823,0.1307225525379181,0.1307225525379181,0.21773354709148407,0.21773354709148407,3.8306
6824,0.13072195649147034,0.13072195649147034,0.21773341298103333,0.21773341298103333,3.8311
6825,0.13072136044502258,0.13072136044502258,0.2177416831254959,0.2177416831254959,3.8316
6826,0.13072077929973602,0.13072077929973602,0.21774443984031677,0.21774443984031677,3.8321
6827,0.13072019815444946,0.13072019815444946,0.21774689853191376,0.21774689853191376,3.8326
6828,0.1307196319103241,0.1307196319103241,0.21774907410144806,0.21774907410144806,3.8331
6829,0.13071903586387634,0.13071903586387634,0.21775102615356445,0.21775102615356445,3.8336
6830,0.13071849942207336,0.13071849942207336,0.217752605676651,0.217752605676651,3.8342
6831,0.1307179182767868,0.1307179182767868,0.21774974465370178,0.21774974465370178,3.8347
6832,0.13071735203266144,0.13071735203266144,0.21775396168231964,0.21775396168231964,3.8352
6833,0.13071678578853607,0.13071678578853607,0.21774891018867493,0.21774891018867493,3.8357
6834,0.1307162344455719,0.1307162344455719,0.21775202453136444,0.21775202453136444,3.8362
6835,0.13071568310260773,0.13071568310260773,0.217747300863266,0.217747300863266,3.8367
6836,0.13071510195732117,0.13071510195732117,0.21775221824645996,0.21775221824645996,3.8372
6837,0.13071458041667938,0.13071458041667938,0.21774697303771973,0.21774697303771973,3.8377
6838,0.1307140290737152,0.1307140290737152,0.2177506685256958,0.2177506685256958,3.8382
6839,0.13071349263191223,0.13071349263191223,0.21774692833423615,0.21774692833423615,3.8388
6840,0.13071295619010925,0.13071295619010925,0.21775154769420624,0.21775154769420624,3.8393
6841,0.1307123750448227,0.1307123750448227,0.21774515509605408,0.21774515509605408,3.8399
6842,0.1307118535041809,0.1307118535041809,0.21774983406066895,0.21774983406066895,3.8404
6843,0.13071131706237793,0.13071131706237793,0.2177424430847168,0.2177424430847168,3.8409
6844,0.13071079552173615,0.13071079552173615,0.21774587035179138,0.21774587035179138,3.8414
6845,0.13071024417877197,0.13071024417877197,0.21773788332939148,0.21773788332939148,3.8419
6846,0.1307097226381302,0.1307097226381302,0.21774201095104218,0.21774201095104218,3.8424
6847,0.13070917129516602,0.13070917129516602,0.21773222088813782,0.21773222088813782,3.8429
6848,0.13070866465568542,0.13070866465568542,0.2177352011203766,0.2177352011203766,3.8434
6849,0.13070812821388245,0.13070812821388245,0.21772460639476776,0.21772460639476776,3.8439
6850,0.13070763647556305,0.13070763647556305,0.21772900223731995,0.21772900223731995,3.8445
6851,0.13070711493492126,0.13070711493492126,0.21771518886089325,0.21771518886089325,3.845
6852,0.13070659339427948,0.13070659339427948,0.21772094070911407,0.21772094070911407,3.8455
6853,0.1307060718536377,0.1307060718536377,0.21770620346069336,0.21770620346069336,3.846
6854,0.1307055652141571,0.1307055652141571,0.21771454811096191,0.21771454811096191,3.8465
6855,0.1307050734758377,0.1307050734758377,0.21769705414772034,0.21769705414772034,3.847
6856,0.13070455193519592,0.13070455193519592,0.2177092730998993,0.2177092730998993,3.8475
6857,0.1307040899991989,0.1307040899991989,0.21768803894519806,0.21768803894519806,3.848
6858,0.13070359826087952,0.13070359826087952,0.2177046239376068,0.2177046239376068,3.8487
6859,0.1307031512260437,0.1307031512260437,0.21767787635326385,0.21767787635326385,3.8493
6860,0.1307026892900467,0.1307026892900467,0.21770229935646057,0.21770229935646057,3.8499
6861,0.13070225715637207,0.13070225715637207,0.2176664173603058,0.2176664173603058,3.8504
6862,0.13070188462734222,0.13070188462734222,0.2177007645368576,0.2177007645368576,3.851
6863,0.13070151209831238,0.13070151209831238,0.21765272319316864,0.21765272319316864,3.8515
6864,0.13070127367973328,0.13070127367973328,0.21770253777503967,0.21770253777503967,3.852
6865,0.13070106506347656,0.13070106506347656,0.2176344394683838,0.2176344394683838,3.8526
6866,0.13070107996463776,0.13070107996463776,0.21770767867565155,0.21770767867565155,3.8531
6867,0.13070128858089447,0.13070128858089447,0.2176104038953781,0.2176104038953781,3.8536
6868,0.13070186972618103,0.13070186972618103,0.21771939098834991,0.21771939098834991,3.8541
6869,0.1307029277086258,0.1307029277086258,0.21756386756896973,0.21756386756896973,3.8546
6870,0.13070476055145264,0.13070476055145264,0.21774205565452576,0.21774205565452576,3.8552
6871,0.130707785487175,0.130707785487175,0.2174973487854004,0.2174973487854004,3.8557
6872,0.13071241974830627,0.13071241974830627,0.2177812159061432,0.2177812159061432,3.8562
6873,0.13071946799755096,0.13071946799755096,0.2174074351787567,0.2174074351787567,3.8567
6874,0.13072970509529114,0.13072970509529114,0.21784651279449463,0.21784651279449463,3.8572
6875,0.130744069814682,0.130744069814682,0.21729330718517303,0.21729330718517303,3.8578
6876,0.1307624727487564,0.1307624727487564,0.2179415225982666,0.2179415225982666,3.8583
6877,0.13078419864177704,0.13078419864177704,0.21717150509357452,0.21717150509357452,3.8588
6878,0.130804181098938,0.130804181098938,0.21804232895374298,0.21804232895374298,3.8593
6879,0.13081620633602142,0.13081620633602142,0.2170930802822113,0.2170930802822113,3.8598
6880,0.13081015646457672,0.13081015646457672,0.21805588901042938,0.21805588901042938,3.8603
6881,0.13078413903713226,0.13078413903713226,0.2171388566493988,0.2171388566493988,3.8609
6882,0.13074450194835663,0.13074450194835663,0.2178822010755539,0.2178822010755539,3.8614
6883,0.130708709359169,0.130708709359169,0.21737027168273926,0.21737027168273926,3.8619
6884,0.13069145381450653,0.13069145381450653,0.2176053822040558,0.2176053822040558,3.8624
6885,0.1306961178779602,0.1306961178779602,0.2176525592803955,0.2176525592803955,3.8629
6886,0.13071396946907043,0.13071396946907043,0.21731027960777283,0.21731027960777283,3.8634
6887,0.13073071837425232,0.13073071837425232,0.2178111970424652,0.2178111970424652,3.8639
6888,0.13073520362377167,0.13073520362377167,0.21720623970031738,0.21720623970031738,3.8645
6889,0.13072451949119568,0.13072451949119568,0.2177809178829193,0.2177809178829193,3.865
6890,0.13070614635944366,0.13070614635944366,0.21731452643871307,0.21731452643871307,3.8655
6891,0.13069123029708862,0.13069123029708862,0.21759676933288574,0.21759676933288574,3.866
6892,0.13068732619285583,0.13068732619285583,0.21753907203674316,0.21753907203674316,3.8665
6893,0.1306934952735901,0.1306934952735901,0.21737602353096008,0.21737602353096008,3.867
6894,0.1307026445865631,0.1307026445865631,0.21766865253448486,0.21766865253448486,3.8675
6895,0.13070710003376007,0.13070710003376007,0.21726174652576447,0.21726174652576447,3.8681
6896,0.13070371747016907,0.13070371747016907,0.2176656723022461,0.2176656723022461,3.8686
6897,0.13069510459899902,0.13069510459899902,0.21732130646705627,0.21732130646705627,3.8691
6898,0.13068702816963196,0.13068702816963196,0.21754880249500275,0.21754880249500275,3.8696
6899,0.13068388402462006,0.13068388402462006,0.21748456358909607,0.21748456358909607,3.8701
6900,0.13068602979183197,0.13068602979183197,0.21738620102405548,0.21738620102405548,3.8706
6901,0.13069027662277222,0.13069027662277222,0.2175796926021576,0.2175796926021576,3.8711
6902,0.1306927353143692,0.1306927353143692,0.21729174256324768,0.21729174256324768,3.8716
6903,0.1306913197040558,0.1306913197040558,0.21758294105529785,0.21758294105529785,3.8721
6904,0.1306871920824051,0.1306871920824051,0.21732421219348907,0.21732421219348907,3.8726
6905,0.13068290054798126,0.13068290054798126,0.2174995392560959,0.2174995392560959,3.8732
6906,0.13068072497844696,0.13068072497844696,0.21743330359458923,0.21743330359458923,3.8737
6907,0.13068118691444397,0.13068118691444397,0.21737952530384064,0.21737952530384064,3.8742
6908,0.13068297505378723,0.13068297505378723,0.21749845147132874,0.21749845147132874,3.8747
6909,0.13068413734436035,0.13068413734436035,0.21729794144630432,0.21729794144630432,3.8752
6910,0.13068366050720215,0.13068366050720215,0.21750375628471375,0.21750375628471375,3.8757
6911,0.13068166375160217,0.13068166375160217,0.21730609238147736,0.21730609238147736,3.8762
6912,0.13067927956581116,0.13067927956581116,0.21744827926158905,0.21744827926158905,3.8767
6913,0.1306777000427246,0.1306777000427246,0.21737399697303772,0.21737399697303772,3.8772
6914,0.13067737221717834,0.13067737221717834,0.21736104786396027,0.21736104786396027,3.8777
6915,0.13067781925201416,0.13067781925201416,0.2174292504787445,0.2174292504787445,3.8783
6916,0.13067832589149475,0.13067832589149475,0.21729321777820587,0.21729321777820587,3.8788
6917,0.13067816197872162,0.13067816197872162,0.21743778884410858,0.21743778884410858,3.8793
6918,0.13067728281021118,0.13067728281021118,0.2172849178314209,0.2172849178314209,3.8798
6919,0.13067595660686493,0.13067595660686493,0.2174035608768463,0.2174035608768463,3.8803
6920,0.13067474961280823,0.13067474961280823,0.21732091903686523,0.21732091903686523,3.8808
6921,0.1306740790605545,0.1306740790605545,0.21734042465686798,0.21734042465686798,3.8813
6922,0.13067388534545898,0.13067388534545898,0.2173643559217453,0.2173643559217453,3.8819
6923,0.13067391514778137,0.13067391514778137,0.2172808200120926,0.2172808200120926,3.8824
6924,0.13067379593849182,0.13067379593849182,0.21737456321716309,0.21737456321716309,3.8829
6925,0.1306733787059784,0.1306733787059784,0.21725764870643616,0.21725764870643616,3.8834
6926,0.1306726634502411,0.1306726634502411,0.21735596656799316,0.21735596656799316,3.8839
6927,0.13067182898521423,0.13067182898521423,0.21726855635643005,0.21726855635643005,3.8844
6928,0.13067106902599335,0.13067106902599335,0.21731173992156982,0.21731173992156982,3.8849
6929,0.13067057728767395,0.13067057728767395,0.21729345619678497,0.21729345619678497,3.8855
6930,0.13067027926445007,0.13067027926445007,0.21726255118846893,0.21726255118846893,3.886
6931,0.13067005574703217,0.13067005574703217,0.21730971336364746,0.21730971336364746,3.8865
6932,0.1306697428226471,0.1306697428226471,0.21723131835460663,0.21723131835460663,3.887
6933,0.13066932559013367,0.13066932559013367,0.21730375289916992,0.21730375289916992,3.8875
6934,0.1306687742471695,0.1306687742471695,0.2172234058380127,0.2172234058380127,3.888
6935,0.13066819310188293,0.13066819310188293,0.2172759473323822,0.2172759473323822,3.8885
6936,0.13066759705543518,0.13066759705543518,0.21723099052906036,0.21723099052906036,3.889
6937,0.13066715002059937,0.13066715002059937,0.21723799407482147,0.21723799407482147,3.8895
6938,0.13066671788692474,0.13066671788692474,0.21724097430706024,0.21724097430706024,3.89
6939,0.13066639006137848,0.13066639006137848,0.21720442175865173,0.21720442175865173,3.8906
6940,0.13066606223583221,0.13066606223583221,0.217242032289505,0.217242032289505,3.8911
6941,0.1306656301021576,0.1306656301021576,0.21718397736549377,0.21718397736549377,3.8916
6942,0.13066518306732178,0.13066518306732178,0.2172287404537201,0.2172287404537201,3.8921
6943,0.13066469132900238,0.13066469132900238,0.21717676520347595,0.21717676520347595,3.8926
6944,0.13066419959068298,0.13066419959068298,0.2172040492296219,0.2172040492296219,3.8931
6945,0.13066372275352478,0.13066372275352478,0.2171771228313446,0.2171771228313446,3.8936
6946,0.13066330552101135,0.13066330552101135,0.21717552840709686,0.21717552840709686,3.8941
6947,0.13066288828849792,0.13066288828849792,0.21717782318592072,0.21717782318592072,3.8946
6948,0.13066250085830688,0.13066250085830688,0.21715059876441956,0.21715059876441956,3.8951
6949,0.13066211342811584,0.13066211342811584,0.21717283129692078,0.21717283129692078,3.8956
6950,0.13066169619560242,0.13066169619560242,0.21713311970233917,0.21713311970233917,3.8961
6951,0.130661278963089,0.130661278963089,0.21715983748435974,0.21715983748435974,3.8967
6952,0.13066081702709198,0.13066081702709198,0.21712283790111542,0.21712283790111542,3.8972
6953,0.13066038489341736,0.13066038489341736,0.2171403467655182,0.2171403467655182,3.8977
6954,0.13065990805625916,0.13065990805625916,0.2171173095703125,0.2171173095703125,3.8982
6955,0.13065949082374573,0.13065949082374573,0.2171183079481125,0.2171183079481125,3.8987
6956,0.1306591033935547,0.1306591033935547,0.21711266040802002,0.21711266040802002,3.8993
6957,0.13065867125988007,0.13065867125988007,0.21709731221199036,0.21709731221199036,3.8998
6958,0.13065826892852783,0.13065826892852783,0.21710547804832458,0.21710547804832458,3.9004
6959,0.1306578814983368,0.1306578814983368,0.2170797884464264,0.2170797884464264,3.9009
6960,0.13065744936466217,0.13065744936466217,0.21709413826465607,0.21709413826465607,3.9016
6961,0.13065701723098755,0.13065701723098755,0.2170664370059967,0.2170664370059967,3.9023
6962,0.13065659999847412,0.13065659999847412,0.2170790731906891,0.2170790731906891,3.9029
6963,0.1306561827659607,0.1306561827659607,0.21705660223960876,0.21705660223960876,3.9035
6964,0.13065575063228607,0.13065575063228607,0.2170616090297699,0.2170616090297699,3.904
6965,0.13065536320209503,0.13065536320209503,0.21704831719398499,0.21704831719398499,3.9047
6966,0.13065490126609802,0.13065490126609802,0.21704359352588654,0.21704359352588654,3.9053
6967,0.1306544989347458,0.1306544989347458,0.21703965961933136,0.21703965961933136,3.9059
6968,0.13065408170223236,0.13065408170223236,0.2170264720916748,0.2170264720916748,3.9064
6969,0.13065369427204132,0.13065369427204132,0.21702952682971954,0.21702952682971954,3.9071
6970,0.1306532770395279,0.1306532770395279,0.21701130270957947,0.21701130270957947,3.9077
6971,0.13065287470817566,0.13065287470817566,0.21701736748218536,0.21701736748218536,3.9083
6972,0.13065244257450104,0.13065244257450104,0.2169981300830841,0.2169981300830841,3.9089
6973,0.1306520700454712,0.1306520700454712,0.21700361371040344,0.21700361371040344,3.9094
6974,0.13065163791179657,0.13065163791179657,0.2169865071773529,0.2169865071773529,3.91
6975,0.13065120577812195,0.13065120577812195,0.21698856353759766,0.21698856353759766,3.9105
6976,0.13065078854560852,0.13065078854560852,0.21697573363780975,0.21697573363780975,3.9111
6977,0.1306503713130951,0.1306503713130951,0.216973215341568,0.216973215341568,3.9116
6978,0.13064995408058167,0.13064995408058167,0.21696507930755615,0.21696507930755615,3.9121
6979,0.13064955174922943,0.13064955174922943,0.21695809066295624,0.21695809066295624,3.9127
6980,0.13064917922019958,0.13064917922019958,0.21695418655872345,0.21695418655872345,3.9132
6981,0.13064876198768616,0.13064876198768616,0.21694350242614746,0.21694350242614746,3.9137
6982,0.13064837455749512,0.13064837455749512,0.21694239974021912,0.21694239974021912,3.9142
6983,0.1306479573249817,0.1306479573249817,0.21692967414855957,0.21692967414855957,3.9148
6984,0.13064755499362946,0.13064755499362946,0.2169300615787506,0.2169300615787506,3.9153
6985,0.13064715266227722,0.13064715266227722,0.21691659092903137,0.21691659092903137,3.9158
6986,0.1306467205286026,0.1306467205286026,0.21691708266735077,0.21691708266735077,3.9164
6987,0.13064631819725037,0.13064631819725037,0.21690411865711212,0.21690411865711212,3.9169
6988,0.13064594566822052,0.13064594566822052,0.2169036865234375,0.2169036865234375,3.9174
6989,0.1306454986333847,0.1306454986333847,0.2168920785188675,0.2168920785188675,3.918
6990,0.13064512610435486,0.13064512610435486,0.21689000725746155,0.21689000725746155,3.9186
6991,0.13064470887184143,0.13064470887184143,0.21688008308410645,0.21688008308410645,3.9191
6992,0.130644291639328,0.130644291639328,0.21687641739845276,0.21687641739845276,3.9196
6993,0.13064390420913696,0.13064390420913696,0.21686820685863495,0.21686820685863495,3.9202
6994,0.13064348697662354,0.13064348697662354,0.21686287224292755,0.21686287224292755,3.9209
6995,0.1306430846452713,0.1306430846452713,0.21685628592967987,0.21685628592967987,3.9214
6996,0.13064268231391907,0.13064268231391907,0.2168494462966919,0.2168494462966919,3.922
6997,0.13064227998256683,0.13064227998256683,0.21684429049491882,0.21684429049491882,3.9225
6998,0.130641907453537,0.130641907453537,0.21683621406555176,0.21683621406555176,3.923
6999,0.13064147531986237,0.13064147531986237,0.21683216094970703,0.21683216094970703,3.9236
7000,0.13064107298851013,0.13064107298851013,0.21682310104370117,0.21682310104370117,3.9258
7001,0.13064070045948029,0.13064070045948029,0.21681997179985046,0.21681997179985046,3.9265
7002,0.13064028322696686,0.13064028322696686,0.2168101966381073,0.2168101966381073,3.927
7003,0.13063989579677582,0.13063989579677582,0.21680764853954315,0.21680764853954315,3.9276
7004,0.1306394785642624,0.1306394785642624,0.21679750084877014,0.21679750084877014,3.9281
7005,0.13063910603523254,0.13063910603523254,0.21679523587226868,0.21679523587226868,3.9287
7006,0.1306387335062027,0.1306387335062027,0.21678492426872253,0.21678492426872253,3.9292
7007,0.13063831627368927,0.13063831627368927,0.2167828530073166,0.2167828530073166,3.9299
7008,0.13063791394233704,0.13063791394233704,0.2167724072933197,0.2167724072933197,3.9304
7009,0.1306375116109848,0.1306375116109848,0.21677041053771973,0.21677041053771973,3.9311
7010,0.13063710927963257,0.13063710927963257,0.21675992012023926,0.21675992012023926,3.9317
7011,0.13063672184944153,0.13063672184944153,0.2167581021785736,0.2167581021785736,3.9323
7012,0.1306363344192505,0.1306363344192505,0.21674737334251404,0.21674737334251404,3.9329
7013,0.13063594698905945,0.13063594698905945,0.21674585342407227,0.21674585342407227,3.9334
7014,0.13063552975654602,0.13063552975654602,0.21673479676246643,0.21673479676246643,3.934
7015,0.13063514232635498,0.13063514232635498,0.21673381328582764,0.21673381328582764,3.9346
7016,0.13063475489616394,0.13063475489616394,0.21672220528125763,0.21672220528125763,3.9352
7017,0.1306343525648117,0.1306343525648117,0.21672184765338898,0.21672184765338898,3.9358
7018,0.13063398003578186,0.13063398003578186,0.21670937538146973,0.21670937538146973,3.9366
7019,0.13063356280326843,0.13063356280326843,0.216710165143013,0.216710165143013,3.9373
7020,0.1306331902742386,0.1306331902742386,0.2166963517665863,0.2166963517665863,3.9378
7021,0.13063280284404755,0.13063280284404755,0.21669891476631165,0.21669891476631165,3.9384
7022,0.1306324154138565,0.1306324154138565,0.21668300032615662,0.21668300032615662,3.939
7023,0.13063201308250427,0.13063201308250427,0.21668808162212372,0.21668808162212372,3.9401
7024,0.13063164055347443,0.13063164055347443,0.2166692316532135,0.2166692316532135,3.9408
7025,0.1306312531232834,0.1306312531232834,0.21667787432670593,0.21667787432670593,3.9414
7026,0.13063086569309235,0.13063086569309235,0.21665477752685547,0.21665477752685547,3.942
7027,0.1306304782629013,0.1306304782629013,0.21666860580444336,0.21666860580444336,3.9425
7028,0.13063012063503265,0.13063012063503265,0.2166391909122467,0.2166391909122467,3.9431
7029,0.13062971830368042,0.13062971830368042,0.21666081249713898,0.21666081249713898,3.9437
7030,0.13062937557697296,0.13062937557697296,0.21662190556526184,0.21662190556526184,3.9442
7031,0.1306290626525879,0.1306290626525879,0.2166551798582077,0.2166551798582077,3.9448
7032,0.13062871992588043,0.13062871992588043,0.2166021168231964,0.2166021168231964,3.9453
7033,0.13062842190265656,0.13062842190265656,0.2166529893875122,0.2166529893875122,3.9459
7034,0.13062818348407745,0.13062818348407745,0.21657828986644745,0.21657828986644745,3.9464
7035,0.13062800467014313,0.13062800467014313,0.21665623784065247,0.21665623784065247,3.947
7036,0.13062795996665955,0.13062795996665955,0.21654824912548065,0.21654824912548065,3.9475
7037,0.13062803447246552,0.13062803447246552,0.2166680097579956,0.2166680097579956,3.9481
7038,0.13062843680381775,0.13062843680381775,0.21650823950767517,0.21650823950767517,3.9486
7039,0.13062924146652222,0.13062924146652222,0.21669407188892365,0.21669407188892365,3.9492
7040,0.13063068687915802,0.13063068687915802,0.21645283699035645,0.21645283699035645,3.9497
7041,0.13063320517539978,0.13063320517539978,0.2167431116104126,0.2167431116104126,3.9503
7042,0.13063731789588928,0.13063731789588928,0.2163744419813156,0.2163744419813156,3.9508
7043,0.13064388930797577,0.13064388930797577,0.21680346131324768,0.21680346131324768,3.9513
7044,0.13065414130687714,0.13065414130687714,0.21626491844654083,0.21626491844654083,3.9519
7045,0.13066941499710083,0.13066941499710083,0.21689900755882263,0.21689900755882263,3.9524
7046,0.1306912899017334,0.1306912899017334,0.21612374484539032,0.21612374484539032,3.953
7047,0.13071927428245544,0.13071927428245544,0.2170408070087433,0.2170408070087433,3.9535
7048,0.13075080513954163,0.13075080513954163,0.21597938239574432,0.21597938239574432,3.9541
7049,0.13077525794506073,0.13077525794506073,0.21717572212219238,0.21717572212219238,3.9546
7050,0.1307801455259323,0.1307801455259323,0.2159126102924347,0.2159126102924347,3.9552
7051,0.13075241446495056,0.13075241446495056,0.21712863445281982,0.21712863445281982,3.9557
7052,0.13070029020309448,0.13070029020309448,0.21604450047016144,0.21604450047016144,3.9563
7053,0.13064758479595184,0.13064758479595184,0.21680578589439392,0.21680578589439392,3.9568
7054,0.1306217610836029,0.1306217610836029,0.2164306640625,0.2164306640625,3.9574
7055,0.13062992691993713,0.13062992691993713,0.21631722152233124,0.21631722152233124,3.958
7056,0.13065701723098755,0.13065701723098755,0.21680715680122375,0.21680715680122375,3.9585
7057,0.1306791454553604,0.1306791454553604,0.21606235206127167,0.21606235206127167,3.9591
7058,0.13067889213562012,0.13067889213562012,0.2168961465358734,0.2168961465358734,3.9596
7059,0.13065753877162933,0.13065753877162933,0.21611690521240234,0.21611690521240234,3.9602
7060,0.1306312531232834,0.1306312531232834,0.2166753113269806,0.2166753113269806,3.9607
7061,0.13061848282814026,0.13061848282814026,0.2164178341627121,0.2164178341627121,3.9613
7062,0.13062416017055511,0.13062416017055511,0.21629437804222107,0.21629437804222107,3.962
7063,0.13063852488994598,0.13063852488994598,0.21670469641685486,0.21670469641685486,3.9626
7064,0.130647212266922,0.130647212266922,0.21612271666526794,0.21612271666526794,3.9632
7065,0.13064253330230713,0.13064253330230713,0.2167312353849411,0.2167312353849411,3.9637
7066,0.13062918186187744,0.13062918186187744,0.21621230244636536,0.21621230244636536,3.9643
7067,0.13061784207820892,0.13061784207820892,0.21650119125843048,0.21650119125843048,3.9648
7068,0.1306159943342209,0.1306159943342209,0.21645787358283997,0.21645787358283997,3.9654
7069,0.13062217831611633,0.13062217831611633,0.21624627709388733,0.21624627709388733,3.9659
7070,0.1306287795305252,0.1306287795305252,0.21663454174995422,0.21663454174995422,3.9664
7071,0.13062939047813416,0.13062939047813416,0.21617312729358673,0.21617312729358673,3.967
7072,0.13062354922294617,0.13062354922294617,0.2165837287902832,0.2165837287902832,3.9675
7073,0.13061627745628357,0.13061627745628357,0.21628665924072266,0.21628665924072266,3.9681
7074,0.13061293959617615,0.13061293959617615,0.21638429164886475,0.21638429164886475,3.9686
7075,0.13061471283435822,0.13061471283435822,0.2164655178785324,0.2164655178785324,3.9692
7076,0.13061848282814026,0.13061848282814026,0.21622562408447266,0.21622562408447266,3.9698
7077,0.1306201070547104,0.1306201070547104,0.21654167771339417,0.21654167771339417,3.9717
7078,0.13061808049678802,0.13061808049678802,0.21621064841747284,0.21621064841747284,3.9723
7079,0.13061405718326569,0.13061405718326569,0.21645566821098328,0.21645566821098328,3.9728
7080,0.13061103224754333,0.13061103224754333,0.21631364524364471,0.21631364524364471,3.9733
7081,0.13061076402664185,0.13061076402664185,0.21630533039569855,0.21630533039569855,3.9747
7082,0.1306123435497284,0.1306123435497284,0.21642795205116272,0.21642795205116272,3.9752
7083,0.13061374425888062,0.13061374425888062,0.21621441841125488,0.21621441841125488,3.9758
7084,0.13061335682868958,0.13061335682868958,0.2164490669965744,0.2164490669965744,3.9763
7085,0.13061144948005676,0.13061144948005676,0.21622967720031738,0.21622967720031738,3.9768
7086,0.13060934841632843,0.13060934841632843,0.21636800467967987,0.21636800467967987,3.9773
7087,0.13060826063156128,0.13060826063156128,0.2163124531507492,0.2163124531507492,3.9779
7088,0.1306084841489792,0.1306084841489792,0.2162647247314453,0.2162647247314453,3.9784
7089,0.1306091547012329,0.1306091547012329,0.21638064086437225,0.21638064086437225,3.979
7090,0.13060936331748962,0.13060936331748962,0.21621295809745789,0.21621295809745789,3.9795
7091,0.13060864806175232,0.13060864806175232,0.21637558937072754,0.21637558937072754,3.9801
7092,0.13060741126537323,0.13060741126537323,0.21623194217681885,0.21623194217681885,3.9807
7093,0.13060633838176727,0.13060633838176727,0.2163081169128418,0.2163081169128418,3.9812
7094,0.13060584664344788,0.13060584664344788,0.21628768742084503,0.21628768742084503,3.9818
7095,0.13060584664344788,0.13060584664344788,0.21623578667640686,0.21623578667640686,3.9823
7096,0.13060595095157623,0.13060595095157623,0.2163255512714386,0.2163255512714386,3.9828
7097,0.1306057572364807,0.1306057572364807,0.21620336174964905,0.21620336174964905,3.9833
7098,0.13060519099235535,0.13060519099235535,0.21631403267383575,0.21631403267383575,3.9839
7099,0.13060444593429565,0.13060444593429565,0.21621759235858917,0.21621759235858917,3.9845
7100,0.13060376048088074,0.13060376048088074,0.2162645310163498,0.2162645310163498,3.985
7101,0.1306033581495285,0.1306033581495285,0.21625325083732605,0.21625325083732605,3.9856
7102,0.13060316443443298,0.13060316443443298,0.2162136733531952,0.2162136733531952,3.9861
7103,0.13060303032398224,0.13060303032398224,0.2162749320268631,0.2162749320268631,3.9866
7104,0.13060276210308075,0.13060276210308075,0.2161889523267746,0.2161889523267746,3.9872
7105,0.13060234487056732,0.13060234487056732,0.2162642925977707,0.2162642925977707,3.9877
7106,0.13060177862644196,0.13060177862644196,0.21619391441345215,0.21619391441345215,3.9882
7107,0.13060127198696136,0.13060127198696136,0.21622848510742188,0.21622848510742188,3.9888
7108,0.13060089945793152,0.13060089945793152,0.21621322631835938,0.21621322631835938,3.9893
7109,0.13060055673122406,0.13060055673122406,0.21618983149528503,0.21618983149528503,3.9898
7110,0.13060033321380615,0.13060033321380615,0.21622507274150848,0.21622507274150848,3.9903
7111,0.13060005009174347,0.13060005009174347,0.2161668986082077,0.2161668986082077,3.9908
7112,0.13059969246387482,0.13059969246387482,0.21621763706207275,0.21621763706207275,3.9914
7113,0.1305992752313614,0.1305992752313614,0.2161635458469391,0.2161635458469391,3.9919
7114,0.13059885799884796,0.13059885799884796,0.2161930799484253,0.2161930799484253,3.9924
7115,0.13059845566749573,0.13059845566749573,0.21617157757282257,0.21617157757282257,3.9929
7116,0.13059808313846588,0.13059808313846588,0.21616387367248535,0.21616387367248535,3.9934
7117,0.130597785115242,0.130597785115242,0.21617813408374786,0.21617813408374786,3.9939
7118,0.13059747219085693,0.13059747219085693,0.21614213287830353,0.21614213287830353,3.9944
7119,0.13059714436531067,0.13059714436531067,0.21617412567138672,0.21617412567138672,3.9949
7120,0.1305968016386032,0.1305968016386032,0.21613244712352753,0.21613244712352753,3.9954
7121,0.13059639930725098,0.13059639930725098,0.21615853905677795,0.21615853905677795,3.9959
7122,0.13059601187705994,0.13059601187705994,0.2161320149898529,0.2161320149898529,3.9964
7123,0.13059565424919128,0.13059565424919128,0.21613672375679016,0.21613672375679016,3.9969
7124,0.13059528172016144,0.13059528172016144,0.21613392233848572,0.21613392233848572,3.9975
7125,0.13059499859809875,0.13059499859809875,0.21611645817756653,0.21611645817756653,3.998
7126,0.1305946409702301,0.1305946409702301,0.2161315679550171,0.2161315679550171,3.9985
7127,0.13059431314468384,0.13059431314468384,0.21610240638256073,0.21610240638256073,3.999
7128,0.13059397041797638,0.13059397041797638,0.216122105717659,0.216122105717659,3.9995
7129,0.13059362769126892,0.13059362769126892,0.21609525382518768,0.21609525382518768,4.0
7130,0.13059324026107788,0.13059324026107788,0.21610669791698456,0.21610669791698456,4.0005
7131,0.13059289753437042,0.13059289753437042,0.2160923033952713,0.2160923033952713,4.001
7132,0.13059253990650177,0.13059253990650177,0.2160893678665161,0.2160893678665161,4.0015
7133,0.1305921971797943,0.1305921971797943,0.21608957648277283,0.21608957648277283,4.002
7134,0.13059189915657043,0.13059189915657043,0.21607394516468048,0.21607394516468048,4.0025
7135,0.1305915266275406,0.1305915266275406,0.2160838395357132,0.2160838395357132,4.003
7136,0.13059118390083313,0.13059118390083313,0.21606233716011047,0.21606233716011047,4.0036
7137,0.13059085607528687,0.13059085607528687,0.21607378125190735,0.21607378125190735,4.0041
7138,0.13059048354625702,0.13059048354625702,0.21605487167835236,0.21605487167835236,4.0046
7139,0.13059017062187195,0.13059017062187195,0.2160603106021881,0.2160603106021881,4.0051
7140,0.1305897980928421,0.1305897980928421,0.21604971587657928,0.21604971587657928,4.0056
7141,0.13058947026729584,0.13058947026729584,0.2160457819700241,0.2160457819700241,4.0061
7142,0.13058912754058838,0.13058912754058838,0.216044619679451,0.216044619679451,4.0066
7143,0.1305888146162033,0.1305888146162033,0.21603231132030487,0.21603231132030487,4.0071
7144,0.13058844208717346,0.13058844208717346,0.2160375565290451,0.2160375565290451,4.0076
7145,0.1305881291627884,0.1305881291627884,0.2160213440656662,0.2160213440656662,4.0082
7146,0.13058778643608093,0.13058778643608093,0.21602801978588104,0.21602801978588104,4.0087
7147,0.13058742880821228,0.13058742880821228,0.21601291000843048,0.21601291000843048,4.0092
7148,0.13058710098266602,0.13058710098266602,0.21601645648479462,0.21601645648479462,4.0097
7149,0.13058675825595856,0.13058675825595856,0.2160060852766037,0.2160060852766037,4.0102
7150,0.1305864006280899,0.1305864006280899,0.21600385010242462,0.21600385010242462,4.0107
7151,0.13058608770370483,0.13058608770370483,0.21599945425987244,0.21599945425987244,4.0113
7152,0.13058574497699738,0.13058574497699738,0.21599173545837402,0.21599173545837402,4.0118
7153,0.13058540225028992,0.13058540225028992,0.21599197387695312,0.21599197387695312,4.0124
7154,0.13058504462242126,0.13058504462242126,0.2159808874130249,0.2159808874130249,4.0129
7155,0.1305847018957138,0.1305847018957138,0.21598318219184875,0.21598318219184875,4.0135
7156,0.13058437407016754,0.13058437407016754,0.21597138047218323,0.21597138047218323,4.014
7157,0.13058404624462128,0.13058404624462128,0.21597328782081604,0.21597328782081604,4.0146
7158,0.13058370351791382,0.13058370351791382,0.21596303582191467,0.21596303582191467,4.0151
7159,0.13058337569236755,0.13058337569236755,0.21596243977546692,0.21596243977546692,4.0157
7160,0.1305830329656601,0.1305830329656601,0.21595513820648193,0.21595513820648193,4.0162
7161,0.13058269023895264,0.13058269023895264,0.21595147252082825,0.21595147252082825,4.0168
7162,0.13058236241340637,0.13058236241340637,0.21594731509685516,0.21594731509685516,4.0174
7163,0.1305820345878601,0.1305820345878601,0.21594087779521942,0.21594087779521942,4.0179
7164,0.13058169186115265,0.13058169186115265,0.2159389704465866,0.2159389704465866,4.0185
7165,0.1305813491344452,0.1305813491344452,0.21593089401721954,0.21593089401721954,4.019
7166,0.13058100640773773,0.13058100640773773,0.21593007445335388,0.21593007445335388,4.0196
7167,0.13058067858219147,0.13058067858219147,0.21592137217521667,0.21592137217521667,4.0201
7168,0.130580335855484,0.130580335855484,0.21592064201831818,0.21592064201831818,4.0207
7169,0.13058002293109894,0.13058002293109894,0.21591249108314514,0.21591249108314514,4.0212
7170,0.13057966530323029,0.13057966530323029,0.21591098606586456,0.21591098606586456,4.0217
7171,0.13057933747768402,0.13057933747768402,0.2159038484096527,0.2159038484096527,4.0223
7172,0.13057902455329895,0.13057902455329895,0.215901181101799,0.215901181101799,4.0228
7173,0.1305786520242691,0.1305786520242691,0.21589522063732147,0.21589522063732147,4.0233
7174,0.13057832419872284,0.13057832419872284,0.21589136123657227,0.21589136123657227,4.0239
7175,0.13057801127433777,0.13057801127433777,0.21588683128356934,0.21588683128356934,4.0244
7176,0.13057765364646912,0.13057765364646912,0.21588154137134552,0.21588154137134552,4.0249
7177,0.13057732582092285,0.13057732582092285,0.2158781737089157,0.2158781737089157,4.0254
7178,0.1305769979953766,0.1305769979953766,0.21587209403514862,0.21587209403514862,4.026
7179,0.13057667016983032,0.13057667016983032,0.2158694565296173,0.2158694565296173,4.0265
7180,0.13057632744312286,0.13057632744312286,0.21586266160011292,0.21586266160011292,4.027
7181,0.1305759847164154,0.1305759847164154,0.21586060523986816,0.21586060523986816,4.0275
7182,0.13057565689086914,0.13057565689086914,0.2158534973859787,0.2158534973859787,4.028
7183,0.13057532906532288,0.13057532906532288,0.21585173904895782,0.21585173904895782,4.0285
7184,0.130575031042099,0.130575031042099,0.21584439277648926,0.21584439277648926,4.029
7185,0.13057467341423035,0.13057467341423035,0.2158428132534027,0.2158428132534027,4.0295
7186,0.13057434558868408,0.13057434558868408,0.21583545207977295,0.21583545207977295,4.0301
7187,0.13057401776313782,0.13057401776313782,0.21583369374275208,0.21583369374275208,4.0306
7188,0.13057368993759155,0.13057368993759155,0.21582666039466858,0.21582666039466858,4.0311
7189,0.1305733621120453,0.1305733621120453,0.21582460403442383,0.21582460403442383,4.0316
7190,0.13057300448417664,0.13057300448417664,0.2158178985118866,0.2158178985118866,4.0322
7191,0.13057267665863037,0.13057267665863037,0.2158154994249344,0.2158154994249344,4.0327
7192,0.1305723786354065,0.1305723786354065,0.2158091515302658,0.2158091515302658,4.0332
7193,0.13057202100753784,0.13057202100753784,0.21580643951892853,0.21580643951892853,4.0337
7194,0.13057169318199158,0.13057169318199158,0.2158004343509674,0.2158004343509674,4.0342
7195,0.1305713653564453,0.1305713653564453,0.21579742431640625,0.21579742431640625,4.0348
7196,0.13057103753089905,0.13057103753089905,0.21579177677631378,0.21579177677631378,4.0353
7197,0.13057073950767517,0.13057073950767517,0.21578843891620636,0.21578843891620636,4.0359
7198,0.13057036697864532,0.13057036697864532,0.21578307449817657,0.21578307449817657,4.0364
7199,0.13057005405426025,0.13057005405426025,0.21577951312065125,0.21577951312065125,4.0369
7200,0.130569726228714,0.130569726228714,0.21577444672584534,0.21577444672584534,4.0375
7201,0.1305694282054901,0.1305694282054901,0.21577081084251404,0.21577081084251404,4.038
7202,0.13056907057762146,0.13056907057762146,0.21576564013957977,0.21576564013957977,4.0385
7203,0.1305687129497528,0.1305687129497528,0.21576206386089325,0.21576206386089325,4.0391
7204,0.13056842982769012,0.13056842982769012,0.21575681865215302,0.21575681865215302,4.0396
7205,0.13056807219982147,0.13056807219982147,0.2157534807920456,0.2157534807920456,4.0401
7206,0.1305677741765976,0.1305677741765976,0.21574807167053223,0.21574807167053223,4.0407
7207,0.13056744635105133,0.13056744635105133,0.21574489772319794,0.21574489772319794,4.0412
7208,0.13056710362434387,0.13056710362434387,0.21573922038078308,0.21573922038078308,4.0417
7209,0.1305667906999588,0.1305667906999588,0.21573646366596222,0.21573646366596222,4.0422
7210,0.13056643307209015,0.13056643307209015,0.2157304286956787,0.2157304286956787,4.0428
7211,0.13056610524654388,0.13056610524654388,0.21572792530059814,0.21572792530059814,4.0433
7212,0.1305657923221588,0.1305657923221588,0.21572165191173553,0.21572165191173553,4.0438
7213,0.13056549429893494,0.13056549429893494,0.21571961045265198,0.21571961045265198,4.0443
7214,0.13056513667106628,0.13056513667106628,0.21571281552314758,0.21571281552314758,4.0449
7215,0.1305648386478424,0.1305648386478424,0.21571142971515656,0.21571142971515656,4.0454
7216,0.13056452572345734,0.13056452572345734,0.21570387482643127,0.21570387482643127,4.0459
7217,0.13056418299674988,0.13056418299674988,0.21570344269275665,0.21570344269275665,4.0464
7218,0.1305638700723648,0.1305638700723648,0.21569471061229706,0.21569471061229706,4.0469
7219,0.13056352734565735,0.13056352734565735,0.21569576859474182,0.21569576859474182,4.0474
7220,0.13056319952011108,0.13056319952011108,0.2156851589679718,0.2156851589679718,4.0479
7221,0.13056287169456482,0.13056287169456482,0.21568861603736877,0.21568861603736877,4.0484
7222,0.13056257367134094,0.13056257367134094,0.21567511558532715,0.21567511558532715,4.0489
7223,0.13056224584579468,0.13056224584579468,0.2156822234392166,0.2156822234392166,4.0494
7224,0.1305619180202484,0.1305619180202484,0.2156640738248825,0.2156640738248825,4.0499
7225,0.13056163489818573,0.13056163489818573,0.21567702293395996,0.21567702293395996,4.0505
7226,0.13056130707263947,0.13056130707263947,0.2156517505645752,0.2156517505645752,4.051
7227,0.1305610090494156,0.1305610090494156,0.21567372977733612,0.21567372977733612,4.0515
7228,0.1305607408285141,0.1305607408285141,0.21563704311847687,0.21563704311847687,4.052
7229,0.13056045770645142,0.13056045770645142,0.21567364037036896,0.21567364037036896,4.0525
7230,0.1305602490901947,0.1305602490901947,0.21561841666698456,0.21561841666698456,4.053
7231,0.13056012988090515,0.13056012988090515,0.21567873656749725,0.21567873656749725,4.0535
7232,0.13056007027626038,0.13056007027626038,0.21559353172779083,0.21559353172779083,4.054
7233,0.13056018948554993,0.13056018948554993,0.21569284796714783,0.21569284796714783,4.0545
7234,0.13056063652038574,0.13056063652038574,0.21555785834789276,0.21555785834789276,4.055
7235,0.13056156039237976,0.13056156039237976,0.2157227098941803,0.2157227098941803,4.0555
7236,0.13056330382823944,0.13056330382823944,0.21550491452217102,0.21550491452217102,4.056
7237,0.13056637346744537,0.13056637346744537,0.21577978134155273,0.21577978134155273,4.0565
7238,0.13057172298431396,0.13057172298431396,0.21542415022850037,0.21542415022850037,4.0571
7239,0.13058069348335266,0.13058069348335266,0.21588507294654846,0.21588507294654846,4.0576
7240,0.13059532642364502,0.13059532642364502,0.21530385315418243,0.21530385315418243,4.0581
7241,0.13061794638633728,0.13061794638633728,0.21606382727622986,0.21606382727622986,4.0586
7242,0.13065072894096375,0.13065072894096375,0.21514134109020233,0.21514134109020233,4.0591
7243,0.1306917816400528,0.1306917816400528,0.21625781059265137,0.21625781059265137,4.0596
7244,0.13073313236236572,0.13073313236236572,0.21497376263141632,0.21497376263141632,4.0601
7245,0.13075432181358337,0.13075432181358337,0.21643288433551788,0.21643288433551788,4.0606
7246,0.13073766231536865,0.13073766231536865,0.21491527557373047,0.21491527557373047,4.0611
7247,0.1306793987751007,0.1306793987751007,0.21632423996925354,0.21632423996925354,4.0616
7248,0.13061121106147766,0.13061121106147766,0.21514859795570374,0.21514859795570374,4.0621
7249,0.1305708885192871,0.1305708885192871,0.21575729548931122,0.21575729548931122,4.0626
7250,0.1305733472108841,0.1305733472108841,0.21567602455615997,0.21567602455615997,4.0631
7251,0.13060016930103302,0.13060016930103302,0.21524539589881897,0.21524539589881897,4.0636
7252,0.13062144815921783,0.13062144815921783,0.21607689559459686,0.21607689559459686,4.0641
7253,0.1306203007698059,0.1306203007698059,0.21508362889289856,0.21508362889289856,4.0647
7254,0.13060012459754944,0.13060012459754944,0.21599531173706055,0.21599531173706055,4.0652
7255,0.13057801127433777,0.13057801127433777,0.21530337631702423,0.21530337631702423,4.0657
7256,0.13056665658950806,0.13056665658950806,0.2155751734972,0.2155751734972,4.0664
7257,0.13056793808937073,0.13056793808937073,0.21568885445594788,0.21568885445594788,4.067
7258,0.13057556748390198,0.13057556748390198,0.21524092555046082,0.21524092555046082,4.0675
7259,0.13058166205883026,0.13058166205883026,0.21587947010993958,0.21587947010993958,4.0681
7260,0.13058048486709595,0.13058048486709595,0.2152262181043625,0.2152262181043625,4.0686
7261,0.13057097792625427,0.13057097792625427,0.21572883427143097,0.21572883427143097,4.0691
7262,0.13055920600891113,0.13055920600891113,0.2154495269060135,0.2154495269060135,4.0697
7263,0.1305539458990097,0.1305539458990097,0.21542339026927948,0.21542339026927948,4.0702
7264,0.130558580160141,0.130558580160141,0.21569518744945526,0.21569518744945526,4.0707
7265,0.13056667149066925,0.13056667149066925,0.21527104079723358,0.21527104079723358,4.0712
7266,0.13056814670562744,0.13056814670562744,0.21573682129383087,0.21573682129383087,4.0717
7267,0.13056042790412903,0.13056042790412903,0.21534161269664764,0.21534161269664764,4.0723
7268,0.13055092096328735,0.13055092096328735,0.21555432677268982,0.21555432677268982,4.0728
7269,0.13054843246936798,0.13054843246936798,0.21552996337413788,0.21552996337413788,4.0733
7270,0.1305534541606903,0.1305534541606903,0.21536174416542053,0.21536174416542053,4.0738
7271,0.13055844604969025,0.13055844604969025,0.21565942466259003,0.21565942466259003,4.0743
7272,0.13055741786956787,0.13055741786956787,0.21531304717063904,0.21531304717063904,4.0748
7273,0.13055172562599182,0.13055172562599182,0.21560057997703552,0.21560057997703552,4.0753
7274,0.13054731488227844,0.13054731488227844,0.21540918946266174,0.21540918946266174,4.0758
7275,0.130547434091568,0.130547434091568,0.2154419869184494,0.2154419869184494,4.0763
7276,0.13054987788200378,0.13054987788200378,0.2155427634716034,0.2155427634716034,4.0768
7277,0.1305510401725769,0.1305510401725769,0.21533651649951935,0.21533651649951935,4.0774
7278,0.13054971396923065,0.13054971396923065,0.2155798375606537,0.2155798375606537,4.0779
7279,0.13054758310317993,0.13054758310317993,0.21534839272499084,0.21534839272499084,4.0784
7280,0.13054624199867249,0.13054624199867249,0.21549805998802185,0.21549805998802185,4.0789
7281,0.13054582476615906,0.13054582476615906,0.21544408798217773,0.21544408798217773,4.0799
7282,0.1305457353591919,0.1305457353591919,0.21539048850536346,0.21539048850536346,4.0805
7283,0.1305457055568695,0.1305457055568695,0.21551981568336487,0.21551981568336487,4.081
7284,0.13054566085338593,0.13054566085338593,0.2153443545103073,0.2153443545103073,4.0824
7285,0.13054536283016205,0.13054536283016205,0.21551179885864258,0.21551179885864258,4.083
7286,0.13054446876049042,0.13054446876049042,0.21537785232067108,0.21537785232067108,4.0836
7287,0.1305433064699173,0.1305433064699173,0.21543829143047333,0.21543829143047333,4.0841
7288,0.1305426061153412,0.1305426061153412,0.21544361114501953,0.21544361114501953,4.0847
7289,0.13054268062114716,0.13054268062114716,0.21536798775196075,0.21536798775196075,4.0852
7290,0.13054309785366058,0.13054309785366058,0.2154788076877594,0.2154788076877594,4.0857
7291,0.13054299354553223,0.13054299354553223,0.21535062789916992,0.21535062789916992,4.0863
7292,0.13054212927818298,0.13054212927818298,0.21545711159706116,0.21545711159706116,4.0868
7293,0.130541130900383,0.130541130900383,0.2153809517621994,0.2153809517621994,4.0873
7294,0.13054057955741882,0.13054057955741882,0.21540185809135437,0.21540185809135437,4.0879
7295,0.1305406093597412,0.1305406093597412,0.2154247760772705,0.2154247760772705,4.0884
7296,0.13054069876670837,0.13054069876670837,0.21535757184028625,0.21535757184028625,4.0889
7297,0.13054049015045166,0.13054049015045166,0.21544165909290314,0.21544165909290314,4.0894
7298,0.1305399388074875,0.1305399388074875,0.21534967422485352,0.21534967422485352,4.0899
7299,0.13053932785987854,0.13053932785987854,0.2154194861650467,0.2154194861650467,4.0905
7300,0.1305389255285263,0.1305389255285263,0.21537189185619354,0.21537189185619354,4.091
7301,0.1305386871099472,0.1305386871099472,0.21537765860557556,0.21537765860557556,4.0915
7302,0.13053849339485168,0.13053849339485168,0.21539945900440216,0.21539945900440216,4.092
7303,0.1305382400751114,0.1305382400751114,0.21534451842308044,0.21534451842308044,4.0925
7304,0.13053792715072632,0.13053792715072632,0.21540632843971252,0.21540632843971252,4.093
7305,0.13053759932518005,0.13053759932518005,0.21533770859241486,0.21533770859241486,4.0935
7306,0.1305372416973114,0.1305372416973114,0.21538624167442322,0.21538624167442322,4.0941
7307,0.13053686916828156,0.13053686916828156,0.21535249054431915,0.21535249054431915,4.0946
7308,0.1305365115404129,0.1305365115404129,0.21535353362560272,0.21535353362560272,4.0951
7309,0.13053622841835022,0.13053622841835022,0.21536998450756073,0.21536998450756073,4.0957
7310,0.1305360049009323,0.1305360049009323,0.21532778441905975,0.21532778441905975,4.0962
7311,0.1305357962846756,0.1305357962846756,0.21537256240844727,0.21537256240844727,4.0967
7312,0.13053549826145172,0.13053549826145172,0.21532157063484192,0.21532157063484192,4.0974
7313,0.13053511083126068,0.13053511083126068,0.21535634994506836,0.21535634994506836,4.098
7314,0.13053472340106964,0.13053472340106964,0.21533028781414032,0.21533028781414032,4.0986
7315,0.13053444027900696,0.13053444027900696,0.21533112227916718,0.21533112227916718,4.0991
7316,0.13053417205810547,0.13053417205810547,0.21534061431884766,0.21534061431884766,4.0997
7317,0.13053393363952637,0.13053393363952637,0.21531137824058533,0.21531137824058533,4.1002
7318,0.13053366541862488,0.13053366541862488,0.21534113585948944,0.21534113585948944,4.1007
7319,0.1305333375930786,0.1305333375930786,0.21530404686927795,0.21530404686927795,4.1012
7320,0.13053302466869354,0.13053302466869354,0.2153288871049881,0.2153288871049881,4.1018
7321,0.13053274154663086,0.13053274154663086,0.2153070867061615,0.2153070867061615,4.1023
7322,0.1305324137210846,0.1305324137210846,0.21531061828136444,0.21531061828136444,4.1028
7323,0.1305321305990219,0.1305321305990219,0.2153116911649704,0.2153116911649704,4.1033
7324,0.13053184747695923,0.13053184747695923,0.21529455482959747,0.21529455482959747,4.1039
7325,0.13053157925605774,0.13053157925605774,0.2153109610080719,0.2153109610080719,4.1044
7326,0.13053128123283386,0.13053128123283386,0.21528573334217072,0.21528573334217072,4.1049
7327,0.13053098320960999,0.13053098320960999,0.2153029441833496,0.2153029441833496,4.1054
7328,0.1305306851863861,0.1305306851863861,0.21528354287147522,0.21528354287147522,4.1059
7329,0.13053037226200104,0.13053037226200104,0.21529021859169006,0.21529021859169006,4.1064
7330,0.13053008913993835,0.13053008913993835,0.2152838259935379,0.2152838259935379,4.107
7331,0.13052979111671448,0.13052979111671448,0.2152772843837738,0.2152772843837738,4.1075
7332,0.130529522895813,0.130529522895813,0.2152825891971588,0.2152825891971588,4.108
7333,0.1305292397737503,0.1305292397737503,0.21526722609996796,0.21526722609996796,4.1085
7334,0.13052895665168762,0.13052895665168762,0.2152777910232544,0.2152777910232544,4.109
7335,0.13052865862846375,0.13052865862846375,0.21526110172271729,0.21526110172271729,4.1095
7336,0.13052836060523987,0.13052836060523987,0.2152693271636963,0.2152693271636963,4.1101
7337,0.13052807748317719,0.13052807748317719,0.21525783836841583,0.21525783836841583,4.1106
7338,0.1305277794599533,0.1305277794599533,0.21525895595550537,0.21525895595550537,4.1111
7339,0.13052751123905182,0.13052751123905182,0.21525564789772034,0.21525564789772034,4.1117
7340,0.13052721321582794,0.13052721321582794,0.21524879336357117,0.21524879336357117,4.1122
7341,0.13052693009376526,0.13052693009376526,0.2152523547410965,0.2152523547410965,4.1127
7342,0.13052663207054138,0.13052663207054138,0.21524064242839813,0.21524064242839813,4.1132
7343,0.1305263489484787,0.1305263489484787,0.21524670720100403,0.21524670720100403,4.1137
7344,0.13052605092525482,0.13052605092525482,0.215234637260437,0.215234637260437,4.1142
7345,0.13052579760551453,0.13052579760551453,0.2152390480041504,0.2152390480041504,4.1147
7346,0.13052549958229065,0.13052549958229065,0.21523094177246094,0.21523094177246094,4.1153
7347,0.13052520155906677,0.13052520155906677,0.2152295559644699,0.2152295559644699,4.1158
7348,0.13052493333816528,0.13052493333816528,0.21522772312164307,0.21522772312164307,4.1163
7349,0.1305246502161026,0.1305246502161026,0.21522092819213867,0.21522092819213867,4.1168
7350,0.13052435219287872,0.13052435219287872,0.2152233123779297,0.2152233123779297,4.1173
7351,0.13052406907081604,0.13052406907081604,0.21521325409412384,0.21521325409412384,4.1178
7352,0.13052378594875336,0.13052378594875336,0.21521668136119843,0.21521668136119843,4.1183
7353,0.13052350282669067,0.13052350282669067,0.2152070701122284,0.2152070701122284,4.1188
7354,0.130523219704628,0.130523219704628,0.21520812809467316,0.21520812809467316,4.1194
7355,0.1305229365825653,0.1305229365825653,0.21520142257213593,0.21520142257213593,4.1199
7356,0.130522683262825,0.130522683262825,0.2151986062526703,0.2151986062526703,4.1204
7357,0.13052240014076233,0.13052240014076233,0.21519532799720764,0.21519532799720764,4.1209
7358,0.13052211701869965,0.13052211701869965,0.21518930792808533,0.21518930792808533,4.1214
7359,0.13052180409431458,0.13052180409431458,0.21518826484680176,0.21518826484680176,4.1219
7360,0.13052153587341309,0.13052153587341309,0.21518035233020782,0.21518035233020782,4.1224
7361,0.1305212527513504,0.1305212527513504,0.21518006920814514,0.21518006920814514,4.1229
7362,0.13052096962928772,0.13052096962928772,0.21517157554626465,0.21517157554626465,4.1235
7363,0.13052068650722504,0.13052068650722504,0.21517224609851837,0.21517224609851837,4.124
7364,0.13052041828632355,0.13052041828632355,0.21516211330890656,0.21516211330890656,4.1245
7365,0.13052010536193848,0.13052010536193848,0.21516481041908264,0.21516481041908264,4.125
7366,0.130519837141037,0.130519837141037,0.21515269577503204,0.21515269577503204,4.1257
7367,0.1305195391178131,0.1305195391178131,0.21515591442584991,0.21515591442584991,4.1262
7368,0.13051927089691162,0.13051927089691162,0.21514463424682617,0.21514463424682617,4.1273
7369,0.13051897287368774,0.13051897287368774,0.21514610946178436,0.21514610946178436,4.1278
7370,0.13051871955394745,0.13051871955394745,0.2151375114917755,0.2151375114917755,4.1283
7371,0.13051843643188477,0.13051843643188477,0.21513648331165314,0.21513648331165314,4.1288
7372,0.13051816821098328,0.13051816821098328,0.21513132750988007,0.21513132750988007,4.1294
7373,0.1305178701877594,0.1305178701877594,0.21512694656848907,0.21512694656848907,4.1299
7374,0.13051758706569672,0.13051758706569672,0.21512575447559357,0.21512575447559357,4.1304
7375,0.13051731884479523,0.13051731884479523,0.21511849761009216,0.21511849761009216,4.1309
7376,0.13051703572273254,0.13051703572273254,0.21511945128440857,0.21511945128440857,4.1314
7377,0.13051673769950867,0.13051673769950867,0.21510986983776093,0.21510986983776093,4.1319
7378,0.13051645457744598,0.13051645457744598,0.21511363983154297,0.21511363983154297,4.1324
7379,0.1305162012577057,0.1305162012577057,0.2151014357805252,0.2151014357805252,4.1329
7380,0.1305159032344818,0.1305159032344818,0.2151070088148117,0.2151070088148117,4.1335
7381,0.13051562011241913,0.13051562011241913,0.21509353816509247,0.21509353816509247,4.134
7382,0.13051536679267883,0.13051536679267883,0.21509823203086853,0.21509823203086853,4.1345
7383,0.13051506876945496,0.13051506876945496,0.21508705615997314,0.21508705615997314,4.135
7384,0.13051478564739227,0.13051478564739227,0.21508991718292236,0.21508991718292236,4.1355
7385,0.13051453232765198,0.13051453232765198,0.21507997810840607,0.21507997810840607,4.136
7386,0.1305142343044281,0.1305142343044281,0.21508102118968964,0.21508102118968964,4.1365
7387,0.13051395118236542,0.13051395118236542,0.215074822306633,0.215074822306633,4.137
7388,0.13051369786262512,0.13051369786262512,0.21507303416728973,0.21507303416728973,4.1375
7389,0.13051341474056244,0.13051341474056244,0.21506913006305695,0.21506913006305695,4.138
7390,0.13051314651966095,0.13051314651966095,0.21506401896476746,0.21506401896476746,4.1385
7391,0.13051286339759827,0.13051286339759827,0.21506500244140625,0.21506500244140625,4.139
7392,0.1305125653743744,0.1305125653743744,0.21505479514598846,0.21505479514598846,4.1395
7393,0.1305122971534729,0.1305122971534729,0.21506066620349884,0.21506066620349884,4.1401
7394,0.1305120289325714,0.1305120289325714,0.2150450497865677,0.2150450497865677,4.1406
7395,0.13051174581050873,0.13051174581050873,0.2150539606809616,0.2150539606809616,4.1411
7396,0.13051149249076843,0.13051149249076843,0.21503762900829315,0.21503762900829315,4.1417
7397,0.13051120936870575,0.13051120936870575,0.21504776179790497,0.21504776179790497,4.1422
7398,0.13051092624664307,0.13051092624664307,0.21502895653247833,0.21502895653247833,4.1427
7399,0.13051067292690277,0.13051067292690277,0.215039923787117,0.215039923787117,4.1432
7400,0.1305103898048401,0.1305103898048401,0.21502332389354706,0.21502332389354706,4.1437
7401,0.1305100917816162,0.1305100917816162,0.21503281593322754,0.21503281593322754,4.1442
7402,0.13050982356071472,0.13050982356071472,0.21501708030700684,0.21501708030700684,4.1448
7403,0.13050954043865204,0.13050954043865204,0.21502527594566345,0.21502527594566345,4.1453
7404,0.13050928711891174,0.13050928711891174,0.21501147747039795,0.21501147747039795,4.1458
7405,0.13050900399684906,0.13050900399684906,0.21501827239990234,0.21501827239990234,4.1463
7406,0.13050872087478638,0.13050872087478638,0.21500471234321594,0.21500471234321594,4.1469
7407,0.1305084526538849,0.1305084526538849,0.21501187980175018,0.21501187980175018,4.1474
7408,0.1305081695318222,0.1305081695318222,0.2149960994720459,0.2149960994720459,4.1481
7409,0.1305079162120819,0.1305079162120819,0.21500694751739502,0.21500694751739502,4.1486
7410,0.13050763309001923,0.13050763309001923,0.21498699486255646,0.21498699486255646,4.1502
7411,0.13050737977027893,0.13050737977027893,0.21499952673912048,0.21499952673912048,4.1508
7412,0.13050708174705505,0.13050708174705505,0.21497853100299835,0.21497853100299835,4.1513
7413,0.13050682842731476,0.13050682842731476,0.21499457955360413,0.21499457955360413,4.1518
7414,0.13050653040409088,0.13050653040409088,0.21496877074241638,0.21496877074241638,4.1523
7415,0.13050627708435059,0.13050627708435059,0.21498937904834747,0.21498937904834747,4.1528
7416,0.1305060088634491,0.1305060088634491,0.21496114134788513,0.21496114134788513,4.1533
7417,0.1305057555437088,0.1305057555437088,0.21498580276966095,0.21498580276966095,4.1538
7418,0.1305054873228073,0.1305054873228073,0.21495267748832703,0.21495267748832703,4.1544
7419,0.13050523400306702,0.13050523400306702,0.21498270332813263,0.21498270332813263,4.1549
7420,0.13050499558448792,0.13050499558448792,0.21494336426258087,0.21494336426258087,4.1567
7421,0.13050471246242523,0.13050471246242523,0.21498051285743713,0.21498051285743713,4.1572
7422,0.13050447404384613,0.13050447404384613,0.21493330597877502,0.21493330597877502,4.1577
7423,0.13050423562526703,0.13050423562526703,0.2149793654680252,0.2149793654680252,4.1582
7424,0.13050401210784912,0.13050401210784912,0.21491999924182892,0.21491999924182892,4.1587
7425,0.130503848195076,0.130503848195076,0.21498127281665802,0.21498127281665802,4.1592
7426,0.13050368428230286,0.13050368428230286,0.21490296721458435,0.21490296721458435,4.1597
7427,0.1305035948753357,0.1305035948753357,0.21498699486255646,0.21498699486255646,4.1602
7428,0.1305035650730133,0.1305035650730133,0.21488022804260254,0.21488022804260254,4.1607
7429,0.13050362467765808,0.13050362467765808,0.21499986946582794,0.21499986946582794,4.1613
7430,0.1305038034915924,0.1305038034915924,0.21485042572021484,0.21485042572021484,4.1618
7431,0.13050422072410583,0.13050422072410583,0.21501974761486053,0.21501974761486053,4.1623
7432,0.13050499558448792,0.13050499558448792,0.2148119956254959,0.2148119956254959,4.1628
7433,0.13050617277622223,0.13050617277622223,0.21505586802959442,0.21505586802959442,4.1633
7434,0.13050809502601624,0.13050809502601624,0.21475665271282196,0.21475665271282196,4.1639
7435,0.13051101565361023,0.13051101565361023,0.2151145040988922,0.2151145040988922,4.1645
7436,0.130515456199646,0.130515456199646,0.21468134224414825,0.21468134224414825,4.165
7437,0.13052186369895935,0.13052186369895935,0.21520408987998962,0.21520408987998962,4.1655
7438,0.13053107261657715,0.13053107261657715,0.21458148956298828,0.21458148956298828,4.166
7439,0.1305435597896576,0.1305435597896576,0.21533484756946564,0.21533484756946564,4.1665
7440,0.13056005537509918,0.13056005537509918,0.2144591361284256,0.2144591361284256,4.167
7441,0.1305803507566452,0.1305803507566452,0.21550250053405762,0.21550250053405762,4.1675
7442,0.13060146570205688,0.13060146570205688,0.21434633433818817,0.21434633433818817,4.168
7443,0.13061641156673431,0.13061641156673431,0.21564312279224396,0.21564312279224396,4.1685
7444,0.13061882555484772,0.13061882555484772,0.21429343521595,0.21429343521595,4.169
7445,0.13060154020786285,0.13060154020786285,0.21559658646583557,0.21559658646583557,4.1695
7446,0.13056853413581848,0.13056853413581848,0.21441297233104706,0.21441297233104706,4.17
7447,0.1305307149887085,0.1305307149887085,0.21527597308158875,0.21527597308158875,4.1706
7448,0.13050423562526703,0.13050423562526703,0.21472477912902832,0.21472477912902832,4.1711
7449,0.13049790263175964,0.13049790263175964,0.21486148238182068,0.21486148238182068,4.1716
7450,0.13050906360149384,0.13050906360149384,0.21510367095470428,0.21510367095470428,4.1721
7451,0.13052697479724884,0.13052697479724884,0.21457131206989288,0.21457131206989288,4.1726
7452,0.13053986430168152,0.13053986430168152,0.21532852947711945,0.21532852947711945,4.1731
7453,0.13053978979587555,0.13053978979587555,0.21449704468250275,0.21449704468250275,4.1736
7454,0.13052745163440704,0.13052745163440704,0.21525144577026367,0.21525144577026367,4.1741
7455,0.13051028549671173,0.13051028549671173,0.21463385224342346,0.21463385224342346,4.1746
7456,0.13049805164337158,0.13049805164337158,0.21497130393981934,0.21497130393981934,4.1752
7457,0.1304960697889328,0.1304960697889328,0.21490006148815155,0.21490006148815155,4.1757
7458,0.13050243258476257,0.13050243258476257,0.21470960974693298,0.21470960974693298,4.1762
7459,0.13051071763038635,0.13051071763038635,0.21513275802135468,0.21513275802135468,4.1767
7460,0.1305145025253296,0.1305145025253296,0.21460895240306854,0.21460895240306854,4.1772
7461,0.13051149249076843,0.13051149249076843,0.21516069769859314,0.21516069769859314,4.1777
7462,0.13050398230552673,0.13050398230552673,0.21468834578990936,0.21468834578990936,4.1782
7463,0.13049675524234772,0.13049675524234772,0.21500380337238312,0.21500380337238312,4.1787
7464,0.13049359619617462,0.13049359619617462,0.2148626297712326,0.2148626297712326,4.1792
7465,0.13049504160881042,0.13049504160881042,0.2147991955280304,0.2147991955280304,4.1797
7466,0.1304987370967865,0.1304987370967865,0.21501651406288147,0.21501651406288147,4.1802
7467,0.13050147891044617,0.13050147891044617,0.21466894447803497,0.21466894447803497,4.1807
7468,0.13050149381160736,0.13050149381160736,0.21504275500774384,0.21504275500774384,4.1812
7469,0.1304989904165268,0.1304989904165268,0.21466609835624695,0.21466609835624695,4.1817
7470,0.13049529492855072,0.13049529492855072,0.2149471789598465,0.2149471789598465,4.1823
7471,0.13049228489398956,0.13049228489398956,0.21474507451057434,0.21474507451057434,4.1828
7472,0.13049104809761047,0.13049104809761047,0.21480849385261536,0.21480849385261536,4.1833
7473,0.13049155473709106,0.13049155473709106,0.2148468941450119,0.2148468941450119,4.1838
7474,0.13049285113811493,0.13049285113811493,0.21467848122119904,0.21467848122119904,4.1843
7475,0.13049383461475372,0.13049383461475372,0.21489723026752472,0.21489723026752472,4.1848
7476,0.13049374520778656,0.13049374520778656,0.21461650729179382,0.21461650729179382,4.1853
7477,0.13049253821372986,0.13049253821372986,0.21484294533729553,0.21484294533729553,4.1858
7478,0.1304907649755478,0.1304907649755478,0.214610293507576,0.214610293507576,4.1863
7479,0.1304892599582672,0.1304892599582672,0.21472521126270294,0.21472521126270294,4.1868
7480,0.13048839569091797,0.13048839569091797,0.21463406085968018,0.21463406085968018,4.1873
7481,0.130488321185112,0.130488321185112,0.21458888053894043,0.21458888053894043,4.1878
7482,0.13048866391181946,0.13048866391181946,0.21465817093849182,0.21465817093849182,4.1883
7483,0.1304890215396881,0.1304890215396881,0.21448926627635956,0.21448926627635956,4.1888
7484,0.13048900663852692,0.13048900663852692,0.21464243531227112,0.21464243531227112,4.1893
7485,0.13048848509788513,0.13048848509788513,0.21445241570472717,0.21445241570472717,4.1898
7486,0.1304876208305359,0.1304876208305359,0.21458935737609863,0.21458935737609863,4.1903
7487,0.13048669695854187,0.13048669695854187,0.21445901691913605,0.21445901691913605,4.1909
7488,0.13048602640628815,0.13048602640628815,0.2145187109708786,0.2145187109708786,4.1914
7489,0.1304856389760971,0.1304856389760971,0.2144944667816162,0.2144944667816162,4.1919
7490,0.13048554956912994,0.13048554956912994,0.2144499272108078,0.2144499272108078,4.1924
7491,0.13048554956912994,0.13048554956912994,0.21451985836029053,0.21451985836029053,4.1929
7492,0.13048550486564636,0.13048550486564636,0.21440935134887695,0.21440935134887695,4.1934
7493,0.13048522174358368,0.13048522174358368,0.21451649069786072,0.21451649069786072,4.1939
7494,0.13048481941223145,0.13048481941223145,0.21439430117607117,0.21439430117607117,4.1944
7495,0.13048431277275085,0.13048431277275085,0.2144860476255417,0.2144860476255417,4.1949
7496,0.13048377633094788,0.13048377633094788,0.21440021693706512,0.21440021693706512,4.1954
7497,0.13048332929611206,0.13048332929611206,0.21443648636341095,0.21443648636341095,4.1959
7498,0.1304829865694046,0.1304829865694046,0.2144169807434082,0.2144169807434082,4.1964
7499,0.1304827630519867,0.1304827630519867,0.21438956260681152,0.21438956260681152,4.1969
7500,0.13048258423805237,0.13048258423805237,0.21442599594593048,0.21442599594593048,4.1975
7501,0.13048240542411804,0.13048240542411804,0.21435780823230743,0.21435780823230743,4.198
7502,0.13048215210437775,0.13048215210437775,0.21442469954490662,0.21442469954490662,4.1985
7503,0.13048186898231506,0.13048186898231506,0.2143421173095703,0.2143421173095703,4.199
7504,0.13048149645328522,0.13048149645328522,0.21440711617469788,0.21440711617469788,4.1995
7505,0.13048112392425537,0.13048112392425537,0.21434195339679718,0.21434195339679718,4.2
7506,0.13048073649406433,0.13048073649406433,0.2143767774105072,0.2143767774105072,4.2005
7507,0.13048040866851807,0.13048040866851807,0.21434493362903595,0.21434493362903595,4.201
7508,0.1304801106452942,0.1304801106452942,0.2143426239490509,0.2143426239490509,4.2015
7509,0.1304798424243927,0.1304798424243927,0.21434421837329865,0.21434421837329865,4.202
7510,0.1304796040058136,0.1304796040058136,0.21430888772010803,0.21430888772010803,4.2025
7511,0.1304793655872345,0.1304793655872345,0.2143363207578659,0.2143363207578659,4.203
7512,0.13047906756401062,0.13047906756401062,0.21428164839744568,0.21428164839744568,4.2036
7513,0.13047879934310913,0.13047879934310913,0.2143171727657318,0.2143171727657318,4.2041
7514,0.13047848641872406,0.13047848641872406,0.2142619639635086,0.2142619639635086,4.2046
7515,0.13047818839550018,0.13047818839550018,0.21429118514060974,0.21429118514060974,4.2051
7516,0.1304778903722763,0.1304778903722763,0.2142467200756073,0.2142467200756073,4.2056
7517,0.13047757744789124,0.13047757744789124,0.21426096558570862,0.21426096558570862,4.2061
7518,0.13047727942466736,0.13047727942466736,0.21423545479774475,0.21423545479774475,4.2066
7519,0.13047699630260468,0.13047699630260468,0.21423006057739258,0.21423006057739258,4.2071
7520,0.13047672808170319,0.13047672808170319,0.21422341465950012,0.21422341465950012,4.2076
7521,0.1304764300584793,0.1304764300584793,0.2142024040222168,0.2142024040222168,4.2081
7522,0.13047616183757782,0.13047616183757782,0.21420884132385254,0.21420884132385254,4.2086
7523,0.13047590851783752,0.13047590851783752,0.21417763829231262,0.21417763829231262,4.2091
7524,0.13047561049461365,0.13047561049461365,0.2141917645931244,0.2141917645931244,4.2096
7525,0.13047534227371216,0.13047534227371216,0.21415624022483826,0.21415624022483826,4.2101
7526,0.13047505915164948,0.13047505915164948,0.21417102217674255,0.21417102217674255,4.2106
7527,0.1304747760295868,0.1304747760295868,0.2141381800174713,0.2141381800174713,4.2112
7528,0.1304744929075241,0.1304744929075241,0.2141488790512085,0.2141488790512085,4.2117
7529,0.13047422468662262,0.13047422468662262,0.21412165462970734,0.21412165462970734,4.2122
7530,0.13047394156455994,0.13047394156455994,0.21412654221057892,0.21412654221057892,4.2127
7531,0.13047362864017487,0.13047362864017487,0.214106947183609,0.214106947183609,4.2132
7532,0.13047336041927338,0.13047336041927338,0.21410469710826874,0.21410469710826874,4.2137
7533,0.1304730623960495,0.1304730623960495,0.2140927016735077,0.2140927016735077,4.2142
7534,0.1304728090763092,0.1304728090763092,0.2140846699476242,0.2140846699476242,4.2147
7535,0.1304725557565689,0.1304725557565689,0.21407823264598846,0.21407823264598846,4.2152
7536,0.13047225773334503,0.13047225773334503,0.2140657603740692,0.2140657603740692,4.2157
7537,0.13047194480895996,0.13047194480895996,0.21406331658363342,0.21406331658363342,4.2162
7538,0.13047169148921967,0.13047169148921967,0.21404775977134705,0.21404775977134705,4.2167
7539,0.13047142326831818,0.13047142326831818,0.2140474021434784,0.2140474021434784,4.2172
7540,0.1304711401462555,0.1304711401462555,0.21403074264526367,0.21403074264526367,4.2177
7541,0.1304708570241928,0.1304708570241928,0.21403107047080994,0.21403107047080994,4.2182
7542,0.13047058880329132,0.13047058880329132,0.21401381492614746,0.21401381492614746,4.2188
7543,0.13047035038471222,0.13047035038471222,0.2140146791934967,0.2140146791934967,4.2193
7544,0.13047003746032715,0.13047003746032715,0.2139972746372223,0.2139972746372223,4.2198
7545,0.13046978414058685,0.13046978414058685,0.2139982283115387,0.2139982283115387,4.2203
7546,0.13046948611736298,0.13046948611736298,0.2139810025691986,0.2139810025691986,4.2208
7547,0.1304692178964615,0.1304692178964615,0.21398210525512695,0.21398210525512695,4.2213
7548,0.1304689347743988,0.1304689347743988,0.2139647901058197,0.2139647901058197,4.2219
7549,0.13046865165233612,0.13046865165233612,0.21396629512310028,0.21396629512310028,4.2224
7550,0.13046838343143463,0.13046838343143463,0.21394868195056915,0.21394868195056915,4.2229
7551,0.13046813011169434,0.13046813011169434,0.21395063400268555,0.21395063400268555,4.2234
7552,0.13046786189079285,0.13046786189079285,0.21393223106861115,0.21393223106861115,4.2239
7553,0.13046757876873016,0.13046757876873016,0.21393530070781708,0.21393530070781708,4.2244
7554,0.13046731054782867,0.13046731054782867,0.2139153927564621,0.2139153927564621,4.2249
7555,0.13046705722808838,0.13046705722808838,0.21391995251178741,0.21391995251178741,4.2254
7556,0.1304667443037033,0.1304667443037033,0.21389830112457275,0.21389830112457275,4.2259
7557,0.130466490983963,0.130466490983963,0.2139047086238861,0.2139047086238861,4.2265
7558,0.13046620786190033,0.13046620786190033,0.2138807475566864,0.2138807475566864,4.227
7559,0.13046593964099884,0.13046593964099884,0.2138899862766266,0.2138899862766266,4.2275
7560,0.13046567142009735,0.13046567142009735,0.2138628214597702,0.2138628214597702,4.228
7561,0.13046538829803467,0.13046538829803467,0.21387597918510437,0.21387597918510437,4.2286
7562,0.13046513497829437,0.13046513497829437,0.2138444483280182,0.2138444483280182,4.2291
7563,0.13046488165855408,0.13046488165855408,0.21386286616325378,0.21386286616325378,4.2296
7564,0.13046462833881378,0.13046462833881378,0.21382522583007812,0.21382522583007812,4.2301
7565,0.13046438992023468,0.13046438992023468,0.21385154128074646,0.21385154128074646,4.2306
7566,0.13046415150165558,0.13046415150165558,0.21380452811717987,0.21380452811717987,4.2311
7567,0.13046391308307648,0.13046391308307648,0.21384215354919434,0.21384215354919434,4.2317
7568,0.13046370446681976,0.13046370446681976,0.21378187835216522,0.21378187835216522,4.2322
7569,0.13046351075172424,0.13046351075172424,0.21383576095104218,0.21383576095104218,4.2327
7570,0.1304633915424347,0.1304633915424347,0.21375596523284912,0.21375596523284912,4.2332
7571,0.13046331703662872,0.13046331703662872,0.21383383870124817,0.21383383870124817,4.2337
7572,0.13046333193778992,0.13046333193778992,0.21372517943382263,0.21372517943382263,4.2342
7573,0.13046346604824066,0.13046346604824066,0.21383881568908691,0.21383881568908691,4.2347
7574,0.13046380877494812,0.13046380877494812,0.21368685364723206,0.21368685364723206,4.2352
7575,0.13046446442604065,0.13046446442604065,0.21385458111763,0.21385458111763,4.2357
7576,0.1304655224084854,0.1304655224084854,0.21363696455955505,0.21363696455955505,4.2362
7577,0.13046732544898987,0.13046732544898987,0.21388769149780273,0.21388769149780273,4.2367
7578,0.1304701268672943,0.1304701268672943,0.21357011795043945,0.21357011795043945,4.2373
7579,0.13047447800636292,0.13047447800636292,0.2139478176832199,0.2139478176832199,4.2378
7580,0.1304810494184494,0.1304810494184494,0.2134796679019928,0.2134796679019928,4.2383
7581,0.1304907202720642,0.1304907202720642,0.21404866874217987,0.21404866874217987,4.2388
7582,0.1305045187473297,0.1305045187473297,0.21336063742637634,0.21336063742637634,4.2393
7583,0.13052280247211456,0.13052280247211456,0.21420101821422577,0.21420101821422577,4.2398
7584,0.13054503500461578,0.13054503500461578,0.21321964263916016,0.21321964263916016,4.2403
7585,0.1305677741765976,0.1305677741765976,0.2143811285495758,0.2143811285495758,4.2408
7586,0.13058465719223022,0.13058465719223022,0.21309176087379456,0.21309176087379456,4.2413
7587,0.13058659434318542,0.13058659434318542,0.21447233855724335,0.21447233855724335,4.2418
7588,0.13056913018226624,0.13056913018226624,0.2130589485168457,0.2130589485168457,4.2423
7589,0.13053497672080994,0.13053497672080994,0.21430742740631104,0.21430742740631104,4.2428
7590,0.1304987072944641,0.1304987072944641,0.2132246047258377,0.2132246047258377,4.2434
7591,0.13047459721565247,0.13047459721565247,0.21391400694847107,0.21391400694847107,4.2439
7592,0.13046953082084656,0.13046953082084656,0.21357588469982147,0.21357588469982147,4.2444
7593,0.13047842681407928,0.13047842681407928,0.2135220468044281,0.2135220468044281,4.2449
7594,0.13048997521400452,0.13048997521400452,0.21390600502490997,0.21390600502490997,4.2454
7595,0.13049452006816864,0.13049452006816864,0.21328440308570862,0.21328440308570862,4.2459
7596,0.13049018383026123,0.13049018383026123,0.21401908993721008,0.21401908993721008,4.2464
7597,0.13048155605793,0.13048155605793,0.2132582664489746,0.2132582664489746,4.2469
7598,0.13047412037849426,0.13047412037849426,0.21388883888721466,0.21388883888721466,4.2474
7599,0.13047048449516296,0.13047048449516296,0.21342429518699646,0.21342429518699646,4.2479
7600,0.13046903908252716,0.13046903908252716,0.2136402130126953,0.2136402130126953,4.2484
7601,0.13046732544898987,0.13046732544898987,0.21363787353038788,0.21363787353038788,4.2489
7602,0.1304648518562317,0.1304648518562317,0.21341970562934875,0.21341970562934875,4.2495
7603,0.1304635852575302,0.1304635852575302,0.21376767754554749,0.21376767754554749,4.25
7604,0.13046471774578094,0.13046471774578094,0.2133273184299469,0.2133273184299469,4.2505
7605,0.13046666979789734,0.13046666979789734,0.213766410946846,0.213766410946846,4.251
7606,0.13046658039093018,0.13046658039093018,0.21337632834911346,0.21337632834911346,4.2515
7607,0.1304629147052765,0.1304629147052765,0.21364501118659973,0.21364501118659973,4.252
7608,0.13045749068260193,0.13045749068260193,0.21349330246448517,0.21349330246448517,4.2525
7609,0.13045385479927063,0.13045385479927063,0.2134852409362793,0.2134852409362793,4.253
7610,0.13045424222946167,0.13045424222946167,0.21360759437084198,0.21360759437084198,4.2535
7611,0.13045738637447357,0.13045738637447357,0.21338054537773132,0.21338054537773132,4.254
7612,0.1304600089788437,0.1304600089788437,0.21365714073181152,0.21365714073181152,4.2545
7613,0.13045963644981384,0.13045963644981384,0.21335962414741516,0.21335962414741516,4.255
7614,0.1304563730955124,0.1304563730955124,0.21360735595226288,0.21360735595226288,4.2555
7615,0.13045278191566467,0.13045278191566467,0.21340756118297577,0.21340756118297577,4.256
7616,0.13045111298561096,0.13045111298561096,0.21350181102752686,0.21350181102752686,4.2565
7617,0.1304517239332199,0.1304517239332199,0.21348559856414795,0.21348559856414795,4.257
7618,0.13045312464237213,0.13045312464237213,0.21340569853782654,0.21340569853782654,4.2575
7619,0.13045372068881989,0.13045372068881989,0.21354146301746368,0.21354146301746368,4.258
7620,0.130452960729599,0.130452960729599,0.21335434913635254,0.21335434913635254,4.2585
7621,0.13045163452625275,0.13045163452625275,0.21353836357593536,0.21353836357593536,4.259
7622,0.13045066595077515,0.13045066595077515,0.21335852146148682,0.21335852146148682,4.2595
7623,0.13045033812522888,0.13045033812522888,0.21348842978477478,0.21348842978477478,4.2601
7624,0.1304502636194229,0.1304502636194229,0.21339824795722961,0.21339824795722961,4.2606
7625,0.13044995069503784,0.13044995069503784,0.2134227305650711,0.2134227305650711,4.2611
7626,0.13044926524162292,0.13044926524162292,0.2134382724761963,0.2134382724761963,4.2616
7627,0.13044866919517517,0.13044866919517517,0.2133668214082718,0.2133668214082718,4.2621
7628,0.13044843077659607,0.13044843077659607,0.21345600485801697,0.21345600485801697,4.2626
7629,0.13044853508472443,0.13044853508472443,0.21333906054496765,0.21333906054496765,4.2631
7630,0.1304486095905304,0.1304486095905304,0.213444784283638,0.213444784283638,4.2636
7631,0.1304483711719513,0.1304483711719513,0.2133374959230423,0.2133374959230423,4.2641
7632,0.130447655916214,0.130447655916214,0.21341225504875183,0.21341225504875183,4.2646
7633,0.1304469257593155,0.1304469257593155,0.2133498191833496,0.2133498191833496,4.2651
7634,0.1304463893175125,0.1304463893175125,0.2133711874485016,0.2133711874485016,4.2656
7635,0.13044621050357819,0.13044621050357819,0.21336603164672852,0.21336603164672852,4.2661
7636,0.13044622540473938,0.13044622540473938,0.2133336067199707,0.2133336067199707,4.2666
7637,0.1304461807012558,0.1304461807012558,0.21337588131427765,0.21337588131427765,4.2672
7638,0.1304459273815155,0.1304459273815155,0.21330790221691132,0.21330790221691132,4.2677
7639,0.13044555485248566,0.13044555485248566,0.21337203681468964,0.21337203681468964,4.2682
7640,0.13044512271881104,0.13044512271881104,0.2132950723171234,0.2132950723171234,4.2687
7641,0.13044477999210358,0.13044477999210358,0.21335510909557343,0.21335510909557343,4.2692
7642,0.13044452667236328,0.13044452667236328,0.21329474449157715,0.21329474449157715,4.2697
7643,0.13044431805610657,0.13044431805610657,0.21332760155200958,0.21332760155200958,4.2702
7644,0.13044403493404388,0.13044403493404388,0.21330130100250244,0.21330130100250244,4.2707
7645,0.1304437220096588,0.1304437220096588,0.21329641342163086,0.21329641342163086,4.2712
7646,0.13044339418411255,0.13044339418411255,0.21330687403678894,0.21330687403678894,4.2717
7647,0.13044315576553345,0.13044315576553345,0.21326927840709686,0.21326927840709686,4.2722
7648,0.13044296205043793,0.13044296205043793,0.21330626308918,0.21330626308918,4.2727
7649,0.1304427683353424,0.1304427683353424,0.21325063705444336,0.21325063705444336,4.2732
7650,0.1304425299167633,0.1304425299167633,0.2132958620786667,0.2132958620786667,4.2737
7651,0.13044224679470062,0.13044224679470062,0.21324244141578674,0.21324244141578674,4.2742
7652,0.13044193387031555,0.13044193387031555,0.21327662467956543,0.21327662467956543,4.2747
7653,0.13044162094593048,0.13044162094593048,0.21324078738689423,0.21324078738689423,4.2752
7654,0.1304413378238678,0.1304413378238678,0.213253453373909,0.213253453373909,4.2757
7655,0.1304410994052887,0.1304410994052887,0.21324124932289124,0.21324124932289124,4.2763
7656,0.1304408758878708,0.1304408758878708,0.21323099732398987,0.21323099732398987,4.2768
7657,0.1304406225681305,0.1304406225681305,0.21323895454406738,0.21323895454406738,4.2773
7658,0.1304403841495514,0.1304403841495514,0.2132124900817871,0.2132124900817871,4.2778
7659,0.1304401159286499,0.1304401159286499,0.21323171257972717,0.21323171257972717,4.2783
7660,0.1304398626089096,0.1304398626089096,0.21319885551929474,0.21319885551929474,4.2788
7661,0.1304396241903305,0.1304396241903305,0.2132200002670288,0.2132200002670288,4.2793
7662,0.13043935596942902,0.13043935596942902,0.21318845450878143,0.21318845450878143,4.2798
7663,0.1304391324520111,0.1304391324520111,0.21320569515228271,0.21320569515228271,4.2803
7664,0.13043886423110962,0.13043886423110962,0.21318002045154572,0.21318002045154572,4.2808
7665,0.13043862581253052,0.13043862581253052,0.2131904810667038,0.2131904810667038,4.2813
7666,0.13043835759162903,0.13043835759162903,0.2131718099117279,0.2131718099117279,4.2818
7667,0.13043807446956635,0.13043807446956635,0.21317557990550995,0.21317557990550995,4.2823
7668,0.13043782114982605,0.13043782114982605,0.2131635695695877,0.2131635695695877,4.2828
7669,0.13043758273124695,0.13043758273124695,0.2131609171628952,0.2131609171628952,4.2834
7670,0.13043734431266785,0.13043734431266785,0.21315531432628632,0.21315531432628632,4.2839
7671,0.13043709099292755,0.13043709099292755,0.2131463587284088,0.2131463587284088,4.2844
7672,0.13043686747550964,0.13043686747550964,0.21314696967601776,0.21314696967601776,4.2849
7673,0.13043662905693054,0.13043662905693054,0.21313238143920898,0.21313238143920898,4.2854
7674,0.13043633103370667,0.13043633103370667,0.21313783526420593,0.21313783526420593,4.2859
7675,0.13043609261512756,0.13043609261512756,0.21311888098716736,0.21311888098716736,4.2864
7676,0.13043582439422607,0.13043582439422607,0.21312804520130157,0.21312804520130157,4.2869
7677,0.13043557107448578,0.13043557107448578,0.21310663223266602,0.21310663223266602,4.2874
7678,0.13043534755706787,0.13043534755706787,0.21311692893505096,0.21311692893505096,4.2879
7679,0.13043510913848877,0.13043510913848877,0.21309570968151093,0.21309570968151093,4.2884
7680,0.13043484091758728,0.13043484091758728,0.21310463547706604,0.21310463547706604,4.2889
7681,0.13043461740016937,0.13043461740016937,0.21308574080467224,0.21308574080467224,4.2894
7682,0.1304343342781067,0.1304343342781067,0.21309182047843933,0.21309182047843933,4.29
7683,0.1304340809583664,0.1304340809583664,0.21307635307312012,0.21307635307312012,4.2905
7684,0.1304338276386261,0.1304338276386261,0.21307869255542755,0.21307869255542755,4.291
7685,0.130433589220047,0.130433589220047,0.21306690573692322,0.21306690573692322,4.2915
7686,0.1304333508014679,0.1304333508014679,0.2130661904811859,0.2130661904811859,4.292
7687,0.1304331123828888,0.1304331123828888,0.21305687725543976,0.21305687725543976,4.2925
7688,0.1304328441619873,0.1304328441619873,0.2130540907382965,0.2130540907382965,4.293
7689,0.1304326057434082,0.1304326057434082,0.21304666996002197,0.21304666996002197,4.2935
7690,0.1304323673248291,0.1304323673248291,0.21304240822792053,0.21304240822792053,4.294
7691,0.13043208420276642,0.13043208420276642,0.2130359709262848,0.2130359709262848,4.2945
7692,0.1304318606853485,0.1304318606853485,0.21303105354309082,0.21303105354309082,4.295
7693,0.13043159246444702,0.13043159246444702,0.21302518248558044,0.21302518248558044,4.2955
7694,0.13043133914470673,0.13043133914470673,0.21301965415477753,0.21301965415477753,4.296
7695,0.13043110072612762,0.13043110072612762,0.2130146026611328,0.2130146026611328,4.2965
7696,0.13043086230754852,0.13043086230754852,0.21300816535949707,0.21300816535949707,4.297
7697,0.13043060898780823,0.13043060898780823,0.21300415694713593,0.21300415694713593,4.2975
7698,0.13043038547039032,0.13043038547039032,0.2129964530467987,0.2129964530467987,4.2981
7699,0.13043013215065002,0.13043013215065002,0.2129940241575241,0.2129940241575241,4.2986
7700,0.13042987883090973,0.13042987883090973,0.2129846066236496,0.2129846066236496,4.2991
7701,0.13042962551116943,0.13042962551116943,0.21298393607139587,0.21298393607139587,4.2996
7702,0.13042938709259033,0.13042938709259033,0.21297279000282288,0.21297279000282288,4.3001
7703,0.13042913377285004,0.13042913377285004,0.21297387778759003,0.21297387778759003,4.3006
7704,0.13042888045310974,0.13042888045310974,0.21296091377735138,0.21296091377735138,4.3011
7705,0.13042862713336945,0.13042862713336945,0.2129640132188797,0.2129640132188797,4.3016
7706,0.13042838871479034,0.13042838871479034,0.21294906735420227,0.21294906735420227,4.3021
7707,0.13042813539505005,0.13042813539505005,0.21295419335365295,0.21295419335365295,4.3026
7708,0.13042789697647095,0.13042789697647095,0.2129368782043457,0.2129368782043457,4.3031
7709,0.13042767345905304,0.13042767345905304,0.21294493973255157,0.21294493973255157,4.3036
7710,0.13042740523815155,0.13042740523815155,0.21292412281036377,0.21292412281036377,4.3041
7711,0.13042715191841125,0.13042715191841125,0.21293644607067108,0.21293644607067108,4.3046
7712,0.13042692840099335,0.13042692840099335,0.21291038393974304,0.21291038393974304,4.3051
7713,0.13042668998241425,0.13042668998241425,0.21292921900749207,0.21292921900749207,4.3056
7714,0.13042645156383514,0.13042645156383514,0.21289530396461487,0.21289530396461487,4.3061
7715,0.13042622804641724,0.13042622804641724,0.21292391419410706,0.21292391419410706,4.3066
7716,0.13042601943016052,0.13042601943016052,0.21287783980369568,0.21287783980369568,4.3071
7717,0.13042579591274261,0.13042579591274261,0.21292147040367126,0.21292147040367126,4.3076
7718,0.13042563199996948,0.13042563199996948,0.21285700798034668,0.21285700798034668,4.3081
7719,0.13042548298835754,0.13042548298835754,0.2129235714673996,0.2129235714673996,4.3087
7720,0.130425363779068,0.130425363779068,0.21283087134361267,0.21283087134361267,4.3092
7721,0.1304253339767456,0.1304253339767456,0.2129327803850174,0.2129327803850174,4.3097
7722,0.13042542338371277,0.13042542338371277,0.2127961367368698,0.2127961367368698,4.3102
7723,0.13042570650577545,0.13042570650577545,0.21295352280139923,0.21295352280139923,4.3107
7724,0.1304263174533844,0.1304263174533844,0.21274740993976593,0.21274740993976593,4.3112
7725,0.13042739033699036,0.13042739033699036,0.21299448609352112,0.21299448609352112,4.3117
7726,0.13042929768562317,0.13042929768562317,0.21267548203468323,0.21267548203468323,4.3122
7727,0.13043245673179626,0.13043245673179626,0.2130691558122635,0.2130691558122635,4.3127
7728,0.13043765723705292,0.13043765723705292,0.21256795525550842,0.21256795525550842,4.3132
7729,0.13044589757919312,0.13044589757919312,0.213197261095047,0.213197261095047,4.3137
7730,0.1304589956998825,0.1304589956998825,0.21241231262683868,0.21241231262683868,4.3142
7731,0.1304786056280136,0.1304786056280136,0.2134070098400116,0.2134070098400116,4.3147
7732,0.1305072158575058,0.1305072158575058,0.21220430731773376,0.21220430731773376,4.3152
7733,0.13054397702217102,0.13054397702217102,0.21370451152324677,0.21370451152324677,4.3157
7734,0.13058577477931976,0.13058577477931976,0.21198952198028564,0.21198952198028564,4.3162
7735,0.130616694688797,0.130616694688797,0.21396179497241974,0.21396179497241974,4.3167
7736,0.13061955571174622,0.13061955571174622,0.21190588176250458,0.21190588176250458,4.3172
7737,0.13057662546634674,0.13057662546634674,0.21380916237831116,0.21380916237831116,4.3177
7738,0.1305045783519745,0.1305045783519745,0.21215716004371643,0.21215716004371643,4.3183
7739,0.13044074177742004,0.13044074177742004,0.21311040222644806,0.21311040222644806,4.3188
7740,0.13042058050632477,0.13042058050632477,0.2127901017665863,0.2127901017665863,4.3193
7741,0.1304449737071991,0.1304449737071991,0.21241159737110138,0.21241159737110138,4.3198
7742,0.13048401474952698,0.13048401474952698,0.21338263154029846,0.21338263154029846,4.3203
7743,0.130502849817276,0.130502849817276,0.2121448963880539,0.2121448963880539,4.3208
7744,0.13048554956912994,0.13048554956912994,0.21339325606822968,0.21339325606822968,4.3213
7745,0.13044823706150055,0.13044823706150055,0.21236185729503632,0.21236185729503632,4.3218
7746,0.13042153418064117,0.13042153418064117,0.21286427974700928,0.21286427974700928,4.3223
7747,0.13042312860488892,0.13042312860488892,0.2128829061985016,0.2128829061985016,4.3228
7748,0.13044355809688568,0.13044355809688568,0.21238188445568085,0.21238188445568085,4.3233
7749,0.13045918941497803,0.13045918941497803,0.2132166177034378,0.2132166177034378,4.3238
7750,0.13045500218868256,0.13045500218868256,0.2122989147901535,0.2122989147901535,4.3243
7751,0.1304357796907425,0.1304357796907425,0.21303386986255646,0.21303386986255646,4.3248
7752,0.13041970133781433,0.13041970133781433,0.21259096264839172,0.21259096264839172,4.3254
7753,0.13041885197162628,0.13041885197162628,0.2126094400882721,0.2126094400882721,4.3259
7754,0.1304294914007187,0.1304294914007187,0.2129622995853424,0.2129622995853424,4.3264
7755,0.1304384171962738,0.1304384171962738,0.21237477660179138,0.21237477660179138,4.3269
7756,0.13043636083602905,0.13043636083602905,0.21303167939186096,0.21303167939186096,4.3274
7757,0.13042601943016052,0.13042601943016052,0.21247133612632751,0.21247133612632751,4.3279
7758,0.13041719794273376,0.13041719794273376,0.21276982128620148,0.21276982128620148,4.3284
7759,0.1304166615009308,0.1304166615009308,0.21275821328163147,0.21275821328163147,4.3289
7760,0.13042232394218445,0.13042232394218445,0.21249660849571228,0.21249660849571228,4.3294
7761,0.13042697310447693,0.13042697310447693,0.21293595433235168,0.21293595433235168,4.3299
7762,0.13042573630809784,0.13042573630809784,0.21244493126869202,0.21244493126869202,4.3304
7763,0.13042007386684418,0.13042007386684418,0.21283864974975586,0.21283864974975586,4.3309
7764,0.13041524589061737,0.13041524589061737,0.21260586380958557,0.21260586380958557,4.3314
7765,0.13041482865810394,0.13041482865810394,0.2126048058271408,0.2126048058271408,4.3319
7766,0.13041770458221436,0.13041770458221436,0.2127978801727295,0.2127978801727295,4.3324
7767,0.13042013347148895,0.13042013347148895,0.21246829628944397,0.21246829628944397,4.3329
7768,0.13041947782039642,0.13041947782039642,0.21282586455345154,0.21282586455345154,4.3334
7769,0.13041642308235168,0.13041642308235168,0.21251587569713593,0.21251587569713593,4.3339
7770,0.13041365146636963,0.13041365146636963,0.21268458664417267,0.21268458664417267,4.3344
7771,0.13041315972805023,0.13041315972805023,0.21266579627990723,0.21266579627990723,4.3349
7772,0.1304144710302353,0.1304144710302353,0.21252921223640442,0.21252921223640442,4.3354
7773,0.13041576743125916,0.13041576743125916,0.21276149153709412,0.21276149153709412,4.336
7774,0.13041552901268005,0.13041552901268005,0.21248659491539001,0.21248659491539001,4.3365
7775,0.13041388988494873,0.13041388988494873,0.2127176970243454,0.2127176970243454,4.337
7776,0.13041219115257263,0.13041219115257263,0.21256256103515625,0.21256256103515625,4.3375
7777,0.13041159510612488,0.13041159510612488,0.2125914990901947,0.2125914990901947,4.338
7778,0.13041207194328308,0.13041207194328308,0.21266420185565948,0.21266420185565948,4.3385
7779,0.1304127275943756,0.1304127275943756,0.21249976754188538,0.21249976754188538,4.339
7780,0.13041269779205322,0.13041269779205322,0.21269163489341736,0.21269163489341736,4.3395
7781,0.13041189312934875,0.13041189312934875,0.21250085532665253,0.21250085532665253,4.34
7782,0.130410835146904,0.130410835146904,0.21262764930725098,0.21262764930725098,4.3406
7783,0.13041017949581146,0.13041017949581146,0.21256820857524872,0.21256820857524872,4.3411
7784,0.13041016459465027,0.13041016459465027,0.2125357687473297,0.2125357687473297,4.3416
7785,0.13041043281555176,0.13041043281555176,0.21262788772583008,0.21262788772583008,4.3421
7786,0.13041046261787415,0.13041046261787415,0.2124878615140915,0.2124878615140915,4.3426
7787,0.1304101049900055,0.1304101049900055,0.21262483298778534,0.21262483298778534,4.3431
7788,0.13040943443775177,0.13040943443775177,0.21250486373901367,0.21250486373901367,4.3436
7789,0.1304088830947876,0.1304088830947876,0.21256718039512634,0.21256718039512634,4.3441
7790,0.1304086148738861,0.1304086148738861,0.21255359053611755,0.21255359053611755,4.3446
7791,0.13040855526924133,0.13040855526924133,0.21250419318675995,0.21250419318675995,4.3451
7792,0.13040855526924133,0.13040855526924133,0.21258385479450226,0.21258385479450226,4.3456
7793,0.130408376455307,0.130408376455307,0.21247760951519012,0.21247760951519012,4.3461
7794,0.13040801882743835,0.13040801882743835,0.21256867051124573,0.21256867051124573,4.3466
7795,0.13040755689144135,0.13040755689144135,0.21249286830425262,0.21249286830425262,4.3471
7796,0.1304072141647339,0.1304072141647339,0.21252155303955078,0.21252155303955078,4.3476
7797,0.13040703535079956,0.13040703535079956,0.21252374351024628,0.21252374351024628,4.3482
7798,0.13040688633918762,0.13040688633918762,0.21247749030590057,0.21247749030590057,4.3487
7799,0.13040676712989807,0.13040676712989807,0.21253785490989685,0.21253785490989685,4.3492
7800,0.13040651381015778,0.13040651381015778,0.2124604731798172,0.2124604731798172,4.3497
7801,0.1304062306880951,0.1304062306880951,0.2125219851732254,0.2125219851732254,4.3502
7802,0.13040590286254883,0.13040590286254883,0.21247074007987976,0.21247074007987976,4.3507
7803,0.13040561974048615,0.13040561974048615,0.2124864161014557,0.2124864161014557,4.3512
7804,0.13040539622306824,0.13040539622306824,0.2124897539615631,0.2124897539615631,4.3517
7805,0.1304052472114563,0.1304052472114563,0.2124539315700531,0.2124539315700531,4.3522
7806,0.13040503859519958,0.13040503859519958,0.21249639987945557,0.21249639987945557,4.3527
7807,0.13040481507778168,0.13040481507778168,0.21243956685066223,0.21243956685066223,4.3532
7808,0.13040456175804138,0.13040456175804138,0.2124825417995453,0.2124825417995453,4.3537
7809,0.1304042786359787,0.1304042786359787,0.21244299411773682,0.21244299411773682,4.3542
7810,0.13040399551391602,0.13040399551391602,0.21245546638965607,0.21245546638965607,4.3547
7811,0.1304037868976593,0.1304037868976593,0.21245285868644714,0.21245285868644714,4.3552
7812,0.13040359318256378,0.13040359318256378,0.2124291956424713,0.2124291956424713,4.3557
7813,0.13040338456630707,0.13040338456630707,0.2124558985233307,0.2124558985233307,4.3562
7814,0.13040317595005035,0.13040317595005035,0.21241454780101776,0.21241454780101776,4.3568
7815,0.13040292263031006,0.13040292263031006,0.21244564652442932,0.21244564652442932,4.3573
7816,0.13040266931056976,0.13040266931056976,0.21241235733032227,0.21241235733032227,4.3578
7817,0.13040238618850708,0.13040238618850708,0.21242575347423553,0.21242575347423553,4.3583
7818,0.13040217757225037,0.13040217757225037,0.21241608262062073,0.21241608262062073,4.3588
7819,0.13040195405483246,0.13040195405483246,0.21240463852882385,0.21240463852882385,4.3593
7820,0.13040176033973694,0.13040176033973694,0.21241703629493713,0.21241703629493713,4.3598
7821,0.13040153682231903,0.13040153682231903,0.2123895138502121,0.2123895138502121,4.3603
7822,0.13040132820606232,0.13040132820606232,0.2124100625514984,0.2124100625514984,4.3608
7823,0.13040105998516083,0.13040105998516083,0.21238255500793457,0.21238255500793457,4.3613
7824,0.1304008513689041,0.1304008513689041,0.21239569783210754,0.21239569783210754,4.3618
7825,0.13040059804916382,0.13040059804916382,0.2123810350894928,0.2123810350894928,4.3623
7826,0.13040035963058472,0.13040035963058472,0.21237847208976746,0.21237847208976746,4.3628
7827,0.130400151014328,0.130400151014328,0.2123798429965973,0.2123798429965973,4.3633
7828,0.1303999125957489,0.1303999125957489,0.21236339211463928,0.21236339211463928,4.3638
7829,0.1303997039794922,0.1303997039794922,0.21237477660179138,0.21237477660179138,4.3643
7830,0.13039946556091309,0.13039946556091309,0.2123533934354782,0.2123533934354782,4.3648
7831,0.13039925694465637,0.13039925694465637,0.21236459910869598,0.21236459910869598,4.3653
7832,0.13039901852607727,0.13039901852607727,0.2123480588197708,0.2123480588197708,4.3658
7833,0.13039878010749817,0.13039878010749817,0.21235108375549316,0.21235108375549316,4.3663
7834,0.13039857149124146,0.13039857149124146,0.21234449744224548,0.21234449744224548,4.3668
7835,0.13039831817150116,0.13039831817150116,0.21233737468719482,0.21233737468719482,4.3674
7836,0.13039812445640564,0.13039812445640564,0.2123400866985321,0.2123400866985321,4.3679
7837,0.13039788603782654,0.13039788603782654,0.2123255729675293,0.2123255729675293,4.3684
7838,0.13039764761924744,0.13039764761924744,0.21233291923999786,0.21233291923999786,4.3689
7839,0.13039742410182953,0.13039742410182953,0.21231696009635925,0.21231696009635925,4.3694
7840,0.130397230386734,0.130397230386734,0.21232262253761292,0.21232262253761292,4.3699
7841,0.1303969770669937,0.1303969770669937,0.21231070160865784,0.21231070160865784,4.3704
7842,0.1303967535495758,0.1303967535495758,0.212310791015625,0.212310791015625,4.3709
7843,0.1303965300321579,0.1303965300321579,0.21230530738830566,0.21230530738830566,4.3714
7844,0.1303962916135788,0.1303962916135788,0.2122989147901535,0.2122989147901535,4.3719
7845,0.1303960680961609,0.1303960680961609,0.21229925751686096,0.21229925751686096,4.3724
7846,0.1303957998752594,0.1303957998752594,0.21228830516338348,0.21228830516338348,4.3729
7847,0.13039562106132507,0.13039562106132507,0.21229156851768494,0.21229156851768494,4.3734
7848,0.13039538264274597,0.13039538264274597,0.21227960288524628,0.21227960288524628,4.3739
7849,0.13039517402648926,0.13039517402648926,0.21228232979774475,0.21228232979774475,4.3744
7850,0.13039495050907135,0.13039495050907135,0.2122722566127777,0.2122722566127777,4.3749
7851,0.13039468228816986,0.13039468228816986,0.21227192878723145,0.21227192878723145,4.3754
7852,0.13039447367191315,0.13039447367191315,0.21226553618907928,0.21226553618907928,4.3759
7853,0.13039426505565643,0.13039426505565643,0.2122613936662674,0.2122613936662674,4.3765
7854,0.13039404153823853,0.13039404153823853,0.21225877106189728,0.21225877106189728,4.377
7855,0.13039381802082062,0.13039381802082062,0.2122512310743332,0.2122512310743332,4.3775
7856,0.1303935945034027,0.1303935945034027,0.21225109696388245,0.21225109696388245,4.378
7857,0.1303933560848236,0.1303933560848236,0.2122422754764557,0.2122422754764557,4.3785
7858,0.1303931176662445,0.1303931176662445,0.21224255859851837,0.21224255859851837,4.379
7859,0.1303929090499878,0.1303929090499878,0.21223393082618713,0.21223393082618713,4.3795
7860,0.13039268553256989,0.13039268553256989,0.212233304977417,0.212233304977417,4.38
7861,0.13039246201515198,0.13039246201515198,0.21222634613513947,0.21222634613513947,4.3805
7862,0.13039222359657288,0.13039222359657288,0.2122238129377365,0.2122238129377365,4.381
7863,0.13039201498031616,0.13039201498031616,0.21221864223480225,0.21221864223480225,4.3815
7864,0.13039179146289825,0.13039179146289825,0.21221451461315155,0.21221451461315155,4.382
7865,0.13039156794548035,0.13039156794548035,0.21221084892749786,0.21221084892749786,4.3825
7866,0.13039132952690125,0.13039132952690125,0.2122054547071457,0.2122054547071457,4.383
7867,0.13039109110832214,0.13039109110832214,0.212202787399292,0.212202787399292,4.3835
7868,0.13039088249206543,0.13039088249206543,0.21219667792320251,0.21219667792320251,4.384
7869,0.13039064407348633,0.13039064407348633,0.21219435334205627,0.21219435334205627,4.3846
7870,0.13039042055606842,0.13039042055606842,0.21218843758106232,0.21218843758106232,4.3851
7871,0.1303901970386505,0.1303901970386505,0.21218553185462952,0.21218553185462952,4.3856
7872,0.1303899735212326,0.1303899735212326,0.21218045055866241,0.21218045055866241,4.3861
7873,0.1303897649049759,0.1303897649049759,0.2121766060590744,0.2121766060590744,4.3866
7874,0.13038954138755798,0.13038954138755798,0.21217259764671326,0.21217259764671326,4.3871
7875,0.13038930296897888,0.13038930296897888,0.21216754615306854,0.21216754615306854,4.3876
7876,0.13038909435272217,0.13038909435272217,0.21216492354869843,0.21216492354869843,4.3881
7877,0.13038888573646545,0.13038888573646545,0.2121584415435791,0.2121584415435791,4.3886
7878,0.13038870692253113,0.13038870692253113,0.21215739846229553,0.21215739846229553,4.3891
7879,0.1303885132074356,0.1303885132074356,0.2121492326259613,0.2121492326259613,4.3896
7880,0.13038833439350128,0.13038833439350128,0.21215014159679413,0.21215014159679413,4.3901
7881,0.13038820028305054,0.13038820028305054,0.21213984489440918,0.21213984489440918,4.3906
7882,0.13038811087608337,0.13038811087608337,0.21214346587657928,0.21214346587657928,4.3911
7883,0.13038817048072815,0.13038817048072815,0.21213003993034363,0.21213003993034363,4.3916
7884,0.13038840889930725,0.13038840889930725,0.2121381312608719,0.2121381312608719,4.3921
7885,0.13038894534111023,0.13038894534111023,0.21211986243724823,0.21211986243724823,4.3926
7886,0.1303899735212326,0.1303899735212326,0.2121351957321167,0.2121351957321167,4.3931
7887,0.130391925573349,0.130391925573349,0.2121099978685379,0.2121099978685379,4.3936
7888,0.1303953230381012,0.1303953230381012,0.21213741600513458,0.21213741600513458,4.3941
7889,0.13040098547935486,0.13040098547935486,0.21210332214832306,0.21210332214832306,4.3947
7890,0.1304098665714264,0.1304098665714264,0.21214894950389862,0.21214894950389862,4.3952
7891,0.13042274117469788,0.13042274117469788,0.21210801601409912,0.21210801601409912,4.3957
7892,0.1304384171962738,0.1304384171962738,0.21216697990894318,0.21216697990894318,4.3962
7893,0.1304527223110199,0.1304527223110199,0.21213574707508087,0.21213574707508087,4.3967
7894,0.1304563730955124,0.1304563730955124,0.21214142441749573,0.21214142441749573,4.3972
7895,0.13044355809688568,0.13044355809688568,0.21218714118003845,0.21218714118003845,4.3977
7896,0.13041839003562927,0.13041839003562927,0.21199074387550354,0.21199074387550354,4.3982
7897,0.1303979456424713,0.1303979456424713,0.2122824639081955,0.2122824639081955,4.3987
7898,0.1303950697183609,0.1303950697183609,0.21181759238243103,0.21181759238243103,4.3992
7899,0.13040663301944733,0.13040663301944733,0.2124021053314209,0.2124021053314209,4.3997
7900,0.1304180771112442,0.1304180771112442,0.21177223324775696,0.21177223324775696,4.4002
7901,0.13041625916957855,0.13041625916957855,0.21238890290260315,0.21238890290260315,4.4007
7902,0.13040199875831604,0.13040199875831604,0.2118384838104248,0.2118384838104248,4.4012
7903,0.13038766384124756,0.13038766384124756,0.2122044563293457,0.2122044563293457,4.4018
7904,0.13038459420204163,0.13038459420204163,0.21199794113636017,0.21199794113636017,4.4023
7905,0.13039140403270721,0.13039140403270721,0.21201813220977783,0.21201813220977783,4.4028
7906,0.1303977072238922,0.1303977072238922,0.21214595437049866,0.21214595437049866,4.4033
7907,0.13039585947990417,0.13039585947990417,0.2119307965040207,0.2119307965040207,4.4038
7908,0.13038811087608337,0.13038811087608337,0.21214823424816132,0.21214823424816132,4.4043
7909,0.1303829848766327,0.1303829848766327,0.211944580078125,0.211944580078125,4.4048
7910,0.13038478791713715,0.13038478791713715,0.21208353340625763,0.21208353340625763,4.4053
7911,0.13038994371891022,0.13038994371891022,0.21198856830596924,0.21198856830596924,4.4058
7912,0.13039183616638184,0.13039183616638184,0.2120639979839325,0.2120639979839325,4.4063
7913,0.13038861751556396,0.13038861751556396,0.21196408569812775,0.21196408569812775,4.4068
7914,0.13038398325443268,0.13038398325443268,0.2120952606201172,0.2120952606201172,4.4073
7915,0.13038261234760284,0.13038261234760284,0.21189114451408386,0.21189114451408386,4.4078
7916,0.13038453459739685,0.13038453459739685,0.21214351058006287,0.21214351058006287,4.4083
7917,0.1303863227367401,0.1303863227367401,0.21185722947120667,0.21185722947120667,4.4088
7918,0.13038519024848938,0.13038519024848938,0.21212902665138245,0.21212902665138245,4.4094
7919,0.13038212060928345,0.13038212060928345,0.21189036965370178,0.21189036965370178,4.4099
7920,0.13038001954555511,0.13038001954555511,0.2120465338230133,0.2120465338230133,4.4104
7921,0.1303803026676178,0.1303803026676178,0.211957648396492,0.211957648396492,4.4109
7922,0.13038155436515808,0.13038155436515808,0.21197578310966492,0.21197578310966492,4.4114
7923,0.13038168847560883,0.13038168847560883,0.21199364960193634,0.21199364960193634,4.4119
7924,0.1303802728652954,0.1303802728652954,0.21195216476917267,0.21195216476917267,4.4124
7925,0.13037869334220886,0.13037869334220886,0.21197667717933655,0.21197667717933655,4.4129
7926,0.13037827610969543,0.13037827610969543,0.211964413523674,0.211964413523674,4.4134
7927,0.1303788721561432,0.1303788721561432,0.21194800734519958,0.21194800734519958,4.4139
7928,0.13037939369678497,0.13037939369678497,0.21196922659873962,0.21196922659873962,4.4144
7929,0.13037899136543274,0.13037899136543274,0.21194830536842346,0.21194830536842346,4.4149
7930,0.13037802278995514,0.13037802278995514,0.21193590760231018,0.21193590760231018,4.4154
7931,0.13037733733654022,0.13037733733654022,0.21197673678398132,0.21197673678398132,4.4159
7932,0.1303773820400238,0.1303773820400238,0.21188946068286896,0.21188946068286896,4.4164
7933,0.13037772476673126,0.13037772476673126,0.21200160682201385,0.21200160682201385,4.4169
7934,0.13037773966789246,0.13037773966789246,0.2118639051914215,0.2118639051914215,4.4174
7935,0.13037721812725067,0.13037721812725067,0.21199889481067657,0.21199889481067657,4.4179
7936,0.1303766518831253,0.1303766518831253,0.2118631899356842,0.2118631899356842,4.4185
7937,0.1303764134645462,0.1303764134645462,0.2119767665863037,0.2119767665863037,4.419
7938,0.13037648797035217,0.13037648797035217,0.2118701934814453,0.2118701934814453,4.4195
7939,0.13037660717964172,0.13037660717964172,0.2119629830121994,0.2119629830121994,4.42
7940,0.13037648797035217,0.13037648797035217,0.21185855567455292,0.21185855567455292,4.4205
7941,0.1303762048482895,0.1303762048482895,0.21197254955768585,0.21197254955768585,4.421
7942,0.1303759515285492,0.1303759515285492,0.21182450652122498,0.21182450652122498,4.4215
7943,0.13037598133087158,0.13037598133087158,0.21199674904346466,0.21199674904346466,4.422
7944,0.13037621974945068,0.13037621974945068,0.21178588271141052,0.21178588271141052,4.4225
7945,0.1303764432668686,0.1303764432668686,0.21201865375041962,0.21201865375041962,4.423
7946,0.1303766965866089,0.1303766965866089,0.2117542326450348,0.2117542326450348,4.4235
7947,0.13037696480751038,0.13037696480751038,0.2120332270860672,0.2120332270860672,4.424
7948,0.13037751615047455,0.13037751615047455,0.211726576089859,0.211726576089859,4.4245
7949,0.13037841022014618,0.13037841022014618,0.21205130219459534,0.21205130219459534,4.425
7950,0.13037973642349243,0.13037973642349243,0.2116881161928177,0.2116881161928177,4.4255
7951,0.1303814947605133,0.1303814947605133,0.21209144592285156,0.21209144592285156,4.426
7952,0.13038378953933716,0.13038378953933716,0.2116246223449707,0.2116246223449707,4.4265
7953,0.13038678467273712,0.13038678467273712,0.21216222643852234,0.21216222643852234,4.427
7954,0.13039088249206543,0.13039088249206543,0.2115364521741867,0.2115364521741867,4.4275
7955,0.13039611279964447,0.13039611279964447,0.21225933730602264,0.21225933730602264,4.428
7956,0.1304028183221817,0.1304028183221817,0.21143443882465363,0.21143443882465363,4.4285
7957,0.13041064143180847,0.13041064143180847,0.2123710662126541,0.2123710662126541,4.429
7958,0.13041944801807404,0.13041944801807404,0.2113337218761444,0.2113337218761444,4.4296
7959,0.13042816519737244,0.13042816519737244,0.2124743014574051,0.2124743014574051,4.4301
7960,0.13043569028377533,0.13043569028377533,0.21125873923301697,0.21125873923301697,4.4306
7961,0.1304394155740738,0.1304394155740738,0.2125246226787567,0.2125246226787567,4.4311
7962,0.1304379105567932,0.1304379105567932,0.21124544739723206,0.21124544739723206,4.4316
7963,0.13042934238910675,0.13042934238910675,0.21245913207530975,0.21245913207530975,4.4321
7964,0.13041521608829498,0.13041521608829498,0.21133415400981903,0.21133415400981903,4.4326
7965,0.1303982138633728,0.1303982138633728,0.21224775910377502,0.21224775910377502,4.4331
7966,0.13038285076618195,0.13038285076618195,0.21153640747070312,0.21153640747070312,4.4336
7967,0.13037270307540894,0.13037270307540894,0.21195080876350403,0.21195080876350403,4.4341
7968,0.1303693801164627,0.1303693801164627,0.21180057525634766,0.21180057525634766,4.4346
7969,0.13037192821502686,0.13037192821502686,0.21167583763599396,0.21167583763599396,4.4351
7970,0.130377858877182,0.130377858877182,0.21203294396400452,0.21203294396400452,4.4356
7971,0.13038423657417297,0.13038423657417297,0.21149630844593048,0.21149630844593048,4.4361
7972,0.13038839399814606,0.13038839399814606,0.21215251088142395,0.21215251088142395,4.4366
7973,0.13038897514343262,0.13038897514343262,0.21144075691699982,0.21144075691699982,4.4371
7974,0.1303858458995819,0.1303858458995819,0.21212470531463623,0.21212470531463623,4.4376
7975,0.13038036227226257,0.13038036227226257,0.2115049809217453,0.2115049809217453,4.4381
7976,0.13037438690662384,0.13037438690662384,0.21197862923145294,0.21197862923145294,4.4386
7977,0.13036973774433136,0.13036973774433136,0.2116517722606659,0.2116517722606659,4.4392
7978,0.1303674280643463,0.1303674280643463,0.21179072558879852,0.21179072558879852,4.4397
7979,0.13036751747131348,0.13036751747131348,0.21181628108024597,0.21181628108024597,4.4402
7980,0.13036927580833435,0.13036927580833435,0.2116360366344452,0.2116360366344452,4.4407
7981,0.130371555685997,0.130371555685997,0.21193432807922363,0.21193432807922363,4.4412
7982,0.1303732693195343,0.1303732693195343,0.21155402064323425,0.21155402064323425,4.4417
7983,0.13037380576133728,0.13037380576133728,0.21197041869163513,0.21197041869163513,4.4422
7984,0.1303730010986328,0.1303730010986328,0.21154895424842834,0.21154895424842834,4.4427
7985,0.13037121295928955,0.13037121295928955,0.2119263857603073,0.2119263857603073,4.4432
7986,0.13036897778511047,0.13036897778511047,0.21160316467285156,0.21160316467285156,4.4437
7987,0.1303669810295105,0.1303669810295105,0.21183280646800995,0.21183280646800995,4.4442
7988,0.13036559522151947,0.13036559522151947,0.211687371134758,0.211687371134758,4.4447
7989,0.1303650289773941,0.1303650289773941,0.21172872185707092,0.21172872185707092,4.4452
7990,0.13036514818668365,0.13036514818668365,0.21176977455615997,0.21176977455615997,4.4457
7991,0.13036568462848663,0.13036568462848663,0.2116450071334839,0.2116450071334839,4.4462
7992,0.1303662806749344,0.1303662806749344,0.21182580292224884,0.21182580292224884,4.4467
7993,0.13036665320396423,0.13036665320396423,0.21159720420837402,0.21159720420837402,4.4472
7994,0.13036666810512543,0.13036666810512543,0.21184304356575012,0.21184304356575012,4.4477
7995,0.13036635518074036,0.13036635518074036,0.21158818900585175,0.21158818900585175,4.4482
7996,0.13036566972732544,0.13036566972732544,0.21182222664356232,0.21182222664356232,4.4487
7997,0.13036486506462097,0.13036486506462097,0.2116107940673828,0.2116107940673828,4.4493
7998,0.13036401569843292,0.13036401569843292,0.21177467703819275,0.21177467703819275,4.4498
7999,0.1303633153438568,0.1303633153438568,0.21165141463279724,0.21165141463279724,4.4503
8000,0.1303628534078598,0.1303628534078598,0.21171684563159943,0.21171684563159943,4.4524
8001,0.13036257028579712,0.13036257028579712,0.21169500052928925,0.21169500052928925,4.4531
8002,0.13036248087882996,0.13036248087882996,0.21166352927684784,0.21166352927684784,4.4536
8003,0.13036248087882996,0.13036248087882996,0.21172848343849182,0.21172848343849182,4.4541
8004,0.13036248087882996,0.13036248087882996,0.21162477135658264,0.21162477135658264,4.4546
8005,0.13036245107650757,0.13036245107650757,0.21174494922161102,0.21174494922161102,4.4551
8006,0.1303623765707016,0.1303623765707016,0.2116035521030426,0.2116035521030426,4.4556
8007,0.13036221265792847,0.13036221265792847,0.21174435317516327,0.21174435317516327,4.4561
8008,0.13036195933818817,0.13036195933818817,0.21159830689430237,0.21159830689430237,4.4566
8009,0.1303616464138031,0.1303616464138031,0.21173009276390076,0.21173009276390076,4.4572
8010,0.13036128878593445,0.13036128878593445,0.21160440146923065,0.21160440146923065,4.4577
8011,0.130360946059227,0.130360946059227,0.21170738339424133,0.21170738339424133,4.4582
8012,0.13036057353019714,0.13036057353019714,0.2116164267063141,0.2116164267063141,4.4587
8013,0.13036024570465088,0.13036024570465088,0.21168120205402374,0.21168120205402374,4.4592
8014,0.1303599625825882,0.1303599625825882,0.21162977814674377,0.21162977814674377,4.4597
8015,0.1303597241640091,0.1303597241640091,0.2116549015045166,0.2116549015045166,4.4602
8016,0.1303595006465912,0.1303595006465912,0.21164169907569885,0.21164169907569885,4.4607
8017,0.13035930693149567,0.13035930693149567,0.21163077652454376,0.21163077652454376,4.4612
8018,0.13035914301872253,0.13035914301872253,0.21165041625499725,0.21165041625499725,4.4617
8019,0.1303589642047882,0.1303589642047882,0.21161027252674103,0.21161027252674103,4.4622
8020,0.13035881519317627,0.13035881519317627,0.21165505051612854,0.21165505051612854,4.4627
8021,0.13035863637924194,0.13035863637924194,0.21159422397613525,0.21159422397613525,4.4633
8022,0.13035848736763,0.13035848736763,0.21165570616722107,0.21165570616722107,4.4638
8023,0.13035829365253448,0.13035829365253448,0.2115822285413742,0.2115822285413742,4.4643
8024,0.13035812973976135,0.13035812973976135,0.2116529494524002,0.2116529494524002,4.4648
8025,0.13035790622234344,0.13035790622234344,0.21157364547252655,0.21157364547252655,4.4653
8026,0.13035769760608673,0.13035769760608673,0.21164755523204803,0.21164755523204803,4.4658
8027,0.13035748898983002,0.13035748898983002,0.21156704425811768,0.21156704425811768,4.4663
8028,0.1303573101758957,0.1303573101758957,0.21164071559906006,0.21164071559906006,4.4668
8029,0.1303570717573166,0.1303570717573166,0.21156129240989685,0.21156129240989685,4.4673
8030,0.13035689294338226,0.13035689294338226,0.21163339912891388,0.21163339912891388,4.4678
8031,0.13035669922828674,0.13035669922828674,0.21155545115470886,0.21155545115470886,4.4683
8032,0.13035650551319122,0.13035650551319122,0.2116265743970871,0.2116265743970871,4.4688
8033,0.13035628199577332,0.13035628199577332,0.2115488499403,0.2115488499403,4.4693
8034,0.1303560882806778,0.1303560882806778,0.2116205245256424,0.2116205245256424,4.4698
8035,0.1303558647632599,0.1303558647632599,0.21154136955738068,0.21154136955738068,4.4704
8036,0.13035568594932556,0.13035568594932556,0.2116156369447708,0.2116156369447708,4.4709
8037,0.13035550713539124,0.13035550713539124,0.21153254806995392,0.21153254806995392,4.4714
8038,0.1303553283214569,0.1303553283214569,0.21161246299743652,0.21161246299743652,4.4719
8039,0.13035514950752258,0.13035514950752258,0.21152198314666748,0.21152198314666748,4.4724
8040,0.13035500049591064,0.13035500049591064,0.21161127090454102,0.21161127090454102,4.4729
8041,0.1303548514842987,0.1303548514842987,0.21150922775268555,0.21150922775268555,4.4734
8042,0.13035473227500916,0.13035473227500916,0.21161293983459473,0.21161293983459473,4.4739
8043,0.1303546279668808,0.1303546279668808,0.21149325370788574,0.21149325370788574,4.4744
8044,0.13035458326339722,0.13035458326339722,0.21161845326423645,0.21161845326423645,4.4749
8045,0.13035452365875244,0.13035452365875244,0.21147306263446808,0.21147306263446808,4.4754
8046,0.13035456836223602,0.13035456836223602,0.21162915229797363,0.21162915229797363,4.4759
8047,0.13035471737384796,0.13035471737384796,0.21144692599773407,0.21144692599773407,4.4765
8048,0.13035494089126587,0.13035494089126587,0.21164751052856445,0.21164751052856445,4.477
8049,0.1303553283214569,0.1303553283214569,0.2114124745130539,0.2114124745130539,4.4775
8050,0.13035593926906586,0.13035593926906586,0.21167650818824768,0.21167650818824768,4.478
8051,0.13035687804222107,0.13035687804222107,0.2113666981458664,0.2113666981458664,4.4785
8052,0.1303582340478897,0.1303582340478897,0.21172085404396057,0.21172085404396057,4.479
8053,0.1303601711988449,0.1303601711988449,0.21130523085594177,0.21130523085594177,4.4795
8054,0.13036295771598816,0.13036295771598816,0.21178726851940155,0.21178726851940155,4.48
8055,0.13036687672138214,0.13036687672138214,0.21122300624847412,0.21122300624847412,4.4805
8056,0.13037224113941193,0.13037224113941193,0.2118833065032959,0.2118833065032959,4.481
8057,0.13037952780723572,0.13037952780723572,0.2111169844865799,0.2111169844865799,4.4815
8058,0.13038894534111023,0.13038894534111023,0.21201391518115997,0.21201391518115997,4.482
8059,0.1304008662700653,0.1304008662700653,0.2109909951686859,0.2109909951686859,4.4825
8060,0.1304144561290741,0.1304144561290741,0.2121693640947342,0.2121693640947342,4.483
8061,0.13042870163917542,0.13042870163917542,0.2108694612979889,0.2108694612979889,4.4835
8062,0.13043992221355438,0.13043992221355438,0.21229705214500427,0.21229705214500427,4.484
8063,0.1304449737071991,0.1304449737071991,0.21080970764160156,0.21080970764160156,4.4845
8064,0.13043898344039917,0.13043898344039917,0.21228642761707306,0.21228642761707306,4.485
8065,0.13042184710502625,0.13042184710502625,0.21088406443595886,0.21088406443595886,4.4855
8066,0.13039648532867432,0.13039648532867432,0.21204575896263123,0.21204575896263123,4.486
8067,0.13037124276161194,0.13037124276161194,0.21113455295562744,0.21113455295562744,4.4865
8068,0.13035398721694946,0.13035398721694946,0.2116536647081375,0.2116536647081375,4.4871
8069,0.13034887611865997,0.13034887611865997,0.21149516105651855,0.21149516105651855,4.4876
8070,0.13035449385643005,0.13035449385643005,0.211293026804924,0.211293026804924,4.4881
8071,0.1303655356168747,0.1303655356168747,0.21180669963359833,0.21180669963359833,4.4886
8072,0.13037562370300293,0.13037562370300293,0.2110888957977295,0.2110888957977295,4.4891
8073,0.13037975132465363,0.13037975132465363,0.21192726492881775,0.21192726492881775,4.4896
8074,0.13037638366222382,0.13037638366222382,0.21107535064220428,0.21107535064220428,4.4901
8075,0.130367249250412,0.130367249250412,0.21181730926036835,0.21181730926036835,4.4906
8076,0.1303568184375763,0.1303568184375763,0.2112307995557785,0.2112307995557785,4.4911
8077,0.1303493082523346,0.1303493082523346,0.21156661212444305,0.21156661212444305,4.4916
8078,0.1303470879793167,0.1303470879793167,0.21147127449512482,0.21147127449512482,4.4921
8079,0.13034960627555847,0.13034960627555847,0.21132636070251465,0.21132636070251465,4.4926
8080,0.13035428524017334,0.13035428524017334,0.21167178452014923,0.21167178452014923,4.4931
8081,0.13035817444324493,0.13035817444324493,0.21119754016399384,0.21119754016399384,4.4936
8082,0.1303592026233673,0.1303592026233673,0.2117381989955902,0.2117381989955902,4.4941
8083,0.13035711646080017,0.13035711646080017,0.21120505034923553,0.21120505034923553,4.4946
8084,0.1303529590368271,0.1303529590368271,0.21165814995765686,0.21165814995765686,4.4952
8085,0.13034872710704803,0.13034872710704803,0.21131904423236847,0.21131904423236847,4.4957
8086,0.13034598529338837,0.13034598529338837,0.21149787306785583,0.21149787306785583,4.4962
8087,0.1303454041481018,0.1303454041481018,0.2114715576171875,0.2114715576171875,4.4967
8088,0.13034656643867493,0.13034656643867493,0.21134886145591736,0.21134886145591736,4.4972
8089,0.1303483545780182,0.1303483545780182,0.21158640086650848,0.21158640086650848,4.4977
8090,0.13034971058368683,0.13034971058368683,0.21127042174339294,0.21127042174339294,4.4982
8091,0.13034988939762115,0.13034988939762115,0.2116171419620514,0.2116171419620514,4.4987
8092,0.13034884631633759,0.13034884631633759,0.21127668023109436,0.21127668023109436,4.4992
8093,0.1303471028804779,0.1303471028804779,0.211564302444458,0.211564302444458,4.4997
8094,0.13034528493881226,0.13034528493881226,0.21134667098522186,0.21134667098522186,4.5003
8095,0.13034403324127197,0.13034403324127197,0.21146777272224426,0.21146777272224426,4.5008
8096,0.13034357130527496,0.13034357130527496,0.21143896877765656,0.21143896877765656,4.5013
8097,0.13034379482269287,0.13034379482269287,0.21137690544128418,0.21137690544128418,4.5018
8098,0.13034430146217346,0.13034430146217346,0.21151109039783478,0.21151109039783478,4.5023
8099,0.13034479320049286,0.13034479320049286,0.2113240659236908,0.2113240659236908,4.5028
8100,0.1303449422121048,0.1303449422121048,0.21153731644153595,0.21153731644153595,4.5033
8101,0.13034462928771973,0.13034462928771973,0.2113182097673416,0.2113182097673416,4.5038
8102,0.1303439438343048,0.1303439438343048,0.2115153819322586,0.2115153819322586,4.5043
8103,0.13034313917160034,0.13034313917160034,0.21134977042675018,0.21134977042675018,4.5048
8104,0.13034239411354065,0.13034239411354065,0.2114633023738861,0.2114633023738861,4.5053
8105,0.13034188747406006,0.13034188747406006,0.21139855682849884,0.21139855682849884,4.5058
8106,0.13034161925315857,0.13034161925315857,0.2114056646823883,0.2114056646823883,4.5063
8107,0.13034160435199738,0.13034160435199738,0.2114437371492386,0.2114437371492386,4.5068
8108,0.13034161925315857,0.13034161925315857,0.21136221289634705,0.21136221289634705,4.5074
8109,0.13034166395664215,0.13034166395664215,0.2114701271057129,0.2114701271057129,4.5079
8110,0.13034163415431976,0.13034163415431976,0.211342453956604,0.211342453956604,4.5084
8111,0.13034145534038544,0.13034145534038544,0.21147282421588898,0.21147282421588898,4.5089
8112,0.13034112751483917,0.13034112751483917,0.21134547889232635,0.21134547889232635,4.5094
8113,0.13034076988697052,0.13034076988697052,0.21145541965961456,0.21145541965961456,4.5099
8114,0.1303403675556183,0.1303403675556183,0.2113640308380127,0.2113640308380127,4.5104
8115,0.13034000992774963,0.13034000992774963,0.21142664551734924,0.21142664551734924,4.5109
8116,0.13033971190452576,0.13033971190452576,0.21138811111450195,0.21138811111450195,4.5114
8117,0.13033945858478546,0.13033945858478546,0.21139612793922424,0.21139612793922424,4.5119
8118,0.13033930957317352,0.13033930957317352,0.21140949428081512,0.21140949428081512,4.5124
8119,0.13033920526504517,0.13033920526504517,0.2113712728023529,0.2113712728023529,4.5129
8120,0.13033905625343323,0.13033905625343323,0.21142268180847168,0.21142268180847168,4.5134
8121,0.13033893704414368,0.13033893704414368,0.21135592460632324,0.21135592460632324,4.5139
8122,0.13033878803253174,0.13033878803253174,0.21142621338367462,0.21142621338367462,4.5144
8123,0.13033857941627502,0.13033857941627502,0.21135029196739197,0.21135029196739197,4.5149
8124,0.13033835589885712,0.13033835589885712,0.2114211618900299,0.2114211618900299,4.5154
8125,0.1303381323814392,0.1303381323814392,0.21135254204273224,0.21135254204273224,4.516
8126,0.13033786416053772,0.13033786416053772,0.21141009032726288,0.21141009032726288,4.5165
8127,0.1303376406431198,0.1303376406431198,0.21135970950126648,0.21135970950126648,4.517
8128,0.1303374022245407,0.1303374022245407,0.21139569580554962,0.21139569580554962,4.5175
8129,0.13033714890480042,0.13033714890480042,0.21136856079101562,0.21136856079101562,4.518
8130,0.1303369700908661,0.1303369700908661,0.2113810032606125,0.2113810032606125,4.5185
8131,0.13033674657344818,0.13033674657344818,0.21137651801109314,0.21137651801109314,4.519
8132,0.13033658266067505,0.13033658266067505,0.2113678753376007,0.2113678753376007,4.5196
8133,0.13033640384674072,0.13033640384674072,0.21138235926628113,0.21138235926628113,4.5201
8134,0.1303362250328064,0.1303362250328064,0.21135742962360382,0.21135742962360382,4.5206
8135,0.13033604621887207,0.13033604621887207,0.21138539910316467,0.21138539910316467,4.5211
8136,0.13033586740493774,0.13033586740493774,0.21135039627552032,0.21135039627552032,4.5216
8137,0.13033568859100342,0.13033568859100342,0.21138572692871094,0.21138572692871094,4.5221
8138,0.1303354799747467,0.1303354799747467,0.21134591102600098,0.21134591102600098,4.5226
8139,0.13033530116081238,0.13033530116081238,0.21138425171375275,0.21138425171375275,4.5231
8140,0.13033512234687805,0.13033512234687805,0.2113434374332428,0.2113434374332428,4.5236
8141,0.13033489882946014,0.13033489882946014,0.21138104796409607,0.21138104796409607,4.5241
8142,0.13033470511436462,0.13033470511436462,0.21134229004383087,0.21134229004383087,4.5246
8143,0.1303345113992691,0.1303345113992691,0.2113768309354782,0.2113768309354782,4.5251
8144,0.1303343027830124,0.1303343027830124,0.2113420069217682,0.2113420069217682,4.5256
8145,0.13033412396907806,0.13033412396907806,0.2113722264766693,0.2113722264766693,4.5261
8146,0.13033390045166016,0.13033390045166016,0.21134181320667267,0.21134181320667267,4.5266
8147,0.13033370673656464,0.13033370673656464,0.21136756241321564,0.21136756241321564,4.5272
8148,0.13033351302146912,0.13033351302146912,0.21134154498577118,0.21134154498577118,4.5277
8149,0.1303333193063736,0.1303333193063736,0.21136292815208435,0.21136292815208435,4.5282
8150,0.13033311069011688,0.13033311069011688,0.21134109795093536,0.21134109795093536,4.5287
8151,0.13033291697502136,0.13033291697502136,0.21135863661766052,0.21135863661766052,4.5292
8152,0.13033273816108704,0.13033273816108704,0.21133999526500702,0.21133999526500702,4.5297
8153,0.13033251464366913,0.13033251464366913,0.21135500073432922,0.21135500073432922,4.5302
8154,0.1303323209285736,0.1303323209285736,0.21133849024772644,0.21133849024772644,4.5307
8155,0.1303321123123169,0.1303321123123169,0.21135179698467255,0.21135179698467255,4.5312
8156,0.13033193349838257,0.13033193349838257,0.21133646368980408,0.21133646368980408,4.5317
8157,0.13033173978328705,0.13033173978328705,0.21134920418262482,0.21134920418262482,4.5322
8158,0.13033156096935272,0.13033156096935272,0.21133384108543396,0.21133384108543396,4.5327
8159,0.1303313672542572,0.1303313672542572,0.21134714782238007,0.21134714782238007,4.5332
8160,0.13033117353916168,0.13033117353916168,0.21133077144622803,0.21133077144622803,4.5338
8161,0.13033097982406616,0.13033097982406616,0.2113455832004547,0.2113455832004547,4.5343
8162,0.13033081591129303,0.13033081591129303,0.2113269865512848,0.2113269865512848,4.5348
8163,0.13033059239387512,0.13033059239387512,0.2113448679447174,0.2113448679447174,4.5353
8164,0.1303304135799408,0.1303304135799408,0.21132245659828186,0.21132245659828186,4.5358
8165,0.13033023476600647,0.13033023476600647,0.21134495735168457,0.21134495735168457,4.5363
8166,0.13033005595207214,0.13033005595207214,0.21131697297096252,0.21131697297096252,4.5368
8167,0.13032984733581543,0.13032984733581543,0.21134603023529053,0.21134603023529053,4.5373
8168,0.1303296983242035,0.1303296983242035,0.2113102674484253,0.2113102674484253,4.5378
8169,0.13032953441143036,0.13032953441143036,0.2113489806652069,0.2113489806652069,4.5383
8170,0.13032935559749603,0.13032935559749603,0.21130123734474182,0.21130123734474182,4.5388
8171,0.1303292214870453,0.1303292214870453,0.21135453879833221,0.21135453879833221,4.5394
8172,0.13032910227775574,0.13032910227775574,0.2112892121076584,0.2112892121076584,4.5399
8173,0.13032901287078857,0.13032901287078857,0.2113640308380127,0.2113640308380127,4.5404
8174,0.1303289830684662,0.1303289830684662,0.2112724781036377,0.2112724781036377,4.5409
8175,0.13032904267311096,0.13032904267311096,0.21137985587120056,0.21137985587120056,4.5414
8176,0.1303291916847229,0.1303291916847229,0.21124839782714844,0.21124839782714844,4.5419
8177,0.13032950460910797,0.13032950460910797,0.21140551567077637,0.21140551567077637,4.5424
8178,0.13033011555671692,0.13033011555671692,0.21121326088905334,0.21121326088905334,4.5429
8179,0.1303311288356781,0.1303311288356781,0.21144695580005646,0.21144695580005646,4.5434
8180,0.13033275306224823,0.13033275306224823,0.21116113662719727,0.21116113662719727,4.5439
8181,0.13033536076545715,0.13033536076545715,0.2115137130022049,0.2115137130022049,4.5444
8182,0.13033947348594666,0.13033947348594666,0.21108384430408478,0.21108384430408478,4.5449
8183,0.13034579157829285,0.13034579157829285,0.21162092685699463,0.21162092685699463,4.5454
8184,0.13035540282726288,0.13035540282726288,0.210972398519516,0.210972398519516,4.5459
8185,0.130369633436203,0.130369633436203,0.2117892950773239,0.2117892950773239,4.5464
8186,0.1303900182247162,0.1303900182247162,0.2108231484889984,0.2108231484889984,4.547
8187,0.13041697442531586,0.13041697442531586,0.2120329588651657,0.2120329588651657,4.5475
8188,0.13044936954975128,0.13044936954975128,0.21065744757652283,0.21065744757652283,4.548
8189,0.1304798722267151,0.1304798722267151,0.21228989958763123,0.21228989958763123,4.5485
8190,0.1304975152015686,0.1304975152015686,0.2105478048324585,0.2105478048324585,4.549
8191,0.13048644363880157,0.13048644363880157,0.212331622838974,0.212331622838974,4.5495
8192,0.13044431805610657,0.13044431805610657,0.21062389016151428,0.21062389016151428,4.55
8193,0.13038527965545654,0.13038527965545654,0.2119254767894745,0.2119254767894745,4.5505
8194,0.13033922016620636,0.13033922016620636,0.21100588142871857,0.21100588142871857,4.5511
8195,0.13032647967338562,0.13032647967338562,0.21131399273872375,0.21131399273872375,4.5516
8196,0.13034488260746002,0.13034488260746002,0.21156243979930878,0.21156243979930878,4.5521
8197,0.13037392497062683,0.13037392497062683,0.21090158820152283,0.21090158820152283,4.5526
8198,0.13039006292819977,0.13039006292819977,0.2118891179561615,0.2118891179561615,4.5531
8199,0.13038204610347748,0.13038204610347748,0.21081265807151794,0.21081265807151794,4.5536
8200,0.13035647571086884,0.13035647571086884,0.21173973381519318,0.21173973381519318,4.5541
8201,0.13033266365528107,0.13033266365528107,0.21104268729686737,0.21104268729686737,4.5546
8202,0.13032548129558563,0.13032548129558563,0.21132807433605194,0.21132807433605194,4.5551
8203,0.1303350180387497,0.1303350180387497,0.21143122017383575,0.21143122017383575,4.5556
8204,0.13034895062446594,0.13034895062446594,0.21102194488048553,0.21102194488048553,4.5561
8205,0.130354106426239,0.130354106426239,0.21164432168006897,0.21164432168006897,4.5566
8206,0.1303466409444809,0.1303466409444809,0.21097028255462646,0.21097028255462646,4.5571
8207,0.1303333342075348,0.1303333342075348,0.21153390407562256,0.21153390407562256,4.5576
8208,0.1303245723247528,0.1303245723247528,0.21115145087242126,0.21115145087242126,4.5581
8209,0.13032524287700653,0.13032524287700653,0.21127939224243164,0.21127939224243164,4.5586
8210,0.130331888794899,0.130331888794899,0.21140260994434357,0.21140260994434357,4.5592
8211,0.13033699989318848,0.13033699989318848,0.21110372245311737,0.21110372245311737,4.5597
8212,0.13033585250377655,0.13033585250377655,0.2115008533000946,0.2115008533000946,4.5602
8213,0.1303296983242035,0.1303296983242035,0.21109437942504883,0.21109437942504883,4.5607
8214,0.13032369315624237,0.13032369315624237,0.21140170097351074,0.21140170097351074,4.5612
8215,0.13032196462154388,0.13032196462154388,0.21122226119041443,0.21122226119041443,4.5617
8216,0.13032445311546326,0.13032445311546326,0.21124546229839325,0.21124546229839325,4.5622
8217,0.1303277462720871,0.1303277462720871,0.21136076748371124,0.21136076748371124,4.5627
8218,0.13032850623130798,0.13032850623130798,0.2111549824476242,0.2111549824476242,4.5632
8219,0.1303260624408722,0.1303260624408722,0.21139125525951385,0.21139125525951385,4.5637
8220,0.1303224414587021,0.1303224414587021,0.2111678421497345,0.2111678421497345,4.5642
8221,0.13032031059265137,0.13032031059265137,0.21132025122642517,0.21132025122642517,4.5647
8222,0.1303206980228424,0.1303206980228424,0.21125206351280212,0.21125206351280212,4.5652
8223,0.1303224265575409,0.1303224265575409,0.21123559772968292,0.21123559772968292,4.5657
8224,0.130323588848114,0.130323588848114,0.2113233506679535,0.2113233506679535,4.5662
8225,0.13032303750514984,0.13032303750514984,0.21119780838489532,0.21119780838489532,4.5668
8226,0.13032115995883942,0.13032115995883942,0.2113257348537445,0.2113257348537445,4.5673
8227,0.13031934201717377,0.13031934201717377,0.21121665835380554,0.21121665835380554,4.5678
8228,0.13031870126724243,0.13031870126724243,0.21127982437610626,0.21127982437610626,4.5683
8229,0.13031922280788422,0.13031922280788422,0.2112644612789154,0.2112644612789154,4.5688
8230,0.13032005727291107,0.13032005727291107,0.21123547852039337,0.21123547852039337,4.5693
8231,0.13032034039497375,0.13032034039497375,0.21129408478736877,0.21129408478736877,4.5698
8232,0.1303197145462036,0.1303197145462036,0.21122102439403534,0.21122102439403534,4.5707
8233,0.13031859695911407,0.13031859695911407,0.21128328144550323,0.21128328144550323,4.5712
8234,0.13031767308712006,0.13031767308712006,0.2112363576889038,0.2112363576889038,4.5753
8235,0.13031740486621857,0.13031740486621857,0.21125245094299316,0.21125245094299316,4.5758
8236,0.13031764328479767,0.13031764328479767,0.21126174926757812,0.21126174926757812,4.5764
8237,0.13031795620918274,0.13031795620918274,0.2112305611371994,0.2112305611371994,4.5769
8238,0.13031797111034393,0.13031797111034393,0.21127252280712128,0.21127252280712128,4.5777
8239,0.13031752407550812,0.13031752407550812,0.21122929453849792,0.21122929453849792,4.5782
8240,0.13031688332557678,0.13031688332557678,0.21126031875610352,0.21126031875610352,4.5787
8241,0.130316361784935,0.130316361784935,0.21124367415905,0.21124367415905,4.5793
8242,0.1303160935640335,0.1303160935640335,0.21123890578746796,0.21123890578746796,4.5798
8243,0.1303160935640335,0.1303160935640335,0.2112588882446289,0.2112588882446289,4.5803
8244,0.13031616806983948,0.13031616806983948,0.21122559905052185,0.21122559905052185,4.5808
8245,0.1303160935640335,0.1303160935640335,0.21126088500022888,0.21126088500022888,4.5814
8246,0.1303158551454544,0.1303158551454544,0.2112267017364502,0.2112267017364502,4.5819
8247,0.13031543791294098,0.13031543791294098,0.21124747395515442,0.21124747395515442,4.5824
8248,0.13031509518623352,0.13031509518623352,0.2112375795841217,0.2112375795841217,4.583
8249,0.13031482696533203,0.13031482696533203,0.2112288773059845,0.2112288773059845,4.5835
8250,0.13031473755836487,0.13031473755836487,0.2112489938735962,0.2112489938735962,4.584
8251,0.1303146779537201,0.1303146779537201,0.21121737360954285,0.21121737360954285,4.5845
8252,0.13031455874443054,0.13031455874443054,0.21125125885009766,0.21125125885009766,4.5851
8253,0.13031437993049622,0.13031437993049622,0.21121768653392792,0.21121768653392792,4.5856
8254,0.13031412661075592,0.13031412661075592,0.21124187111854553,0.21124187111854553,4.5861
8255,0.13031384348869324,0.13031384348869324,0.21122649312019348,0.21122649312019348,4.5867
8256,0.13031357526779175,0.13031357526779175,0.21122689545154572,0.21122689545154572,4.5873
8257,0.13031341135501862,0.13031341135501862,0.21123676002025604,0.21123676002025604,4.5878
8258,0.13031326234340668,0.13031326234340668,0.21121469140052795,0.21121469140052795,4.5883
8259,0.13031312823295593,0.13031312823295593,0.2112414836883545,0.2112414836883545,4.5889
8260,0.1303129941225052,0.1303129941225052,0.2112104445695877,0.2112104445695877,4.5895
8261,0.13031281530857086,0.13031281530857086,0.21123743057250977,0.21123743057250977,4.59
8262,0.13031259179115295,0.13031259179115295,0.21121397614479065,0.21121397614479065,4.5905
8263,0.13031235337257385,0.13031235337257385,0.21122710406780243,0.21122710406780243,4.5911
8264,0.13031214475631714,0.13031214475631714,0.2112213373184204,0.2112213373184204,4.5916
8265,0.1303119957447052,0.1303119957447052,0.21121588349342346,0.21121588349342346,4.5921
8266,0.13031181693077087,0.13031181693077087,0.21122774481773376,0.21122774481773376,4.5926
8267,0.13031166791915894,0.13031166791915894,0.2112080156803131,0.2112080156803131,4.5931
8268,0.1303115040063858,0.1303115040063858,0.2112288475036621,0.2112288475036621,4.594
8269,0.1303112953901291,0.1303112953901291,0.2112056463956833,0.2112056463956833,4.5946
8270,0.13031111657619476,0.13031111657619476,0.21122460067272186,0.21122460067272186,4.5951
8271,0.13031093776226044,0.13031093776226044,0.21120794117450714,0.21120794117450714,4.5956
8272,0.13031072914600372,0.13031072914600372,0.2112172544002533,0.2112172544002533,4.5961
8273,0.1303105503320694,0.1303105503320694,0.21121200919151306,0.21121200919151306,4.5967
8274,0.13031037151813507,0.13031037151813507,0.21120958030223846,0.21120958030223846,4.5972
8275,0.13031020760536194,0.13031020760536194,0.21121510863304138,0.21121510863304138,4.5977
8276,0.1303100287914276,0.1303100287914276,0.2112039029598236,0.2112039029598236,4.5982
8277,0.1303098499774933,0.1303098499774933,0.21121534705162048,0.21121534705162048,4.5987
8278,0.13030967116355896,0.13030967116355896,0.21120119094848633,0.21120119094848633,4.5992
8279,0.13030949234962463,0.13030949234962463,0.2112129181623459,0.2112129181623459,4.5997
8280,0.1303092986345291,0.1303092986345291,0.21120095252990723,0.21120095252990723,4.6006
8281,0.1303091198205948,0.1303091198205948,0.2112082690000534,0.2112082690000534,4.6011
8282,0.13030892610549927,0.13030892610549927,0.21120202541351318,0.21120202541351318,4.602
8283,0.13030876219272614,0.13030876219272614,0.21120305359363556,0.21120305359363556,4.6025
8284,0.130308598279953,0.130308598279953,0.21120285987854004,0.21120285987854004,4.6031
8285,0.1303083896636963,0.1303083896636963,0.2111985683441162,0.2111985683441162,4.6036
8286,0.13030824065208435,0.13030824065208435,0.2112026959657669,0.2112026959657669,4.6041
8287,0.13030806183815002,0.13030806183815002,0.2111954391002655,0.2111954391002655,4.6046
8288,0.1303078681230545,0.1303078681230545,0.21120116114616394,0.21120116114616394,4.6051
8289,0.13030770421028137,0.13030770421028137,0.2111935317516327,0.2111935317516327,4.6056
8290,0.13030751049518585,0.13030751049518585,0.21119865775108337,0.21119865775108337,4.6062
8291,0.13030733168125153,0.13030733168125153,0.21119260787963867,0.21119260787963867,4.6067
8292,0.1303071230649948,0.1303071230649948,0.21119527518749237,0.21119527518749237,4.6072
8293,0.13030697405338287,0.13030697405338287,0.2111920565366745,0.2111920565366745,4.6077
8294,0.13030681014060974,0.13030681014060974,0.21119201183319092,0.21119201183319092,4.6082
8295,0.13030661642551422,0.13030661642551422,0.21119126677513123,0.21119126677513123,4.6088
8296,0.1303064525127411,0.1303064525127411,0.21118910610675812,0.21118910610675812,4.6093
8297,0.13030627369880676,0.13030627369880676,0.211189866065979,0.211189866065979,4.6099
8298,0.13030606508255005,0.13030606508255005,0.21118652820587158,0.21118652820587158,4.6104
8299,0.1303059160709381,0.1303059160709381,0.21118803322315216,0.21118803322315216,4.611
8300,0.13030573725700378,0.13030573725700378,0.21118465065956116,0.21118465065956116,4.6115
8301,0.13030552864074707,0.13030552864074707,0.21118569374084473,0.21118569374084473,4.612
8302,0.13030534982681274,0.13030534982681274,0.21118304133415222,0.21118304133415222,4.6127
8303,0.1303052008152008,0.1303052008152008,0.21118327975273132,0.21118327975273132,4.6133
8304,0.13030502200126648,0.13030502200126648,0.21118152141571045,0.21118152141571045,4.6139
8305,0.13030482828617096,0.13030482828617096,0.21118083596229553,0.21118083596229553,4.6145
8306,0.13030466437339783,0.13030466437339783,0.21118000149726868,0.21118000149726868,4.615
8307,0.1303044855594635,0.1303044855594635,0.2111784964799881,0.2111784964799881,4.6155
8308,0.13030430674552917,0.13030430674552917,0.211178258061409,0.211178258061409,4.616
8309,0.13030412793159485,0.13030412793159485,0.2111765444278717,0.2111765444278717,4.6166
8310,0.13030394911766052,0.13030394911766052,0.21117615699768066,0.21117615699768066,4.6171
8311,0.1303037703037262,0.1303037703037262,0.21117477118968964,0.21117477118968964,4.6176
8312,0.13030359148979187,0.13030359148979187,0.2111738622188568,0.2111738622188568,4.6181
8313,0.13030339777469635,0.13030339777469635,0.21117322146892548,0.21117322146892548,4.6187
8314,0.13030321896076202,0.13030321896076202,0.21117134392261505,0.21117134392261505,4.6192
8315,0.1303030550479889,0.1303030550479889,0.21117182075977325,0.21117182075977325,4.6197
8316,0.13030287623405457,0.13030287623405457,0.2111687958240509,0.2111687958240509,4.6202
8317,0.13030269742012024,0.13030269742012024,0.21117036044597626,0.21117036044597626,4.6207
8318,0.1303025186061859,0.1303025186061859,0.21116630733013153,0.21116630733013153,4.6212
8319,0.1303023397922516,0.1303023397922516,0.21116900444030762,0.21116900444030762,4.6218
8320,0.13030216097831726,0.13030216097831726,0.2111637145280838,0.2111637145280838,4.6223
8321,0.13030198216438293,0.13030198216438293,0.2111676037311554,0.2111676037311554,4.6228
8322,0.1303018033504486,0.1303018033504486,0.21116110682487488,0.21116110682487488,4.6233
8323,0.13030162453651428,0.13030162453651428,0.21116633713245392,0.21116633713245392,4.6238
8324,0.13030144572257996,0.13030144572257996,0.21115842461585999,0.21115842461585999,4.6243
8325,0.13030128180980682,0.13030128180980682,0.21116523444652557,0.21116523444652557,4.6249
8326,0.1303010880947113,0.1303010880947113,0.2111554592847824,0.2111554592847824,4.6254
8327,0.13030093908309937,0.13030093908309937,0.2111644744873047,0.2111644744873047,4.6259
8328,0.13030071556568146,0.13030071556568146,0.21115219593048096,0.21115219593048096,4.6264
8329,0.13030055165290833,0.13030055165290833,0.2111639529466629,0.2111639529466629,4.6269
8330,0.1303004026412964,0.1303004026412964,0.21114850044250488,0.21114850044250488,4.6275
8331,0.13030019402503967,0.13030019402503967,0.211164191365242,0.211164191365242,4.628
8332,0.13030001521110535,0.13030001521110535,0.21114377677440643,0.21114377677440643,4.6288
8333,0.1302998661994934,0.1302998661994934,0.21116535365581512,0.21116535365581512,4.6293
8334,0.13029968738555908,0.13029968738555908,0.21113798022270203,0.21113798022270203,4.63
8335,0.13029953837394714,0.13029953837394714,0.2111682891845703,0.2111682891845703,4.6305
8336,0.13029935956001282,0.13029935956001282,0.21113035082817078,0.21113035082817078,4.631
8337,0.13029919564723969,0.13029919564723969,0.21117325127124786,0.21117325127124786,4.6315
8338,0.13029907643795013,0.13029907643795013,0.21111996471881866,0.21111996471881866,4.6321
8339,0.1302989423274994,0.1302989423274994,0.2111821174621582,0.2111821174621582,4.6326
8340,0.13029885292053223,0.13029885292053223,0.21110495924949646,0.21110495924949646,4.6331
8341,0.13029877841472626,0.13029877841472626,0.21119654178619385,0.21119654178619385,4.6336
8342,0.13029882311820984,0.13029882311820984,0.21108317375183105,0.21108317375183105,4.6341
8343,0.1302989423274994,0.1302989423274994,0.21122030913829803,0.21122030913829803,4.6346
8344,0.1302991807460785,0.1302991807460785,0.21105019748210907,0.21105019748210907,4.6352
8345,0.13029971718788147,0.13029971718788147,0.211259126663208,0.211259126663208,4.6357
8346,0.1303006261587143,0.1303006261587143,0.21099981665611267,0.21099981665611267,4.6362
8347,0.13030216097831726,0.13030216097831726,0.2113225907087326,0.2113225907087326,4.6368
8348,0.13030460476875305,0.13030460476875305,0.21092288196086884,0.21092288196086884,4.6373
8349,0.13030853867530823,0.13030853867530823,0.21142570674419403,0.21142570674419403,4.6378
8350,0.13031479716300964,0.13031479716300964,0.21080633997917175,0.21080633997917175,4.6384
8351,0.1303243637084961,0.1303243637084961,0.2115921676158905,0.2115921676158905,4.6389
8352,0.13033895194530487,0.13033895194530487,0.2106376588344574,0.2106376588344574,4.6394
8353,0.1303596943616867,0.1303596943616867,0.21184687316417694,0.21184687316417694,4.6399
8354,0.13038787245750427,0.13038787245750427,0.21042172610759735,0.21042172610759735,4.6404
8355,0.1304204761981964,0.1304204761981964,0.2121724635362625,0.2121724635362625,4.6409
8356,0.1304520070552826,0.1304520070552826,0.2102201282978058,0.2102201282978058,4.6414
8357,0.1304674595594406,0.1304674595594406,0.21238887310028076,0.21238887310028076,4.6419
8358,0.1304568201303482,0.1304568201303482,0.21019089221954346,0.21019089221954346,4.6424
8359,0.13041584193706512,0.13041584193706512,0.2121480405330658,0.2121480405330658,4.643
8360,0.1303640753030777,0.1303640753030777,0.21052703261375427,0.21052703261375427,4.6435
8361,0.130326509475708,0.130326509475708,0.21145674586296082,0.21145674586296082,4.644
8362,0.13031825423240662,0.13031825423240662,0.21117620170116425,0.21117620170116425,4.6445
8363,0.13033194839954376,0.13033194839954376,0.210825115442276,0.210825115442276,4.645
8364,0.13034619390964508,0.13034619390964508,0.2116893231868744,0.2116893231868744,4.6455
8365,0.13034574687480927,0.13034574687480927,0.21057920157909393,0.21057920157909393,4.646
8366,0.13033179938793182,0.13033179938793182,0.2116744965314865,0.2116744965314865,4.6465
8367,0.13031896948814392,0.13031896948814392,0.21076729893684387,0.21076729893684387,4.6471
8368,0.13031701743602753,0.13031701743602753,0.21127894520759583,0.21127894520759583,4.6476
8369,0.1303221434354782,0.1303221434354782,0.21117010712623596,0.21117010712623596,4.6481
8370,0.1303229033946991,0.1303229033946991,0.2109280377626419,0.2109280377626419,4.6486
8371,0.13031354546546936,0.13031354546546936,0.21136470139026642,0.21136470139026642,4.6491
8372,0.1303020417690277,0.1303020417690277,0.2108575999736786,0.2108575999736786,4.6496
8373,0.13029947876930237,0.13029947876930237,0.21126358211040497,0.21126358211040497,4.6501
8374,0.1303071528673172,0.1303071528673172,0.21101932227611542,0.21101932227611542,4.6506
8375,0.1303148716688156,0.1303148716688156,0.21111519634723663,0.21111519634723663,4.6511
8376,0.13031265139579773,0.13031265139579773,0.2111467868089676,0.2111467868089676,4.6516
8377,0.13030192255973816,0.13030192255973816,0.2110605686903,0.2110605686903,4.6521
8378,0.13029301166534424,0.13029301166534424,0.21111086010932922,0.21111086010932922,4.6526
8379,0.13029345870018005,0.13029345870018005,0.2111157476902008,0.2111157476902008,4.6532
8380,0.13029998540878296,0.13029998540878296,0.21106401085853577,0.21106401085853577,4.6537
8381,0.13030390441417694,0.13030390441417694,0.2111321985721588,0.2111321985721588,4.6542
8382,0.13030114769935608,0.13030114769935608,0.21111337840557098,0.21111337840557098,4.6547
8383,0.1302955448627472,0.1302955448627472,0.21102771162986755,0.21102771162986755,4.6552
8384,0.13029301166534424,0.13029301166534424,0.21120686829090118,0.21120686829090118,4.6557
8385,0.13029448688030243,0.13029448688030243,0.21095561981201172,0.21095561981201172,4.6562
8386,0.13029620051383972,0.13029620051383972,0.21121373772621155,0.21121373772621155,4.6567
8387,0.13029518723487854,0.13029518723487854,0.21102039515972137,0.21102039515972137,4.6572
8388,0.1302926242351532,0.1302926242351532,0.21108603477478027,0.21108603477478027,4.6578
8389,0.13029153645038605,0.13029153645038605,0.21116745471954346,0.21116745471954346,4.6583
8390,0.13029274344444275,0.13029274344444275,0.21095113456249237,0.21095113456249237,4.6588
8391,0.13029415905475616,0.13029415905475616,0.21125373244285583,0.21125373244285583,4.6593
8392,0.13029351830482483,0.13029351830482483,0.21094560623168945,0.21094560623168945,4.6599
8393,0.13029125332832336,0.13029125332832336,0.21118441224098206,0.21118441224098206,4.6604
8394,0.13028958439826965,0.13028958439826965,0.21106214821338654,0.21106214821338654,4.6609
8395,0.1302897036075592,0.1302897036075592,0.21104541420936584,0.21104541420936584,4.6614
8396,0.13029080629348755,0.13029080629348755,0.21117906272411346,0.21117906272411346,4.6619
8397,0.13029128313064575,0.13029128313064575,0.21097373962402344,0.21097373962402344,4.6624
8398,0.13029053807258606,0.13029053807258606,0.2111922949552536,0.2111922949552536,4.6629
8399,0.1302894651889801,0.1302894651889801,0.21100494265556335,0.21100494265556335,4.6634
8400,0.1302889883518219,0.1302889883518219,0.21111948788166046,0.21111948788166046,4.6639
8401,0.13028916716575623,0.13028916716575623,0.21108171343803406,0.21108171343803406,4.6644
8402,0.1302892416715622,0.1302892416715622,0.21105070412158966,0.21105070412158966,4.6649
8403,0.13028880953788757,0.13028880953788757,0.21112000942230225,0.21112000942230225,4.6654
8404,0.13028812408447266,0.13028812408447266,0.2110399752855301,0.2110399752855301,4.666
8405,0.130287766456604,0.130287766456604,0.2111038863658905,0.2111038863658905,4.6665
8406,0.13028790056705475,0.13028790056705475,0.21106569468975067,0.21106569468975067,4.667
8407,0.13028813898563385,0.13028813898563385,0.21108165383338928,0.21108165383338928,4.6675
8408,0.1302879899740219,0.1302879899740219,0.21107706427574158,0.21107706427574158,4.668
8409,0.13028748333454132,0.13028748333454132,0.21108350157737732,0.21108350157737732,4.6685
8410,0.13028697669506073,0.13028697669506073,0.21106179058551788,0.21106179058551788,4.669
8411,0.13028672337532043,0.13028672337532043,0.21109864115715027,0.21109864115715027,4.6695
8412,0.13028670847415924,0.13028670847415924,0.2110479772090912,0.2110479772090912,4.67
8413,0.13028667867183685,0.13028667867183685,0.211096853017807,0.211096853017807,4.6705
8414,0.13028648495674133,0.13028648495674133,0.21106083691120148,0.21106083691120148,4.6711
8415,0.13028615713119507,0.13028615713119507,0.21106687188148499,0.21106687188148499,4.6716
8416,0.13028594851493835,0.13028594851493835,0.21109242737293243,0.21109242737293243,4.6721
8417,0.13028584420681,0.13028584420681,0.21103434264659882,0.21103434264659882,4.6726
8418,0.13028575479984283,0.13028575479984283,0.21111135184764862,0.21111135184764862,4.6731
8419,0.1302856206893921,0.1302856206893921,0.21102850139141083,0.21102850139141083,4.6736
8420,0.1302853524684906,0.1302853524684906,0.21109943091869354,0.21109943091869354,4.6741
8421,0.13028506934642792,0.13028506934642792,0.21105042099952698,0.21105042099952698,4.6746
8422,0.1302848756313324,0.1302848756313324,0.21106860041618347,0.21106860041618347,4.6751
8423,0.13028474152088165,0.13028474152088165,0.21107840538024902,0.21107840538024902,4.6756
8424,0.1302846372127533,0.1302846372127533,0.21104446053504944,0.21104446053504944,4.6761
8425,0.13028447329998016,0.13028447329998016,0.2110896110534668,0.2110896110534668,4.6767
8426,0.13028427958488464,0.13028427958488464,0.21104125678539276,0.21104125678539276,4.6772
8427,0.13028408586978912,0.13028408586978912,0.21108074486255646,0.21108074486255646,4.6777
8428,0.1302839070558548,0.1302839070558548,0.21105225384235382,0.21105225384235382,4.6782
8429,0.13028375804424286,0.13028375804424286,0.21106648445129395,0.21106648445129395,4.6787
8430,0.13028362393379211,0.13028362393379211,0.21106064319610596,0.21106064319610596,4.6792
8431,0.1302834451198578,0.1302834451198578,0.2110605239868164,0.2110605239868164,4.6797
8432,0.13028326630592346,0.13028326630592346,0.21105924248695374,0.21105924248695374,4.6802
8433,0.13028305768966675,0.13028305768966675,0.211062952876091,0.211062952876091,4.6807
8434,0.13028289377689362,0.13028289377689362,0.21105310320854187,0.21105310320854187,4.6813
8435,0.13028275966644287,0.13028275966644287,0.21106533706188202,0.21106533706188202,4.6818
8436,0.13028261065483093,0.13028261065483093,0.21105153858661652,0.21105153858661652,4.6823
8437,0.1302824318408966,0.1302824318408966,0.21106009185314178,0.21106009185314178,4.6828
8438,0.13028225302696228,0.13028225302696228,0.21105751395225525,0.21105751395225525,4.6833
8439,0.13028207421302795,0.13028207421302795,0.21104907989501953,0.21104907989501953,4.6838
8440,0.13028191030025482,0.13028191030025482,0.21106557548046112,0.21106557548046112,4.6843
8441,0.13028176128864288,0.13028176128864288,0.21104030311107635,0.21104030311107635,4.6848
8442,0.13028159737586975,0.13028159737586975,0.21106800436973572,0.21106800436973572,4.6853
8443,0.13028141856193542,0.13028141856193542,0.21103891730308533,0.21103891730308533,4.6859
8444,0.1302812546491623,0.1302812546491623,0.21106287837028503,0.21106287837028503,4.6864
8445,0.13028109073638916,0.13028109073638916,0.21104374527931213,0.21104374527931213,4.6869
8446,0.13028092682361603,0.13028092682361603,0.21105417609214783,0.21105417609214783,4.6874
8447,0.1302807629108429,0.1302807629108429,0.2110491693019867,0.2110491693019867,4.6879
8448,0.13028058409690857,0.13028058409690857,0.21104755997657776,0.21104755997657776,4.6884
8449,0.13028042018413544,0.13028042018413544,0.21105070412158966,0.21105070412158966,4.6889
8450,0.1302802562713623,0.1302802562713623,0.21104557812213898,0.21104557812213898,4.6894
8451,0.13028010725975037,0.13028010725975037,0.21104796230793,0.21104796230793,4.6899
8452,0.13027992844581604,0.13027992844581604,0.21104630827903748,0.21104630827903748,4.6904
8453,0.1302797794342041,0.1302797794342041,0.2110445201396942,0.2110445201396942,4.6909
8454,0.13027963042259216,0.13027963042259216,0.21104593575000763,0.21104593575000763,4.6915
8455,0.13027945160865784,0.13027945160865784,0.21104320883750916,0.21104320883750916,4.692
8456,0.1302792727947235,0.1302792727947235,0.2110428363084793,0.2110428363084793,4.6925
8457,0.13027913868427277,0.13027913868427277,0.21104450523853302,0.21104450523853302,4.693
8458,0.13027897477149963,0.13027897477149963,0.21103796362876892,0.21103796362876892,4.6935
8459,0.1302787959575653,0.1302787959575653,0.21104641258716583,0.21104641258716583,4.694
8460,0.13027861714363098,0.13027861714363098,0.21103374660015106,0.21103374660015106,4.6945
8461,0.13027843832969666,0.13027843832969666,0.21104657649993896,0.21104657649993896,4.695
8462,0.1302783191204071,0.1302783191204071,0.21103215217590332,0.21103215217590332,4.6955
8463,0.13027814030647278,0.13027814030647278,0.21104422211647034,0.21104422211647034,4.696
8464,0.13027797639369965,0.13027797639369965,0.2110321819782257,0.2110321819782257,4.6965
8465,0.13027778267860413,0.13027778267860413,0.21104097366333008,0.21104097366333008,4.697
8466,0.13027764856815338,0.13027764856815338,0.2110321968793869,0.2110321968793869,4.6975
8467,0.13027746975421906,0.13027746975421906,0.21103839576244354,0.21103839576244354,4.698
8468,0.13027730584144592,0.13027730584144592,0.21103081107139587,0.21103081107139587,4.6985
8469,0.1302771419286728,0.1302771419286728,0.21103766560554504,0.21103766560554504,4.699
8470,0.13027699291706085,0.13027699291706085,0.2110278159379959,0.2110278159379959,4.6996
8471,0.13027682900428772,0.13027682900428772,0.21103815734386444,0.21103815734386444,4.7001
8472,0.1302766501903534,0.1302766501903534,0.2110239714384079,0.2110239714384079,4.7006
8473,0.13027648627758026,0.13027648627758026,0.21103891730308533,0.21103891730308533,4.7011
8474,0.13027635216712952,0.13027635216712952,0.21102066338062286,0.21102066338062286,4.7016
8475,0.1302761733531952,0.1302761733531952,0.2110392153263092,0.2110392153263092,4.7021
8476,0.13027602434158325,0.13027602434158325,0.2110174596309662,0.2110174596309662,4.7026
8477,0.1302758753299713,0.1302758753299713,0.21103939414024353,0.21103939414024353,4.7031
8478,0.130275696516037,0.130275696516037,0.21101422607898712,0.21101422607898712,4.7036
8479,0.13027554750442505,0.13027554750442505,0.21104006469249725,0.21104006469249725,4.7041
8480,0.13027536869049072,0.13027536869049072,0.21100974082946777,0.21100974082946777,4.7046
8481,0.13027524948120117,0.13027524948120117,0.2110426425933838,0.2110426425933838,4.7051
8482,0.13027510046958923,0.13027510046958923,0.21100278198719025,0.21100278198719025,4.7057
8483,0.1302749663591385,0.1302749663591385,0.21104827523231506,0.21104827523231506,4.7062
8484,0.13027486205101013,0.13027486205101013,0.21099257469177246,0.21099257469177246,4.7067
8485,0.13027477264404297,0.13027477264404297,0.21105775237083435,0.21105775237083435,4.7073
8486,0.1302747130393982,0.1302747130393982,0.21097798645496368,0.21097798645496368,4.7078
8487,0.1302747279405594,0.1302747279405594,0.21107260882854462,0.21107260882854462,4.7083
8488,0.13027480244636536,0.13027480244636536,0.210957333445549,0.210957333445549,4.7088
8489,0.1302749663591385,0.1302749663591385,0.21109548211097717,0.21109548211097717,4.7093
8490,0.1302753984928131,0.1302753984928131,0.21092745661735535,0.21092745661735535,4.7098
8491,0.13027605414390564,0.13027605414390564,0.21113112568855286,0.21113112568855286,4.7103
8492,0.1302771121263504,0.1302771121263504,0.21088309586048126,0.21088309586048126,4.7108
8493,0.13027888536453247,0.13027888536453247,0.21118798851966858,0.21118798851966858,4.7113
8494,0.13028165698051453,0.13028165698051453,0.2108164280653,0.2108164280653,4.7118
8495,0.13028596341609955,0.13028596341609955,0.21127963066101074,0.21127963066101074,4.7123
8496,0.13029268383979797,0.13029268383979797,0.2107173502445221,0.2107173502445221,4.7128
8497,0.13030275702476501,0.13030275702476501,0.21142578125,0.21142578125,4.7133
8498,0.13031569123268127,0.13031569123268127,0.21058201789855957,0.21058201789855957,4.7139
8499,0.1303335726261139,0.1303335726261139,0.2116299867630005,0.2116299867630005,4.7144
8500,0.1303529292345047,0.1303529292345047,0.21044707298278809,0.21044707298278809,4.7149
8501,0.130374476313591,0.130374476313591,0.21184304356575012,0.21184304356575012,4.7154
8502,0.1303882896900177,0.1303882896900177,0.21036338806152344,0.21036338806152344,4.7159
8503,0.1303924322128296,0.1303924322128296,0.21193751692771912,0.21193751692771912,4.7164
8504,0.13037586212158203,0.13037586212158203,0.21039970219135284,0.21039970219135284,4.7169
8505,0.1303456425666809,0.1303456425666809,0.21173813939094543,0.21173813939094543,4.7174
8506,0.13030792772769928,0.13030792772769928,0.2106446772813797,0.2106446772813797,4.7179
8507,0.13028034567832947,0.13028034567832947,0.2112770974636078,0.2112770974636078,4.7184
8508,0.13027101755142212,0.13027101755142212,0.21106143295764923,0.21106143295764923,4.719
8509,0.13027969002723694,0.13027969002723694,0.21083584427833557,0.21083584427833557,4.7195
8510,0.1302974671125412,0.1302974671125412,0.21143266558647156,0.21143266558647156,4.72
8511,0.13031144440174103,0.13031144440174103,0.21059975028038025,0.21059975028038025,4.7205
8512,0.13031503558158875,0.13031503558158875,0.21154288947582245,0.21154288947582245,4.721
8513,0.1303047388792038,0.1303047388792038,0.21062061190605164,0.21062061190605164,4.7215
8514,0.13028867542743683,0.13028867542743683,0.2113470584154129,0.2113470584154129,4.722
8515,0.13027454912662506,0.13027454912662506,0.21087689697742462,0.21087689697742462,4.7225
8516,0.13026973605155945,0.13026973605155945,0.21101947128772736,0.21101947128772736,4.723
8517,0.13027401268482208,0.13027401268482208,0.21119864284992218,0.21119864284992218,4.7235
8518,0.1302822232246399,0.1302822232246399,0.21078547835350037,0.21078547835350037,4.724
8519,0.13028860092163086,0.13028860092163086,0.2113664448261261,0.2113664448261261,4.7245
8520,0.13028845191001892,0.13028845191001892,0.21073012053966522,0.21073012053966522,4.725
8521,0.13028310239315033,0.13028310239315033,0.2113092690706253,0.2113092690706253,4.7256
8522,0.13027521967887878,0.13027521967887878,0.21084901690483093,0.21084901690483093,4.7261
8523,0.13026975095272064,0.13026975095272064,0.21109989285469055,0.21109989285469055,4.7266
8524,0.1302686184644699,0.1302686184644699,0.21106305718421936,0.21106305718421936,4.7271
8525,0.13027118146419525,0.13027118146419525,0.21089491248130798,0.21089491248130798,4.7276
8526,0.13027507066726685,0.13027507066726685,0.21121473610401154,0.21121473610401154,4.7281
8527,0.1302771419286728,0.1302771419286728,0.2108071744441986,0.2108071744441986,4.7286
8528,0.1302766352891922,0.1302766352891922,0.21122637391090393,0.21122637391090393,4.7291
8529,0.13027356564998627,0.13027356564998627,0.21084241569042206,0.21084241569042206,4.7296
8530,0.1302700936794281,0.1302700936794281,0.21111874282360077,0.21111874282360077,4.7301
8531,0.13026770949363708,0.13026770949363708,0.2109643518924713,0.2109643518924713,4.7306
8532,0.13026729226112366,0.13026729226112366,0.21096746623516083,0.21096746623516083,4.7311
8533,0.13026846945285797,0.13026846945285797,0.2110891342163086,0.2110891342163086,4.7316
8534,0.13027001917362213,0.13027001917362213,0.21086685359477997,0.21086685359477997,4.7321
8535,0.1302710324525833,0.1302710324525833,0.211140438914299,0.211140438914299,4.7327
8536,0.13027074933052063,0.13027074933052063,0.21085457503795624,0.21085457503795624,4.7332
8537,0.13026955723762512,0.13026955723762512,0.21111468970775604,0.21111468970775604,4.7337
8538,0.13026784360408783,0.13026784360408783,0.2109101265668869,0.2109101265668869,4.7342
8539,0.13026650249958038,0.13026650249958038,0.21103939414024353,0.21103939414024353,4.7347
8540,0.13026587665081024,0.13026587665081024,0.21099281311035156,0.21099281311035156,4.7352
8541,0.13026592135429382,0.13026592135429382,0.21095483005046844,0.21095483005046844,4.7357
8542,0.13026638329029083,0.13026638329029083,0.21105754375457764,0.21105754375457764,4.7362
8543,0.13026687502861023,0.13026687502861023,0.2109081745147705,0.2109081745147705,4.7367
8544,0.13026714324951172,0.13026714324951172,0.21108198165893555,0.21108198165893555,4.7372
8545,0.1302669495344162,0.1302669495344162,0.21090061962604523,0.21090061962604523,4.7377
8546,0.13026639819145203,0.13026639819145203,0.21106748282909393,0.21106748282909393,4.7382
8547,0.13026563823223114,0.13026563823223114,0.21092180907726288,0.21092180907726288,4.7387
8548,0.1302649825811386,0.1302649825811386,0.21102066338062286,0.21102066338062286,4.7392
8549,0.130264550447464,0.130264550447464,0.2109641134738922,0.2109641134738922,4.7397
8550,0.1302642673254013,0.1302642673254013,0.21097441017627716,0.21097441017627716,4.7402
8551,0.13026420772075653,0.13026420772075653,0.2110029011964798,0.2110029011964798,4.7407
8552,0.1302642822265625,0.1302642822265625,0.21094807982444763,0.21094807982444763,4.7412
8553,0.13026432693004608,0.13026432693004608,0.2110302746295929,0.2110302746295929,4.7417
8554,0.1302642971277237,0.1302642971277237,0.210931658744812,0.210931658744812,4.7422
8555,0.13026419281959534,0.13026419281959534,0.21104097366333008,0.21104097366333008,4.7427
8556,0.13026395440101624,0.13026395440101624,0.21093228459358215,0.21093228459358215,4.7432
8557,0.13026365637779236,0.13026365637779236,0.21102753281593323,0.21102753281593323,4.7438
8558,0.1302633285522461,0.1302633285522461,0.21094417572021484,0.21094417572021484,4.7443
8559,0.13026301562786102,0.13026301562786102,0.211005300283432,0.211005300283432,4.7448
8560,0.13026276230812073,0.13026276230812073,0.21095843613147736,0.21095843613147736,4.7453
8561,0.130262553691864,0.130262553691864,0.21097978949546814,0.21097978949546814,4.7458
8562,0.13026240468025208,0.13026240468025208,0.2109791785478592,0.2109791785478592,4.7463
8563,0.1302623152732849,0.1302623152732849,0.21095509827136993,0.21095509827136993,4.7468
8564,0.13026221096515656,0.13026221096515656,0.21099503338336945,0.21099503338336945,4.7473
8565,0.1302621215581894,0.1302621215581894,0.21094126999378204,0.21094126999378204,4.7478
8566,0.13026200234889984,0.13026200234889984,0.21100008487701416,0.21100008487701416,4.7483
8567,0.1302618682384491,0.1302618682384491,0.21093511581420898,0.21093511581420898,4.7488
8568,0.13026168942451477,0.13026168942451477,0.21099984645843506,0.21099984645843506,4.7494
8569,0.13026151061058044,0.13026151061058044,0.2109350711107254,0.2109350711107254,4.7501
8570,0.13026128709316254,0.13026128709316254,0.21099181473255157,0.21099181473255157,4.7507
8571,0.13026107847690582,0.13026107847690582,0.21094293892383575,0.21094293892383575,4.7512
8572,0.1302608698606491,0.1302608698606491,0.21097736060619354,0.21097736060619354,4.7517
8573,0.13026069104671478,0.13026069104671478,0.2109522521495819,0.2109522521495819,4.7522
8574,0.13026054203510284,0.13026054203510284,0.21096448600292206,0.21096448600292206,4.7528
8575,0.1302603781223297,0.1302603781223297,0.2109600007534027,0.2109600007534027,4.7533
8576,0.13026021420955658,0.13026021420955658,0.21095223724842072,0.21095223724842072,4.7538
8577,0.13026006519794464,0.13026006519794464,0.21096763014793396,0.21096763014793396,4.7543
8578,0.1302599310874939,0.1302599310874939,0.21094238758087158,0.21094238758087158,4.7549
8579,0.13025978207588196,0.13025978207588196,0.21097159385681152,0.21097159385681152,4.7554
8580,0.1302596479654312,0.1302596479654312,0.2109382152557373,0.2109382152557373,4.7559
8581,0.13025948405265808,0.13025948405265808,0.21097198128700256,0.21097198128700256,4.7564
8582,0.13025934994220734,0.13025934994220734,0.21093599498271942,0.21093599498271942,4.7569
8583,0.1302591860294342,0.1302591860294342,0.2109709233045578,0.2109709233045578,4.7574
8584,0.13025902211666107,0.13025902211666107,0.21093475818634033,0.21093475818634033,4.7579
8585,0.13025884330272675,0.13025884330272675,0.21096721291542053,0.21096721291542053,4.7584
8586,0.130258709192276,0.130258709192276,0.21093574166297913,0.21093574166297913,4.7589
8587,0.13025853037834167,0.13025853037834167,0.21096257865428925,0.21096257865428925,4.7595
8588,0.13025836646556854,0.13025836646556854,0.21093615889549255,0.21093615889549255,4.76
8589,0.1302582323551178,0.1302582323551178,0.2109590321779251,0.2109590321779251,4.7605
8590,0.13025803864002228,0.13025803864002228,0.2109367847442627,0.2109367847442627,4.761
8591,0.13025790452957153,0.13025790452957153,0.21095573902130127,0.21095573902130127,4.7615
8592,0.1302577257156372,0.1302577257156372,0.2109382450580597,0.2109382450580597,4.762
8593,0.13025759160518646,0.13025759160518646,0.21095243096351624,0.21095243096351624,4.7625
8594,0.13025739789009094,0.13025739789009094,0.2109386920928955,0.2109386920928955,4.763
8595,0.1302572637796402,0.1302572637796402,0.2109496295452118,0.2109496295452118,4.7635
8596,0.13025712966918945,0.13025712966918945,0.21093836426734924,0.21093836426734924,4.764
8597,0.13025692105293274,0.13025692105293274,0.21094655990600586,0.21094655990600586,4.7645
8598,0.1302567720413208,0.1302567720413208,0.21093837916851044,0.21093837916851044,4.765
8599,0.13025662302970886,0.13025662302970886,0.2109435498714447,0.2109435498714447,4.7655
8600,0.13025647401809692,0.13025647401809692,0.21093794703483582,0.21093794703483582,4.766
8601,0.13025633990764618,0.13025633990764618,0.2109413594007492,0.2109413594007492,4.7665
8602,0.13025616109371185,0.13025616109371185,0.21093599498271942,0.21093599498271942,4.767
8603,0.1302560269832611,0.1302560269832611,0.2109413594007492,0.2109413594007492,4.7675
8604,0.13025589287281036,0.13025589287281036,0.2109239548444748,0.2109239548444748,4.7681
8605,0.13025572896003723,0.13025572896003723,0.21094712615013123,0.21094712615013123,4.7686
8606,0.13025566935539246,0.13025566935539246,0.2109123170375824,0.2109123170375824,4.7691
8607,0.1302555650472641,0.1302555650472641,0.21095481514930725,0.21095481514930725,4.7696
8608,0.13025560975074768,0.13025560975074768,0.21089962124824524,0.21089962124824524,4.7701
8609,0.13025566935539246,0.13025566935539246,0.21097393333911896,0.21097393333911896,4.7706
8610,0.13025589287281036,0.13025589287281036,0.2108709067106247,0.2108709067106247,4.7711
8611,0.13025617599487305,0.13025617599487305,0.21100401878356934,0.21100401878356934,4.7716
8612,0.13025671243667603,0.13025671243667603,0.21083912253379822,0.21083912253379822,4.7721
8613,0.1302574872970581,0.1302574872970581,0.21103939414024353,0.21103939414024353,4.7726
8614,0.1302584707736969,0.1302584707736969,0.21080443263053894,0.21080443263053894,4.7731
8615,0.13025996088981628,0.13025996088981628,0.211089089512825,0.211089089512825,4.7736
8616,0.13026171922683716,0.13026171922683716,0.21075597405433655,0.21075597405433655,4.7741
8617,0.13026420772075653,0.13026420772075653,0.21115247905254364,0.21115247905254364,4.7746
8618,0.13026706874370575,0.13026706874370575,0.21070174872875214,0.21070174872875214,4.7751
8619,0.13027094304561615,0.13027094304561615,0.21122440695762634,0.21122440695762634,4.7756
8620,0.13027510046958923,0.13027510046958923,0.2106456458568573,0.2106456458568573,4.7762
8621,0.1302804946899414,0.1302804946899414,0.21130791306495667,0.21130791306495667,4.7767
8622,0.13028554618358612,0.13028554618358612,0.2105853110551834,0.2105853110551834,4.7772
8623,0.13029149174690247,0.13029149174690247,0.2113921195268631,0.2113921195268631,4.7777
8624,0.13029567897319794,0.13029567897319794,0.2105383574962616,0.2105383574962616,4.7782
8625,0.1302994340658188,0.1302994340658188,0.21144874393939972,0.21144874393939972,4.7787
8626,0.13029928505420685,0.13029928505420685,0.21052607893943787,0.21052607893943787,4.7792
8627,0.1302972137928009,0.1302972137928009,0.21144790947437286,0.21144790947437286,4.7797
8628,0.13029037415981293,0.13029037415981293,0.21056368947029114,0.21056368947029114,4.7802
8629,0.13028204441070557,0.13028204441070557,0.21136359870433807,0.21136359870433807,4.7807
8630,0.13027164340019226,0.13027164340019226,0.21066510677337646,0.21066510677337646,4.7813
8631,0.13026264309883118,0.13026264309883118,0.21120159327983856,0.21120159327983856,4.7818
8632,0.1302555948495865,0.1302555948495865,0.2108192890882492,0.2108192890882492,4.7823
8633,0.1302518993616104,0.1302518993616104,0.21101140975952148,0.21101140975952148,4.7828
8634,0.13025176525115967,0.13025176525115967,0.21098391711711884,0.21098391711711884,4.7833
8635,0.13025420904159546,0.13025420904159546,0.21083417534828186,0.21083417534828186,4.7839
8636,0.1302582025527954,0.1302582025527954,0.21111901104450226,0.21111901104450226,4.7844
8637,0.13026198744773865,0.13026198744773865,0.21071627736091614,0.21071627736091614,4.7849
8638,0.13026520609855652,0.13026520609855652,0.21120233833789825,0.21120233833789825,4.7854
8639,0.1302662044763565,0.1302662044763565,0.2106841504573822,0.2106841504573822,4.7859
8640,0.13026584684848785,0.13026584684848785,0.21122822165489197,0.21122822165489197,4.7864
8641,0.1302632987499237,0.1302632987499237,0.21071644127368927,0.21071644127368927,4.7869
8642,0.13026019930839539,0.13026019930839539,0.21119005978107452,0.21119005978107452,4.7874
8643,0.13025635480880737,0.13025635480880737,0.21078792214393616,0.21078792214393616,4.7879
8644,0.13025325536727905,0.13025325536727905,0.21109624207019806,0.21109624207019806,4.7884
8645,0.13025084137916565,0.13025084137916565,0.21087870001792908,0.21087870001792908,4.789
8646,0.13024958968162537,0.13024958968162537,0.21097977459430695,0.21097977459430695,4.7895
8647,0.13024947047233582,0.13024947047233582,0.21096043288707733,0.21096043288707733,4.79
8648,0.13025018572807312,0.13025018572807312,0.2108636349439621,0.2108636349439621,4.7907
8649,0.13025155663490295,0.13025155663490295,0.21102388203144073,0.21102388203144073,4.7912
8650,0.13025298714637756,0.13025298714637756,0.21077890694141388,0.21077890694141388,4.7917
8651,0.1302543580532074,0.1302543580532074,0.21107609570026398,0.21107609570026398,4.7923
8652,0.13025511801242828,0.13025511801242828,0.2107512503862381,0.2107512503862381,4.7928
8653,0.1302555352449417,0.1302555352449417,0.21111154556274414,0.21111154556274414,4.7933
8654,0.13025511801242828,0.13025511801242828,0.2107597142457962,0.2107597142457962,4.7938
8655,0.13025447726249695,0.13025447726249695,0.21111193299293518,0.21111193299293518,4.7943
8656,0.13025327026844025,0.13025327026844025,0.21078082919120789,0.21078082919120789,4.7948
8657,0.13025209307670593,0.13025209307670593,0.2110786885023117,0.2110786885023117,4.7953
8658,0.1302507370710373,0.1302507370710373,0.21081259846687317,0.21081259846687317,4.7958
8659,0.13024960458278656,0.13024960458278656,0.21102838218212128,0.21102838218212128,4.7963
8660,0.13024860620498657,0.13024860620498657,0.21084833145141602,0.21084833145141602,4.7968
8661,0.13024786114692688,0.13024786114692688,0.21097517013549805,0.21097517013549805,4.7973
8662,0.1302473098039627,0.1302473098039627,0.21088150143623352,0.21088150143623352,4.7978
8663,0.13024696707725525,0.13024696707725525,0.2109304964542389,0.2109304964542389,4.7984
8664,0.13024672865867615,0.13024672865867615,0.21091262996196747,0.21091262996196747,4.7989
8665,0.13024656474590302,0.13024656474590302,0.21090206503868103,0.21090206503868103,4.7994
8666,0.13024646043777466,0.13024646043777466,0.21093527972698212,0.21093527972698212,4.7999
8667,0.13024640083312988,0.13024640083312988,0.21088533103466034,0.21088533103466034,4.8004
8668,0.13024644553661346,0.13024644553661346,0.2109576165676117,0.2109576165676117,4.8009
8669,0.1302465796470642,0.1302465796470642,0.21085906028747559,0.21085906028747559,4.8014
8670,0.13024678826332092,0.13024678826332092,0.21098656952381134,0.21098656952381134,4.8019
8671,0.1302470713853836,0.1302470713853836,0.2108311951160431,0.2108311951160431,4.8024
8672,0.13024750351905823,0.13024750351905823,0.21100863814353943,0.21100863814353943,4.8029
8673,0.13024795055389404,0.13024795055389404,0.2108130156993866,0.2108130156993866,4.8034
8674,0.1302485167980194,0.1302485167980194,0.2110304832458496,0.2110304832458496,4.8039
8675,0.13024911284446716,0.13024911284446716,0.21078968048095703,0.21078968048095703,4.8045
8676,0.1302497833967209,0.1302497833967209,0.21105876564979553,0.21105876564979553,4.805
8677,0.13025043904781342,0.13025043904781342,0.2107638120651245,0.2107638120651245,4.8055
8678,0.13025124371051788,0.13025124371051788,0.21108289062976837,0.21108289062976837,4.806
8679,0.1302519142627716,0.1302519142627716,0.21074536442756653,0.21074536442756653,4.8065
8680,0.13025276362895966,0.13025276362895966,0.21110686659812927,0.21110686659812927,4.807
8681,0.1302533596754074,0.1302533596754074,0.2107253074645996,0.2107253074645996,4.8075
8682,0.13025422394275665,0.13025422394275665,0.2111344039440155,0.2111344039440155,4.808
8683,0.13025470077991486,0.13025470077991486,0.21070346236228943,0.21070346236228943,4.8085
8684,0.13025543093681335,0.13025543093681335,0.21115393936634064,0.21115393936634064,4.809
8685,0.13025566935539246,0.13025566935539246,0.21068835258483887,0.21068835258483887,4.8095
8686,0.13025608658790588,0.13025608658790588,0.21116571128368378,0.21116571128368378,4.81
8687,0.13025590777397156,0.13025590777397156,0.21067818999290466,0.21067818999290466,4.8105
8688,0.13025590777397156,0.13025590777397156,0.2111739218235016,0.2111739218235016,4.811
8689,0.1302553117275238,0.1302553117275238,0.2106749564409256,0.2106749564409256,4.8116
8690,0.13025489449501038,0.13025489449501038,0.21117082238197327,0.21117082238197327,4.8121
8691,0.13025382161140442,0.13025382161140442,0.21068549156188965,0.21068549156188965,4.8126
8692,0.13025297224521637,0.13025297224521637,0.21115604043006897,0.21115604043006897,4.8131
8693,0.13025161623954773,0.13025161623954773,0.21070531010627747,0.21070531010627747,4.8136
8694,0.13025052845478058,0.13025052845478058,0.21113407611846924,0.21113407611846924,4.8141
8695,0.1302490383386612,0.1302490383386612,0.2107299566268921,0.2107299566268921,4.8146
8696,0.13024792075157166,0.13024792075157166,0.2111012488603592,0.2111012488603592,4.8151
8697,0.1302465945482254,0.1302465945482254,0.21075992286205292,0.21075992286205292,4.8156
8698,0.13024559617042542,0.13024559617042542,0.21106138825416565,0.21106138825416565,4.8161
8699,0.13024453818798065,0.13024453818798065,0.21079035103321075,0.21079035103321075,4.8166
8700,0.13024376332759857,0.13024376332759857,0.2110239565372467,0.2110239565372467,4.8171
8701,0.13024303317070007,0.13024303317070007,0.21081677079200745,0.21081677079200745,4.8176
8702,0.13024254143238068,0.13024254143238068,0.21099063754081726,0.21099063754081726,4.8181
8703,0.13024203479290009,0.13024203479290009,0.21083998680114746,0.21083998680114746,4.8186
8704,0.1302417665719986,0.1302417665719986,0.2109636515378952,0.2109636515378952,4.8191
8705,0.13024145364761353,0.13024145364761353,0.2108571082353592,0.2108571082353592,4.8196
8706,0.1302413046360016,0.1302413046360016,0.21094746887683868,0.21094746887683868,4.8201
8707,0.13024118542671204,0.13024118542671204,0.2108650654554367,0.2108650654554367,4.8206
8708,0.13024117052555084,0.13024117052555084,0.21094036102294922,0.21094036102294922,4.8212
8709,0.13024118542671204,0.13024118542671204,0.21086473762989044,0.21086473762989044,4.8217
8710,0.13024136424064636,0.13024136424064636,0.21094036102294922,0.21094036102294922,4.8222
8711,0.13024158775806427,0.13024158775806427,0.21085524559020996,0.21085524559020996,4.8227
8712,0.13024194538593292,0.13024194538593292,0.21095065772533417,0.21095065772533417,4.8232
8713,0.13024243712425232,0.13024243712425232,0.21083565056324005,0.21083565056324005,4.8237
8714,0.130243182182312,0.130243182182312,0.21097174286842346,0.21097174286842346,4.8242
8715,0.13024410605430603,0.13024410605430603,0.2108078896999359,0.2108078896999359,4.8247
8716,0.1302454173564911,0.1302454173564911,0.21100425720214844,0.21100425720214844,4.8252
8717,0.13024693727493286,0.13024693727493286,0.21077203750610352,0.21077203750610352,4.8257
8718,0.1302489936351776,0.1302489936351776,0.2110518217086792,0.2110518217086792,4.8262
8719,0.13025128841400146,0.13025128841400146,0.21072597801685333,0.21072597801685333,4.8267
8720,0.1302543580532074,0.1302543580532074,0.2111157476902008,0.2111157476902008,4.8272
8721,0.1302574872970581,0.1302574872970581,0.21067020297050476,0.21067020297050476,4.8277
8722,0.13026157021522522,0.13026157021522522,0.21119466423988342,0.21119466423988342,4.8282
8723,0.1302652657032013,0.1302652657032013,0.2106059491634369,0.2106059491634369,4.8287
8724,0.1302698254585266,0.1302698254585266,0.21128511428833008,0.21128511428833008,4.8292
8725,0.1302732229232788,0.1302732229232788,0.2105381041765213,0.2105381041765213,4.8297
8726,0.13027694821357727,0.13027694821357727,0.21137399971485138,0.21137399971485138,4.8302
8727,0.13027839362621307,0.13027839362621307,0.21048052608966827,0.21048052608966827,4.8307
8728,0.13027936220169067,0.13027936220169067,0.21143564581871033,0.21143564581871033,4.8312
8729,0.1302771270275116,0.1302771270275116,0.2104540765285492,0.2104540765285492,4.8318
8730,0.1302739828824997,0.1302739828824997,0.21144051849842072,0.21144051849842072,4.8323
8731,0.13026811182498932,0.13026811182498932,0.21047921478748322,0.21047921478748322,4.8328
8732,0.130262091755867,0.130262091755867,0.21137145161628723,0.21137145161628723,4.8333
8733,0.1302553117275238,0.1302553117275238,0.21056461334228516,0.21056461334228516,4.8338
8734,0.1302492916584015,0.1302492916584015,0.21123561263084412,0.21123561263084412,4.8343
8735,0.1302454173564911,0.1302454173564911,0.2106972485780716,0.2106972485780716,4.8348
8736,0.13024382293224335,0.13024382293224335,0.21104495227336884,0.21104495227336884,4.8353
8737,0.1302442103624344,0.1302442103624344,0.21085114777088165,0.21085114777088165,4.8358
8738,0.13024543225765228,0.13024543225765228,0.21086445450782776,0.21086445450782776,4.8363
8739,0.13024701178073883,0.13024701178073883,0.21098673343658447,0.21098673343658447,4.8368
8740,0.13024771213531494,0.13024771213531494,0.21075311303138733,0.21075311303138733,4.8373
8741,0.13024801015853882,0.13024801015853882,0.21109554171562195,0.21109554171562195,4.8378
8742,0.130247101187706,0.130247101187706,0.21069201827049255,0.21069201827049255,4.8383
8743,0.13024607300758362,0.13024607300758362,0.21116796135902405,0.21116796135902405,4.8388
8744,0.13024453818798065,0.13024453818798065,0.21067044138908386,0.21067044138908386,4.8393
8745,0.13024333119392395,0.13024333119392395,0.21117720007896423,0.21117720007896423,4.8398
8746,0.13024203479290009,0.13024203479290009,0.2106911689043045,0.2106911689043045,4.8403
8747,0.13024106621742249,0.13024106621742249,0.21113058924674988,0.21113058924674988,4.8408
8748,0.13023999333381653,0.13023999333381653,0.21072514355182648,0.21072514355182648,4.8413
8749,0.13023890554904938,0.13023890554904938,0.21105487644672394,0.21105487644672394,4.8418
8750,0.1302378624677658,0.1302378624677658,0.21076731383800507,0.21076731383800507,4.8424
8751,0.13023695349693298,0.13023695349693298,0.21094799041748047,0.21094799041748047,4.8429
8752,0.1302362084388733,0.1302362084388733,0.21083912253379822,0.21083912253379822,4.8434
8753,0.13023580610752106,0.13023580610752106,0.21084105968475342,0.21084105968475342,4.8439
8754,0.1302356719970703,0.1302356719970703,0.21092462539672852,0.21092462539672852,4.8444
8755,0.13023591041564941,0.13023591041564941,0.21077242493629456,0.21077242493629456,4.8449
8756,0.13023649156093597,0.13023649156093597,0.2110075056552887,0.2110075056552887,4.8454
8757,0.13023722171783447,0.13023722171783447,0.21071934700012207,0.21071934700012207,4.8459
8758,0.13023808598518372,0.13023808598518372,0.2110792100429535,0.2110792100429535,4.8464
8759,0.1302388459444046,0.1302388459444046,0.21067646145820618,0.21067646145820618,4.8469
8760,0.13023953139781952,0.13023953139781952,0.21111968159675598,0.21111968159675598,4.8474
8761,0.13023990392684937,0.13023990392684937,0.21065783500671387,0.21065783500671387,4.8479
8762,0.1302400380373001,0.1302400380373001,0.2111259400844574,0.2111259400844574,4.8484
8763,0.13023975491523743,0.13023975491523743,0.21064920723438263,0.21064920723438263,4.8489
8764,0.1302393227815628,0.1302393227815628,0.21111297607421875,0.21111297607421875,4.8494
8765,0.13023856282234192,0.13023856282234192,0.2106524407863617,0.2106524407863617,4.8499
8766,0.13023772835731506,0.13023772835731506,0.21108369529247284,0.21108369529247284,4.8504
8767,0.13023671507835388,0.13023671507835388,0.21068260073661804,0.21068260073661804,4.851
8768,0.13023588061332703,0.13023588061332703,0.21104669570922852,0.21104669570922852,4.8515
8769,0.130234956741333,0.130234956741333,0.21072344481945038,0.21072344481945038,4.852
8770,0.13023428618907928,0.13023428618907928,0.21101216971874237,0.21101216971874237,4.8525
8771,0.13023361563682556,0.13023361563682556,0.21075911819934845,0.21075911819934845,4.853
8772,0.13023315370082855,0.13023315370082855,0.2109762728214264,0.2109762728214264,4.8535
8773,0.13023275136947632,0.13023275136947632,0.21079210937023163,0.21079210937023163,4.854
8774,0.13023248314857483,0.13023248314857483,0.21094408631324768,0.21094408631324768,4.8545
8775,0.13023218512535095,0.13023218512535095,0.21081523597240448,0.21081523597240448,4.855
8776,0.13023194670677185,0.13023194670677185,0.21092505753040314,0.21092505753040314,4.8555
8777,0.13023170828819275,0.13023170828819275,0.21082408726215363,0.21082408726215363,4.856
8778,0.13023154437541962,0.13023154437541962,0.21091613173484802,0.21091613173484802,4.8565
8779,0.1302313655614853,0.1302313655614853,0.21082600951194763,0.21082600951194763,4.857
8780,0.13023121654987335,0.13023121654987335,0.2109169065952301,0.2109169065952301,4.8575
8781,0.13023114204406738,0.13023114204406738,0.2108180969953537,0.2108180969953537,4.858
8782,0.1302310675382614,0.1302310675382614,0.21093113720417023,0.21093113720417023,4.8585
8783,0.130231112241745,0.130231112241745,0.21079735457897186,0.21079735457897186,4.859
8784,0.13023121654987335,0.13023121654987335,0.21095475554466248,0.21095475554466248,4.8595
8785,0.13023148477077484,0.13023148477077484,0.21076945960521698,0.21076945960521698,4.8601
8786,0.13023190200328827,0.13023190200328827,0.21098513901233673,0.21098513901233673,4.8606
8787,0.13023245334625244,0.13023245334625244,0.2107340395450592,0.2107340395450592,4.8611
8788,0.1302333027124405,0.1302333027124405,0.21102528274059296,0.21102528274059296,4.8616
8789,0.13023431599140167,0.13023431599140167,0.21068891882896423,0.21068891882896423,4.8621
8790,0.1302356868982315,0.1302356868982315,0.21107394993305206,0.21107394993305206,4.8626
8791,0.13023719191551208,0.13023719191551208,0.21063943207263947,0.21063943207263947,4.8631
8792,0.13023926317691803,0.13023926317691803,0.2111295759677887,0.2111295759677887,4.8636
8793,0.13024134933948517,0.13024134933948517,0.21058836579322815,0.21058836579322815,4.8641
8794,0.13024406135082245,0.13024406135082245,0.21119388937950134,0.21119388937950134,4.8646
8795,0.1302465796470642,0.1302465796470642,0.21053767204284668,0.21053767204284668,4.8651
8796,0.13024964928627014,0.13024964928627014,0.21126015484333038,0.21126015484333038,4.8656
8797,0.13025203347206116,0.13025203347206116,0.2104942351579666,0.2104942351579666,4.8661
8798,0.13025468587875366,0.13025468587875366,0.2113131731748581,0.2113131731748581,4.8666
8799,0.1302558183670044,0.1302558183670044,0.210466668009758,0.210466668009758,4.8672
8800,0.1302567422389984,0.1302567422389984,0.2113378942012787,0.2113378942012787,4.8677
8801,0.13025543093681335,0.13025543093681335,0.21046605706214905,0.21046605706214905,4.8682
8802,0.13025350868701935,0.13025350868701935,0.21131739020347595,0.21131739020347595,4.8687
8803,0.13024941086769104,0.13024941086769104,0.21050505340099335,0.21050505340099335,4.8692
8804,0.1302451193332672,0.1302451193332672,0.21124348044395447,0.21124348044395447,4.8697
8805,0.13023968040943146,0.13023968040943146,0.21058659255504608,0.21058659255504608,4.8702
8806,0.13023501634597778,0.13023501634597778,0.21112719178199768,0.21112719178199768,4.8707
8807,0.13023069500923157,0.13023069500923157,0.21069808304309845,0.21069808304309845,4.8712
8808,0.1302274465560913,0.1302274465560913,0.21099071204662323,0.21099071204662323,4.8717
8809,0.13022570312023163,0.13022570312023163,0.21081900596618652,0.21081900596618652,4.8722
8810,0.13022544980049133,0.13022544980049133,0.2108396738767624,0.2108396738767624,4.8727
8811,0.1302264928817749,0.1302264928817749,0.21093472838401794,0.21093472838401794,4.8733
8812,0.1302284151315689,0.1302284151315689,0.21071314811706543,0.21071314811706543,4.8738
8813,0.13023094832897186,0.13023094832897186,0.2110353410243988,0.2110353410243988,4.8743
8814,0.13023337721824646,0.13023337721824646,0.21064820885658264,0.21064820885658264,4.8748
8815,0.13023588061332703,0.13023588061332703,0.21111659705638885,0.21111659705638885,4.8753
8816,0.13023741543293,0.13023741543293,0.21062397956848145,0.21062397956848145,4.8758
8817,0.13023868203163147,0.13023868203163147,0.21116122603416443,0.21116122603416443,4.8763
8818,0.13023869693279266,0.13023869693279266,0.21062326431274414,0.21062326431274414,4.8768
8819,0.1302383542060852,0.1302383542060852,0.21115322411060333,0.21115322411060333,4.8773
8820,0.1302368938922882,0.1302368938922882,0.21064892411231995,0.21064892411231995,4.8778
8821,0.13023538887500763,0.13023538887500763,0.21109776198863983,0.21109776198863983,4.8783
8822,0.13023319840431213,0.13023319840431213,0.2106904536485672,0.2106904536485672,4.8788
8823,0.1302313357591629,0.1302313357591629,0.2110164612531662,0.2110164612531662,4.8793
8824,0.13022933900356293,0.13022933900356293,0.2107466161251068,0.2107466161251068,4.8798
8825,0.1302279680967331,0.1302279680967331,0.21092963218688965,0.21092963218688965,4.8803
8826,0.13022680580615997,0.13022680580615997,0.21082313358783722,0.21082313358783722,4.8808
8827,0.1302262842655182,0.1302262842655182,0.2108529508113861,0.2108529508113861,4.8814
8828,0.1302260309457779,0.1302260309457779,0.21089711785316467,0.21089711785316467,4.8819
8829,0.13022616505622864,0.13022616505622864,0.21079054474830627,0.21079054474830627,4.8824
8830,0.13022646307945251,0.13022646307945251,0.21094611287117004,0.21094611287117004,4.8829
8831,0.13022682070732117,0.13022682070732117,0.21074256300926208,0.21074256300926208,4.8834
8832,0.13022717833518982,0.13022717833518982,0.21097448468208313,0.21097448468208313,4.8839
8833,0.1302274465560913,0.1302274465560913,0.21071629226207733,0.21071629226207733,4.8844
8834,0.13022759556770325,0.13022759556770325,0.21098418533802032,0.21098418533802032,4.8849
8835,0.13022759556770325,0.13022759556770325,0.21071676909923553,0.21071676909923553,4.8854
8836,0.13022726774215698,0.13022726774215698,0.2109738290309906,0.2109738290309906,4.8859
8837,0.130226731300354,0.130226731300354,0.21073369681835175,0.21073369681835175,4.8864
8838,0.13022610545158386,0.13022610545158386,0.21096928417682648,0.21096928417682648,4.8869
8839,0.13022536039352417,0.13022536039352417,0.21075423061847687,0.21075423061847687,4.8874
8840,0.13022443652153015,0.13022443652153015,0.2109440267086029,0.2109440267086029,4.888
8841,0.13022351264953613,0.13022351264953613,0.2107885777950287,0.2107885777950287,4.8885
8842,0.13022273778915405,0.13022273778915405,0.2108958661556244,0.2108958661556244,4.889
8843,0.13022205233573914,0.13022205233573914,0.21082034707069397,0.21082034707069397,4.8895
8844,0.13022148609161377,0.13022148609161377,0.21085138618946075,0.21085138618946075,4.89
8845,0.13022109866142273,0.13022109866142273,0.21085555851459503,0.21085555851459503,4.8905
8846,0.13022096455097198,0.13022096455097198,0.21080437302589417,0.21080437302589417,4.891
8847,0.13022103905677795,0.13022103905677795,0.21089915931224823,0.21089915931224823,4.8915
8848,0.1302214413881302,0.1302214413881302,0.21075186133384705,0.21075186133384705,4.892
8849,0.13022206723690033,0.13022206723690033,0.2109522819519043,0.2109522819519043,4.8926
8850,0.13022303581237793,0.13022303581237793,0.2106914222240448,0.2106914222240448,4.8934
8851,0.13022440671920776,0.13022440671920776,0.21101251244544983,0.21101251244544983,4.895
8852,0.13022616505622864,0.13022616505622864,0.21063295006752014,0.21063295006752014,4.8957
8853,0.13022848963737488,0.13022848963737488,0.21108408272266388,0.21108408272266388,4.8964
8854,0.13023117184638977,0.13023117184638977,0.21057221293449402,0.21057221293449402,4.8971
8855,0.1302347481250763,0.1302347481250763,0.2111678123474121,0.2111678123474121,4.8978
8856,0.13023850321769714,0.13023850321769714,0.21050839126110077,0.21050839126110077,4.8985
8857,0.1302432268857956,0.1302432268857956,0.2112565040588379,0.2112565040588379,4.8991
8858,0.1302475780248642,0.1302475780248642,0.2104499340057373,0.2104499340057373,4.8998
8859,0.1302526295185089,0.1302526295185089,0.21133437752723694,0.21133437752723694,4.9003
8860,0.1302560269832611,0.1302560269832611,0.21040526032447815,0.21040526032447815,4.9009
8861,0.13025909662246704,0.13025909662246704,0.2113810032606125,0.2113810032606125,4.9017
8862,0.13025891780853271,0.13025891780853271,0.21039387583732605,0.21039387583732605,4.9027
8863,0.1302572786808014,0.1302572786808014,0.2113666981458664,0.2113666981458664,4.9039
8864,0.13025179505348206,0.13025179505348206,0.2104414999485016,0.2104414999485016,4.9048
8865,0.13024528324604034,0.13024528324604034,0.21127280592918396,0.21127280592918396,4.9056
8866,0.1302366852760315,0.1302366852760315,0.2105555534362793,0.2105555534362793,4.9063
8867,0.13022921979427338,0.13022921979427338,0.21111154556274414,0.21111154556274414,4.9075
8868,0.13022276759147644,0.13022276759147644,0.21071481704711914,0.21071481704711914,4.9081
8869,0.13021908700466156,0.13021908700466156,0.21092188358306885,0.21092188358306885,4.9092
8870,0.13021765649318695,0.13021765649318695,0.21088258922100067,0.21088258922100067,4.91
8871,0.13021837174892426,0.13021837174892426,0.2107512503862381,0.2107512503862381,4.9106
8872,0.13022038340568542,0.13022038340568542,0.21101370453834534,0.21101370453834534,4.9113
8873,0.13022291660308838,0.13022291660308838,0.21062226593494415,0.21062226593494415,4.9119
8874,0.1302255094051361,0.1302255094051361,0.21109338104724884,0.21109338104724884,4.9125
8875,0.13022735714912415,0.13022735714912415,0.21055564284324646,0.21055564284324646,4.913
8876,0.13022854924201965,0.13022854924201965,0.21113792061805725,0.21113792061805725,4.9136
8877,0.13022832572460175,0.13022832572460175,0.21056218445301056,0.21056218445301056,4.9141
8878,0.13022743165493011,0.13022743165493011,0.21114587783813477,0.21114587783813477,4.9147
8879,0.13022534549236298,0.13022534549236298,0.21061906218528748,0.21061906218528748,4.9152
8880,0.13022319972515106,0.13022319972515106,0.2110920250415802,0.2110920250415802,4.9158
8881,0.1302207112312317,0.1302207112312317,0.21069543063640594,0.21069543063640594,4.9163
8882,0.13021878898143768,0.13021878898143768,0.2109939157962799,0.2109939157962799,4.9168
8883,0.13021722435951233,0.13021722435951233,0.210770845413208,0.210770845413208,4.9174
8884,0.13021638989448547,0.13021638989448547,0.21088452637195587,0.21088452637195587,4.9179
8885,0.1302160620689392,0.1302160620689392,0.21083441376686096,0.21083441376686096,4.9184
8886,0.13021627068519592,0.13021627068519592,0.21078762412071228,0.21078762412071228,4.919
8887,0.1302167922258377,0.1302167922258377,0.21088886260986328,0.21088886260986328,4.9195
8888,0.1302175223827362,0.1302175223827362,0.21072697639465332,0.21072697639465332,4.9201
8889,0.13021837174892426,0.13021837174892426,0.2109326422214508,0.2109326422214508,4.9206
8890,0.13021919131278992,0.13021919131278992,0.21070727705955505,0.21070727705955505,4.9211
8891,0.13022005558013916,0.13022005558013916,0.2109520435333252,0.2109520435333252,4.9216
8892,0.13022077083587646,0.13022077083587646,0.21071121096611023,0.21071121096611023,4.9222
8893,0.13022157549858093,0.13022157549858093,0.21093901991844177,0.21093901991844177,4.9227
8894,0.13022221624851227,0.13022221624851227,0.21073336899280548,0.21073336899280548,4.9232
8895,0.1302228420972824,0.1302228420972824,0.21090230345726013,0.21090230345726013,4.9237
8896,0.13022322952747345,0.13022322952747345,0.21077954769134521,0.21077954769134521,4.9242
8897,0.13022346794605255,0.13022346794605255,0.2108496129512787,0.2108496129512787,4.9247
8898,0.130223348736763,0.130223348736763,0.21084284782409668,0.21084284782409668,4.9255
8899,0.1302230805158615,0.1302230805158615,0.21078452467918396,0.21078452467918396,4.9261
8900,0.1302226036787033,0.1302226036787033,0.21091493964195251,0.21091493964195251,4.9292
8901,0.13022218644618988,0.13022218644618988,0.21071243286132812,0.21071243286132812,4.9298
8902,0.1302219182252884,0.1302219182252884,0.21099109947681427,0.21099109947681427,4.9303
8903,0.13022185862064362,0.13022185862064362,0.210642009973526,0.210642009973526,4.9308
8904,0.13022218644618988,0.13022218644618988,0.2110608071088791,0.2110608071088791,4.9314
8905,0.13022269308567047,0.13022269308567047,0.21058519184589386,0.21058519184589386,4.9386
8906,0.13022345304489136,0.13022345304489136,0.21111521124839783,0.21111521124839783,4.9393
8907,0.13022398948669434,0.13022398948669434,0.21054966747760773,0.21054966747760773,4.9399
8908,0.1302245408296585,0.1302245408296585,0.2111484557390213,0.2111484557390213,4.9405
8909,0.13022451102733612,0.13022451102733612,0.2105359137058258,0.2105359137058258,4.9411
8910,0.13022424280643463,0.13022424280643463,0.21115179359912872,0.21115179359912872,4.9417
8911,0.13022327423095703,0.13022327423095703,0.21054396033287048,0.21054396033287048,4.9423
8912,0.1302221417427063,0.1302221417427063,0.2111242711544037,0.2111242711544037,4.9428
8913,0.1302204430103302,0.1302204430103302,0.2105747014284134,0.2105747014284134,4.9434
8914,0.13021883368492126,0.13021883368492126,0.21107497811317444,0.21107497811317444,4.944
8915,0.130217045545578,0.130217045545578,0.21062329411506653,0.21062329411506653,4.9446
8916,0.1302156299352646,0.1302156299352646,0.21101462841033936,0.21101462841033936,4.9452
8917,0.1302143782377243,0.1302143782377243,0.21068032085895538,0.21068032085895538,4.9457
8918,0.13021352887153625,0.13021352887153625,0.21095304191112518,0.21095304191112518,4.9463
8919,0.13021287322044373,0.13021287322044373,0.21073317527770996,0.21073317527770996,4.9469
8920,0.13021260499954224,0.13021260499954224,0.2108997106552124,0.2108997106552124,4.9475
8921,0.1302124559879303,0.1302124559879303,0.21077196300029755,0.21077196300029755,4.948
8922,0.1302124261856079,0.1302124261856079,0.21086151897907257,0.21086151897907257,4.9486
8923,0.1302124559879303,0.1302124559879303,0.21079349517822266,0.21079349517822266,4.9492
8924,0.1302124559879303,0.1302124559879303,0.2108422964811325,0.2108422964811325,4.9498
8925,0.1302124559879303,0.1302124559879303,0.2107982635498047,0.2107982635498047,4.9504
8926,0.1302124261856079,0.1302124261856079,0.2108437716960907,0.2108437716960907,4.9511
8927,0.13021238148212433,0.13021238148212433,0.2107863426208496,0.2107863426208496,4.9517
8928,0.13021229207515717,0.13021229207515717,0.21086382865905762,0.21086382865905762,4.9523
8929,0.13021232187747955,0.13021232187747955,0.21075956523418427,0.21075956523418427,4.9529
8930,0.1302124708890915,0.1302124708890915,0.21089816093444824,0.21089816093444824,4.9535
8931,0.13021275401115417,0.13021275401115417,0.21072109043598175,0.21072109043598175,4.954
8932,0.13021327555179596,0.13021327555179596,0.21094369888305664,0.21094369888305664,4.9546
8933,0.13021397590637207,0.13021397590637207,0.21067385375499725,0.21067385375499725,4.9552
8934,0.13021504878997803,0.13021504878997803,0.21099750697612762,0.21099750697612762,4.9558
8935,0.1302163153886795,0.1302163153886795,0.2106212079524994,0.2106212079524994,4.9563
8936,0.13021798431873322,0.13021798431873322,0.211056187748909,0.211056187748909,4.9569
8937,0.13021978735923767,0.13021978735923767,0.21056747436523438,0.21056747436523438,4.9574
8938,0.13022206723690033,0.13022206723690033,0.21111702919006348,0.21111702919006348,4.958
8939,0.13022421300411224,0.13022421300411224,0.21051669120788574,0.21051669120788574,4.9586
8940,0.130226731300354,0.130226731300354,0.21117480099201202,0.21117480099201202,4.9591
8941,0.13022871315479279,0.13022871315479279,0.2104755938053131,0.2104755938053131,4.9597
8942,0.1302308589220047,0.1302308589220047,0.21122083067893982,0.21122083067893982,4.9602
8943,0.1302317976951599,0.1302317976951599,0.2104528397321701,0.2104528397321701,4.9608
8944,0.130232572555542,0.130232572555542,0.21124200522899628,0.21124200522899628,4.9613
8945,0.1302316039800644,0.1302316039800644,0.2104567587375641,0.2104567587375641,4.9619
8946,0.13023023307323456,0.13023023307323456,0.21122494339942932,0.21122494339942932,4.9624
8947,0.13022711873054504,0.13022711873054504,0.2104930877685547,0.2104930877685547,4.9629
8948,0.13022388517856598,0.13022388517856598,0.21116404235363007,0.21116404235363007,4.9635
8949,0.13021960854530334,0.13021960854530334,0.2105623185634613,0.2105623185634613,4.964
8950,0.1302158534526825,0.1302158534526825,0.21106776595115662,0.21106776595115662,4.9645
8951,0.13021208345890045,0.13021208345890045,0.21065481007099152,0.21065481007099152,4.9651
8952,0.13020941615104675,0.13020941615104675,0.21095553040504456,0.21095553040504456,4.9656
8953,0.1302073448896408,0.1302073448896408,0.21075336635112762,0.21075336635112762,4.9661
8954,0.13020630180835724,0.13020630180835724,0.21084895730018616,0.21084895730018616,4.9667
8955,0.13020581007003784,0.13020581007003784,0.21084046363830566,0.21084046363830566,4.9672
8956,0.13020583987236023,0.13020583987236023,0.21076235175132751,0.21076235175132751,4.9678
8957,0.13020622730255127,0.13020622730255127,0.21090367436408997,0.21090367436408997,4.9683
8958,0.13020674884319305,0.13020674884319305,0.21069049835205078,0.21069049835205078,4.9688
8959,0.13020731508731842,0.13020731508731842,0.21094655990600586,0.21094655990600586,4.9694
8960,0.13020798563957214,0.13020798563957214,0.2106502503156662,0.2106502503156662,4.9707
8961,0.13020876049995422,0.13020876049995422,0.21098847687244415,0.21098847687244415,4.9715
8962,0.1302095204591751,0.1302095204591751,0.21063606441020966,0.21063606441020966,4.9756
8963,0.13021036982536316,0.13021036982536316,0.21103647351264954,0.21103647351264954,4.9762
8964,0.13021114468574524,0.13021114468574524,0.21061453223228455,0.21061453223228455,4.9768
8965,0.13021205365657806,0.13021205365657806,0.21105976402759552,0.21105976402759552,4.9773
8966,0.13021284341812134,0.13021284341812134,0.21060046553611755,0.21060046553611755,4.9779
8967,0.13021376729011536,0.13021376729011536,0.21105727553367615,0.21105727553367615,4.9784
8968,0.13021442294120789,0.13021442294120789,0.21059346199035645,0.21059346199035645,4.979
8969,0.13021524250507355,0.13021524250507355,0.2110477238893509,0.2110477238893509,4.9795
8970,0.1302156299352646,0.1302156299352646,0.21058733761310577,0.21058733761310577,4.98
8971,0.13021618127822876,0.13021618127822876,0.2110326737165451,0.2110326737165451,4.9806
8972,0.13021615147590637,0.13021615147590637,0.21060653030872345,0.21060653030872345,4.9811
8973,0.13021627068519592,0.13021627068519592,0.2110094577074051,0.2110094577074051,4.9816
8974,0.1302158534526825,0.1302158534526825,0.21064791083335876,0.21064791083335876,4.9822
8975,0.13021549582481384,0.13021549582481384,0.210983008146286,0.210983008146286,4.9827
8976,0.1302146315574646,0.1302146315574646,0.21068397164344788,0.21068397164344788,4.9835
8977,0.1302138864994049,0.1302138864994049,0.2109447419643402,0.2109447419643402,4.9846
8978,0.13021261990070343,0.13021261990070343,0.21071676909923553,0.21071676909923553,4.9852
8979,0.13021142780780792,0.13021142780780792,0.21089878678321838,0.21089878678321838,4.9858
8980,0.13020989298820496,0.13020989298820496,0.2107531577348709,0.2107531577348709,4.9863
8981,0.13020847737789154,0.13020847737789154,0.21086415648460388,0.21086415648460388,4.9868
8982,0.13020697236061096,0.13020697236061096,0.21077799797058105,0.21077799797058105,4.9874
8983,0.13020560145378113,0.13020560145378113,0.21084317564964294,0.21084317564964294,4.9879
8984,0.13020436465740204,0.13020436465740204,0.21079115569591522,0.21079115569591522,4.9884
8985,0.13020333647727966,0.13020333647727966,0.21083159744739532,0.21083159744739532,4.989
8986,0.130202516913414,0.130202516913414,0.21079444885253906,0.21079444885253906,4.9899
8987,0.13020187616348267,0.13020187616348267,0.2108350247144699,0.2108350247144699,4.9905
8988,0.13020150363445282,0.13020150363445282,0.2107800990343094,0.2107800990343094,4.9914
8989,0.13020125031471252,0.13020125031471252,0.21085314452648163,0.21085314452648163,4.9919
8990,0.13020123541355133,0.13020123541355133,0.21075335144996643,0.21075335144996643,4.9924
8991,0.13020126521587372,0.13020126521587372,0.21088147163391113,0.21088147163391113,4.993
8992,0.13020138442516327,0.13020138442516327,0.2107222080230713,0.2107222080230713,4.9935
8993,0.13020160794258118,0.13020160794258118,0.2109174281358719,0.2109174281358719,4.994
8994,0.13020206987857819,0.13020206987857819,0.2106955498456955,0.2106955498456955,4.9946
8995,0.13020272552967072,0.13020272552967072,0.2109535038471222,0.2109535038471222,4.9951
8996,0.13020364940166473,0.13020364940166473,0.21065478026866913,0.21065478026866913,4.9956
8997,0.13020485639572144,0.13020485639572144,0.21099922060966492,0.21099922060966492,4.9962
8998,0.13020651042461395,0.13020651042461395,0.21058759093284607,0.21058759093284607,4.9967
8999,0.13020864129066467,0.13020864129066467,0.21105614304542542,0.21105614304542542,4.9972
9000,0.13021118938922882,0.13021118938922882,0.210524320602417,0.210524320602417,4.9993
9001,0.13021452724933624,0.13021452724933624,0.21112313866615295,0.21112313866615295,4.9999
9002,0.130218043923378,0.130218043923378,0.21046552062034607,0.21046552062034607,5.0004
9003,0.1302223652601242,0.1302223652601242,0.21120533347129822,0.21120533347129822,5.001
9004,0.13022631406784058,0.13022631406784058,0.21040558815002441,0.21040558815002441,5.0015
9005,0.13023075461387634,0.13023075461387634,0.21128764748573303,0.21128764748573303,5.002
9006,0.13023367524147034,0.13023367524147034,0.21036644279956818,0.21036644279956818,5.0026
9007,0.1302361786365509,0.1302361786365509,0.2113340198993683,0.2113340198993683,5.0031
9008,0.13023582100868225,0.13023582100868225,0.21035996079444885,0.21035996079444885,5.0036
9009,0.13023419678211212,0.13023419678211212,0.2113209068775177,0.2113209068775177,5.0041
9010,0.13022921979427338,0.13022921979427338,0.21039505302906036,0.21039505302906036,5.0047
9011,0.1302233636379242,0.1302233636379242,0.21123619377613068,0.21123619377613068,5.0052
9012,0.13021570444107056,0.13021570444107056,0.21049180626869202,0.21049180626869202,5.0058
9013,0.13020896911621094,0.13020896911621094,0.21108806133270264,0.21108806133270264,5.0063
9014,0.13020291924476624,0.13020291924476624,0.21063914895057678,0.21063914895057678,5.0068
9015,0.13019923865795135,0.13019923865795135,0.21091529726982117,0.21091529726982117,5.0073
9016,0.13019737601280212,0.13019737601280212,0.2107914686203003,0.2107914686203003,5.0078
9017,0.13019733130931854,0.13019733130931854,0.2107599526643753,0.2107599526643753,5.0084
9018,0.1301986426115036,0.1301986426115036,0.21091456711292267,0.21091456711292267,5.0089
9019,0.13020071387290955,0.13020071387290955,0.21062913537025452,0.21062913537025452,5.0094
9020,0.13020315766334534,0.13020315766334534,0.2110036313533783,0.2110036313533783,5.0099
9021,0.130205437541008,0.130205437541008,0.2105434387922287,0.2105434387922287,5.0105
9022,0.13020740449428558,0.13020740449428558,0.2110697478055954,0.2110697478055954,5.011
9023,0.13020837306976318,0.13020837306976318,0.21052920818328857,0.21052920818328857,5.0115
9024,0.13020871579647064,0.13020871579647064,0.21110954880714417,0.21110954880714417,5.012
9025,0.1302078664302826,0.1302078664302826,0.21055956184864044,0.21055956184864044,5.0125
9026,0.13020655512809753,0.13020655512809753,0.2110937535762787,0.2110937535762787,5.013
9027,0.13020455837249756,0.13020455837249756,0.2106074094772339,0.2106074094772339,5.0136
9028,0.13020262122154236,0.13020262122154236,0.21102342009544373,0.21102342009544373,5.0141
9029,0.13020062446594238,0.13020062446594238,0.21066418290138245,0.21066418290138245,5.0146
9030,0.1301991045475006,0.1301991045475006,0.21092410385608673,0.21092410385608673,5.0151
9031,0.13019795715808868,0.13019795715808868,0.21071934700012207,0.21071934700012207,5.0156
9032,0.13019739091396332,0.13019739091396332,0.2108275145292282,0.2108275145292282,5.0162
9033,0.13019725680351257,0.13019725680351257,0.21077768504619598,0.21077768504619598,5.0167
9034,0.13019758462905884,0.13019758462905884,0.21075832843780518,0.21075832843780518,5.0172
9035,0.13019827008247375,0.13019827008247375,0.21083974838256836,0.21083974838256836,5.0177
9036,0.13019923865795135,0.13019923865795135,0.2107200175523758,0.2107200175523758,5.0182
9037,0.13020052015781403,0.13020052015781403,0.2108820378780365,0.2108820378780365,5.0187
9038,0.13020187616348267,0.13020187616348267,0.21069936454296112,0.21069936454296112,5.0192
9039,0.13020354509353638,0.13020354509353638,0.2108922302722931,0.2108922302722931,5.0198
9040,0.13020509481430054,0.13020509481430054,0.2106952667236328,0.2106952667236328,5.0203
9041,0.13020667433738708,0.13020667433738708,0.21088361740112305,0.21088361740112305,5.0208
9042,0.13020774722099304,0.13020774722099304,0.21071664988994598,0.21071664988994598,5.0213
9043,0.13020837306976318,0.13020837306976318,0.21085591614246368,0.21085591614246368,5.0218
9044,0.13020795583724976,0.13020795583724976,0.21076206862926483,0.21076206862926483,5.0223
9045,0.1302068680524826,0.1302068680524826,0.21080271899700165,0.21080271899700165,5.0228
9046,0.13020488619804382,0.13020488619804382,0.21082615852355957,0.21082615852355957,5.0233
9047,0.1302027702331543,0.1302027702331543,0.21072880923748016,0.21072880923748016,5.0238
9048,0.1302008032798767,0.1302008032798767,0.21090459823608398,0.21090459823608398,5.0244
9049,0.13019971549510956,0.13019971549510956,0.21064493060112,0.21064493060112,5.0249
9050,0.13019952178001404,0.13019952178001404,0.21098771691322327,0.21098771691322327,5.0254
9051,0.13020041584968567,0.13020041584968567,0.21056735515594482,0.21056735515594482,5.0269
9052,0.13020192086696625,0.13020192086696625,0.21106405556201935,0.21106405556201935,5.0275
9053,0.13020382821559906,0.13020382821559906,0.21051070094108582,0.21051070094108582,5.028
9054,0.13020558655261993,0.13020558655261993,0.21112246811389923,0.21112246811389923,5.0285
9055,0.1302069127559662,0.1302069127559662,0.21047499775886536,0.21047499775886536,5.029
9056,0.13020756840705872,0.13020756840705872,0.21114936470985413,0.21114936470985413,5.0295
9057,0.13020750880241394,0.13020750880241394,0.21046176552772522,0.21046176552772522,5.03
9058,0.130206897854805,0.130206897854805,0.21114030480384827,0.21114030480384827,5.0306
9059,0.1302056610584259,0.1302056610584259,0.21047945320606232,0.21047945320606232,5.0311
9060,0.13020439445972443,0.13020439445972443,0.21110185980796814,0.21110185980796814,5.0316
9061,0.13020287454128265,0.13020287454128265,0.2105245143175125,0.2105245143175125,5.0321
9062,0.13020172715187073,0.13020172715187073,0.2110445499420166,0.2110445499420166,5.0326
9063,0.13020046055316925,0.13020046055316925,0.21058401465415955,0.21058401465415955,5.0331
9064,0.13019955158233643,0.13019955158233643,0.21097886562347412,0.21097886562347412,5.0336
9065,0.13019850850105286,0.13019850850105286,0.21064408123493195,0.21064408123493195,5.0341
9066,0.13019762933254242,0.13019762933254242,0.2109163999557495,0.2109163999557495,5.0347
9067,0.13019655644893646,0.13019655644893646,0.21069197356700897,0.21069197356700897,5.0352
9068,0.1301954984664917,0.1301954984664917,0.2108672559261322,0.2108672559261322,5.0357
9069,0.13019433617591858,0.13019433617591858,0.21072140336036682,0.21072140336036682,5.0362
9070,0.13019326329231262,0.13019326329231262,0.21083781123161316,0.21083781123161316,5.0367
9071,0.13019230961799622,0.13019230961799622,0.210733562707901,0.210733562707901,5.0372
9072,0.13019146025180817,0.13019146025180817,0.2108302116394043,0.2108302116394043,5.0377
9073,0.13019093871116638,0.13019093871116638,0.21072940528392792,0.21072940528392792,5.0382
9074,0.13019052147865295,0.13019052147865295,0.21084117889404297,0.21084117889404297,5.0388
9075,0.13019022345542908,0.13019022345542908,0.21071243286132812,0.21071243286132812,5.0393
9076,0.13019004464149475,0.13019004464149475,0.21086105704307556,0.21086105704307556,5.0398
9077,0.13019013404846191,0.13019013404846191,0.21070662140846252,0.21070662140846252,5.0403
9078,0.13019020855426788,0.13019020855426788,0.21087881922721863,0.21087881922721863,5.0408
9079,0.13019046187400818,0.13019046187400818,0.2106902152299881,0.2106902152299881,5.0413
9080,0.13019074499607086,0.13019074499607086,0.2109033316373825,0.2109033316373825,5.0418
9081,0.13019101321697235,0.13019101321697235,0.21064405143260956,0.21064405143260956,5.0423
9082,0.13019146025180817,0.13019146025180817,0.21092700958251953,0.21092700958251953,5.0429
9083,0.13019202649593353,0.13019202649593353,0.21062259376049042,0.21062259376049042,5.0434
9084,0.13019287586212158,0.13019287586212158,0.210944265127182,0.210944265127182,5.0439
9085,0.13019400835037231,0.13019400835037231,0.2106027603149414,0.2106027603149414,5.0444
9086,0.1301954686641693,0.1301954686641693,0.21098260581493378,0.21098260581493378,5.045
9087,0.1301971971988678,0.1301971971988678,0.21055158972740173,0.21055158972740173,5.0455
9088,0.13019941747188568,0.13019941747188568,0.21103544533252716,0.21103544533252716,5.046
9089,0.13020172715187073,0.13020172715187073,0.2105158567428589,0.2105158567428589,5.0466
9090,0.13020452857017517,0.13020452857017517,0.21108154952526093,0.21108154952526093,5.0471
9091,0.1302071213722229,0.1302071213722229,0.210486501455307,0.210486501455307,5.0476
9092,0.1302100121974945,0.1302100121974945,0.21113328635692596,0.21113328635692596,5.0481
9093,0.13021200895309448,0.13021200895309448,0.21044349670410156,0.21044349670410156,5.0486
9094,0.13021405041217804,0.13021405041217804,0.2111824005842209,0.2111824005842209,5.0491
9095,0.1302144080400467,0.1302144080400467,0.21042756736278534,0.21042756736278534,5.0497
9096,0.13021443784236908,0.13021443784236908,0.2111966609954834,0.2111966609954834,5.0502
9097,0.1302124261856079,0.1302124261856079,0.210444837808609,0.210444837808609,5.0507
9098,0.1302099972963333,0.1302099972963333,0.2111712396144867,0.2111712396144867,5.0512
9099,0.1302059143781662,0.1302059143781662,0.21047477424144745,0.21047477424144745,5.0517
9100,0.13020192086696625,0.13020192086696625,0.2111087143421173,0.2111087143421173,5.0522
9101,0.13019730150699615,0.13019730150699615,0.21053996682167053,0.21053996682167053,5.0527
9102,0.13019351661205292,0.13019351661205292,0.21101121604442596,0.21101121604442596,5.0533
9103,0.13019008934497833,0.13019008934497833,0.21063581109046936,0.21063581109046936,5.0538
9104,0.13018785417079926,0.13018785417079926,0.21090535819530487,0.21090535819530487,5.0543
9105,0.1301862746477127,0.1301862746477127,0.21072173118591309,0.21072173118591309,5.0552
9106,0.1301855742931366,0.1301855742931366,0.21081531047821045,0.21081531047821045,5.0557
9107,0.1301853060722351,0.1301853060722351,0.2107914239168167,0.2107914239168167,5.0562
9108,0.13018551468849182,0.13018551468849182,0.2107430398464203,0.2107430398464203,5.0568
9109,0.1301860511302948,0.1301860511302948,0.21084778010845184,0.21084778010845184,5.0573
9110,0.1301870346069336,0.1301870346069336,0.21067090332508087,0.21067090332508087,5.0578
9111,0.13018828630447388,0.13018828630447388,0.21091115474700928,0.21091115474700928,5.0583
9112,0.13018982112407684,0.13018982112407684,0.21060553193092346,0.21060553193092346,5.0588
9113,0.13019151985645294,0.13019151985645294,0.21098153293132782,0.21098153293132782,5.0594
9114,0.13019318878650665,0.13019318878650665,0.21057359874248505,0.21057359874248505,5.0599
9115,0.13019487261772156,0.13019487261772156,0.21103152632713318,0.21103152632713318,5.0604
9116,0.1301962435245514,0.1301962435245514,0.2105524092912674,0.2105524092912674,5.0609
9117,0.13019749522209167,0.13019749522209167,0.21106204390525818,0.21106204390525818,5.0614
9118,0.13019812107086182,0.13019812107086182,0.2105294167995453,0.2105294167995453,5.062
9119,0.13019850850105286,0.13019850850105286,0.2110711634159088,0.2110711634159088,5.0625
9120,0.1301981657743454,0.1301981657743454,0.21052367985248566,0.21052367985248566,5.063
9121,0.1301976442337036,0.1301976442337036,0.21104922890663147,0.21104922890663147,5.0635
9122,0.13019633293151855,0.13019633293151855,0.21053877472877502,0.21053877472877502,5.064
9123,0.13019497692584991,0.13019497692584991,0.21101360023021698,0.21101360023021698,5.0645
9124,0.1301930844783783,0.1301930844783783,0.21056866645812988,0.21056866645812988,5.065
9125,0.1301913857460022,0.1301913857460022,0.21097448468208313,0.21097448468208313,5.0655
9126,0.13018952310085297,0.13018952310085297,0.21061530709266663,0.21061530709266663,5.066
9127,0.1301880031824112,0.1301880031824112,0.21092358231544495,0.21092358231544495,5.0665
9128,0.13018658757209778,0.13018658757209778,0.2106640338897705,0.2106640338897705,5.067
9129,0.13018551468849182,0.13018551468849182,0.2108711302280426,0.2108711302280426,5.0676
9130,0.13018465042114258,0.13018465042114258,0.2106998860836029,0.2106998860836029,5.0681
9131,0.13018402457237244,0.13018402457237244,0.21083328127861023,0.21083328127861023,5.0686
9132,0.1301836222410202,0.1301836222410202,0.21072760224342346,0.21072760224342346,5.0691
9133,0.13018330931663513,0.13018330931663513,0.21080827713012695,0.21080827713012695,5.0696
9134,0.13018320500850677,0.13018320500850677,0.21074488759040833,0.21074488759040833,5.0701
9135,0.1301831305027008,0.1301831305027008,0.21079854667186737,0.21079854667186737,5.0733
9136,0.13018326461315155,0.13018326461315155,0.21074390411376953,0.21074390411376953,5.0743
9137,0.1301833987236023,0.1301833987236023,0.21080808341503143,0.21080808341503143,5.0748
9138,0.13018347322940826,0.13018347322940826,0.21073058247566223,0.21073058247566223,5.0754
9139,0.13018354773521423,0.13018354773521423,0.21082547307014465,0.21082547307014465,5.0759
9140,0.1301838606595993,0.1301838606595993,0.21073012053966522,0.21073012053966522,5.0765
9141,0.13018423318862915,0.13018423318862915,0.21084065735340118,0.21084065735340118,5.077
9142,0.13018491864204407,0.13018491864204407,0.21071526408195496,0.21071526408195496,5.0775
9143,0.13018564879894257,0.13018564879894257,0.21086974442005157,0.21086974442005157,5.0782
9144,0.1301867514848709,0.1301867514848709,0.2106637954711914,0.2106637954711914,5.0788
9145,0.1301879733800888,0.1301879733800888,0.21090559661388397,0.21090559661388397,5.0794
9146,0.13018953800201416,0.13018953800201416,0.21061810851097107,0.21061810851097107,5.0799
9147,0.1301913559436798,0.1301913559436798,0.21094217896461487,0.21094217896461487,5.0805
9148,0.13019327819347382,0.13019327819347382,0.21057896316051483,0.21057896316051483,5.081
9149,0.13019545376300812,0.13019545376300812,0.21099945902824402,0.21099945902824402,5.0815
9150,0.13019736111164093,0.13019736111164093,0.21053242683410645,0.21053242683410645,5.0821
9151,0.13019950687885284,0.13019950687885284,0.21107009053230286,0.21107009053230286,5.0826
9152,0.13020102679729462,0.13020102679729462,0.21049556136131287,0.21049556136131287,5.0832
9153,0.13020263612270355,0.13020263612270355,0.21112270653247833,0.21112270653247833,5.0837
9154,0.1302032768726349,0.1302032768726349,0.21046380698680878,0.21046380698680878,5.0842
9155,0.13020382821559906,0.13020382821559906,0.21115586161613464,0.21115586161613464,5.0848
9156,0.13020309805870056,0.13020309805870056,0.2104296237230301,0.2104296237230301,5.0853
9157,0.13020221889019012,0.13020221889019012,0.2111707627773285,0.2111707627773285,5.0859
9158,0.13020016252994537,0.13020016252994537,0.2104218751192093,0.2104218751192093,5.0864
9159,0.1301981806755066,0.1301981806755066,0.21115675568580627,0.21115675568580627,5.0869
9160,0.13019545376300812,0.13019545376300812,0.21045032143592834,0.21045032143592834,5.0874
9161,0.1301930844783783,0.1301930844783783,0.21111750602722168,0.21111750602722168,5.088
9162,0.13019052147865295,0.13019052147865295,0.21049228310585022,0.21049228310585022,5.0886
9163,0.13018853962421417,0.13018853962421417,0.21106314659118652,0.21106314659118652,5.0891
9164,0.13018672168254852,0.13018672168254852,0.21054410934448242,0.21054410934448242,5.0896
9165,0.1301853507757187,0.1301853507757187,0.21099674701690674,0.21099674701690674,5.0901
9166,0.1301841139793396,0.1301841139793396,0.21060076355934143,0.21060076355934143,5.0907
9167,0.13018308579921722,0.13018308579921722,0.21093229949474335,0.21093229949474335,5.0912
9168,0.13018205761909485,0.13018205761909485,0.2106444090604782,0.2106444090604782,5.0917
9169,0.13018105924129486,0.13018105924129486,0.21088513731956482,0.21088513731956482,5.0931
9170,0.13018013536930084,0.13018013536930084,0.21067576110363007,0.21067576110363007,5.0936
9171,0.13017942011356354,0.13017942011356354,0.21084609627723694,0.21084609627723694,5.0942
9172,0.13017883896827698,0.13017883896827698,0.21072280406951904,0.21072280406951904,5.0952
9173,0.13017866015434265,0.13017866015434265,0.21077661216259003,0.21077661216259003,5.0957
9174,0.13017861545085907,0.13017861545085907,0.21078920364379883,0.21078920364379883,5.0962
9175,0.13017868995666504,0.13017868995666504,0.21069686114788055,0.21069686114788055,5.0968
9176,0.13017891347408295,0.13017891347408295,0.2108432799577713,0.2108432799577713,5.0973
9177,0.13017944991588593,0.13017944991588593,0.21066491305828094,0.21066491305828094,5.0978
9178,0.1301802098751068,0.1301802098751068,0.21089187264442444,0.21089187264442444,5.0985
9179,0.130181223154068,0.130181223154068,0.21062502264976501,0.21062502264976501,5.099
9180,0.13018231093883514,0.13018231093883514,0.21095553040504456,0.21095553040504456,5.0996
9181,0.13018372654914856,0.13018372654914856,0.21055126190185547,0.21055126190185547,5.1001
9182,0.13018527626991272,0.13018527626991272,0.21100787818431854,0.21100787818431854,5.1006
9183,0.13018691539764404,0.13018691539764404,0.21050605177879333,0.21050605177879333,5.1011
9184,0.1301887184381485,0.1301887184381485,0.21104273200035095,0.21104273200035095,5.1017
9185,0.13019028306007385,0.13019028306007385,0.21047034859657288,0.21047034859657288,5.1022
9186,0.13019195199012756,0.13019195199012756,0.211089089512825,0.211089089512825,5.1027
9187,0.13019302487373352,0.13019302487373352,0.21043165028095245,0.21043165028095245,5.1032
9188,0.13019399344921112,0.13019399344921112,0.21113085746765137,0.21113085746765137,5.1037
9189,0.1301940232515335,0.1301940232515335,0.210430309176445,0.210430309176445,5.1043
9190,0.13019390404224396,0.13019390404224396,0.21113654971122742,0.21113654971122742,5.1048
9191,0.13019274175167084,0.13019274175167084,0.21045008301734924,0.21045008301734924,5.1053
9192,0.1301913559436798,0.1301913559436798,0.21111445128917694,0.21111445128917694,5.1061
9193,0.13018912076950073,0.13018912076950073,0.21046653389930725,0.21046653389930725,5.1066
9194,0.13018690049648285,0.13018690049648285,0.21106800436973572,0.21106800436973572,5.108
9195,0.13018420338630676,0.13018420338630676,0.21051326394081116,0.21051326394081116,5.1085
9196,0.13018187880516052,0.13018187880516052,0.21099753677845,0.21099753677845,5.109
9197,0.13017956912517548,0.13017956912517548,0.21058440208435059,0.21058440208435059,5.1096
9198,0.13017776608467102,0.13017776608467102,0.21092495322227478,0.21092495322227478,5.1101
9199,0.13017626106739044,0.13017626106739044,0.21064221858978271,0.21064221858978271,5.1106
9200,0.13017521798610687,0.13017521798610687,0.21086375415325165,0.21086375415325165,5.1111
9201,0.13017450273036957,0.13017450273036957,0.21069268882274628,0.21069268882274628,5.1116
9202,0.13017405569553375,0.13017405569553375,0.21081042289733887,0.21081042289733887,5.1121
9203,0.13017386198043823,0.13017386198043823,0.2107342928647995,0.2107342928647995,5.1127
9204,0.13017375767230988,0.13017375767230988,0.21077580749988556,0.21077580749988556,5.1132
9205,0.1301737278699875,0.1301737278699875,0.21075081825256348,0.21075081825256348,5.1137
9206,0.13017375767230988,0.13017375767230988,0.21076345443725586,0.21076345443725586,5.1142
9207,0.13017402589321136,0.13017402589321136,0.2107769250869751,0.2107769250869751,5.1147
9208,0.13017436861991882,0.13017436861991882,0.2107524871826172,0.2107524871826172,5.1152
9209,0.1301751434803009,0.1301751434803009,0.21079032123088837,0.21079032123088837,5.1157
9210,0.13017594814300537,0.13017594814300537,0.21075184643268585,0.21075184643268585,5.1162
9211,0.13017742335796356,0.13017742335796356,0.2107522040605545,0.2107522040605545,5.1167
9212,0.13017913699150085,0.13017913699150085,0.210768461227417,0.210768461227417,5.1172
9213,0.13018155097961426,0.13018155097961426,0.210720494389534,0.210720494389534,5.1177
9214,0.1301843523979187,0.1301843523979187,0.2107914388179779,0.2107914388179779,5.1182
9215,0.13018761575222015,0.13018761575222015,0.2107049971818924,0.2107049971818924,5.1187
9216,0.13019093871116638,0.13019093871116638,0.21083346009254456,0.21083346009254456,5.1193
9217,0.13019394874572754,0.13019394874572754,0.21067440509796143,0.21067440509796143,5.1198
9218,0.130196213722229,0.130196213722229,0.21089863777160645,0.21089863777160645,5.1203
9219,0.13019706308841705,0.13019706308841705,0.21063557267189026,0.21063557267189026,5.1208
9220,0.1301964670419693,0.1301964670419693,0.2109554260969162,0.2109554260969162,5.1213
9221,0.1301942616701126,0.1301942616701126,0.21058392524719238,0.21058392524719238,5.1218
9222,0.13019147515296936,0.13019147515296936,0.21100592613220215,0.21100592613220215,5.1223
9223,0.1301884949207306,0.1301884949207306,0.21050743758678436,0.21050743758678436,5.1228
9224,0.13018670678138733,0.13018670678138733,0.21106715500354767,0.21106715500354767,5.1233
9225,0.130186066031456,0.130186066031456,0.21044325828552246,0.21044325828552246,5.1238
9226,0.1301870048046112,0.1301870048046112,0.2111259400844574,0.2111259400844574,5.1243
9227,0.1301887035369873,0.1301887035369873,0.2104114294052124,0.2104114294052124,5.1248
9228,0.13019071519374847,0.13019071519374847,0.21116669476032257,0.21116669476032257,5.1253
9229,0.1301920861005783,0.1301920861005783,0.21039095520973206,0.21039095520973206,5.1258
9230,0.13019226491451263,0.13019226491451263,0.21118173003196716,0.21118173003196716,5.1263
9231,0.13019093871116638,0.13019093871116638,0.21039366722106934,0.21039366722106934,5.1268
9232,0.13018842041492462,0.13018842041492462,0.21115076541900635,0.21115076541900635,5.1274
9233,0.1301850974559784,0.1301850974559784,0.21043729782104492,0.21043729782104492,5.1279
9234,0.13018196821212769,0.13018196821212769,0.2110758274793625,0.2110758274793625,5.1284
9235,0.1301792860031128,0.1301792860031128,0.2105071246623993,0.2105071246623993,5.1289
9236,0.13017766177654266,0.13017766177654266,0.2109871655702591,0.2109871655702591,5.1294
9237,0.1301766335964203,0.1301766335964203,0.21058769524097443,0.21058769524097443,5.1299
9238,0.13017620146274567,0.13017620146274567,0.21090121567249298,0.21090121567249298,5.1305
9239,0.13017567992210388,0.13017567992210388,0.21066293120384216,0.21066293120384216,5.131
9240,0.13017494976520538,0.13017494976520538,0.2108292132616043,0.2108292132616043,5.1315
9241,0.13017384707927704,0.13017384707927704,0.21070852875709534,0.21070852875709534,5.132
9242,0.13017240166664124,0.13017240166664124,0.2107887715101242,0.2107887715101242,5.1325
9243,0.1301710307598114,0.1301710307598114,0.21072332561016083,0.21072332561016083,5.133
9244,0.13016973435878754,0.13016973435878754,0.21077999472618103,0.21077999472618103,5.1336
9245,0.13016875088214874,0.13016875088214874,0.21071872115135193,0.21071872115135193,5.1343
9246,0.13016822934150696,0.13016822934150696,0.21078777313232422,0.21078777313232422,5.1348
9247,0.13016816973686218,0.13016816973686218,0.21072132885456085,0.21072132885456085,5.1356
9248,0.13016833364963531,0.13016833364963531,0.21079544723033905,0.21079544723033905,5.1361
9249,0.13016866147518158,0.13016866147518158,0.21073541045188904,0.21073541045188904,5.1367
9250,0.13016895949840546,0.13016895949840546,0.2107931673526764,0.2107931673526764,5.1372
9251,0.13016921281814575,0.13016921281814575,0.2107444703578949,0.2107444703578949,5.1377
9252,0.13016951084136963,0.13016951084136963,0.2107430249452591,0.2107430249452591,5.1385
9253,0.13016963005065918,0.13016963005065918,0.21077437698841095,0.21077437698841095,5.139
9254,0.130170077085495,0.130170077085495,0.2106538712978363,0.2106538712978363,5.1395
9255,0.1301705539226532,0.1301705539226532,0.21083125472068787,0.21083125472068787,5.14
9256,0.13017162680625916,0.13017162680625916,0.2105826586484909,0.2105826586484909,5.1405
9257,0.1301729828119278,0.1301729828119278,0.2109117954969406,0.2109117954969406,5.1411
9258,0.13017494976520538,0.13017494976520538,0.2105240374803543,0.2105240374803543,5.1416
9259,0.13017742335796356,0.13017742335796356,0.21102122962474823,0.21102122962474823,5.1421
9260,0.13018028438091278,0.13018028438091278,0.2104598581790924,0.2104598581790924,5.1426
9261,0.13018368184566498,0.13018368184566498,0.21112866699695587,0.21112866699695587,5.1431
9262,0.13018718361854553,0.13018718361854553,0.21039727330207825,0.21039727330207825,5.1436
9263,0.13019099831581116,0.13019099831581116,0.2111983746290207,0.2111983746290207,5.1441
9264,0.13019409775733948,0.13019409775733948,0.2103365957736969,0.2103365957736969,5.1446
9265,0.1301969587802887,0.1301969587802887,0.2112390547990799,0.2112390547990799,5.1451
9266,0.13019797205924988,0.13019797205924988,0.2102999985218048,0.2102999985218048,5.1456
9267,0.13019804656505585,0.13019804656505585,0.2112477570772171,0.2112477570772171,5.1461
9268,0.13019563257694244,0.13019563257694244,0.21032552421092987,0.21032552421092987,5.1466
9269,0.13019214570522308,0.13019214570522308,0.2111976444721222,0.2111976444721222,5.1471
9270,0.1301867663860321,0.1301867663860321,0.21040911972522736,0.21040911972522736,5.1477
9271,0.13018134236335754,0.13018134236335754,0.21108904480934143,0.21108904480934143,5.1482
9272,0.1301756203174591,0.1301756203174591,0.21052351593971252,0.21052351593971252,5.1487
9273,0.13017112016677856,0.13017112016677856,0.21094611287117004,0.21094611287117004,5.1492
9274,0.13016770780086517,0.13016770780086517,0.21065306663513184,0.21065306663513184,5.1497
9275,0.13016584515571594,0.13016584515571594,0.2107982635498047,0.2107982635498047,5.1502
9276,0.13016508519649506,0.13016508519649506,0.2107686698436737,0.2107686698436737,5.1507
9277,0.13016512989997864,0.13016512989997864,0.21068492531776428,0.21068492531776428,5.1512
9278,0.13016565144062042,0.13016565144062042,0.21084348857402802,0.21084348857402802,5.1517
9279,0.1301666647195816,0.1301666647195816,0.21062035858631134,0.21062035858631134,5.1522
9280,0.13016796112060547,0.13016796112060547,0.21090874075889587,0.21090874075889587,5.1527
9281,0.13016946613788605,0.13016946613788605,0.21056318283081055,0.21056318283081055,5.1532
9282,0.13017109036445618,0.13017109036445618,0.21097052097320557,0.21097052097320557,5.1537
9283,0.13017255067825317,0.13017255067825317,0.21052531898021698,0.21052531898021698,5.1542
9284,0.13017381727695465,0.13017381727695465,0.21098868548870087,0.21098868548870087,5.1547
9285,0.13017454743385315,0.13017454743385315,0.2105330526828766,0.2105330526828766,5.1552
9286,0.1301749050617218,0.1301749050617218,0.21098366379737854,0.21098366379737854,5.1558
9287,0.13017454743385315,0.13017454743385315,0.21054606139659882,0.21054606139659882,5.1563
9288,0.13017384707927704,0.13017384707927704,0.21097251772880554,0.21097251772880554,5.1568
9289,0.13017258048057556,0.13017258048057556,0.21056079864501953,0.21056079864501953,5.1574
9290,0.13017120957374573,0.13017120957374573,0.21093550324440002,0.21093550324440002,5.1579
9291,0.13016963005065918,0.13016963005065918,0.2105976641178131,0.2105976641178131,5.1585
9292,0.1301681101322174,0.1301681101322174,0.2108873873949051,0.2108873873949051,5.159
9293,0.13016670942306519,0.13016670942306519,0.2106272280216217,0.2106272280216217,5.1595
9294,0.1301654875278473,0.1301654875278473,0.2108544558286667,0.2108544558286667,5.16
9295,0.13016462326049805,0.13016462326049805,0.21064221858978271,0.21064221858978271,5.1606
9296,0.13016383349895477,0.13016383349895477,0.21082696318626404,0.21082696318626404,5.1611
9297,0.13016346096992493,0.13016346096992493,0.21066050231456757,0.21066050231456757,5.1616
9298,0.1301630735397339,0.1301630735397339,0.21081003546714783,0.21081003546714783,5.1621
9299,0.13016268610954285,0.13016268610954285,0.21066789329051971,0.21066789329051971,5.1626
9300,0.1301623433828354,0.1301623433828354,0.21081200242042542,0.21081200242042542,5.1632
9301,0.1301620900630951,0.1301620900630951,0.21067941188812256,0.21067941188812256,5.1637
9302,0.130161851644516,0.130161851644516,0.21080975234508514,0.21080975234508514,5.1642
9303,0.13016179203987122,0.13016179203987122,0.21070709824562073,0.21070709824562073,5.1647
9304,0.13016168773174286,0.13016168773174286,0.21080300211906433,0.21080300211906433,5.1652
9305,0.13016155362129211,0.13016155362129211,0.21069078147411346,0.21069078147411346,5.1657
9306,0.13016149401664734,0.13016149401664734,0.21080760657787323,0.21080760657787323,5.1662
9307,0.1301613748073578,0.1301613748073578,0.21066494286060333,0.21066494286060333,5.1667
9308,0.13016130030155182,0.13016130030155182,0.210802361369133,0.210802361369133,5.1672
9309,0.13016140460968018,0.13016140460968018,0.21068021655082703,0.21068021655082703,5.1677
9310,0.1301616132259369,0.1301616132259369,0.21080079674720764,0.21080079674720764,5.1682
9311,0.13016197085380554,0.13016197085380554,0.21065852046012878,0.21065852046012878,5.1688
9312,0.13016250729560852,0.13016250729560852,0.2108379602432251,0.2108379602432251,5.1693
9313,0.13016349077224731,0.13016349077224731,0.21060390770435333,0.21060390770435333,5.1698
9314,0.1301647126674652,0.1301647126674652,0.21088138222694397,0.21088138222694397,5.1703
9315,0.13016647100448608,0.13016647100448608,0.21057339012622833,0.21057339012622833,5.1708
9316,0.13016864657402039,0.13016864657402039,0.21092133224010468,0.21092133224010468,5.1717
9317,0.13017120957374573,0.13017120957374573,0.21052852272987366,0.21052852272987366,5.1722
9318,0.13017427921295166,0.13017427921295166,0.2109971046447754,0.2109971046447754,5.1729
9319,0.13017752766609192,0.13017752766609192,0.21046718955039978,0.21046718955039978,5.1734
9320,0.13018129765987396,0.13018129765987396,0.21108731627464294,0.21108731627464294,5.1739
9321,0.13018473982810974,0.13018473982810974,0.21042867004871368,0.21042867004871368,5.1744
9322,0.13018840551376343,0.13018840551376343,0.21114926040172577,0.21114926040172577,5.1749
9323,0.13019083440303802,0.13019083440303802,0.21038779616355896,0.21038779616355896,5.1755
9324,0.13019287586212158,0.13019287586212158,0.21119172871112823,0.21119172871112823,5.176
9325,0.13019263744354248,0.13019263744354248,0.21034827828407288,0.21034827828407288,5.1765
9326,0.13019141554832458,0.13019141554832458,0.2112044394016266,0.2112044394016266,5.177
9327,0.13018755614757538,0.13018755614757538,0.210365891456604,0.210365891456604,5.1775
9328,0.13018305599689484,0.13018305599689484,0.21115460991859436,0.21115460991859436,5.178
9329,0.1301771104335785,0.1301771104335785,0.210435152053833,0.210435152053833,5.1785
9330,0.13017161190509796,0.13017161190509796,0.2110593318939209,0.2110593318939209,5.179
9331,0.13016632199287415,0.13016632199287415,0.2105230838060379,0.2105230838060379,5.1795
9332,0.1301625370979309,0.1301625370979309,0.21094326674938202,0.21094326674938202,5.18
9333,0.13015985488891602,0.13015985488891602,0.2106272280216217,0.2106272280216217,5.1805
9334,0.13015851378440857,0.13015851378440857,0.21081790328025818,0.21081790328025818,5.1811
9335,0.13015799224376678,0.13015799224376678,0.21072173118591309,0.21072173118591309,5.1816
9336,0.1301579773426056,0.1301579773426056,0.21072201430797577,0.21072201430797577,5.1821
9337,0.13015839457511902,0.13015839457511902,0.21078233420848846,0.21078233420848846,5.1826
9338,0.13015928864479065,0.13015928864479065,0.21067079901695251,0.21067079901695251,5.1831
9339,0.1301603764295578,0.1301603764295578,0.2108469009399414,0.2108469009399414,5.1837
9340,0.13016164302825928,0.13016164302825928,0.21061043441295624,0.21061043441295624,5.1842
9341,0.13016290962696075,0.13016290962696075,0.21091985702514648,0.21091985702514648,5.1847
9342,0.13016417622566223,0.13016417622566223,0.21055206656455994,0.21055206656455994,5.1852
9343,0.130165234208107,0.130165234208107,0.21095271408557892,0.21095271408557892,5.1857
9344,0.13016602396965027,0.13016602396965027,0.21053814888000488,0.21053814888000488,5.1862
9345,0.13016653060913086,0.13016653060913086,0.21096548438072205,0.21096548438072205,5.1867
9346,0.13016662001609802,0.13016662001609802,0.21052904427051544,0.21052904427051544,5.1872
9347,0.1301664263010025,0.1301664263010025,0.2109793871641159,0.2109793871641159,5.1877
9348,0.13016588985919952,0.13016588985919952,0.21052198112010956,0.21052198112010956,5.1883
9349,0.13016515970230103,0.13016515970230103,0.2109682857990265,0.2109682857990265,5.1888
9350,0.13016419112682343,0.13016419112682343,0.2105463743209839,0.2105463743209839,5.1893
9351,0.13016319274902344,0.13016319274902344,0.21093454957008362,0.21093454957008362,5.1898
9352,0.13016216456890106,0.13016216456890106,0.21056993305683136,0.21056993305683136,5.1903
9353,0.1301611363887787,0.1301611363887787,0.2109057456254959,0.2109057456254959,5.1908
9354,0.13016024231910706,0.13016024231910706,0.21058103442192078,0.21058103442192078,5.1913
9355,0.1301594227552414,0.1301594227552414,0.21087627112865448,0.21087627112865448,5.1918
9356,0.13015884160995483,0.13015884160995483,0.21060621738433838,0.21060621738433838,5.1923
9357,0.13015829026699066,0.13015829026699066,0.2108476161956787,0.2108476161956787,5.1928
9358,0.13015803694725037,0.13015803694725037,0.21062886714935303,0.21062886714935303,5.1933
9359,0.1301577091217041,0.1301577091217041,0.21083755791187286,0.21083755791187286,5.1938
9360,0.13015775382518768,0.13015775382518768,0.21062950789928436,0.21062950789928436,5.1943
9361,0.1301577389240265,0.1301577389240265,0.21083875000476837,0.21083875000476837,5.1949
9362,0.13015764951705933,0.13015764951705933,0.21062998473644257,0.21062998473644257,5.1954
9363,0.13015753030776978,0.13015753030776978,0.21083839237689972,0.21083839237689972,5.1959
9364,0.1301576793193817,0.1301576793193817,0.21064838767051697,0.21064838767051697,5.1964
9365,0.13015785813331604,0.13015785813331604,0.21083903312683105,0.21083903312683105,5.1969
9366,0.13015833497047424,0.13015833497047424,0.2106461077928543,0.2106461077928543,5.1974
9367,0.13015881180763245,0.13015881180763245,0.21085092425346375,0.21085092425346375,5.1979
9368,0.1301596462726593,0.1301596462726593,0.2106129229068756,0.2106129229068756,5.1984
9369,0.13016048073768616,0.13016048073768616,0.21086430549621582,0.21086430549621582,5.1989
9370,0.13016173243522644,0.13016173243522644,0.21059222519397736,0.21059222519397736,5.1995
9371,0.13016293942928314,0.13016293942928314,0.21087856590747833,0.21087856590747833,5.2
9372,0.13016438484191895,0.13016438484191895,0.21057549118995667,0.21057549118995667,5.2005
9373,0.13016578555107117,0.13016578555107117,0.210911363363266,0.210911363363266,5.201
9374,0.1301671266555786,0.1301671266555786,0.21055686473846436,0.21055686473846436,5.2015
9375,0.13016833364963531,0.13016833364963531,0.21095266938209534,0.21095266938209534,5.202
9376,0.13016924262046814,0.13016924262046814,0.21054956316947937,0.21054956316947937,5.2025
9377,0.1301698386669159,0.1301698386669159,0.21097230911254883,0.21097230911254883,5.203
9378,0.13016989827156067,0.13016989827156067,0.21053819358348846,0.21053819358348846,5.2035
9379,0.1301695853471756,0.1301695853471756,0.21097871661186218,0.21097871661186218,5.204
9380,0.1301685869693756,0.1301685869693756,0.2105165272951126,0.2105165272951126,5.2045
9381,0.13016735017299652,0.13016735017299652,0.21098272502422333,0.21098272502422333,5.205
9382,0.1301657110452652,0.1301657110452652,0.21050886809825897,0.21050886809825897,5.2055
9383,0.1301639974117279,0.1301639974117279,0.2109801322221756,0.2109801322221756,5.206
9384,0.13016238808631897,0.13016238808631897,0.21051430702209473,0.21051430702209473,5.2065
9385,0.13016100227832794,0.13016100227832794,0.21097752451896667,0.21097752451896667,5.2071
9386,0.13015998899936676,0.13015998899936676,0.21051129698753357,0.21051129698753357,5.2076
9387,0.13015933334827423,0.13015933334827423,0.21098220348358154,0.21098220348358154,5.2081
9388,0.13015922904014587,0.13015922904014587,0.21050265431404114,0.21050265431404114,5.2086
9389,0.1301594078540802,0.1301594078540802,0.21099023520946503,0.21099023520946503,5.2091
9390,0.1301601380109787,0.1301601380109787,0.21048817038536072,0.21048817038536072,5.2096
9391,0.1301610767841339,0.1301610767841339,0.21100953221321106,0.21100953221321106,5.2101
9392,0.13016223907470703,0.13016223907470703,0.21046102046966553,0.21046102046966553,5.2106
9393,0.1301635354757309,0.1301635354757309,0.21104511618614197,0.21104511618614197,5.2111
9394,0.13016507029533386,0.13016507029533386,0.2104402482509613,0.2104402482509613,5.2116
9395,0.13016650080680847,0.13016650080680847,0.21107831597328186,0.21107831597328186,5.2121
9396,0.13016796112060547,0.13016796112060547,0.21041536331176758,0.21041536331176758,5.2126
9397,0.13016903400421143,0.13016903400421143,0.21110644936561584,0.21110644936561584,5.2131
9398,0.13016977906227112,0.13016977906227112,0.21037349104881287,0.21037349104881287,5.2136
9399,0.13017000257968903,0.13017000257968903,0.21112580597400665,0.21112580597400665,5.2141
9400,0.13016965985298157,0.13016965985298157,0.2103576958179474,0.2103576958179474,5.2146
9401,0.13016879558563232,0.13016879558563232,0.21111741662025452,0.21111741662025452,5.2151
9402,0.13016743957996368,0.13016743957996368,0.21037796139717102,0.21037796139717102,5.2156
9403,0.13016580045223236,0.13016580045223236,0.21108320355415344,0.21108320355415344,5.2161
9404,0.13016386330127716,0.13016386330127716,0.2104206383228302,0.2104206383228302,5.2166
9405,0.13016203045845032,0.13016203045845032,0.2110310047864914,0.2110310047864914,5.2171
9406,0.13016018271446228,0.13016018271446228,0.2104872763156891,0.2104872763156891,5.2177
9407,0.13015860319137573,0.13015860319137573,0.21095052361488342,0.21095052361488342,5.2182
9408,0.1301572620868683,0.1301572620868683,0.21056392788887024,0.21056392788887024,5.2187
9409,0.13015612959861755,0.13015612959861755,0.21086132526397705,0.21086132526397705,5.2192
9410,0.13015523552894592,0.13015523552894592,0.21062831580638885,0.21062831580638885,5.2197
9411,0.13015443086624146,0.13015443086624146,0.2107912003993988,0.2107912003993988,5.2202
9412,0.1301538497209549,0.1301538497209549,0.21068057417869568,0.21068057417869568,5.2207
9413,0.13015305995941162,0.13015305995941162,0.2107439786195755,0.2107439786195755,5.2212
9414,0.13015249371528625,0.13015249371528625,0.2107161283493042,0.2107161283493042,5.2217
9415,0.1301516741514206,0.1301516741514206,0.2107221633195877,0.2107221633195877,5.2222
9416,0.1301506757736206,0.1301506757736206,0.2107217013835907,0.2107217013835907,5.2227
9417,0.1301496922969818,0.1301496922969818,0.21072617173194885,0.21072617173194885,5.2232
9418,0.13014881312847137,0.13014881312847137,0.2107314169406891,0.2107314169406891,5.2237
9419,0.13014815747737885,0.13014815747737885,0.21073393523693085,0.21073393523693085,5.2242
9420,0.13014772534370422,0.13014772534370422,0.2107502669095993,0.2107502669095993,5.2247
9421,0.1301475465297699,0.1301475465297699,0.2107391357421875,0.2107391357421875,5.2253
9422,0.1301475465297699,0.1301475465297699,0.21074339747428894,0.21074339747428894,5.2258
9423,0.13014787435531616,0.13014787435531616,0.21073874831199646,0.21073874831199646,5.2263
9424,0.13014833629131317,0.13014833629131317,0.2107342779636383,0.2107342779636383,5.2268
9425,0.13014881312847137,0.13014881312847137,0.21069221198558807,0.21069221198558807,5.2273
9426,0.13014933466911316,0.13014933466911316,0.2107497751712799,0.2107497751712799,5.2278
9427,0.13015004992485046,0.13015004992485046,0.21064725518226624,0.21064725518226624,5.2283
9428,0.13015085458755493,0.13015085458755493,0.2107735127210617,0.2107735127210617,5.2288
9429,0.1301518976688385,0.1301518976688385,0.21063390374183655,0.21063390374183655,5.2293
9430,0.13015294075012207,0.13015294075012207,0.21082639694213867,0.21082639694213867,5.2298
9431,0.1301542967557907,0.1301542967557907,0.2105845957994461,0.2105845957994461,5.2303
9432,0.1301558017730713,0.1301558017730713,0.21090921759605408,0.21090921759605408,5.2308
9433,0.13015761971473694,0.13015761971473694,0.21052154898643494,0.21052154898643494,5.2314
9434,0.13015970587730408,0.13015970587730408,0.21097926795482635,0.21097926795482635,5.2319
9435,0.1301620453596115,0.1301620453596115,0.21046552062034607,0.21046552062034607,5.2324
9436,0.1301647126674652,0.1301647126674652,0.21104450523853302,0.21104450523853302,5.2329
9437,0.13016721606254578,0.13016721606254578,0.21039681136608124,0.21039681136608124,5.2334
9438,0.13016998767852783,0.13016998767852783,0.21113085746765137,0.21113085746765137,5.2339
9439,0.13017211854457855,0.13017211854457855,0.21033820509910583,0.21033820509910583,5.2344
9440,0.13017413020133972,0.13017413020133972,0.21119384467601776,0.21119384467601776,5.2349
9441,0.13017483055591583,0.13017483055591583,0.21031634509563446,0.21031634509563446,5.2354
9442,0.130174919962883,0.130174919962883,0.21120914816856384,0.21120914816856384,5.2359
9443,0.13017313182353973,0.13017313182353973,0.21031734347343445,0.21031734347343445,5.2364
9444,0.130170539021492,0.130170539021492,0.21118409931659698,0.21118409931659698,5.2369
9445,0.13016630709171295,0.13016630709171295,0.21035397052764893,0.21035397052764893,5.2374
9446,0.13016179203987122,0.13016179203987122,0.2111067771911621,0.2111067771911621,5.2379
9447,0.13015685975551605,0.13015685975551605,0.21044644713401794,0.21044644713401794,5.2384
9448,0.13015256822109222,0.13015256822109222,0.21098272502422333,0.21098272502422333,5.2389
9449,0.1301489770412445,0.1301489770412445,0.2105567902326584,0.2105567902326584,5.2394
9450,0.13014641404151917,0.13014641404151917,0.21085527539253235,0.21085527539253235,5.2399
9451,0.1301448941230774,0.1301448941230774,0.210653156042099,0.210653156042099,5.2404
9452,0.13014410436153412,0.13014410436153412,0.21074573695659637,0.21074573695659637,5.241
9453,0.13014397025108337,0.13014397025108337,0.2107352465391159,0.2107352465391159,5.2415
9454,0.13014426827430725,0.13014426827430725,0.21066060662269592,0.21066060662269592,5.242
9455,0.13014492392539978,0.13014492392539978,0.21081829071044922,0.21081829071044922,5.2425
9456,0.13014580309391022,0.13014580309391022,0.2106073796749115,0.2106073796749115,5.243
9457,0.1301468312740326,0.1301468312740326,0.21089081466197968,0.21089081466197968,5.2435
9458,0.13014809787273407,0.13014809787273407,0.2105557918548584,0.2105557918548584,5.244
9459,0.13014927506446838,0.13014927506446838,0.2109360694885254,0.2109360694885254,5.2445
9460,0.13015058636665344,0.13015058636665344,0.21049606800079346,0.21049606800079346,5.245
9461,0.13015180826187134,0.13015180826187134,0.2109595239162445,0.2109595239162445,5.2456
9462,0.1301528960466385,0.1301528960466385,0.21046531200408936,0.21046531200408936,5.2461
9463,0.1301538050174713,0.1301538050174713,0.21097083389759064,0.21097083389759064,5.2466
9464,0.13015437126159668,0.13015437126159668,0.21046610176563263,0.21046610176563263,5.2471
9465,0.13015474379062653,0.13015474379062653,0.21097812056541443,0.21097812056541443,5.2476
9466,0.13015469908714294,0.13015469908714294,0.21048927307128906,0.21048927307128906,5.2481
9467,0.13015450537204742,0.13015450537204742,0.21097269654273987,0.21097269654273987,5.2486
9468,0.13015404343605042,0.13015404343605042,0.21052661538124084,0.21052661538124084,5.2491
9469,0.13015347719192505,0.13015347719192505,0.21093443036079407,0.21093443036079407,5.2497
9470,0.13015279173851013,0.13015279173851013,0.21055904030799866,0.21055904030799866,5.2502
9471,0.13015209138393402,0.13015209138393402,0.21087709069252014,0.21087709069252014,5.2507
9472,0.1301513910293579,0.1301513910293579,0.2105882614850998,0.2105882614850998,5.2512
9473,0.13015064597129822,0.13015064597129822,0.21082782745361328,0.21082782745361328,5.2517
9474,0.13015004992485046,0.13015004992485046,0.2106284350156784,0.2106284350156784,5.2522
9475,0.13014936447143555,0.13014936447143555,0.2107923924922943,0.2107923924922943,5.2527
9476,0.13014887273311615,0.13014887273311615,0.21066537499427795,0.21066537499427795,5.2532
9477,0.13014814257621765,0.13014814257621765,0.21076932549476624,0.21076932549476624,5.2537
9478,0.13014766573905945,0.13014766573905945,0.21068057417869568,0.21068057417869568,5.2542
9479,0.13014690577983856,0.13014690577983856,0.21076302230358124,0.21076302230358124,5.2547
9480,0.13014647364616394,0.13014647364616394,0.21067741513252258,0.21067741513252258,5.2552
9481,0.13014578819274902,0.13014578819274902,0.2107723206281662,0.2107723206281662,5.2558
9482,0.1301448792219162,0.1301448792219162,0.2106614112854004,0.2106614112854004,5.2563
9483,0.13014395534992218,0.13014395534992218,0.21079163253307343,0.21079163253307343,5.2568
9484,0.13014352321624756,0.13014352321624756,0.21065564453601837,0.21065564453601837,5.2573
9485,0.13014313578605652,0.13014313578605652,0.21081605553627014,0.21081605553627014,5.2578
9486,0.13014276325702667,0.13014276325702667,0.21063470840454102,0.21063470840454102,5.2583
9487,0.13014250993728638,0.13014250993728638,0.21084265410900116,0.21084265410900116,5.2588
9488,0.13014240562915802,0.13014240562915802,0.21059727668762207,0.21059727668762207,5.2593
9489,0.13014237582683563,0.13014237582683563,0.21085968613624573,0.21085968613624573,5.2598
9490,0.13014276325702667,0.13014276325702667,0.2105860710144043,0.2105860710144043,5.2603
9491,0.1301431953907013,0.1301431953907013,0.21087384223937988,0.21087384223937988,5.2608
9492,0.13014359772205353,0.13014359772205353,0.21055050194263458,0.21055050194263458,5.2613
9493,0.13014407455921173,0.13014407455921173,0.21090681850910187,0.21090681850910187,5.2618
9494,0.13014492392539978,0.13014492392539978,0.21050801873207092,0.21050801873207092,5.2623
9495,0.1301458328962326,0.1301458328962326,0.21094179153442383,0.21094179153442383,5.2628
9496,0.13014721870422363,0.13014721870422363,0.21048414707183838,0.21048414707183838,5.2633
9497,0.13014866411685944,0.13014866411685944,0.21097445487976074,0.21097445487976074,5.2638
9498,0.13015057146549225,0.13015057146549225,0.21043309569358826,0.21043309569358826,5.2643
9499,0.13015273213386536,0.13015273213386536,0.21103039383888245,0.21103039383888245,5.2648
9500,0.13015508651733398,0.13015508651733398,0.21038369834423065,0.21038369834423065,5.2654
9501,0.13015766441822052,0.13015766441822052,0.2110881507396698,0.2110881507396698,5.2659
9502,0.13016000390052795,0.13016000390052795,0.21036271750926971,0.21036271750926971,5.2664
9503,0.13016238808631897,0.13016238808631897,0.21112509071826935,0.21112509071826935,5.2669
9504,0.13016381859779358,0.13016381859779358,0.21034765243530273,0.21034765243530273,5.2674
9505,0.13016489148139954,0.13016489148139954,0.2111481875181198,0.2111481875181198,5.2679
9506,0.13016441464424133,0.13016441464424133,0.2103460282087326,0.2103460282087326,5.2684
9507,0.1301632821559906,0.1301632821559906,0.21113228797912598,0.21113228797912598,5.2689
9508,0.1301606148481369,0.1301606148481369,0.21038751304149628,0.21038751304149628,5.2694
9509,0.1301574856042862,0.1301574856042862,0.21106159687042236,0.21106159687042236,5.2699
9510,0.13015344738960266,0.13015344738960266,0.21045827865600586,0.21045827865600586,5.2704
9511,0.13014963269233704,0.13014963269233704,0.2109636813402176,0.2109636813402176,5.2709
9512,0.13014599680900574,0.13014599680900574,0.21054458618164062,0.21054458618164062,5.2715
9513,0.13014313578605652,0.13014313578605652,0.210858553647995,0.210858553647995,5.272
9514,0.13014112412929535,0.13014112412929535,0.21064332127571106,0.21064332127571106,5.2725
9515,0.1301398128271103,0.1301398128271103,0.21075253188610077,0.21075253188610077,5.273
9516,0.1301393359899521,0.1301393359899521,0.2107253521680832,0.2107253521680832,5.2735
9517,0.13013920187950134,0.13013920187950134,0.21067556738853455,0.21067556738853455,5.274
9518,0.13013920187950134,0.13013920187950134,0.21077585220336914,0.21077585220336914,5.2745
9519,0.13013935089111328,0.13013935089111328,0.21063366532325745,0.21063366532325745,5.275
9520,0.1301395446062088,0.1301395446062088,0.2108323872089386,0.2108323872089386,5.2755
9521,0.1301397681236267,0.1301397681236267,0.21059951186180115,0.21059951186180115,5.276
9522,0.13013996183872223,0.13013996183872223,0.21088948845863342,0.21088948845863342,5.2765
9523,0.1301400512456894,0.1301400512456894,0.21057704091072083,0.21057704091072083,5.277
9524,0.13014014065265656,0.13014014065265656,0.21090435981750488,0.21090435981750488,5.2775
9525,0.1301402598619461,0.1301402598619461,0.21056663990020752,0.21056663990020752,5.278
9526,0.13014040887355804,0.13014040887355804,0.21089830994606018,0.21089830994606018,5.2785
9527,0.1301407665014267,0.1301407665014267,0.21052280068397522,0.21052280068397522,5.279
9528,0.13014118373394012,0.13014118373394012,0.21090325713157654,0.21090325713157654,5.2795
9529,0.1301419585943222,0.1301419585943222,0.21047239005565643,0.21047239005565643,5.2801
9530,0.13014285266399384,0.13014285266399384,0.21091632544994354,0.21091632544994354,5.2806
9531,0.13014397025108337,0.13014397025108337,0.21047362685203552,0.21047362685203552,5.2811
9532,0.13014520704746246,0.13014520704746246,0.21093912422657013,0.21093912422657013,5.2816
9533,0.13014647364616394,0.13014647364616394,0.21048662066459656,0.21048662066459656,5.2821
9534,0.13014782965183258,0.13014782965183258,0.21097266674041748,0.21097266674041748,5.2826
9535,0.13014908134937286,0.13014908134937286,0.21048808097839355,0.21048808097839355,5.2831
9536,0.13015030324459076,0.13015030324459076,0.21098215878009796,0.21098215878009796,5.2836
9537,0.13015125691890717,0.13015125691890717,0.21049757301807404,0.21049757301807404,5.2841
9538,0.1301521360874176,0.1301521360874176,0.21095438301563263,0.21095438301563263,5.2846
9539,0.13015244901180267,0.13015244901180267,0.21051225066184998,0.21051225066184998,5.2851
9540,0.13015253841876984,0.13015253841876984,0.21092402935028076,0.21092402935028076,5.2856
9541,0.1301519274711609,0.1301519274711609,0.2105315625667572,0.2105315625667572,5.2861
9542,0.13015100359916687,0.13015100359916687,0.2108955830335617,0.2108955830335617,5.2866
9543,0.1301494836807251,0.1301494836807251,0.21057367324829102,0.21057367324829102,5.2871
9544,0.13014760613441467,0.13014760613441467,0.21085600554943085,0.21085600554943085,5.2876
9545,0.13014544546604156,0.13014544546604156,0.21061959862709045,0.21061959862709045,5.2881
9546,0.13014306128025055,0.13014306128025055,0.21081848442554474,0.21081848442554474,5.2886
9547,0.13014085590839386,0.13014085590839386,0.2106432020664215,0.2106432020664215,5.2891
9548,0.13013868033885956,0.13013868033885956,0.21079401671886444,0.21079401671886444,5.2897
9549,0.13013708591461182,0.13013708591461182,0.21065489947795868,0.21065489947795868,5.2902
9550,0.1301356554031372,0.1301356554031372,0.21077819168567657,0.21077819168567657,5.2907
9551,0.1301344931125641,0.1301344931125641,0.21065747737884521,0.21065747737884521,5.2912
9552,0.1301337033510208,0.1301337033510208,0.21077470481395721,0.21077470481395721,5.2917
9553,0.1301332265138626,0.1301332265138626,0.21066579222679138,0.21066579222679138,5.2922
9554,0.13013309240341187,0.13013309240341187,0.2107768952846527,0.2107768952846527,5.2927
9555,0.13013316690921783,0.13013316690921783,0.21068565547466278,0.21068565547466278,5.2932
9556,0.13013333082199097,0.13013333082199097,0.2107740193605423,0.2107740193605423,5.2937
9557,0.13013355433940887,0.13013355433940887,0.2106904685497284,0.2106904685497284,5.2942
9558,0.130133718252182,0.130133718252182,0.21076592803001404,0.21076592803001404,5.2947
9559,0.13013383746147156,0.13013383746147156,0.21068421006202698,0.21068421006202698,5.2952
9560,0.13013409078121185,0.13013409078121185,0.21074914932250977,0.21074914932250977,5.2958
9561,0.13013426959514618,0.13013426959514618,0.21068616211414337,0.21068616211414337,5.2963
9562,0.13013431429862976,0.13013431429862976,0.21069760620594025,0.21069760620594025,5.2968
9563,0.13013426959514618,0.13013426959514618,0.21070703864097595,0.21070703864097595,5.2973
9564,0.1301344484090805,0.1301344484090805,0.21066367626190186,0.21066367626190186,5.2978
9565,0.1301346719264984,0.1301346719264984,0.21074041724205017,0.21074041724205017,5.2983
9566,0.13013528287410736,0.13013528287410736,0.21064653992652893,0.21064653992652893,5.2988
9567,0.1301359087228775,0.1301359087228775,0.21079783141613007,0.21079783141613007,5.2993
9568,0.13013708591461182,0.13013708591461182,0.21057769656181335,0.21057769656181335,5.2998
9569,0.13013851642608643,0.13013851642608643,0.21087951958179474,0.21087951958179474,5.3003
9570,0.13014072179794312,0.13014072179794312,0.210501030087471,0.210501030087471,5.3008
9571,0.130143404006958,0.130143404006958,0.21096377074718475,0.21096377074718475,5.3013
9572,0.13014695048332214,0.13014695048332214,0.21042832732200623,0.21042832732200623,5.3018
9573,0.13015124201774597,0.13015124201774597,0.21106338500976562,0.21106338500976562,5.3023
9574,0.13015615940093994,0.13015615940093994,0.21033306419849396,0.21033306419849396,5.3028
9575,0.13016195595264435,0.13016195595264435,0.21119506657123566,0.21119506657123566,5.3033
9576,0.1301676332950592,0.1301676332950592,0.21024289727210999,0.21024289727210999,5.3039
9577,0.1301734745502472,0.1301734745502472,0.2113078087568283,0.2113078087568283,5.3044
9578,0.13017752766609192,0.13017752766609192,0.21018555760383606,0.21018555760383606,5.3049
9579,0.13018013536930084,0.13018013536930084,0.21136298775672913,0.21136298775672913,5.3054
9580,0.130178764462471,0.130178764462471,0.2101668119430542,0.2101668119430542,5.3059
9581,0.1301746666431427,0.1301746666431427,0.21134033799171448,0.21134033799171448,5.3064
9582,0.13016650080680847,0.13016650080680847,0.21022510528564453,0.21022510528564453,5.3069
9583,0.1301569938659668,0.1301569938659668,0.21120743453502655,0.21120743453502655,5.3074
9584,0.1301468461751938,0.1301468461751938,0.21038126945495605,0.21038126945495605,5.3079
9585,0.1301386058330536,0.1301386058330536,0.21098394691944122,0.21098394691944122,5.3084
9586,0.1301329880952835,0.1301329880952835,0.2105770856142044,0.2105770856142044,5.3089
9587,0.13013043999671936,0.13013043999671936,0.21075654029846191,0.21075654029846191,5.3094
9588,0.13013064861297607,0.13013064861297607,0.2107560634613037,0.2107560634613037,5.3099
9589,0.13013307750225067,0.13013307750225067,0.21057848632335663,0.21057848632335663,5.3104
9590,0.13013669848442078,0.13013669848442078,0.2109137773513794,0.2109137773513794,5.311
9591,0.1301402896642685,0.1301402896642685,0.21044063568115234,0.21044063568115234,5.3115
9592,0.13014313578605652,0.13014313578605652,0.21102634072303772,0.21102634072303772,5.312
9593,0.13014429807662964,0.13014429807662964,0.2103836089372635,0.2103836089372635,5.3125
9594,0.13014385104179382,0.13014385104179382,0.21104149520397186,0.21104149520397186,5.313
9595,0.1301417052745819,0.1301417052745819,0.2104305773973465,0.2104305773973465,5.3135
9596,0.13013866543769836,0.13013866543769836,0.21097946166992188,0.21097946166992188,5.314
9597,0.13013529777526855,0.13013529777526855,0.21051354706287384,0.21051354706287384,5.3145
9598,0.13013222813606262,0.13013222813606262,0.21088166534900665,0.21088166534900665,5.315
9599,0.1301300823688507,0.1301300823688507,0.2106081247329712,0.2106081247329712,5.3155
9600,0.13012871146202087,0.13012871146202087,0.21076592803001404,0.21076592803001404,5.316
9601,0.13012808561325073,0.13012808561325073,0.21070942282676697,0.21070942282676697,5.3165
9602,0.13012811541557312,0.13012811541557312,0.2106591761112213,0.2106591761112213,5.317
9603,0.13012859225273132,0.13012859225273132,0.2107934057712555,0.2107934057712555,5.3175
9604,0.13012924790382385,0.13012924790382385,0.2105932980775833,0.2105932980775833,5.318
9605,0.13012994825839996,0.13012994825839996,0.2108554095029831,0.2108554095029831,5.3186
9606,0.1301306039094925,0.1301306039094925,0.21056166291236877,0.21056166291236877,5.3191
9607,0.13013103604316711,0.13013103604316711,0.2108812779188156,0.2108812779188156,5.3196
9608,0.13013151288032532,0.13013151288032532,0.21052929759025574,0.21052929759025574,5.3201
9609,0.13013164699077606,0.13013164699077606,0.2108772248029709,0.2108772248029709,5.3206
9610,0.13013193011283875,0.13013193011283875,0.2105053961277008,0.2105053961277008,5.3211
9611,0.13013193011283875,0.13013193011283875,0.21085286140441895,0.21085286140441895,5.3216
9612,0.13013210892677307,0.13013210892677307,0.21052274107933044,0.21052274107933044,5.3221
9613,0.13013219833374023,0.13013219833374023,0.21082916855812073,0.21082916855812073,5.3226
9614,0.1301325261592865,0.1301325261592865,0.2105683535337448,0.2105683535337448,5.3231
9615,0.1301327645778656,0.1301327645778656,0.2108180969953537,0.2108180969953537,5.3236
9616,0.13013339042663574,0.13013339042663574,0.21061602234840393,0.21061602234840393,5.3241
9617,0.1301339566707611,0.1301339566707611,0.2108002007007599,0.2108002007007599,5.3246
9618,0.1301349699497223,0.1301349699497223,0.21065092086791992,0.21065092086791992,5.3251
9619,0.1301356703042984,0.1301356703042984,0.210764080286026,0.210764080286026,5.3256
9620,0.13013669848442078,0.13013669848442078,0.21066102385520935,0.21066102385520935,5.3261
9621,0.13013722002506256,0.13013722002506256,0.21073965728282928,0.21073965728282928,5.3266
9622,0.13013780117034912,0.13013780117034912,0.21065779030323029,0.21065779030323029,5.3271
9623,0.13013753294944763,0.13013753294944763,0.21074411273002625,0.21074411273002625,5.3276
9624,0.13013723492622375,0.13013723492622375,0.21065279841423035,0.21065279841423035,5.3281
9625,0.13013602793216705,0.13013602793216705,0.21076738834381104,0.21076738834381104,5.3286
9626,0.13013413548469543,0.13013413548469543,0.2106362283229828,0.2106362283229828,5.3292
9627,0.13013193011283875,0.13013193011283875,0.2107975035905838,0.2107975035905838,5.3297
9628,0.1301303505897522,0.1301303505897522,0.21062126755714417,0.21062126755714417,5.3302
9629,0.13012894988059998,0.13012894988059998,0.21082420647144318,0.21082420647144318,5.3307
9630,0.13012784719467163,0.13012784719467163,0.21059644222259521,0.21059644222259521,5.3312
9631,0.1301271617412567,0.1301271617412567,0.210845947265625,0.210845947265625,5.3317
9632,0.13012686371803284,0.13012686371803284,0.21056847274303436,0.21056847274303436,5.3322
9633,0.13012680411338806,0.13012680411338806,0.2108517438173294,0.2108517438173294,5.3327
9634,0.13012686371803284,0.13012686371803284,0.21057501435279846,0.21057501435279846,5.3332
9635,0.13012690842151642,0.13012690842151642,0.21083751320838928,0.21083751320838928,5.3337
9636,0.13012680411338806,0.13012680411338806,0.21058490872383118,0.21058490872383118,5.3342
9637,0.13012655079364777,0.13012655079364777,0.21081772446632385,0.21081772446632385,5.3347
9638,0.13012611865997314,0.13012611865997314,0.21059730648994446,0.21059730648994446,5.3352
9639,0.13012559711933136,0.13012559711933136,0.2107941210269928,0.2107941210269928,5.3357
9640,0.13012495636940002,0.13012495636940002,0.2106296569108963,0.2106296569108963,5.3362
9641,0.13012436032295227,0.13012436032295227,0.21075615286827087,0.21075615286827087,5.3367
9642,0.1301238089799881,0.1301238089799881,0.21066275238990784,0.21066275238990784,5.3372
9643,0.13012340664863586,0.13012340664863586,0.21072447299957275,0.21072447299957275,5.3377
9644,0.13012315332889557,0.13012315332889557,0.21068783104419708,0.21068783104419708,5.3382
9645,0.1301230639219284,0.1301230639219284,0.21069809794425964,0.21069809794425964,5.3387
9646,0.1301230490207672,0.1301230490207672,0.21071843802928925,0.21071843802928925,5.3393
9647,0.13012312352657318,0.13012312352657318,0.21063697338104248,0.21063697338104248,5.3398
9648,0.1301233023405075,0.1301233023405075,0.21075983345508575,0.21075983345508575,5.3403
9649,0.13012351095676422,0.13012351095676422,0.21058864891529083,0.21058864891529083,5.3408
9650,0.1301238089799881,0.1301238089799881,0.21079249680042267,0.21079249680042267,5.3413
9651,0.1301242858171463,0.1301242858171463,0.21059367060661316,0.21059367060661316,5.3418
9652,0.1301249861717224,0.1301249861717224,0.21082894504070282,0.21082894504070282,5.3423
9653,0.13012608885765076,0.13012608885765076,0.21055126190185547,0.21055126190185547,5.3428
9654,0.13012754917144775,0.13012754917144775,0.21089163422584534,0.21089163422584534,5.3433
9655,0.13012978434562683,0.13012978434562683,0.21046729385852814,0.21046729385852814,5.3438
9656,0.13013267517089844,0.13013267517089844,0.21095481514930725,0.21095481514930725,5.3443
9657,0.13013654947280884,0.13013654947280884,0.21040749549865723,0.21040749549865723,5.3448
9658,0.13014134764671326,0.13014134764671326,0.2110181748867035,0.2110181748867035,5.3454
9659,0.13014665246009827,0.13014665246009827,0.21034696698188782,0.21034696698188782,5.3459
9660,0.1301528513431549,0.1301528513431549,0.2111285924911499,0.2111285924911499,5.3464
9661,0.13015855848789215,0.13015855848789215,0.21028795838356018,0.21028795838356018,5.3469
9662,0.13016439974308014,0.13016439974308014,0.21123652160167694,0.21123652160167694,5.3474
9663,0.13016784191131592,0.13016784191131592,0.2102653682231903,0.2102653682231903,5.3479
9664,0.1301697939634323,0.1301697939634323,0.21126261353492737,0.21126261353492737,5.3484
9665,0.1301673948764801,0.1301673948764801,0.21027255058288574,0.21027255058288574,5.3489
9666,0.13016250729560852,0.13016250729560852,0.21120843291282654,0.21120843291282654,5.3494
9667,0.13015365600585938,0.13015365600585938,0.2103230059146881,0.2103230059146881,5.3499
9668,0.1301441788673401,0.1301441788673401,0.21108226478099823,0.21108226478099823,5.3504
9669,0.13013437390327454,0.13013437390327454,0.21045735478401184,0.21045735478401184,5.3509
9670,0.130126953125,0.130126953125,0.21089215576648712,0.21089215576648712,5.3514
9671,0.13012219965457916,0.13012219965457916,0.21063008904457092,0.21063008904457092,5.3519
9672,0.13012026250362396,0.13012026250362396,0.21071112155914307,0.21071112155914307,5.3524
9673,0.13012069463729858,0.13012069463729858,0.21076861023902893,0.21076861023902893,5.3529
9674,0.13012316823005676,0.13012316823005676,0.21058420836925507,0.21058420836925507,5.3534
9675,0.13012680411338806,0.13012680411338806,0.21089032292366028,0.21089032292366028,5.3539
9676,0.13013067841529846,0.13013067841529846,0.21047179400920868,0.21047179400920868,5.3544
9677,0.13013412058353424,0.13013412058353424,0.2109936773777008,0.2109936773777008,5.3549
9678,0.13013622164726257,0.13013622164726257,0.21041297912597656,0.21041297912597656,5.3554
9679,0.13013681769371033,0.13013681769371033,0.2110162228345871,0.2110162228345871,5.3559
9680,0.13013562560081482,0.13013562560081482,0.21044869720935822,0.21044869720935822,5.3565
9681,0.1301332712173462,0.1301332712173462,0.21096892654895782,0.21096892654895782,5.357
9682,0.13012996315956116,0.13012996315956116,0.2105090171098709,0.2105090171098709,5.3575
9683,0.13012658059597015,0.13012658059597015,0.2108944207429886,0.2108944207429886,5.358
9684,0.13012367486953735,0.13012367486953735,0.21057724952697754,0.21057724952697754,5.3585
9685,0.13012133538722992,0.13012133538722992,0.2107972651720047,0.2107972651720047,5.359
9686,0.13011975586414337,0.13011975586414337,0.2106693685054779,0.2106693685054779,5.3595
9687,0.1301189661026001,0.1301189661026001,0.21069613099098206,0.21069613099098206,5.36
9688,0.13011884689331055,0.13011884689331055,0.21075491607189178,0.21075491607189178,5.3605
9689,0.13011924922466278,0.13011924922466278,0.21062688529491425,0.21062688529491425,5.361
9690,0.13012000918388367,0.13012000918388367,0.21082010865211487,0.21082010865211487,5.3615
9691,0.1301211416721344,0.1301211416721344,0.21058101952075958,0.21058101952075958,5.362
9692,0.1301223337650299,0.1301223337650299,0.21086163818836212,0.21086163818836212,5.3625
9693,0.13012365996837616,0.13012365996837616,0.21052174270153046,0.21052174270153046,5.363
9694,0.13012470304965973,0.13012470304965973,0.2108827382326126,0.2108827382326126,5.3635
9695,0.13012568652629852,0.13012568652629852,0.21047468483448029,0.21047468483448029,5.364
9696,0.13012614846229553,0.13012614846229553,0.21088194847106934,0.21088194847106934,5.3645
9697,0.13012643158435822,0.13012643158435822,0.21048060059547424,0.21048060059547424,5.3651
9698,0.13012616336345673,0.13012616336345673,0.21087634563446045,0.21087634563446045,5.3656
9699,0.13012570142745972,0.13012570142745972,0.21051731705665588,0.21051731705665588,5.3661
9700,0.13012483716011047,0.13012483716011047,0.21087375283241272,0.21087375283241272,5.3666
9701,0.1301240622997284,0.1301240622997284,0.2105606496334076,0.2105606496334076,5.3671
9702,0.13012303411960602,0.13012303411960602,0.21084842085838318,0.21084842085838318,5.3676
9703,0.13012240827083588,0.13012240827083588,0.21059870719909668,0.21059870719909668,5.3681
9704,0.13012155890464783,0.13012155890464783,0.21079473197460175,0.21079473197460175,5.3686
9705,0.1301206350326538,0.1301206350326538,0.21061794459819794,0.21061794459819794,5.3691
9706,0.13011972606182098,0.13011972606182098,0.21074679493904114,0.21074679493904114,5.3696
9707,0.13011892139911652,0.13011892139911652,0.21065612137317657,0.21065612137317657,5.3701
9708,0.1301182210445404,0.1301182210445404,0.21071048080921173,0.21071048080921173,5.3706
9709,0.1301177442073822,0.1301177442073822,0.21072416007518768,0.21072416007518768,5.3711
9710,0.13011738657951355,0.13011738657951355,0.2106761485338211,0.2106761485338211,5.3716
9711,0.13011720776557922,0.13011720776557922,0.2107704132795334,0.2107704132795334,5.3721
9712,0.13011717796325684,0.13011717796325684,0.21064262092113495,0.21064262092113495,5.3726
9713,0.13011722266674042,0.13011722266674042,0.21078991889953613,0.21078991889953613,5.3731
9714,0.13011735677719116,0.13011735677719116,0.21060171723365784,0.21060171723365784,5.3736
9715,0.13011756539344788,0.13011756539344788,0.2108091115951538,0.2108091115951538,5.3746
9716,0.1301179826259613,0.1301179826259613,0.21056170761585236,0.21056170761585236,5.3751
9717,0.1301184743642807,0.1301184743642807,0.21083255112171173,0.21083255112171173,5.3778
9718,0.13011939823627472,0.13011939823627472,0.21051821112632751,0.21051821112632751,5.3786
9719,0.1301204115152359,0.1301204115152359,0.21087190508842468,0.21087190508842468,5.3791
9720,0.13012196123600006,0.13012196123600006,0.21046237647533417,0.21046237647533417,5.3796
9721,0.1301235854625702,0.1301235854625702,0.2109256088733673,0.2109256088733673,5.3801
9722,0.13012556731700897,0.13012556731700897,0.21041861176490784,0.21041861176490784,5.3807
9723,0.13012763857841492,0.13012763857841492,0.21098050475120544,0.21098050475120544,5.3812
9724,0.13012972474098206,0.13012972474098206,0.2103927582502365,0.2103927582502365,5.3817
9725,0.13013167679309845,0.13013167679309845,0.21103863418102264,0.21103863418102264,5.3823
9726,0.13013330101966858,0.13013330101966858,0.21037530899047852,0.21037530899047852,5.3828
9727,0.13013452291488647,0.13013452291488647,0.2110825479030609,0.2110825479030609,5.3833
9728,0.13013508915901184,0.13013508915901184,0.21036186814308167,0.21036186814308167,5.3839
9729,0.13013510406017303,0.13013510406017303,0.21107988059520721,0.21107988059520721,5.3844
9730,0.1301341950893402,0.1301341950893402,0.2103625237941742,0.2103625237941742,5.3849
9731,0.13013269007205963,0.13013269007205963,0.21104319393634796,0.21104319393634796,5.3854
9732,0.13013042509555817,0.13013042509555817,0.2103888988494873,0.2103888988494873,5.3859
9733,0.13012781739234924,0.13012781739234924,0.21099169552326202,0.21099169552326202,5.3864
9734,0.1301250010728836,0.1301250010728836,0.21044525504112244,0.21044525504112244,5.387
9735,0.13012227416038513,0.13012227416038513,0.21092543005943298,0.21092543005943298,5.3875
9736,0.13011997938156128,0.13011997938156128,0.21051950752735138,0.21051950752735138,5.388
9737,0.13011793792247772,0.13011793792247772,0.21084809303283691,0.21084809303283691,5.3885
9738,0.13011668622493744,0.13011668622493744,0.21058349311351776,0.21058349311351776,5.389
9739,0.1301155984401703,0.1301155984401703,0.2107764184474945,0.2107764184474945,5.3895
9740,0.1301148235797882,0.1301148235797882,0.21063093841075897,0.21063093841075897,5.3901
9741,0.1301143616437912,0.1301143616437912,0.21071672439575195,0.21071672439575195,5.3906
9742,0.13011418282985687,0.13011418282985687,0.21069657802581787,0.21069657802581787,5.3911
9743,0.13011428713798523,0.13011428713798523,0.2106635868549347,0.2106635868549347,5.3917
9744,0.13011465966701508,0.13011465966701508,0.2107754647731781,0.2107754647731781,5.3923
9745,0.1301153004169464,0.1301153004169464,0.21061615645885468,0.21061615645885468,5.393
9746,0.13011616468429565,0.13011616468429565,0.210826113820076,0.210826113820076,5.3935
9747,0.13011732697486877,0.13011732697486877,0.21056881546974182,0.21056881546974182,5.394
9748,0.13011877238750458,0.13011877238750458,0.21086359024047852,0.21086359024047852,5.3945
9749,0.13012056052684784,0.13012056052684784,0.21051077544689178,0.21051077544689178,5.395
9750,0.13012269139289856,0.13012269139289856,0.21090784668922424,0.21090784668922424,5.3955
9751,0.13012519478797913,0.13012519478797913,0.21045926213264465,0.21045926213264465,5.3961
9752,0.13012801110744476,0.13012801110744476,0.21095208823680878,0.21095208823680878,5.3966
9753,0.13013097643852234,0.13013097643852234,0.21043875813484192,0.21043875813484192,5.3971
9754,0.13013339042663574,0.13013339042663574,0.2109476774930954,0.2109476774930954,5.3976
9755,0.13013485074043274,0.13013485074043274,0.21044833958148956,0.21044833958148956,5.3981
9756,0.13013491034507751,0.13013491034507751,0.21092557907104492,0.21092557907104492,5.3986
9757,0.13013280928134918,0.13013280928134918,0.21047787368297577,0.21047787368297577,5.3991
9758,0.1301291286945343,0.1301291286945343,0.21086439490318298,0.21086439490318298,5.3996
9759,0.13012374937534332,0.13012374937534332,0.21057096123695374,0.21057096123695374,5.4001
9760,0.13011828064918518,0.13011828064918518,0.21070313453674316,0.21070313453674316,5.4006
9761,0.13011440634727478,0.13011440634727478,0.21072697639465332,0.21072697639465332,5.4011
9762,0.13011294603347778,0.13011294603347778,0.21058055758476257,0.21058055758476257,5.4016
9763,0.13011397421360016,0.13011397421360016,0.21085968613624573,0.21085968613624573,5.4022
9764,0.13011683523654938,0.13011683523654938,0.21051433682441711,0.21051433682441711,5.4027
9765,0.13012003898620605,0.13012003898620605,0.21095600724220276,0.21095600724220276,5.4032
9766,0.1301228553056717,0.1301228553056717,0.21043114364147186,0.21043114364147186,5.4037
9767,0.13012433052062988,0.13012433052062988,0.2110278159379959,0.2110278159379959,5.4042
9768,0.13012459874153137,0.13012459874153137,0.21036183834075928,0.21036183834075928,5.4047
9769,0.1301240473985672,0.1301240473985672,0.21101942658424377,0.21101942658424377,5.4052
9770,0.13012386858463287,0.13012386858463287,0.2103579044342041,0.2103579044342041,5.4057
9771,0.13012459874153137,0.13012459874153137,0.21098104119300842,0.21098104119300842,5.4062
9772,0.13012628257274628,0.13012628257274628,0.21038393676280975,0.21038393676280975,5.4067
9773,0.13012909889221191,0.13012909889221191,0.21098804473876953,0.21098804473876953,5.4072
9774,0.13013190031051636,0.13013190031051636,0.2104026973247528,0.2104026973247528,5.4077
9775,0.1301344335079193,0.1301344335079193,0.2110036313533783,0.2110036313533783,5.4082
9776,0.13013525307178497,0.13013525307178497,0.2104327231645584,0.2104327231645584,5.4088
9777,0.13013483583927155,0.13013483583927155,0.21099457144737244,0.21099457144737244,5.4093
9778,0.13013246655464172,0.13013246655464172,0.21043053269386292,0.21043053269386292,5.4098
9779,0.1301293522119522,0.1301293522119522,0.21099300682544708,0.21099300682544708,5.4103
9780,0.13012567162513733,0.13012567162513733,0.21040716767311096,0.21040716767311096,5.4108
9781,0.13012246787548065,0.13012246787548065,0.21098735928535461,0.21098735928535461,5.4113
9782,0.13011977076530457,0.13011977076530457,0.21042394638061523,0.21042394638061523,5.4119
9783,0.13011762499809265,0.13011762499809265,0.21094831824302673,0.21094831824302673,5.4124
9784,0.13011598587036133,0.13011598587036133,0.21046721935272217,0.21046721935272217,5.4129
9785,0.13011428713798523,0.13011428713798523,0.21090205013751984,0.21090205013751984,5.4134
9786,0.13011258840560913,0.13011258840560913,0.21050973236560822,0.21050973236560822,5.4139
9787,0.1301109939813614,0.1301109939813614,0.2108420431613922,0.2108420431613922,5.4144
9788,0.13010957837104797,0.13010957837104797,0.21059012413024902,0.21059012413024902,5.4149
9789,0.13010862469673157,0.13010862469673157,0.21075865626335144,0.21075865626335144,5.4154
9790,0.13010810315608978,0.13010810315608978,0.21069002151489258,0.21069002151489258,5.4159
9791,0.13010796904563904,0.13010796904563904,0.21068935096263885,0.21068935096263885,5.4164
9792,0.13010814785957336,0.13010814785957336,0.210748553276062,0.210748553276062,5.4169
9793,0.13010847568511963,0.13010847568511963,0.21063704788684845,0.21063704788684845,5.4174
9794,0.1301087737083435,0.1301087737083435,0.21077945828437805,0.21077945828437805,5.4179
9795,0.13010916113853455,0.13010916113853455,0.21057887375354767,0.21057887375354767,5.4189
9796,0.13010963797569275,0.13010963797569275,0.2108016461133957,0.2108016461133957,5.4195
9797,0.13011015951633453,0.13011015951633453,0.21051959693431854,0.21051959693431854,5.4203
9798,0.13011078536510468,0.13011078536510468,0.21082191169261932,0.21082191169261932,5.4208
9799,0.13011178374290466,0.13011178374290466,0.21050353348255157,0.21050353348255157,5.4214
9800,0.13011309504508972,0.13011309504508972,0.21084746718406677,0.21084746718406677,5.422
9801,0.13011473417282104,0.13011473417282104,0.2105000913143158,0.2105000913143158,5.4225
9802,0.1301165223121643,0.1301165223121643,0.2108951061964035,0.2108951061964035,5.423
9803,0.13011856377124786,0.13011856377124786,0.21045522391796112,0.21045522391796112,5.4236
9804,0.13012060523033142,0.13012060523033142,0.21094822883605957,0.21094822883605957,5.4241
9805,0.13012263178825378,0.13012263178825378,0.21041440963745117,0.21041440963745117,5.4246
9806,0.1301245540380478,0.1301245540380478,0.21098871529102325,0.21098871529102325,5.4251
9807,0.13012611865997314,0.13012611865997314,0.21038174629211426,0.21038174629211426,5.4256
9808,0.13012740015983582,0.13012740015983582,0.21103303134441376,0.21103303134441376,5.4261
9809,0.13012802600860596,0.13012802600860596,0.21034736931324005,0.21034736931324005,5.4266
9810,0.13012826442718506,0.13012826442718506,0.21107634902000427,0.21107634902000427,5.4271
9811,0.13012760877609253,0.13012760877609253,0.21034197509288788,0.21034197509288788,5.4276
9812,0.1301264464855194,0.1301264464855194,0.21107220649719238,0.21107220649719238,5.4281
9813,0.13012444972991943,0.13012444972991943,0.21036608517169952,0.21036608517169952,5.4286
9814,0.13012205064296722,0.13012205064296722,0.21102885901927948,0.21102885901927948,5.4291
9815,0.1301191747188568,0.1301191747188568,0.21040412783622742,0.21040412783622742,5.4296
9816,0.130116268992424,0.130116268992424,0.2109661102294922,0.2109661102294922,5.4301
9817,0.13011358678340912,0.13011358678340912,0.21046476066112518,0.21046476066112518,5.4306
9818,0.13011117279529572,0.13011117279529572,0.21088294684886932,0.21088294684886932,5.4312
9819,0.13010941445827484,0.13010941445827484,0.21053926646709442,0.21053926646709442,5.4317
9820,0.13010795414447784,0.13010795414447784,0.21080298721790314,0.21080298721790314,5.4322
9821,0.13010674715042114,0.13010674715042114,0.21059469878673553,0.21059469878673553,5.4327
9822,0.1301058828830719,0.1301058828830719,0.21074596047401428,0.21074596047401428,5.4332
9823,0.13010527193546295,0.13010527193546295,0.21065497398376465,0.21065497398376465,5.4337
9824,0.13010486960411072,0.13010486960411072,0.21069690585136414,0.21069690585136414,5.4342
9825,0.1301046907901764,0.1301046907901764,0.21072307229042053,0.21072307229042053,5.4347
9826,0.130104660987854,0.130104660987854,0.21065881848335266,0.21065881848335266,5.4353
9827,0.13010473549365997,0.13010473549365997,0.21075639128684998,0.21075639128684998,5.4358
9828,0.13010485470294952,0.13010485470294952,0.21063455939292908,0.21063455939292908,5.4372
9829,0.13010510802268982,0.13010510802268982,0.21076521277427673,0.21076521277427673,5.4377
9830,0.13010568916797638,0.13010568916797638,0.21059942245483398,0.21059942245483398,5.4382
9831,0.1301063597202301,0.1301063597202301,0.2107764184474945,0.2107764184474945,5.4387
9832,0.13010753691196442,0.13010753691196442,0.21053795516490936,0.21053795516490936,5.4392
9833,0.13010883331298828,0.13010883331298828,0.21080711483955383,0.21080711483955383,5.4398
9834,0.13011077046394348,0.13011077046394348,0.21048490703105927,0.21048490703105927,5.4403
9835,0.13011272251605988,0.13011272251605988,0.21086177229881287,0.21086177229881287,5.4408
9836,0.13011512160301208,0.13011512160301208,0.21045544743537903,0.21045544743537903,5.4413
9837,0.1301175355911255,0.1301175355911255,0.2109331637620926,0.2109331637620926,5.4418
9838,0.13012000918388367,0.13012000918388367,0.21042156219482422,0.21042156219482422,5.4423
9839,0.1301223784685135,0.1301223784685135,0.21100859344005585,0.21100859344005585,5.4428
9840,0.13012440502643585,0.13012440502643585,0.21038541197776794,0.21038541197776794,5.4433
9841,0.13012602925300598,0.13012602925300598,0.2110578566789627,0.2110578566789627,5.4438
9842,0.13012684881687164,0.13012684881687164,0.21035559475421906,0.21035559475421906,5.4443
9843,0.13012699782848358,0.13012699782848358,0.21106819808483124,0.21106819808483124,5.4448
9844,0.13012607395648956,0.13012607395648956,0.21033890545368195,0.21033890545368195,5.4454
9845,0.13012437522411346,0.13012437522411346,0.2110544741153717,0.2110544741153717,5.4459
9846,0.1301218420267105,0.1301218420267105,0.21035441756248474,0.21035441756248474,5.4464
9847,0.13011878728866577,0.13011878728866577,0.21101245284080505,0.21101245284080505,5.4469
9848,0.13011547923088074,0.13011547923088074,0.21040955185890198,0.21040955185890198,5.4474
9849,0.1301121711730957,0.1301121711730957,0.2109440267086029,0.2109440267086029,5.4479
9850,0.13010935485363007,0.13010935485363007,0.21048279106616974,0.21048279106616974,5.4484
9851,0.13010679185390472,0.13010679185390472,0.21086668968200684,0.21086668968200684,5.4489
9852,0.13010472059249878,0.13010472059249878,0.2105511724948883,0.2105511724948883,5.4494
9853,0.13010315597057343,0.13010315597057343,0.21078824996948242,0.21078824996948242,5.4499
9854,0.13010214269161224,0.13010214269161224,0.21063092350959778,0.21063092350959778,5.4504
9855,0.13010163605213165,0.13010163605213165,0.21070989966392517,0.21070989966392517,5.4509
9856,0.1301015317440033,0.1301015317440033,0.21071307361125946,0.21071307361125946,5.4514
9857,0.13010171055793762,0.13010171055793762,0.21064706146717072,0.21064706146717072,5.452
9858,0.13010209798812866,0.13010209798812866,0.210764080286026,0.210764080286026,5.4525
9859,0.1301029473543167,0.1301029473543167,0.2105977088212967,0.2105977088212967,5.453
9860,0.1301039308309555,0.1301039308309555,0.2107991725206375,0.2107991725206375,5.4535
9861,0.13010551035404205,0.13010551035404205,0.21052074432373047,0.21052074432373047,5.454
9862,0.13010704517364502,0.13010704517364502,0.21084432303905487,0.21084432303905487,5.4545
9863,0.1301085352897644,0.1301085352897644,0.21044525504112244,0.21044525504112244,5.455
9864,0.13010984659194946,0.13010984659194946,0.21089120209217072,0.21089120209217072,5.4555
9865,0.1301112025976181,0.1301112025976181,0.2104475498199463,0.2104475498199463,5.456
9866,0.1301124542951584,0.1301124542951584,0.21092724800109863,0.21092724800109863,5.4565
9867,0.13011349737644196,0.13011349737644196,0.21046189963817596,0.21046189963817596,5.457
9868,0.13011419773101807,0.13011419773101807,0.21096296608448029,0.21096296608448029,5.4575
9869,0.13011468946933746,0.13011468946933746,0.21043744683265686,0.21043744683265686,5.4581
9870,0.13011476397514343,0.13011476397514343,0.21096892654895782,0.21096892654895782,5.4586
9871,0.13011465966701508,0.13011465966701508,0.2104293406009674,0.2104293406009674,5.4591
9872,0.13011415302753448,0.13011415302753448,0.2109265774488449,0.2109265774488449,5.4596
9873,0.1301133930683136,0.1301133930683136,0.21044132113456726,0.21044132113456726,5.4601
9874,0.13011226058006287,0.13011226058006287,0.21090185642242432,0.21090185642242432,5.4606
9875,0.13011106848716736,0.13011106848716736,0.21046027541160583,0.21046027541160583,5.4611
9876,0.13010963797569275,0.13010963797569275,0.21089932322502136,0.21089932322502136,5.4616
9877,0.13010847568511963,0.13010847568511963,0.2104964554309845,0.2104964554309845,5.4621
9878,0.1301070898771286,0.1301070898771286,0.21086783707141876,0.21086783707141876,5.4626
9879,0.13010624051094055,0.13010624051094055,0.21052980422973633,0.21052980422973633,5.4631
9880,0.130105122923851,0.130105122923851,0.21083302795886993,0.21083302795886993,5.4636
9881,0.1301039457321167,0.1301039457321167,0.21053652465343475,0.21053652465343475,5.4641
9882,0.13010278344154358,0.13010278344154358,0.21081571280956268,0.21081571280956268,5.4646
9883,0.13010172545909882,0.13010172545909882,0.21056461334228516,0.21056461334228516,5.4652
9884,0.1301007717847824,0.1301007717847824,0.21078911423683167,0.21078911423683167,5.4657
9885,0.13009998202323914,0.13009998202323914,0.21062012016773224,0.21062012016773224,5.4662
9886,0.13009938597679138,0.13009938597679138,0.21075773239135742,0.21075773239135742,5.4667
9887,0.13009890913963318,0.13009890913963318,0.2106424868106842,0.2106424868106842,5.4672
9888,0.1300985962152481,0.1300985962152481,0.2107326090335846,0.2107326090335846,5.4678
9889,0.1300983726978302,0.1300983726978302,0.210646390914917,0.210646390914917,5.4683
9890,0.13009823858737946,0.13009823858737946,0.2106953114271164,0.2106953114271164,5.4688
9891,0.13009819388389587,0.13009819388389587,0.2106657326221466,0.2106657326221466,5.4693
9892,0.13009817898273468,0.13009817898273468,0.21066436171531677,0.21066436171531677,5.4698
9893,0.13009817898273468,0.13009817898273468,0.21068735420703888,0.21068735420703888,5.4703
9894,0.13009849190711975,0.13009849190711975,0.21065998077392578,0.21065998077392578,5.4708
9895,0.13009890913963318,0.13009890913963318,0.21070656180381775,0.21070656180381775,5.4713
9896,0.13009929656982422,0.13009929656982422,0.2106173038482666,0.2106173038482666,5.4718
9897,0.130099818110466,0.130099818110466,0.21074283123016357,0.21074283123016357,5.4723
9898,0.13010089099407196,0.13010089099407196,0.2105657309293747,0.2105657309293747,5.4728
9899,0.13010214269161224,0.13010214269161224,0.21078145503997803,0.21078145503997803,5.4733
9900,0.13010412454605103,0.13010412454605103,0.2105405628681183,0.2105405628681183,5.4739
9901,0.1301063597202301,0.1301063597202301,0.21082977950572968,0.21082977950572968,5.4744
9902,0.13010939955711365,0.13010939955711365,0.21048541367053986,0.21048541367053986,5.4749
9903,0.13011285662651062,0.13011285662651062,0.21091584861278534,0.21091584861278534,5.4754
9904,0.13011696934700012,0.13011696934700012,0.2104216068983078,0.2104216068983078,5.4759
9905,0.13012143969535828,0.13012143969535828,0.21099939942359924,0.21099939942359924,5.4764
9906,0.13012592494487762,0.13012592494487762,0.21037094295024872,0.21037094295024872,5.4769
9907,0.1301303207874298,0.1301303207874298,0.2110624611377716,0.2110624611377716,5.4774
9908,0.13013336062431335,0.13013336062431335,0.21032734215259552,0.21032734215259552,5.4779
9909,0.13013537228107452,0.13013537228107452,0.21113280951976776,0.21113280951976776,5.4784
9910,0.13013491034507751,0.13013491034507751,0.21029746532440186,0.21029746532440186,5.4789
9911,0.1301327645778656,0.1301327645778656,0.21115520596504211,0.21115520596504211,5.4794
9912,0.13012811541557312,0.13012811541557312,0.2103079855442047,0.2103079855442047,5.4799
9913,0.13012246787548065,0.13012246787548065,0.21110019087791443,0.21110019087791443,5.4804
9914,0.13011594116687775,0.13011594116687775,0.21035686135292053,0.21035686135292053,5.481
9915,0.1301099956035614,0.1301099956035614,0.2110077142715454,0.2110077142715454,5.4815
9916,0.13010510802268982,0.13010510802268982,0.21042683720588684,0.21042683720588684,5.482
9917,0.13010171055793762,0.13010171055793762,0.21090540289878845,0.21090540289878845,5.4825
9918,0.13009977340698242,0.13009977340698242,0.2105182707309723,0.2105182707309723,5.483
9919,0.13009914755821228,0.13009914755821228,0.2108038365840912,0.2108038365840912,5.4835
9920,0.13009950518608093,0.13009950518608093,0.2106218785047531,0.2106218785047531,5.484
9921,0.1301003098487854,0.1301003098487854,0.21071915328502655,0.21071915328502655,5.4845
9922,0.1301012933254242,0.1301012933254242,0.21070802211761475,0.21070802211761475,5.485
9923,0.13010242581367493,0.13010242581367493,0.21065859496593475,0.21065859496593475,5.4855
9924,0.13010326027870178,0.13010326027870178,0.21075868606567383,0.21075868606567383,5.486
9925,0.1301039457321167,0.1301039457321167,0.2105834037065506,0.2105834037065506,5.4865
9926,0.1301039457321167,0.1301039457321167,0.2108028382062912,0.2108028382062912,5.487
9927,0.13010390102863312,0.13010390102863312,0.21050366759300232,0.21050366759300232,5.4875
9928,0.13010327517986298,0.13010327517986298,0.21083827316761017,0.21083827316761017,5.488
9929,0.13010290265083313,0.13010290265083313,0.21047338843345642,0.21047338843345642,5.4885
9930,0.13010212779045105,0.13010212779045105,0.21086864173412323,0.21086864173412323,5.489
9931,0.1301013082265854,0.1301013082265854,0.2104721963405609,0.2104721963405609,5.4896
9932,0.13010051846504211,0.13010051846504211,0.21091027557849884,0.21091027557849884,5.4901
9933,0.13009998202323914,0.13009998202323914,0.21048641204833984,0.21048641204833984,5.4906
9934,0.1300995945930481,0.1300995945930481,0.21092359721660614,0.21092359721660614,5.4911
9935,0.13009943068027496,0.13009943068027496,0.21051068603992462,0.21051068603992462,5.4916
9936,0.1300993263721466,0.1300993263721466,0.21088624000549316,0.21088624000549316,5.4921
9937,0.13009926676750183,0.13009926676750183,0.2105141133069992,0.2105141133069992,5.4926
9938,0.13009902834892273,0.13009902834892273,0.2108451873064041,0.2108451873064041,5.4931
9939,0.13009873032569885,0.13009873032569885,0.21051350235939026,0.21051350235939026,5.4936
9940,0.1300981491804123,0.1300981491804123,0.21080860495567322,0.21080860495567322,5.4941
9941,0.1300973892211914,0.1300973892211914,0.2105376273393631,0.2105376273393631,5.4946
9942,0.13009651005268097,0.13009651005268097,0.2107735425233841,0.2107735425233841,5.4951
9943,0.13009555637836456,0.13009555637836456,0.21057811379432678,0.21057811379432678,5.4956
9944,0.13009466230869293,0.13009466230869293,0.21075542271137238,0.21075542271137238,5.4961
9945,0.13009388744831085,0.13009388744831085,0.21060900390148163,0.21060900390148163,5.4966
9946,0.13009335100650787,0.13009335100650787,0.21073274314403534,0.21073274314403534,5.4971
9947,0.13009296357631683,0.13009296357631683,0.21063990890979767,0.21063990890979767,5.4976
9948,0.13009266555309296,0.13009266555309296,0.21066145598888397,0.21066145598888397,5.4981
9949,0.1300925463438034,0.1300925463438034,0.2106836587190628,0.2106836587190628,5.4986
9950,0.1300925761461258,0.1300925761461258,0.21060502529144287,0.21060502529144287,5.4992
9951,0.13009263575077057,0.13009263575077057,0.2107161581516266,0.2107161581516266,5.4997
9952,0.13009297847747803,0.13009297847747803,0.21060724556446075,0.21060724556446075,5.5002
9953,0.13009342551231384,0.13009342551231384,0.21075403690338135,0.21075403690338135,5.5007
9954,0.13009388744831085,0.13009388744831085,0.21055945754051208,0.21055945754051208,5.5012
9955,0.1300944834947586,0.1300944834947586,0.21082429587841034,0.21082429587841034,5.5017
9956,0.1300952136516571,0.1300952136516571,0.21049895882606506,0.21049895882606506,5.5022
9957,0.13009604811668396,0.13009604811668396,0.2108687460422516,0.2108687460422516,5.5027
9958,0.13009732961654663,0.13009732961654663,0.21048589050769806,0.21048589050769806,5.5032
9959,0.13009902834892273,0.13009902834892273,0.210890531539917,0.210890531539917,5.5037
9960,0.13010121881961823,0.13010121881961823,0.21042771637439728,0.21042771637439728,5.5042
9961,0.13010387122631073,0.13010387122631073,0.2109745293855667,0.2109745293855667,5.5047
9962,0.13010737299919128,0.13010737299919128,0.21032842993736267,0.21032842993736267,5.5052
9963,0.1301114410161972,0.1301114410161972,0.21106505393981934,0.21106505393981934,5.5057
9964,0.13011598587036133,0.13011598587036133,0.2102677822113037,0.2102677822113037,5.5062
9965,0.13012096285820007,0.13012096285820007,0.21112485229969025,0.21112485229969025,5.5067
9966,0.1301252543926239,0.1301252543926239,0.2102280855178833,0.2102280855178833,5.5072
9967,0.13012906908988953,0.13012906908988953,0.2112113982439041,0.2112113982439041,5.5078
9968,0.13013069331645966,0.13013069331645966,0.21019215881824493,0.21019215881824493,5.5083
9969,0.13013078272342682,0.13013078272342682,0.21125908195972443,0.21125908195972443,5.5088
9970,0.1301276832818985,0.1301276832818985,0.21021637320518494,0.21021637320518494,5.5093
9971,0.1301228106021881,0.1301228106021881,0.21118226647377014,0.21118226647377014,5.5098
9972,0.13011565804481506,0.13011565804481506,0.2103007286787033,0.2103007286787033,5.5103
9973,0.13010822236537933,0.13010822236537933,0.2110353410243988,0.2110353410243988,5.5108
9974,0.1301010549068451,0.1301010549068451,0.2104078233242035,0.2104078233242035,5.5113
9975,0.1300954520702362,0.1300954520702362,0.21087083220481873,0.21087083220481873,5.5118
9976,0.13009187579154968,0.13009187579154968,0.21055087447166443,0.21055087447166443,5.5123
9977,0.13009008765220642,0.13009008765220642,0.2107047140598297,0.2107047140598297,5.5128
9978,0.13008983433246613,0.13008983433246613,0.21070241928100586,0.21070241928100586,5.5133
9979,0.13009066879749298,0.13009066879749298,0.210580512881279,0.210580512881279,5.5138
9980,0.13009226322174072,0.13009226322174072,0.21081916987895966,0.21081916987895966,5.5144
9981,0.1300944834947586,0.1300944834947586,0.2105063498020172,0.2105063498020172,5.5149
9982,0.1300966739654541,0.1300966739654541,0.21090546250343323,0.21090546250343323,5.5154
9983,0.13009878993034363,0.13009878993034363,0.21043550968170166,0.21043550968170166,5.5159
9984,0.13010026514530182,0.13010026514530182,0.21095457673072815,0.21095457673072815,5.5164
9985,0.130101278424263,0.130101278424263,0.21038632094860077,0.21038632094860077,5.5169
9986,0.13010138273239136,0.13010138273239136,0.21094970405101776,0.21094970405101776,5.5174
9987,0.1301010251045227,0.1301010251045227,0.21039871871471405,0.21039871871471405,5.5179
9988,0.13009989261627197,0.13009989261627197,0.21090590953826904,0.21090590953826904,5.5184
9989,0.1300986111164093,0.1300986111164093,0.21044592559337616,0.21044592559337616,5.5189
9990,0.1300969123840332,0.1300969123840332,0.2108655720949173,0.2108655720949173,5.5194
9991,0.1300957202911377,0.1300957202911377,0.21051397919654846,0.21051397919654846,5.5199
9992,0.13009445369243622,0.13009445369243622,0.21081209182739258,0.21081209182739258,5.5204
9993,0.13009333610534668,0.13009333610534668,0.2105875313282013,0.2105875313282013,5.5209
9994,0.13009248673915863,0.13009248673915863,0.21072730422019958,0.21072730422019958,5.5214
9995,0.13009199500083923,0.13009199500083923,0.21066518127918243,0.21066518127918243,5.5219
9996,0.13009187579154968,0.13009187579154968,0.2106480598449707,0.2106480598449707,5.5224
9997,0.130092054605484,0.130092054605484,0.21073918044567108,0.21073918044567108,5.523
9998,0.13009242713451385,0.13009242713451385,0.2105848342180252,0.2105848342180252,5.5235
9999,0.13009291887283325,0.13009291887283325,0.21079449355602264,0.21079449355602264,5.524
