epoch,total_loss,full_rollout_train_mse,full_rollout_test_mse_clean,eval_seconds,elapsed_seconds
0,3.7179932594299316,1109.0960693359375,1120.681396484375,0.0494,0.8242
1,3.311054229736328,,,,1.5088
2,2.9359819889068604,,,,2.0447
3,2.5937087535858154,,,,2.5765
4,2.2842371463775635,,,,3.166
5,2.0073933601379395,,,,3.8637
6,1.7628027200698853,,,,4.5273
7,1.5493535995483398,,,,5.1859
8,1.364900827407837,,,,5.7296
9,1.2061924934387207,,,,6.3813
10,1.069061517715454,,,,6.9582
11,0.948910117149353,,,,7.5489
12,0.8413580656051636,,,,8.0887
13,0.7428098320960999,,,,8.634
14,0.6507688760757446,,,,9.2944
15,0.5638845562934875,,,,9.8677
16,0.4817984700202942,,,,10.4838
17,0.40488526225090027,,,,11.0643
18,0.3339621424674988,,,,11.5999
19,0.2700204849243164,,,,12.1944
20,0.2140028178691864,,,,12.7467
21,0.16663207113742828,,,,13.2979
22,0.12829220294952393,,,,13.7782
23,0.09895899891853333,,,,14.2939
24,0.07818017899990082,,,,14.7965
25,0.0651048868894577,,,,15.3367
26,0.058557089418172836,,,,15.8267
27,0.05714334174990654,,,,16.3212
28,0.0593804270029068,,,,16.836
29,0.06382377445697784,,,,17.4244
30,0.06918014585971832,,,,18.0069
31,0.07438892871141434,,,,18.6057
32,0.0786646232008934,,,,19.0899
33,0.08150015026330948,,,,19.5645
34,0.08263879269361496,,,,20.0887
35,0.08202730119228363,,,,20.5982
36,0.07976195961236954,,,,21.2037
37,0.07603810727596283,,,,21.7041
38,0.07111028581857681,,,,22.1943
39,0.06526388972997665,,,,22.7199
40,0.05879848822951317,,,,23.1924
41,0.05201783403754234,,,,23.6628
42,0.04522275552153587,,,,24.111
43,0.03870156407356262,,,,24.5935
44,0.0327172726392746,,,,25.1004
45,0.027491791173815727,,,,25.5664
46,0.02318967692553997,,,,26.0375
47,0.019904935732483864,,,,26.4942
48,0.01765390858054161,,,,26.9671
49,0.016376689076423645,,,,27.4352
50,0.015947094187140465,,,,27.9286
51,0.016189871355891228,,,,28.3978
52,0.016902968287467957,,,,28.8731
53,0.017880987375974655,,,,29.3362
54,0.01893657259643078,,,,29.8099
55,0.019916892051696777,,,,30.3084
56,0.020713211968541145,,,,30.8213
57,0.021263400092720985,,,,31.2859
58,0.021547937765717506,,,,31.7593
59,0.021581338718533516,,,,32.2375
60,0.02140120230615139,,,,32.723
61,0.021056918427348137,,,,33.2413
62,0.020600125193595886,,,,33.7588
63,0.020077688619494438,,,,34.2377
64,0.019528036937117577,,,,34.7239
65,0.01898004487156868,,,,35.1937
66,0.01845424249768257,,,,35.6566
67,0.01796475611627102,,,,36.1884
68,0.01752144657075405,,,,36.6684
69,0.01713157258927822,,,,37.1294
70,0.01680043712258339,,,,37.5921
71,0.016531260684132576,,,,38.084
72,0.01632477156817913,,,,38.5768
73,0.016178565099835396,,,,39.0582
74,0.016086911782622337,,,,39.5083
75,0.016041159629821777,,,,39.9591
76,0.01603063941001892,,,,40.4469
77,0.016043853014707565,,,,41.1446
78,0.016069920733571053,,,,41.8034
79,0.01609944738447666,,,,42.3472
80,0.016125448048114777,,,,42.8784
81,0.01614321954548359,,,,43.3659
82,0.016150275245308876,,,,43.8705
83,0.016145670786499977,,,,44.3953
84,0.0161295123398304,,,,44.9148
85,0.01610247977077961,,,,45.4041
86,0.016065625473856926,,,,45.8804
87,0.016020262613892555,,,,46.3809
88,0.01596822403371334,,,,46.8749
89,0.015911798924207687,,,,47.3999
90,0.015853848308324814,,,,47.9269
91,0.01579751819372177,,,,48.4151
92,0.015746042132377625,,,,48.8827
93,0.015702182427048683,,,,49.3547
94,0.0156678706407547,,,,49.8607
95,0.015643876045942307,,,,50.4077
96,0.015629788860678673,,,,50.9165
97,0.015624073334038258,,,,51.4174
98,0.015624395571649075,,,,51.906
99,0.015628129243850708,,,,52.4563
100,0.015632670372724533,1.3554911613464355,1.5470653772354126,0.0426,53.0874
101,0.015635905787348747,,,,53.5974
102,0.015636412426829338,,,,54.0909
103,0.015633409842848778,,,,54.5926
104,0.01562689244747162,,,,55.0762
105,0.015617260709404945,,,,55.6005
106,0.015605219639837742,,,,56.1024
107,0.015591582283377647,,,,56.5872
108,0.015577088110148907,,,,57.0875
109,0.01556236669421196,,,,57.6652
110,0.015547888353466988,,,,58.1581
111,0.015534015372395515,,,,58.6562
112,0.015520974062383175,,,,59.1423
113,0.015508907847106457,,,,59.6389
114,0.015497907064855099,,,,60.1758
115,0.01548798568546772,,,,60.6937
116,0.01547902263700962,,,,61.2327
117,0.015470911748707294,,,,61.7332
118,0.015463411808013916,,,,62.2458
119,0.015456309542059898,,,,62.845
120,0.015449408441781998,,,,63.3901
121,0.01544252224266529,,,,63.91
122,0.015435473993420601,,,,64.4053
123,0.015428249724209309,,,,64.9602
124,0.015420802868902683,,,,65.4658
125,0.01541314646601677,,,,66.0215
126,0.015405278652906418,,,,66.5222
127,0.015397261828184128,,,,67.0233
128,0.015389082953333855,,,,67.519
129,0.01538077648729086,,,,68.1407
130,0.015372373163700104,,,,68.7738
131,0.015363919548690319,,,,69.4831
132,0.015355430543422699,,,,70.177
133,0.015347011387348175,,,,70.7708
134,0.015338677912950516,,,,71.3366
135,0.015330466441810131,,,,72.0013
136,0.015322421677410603,,,,72.5891
137,0.015314511023461819,,,,73.1771
138,0.015306735411286354,,,,73.8157
139,0.015299000777304173,,,,74.6491
140,0.015291336923837662,,,,75.288
141,0.015283611603081226,,,,76.0028
142,0.015275822952389717,,,,76.7226
143,0.01526799239218235,,,,77.384
144,0.015260066837072372,,,,78.1333
145,0.015252061188220978,,,,78.8159
146,0.015243999660015106,,,,79.4712
147,0.015235907398164272,,,,80.0914
148,0.01522777695208788,,,,80.7886
149,0.01521963533014059,,,,81.3838
150,0.015211507678031921,,,,81.9543
151,0.015203377231955528,,,,82.4989
152,0.015195261687040329,,,,83.0816
153,0.01518714427947998,,,,83.6968
154,0.015179059468209743,,,,84.4066
155,0.015170981176197529,,,,85.0055
156,0.015162897296249866,,,,85.6224
157,0.015154813416302204,,,,86.2094
158,0.015146720223128796,,,,86.7352
159,0.015138606540858746,,,,87.2536
160,0.015130488201975822,,,,87.7784
161,0.015122340992093086,,,,88.3375
162,0.015114180743694305,,,,88.8832
163,0.015106006525456905,,,,89.4878
164,0.015097804367542267,,,,90.0476
165,0.015089583583176136,,,,90.5954
166,0.015081358142197132,,,,91.1507
167,0.015073110349476337,,,,91.6662
168,0.015064842998981476,,,,92.2435
169,0.015056571923196316,,,,92.7829
170,0.015048270113766193,,,,93.3323
171,0.015039983205497265,,,,93.8547
172,0.015031646937131882,,,,94.4173
173,0.015023341402411461,,,,95.0398
174,0.015014992095530033,,,,95.5908
175,0.015006653033196926,,,,96.1467
176,0.014998297207057476,,,,96.7
177,0.014989924617111683,,,,97.22
178,0.014981537126004696,,,,97.7588
179,0.014973124489188194,,,,98.3039
180,0.014964723959565163,,,,98.9461
181,0.0149562768638134,,,,99.5191
182,0.014947822317481041,,,,100.0892
183,0.014939364977180958,,,,100.6325
184,0.01493085641413927,,,,101.1817
185,0.014922373928129673,,,,101.776
186,0.014913849532604218,,,,102.3013
187,0.014905322343111038,,,,102.8335
188,0.014896778389811516,,,,103.376
189,0.014888201840221882,,,,103.9178
190,0.014879616908729076,,,,104.4692
191,0.0148710235953331,,,,105.0483
192,0.014862415380775928,,,,105.6072
193,0.01485377736389637,,,,106.1483
194,0.014845123514533043,,,,106.7078
195,0.014836461283266544,,,,107.2258
196,0.014827786013484001,,,,107.7758
197,0.014819086529314518,,,,108.2936
198,0.014810354448854923,,,,108.8452
199,0.01480160653591156,,,,109.3753
200,0.014792847447097301,1.2441198825836182,1.4268386363983154,0.0512,109.9555
201,0.014784056693315506,,,,110.4768
202,0.014775251969695091,,,,111.034
203,0.014766445383429527,,,,111.6214
204,0.014757602475583553,,,,112.2034
205,0.014748739078640938,,,,112.7468
206,0.01473986729979515,,,,113.2687
207,0.014730961062014103,,,,113.8121
208,0.014722034335136414,,,,114.3166
209,0.014713091775774956,,,,114.8524
210,0.014704115688800812,,,,115.3699
211,0.014695128425955772,,,,115.9039
212,0.014686125330626965,,,,116.4686
213,0.014677089639008045,,,,117.0195
214,0.014668027870357037,,,,117.5885
215,0.01465896237641573,,,,118.1309
216,0.014649844728410244,,,,118.7183
217,0.01464072149246931,,,,119.2748
218,0.01463156845420599,,,,119.8932
219,0.014622393995523453,,,,120.7028
220,0.014613185077905655,,,,121.3847
221,0.014603950083255768,,,,122.1359
222,0.014594701118767262,,,,122.8719
223,0.014585425145924091,,,,123.5574
224,0.01457611471414566,,,,124.192
225,0.014566799625754356,,,,124.7829
226,0.014557424001395702,,,,125.3937
227,0.01454801857471466,,,,126.108
228,0.01453860942274332,,,,126.7939
229,0.01452916394919157,,,,127.3731
230,0.01451966818422079,,,,127.9174
231,0.014510171487927437,,,,128.4517
232,0.014500646851956844,,,,129.0448
233,0.01449107751250267,,,,129.5901
234,0.014481479302048683,,,,130.1585
235,0.014471851289272308,,,,130.758
236,0.014462180435657501,,,,131.332
237,0.0144524946808815,,,,132.0116
238,0.014442780055105686,,,,132.5509
239,0.01443299651145935,,,,133.167
240,0.014423207379877567,,,,133.7321
241,0.014413390308618546,,,,134.3944
242,0.014403517358005047,,,,135.2413
243,0.014393625780940056,,,,135.8885
244,0.014383687637746334,,,,136.6118
245,0.014373721554875374,,,,137.313
246,0.014363708905875683,,,,137.9845
247,0.014353671111166477,,,,138.6784
248,0.014343583025038242,,,,139.2973
249,0.014333454892039299,,,,139.9134
250,0.014323296956717968,,,,140.5598
251,0.014313086867332458,,,,141.1834
252,0.014302859082818031,,,,141.7966
253,0.014292565174400806,,,,142.4848
254,0.014282253570854664,,,,143.0734
255,0.01427189540117979,,,,143.7253
256,0.01426148135215044,,,,144.5829
257,0.014251019805669785,,,,145.2736
258,0.014240527525544167,,,,145.9415
259,0.014229985885322094,,,,146.6544
260,0.014219413511455059,,,,147.3801
261,0.014208761975169182,,,,148.1428
262,0.014198089949786663,,,,148.773
263,0.014187363907694817,,,,149.4481
264,0.014176588505506516,,,,150.2527
265,0.014165772125124931,,,,150.9133
266,0.014154885895550251,,,,151.6062
267,0.014143964275717735,,,,152.3117
268,0.014132983982563019,,,,152.9201
269,0.014121963642537594,,,,153.6755
270,0.014110886491835117,,,,154.3231
271,0.014099761843681335,,,,154.9871
272,0.014088570140302181,,,,155.5599
273,0.014077330008149147,,,,156.1888
274,0.01406603492796421,,,,156.9766
275,0.0140546765178442,,,,157.5945
276,0.014043288305401802,,,,158.3055
277,0.014031820930540562,,,,159.0908
278,0.014020293019711971,,,,159.7515
279,0.014008711092174053,,,,160.4597
280,0.01399706769734621,,,,161.1004
281,0.013985369354486465,,,,161.735
282,0.013973604887723923,,,,162.3734
283,0.013961760327219963,,,,163.1133
284,0.013949882239103317,,,,163.7887
285,0.013937936164438725,,,,164.3928
286,0.013925903476774693,,,,165.0088
287,0.013913811184465885,,,,165.647
288,0.013901662081480026,,,,166.4401
289,0.013889442197978497,,,,167.0996
290,0.013877155259251595,,,,167.752
291,0.013864779844880104,,,,168.383
292,0.013852356933057308,,,,168.9981
293,0.013839858584105968,,,,169.7451
294,0.013827276416122913,,,,170.3455
295,0.013814633712172508,,,,170.9421
296,0.013801916502416134,,,,171.5885
297,0.013789115473628044,,,,172.3357
298,0.013776233419775963,,,,173.0295
299,0.013763299211859703,,,,173.6421
300,0.013750256970524788,1.1340372562408447,1.3319581747055054,0.0628,174.3689
301,0.013737156987190247,,,,175.0209
302,0.013723962940275669,,,,175.741
303,0.01371069997549057,,,,176.3688
304,0.013697344809770584,,,,176.9957
305,0.013683924451470375,,,,177.6723
306,0.01367040816694498,,,,178.3304
307,0.01365681178867817,,,,179.1409
308,0.013643120415508747,,,,179.7601
309,0.01362935546785593,,,,180.4013
310,0.013615500181913376,,,,181.026
311,0.013601561076939106,,,,181.8388
312,0.013587510213255882,,,,182.4445
313,0.013573377393186092,,,,183.0472
314,0.013559172861278057,,,,183.6862
315,0.013544853776693344,,,,184.3174
316,0.013530449941754341,,,,185.0704
317,0.013515947386622429,,,,185.6823
318,0.013501347042620182,,,,186.3399
319,0.013486664742231369,,,,186.9702
320,0.0134718744084239,,,,187.7407
321,0.013456995598971844,,,,188.382
322,0.01344201061874628,,,,189.0534
323,0.013426922261714935,,,,189.8187
324,0.013411732390522957,,,,190.5332
325,0.013396458700299263,,,,191.331
326,0.013381068594753742,,,,192.0319
327,0.013365550898015499,,,,192.7302
328,0.013349971733987331,,,,193.4822
329,0.013334281742572784,,,,194.2492
330,0.013318467885255814,,,,195.0711
331,0.013302543200552464,,,,195.8303
332,0.013286531902849674,,,,196.5832
333,0.013270390219986439,,,,197.411
334,0.01325415913015604,,,,198.373
335,0.01323778834193945,,,,199.2672
336,0.013221345841884613,,,,199.9795
337,0.013204763643443584,,,,200.7108
338,0.01318808551877737,,,,201.4245
339,0.013171291910111904,,,,202.0909
340,0.01315438374876976,,,,202.9039
341,0.013137354515492916,,,,203.6919
342,0.01312022004276514,,,,204.4935
343,0.013102964498102665,,,,205.2666
344,0.013085606507956982,,,,205.9957
345,0.013068103231489658,,,,206.8708
346,0.013050512410700321,,,,207.6167
347,0.013032798655331135,,,,208.3188
348,0.013014981523156166,,,,209.0288
349,0.012997006066143513,,,,209.7457
350,0.012978947721421719,,,,210.4308
351,0.012960754334926605,,,,211.1197
352,0.012942451052367687,,,,211.8127
353,0.01292403880506754,,,,212.3704
354,0.012905491515994072,,,,212.9264
355,0.012886829674243927,,,,213.5125
356,0.012868047691881657,,,,214.0957
357,0.01284915953874588,,,,214.669
358,0.012830157764256,,,,215.2645
359,0.012811009772121906,,,,215.8332
360,0.012791767716407776,,,,216.4306
361,0.012772399932146072,,,,217.0201
362,0.012752913869917393,,,,217.5931
363,0.01273331232368946,,,,218.1661
364,0.01271359995007515,,,,218.7384
365,0.012693766504526138,,,,219.3612
366,0.012673820368945599,,,,219.9469
367,0.012653748504817486,,,,220.5171
368,0.012633560225367546,,,,221.089
369,0.012613276019692421,,,,221.6768
370,0.012592852115631104,,,,222.2313
371,0.012572349049150944,,,,222.8143
372,0.012551723048090935,,,,223.4061
373,0.012530967593193054,,,,223.9693
374,0.012510129250586033,,,,224.5596
375,0.01248917169868946,,,,225.1023
376,0.012468096800148487,,,,225.6818
377,0.012446923181414604,,,,226.2379
378,0.012425645254552364,,,,226.8109
379,0.012404268607497215,,,,227.4073
380,0.01238277554512024,,,,228.0465
381,0.012361196801066399,,,,228.6246
382,0.012339496053755283,,,,229.1798
383,0.0123177170753479,,,,229.7509
384,0.012295819818973541,,,,230.3018
385,0.012273845262825489,,,,230.8916
386,0.01225176453590393,,,,231.4685
387,0.012229603715240955,,,,232.0758
388,0.012207348830997944,,,,232.6548
389,0.012185003608465195,,,,233.1922
390,0.01216256432235241,,,,233.785
391,0.012140043079853058,,,,234.3874
392,0.012117438018321991,,,,234.94
393,0.012094741687178612,,,,235.489
394,0.012071975506842136,,,,236.0491
395,0.012049130164086819,,,,236.6501
396,0.012026206590235233,,,,237.1969
397,0.012003209441900253,,,,237.7321
398,0.011980148032307625,,,,238.2862
399,0.011957001872360706,,,,238.8395
400,0.01193378958851099,0.9577991366386414,1.1847364902496338,0.0506,239.4393
401,0.011910519562661648,,,,239.9859
402,0.011887171305716038,,,,240.5281
403,0.01186377089470625,,,,241.102
404,0.011840322986245155,,,,241.7245
405,0.011816789396107197,,,,242.294
406,0.011793224141001701,,,,242.8347
407,0.011769572272896767,,,,243.4184
408,0.011745904572308064,,,,244.0364
409,0.011722159571945667,,,,244.607
410,0.011698388494551182,,,,245.1876
411,0.011674569919705391,,,,246.0085
412,0.011650708504021168,,,,246.708
413,0.011626806110143661,,,,247.3456
414,0.01160285621881485,,,,248.0253
415,0.01157887652516365,,,,248.6734
416,0.011554856784641743,,,,249.4858
417,0.011530807241797447,,,,250.3956
418,0.011506723240017891,,,,251.2703
419,0.011482625268399715,,,,252.0169
420,0.011458494700491428,,,,252.6731
421,0.011434332467615604,,,,253.4042
422,0.011410152539610863,,,,254.0889
423,0.011385956779122353,,,,254.8247
424,0.011361747048795223,,,,255.5035
425,0.011337504722177982,,,,256.1874
426,0.011313240975141525,,,,256.8581
427,0.011288991197943687,,,,257.52
428,0.011264721862971783,,,,258.1902
429,0.011240441352128983,,,,258.9028
430,0.011216158047318459,,,,259.6128
431,0.01119187567383051,,,,260.3329
432,0.011167588643729687,,,,261.0145
433,0.011143294163048267,,,,261.6612
434,0.011118996888399124,,,,262.301
435,0.011094712652266026,,,,262.9695
436,0.011070428416132927,,,,263.6678
437,0.011046145111322403,,,,264.3754
438,0.011021872982382774,,,,264.9993
439,0.010997620411217213,,,,265.6245
440,0.010973367840051651,,,,266.2775
441,0.01094913762062788,,,,266.9216
442,0.01092490553855896,,,,267.5299
443,0.010900702327489853,,,,268.0984
444,0.010876511223614216,,,,268.6518
445,0.010852343402802944,,,,269.236
446,0.010828198865056038,,,,269.7953
447,0.010804067365825176,,,,270.348
448,0.0107799731194973,,,,270.9148
449,0.010755895636975765,,,,271.4735
450,0.01073183212429285,,,,272.0275
451,0.010707818903028965,,,,272.5762
452,0.010683814994990826,,,,273.1384
453,0.010659857653081417,,,,273.6987
454,0.01063592080026865,,,,274.2772
455,0.010612028650939465,,,,274.8673
456,0.010588165372610092,,,,275.4359
457,0.010564328171312809,,,,275.9963
458,0.01054054219275713,,,,276.5954
459,0.010516793467104435,,,,277.1478
460,0.010493076406419277,,,,277.6951
461,0.010469414293766022,,,,278.2543
462,0.010445788502693176,,,,278.7972
463,0.01042219903320074,,,,279.3981
464,0.010398649610579014,,,,280.0349
465,0.010375156067311764,,,,280.6032
466,0.010351713746786118,,,,281.2095
467,0.010328317992389202,,,,281.7948
468,0.010304959490895271,,,,282.374
469,0.010281667113304138,,,,282.9465
470,0.010258416645228863,,,,283.5021
471,0.010235208086669445,,,,284.0676
472,0.010212074965238571,,,,284.6526
473,0.01018898468464613,,,,285.2171
474,0.010165955871343613,,,,285.8039
475,0.010142977349460125,,,,286.3674
476,0.010120060294866562,,,,286.9802
477,0.010097194463014603,,,,287.5325
478,0.01007439848035574,,,,288.1186
479,0.010051654651761055,,,,288.6681
480,0.010028991848230362,,,,289.3126
481,0.010006368160247803,,,,289.8801
482,0.009983809664845467,,,,290.4647
483,0.00996132381260395,,,,291.0288
484,0.009938889183104038,,,,291.599
485,0.009916525334119797,,,,292.1717
486,0.009894238784909248,,,,292.7397
487,0.0098720146343112,,,,293.295
488,0.009849860332906246,,,,293.8626
489,0.009827756322920322,,,,294.4523
490,0.009805724956095219,,,,295.0087
491,0.00978376716375351,,,,295.5567
492,0.009761895053088665,,,,296.1609
493,0.00974007323384285,,,,296.7244
494,0.009718329645693302,,,,297.2724
495,0.009696663357317448,,,,297.9034
496,0.009675053879618645,,,,298.4864
497,0.009653527289628983,,,,299.0454
498,0.009632070548832417,,,,299.6286
499,0.00961068831384182,,,,300.1874
500,0.009589371271431446,0.7631233930587769,1.0352721214294434,0.044,300.7998
501,0.00956813432276249,,,,301.4126
502,0.009546971879899502,,,,301.9884
503,0.00952589325606823,,,,302.558
504,0.009504870511591434,,,,303.1461
505,0.00948392879217863,,,,303.7123
506,0.00946306437253952,,,,304.2944
507,0.009442280046641827,,,,304.8656
508,0.009421562775969505,,,,305.4501
509,0.009400926530361176,,,,306.0266
510,0.009380358271300793,,,,306.6316
511,0.009359857998788357,,,,307.2308
512,0.009339448995888233,,,,307.8163
513,0.009319109842181206,,,,308.4623
514,0.009298841468989849,,,,309.0565
515,0.00927864108234644,,,,309.6202
516,0.009258548729121685,,,,310.1822
517,0.009238491766154766,,,,310.7753
518,0.009218527935445309,,,,311.3767
519,0.009198636747896671,,,,311.9415
520,0.00917881727218628,,,,312.5275
521,0.009159072302281857,,,,313.0937
522,0.00913940742611885,,,,313.6463
523,0.009119812399148941,,,,314.2284
524,0.009100278839468956,,,,314.7839
525,0.009080825373530388,,,,315.3499
526,0.009061436168849468,,,,315.9373
527,0.009042138233780861,,,,316.4989
528,0.009022893384099007,,,,317.1094
529,0.009003734216094017,,,,317.7078
530,0.008984633721411228,,,,318.2735
531,0.00896561611443758,,,,318.8435
532,0.008946669287979603,,,,319.3925
533,0.008927782066166401,,,,319.9466
534,0.008908982388675213,,,,320.5107
535,0.008890221826732159,,,,321.06
536,0.008871544152498245,,,,321.6788
537,0.00885294284671545,,,,322.2598
538,0.008834403939545155,,,,322.8278
539,0.008815933018922806,,,,323.3909
540,0.008797521702945232,,,,324.0356
541,0.008779178373515606,,,,324.6342
542,0.008760918863117695,,,,325.1889
543,0.008742698468267918,,,,325.7476
544,0.008724557235836983,,,,326.326
545,0.008706486783921719,,,,326.9046
546,0.008688477799296379,,,,327.4702
547,0.00867051538079977,,,,328.0601
548,0.008652636781334877,,,,328.6224
549,0.008634814992547035,,,,329.1915
550,0.00861704908311367,,,,329.7547
551,0.008599348366260529,,,,330.3332
552,0.008581717498600483,,,,330.8843
553,0.008564126677811146,,,,331.4798
554,0.008546614088118076,,,,332.0659
555,0.008529149927198887,,,,332.6903
556,0.008511755615472794,,,,333.2593
557,0.008494420908391476,,,,333.837
558,0.008477135561406612,,,,334.4205
559,0.008459920063614845,,,,334.9847
560,0.008442751131951809,,,,335.5882
561,0.008425641804933548,,,,336.1765
562,0.008408598601818085,,,,336.7434
563,0.008391598239541054,,,,337.2815
564,0.00837466586381197,,,,337.837
565,0.00835778284817934,,,,338.4493
566,0.008340952917933464,,,,339.1554
567,0.00832418818026781,,,,339.7693
568,0.008307459764182568,,,,340.3229
569,0.008290792815387249,,,,340.9028
570,0.008274178020656109,,,,341.4843
571,0.008257626555860043,,,,342.143
572,0.00824111420661211,,,,342.7026
573,0.008224657736718655,,,,343.3265
574,0.008208260871469975,,,,343.8886
575,0.00819189753383398,,,,344.447
576,0.008175601251423359,,,,345.026
577,0.008159348741173744,,,,345.61
578,0.008143146522343159,,,,346.2015
579,0.008126997388899326,,,,346.8147
580,0.00811089389026165,,,,347.4068
581,0.00809483788907528,,,,348.0507
582,0.008078819140791893,,,,348.6731
583,0.008062868379056454,,,,349.2896
584,0.008046950213611126,,,,349.8671
585,0.008031089790165424,,,,350.4505
586,0.008015264756977558,,,,351.0227
587,0.007999486289918423,,,,351.6076
588,0.007983763702213764,,,,352.1904
589,0.007968073710799217,,,,352.7624
590,0.007952436804771423,,,,353.3278
591,0.007936841808259487,,,,353.9935
592,0.007921293377876282,,,,354.5919
593,0.007905779406428337,,,,355.2178
594,0.007890310138463974,,,,355.835
595,0.007874886505305767,,,,356.4068
596,0.007859502919018269,,,,357.0434
597,0.007844164036214352,,,,357.6405
598,0.007828861474990845,,,,358.1903
599,0.007813602685928345,,,,358.7717
600,0.0077983844093978405,0.7304931879043579,1.0030035972595215,0.0488,359.4167
601,0.007783195003867149,,,,359.9645
602,0.0077680544927716255,,,,360.5287
603,0.007752955891191959,,,,361.1565
604,0.007737895008176565,,,,361.7248
605,0.007722857873886824,,,,362.3455
606,0.007707864511758089,,,,362.9386
607,0.0076929135248064995,,,,363.4921
608,0.00767799885943532,,,,364.0938
609,0.0076631177216768265,,,,364.6627
610,0.007648267317563295,,,,365.2371
611,0.007633466273546219,,,,365.7991
612,0.007618687115609646,,,,366.4287
613,0.007603947073221207,,,,366.9947
614,0.007589235436171293,,,,367.5726
615,0.0075745671056210995,,,,368.2035
616,0.007559925317764282,,,,368.8073
617,0.0075453114695847034,,,,369.4066
618,0.007530746981501579,,,,369.9977
619,0.007516201119869947,,,,370.5788
620,0.007501691579818726,,,,371.3131
621,0.0074872178956866264,,,,371.9247
622,0.007472767494618893,,,,372.4924
623,0.007458355277776718,,,,373.0797
624,0.007443962153047323,,,,373.7011
625,0.007429611403495073,,,,374.2603
626,0.007415283005684614,,,,374.8452
627,0.007400987204164267,,,,375.4262
628,0.007386721204966307,,,,375.9916
629,0.0073724850080907345,,,,376.5657
630,0.0073582748882472515,,,,377.1239
631,0.0073441010899841785,,,,377.6964
632,0.007329955697059631,,,,378.267
633,0.00731581961736083,,,,378.8552
634,0.007301725912839174,,,,379.4536
635,0.007287654560059309,,,,380.0902
636,0.007273626513779163,,,,380.6922
637,0.00725960498675704,,,,381.2713
638,0.007245614659041166,,,,381.8518
639,0.007231664378196001,,,,382.4221
640,0.007217724341899157,,,,383.0114
641,0.007203823421150446,,,,383.5964
642,0.007189944386482239,,,,384.283
643,0.007176089566200972,,,,385.0618
644,0.007162266876548529,,,,385.6865
645,0.0071484544314444065,,,,386.2756
646,0.007134678773581982,,,,386.8506
647,0.007120927795767784,,,,387.4351
648,0.007107200101017952,,,,388.0127
649,0.007093500345945358,,,,388.5812
650,0.007079824339598417,,,,389.1515
651,0.007066173944622278,,,,389.7444
652,0.007052551954984665,,,,390.3215
653,0.007038956042379141,,,,390.8808
654,0.007025375962257385,,,,391.4348
655,0.007011824753135443,,,,391.9806
656,0.00699830474331975,,,,392.5604
657,0.006984801962971687,,,,393.1458
658,0.006971324793994427,,,,393.7469
659,0.006957876496016979,,,,394.3028
660,0.006944445427507162,,,,394.9559
661,0.006931042764335871,,,,395.5749
662,0.006917661055922508,,,,396.1591
663,0.006904310081154108,,,,396.7217
664,0.006890987511724234,,,,397.3126
665,0.006877678446471691,,,,397.8824
666,0.006864392664283514,,,,398.4845
667,0.006851142272353172,,,,399.0937
668,0.006837900727987289,,,,399.6601
669,0.006824698764830828,,,,400.2272
670,0.006811510771512985,,,,400.8257
671,0.006798348855227232,,,,401.4162
672,0.006785208359360695,,,,401.9814
673,0.006772106047719717,,,,402.5909
674,0.006759020499885082,,,,403.201
675,0.006745952647179365,,,,403.8205
676,0.006732922047376633,,,,404.3815
677,0.006719907280057669,,,,404.976
678,0.006706912070512772,,,,405.5472
679,0.00669395737349987,,,,406.1986
680,0.006681014318019152,,,,406.7757
681,0.006668101996183395,,,,407.3337
682,0.006655201315879822,,,,407.8967
683,0.006642346270382404,,,,408.4619
684,0.006629503797739744,,,,409.0392
685,0.006616683676838875,,,,409.6288
686,0.006603897549211979,,,,410.1971
687,0.006591127719730139,,,,410.7952
688,0.006578381173312664,,,,411.3863
689,0.006565663497895002,,,,412.0261
690,0.006552977953106165,,,,412.6187
691,0.006540315691381693,,,,413.2545
692,0.00652767438441515,,,,413.8816
693,0.006515056826174259,,,,414.4895
694,0.006502476055175066,,,,415.0828
695,0.006489905528724194,,,,415.6555
696,0.006477378308773041,,,,416.2848
697,0.006464865989983082,,,,416.8963
698,0.006452382542192936,,,,417.5325
699,0.006439920514822006,,,,418.144
700,0.006427492015063763,0.7093713879585266,0.9551901817321777,0.0532,418.763
701,0.00641509098932147,,,,419.3302
702,0.00640270859003067,,,,419.8785
703,0.006390366703271866,,,,420.4707
704,0.006378031335771084,,,,421.0708
705,0.006365736946463585,,,,421.6233
706,0.006353464443236589,,,,422.2032
707,0.006341220811009407,,,,422.7775
708,0.006329006049782038,,,,423.3509
709,0.006316825281828642,,,,423.9144
710,0.006304665934294462,,,,424.4656
711,0.0062925368547439575,,,,425.044
712,0.006280426401644945,,,,425.5962
713,0.006268349941819906,,,,426.1683
714,0.0062563116662204266,,,,426.7651
715,0.006244293879717588,,,,427.3446
716,0.006232305429875851,,,,427.916
717,0.006220338400453329,,,,428.5045
718,0.006208410486578941,,,,429.1615
719,0.006196522619575262,,,,429.8165
720,0.006184642668813467,,,,430.4234
721,0.006172806490212679,,,,431.0189
722,0.006160988938063383,,,,431.9748
723,0.006149202585220337,,,,432.5798
724,0.006137462332844734,,,,433.2254
725,0.006125740706920624,,,,433.8462
726,0.0061140526086091995,,,,434.4525
727,0.00610239477828145,,,,435.0709
728,0.006090767681598663,,,,435.672
729,0.006079171784222126,,,,436.3789
730,0.0060676089487969875,,,,437.0648
731,0.006056076381355524,,,,437.6417
732,0.006044571753591299,,,,438.2316
733,0.0060331132262945175,,,,438.817
734,0.006021666806191206,,,,439.3577
735,0.006010270211845636,,,,439.9299
736,0.0059989020228385925,,,,440.5063
737,0.005987559910863638,,,,441.1331
738,0.005976262968033552,,,,441.7149
739,0.005964988376945257,,,,442.312
740,0.005953746382147074,,,,442.9245
741,0.005942545831203461,,,,443.5028
742,0.005931369494646788,,,,444.1242
743,0.005920237861573696,,,,444.7407
744,0.0059091271832585335,,,,445.39
745,0.005898067727684975,,,,445.9935
746,0.0058870394714176655,,,,446.6507
747,0.0058760326355695724,,,,447.2625
748,0.005865079816430807,,,,447.8809
749,0.005854152608662844,,,,448.4785
750,0.005843254271894693,,,,449.0647
751,0.0058323973789811134,,,,449.7504
752,0.005821579601615667,,,,450.6558
753,0.005810802802443504,,,,451.5554
754,0.005800050217658281,,,,452.3128
755,0.005789330694824457,,,,453.0719
756,0.005778665188699961,,,,453.752
757,0.005768017377704382,,,,454.3897
758,0.005757423117756844,,,,455.0342
759,0.005746853072196245,,,,455.7788
760,0.005736323073506355,,,,456.4558
761,0.005725832190364599,,,,457.1145
762,0.005715380422770977,,,,457.7036
763,0.005704967305064201,,,,458.3253
764,0.005694590508937836,,,,458.966
765,0.00568423792719841,,,,459.5963
766,0.005673942156136036,,,,460.2633
767,0.005663677118718624,,,,460.8616
768,0.0056534577161073685,,,,461.4937
769,0.005643263924866915,,,,462.1605
770,0.005633115768432617,,,,463.0572
771,0.005623006261885166,,,,463.7605
772,0.00561292702332139,,,,464.4985
773,0.005602892488241196,,,,465.2589
774,0.0055929021909832954,,,,465.9432
775,0.005582952406257391,,,,466.6073
776,0.005573038477450609,,,,467.2907
777,0.005563156679272652,,,,467.9901
778,0.005553316790610552,,,,468.7075
779,0.005543524399399757,,,,469.3732
780,0.005533760413527489,,,,469.9737
781,0.005524042993783951,,,,470.5876
782,0.005514367483556271,,,,471.1758
783,0.0055047208443284035,,,,471.8064
784,0.005495117045938969,,,,472.4196
785,0.005485558416694403,,,,473.022
786,0.005476030521094799,,,,473.5982
787,0.005466556176543236,,,,474.2287
788,0.005457117687910795,,,,474.8255
789,0.005447707138955593,,,,475.4023
790,0.005438350141048431,,,,475.9697
791,0.005429023876786232,,,,476.5605
792,0.005419739987701178,,,,477.436
793,0.005410497542470694,,,,478.2444
794,0.005401295609772205,,,,478.9815
795,0.005392128136008978,,,,479.7742
796,0.00538300396874547,,,,480.4698
797,0.005373925436288118,,,,481.2053
798,0.005364883225411177,,,,481.9229
799,0.005355870816856623,,,,482.6229
800,0.005346906837075949,0.6160892248153687,0.8001168966293335,0.0886,483.4055
801,0.005337984301149845,,,,484.0018
802,0.0053290920332074165,,,,484.6863
803,0.0053202491253614426,,,,485.2797
804,0.005311446264386177,,,,485.8441
805,0.005302672274410725,,,,486.508
806,0.005293952766805887,,,,487.1257
807,0.0052852570079267025,,,,487.7655
808,0.005276612471789122,,,,488.7577
809,0.005267999600619078,,,,489.5753
810,0.005259424913674593,,,,490.2674
811,0.005250895861536264,,,,490.9915
812,0.005242399405688047,,,,491.6577
813,0.005233933217823505,,,,492.3568
814,0.005225526634603739,,,,493.0284
815,0.0052171433344483376,,,,493.7201
816,0.0052088103257119656,,,,494.4522
817,0.005200494546443224,,,,495.0545
818,0.0051922425627708435,,,,495.6688
819,0.00518401712179184,,,,496.2663
820,0.00517582893371582,,,,496.8516
821,0.005167667288333178,,,,497.4838
822,0.0051595596596598625,,,,498.2077
823,0.0051514809019863605,,,,498.8043
824,0.005143448710441589,,,,499.4579
825,0.005135445389896631,,,,500.3419
826,0.005127476528286934,,,,501.1295
827,0.005119551904499531,,,,501.9032
828,0.005111650563776493,,,,502.6663
829,0.005103806499391794,,,,503.3769
830,0.00509598245844245,,,,504.1212
831,0.0050882031209766865,,,,504.7869
832,0.005080455914139748,,,,505.4623
833,0.005072743631899357,,,,506.12
834,0.005065063014626503,,,,506.8279
835,0.0050574177876114845,,,,507.4177
836,0.0050498140044510365,,,,508.0271
837,0.0050422437489032745,,,,508.7146
838,0.005034703761339188,,,,509.3896
839,0.005027199629694223,,,,510.0047
840,0.005019740201532841,,,,510.605
841,0.005012298468500376,,,,511.232
842,0.005004899110645056,,,,511.996
843,0.004997531417757273,,,,512.7574
844,0.004990197252482176,,,,513.5741
845,0.004982895217835903,,,,514.3539
846,0.004975625779479742,,,,515.1022
847,0.004968392197042704,,,,515.7877
848,0.004961194470524788,,,,516.4693
849,0.004954016301780939,,,,517.1469
850,0.004946873057633638,,,,517.8175
851,0.00493976753205061,,,,518.4623
852,0.00493269320577383,,,,519.1136
853,0.004925648216158152,,,,519.7167
854,0.004918637219816446,,,,520.3175
855,0.004911647643893957,,,,520.9248
856,0.0049047041684389114,,,,521.5604
857,0.004897779785096645,,,,522.2296
858,0.004890886601060629,,,,522.8505
859,0.004884016700088978,,,,523.4249
860,0.004877191502600908,,,,524.0627
861,0.00487037468701601,,,,524.6488
862,0.0048636035062372684,,,,525.2428
863,0.004856860730797052,,,,525.8185
864,0.004850147292017937,,,,526.4406
865,0.004843452945351601,,,,527.0804
866,0.004836794454604387,,,,527.8922
867,0.004830156918615103,,,,528.7825
868,0.004823546390980482,,,,529.596
869,0.004816972650587559,,,,530.3727
870,0.004810419399291277,,,,531.0998
871,0.004803896881639957,,,,531.8831
872,0.004797402303665876,,,,532.5743
873,0.004790925886482,,,,533.2428
874,0.004784482065588236,,,,534.0194
875,0.004778058733791113,,,,534.7555
876,0.004771667066961527,,,,535.44
877,0.004765303339809179,,,,536.0577
878,0.0047589554451406,,,,536.657
879,0.004752641543745995,,,,537.2566
880,0.004746342543512583,,,,537.9297
881,0.004740079864859581,,,,538.5971
882,0.004733831621706486,,,,539.2038
883,0.004727608058601618,,,,539.8011
884,0.00472141383215785,,,,540.3859
885,0.0047152419574558735,,,,540.9745
886,0.004709085449576378,,,,541.569
887,0.004702962003648281,,,,542.1699
888,0.0046968525275588036,,,,542.7926
889,0.004690777510404587,,,,543.3953
890,0.0046847169287502766,,,,544.0403
891,0.004678674507886171,,,,544.6467
892,0.004672662820667028,,,,545.2679
893,0.004666672088205814,,,,545.8655
894,0.004660692531615496,,,,546.4643
895,0.004654746502637863,,,,547.0708
896,0.004648810252547264,,,,547.6952
897,0.004642906598746777,,,,548.2888
898,0.0046370201744139194,,,,548.9306
899,0.004631146788597107,,,,549.5671
900,0.004625310190021992,0.5349281430244446,0.6671704053878784,0.0669,550.231
901,0.004619474522769451,,,,550.8424
902,0.0046136644668877125,,,,551.4449
903,0.004607882350683212,,,,552.0537
904,0.004602112341672182,,,,552.697
905,0.004596362821757793,,,,553.2781
906,0.004590634722262621,,,,553.8986
907,0.004584922455251217,,,,554.4714
908,0.004579231608659029,,,,555.0685
909,0.0045735519379377365,,,,555.6587
910,0.004567902535200119,,,,556.2719
911,0.004562263377010822,,,,556.8771
912,0.0045566437765955925,,,,557.4926
913,0.004551040008664131,,,,558.1868
914,0.004545459058135748,,,,558.9932
915,0.004539888817816973,,,,559.5913
916,0.004534339066594839,,,,560.207
917,0.004528806544840336,,,,560.8033
918,0.004523288458585739,,,,561.4175
919,0.004517790395766497,,,,562.0397
920,0.004512310028076172,,,,562.6979
921,0.004506842233240604,,,,563.3016
922,0.004501394461840391,,,,563.9949
923,0.004495958331972361,,,,564.5977
924,0.004490543622523546,,,,565.2324
925,0.004485139157623053,,,,565.8427
926,0.00447975704446435,,,,566.4434
927,0.00447438471019268,,,,567.071
928,0.0044690282084047794,,,,567.6864
929,0.004463682882487774,,,,568.2912
930,0.0044583589769899845,,,,568.9509
931,0.004453047178685665,,,,569.5455
932,0.00444775028154254,,,,570.1369
933,0.004442465491592884,,,,570.7164
934,0.004437197931110859,,,,571.3111
935,0.004431949928402901,,,,571.9207
936,0.0044267144985497,,,,572.5129
937,0.004421481397002935,,,,573.1755
938,0.004416267387568951,,,,573.8071
939,0.004411078058183193,,,,574.3819
940,0.004405885469168425,,,,574.999
941,0.0044007147662341595,,,,575.5725
942,0.0043955654837191105,,,,576.1678
943,0.004390417598187923,,,,576.7562
944,0.004385289736092091,,,,577.3766
945,0.004380174446851015,,,,578.0634
946,0.004375068936496973,,,,578.7329
947,0.00436997227370739,,,,579.4424
948,0.004364902153611183,,,,580.0937
949,0.004359826445579529,,,,580.6869
950,0.004354770760983229,,,,581.286
951,0.004349729046225548,,,,581.8896
952,0.004344701301306486,,,,582.5119
953,0.00433968473225832,,,,583.2275
954,0.00433468259871006,,,,583.8613
955,0.004329685587435961,,,,584.5091
956,0.004324696958065033,,,,585.393
957,0.004319727886468172,,,,585.9893
958,0.004314768593758345,,,,586.6204
959,0.004309816285967827,,,,587.2185
960,0.004304892383515835,,,,587.8574
961,0.0042999619618058205,,,,588.5116
962,0.004295046906918287,,,,589.1434
963,0.004290144890546799,,,,589.7521
964,0.004285251721739769,,,,590.3404
965,0.004280376713722944,,,,590.9043
966,0.004275502637028694,,,,591.5106
967,0.004270642995834351,,,,592.1408
968,0.004265791270881891,,,,592.7504
969,0.0042609586380422115,,,,593.3861
970,0.004256128333508968,,,,594.024
971,0.004251311533153057,,,,594.6421
972,0.0042465017177164555,,,,595.2227
973,0.004241712391376495,,,,595.8338
974,0.004236919339746237,,,,596.4425
975,0.00423214677721262,,,,597.0507
976,0.004227378871291876,,,,597.6336
977,0.004222624469548464,,,,598.3926
978,0.004217873327434063,,,,599.1445
979,0.004213142674416304,,,,599.844
980,0.004208406433463097,,,,600.5321
981,0.004203691612929106,,,,601.2757
982,0.004198983311653137,,,,601.9794
983,0.004194287117570639,,,,602.6147
984,0.004189599305391312,,,,603.275
985,0.004184919409453869,,,,603.9784
986,0.004180252086371183,,,,604.6789
987,0.004175589885562658,,,,605.3579
988,0.004170945379883051,,,,606.0296
989,0.004166297614574432,,,,606.7797
990,0.004161661956459284,,,,607.53
991,0.0041570342145860195,,,,608.2497
992,0.004152419976890087,,,,609.0529
993,0.004147819709032774,,,,609.8051
994,0.0041432129219174385,,,,610.5183
995,0.00413862569257617,,,,611.2707
996,0.004134043585509062,,,,611.9456
997,0.004129467066377401,,,,612.6869
998,0.004124907311052084,,,,613.4809
999,0.004120353609323502,,,,614.1848
1000,0.00411580502986908,0.5105950236320496,0.6204342842102051,0.0706,614.9699
1001,0.004111272748559713,,,,615.6982
1002,0.004106734413653612,,,,616.4737
1003,0.0041022165678441525,,,,617.2313
1004,0.004097695928066969,,,,618.0815
1005,0.004093194380402565,,,,618.9609
1006,0.004088703542947769,,,,619.6771
1007,0.004084212705492973,,,,620.393
1008,0.004079731646925211,,,,621.1001
1009,0.004075261298567057,,,,621.7205
1010,0.0040707942098379135,,,,622.3951
1011,0.00406632898375392,,,,622.9889
1012,0.004061889369040728,,,,623.578
1013,0.004057444166392088,,,,624.201
1014,0.0040530129335820675,,,,624.8038
1015,0.00404858123511076,,,,625.3865
1016,0.004044160712510347,,,,625.967
1017,0.0040397546254098415,,,,626.5717
1018,0.004035355523228645,,,,627.1565
1019,0.004030957818031311,,,,627.8314
1020,0.004026567097753286,,,,628.4465
1021,0.0040221866220235825,,,,629.0451
1022,0.004017820581793785,,,,629.7796
1023,0.004013455472886562,,,,630.7317
1024,0.004009090829640627,,,,631.4842
1025,0.004004741553217173,,,,632.2393
1026,0.004000396002084017,,,,633.0269
1027,0.003996063489466906,,,,633.6898
1028,0.003991732373833656,,,,634.3657
1029,0.003987405449151993,,,,635.0552
1030,0.003983095288276672,,,,635.7437
1031,0.003978779073804617,,,,636.4489
1032,0.003974485211074352,,,,637.1113
1033,0.003970196470618248,,,,637.8621
1034,0.003965903073549271,,,,638.5716
1035,0.003961621318012476,,,,639.3156
1036,0.003957339096814394,,,,640.2129
1037,0.0039530787616968155,,,,641.0358
1038,0.003948826342821121,,,,641.805
1039,0.0039445688016712666,,,,642.6968
1040,0.003940322902053595,,,,643.4097
1041,0.003936087712645531,,,,644.1541
1042,0.003931853454560041,,,,644.83
1043,0.003927622921764851,,,,645.4436
1044,0.003923404961824417,,,,646.0584
1045,0.003919191192835569,,,,646.693
1046,0.003914989065378904,,,,647.3013
1047,0.003910787869244814,,,,647.9211
1048,0.0039065927267074585,,,,648.5373
1049,0.003902407828718424,,,,649.1413
1050,0.0038982259575277567,,,,649.7499
1051,0.0038940540980547667,,,,650.3705
1052,0.0038898864295333624,,,,650.9875
1053,0.003885726211592555,,,,651.5961
1054,0.0038815652951598167,,,,652.2037
1055,0.0038774199783802032,,,,652.8199
1056,0.003873278386890888,,,,653.4789
1057,0.0038691379595547915,,,,654.294
1058,0.0038650231435894966,,,,655.0396
1059,0.003860889235511422,,,,655.6959
1060,0.003856779308989644,,,,656.3488
1061,0.003852664725854993,,,,656.9735
1062,0.0038485608529299498,,,,657.592
1063,0.0038444639649242163,,,,658.191
1064,0.003840365679934621,,,,658.8692
1065,0.003836281131953001,,,,659.4972
1066,0.0038322117179632187,,,,660.1094
1067,0.0038281355518847704,,,,660.7119
1068,0.0038240570574998856,,,,661.2979
1069,0.003820002544671297,,,,661.8838
1070,0.003815936855971813,,,,662.4815
1071,0.0038118914235383272,,,,663.1633
1072,0.003807846689596772,,,,663.9294
1073,0.0038037970662117004,,,,664.5507
1074,0.0037997723557054996,,,,665.2685
1075,0.0037957432214170694,,,,666.1035
1076,0.0037917287554591894,,,,666.8603
1077,0.0037877149879932404,,,,667.5996
1078,0.0037837012205272913,,,,668.4108
1079,0.0037796986289322376,,,,669.2253
1080,0.0037757018581032753,,,,670.0942
1081,0.0037717055529356003,,,,670.843
1082,0.003767718793824315,,,,671.5784
1083,0.003763744840398431,,,,672.732
1084,0.0037597615737468004,,,,673.6405
1085,0.0037557967007160187,,,,674.4078
1086,0.003751835087314248,,,,675.1491
1087,0.0037478681188076735,,,,675.7775
1088,0.0037439169827848673,,,,676.4346
1089,0.003739970037713647,,,,677.1309
1090,0.0037360331043601036,,,,677.7458
1091,0.003732089651748538,,,,678.3996
1092,0.0037281729746609926,,,,679.0247
1093,0.0037242413964122534,,,,679.6129
1094,0.0037203263491392136,,,,680.2202
1095,0.0037164073437452316,,,,680.8201
1096,0.003712501609697938,,,,681.4453
1097,0.0037085965741425753,,,,682.1018
1098,0.003704699221998453,,,,682.7833
1099,0.0037008055951446295,,,,683.4533
1100,0.0036969142965972424,0.5083578824996948,0.6074935793876648,0.0876,684.5037
1101,0.0036930390633642673,,,,685.3125
1102,0.003689158009365201,,,,686.0899
1103,0.0036852899938821793,,,,686.867
1104,0.0036814319901168346,,,,687.6286
1105,0.0036775683984160423,,,,688.444
1106,0.0036737164482474327,,,,689.1831
1107,0.003669862635433674,,,,689.8907
1108,0.0036660186015069485,,,,690.571
1109,0.0036621815524995327,,,,691.3089
1110,0.0036583475302904844,,,,691.9883
1111,0.003654517000541091,,,,692.6292
1112,0.003650692291557789,,,,693.334
1113,0.0036468759644776583,,,,693.9916
1114,0.003643067553639412,,,,694.6583
1115,0.0036392586771398783,,,,695.4032
1116,0.0036354498006403446,,,,696.1207
1117,0.0036316614132374525,,,,696.7767
1118,0.003627869300544262,,,,697.4249
1119,0.003624076722189784,,,,698.2692
1120,0.0036202939227223396,,,,699.0506
1121,0.0036165183410048485,,,,699.953
1122,0.003612752538174391,,,,700.7454
1123,0.0036089809145778418,,,,701.4812
1124,0.0036052216310054064,,,,702.3507
1125,0.0036014632787555456,,,,703.0954
1126,0.0035977144725620747,,,,704.0058
1127,0.003593969391658902,,,,704.7118
1128,0.0035902252420783043,,,,705.4125
1129,0.0035864897072315216,,,,706.0995
1130,0.0035827571991831064,,,,706.8179
1131,0.00357903097756207,,,,707.5914
1132,0.0035753040574491024,,,,708.3059
1133,0.003571596695110202,,,,709.036
1134,0.0035678816493600607,,,,709.9062
1135,0.003564181737601757,,,,710.6243
1136,0.0035604757722467184,,,,711.2854
1137,0.0035567732993513346,,,,711.9307
1138,0.0035530836321413517,,,,712.5798
1139,0.0035494014155119658,,,,713.195
1140,0.0035457119811326265,,,,713.8413
1141,0.003542040241882205,,,,714.4673
1142,0.0035383645445108414,,,,715.0573
1143,0.0035347018856555223,,,,715.6553
1144,0.003531039459630847,,,,716.3047
1145,0.003527381457388401,,,,716.9313
1146,0.0035237253177911043,,,,717.5238
1147,0.0035200780257582664,,,,718.1342
1148,0.0035164335276931524,,,,718.7446
1149,0.003512792056426406,,,,719.3908
1150,0.003509163623675704,,,,720.0271
1151,0.00350553379394114,,,,720.6502
1152,0.003501907456666231,,,,721.3457
1153,0.00349828926846385,,,,721.9629
1154,0.003494676435366273,,,,722.5958
1155,0.00349105685018003,,,,723.3247
1156,0.0034874570555984974,,,,723.9317
1157,0.0034838577266782522,,,,724.5684
1158,0.0034802609588950872,,,,725.2137
1159,0.0034766693133860826,,,,725.8612
1160,0.003473088378086686,,,,726.4618
1161,0.003469491144642234,,,,727.0515
1162,0.0034659244120121002,,,,727.6368
1163,0.003462353488430381,,,,728.2522
1164,0.0034587839618325233,,,,728.8505
1165,0.003455218393355608,,,,729.4995
1166,0.003451663302257657,,,,730.098
1167,0.00344810145907104,,,,730.697
1168,0.003444558009505272,,,,731.3648
1169,0.0034410080406814814,,,,731.9694
1170,0.0034374697133898735,,,,732.5654
1171,0.0034339316189289093,,,,733.1522
1172,0.003430402372032404,,,,733.7464
1173,0.003426872892305255,,,,734.335
1174,0.0034233485348522663,,,,734.9265
1175,0.003419836051762104,,,,735.5202
1176,0.0034163189120590687,,,,736.1196
1177,0.0034128138795495033,,,,736.7219
1178,0.0034093076828867197,,,,737.3121
1179,0.0034058087039738894,,,,737.8996
1180,0.0034023120533674955,,,,738.5246
1181,0.0033988202922046185,,,,739.1396
1182,0.003395330160856247,,,,739.7698
1183,0.003391853766515851,,,,740.3587
1184,0.0033883776050060987,,,,740.9542
1185,0.0033849000465124846,,,,741.553
1186,0.00338143203407526,,,,742.1471
1187,0.0033779675140976906,,,,742.739
1188,0.0033745099790394306,,,,743.3276
1189,0.003371045459061861,,,,743.9285
1190,0.0033675970043987036,,,,744.5206
1191,0.00336415134370327,,,,745.0975
1192,0.003360711969435215,,,,745.687
1193,0.00335727259516716,,,,746.2763
1194,0.0033538343850523233,,,,746.8642
1195,0.0033504068851470947,,,,747.4328
1196,0.003346980083733797,,,,748.0071
1197,0.0033435600344091654,,,,748.5921
1198,0.0033401441760361195,,,,749.1746
1199,0.0033367401920259,,,,749.7627
1200,0.0033333278261125088,0.5111308097839355,0.6015428304672241,0.065,750.4091
1201,0.003329919185489416,,,,751.0299
1202,0.0033265207894146442,,,,751.6427
1203,0.003323123324662447,,,,752.2242
1204,0.00331973098218441,,,,752.8301
1205,0.003316350979730487,,,,753.4242
1206,0.003312965389341116,,,,754.0202
1207,0.0033095870167016983,,,,754.6097
1208,0.00330621306784451,,,,755.1934
1209,0.0033028433099389076,,,,755.7741
1210,0.0032994758803397417,,,,756.3619
1211,0.003296119626611471,,,,756.957
1212,0.003292757086455822,,,,757.5351
1213,0.0032894047908484936,,,,758.1403
1214,0.0032860590144991875,,,,758.8249
1215,0.0032827130053192377,,,,759.4671
1216,0.0032793693244457245,,,,760.0467
1217,0.0032760328613221645,,,,760.6378
1218,0.0032727073412388563,,,,761.2346
1219,0.0032693755347281694,,,,761.8227
1220,0.0032660500146448612,,,,762.4128
1221,0.0032627293840050697,,,,763.0062
1222,0.0032594087533652782,,,,763.6021
1223,0.003256101394072175,,,,764.2259
1224,0.0032527956645935774,,,,764.8046
1225,0.0032494892366230488,,,,765.373
1226,0.0032461907248944044,,,,765.956
1227,0.0032428973354399204,,,,766.5295
1228,0.0032396051101386547,,,,767.1119
1229,0.0032363166101276875,,,,767.6978
1230,0.0032330311369150877,,,,768.4548
1231,0.003229751018807292,,,,769.1153
1232,0.0032264809124171734,,,,769.6866
1233,0.0032232021912932396,,,,770.274
1234,0.0032199362758547068,,,,770.8589
1235,0.0032166745513677597,,,,771.4371
1236,0.0032134132925421,,,,772.0312
1237,0.0032101611141115427,,,,772.6172
1238,0.003206903114914894,,,,773.2124
1239,0.0032036572229117155,,,,773.7974
1240,0.0032004176173359156,,,,774.4033
1241,0.0031971766147762537,,,,774.9988
1242,0.0031939351465553045,,,,775.5811
1243,0.003190702060237527,,,,776.1708
1244,0.0031874789856374264,,,,776.7618
1245,0.003184256376698613,,,,777.3524
1246,0.003181027714163065,,,,777.9237
1247,0.003177810227498412,,,,778.4983
1248,0.0031746048480272293,,,,779.0735
1249,0.003171395743265748,,,,779.6434
1250,0.0031681894324719906,,,,780.227
1251,0.0031649854499846697,,,,780.8002
1252,0.003161786589771509,,,,781.3836
1253,0.0031585951801389456,,,,781.9807
1254,0.0031554033048450947,,,,782.5678
1255,0.0031522212084382772,,,,783.2133
1256,0.0031490358524024487,,,,783.815
1257,0.0031458567827939987,,,,784.4091
1258,0.0031426846981048584,,,,785.0013
1259,0.0031395088881254196,,,,785.5859
1260,0.003136341692879796,,,,786.1679
1261,0.003133185673505068,,,,786.7447
1262,0.00313002010807395,,,,787.3334
1263,0.0031268615275621414,,,,787.9275
1264,0.0031237134244292974,,,,788.5836
1265,0.003120565786957741,,,,789.1912
1266,0.0031174139585345984,,,,789.7767
1267,0.0031142798252403736,,,,790.3679
1268,0.0031111440621316433,,,,790.9431
1269,0.0031080017797648907,,,,791.5221
1270,0.0031048778910189867,,,,792.0981
1271,0.0031017549335956573,,,,792.6879
1272,0.0030986308120191097,,,,793.2588
1273,0.0030955029651522636,,,,793.836
1274,0.00309239374473691,,,,794.4284
1275,0.00308927777223289,,,,795.0109
1276,0.003086173441261053,,,,795.5997
1277,0.0030830635223537683,,,,796.1926
1278,0.003079966176301241,,,,796.7759
1279,0.0030768655706197023,,,,797.5583
1280,0.00307377427816391,,,,798.2217
1281,0.0030706862453371286,,,,798.8358
1282,0.0030675940215587616,,,,799.4328
1283,0.003064509015530348,,,,800.0497
1284,0.003061426104977727,,,,800.6426
1285,0.003058353438973427,,,,801.2361
1286,0.003055285895243287,,,,801.819
1287,0.003052213927730918,,,,802.4084
1288,0.0030491456855088472,,,,803.0076
1289,0.0030460814014077187,,,,803.6
1290,0.00304302922450006,,,,804.2124
1291,0.0030399702955037355,,,,804.8144
1292,0.0030369155574589968,,,,805.4059
1293,0.0030338712967932224,,,,805.9873
1294,0.0030308240093290806,,,,806.613
1295,0.0030277797486633062,,,,807.1962
1296,0.0030247459653764963,,,,807.7738
1297,0.0030217082239687443,,,,808.3552
1298,0.0030186809599399567,,,,808.9344
1299,0.0030156527645885944,,,,809.5208
1300,0.0030126268975436687,0.5054547190666199,0.5867143273353577,0.0595,810.1537
1301,0.0030096040572971106,,,,810.7513
1302,0.0030065879691392183,,,,811.4034
1303,0.0030035742092877626,,,,812.0055
1304,0.0030005625449121,,,,812.5919
1305,0.002997557632625103,,,,813.2047
1306,0.0029945503920316696,,,,813.7895
1307,0.00299154594540596,,,,814.3712
1308,0.002988551976159215,,,,814.966
1309,0.002985556609928608,,,,815.5341
1310,0.002982564503327012,,,,816.1572
1311,0.0029795817099511623,,,,816.7537
1312,0.002976594725623727,,,,817.3371
1313,0.0029736121650785208,,,,817.9194
1314,0.0029706365894526243,,,,818.5014
1315,0.002967659616842866,,,,819.0989
1316,0.00296468916349113,,,,819.6941
1317,0.002961725229397416,,,,820.2792
1318,0.0029587552417069674,,,,820.8607
1319,0.0029557948000729084,,,,821.4575
1320,0.002952838782221079,,,,822.0529
1321,0.002949880203232169,,,,822.6356
1322,0.002946927212178707,,,,823.2238
1323,0.002943984465673566,,,,823.8088
1324,0.0029410389252007008,,,,824.3896
1325,0.0029380929190665483,,,,824.9595
1326,0.0029351557604968548,,,,825.535
1327,0.0029322209302335978,,,,826.1281
1328,0.002929289359599352,,,,826.7163
1329,0.0029263559263199568,,,,827.2975
1330,0.002923432970419526,,,,827.9376
1331,0.0029205093160271645,,,,828.5236
1332,0.0029175891540944576,,,,829.119
1333,0.0029146708548069,,,,829.7825
1334,0.0029117586091160774,,,,830.3683
1335,0.0029088447336107492,,,,830.9606
1336,0.0029059427324682474,,,,831.5421
1337,0.0029030332807451487,,,,832.1291
1338,0.002900135237723589,,,,832.7318
1339,0.002897231839597225,,,,833.3161
1340,0.002894338220357895,,,,833.8987
1341,0.0028914459981024265,,,,834.4922
1342,0.002888557966798544,,,,835.0958
1343,0.0028856697026640177,,,,835.6834
1344,0.002882788423448801,,,,836.2633
1345,0.0028799038846045732,,,,836.8538
1346,0.002877031685784459,,,,837.4353
1347,0.0028741597197949886,,,,838.0132
1348,0.0028712893836200237,,,,838.6008
1349,0.002868420211598277,,,,839.1897
1350,0.0028655538335442543,,,,839.7614
1351,0.0028626935090869665,,,,840.3414
1352,0.0028598327189683914,,,,840.9162
1353,0.002856975421309471,,,,841.5038
1354,0.002854124642908573,,,,842.1062
1355,0.0028512815479189157,,,,842.7409
1356,0.0028484275098890066,,,,843.3539
1357,0.002845588605850935,,,,843.9482
1358,0.002842746442183852,,,,844.5611
1359,0.0028399056755006313,,,,845.1606
1360,0.0028370730578899384,,,,845.7479
1361,0.0028342416044324636,,,,846.336
1362,0.0028314110822975636,,,,846.9383
1363,0.002828592201694846,,,,847.524
1364,0.002825759118422866,,,,848.1347
1365,0.002822947222739458,,,,848.7352
1366,0.002820124151185155,,,,849.3381
1367,0.0028173085302114487,,,,849.9359
1368,0.0028144996613264084,,,,850.5115
1369,0.002811691490933299,,,,851.1176
1370,0.0028088800609111786,,,,851.7341
1371,0.0028060830663889647,,,,852.3319
1372,0.00280327838845551,,,,852.9847
1373,0.0028004872146993876,,,,853.7123
1374,0.002797685330733657,,,,854.3315
1375,0.002794897183775902,,,,854.9113
1376,0.002792112296447158,,,,855.4907
1377,0.0027893215883523226,,,,856.1114
1378,0.0027865462470799685,,,,856.6889
1379,0.0027837587986141443,,,,857.269
1380,0.0027809806633740664,,,,857.8637
1381,0.0027782053221017122,,,,858.4454
1382,0.002775434171780944,,,,859.027
1383,0.002772668842226267,,,,859.6067
1384,0.002769904676824808,,,,860.1932
1385,0.002767130732536316,,,,860.8
1386,0.0027643751818686724,,,,861.3726
1387,0.002761618699878454,,,,861.9687
1388,0.0027588638477027416,,,,862.5605
1389,0.0027561127208173275,,,,863.1913
1390,0.0027533613611012697,,,,863.7835
1391,0.0027506155893206596,,,,864.405
1392,0.002747870283201337,,,,865.0064
1393,0.002745128469541669,,,,865.595
1394,0.002742392010986805,,,,866.1854
1395,0.0027396581135690212,,,,866.7775
1396,0.0027369221206754446,,,,867.3761
1397,0.002734194276854396,,,,867.9701
1398,0.0027314627077430487,,,,868.5607
1399,0.002728739520534873,,,,869.1387
1400,0.0027260184288024902,0.48082709312438965,0.552946925163269,0.077,870.2958
1401,0.0027232980355620384,,,,871.2359
1402,0.0027205829974263906,,,,871.944
1403,0.0027178674936294556,,,,872.594
1404,0.0027151545509696007,,,,873.3376
1405,0.002712446032091975,,,,873.9413
1406,0.002709741238504648,,,,874.5488
1407,0.0027070350479334593,,,,875.1682
1408,0.0027043356094509363,,,,875.7687
1409,0.002701639197766781,,,,876.359
1410,0.002698940224945545,,,,876.9936
1411,0.002696244977414608,,,,877.5936
1412,0.002693563001230359,,,,878.245
1413,0.002690873807296157,,,,878.9492
1414,0.0026881853118538857,,,,879.8841
1415,0.0026855082251131535,,,,880.566
1416,0.0026828276459127665,,,,881.2679
1417,0.0026801498606801033,,,,881.913
1418,0.0026774690486490726,,,,882.6059
1419,0.002674800343811512,,,,883.3067
1420,0.0026721321046352386,,,,883.9304
1421,0.0026694671250879765,,,,884.7519
1422,0.0026668068021535873,,,,885.4974
1423,0.0026641427539288998,,,,886.2103
1424,0.0026614819653332233,,,,886.941
1425,0.002658827928826213,,,,887.5749
1426,0.002656180877238512,,,,888.1975
1427,0.0026535221841186285,,,,888.7981
1428,0.002650875598192215,,,,889.4851
1429,0.0026482229586690664,,,,890.1213
1430,0.0026455940678715706,,,,890.7244
1431,0.0026429498102515936,,,,891.3184
1432,0.002640308113768697,,,,892.0122
1433,0.0026376722380518913,,,,892.6538
1434,0.002635042881593108,,,,893.2732
1435,0.0026324160862714052,,,,893.9648
1436,0.002629783470183611,,,,894.6271
1437,0.0026271564420312643,,,,895.2354
1438,0.0026245408225804567,,,,895.8265
1439,0.002621919149532914,,,,896.428
1440,0.0026193021330982447,,,,897.0272
1441,0.0026166855823248625,,,,897.6451
1442,0.002614075317978859,,,,898.2563
1443,0.0026114622596651316,,,,898.8623
1444,0.0026088575832545757,,,,899.4643
1445,0.0026062463875859976,,,,900.0819
1446,0.0026036498602479696,,,,900.7207
1447,0.002601051237434149,,,,901.3414
1448,0.00259845401160419,,,,901.9541
1449,0.002595858182758093,,,,902.5784
1450,0.0025932660792022943,,,,903.2069
1451,0.0025906716473400593,,,,903.8132
1452,0.002588092815130949,,,,904.4303
1453,0.0025855093263089657,,,,905.0652
1454,0.002582924673333764,,,,905.7594
1455,0.002580347005277872,,,,906.3874
1456,0.0025777656119316816,,,,907.0201
1457,0.0025751921348273754,,,,907.6088
1458,0.002572619356215,,,,908.1932
1459,0.0025700521655380726,,,,908.7821
1460,0.002567482413724065,,,,909.3595
1461,0.0025649263989180326,,,,909.9329
1462,0.002562354551628232,,,,910.5121
1463,0.002559799700975418,,,,911.1598
1464,0.0025572406593710184,,,,911.7641
1465,0.002554691629484296,,,,912.3483
1466,0.0025521402712911367,,,,912.9306
1467,0.0025495856534689665,,,,913.5504
1468,0.002547039184719324,,,,914.1356
1469,0.0025444955099374056,,,,914.7565
1470,0.0025419483426958323,,,,915.3512
1471,0.00253941398113966,,,,915.9483
1472,0.0025368768256157637,,,,916.5505
1473,0.0025343429297208786,,,,917.1638
1474,0.0025318129919469357,,,,917.7932
1475,0.0025292846839874983,,,,918.4096
1476,0.0025267531163990498,,,,919.0437
1477,0.0025242259725928307,,,,919.6785
1478,0.002521708607673645,,,,920.2869
1479,0.0025191851891577244,,,,920.9133
1480,0.0025166738778352737,,,,921.5132
1481,0.0025141616351902485,,,,922.1415
1482,0.00251164473593235,,,,922.7451
1483,0.0025091341231018305,,,,923.3222
1484,0.0025066256057471037,,,,923.9268
1485,0.0025041240733116865,,,,924.5133
1486,0.0025016204454004765,,,,925.097
1487,0.0024991226382553577,,,,925.7063
1488,0.0024966218043118715,,,,926.2916
1489,0.002494126558303833,,,,926.8805
1490,0.0024916359689086676,,,,927.4721
1491,0.002489140722900629,,,,928.0555
1492,0.0024866610765457153,,,,928.6368
1493,0.0024841746781021357,,,,929.2412
1494,0.0024816892109811306,,,,929.8325
1495,0.002479204209521413,,,,930.4237
1496,0.0024767345748841763,,,,931.0249
1497,0.0024742588866502047,,,,931.6225
1498,0.002471783198416233,,,,932.2155
1499,0.0024693110026419163,,,,932.8262
1500,0.002466841833665967,0.4364356994628906,0.5004953145980835,0.0611,933.5234
1501,0.0024643850047141314,,,,934.1994
1502,0.0024619135074317455,,,,934.807
1503,0.00245945667847991,,,,935.4252
1504,0.0024569949600845575,,,,936.0192
1505,0.002454540692269802,,,,936.6252
1506,0.002452086191624403,,,,937.2078
1507,0.002449639840051532,,,,937.7979
1508,0.0024471960496157408,,,,938.3745
1509,0.002444745972752571,,,,938.9862
1510,0.002442298922687769,,,,939.5902
1511,0.0024398553650826216,,,,940.18
1512,0.002437419258058071,,,,940.7639
1513,0.002434981521219015,,,,941.3412
1514,0.0024325496051460505,,,,941.9248
1515,0.0024301197845488787,,,,942.5069
1516,0.0024276908952742815,,,,943.0926
1517,0.0024252687580883503,,,,943.6711
1518,0.002422839403152466,,,,944.2524
1519,0.002420419827103615,,,,944.8348
1520,0.00241800001822412,,,,945.4305
1521,0.0024155830033123493,,,,946.0321
1522,0.002413169713690877,,,,946.6407
1523,0.002410758752375841,,,,947.2559
1524,0.002408350817859173,,,,947.8701
1525,0.0024059435818344355,,,,948.4901
1526,0.0024035400710999966,,,,949.0999
1527,0.002401139121502638,,,,949.7063
1528,0.0023987418971955776,,,,950.3155
1529,0.002396342344582081,,,,950.9311
1530,0.0023939439561218023,,,,951.5379
1531,0.002391558140516281,,,,952.1377
1532,0.002389166271314025,,,,952.7438
1533,0.002386779524385929,,,,953.3373
1534,0.0023843981325626373,,,,953.9463
1535,0.0023820155765861273,,,,954.5425
1536,0.002379635814577341,,,,955.1531
1537,0.002377257216721773,,,,955.7441
1538,0.0023748816456645727,,,,956.4218
1539,0.00237250910140574,,,,957.0019
1540,0.00237014121375978,,,,957.6052
1541,0.0023677702993154526,,,,958.1936
1542,0.002365411724895239,,,,958.7833
1543,0.0023630510549992323,,,,959.3734
1544,0.002360688988119364,,,,959.9693
1545,0.0023583327420055866,,,,960.5573
1546,0.0023559737019240856,,,,961.1616
1547,0.0023536253720521927,,,,961.773
1548,0.0023512709885835648,,,,962.3644
1549,0.0023489296436309814,,,,962.9513
1550,0.002346588298678398,,,,963.5319
1551,0.00234424090012908,,,,964.1241
1552,0.0023419035132974386,,,,964.7171
1553,0.0023395654279738665,,,,965.3129
1554,0.002337232930585742,,,,966.0078
1555,0.002334900666028261,,,,966.6134
1556,0.0023325688671320677,,,,967.205
1557,0.002330244053155184,,,,967.7995
1558,0.0023279148153960705,,,,968.3971
1559,0.0023256016429513693,,,,969.0033
1560,0.0023232765961438417,,,,969.605
1561,0.0023209569044411182,,,,970.2036
1562,0.002318646525964141,,,,970.8173
1563,0.0023163347505033016,,,,971.4103
1564,0.0023140255361795425,,,,972.0006
1565,0.0023117177188396454,,,,972.6039
1566,0.0023094124626368284,,,,973.1994
1567,0.0023071144241839647,,,,973.7904
1568,0.0023048147559165955,,,,974.3689
1569,0.0023025155533105135,,,,974.9552
1570,0.0023002244997769594,,,,975.5436
1571,0.002297932282090187,,,,976.1186
1572,0.0022956423927098513,,,,976.7051
1573,0.0022933564614504576,,,,977.3002
1574,0.0022910735569894314,,,,977.8736
1575,0.0022887932136654854,,,,978.4676
1576,0.0022865154314786196,,,,979.0665
1577,0.0022842346224933863,,,,979.6523
1578,0.0022819594014436007,,,,980.2715
1579,0.002279688138514757,,,,980.861
1580,0.0022774289827793837,,,,981.4592
1581,0.0022751616779714823,,,,982.052
1582,0.0022728941403329372,,,,982.6639
1583,0.0022706359159201384,,,,983.2679
1584,0.002268376061692834,,,,983.8584
1585,0.002266120631247759,,,,984.4683
1586,0.002263867063447833,,,,985.0496
1587,0.0022616153582930565,,,,985.6342
1588,0.0022593694739043713,,,,986.2099
1589,0.0022571238223463297,,,,986.7906
1590,0.0022548786364495754,,,,987.3784
1591,0.0022526464890688658,,,,987.9682
1592,0.0022504038643091917,,,,988.5475
1593,0.0022481686901301146,,,,989.1393
1594,0.002245937241241336,,,,989.7255
1595,0.002243707189336419,,,,990.3108
1596,0.002241480629891157,,,,990.8955
1597,0.0022392517421394587,,,,991.48
1598,0.0022370368242263794,,,,992.0769
1599,0.002234814455732703,,,,992.6636
1600,0.002232594648376107,0.37951624393463135,0.437267005443573,0.0592,993.3132
1601,0.0022303874138742685,,,,993.9041
1602,0.002228174824267626,,,,994.5021
1603,0.002225965727120638,,,,995.0896
1604,0.00222375662997365,,,,995.682
1605,0.0022215552162379026,,,,996.2763
1606,0.0022193545009940863,,,,996.8666
1607,0.0022171568125486374,,,,997.4548
1608,0.0022149633150547743,,,,998.051
1609,0.002212770050391555,,,,998.6525
1610,0.0022105828393250704,,,,999.2671
1611,0.002208390738815069,,,,999.882
1612,0.0022062091156840324,,,,1000.4665
1613,0.0022040260955691338,,,,1001.0491
1614,0.0022018421441316605,,,,1001.6321
1615,0.00219967239536345,,,,1002.2144
1616,0.002197497058659792,,,,1002.7959
1617,0.002195325680077076,,,,1003.3895
1618,0.0021931587252765894,,,,1003.9693
1619,0.0021909899078309536,,,,1004.5614
1620,0.0021888280753046274,,,,1005.146
1621,0.0021866625174880028,,,,1005.7235
1622,0.0021845048759132624,,,,1006.3159
1623,0.0021823467686772346,,,,1006.9604
1624,0.0021801977418363094,,,,1007.5578
1625,0.002178048947826028,,,,1008.1627
1626,0.0021759034134447575,,,,1008.8008
1627,0.002173756016418338,,,,1009.3929
1628,0.002171615371480584,,,,1010.0046
1629,0.002169474959373474,,,,1010.6142
1630,0.002167339902371168,,,,1011.2329
1631,0.00216520088724792,,,,1011.823
1632,0.00216307258233428,,,,1012.5975
1633,0.0021609466057270765,,,,1013.3228
1634,0.0021588201634585857,,,,1014.0249
1635,0.0021566960494965315,,,,1014.699
1636,0.0021545749623328447,,,,1015.3905
1637,0.0021524569019675255,,,,1016.0521
1638,0.0021503432653844357,,,,1016.7144
1639,0.002148238243535161,,,,1017.39
1640,0.002146123442798853,,,,1018.0364
1641,0.0021440188866108656,,,,1018.6916
1642,0.002141907811164856,,,,1019.3334
1643,0.002139813033863902,,,,1020.0373
1644,0.0021377126686275005,,,,1020.7134
1645,0.002135618356987834,,,,1021.4584
1646,0.0021335233468562365,,,,1022.1503
1647,0.002131437184289098,,,,1022.8391
1648,0.0021293549798429012,,,,1023.5062
1649,0.0021272655576467514,,,,1024.2107
1650,0.002125179162248969,,,,1024.9068
1651,0.0021231030113995075,,,,1025.5914
1652,0.0021210280247032642,,,,1026.4001
1653,0.0021189532708376646,,,,1027.0764
1654,0.0021168841049075127,,,,1027.7664
1655,0.0021148119121789932,,,,1028.4408
1656,0.0021127471700310707,,,,1029.1517
1657,0.0021106875501573086,,,,1029.8182
1658,0.00210862816311419,,,,1030.4853
1659,0.0021065690089017153,,,,1031.1743
1660,0.0021045177709311247,,,,1031.846
1661,0.0021024637389928102,,,,1032.5133
1662,0.002100415527820587,,,,1033.1719
1663,0.0020983670838177204,,,,1033.821
1664,0.0020963263232260942,,,,1034.4591
1665,0.0020942832343280315,,,,1035.0437
1666,0.002092248760163784,,,,1035.623
1667,0.002090212656185031,,,,1036.2052
1668,0.0020881802774965763,,,,1036.8095
1669,0.0020861499942839146,,,,1037.4154
1670,0.0020841211080551147,,,,1038.0954
1671,0.0020821017678827047,,,,1038.7967
1672,0.0020800812635570765,,,,1039.4066
1673,0.002078058896586299,,,,1040.0168
1674,0.002076048869639635,,,,1040.6324
1675,0.0020740346517413855,,,,1041.2546
1676,0.0020720248576253653,,,,1041.8506
1677,0.002070016460493207,,,,1042.4523
1678,0.002068013185635209,,,,1043.0741
1679,0.0020660124719142914,,,,1043.6917
1680,0.002064014319330454,,,,1044.3096
1681,0.0020620201248675585,,,,1044.9657
1682,0.002060028025880456,,,,1045.5871
1683,0.002058031503111124,,,,1046.181
1684,0.0020560501143336296,,,,1046.7645
1685,0.0020540612749755383,,,,1047.3454
1686,0.0020520787220448256,,,,1047.9351
1687,0.0020501005928963423,,,,1048.5239
1688,0.002048125956207514,,,,1049.1092
1689,0.0020461506210267544,,,,1049.7331
1690,0.00204418133944273,,,,1050.3594
1691,0.0020422153174877167,,,,1050.9447
1692,0.0020402518566697836,,,,1051.5348
1693,0.0020382918883115053,,,,1052.1405
1694,0.002036325866356492,,,,1052.7228
1695,0.0020343719515949488,,,,1053.3204
1696,0.002032417571172118,,,,1053.9271
1697,0.0020304671488702297,,,,1054.5176
1698,0.002028518356382847,,,,1055.1651
1699,0.0020265746861696243,,,,1055.7627
1700,0.002024626825004816,0.3203141689300537,0.3736015558242798,0.0596,1056.4232
1701,0.0020226938650012016,,,,1057.0231
1702,0.002020756248384714,,,,1057.6183
1703,0.0020188188645988703,,,,1058.2262
1704,0.0020168896298855543,,,,1058.8267
1705,0.0020149615593254566,,,,1059.4468
1706,0.002013034652918577,,,,1060.0479
1707,0.002011110307648778,,,,1060.6472
1708,0.0020091920159757137,,,,1061.2388
1709,0.002007277449592948,,,,1061.8278
1710,0.0020053605549037457,,,,1062.4226
1711,0.0020034522749483585,,,,1063.0179
1712,0.002001545624807477,,,,1063.6012
1713,0.0019996401388198137,,,,1064.1928
1714,0.001997732324525714,,,,1064.7767
1715,0.001995829865336418,,,,1065.3639
1716,0.0019939327612519264,,,,1065.9878
1717,0.0019920412451028824,,,,1066.5938
1718,0.0019901508931070566,,,,1067.206
1719,0.0019882640335708857,,,,1067.8097
1720,0.001986371586099267,,,,1068.4208
1721,0.0019844917114824057,,,,1069.031
1722,0.0019826069474220276,,,,1069.6383
1723,0.0019807296339422464,,,,1070.2367
1724,0.0019788588397204876,,,,1070.8469
1725,0.001976985251531005,,,,1071.4467
1726,0.0019751195795834064,,,,1072.0553
1727,0.0019732527434825897,,,,1072.6552
1728,0.0019713896326720715,,,,1073.2998
1729,0.0019695258233696222,,,,1073.918
1730,0.001967668067663908,,,,1074.4645
1731,0.0019658110104501247,,,,1074.985
1732,0.001963960938155651,,,,1075.5016
1733,0.0019621155224740505,,,,1076.0226
1734,0.001960266614332795,,,,1076.5335
1735,0.0019584225956350565,,,,1077.048
1736,0.001956581836566329,,,,1077.5603
1737,0.0019547431729733944,,,,1078.0724
1738,0.0019529085839167237,,,,1078.5818
1739,0.0019510762067511678,,,,1079.1123
1740,0.001949250465258956,,,,1079.6336
1741,0.0019474169239401817,,,,1080.1647
1742,0.001945598516613245,,,,1080.7149
1743,0.0019437751034274697,,,,1081.2521
1744,0.0019419624004513025,,,,1081.7872
1745,0.0019401416648179293,,,,1082.3142
1746,0.0019383273320272565,,,,1082.8413
1747,0.0019365152111276984,,,,1083.3811
1748,0.0019347129855304956,,,,1083.9672
1749,0.0019329112255945802,,,,1084.4929
1750,0.0019311030628159642,,,,1085.034
1751,0.0019293068908154964,,,,1085.5414
1752,0.0019275171216577291,,,,1086.0499
1753,0.0019257239764556289,,,,1086.5384
1754,0.0019239296671003103,,,,1087.0178
1755,0.0019221396651118994,,,,1087.5034
1756,0.0019203575793653727,,,,1087.9965
1757,0.0019185753772035241,,,,1088.4914
1758,0.0019167950376868248,,,,1088.9768
1759,0.001915015745908022,,,,1089.4763
1760,0.0019132508896291256,,,,1089.9649
1761,0.0019114762544631958,,,,1090.4431
1762,0.0019097115145996213,,,,1090.9353
1763,0.0019079457269981503,,,,1091.415
1764,0.0019061830826103687,,,,1091.8997
1765,0.0019044289365410805,,,,1092.4123
1766,0.001902668154798448,,,,1092.9032
1767,0.0019009156385436654,,,,1093.3926
1768,0.0018991646356880665,,,,1093.8664
1769,0.0018974142149090767,,,,1094.354
1770,0.0018956733401864767,,,,1094.846
1771,0.00189392757602036,,,,1095.3243
1772,0.001892191474325955,,,,1095.7896
1773,0.0018904521130025387,,,,1096.2545
1774,0.0018887214828282595,,,,1096.7374
1775,0.001886992366053164,,,,1097.246
1776,0.00188525824341923,,,,1097.7689
1777,0.001883532851934433,,,,1098.2534
1778,0.001881813514046371,,,,1098.7596
1779,0.001880095456726849,,,,1099.261
1780,0.0018783803097903728,,,,1099.7558
1781,0.0018766698194667697,,,,1100.234
1782,0.0018749554874375463,,,,1100.7394
1783,0.0018732426688075066,,,,1101.2233
1784,0.0018715376500040293,,,,1101.6953
1785,0.0018698335625231266,,,,1102.1634
1786,0.0018681380897760391,,,,1102.6338
1787,0.0018664384260773659,,,,1103.1029
1788,0.001864745165221393,,,,1103.576
1789,0.0018630543490871787,,,,1104.0577
1790,0.0018613605061545968,,,,1104.5382
1791,0.0018596750451251864,,,,1105.0191
1792,0.0018580005271360278,,,,1105.506
1793,0.0018563094781711698,,,,1105.9722
1794,0.0018546332139521837,,,,1106.4671
1795,0.0018529617227613926,,,,1106.9473
1796,0.0018512904644012451,,,,1107.435
1797,0.0018496183911338449,,,,1107.9233
1798,0.0018479557475075126,,,,1108.433
1799,0.0018462901934981346,,,,1108.9151
1800,0.0018446289468556643,0.2658389210700989,0.3165438771247864,0.0495,1109.4558
1801,0.0018429697956889868,,,,1109.9304
1802,0.0018413187935948372,,,,1110.4035
1803,0.0018396644154563546,,,,1110.8651
1804,0.0018380105029791594,,,,1111.3447
1805,0.0018363649724051356,,,,1111.8312
1806,0.001834725495427847,,,,1112.3142
1807,0.0018330856692045927,,,,1112.7928
1808,0.0018314399057999253,,,,1113.2686
1809,0.0018298093928024173,,,,1113.7421
1810,0.0018281758530065417,,,,1114.2252
1811,0.0018265413818880916,,,,1114.7107
1812,0.0018249147105962038,,,,1115.1862
1813,0.0018232896691188216,,,,1115.7085
1814,0.0018216690514236689,,,,1116.1795
1815,0.0018200494814664125,,,,1116.6516
1816,0.0018184343352913857,,,,1117.1208
1817,0.0018168233800679445,,,,1117.5991
1818,0.0018152123084291816,,,,1118.0607
1819,0.0018136011203750968,,,,1118.5591
1820,0.0018119956366717815,,,,1119.0374
1821,0.0018103939946740866,,,,1119.5143
1822,0.0018087925855070353,,,,1119.9835
1823,0.001807195134460926,,,,1120.457
1824,0.001805602922104299,,,,1120.9324
1825,0.0018040130380541086,,,,1121.3989
1826,0.001802424667403102,,,,1121.8707
1827,0.001800837111659348,,,,1122.3478
1828,0.0017992511857300997,,,,1122.8202
1829,0.0017976755043491721,,,,1123.292
1830,0.0017960959812626243,,,,1123.7792
1831,0.001794522861018777,,,,1124.2607
1832,0.001792950788512826,,,,1124.7508
1833,0.001791380811482668,,,,1125.2283
1834,0.0017898173537105322,,,,1125.707
1835,0.00178825156763196,,,,1126.1917
1836,0.0017866917187348008,,,,1126.6714
1837,0.001785130938515067,,,,1127.1494
1838,0.0017835756298154593,,,,1127.6353
1839,0.0017820223001763225,,,,1128.1169
1840,0.0017804732779040933,,,,1128.5916
1841,0.0017789241392165422,,,,1129.0724
1842,0.0017773812869563699,,,,1129.5735
1843,0.001775840763002634,,,,1130.0631
1844,0.001774296397343278,,,,1130.5367
1845,0.001772764720954001,,,,1131.0048
1846,0.001771231065504253,,,,1131.4681
1847,0.0017697025323286653,,,,1131.9311
1848,0.0017681756289675832,,,,1132.3914
1849,0.0017666480271145701,,,,1132.848
1850,0.0017651254311203957,,,,1133.3158
1851,0.0017636085394769907,,,,1133.7847
1852,0.0017620878061279655,,,,1134.2611
1853,0.0017605747561901808,,,,1134.7346
1854,0.001759059145115316,,,,1135.1981
1855,0.0017575505189597607,,,,1135.6709
1856,0.0017560463165864348,,,,1136.1463
1857,0.0017545403679832816,,,,1136.6383
1858,0.0017530424520373344,,,,1137.1364
1859,0.0017515445360913873,,,,1137.628
1860,0.0017500477842986584,,,,1138.1159
1861,0.0017485555727034807,,,,1138.6037
1862,0.0017470673192292452,,,,1139.0845
1863,0.0017455751076340675,,,,1139.5727
1864,0.0017440950032323599,,,,1140.0411
1865,0.0017426091944798827,,,,1140.5182
1866,0.001741134445182979,,,,1140.9828
1867,0.0017396615585312247,,,,1141.4702
1868,0.0017381851794198155,,,,1141.9392
1869,0.0017367154359817505,,,,1142.4019
1870,0.0017352479044348001,,,,1142.8691
1871,0.0017337771132588387,,,,1143.3304
1872,0.0017323150532320142,,,,1143.7962
1873,0.0017308579990640283,,,,1144.2665
1874,0.0017294007120653987,,,,1144.733
1875,0.0017279419116675854,,,,1145.2054
1876,0.0017264914931729436,,,,1145.6805
1877,0.0017250445671379566,,,,1146.1588
1878,0.0017235958948731422,,,,1146.6276
1879,0.0017221564194187522,,,,1147.1039
1880,0.0017207118216902018,,,,1147.5749
1881,0.0017192730447277427,,,,1148.0791
1882,0.001717837294563651,,,,1148.5601
1883,0.0017164055025205016,,,,1149.0291
1884,0.0017149727791547775,,,,1149.4917
1885,0.0017135426169261336,,,,1149.9659
1886,0.0017121185082942247,,,,1150.4307
1887,0.001710698357783258,,,,1150.9107
1888,0.0017092778580263257,,,,1151.3839
1889,0.0017078655073419213,,,,1151.8574
1890,0.001706447685137391,,,,1152.333
1891,0.001705037895590067,,,,1152.8087
1892,0.0017036297358572483,,,,1153.2853
1893,0.0017022228566929698,,,,1153.7613
1894,0.0017008145805448294,,,,1154.2365
1895,0.0016994125908240676,,,,1154.7005
1896,0.0016980224754661322,,,,1155.1683
1897,0.001696620020084083,,,,1155.6547
1898,0.0016952302539721131,,,,1156.1185
1899,0.001693839905783534,,,,1156.5878
1900,0.0016924578230828047,0.21841008961200714,0.26869872212409973,0.0502,1157.1146
1901,0.0016910720150917768,,,,1157.588
1902,0.0016896831803023815,,,,1158.0768
1903,0.0016883063362911344,,,,1158.5588
1904,0.0016869298415258527,,,,1159.0355
1905,0.0016855528810992837,,,,1159.5066
1906,0.0016841798787936568,,,,1159.9664
1907,0.0016828133957460523,,,,1160.4372
1908,0.0016814481932669878,,,,1160.9056
1909,0.0016800829907879233,,,,1161.4006
1910,0.0016787200001999736,,,,1161.9006
1911,0.0016773632960394025,,,,1162.3857
1912,0.0016760071739554405,,,,1162.8617
1913,0.0016746559413149953,,,,1163.3448
1914,0.0016733021475374699,,,,1163.8416
1915,0.0016719531267881393,,,,1164.3302
1916,0.001670610043220222,,,,1164.8151
1917,0.0016692659119144082,,,,1165.297
1918,0.0016679282998666167,,,,1165.7975
1919,0.001666584750637412,,,,1166.2683
1920,0.0016652510967105627,,,,1166.7548
1921,0.0016639194218441844,,,,1167.2374
1922,0.0016625903081148863,,,,1167.7084
1923,0.0016612607287243009,,,,1168.1704
1924,0.0016599390655755997,,,,1168.6352
1925,0.0016586175188422203,,,,1169.1124
1926,0.0016573012107983232,,,,1169.5773
1927,0.001655982923693955,,,,1170.0591
1928,0.001654669176787138,,,,1170.5533
1929,0.0016533555462956429,,,,1171.0448
1930,0.0016520493663847446,,,,1171.515
1931,0.0016507417894899845,,,,1171.9934
1932,0.0016494353767484426,,,,1172.4685
1933,0.001648132223635912,,,,1172.9365
1934,0.001646840013563633,,,,1173.421
1935,0.0016455381410196424,,,,1173.9077
1936,0.0016442476771771908,,,,1174.3658
1937,0.0016429584939032793,,,,1174.8218
1938,0.0016416703583672643,,,,1175.3028
1939,0.0016403803601861,,,,1175.7931
1940,0.001639094902202487,,,,1176.2684
1941,0.001637820154428482,,,,1176.7325
1942,0.001636540750041604,,,,1177.2009
1943,0.0016352635575458407,,,,1177.665
1944,0.0016339923022314906,,,,1178.1301
1945,0.0016327216289937496,,,,1178.6042
1946,0.0016314557287842035,,,,1179.1239
1947,0.0016301926225423813,,,,1179.6097
1948,0.0016289270715788007,,,,1180.1184
1949,0.0016276667593047023,,,,1180.5997
1950,0.0016264115693047643,,,,1181.0889
1951,0.0016251509077847004,,,,1181.5641
1952,0.0016239028191193938,,,,1182.0782
1953,0.0016226536827161908,,,,1182.563
1954,0.0016214073402807117,,,,1183.0456
1955,0.0016201587859541178,,,,1183.5255
1956,0.0016189201269298792,,,,1184.0006
1957,0.0016176727367565036,,,,1184.4791
1958,0.0016164364060387015,,,,1184.9661
1959,0.0016152051975950599,,,,1185.4517
1960,0.0016139736399054527,,,,1185.9366
1961,0.001612741150893271,,,,1186.4092
1962,0.0016115106409415603,,,,1186.888
1963,0.0016102895606309175,,,,1187.4036
1964,0.0016090682474896312,,,,1187.8811
1965,0.0016078476328402758,,,,1188.3549
1966,0.0016066323732957244,,,,1188.8369
1967,0.0016054135048761964,,,,1189.3291
1968,0.001604198943823576,,,,1189.8155
1969,0.0016029892722144723,,,,1190.2827
1970,0.0016017869347706437,,,,1190.7647
1971,0.0016005837824195623,,,,1191.2383
1972,0.0015993778361007571,,,,1191.7133
1973,0.0015981766628101468,,,,1192.1876
1974,0.0015969809610396624,,,,1192.6599
1975,0.0015957860741764307,,,,1193.1438
1976,0.0015945960767567158,,,,1193.6388
1977,0.0015934037510305643,,,,1194.1166
1978,0.0015922142192721367,,,,1194.5881
1979,0.001591031439602375,,,,1195.0653
1980,0.0015898465644568205,,,,1195.5424
1981,0.0015886661130934954,,,,1196.0179
1982,0.0015874913660809398,,,,1196.5136
1983,0.0015863156877458096,,,,1196.9894
1984,0.0015851417556405067,,,,1197.4734
1985,0.0015839741099625826,,,,1197.9574
1986,0.0015828015748411417,,,,1198.4556
1987,0.001581639051437378,,,,1198.9485
1988,0.0015804764116182923,,,,1199.4265
1989,0.001579312956891954,,,,1199.9138
1990,0.0015781598631292582,,,,1200.402
1991,0.0015769958263263106,,,,1200.8854
1992,0.0015758497174829245,,,,1201.355
1993,0.0015746995341032743,,,,1201.8323
1994,0.0015735503984615207,,,,1202.3199
1995,0.0015724042896181345,,,,1202.7941
1996,0.001571254339069128,,,,1203.2665
1997,0.0015701174270361662,,,,1203.8995
1998,0.0015689767897129059,,,,1204.394
1999,0.0015678426716476679,,,,1204.889
2000,0.0015667115803807974,0.17985489964485168,0.2313813716173172,0.0505,1205.4268
2001,0.0015655739698559046,,,,1205.9166
2002,0.0015644471859559417,,,,1206.4306
2003,0.001563317491672933,,,,1206.9528
2004,0.0015621946658939123,,,,1207.4377
2005,0.0015610716072842479,,,,1207.933
2006,0.0015599533217027783,,,,1208.4109
2007,0.001558841671794653,,,,1208.9047
2008,0.0015577204758301377,,,,1209.394
2009,0.001556606381200254,,,,1209.9132
2010,0.0015554956626147032,,,,1210.4215
2011,0.001554393325932324,,,,1210.9565
2012,0.0015532830730080605,,,,1211.5252
2013,0.0015521778259426355,,,,1212.0835
2014,0.0015510809607803822,,,,1212.5889
2015,0.0015499810688197613,,,,1213.1033
2016,0.001548885484226048,,,,1213.6044
2017,0.0015477929264307022,,,,1214.1478
2018,0.0015467011835426092,,,,1214.631
2019,0.0015456113032996655,,,,1215.1408
2020,0.0015445216558873653,,,,1215.6372
2021,0.0015434399247169495,,,,1216.1275
2022,0.0015423584263771772,,,,1216.6571
2023,0.001541277626529336,,,,1217.1637
2024,0.0015402000863105059,,,,1217.6448
2025,0.0015391205670312047,,,,1218.1322
2026,0.001538050128147006,,,,1218.6295
2027,0.00153697922360152,,,,1219.1198
2028,0.0015359105309471488,,,,1219.6133
2029,0.0015348490560427308,,,,1220.1394
2030,0.0015337815275415778,,,,1220.6522
2031,0.0015327200526371598,,,,1221.4067
2032,0.0015316614881157875,,,,1221.9502
2033,0.0015306022251024842,,,,1222.5012
2034,0.0015295492485165596,,,,1223.0636
2035,0.0015284966211766005,,,,1223.6315
2036,0.0015274487668648362,,,,1224.1876
2037,0.0015263983514159918,,,,1224.6883
2038,0.001525352243334055,,,,1225.1927
2039,0.0015243088128045201,,,,1225.6795
2040,0.0015232672449201345,,,,1226.1685
2041,0.0015222307993099093,,,,1226.6905
2042,0.0015211942372843623,,,,1227.1769
2043,0.0015201576752588153,,,,1227.6719
2044,0.001519127981737256,,,,1228.1507
2045,0.0015180918853729963,,,,1228.6391
2046,0.0015170690603554249,,,,1229.1285
2047,0.0015160447219386697,,,,1229.6096
2048,0.0015150179388001561,,,,1230.1079
2049,0.001513998256996274,,,,1230.6105
2050,0.001512979855760932,,,,1231.1229
2051,0.0015119651798158884,,,,1231.6102
2052,0.001510947709903121,,,,1232.1009
2053,0.0015099358279258013,,,,1232.5869
2054,0.0015089258085936308,,,,1233.0659
2055,0.0015079164877533913,,,,1233.5585
2056,0.0015069172950461507,,,,1234.0628
2057,0.0015059091383591294,,,,1234.5415
2058,0.0015049109933897853,,,,1235.0267
2059,0.0015039078425616026,,,,1235.5151
2060,0.0015029130736365914,,,,1235.9862
2061,0.0015019172569736838,,,,1236.4527
2062,0.0015009271446615458,,,,1236.922
2063,0.0014999378472566605,,,,1237.4117
2064,0.0014989498304203153,,,,1237.902
2065,0.001497963210567832,,,,1238.3948
2066,0.001496979151852429,,,,1238.8902
2067,0.0014959941618144512,,,,1239.3893
2068,0.001495015574619174,,,,1239.8895
2069,0.0014940414112061262,,,,1240.3805
2070,0.0014930645702406764,,,,1240.8711
2071,0.001492093550041318,,,,1241.3477
2072,0.001491115428507328,,,,1241.8269
2073,0.0014901505783200264,,,,1242.2902
2074,0.001489189569838345,,,,1242.7687
2075,0.0014882187824696302,,,,1243.244
2076,0.0014872596366330981,,,,1243.7327
2077,0.001486294437199831,,,,1244.2254
2078,0.0014853432076051831,,,,1244.7125
2079,0.001484382781200111,,,,1245.1949
2080,0.0014834280591458082,,,,1245.6834
2081,0.0014824778772890568,,,,1246.1809
2082,0.0014815296744927764,,,,1246.6788
2083,0.0014805770479142666,,,,1247.1914
2084,0.001479633734561503,,,,1247.6687
2085,0.0014786863466724753,,,,1248.1874
2086,0.0014777471078559756,,,,1248.6734
2087,0.0014768089167773724,,,,1249.1552
2088,0.001475874218158424,,,,1249.6363
2089,0.001474935095757246,,,,1250.1279
2090,0.001474001444876194,,,,1250.6171
2091,0.0014730719849467278,,,,1251.0884
2092,0.0014721424086019397,,,,1251.5638
2093,0.0014712148113176227,,,,1252.0423
2094,0.001470291055738926,,,,1252.5391
2095,0.0014693659031763673,,,,1253.0393
2096,0.0014684430789202452,,,,1253.5223
2097,0.0014675240963697433,,,,1254.0084
2098,0.00146660883910954,,,,1254.4874
2099,0.0014656910207122564,,,,1254.9832
2100,0.0014647792559117079,0.15105611085891724,0.20426027476787567,0.0542,1255.5293
2101,0.0014638688880950212,,,,1256.0159
2102,0.0014629599172621965,,,,1256.5038
2103,0.0014620543224737048,,,,1256.9922
2104,0.001461149426177144,,,,1257.4742
2105,0.0014602417359128594,,,,1257.9479
2106,0.001459346036426723,,,,1258.4187
2107,0.0014584505697712302,,,,1258.8971
2108,0.0014575511449947953,,,,1259.3723
2109,0.0014566528843715787,,,,1259.8649
2110,0.0014557626564055681,,,,1260.3529
2111,0.001454872777685523,,,,1260.8323
2112,0.0014539806870743632,,,,1261.3068
2113,0.001453092321753502,,,,1261.7885
2114,0.0014522122219204903,,,,1262.268
2115,0.0014513256028294563,,,,1262.7495
2116,0.0014504460850730538,,,,1263.2333
2117,0.0014495629584416747,,,,1263.7182
2118,0.001448684255592525,,,,1264.1963
2119,0.0014478134689852595,,,,1264.6618
2120,0.0014469369780272245,,,,1265.14
2121,0.00144606560934335,,,,1265.609
2122,0.0014451969182118773,,,,1266.074
2123,0.001444329391233623,,,,1266.5509
2124,0.0014434608165174723,,,,1267.0385
2125,0.001442600041627884,,,,1267.5158
2126,0.0014417364727705717,,,,1267.9795
2127,0.0014408784918487072,,,,1268.4549
2128,0.0014400187646970153,,,,1268.9432
2129,0.0014391654403880239,,,,1269.4274
2130,0.0014383085072040558,,,,1269.9252
2131,0.0014374562306329608,,,,1270.4054
2132,0.0014366059331223369,,,,1270.9015
2133,0.001435755635611713,,,,1271.3763
2134,0.0014349083648994565,,,,1271.8548
2135,0.001434067264199257,,,,1272.3387
2136,0.0014332191785797477,,,,1272.8047
2137,0.0014323784271255136,,,,1273.2841
2138,0.0014315383741632104,,,,1273.7643
2139,0.001430704491212964,,,,1274.2536
2140,0.0014298667665570974,,,,1274.7358
2141,0.0014290348626673222,,,,1275.226
2142,0.0014281996991485357,,,,1275.7148
2143,0.0014273703563958406,,,,1276.2107
2144,0.0014265377540141344,,,,1276.6808
2145,0.0014257138827815652,,,,1277.1748
2146,0.001424886635504663,,,,1277.6682
2147,0.0014240688178688288,,,,1278.1598
2148,0.0014232487883418798,,,,1278.6502
2149,0.0014224279439076781,,,,1279.1364
2150,0.0014216068666428328,,,,1279.6053
2151,0.0014207921922206879,,,,1280.0854
2152,0.0014199791476130486,,,,1280.5579
2153,0.0014191670343279839,,,,1281.0232
2154,0.0014183535240590572,,,,1281.4945
2155,0.001417545834556222,,,,1281.9671
2156,0.0014167404733598232,,,,1282.4572
2157,0.0014159359270706773,,,,1282.9604
2158,0.0014151291688904166,,,,1283.455
2159,0.0014143261360004544,,,,1283.9383
2160,0.0014135296223685145,,,,1284.4216
2161,0.0014127313625067472,,,,1284.9179
2162,0.001411936362273991,,,,1285.4113
2163,0.0014111397322267294,,,,1285.8964
2164,0.0014103450812399387,,,,1286.3931
2165,0.001409556483849883,,,,1286.8744
2166,0.0014087674207985401,,,,1287.3525
2167,0.0014079823158681393,,,,1287.831
2168,0.0014071932528167963,,,,1288.3194
2169,0.001406407100148499,,,,1288.8188
2170,0.001405626186169684,,,,1289.318
2171,0.0014048449229449034,,,,1289.8259
2172,0.0014040671521797776,,,,1290.3097
2173,0.0014032897306606174,,,,1290.8
2174,0.0014025141717866063,,,,1291.2942
2175,0.0014017423382028937,,,,1291.78
2176,0.0014009646838530898,,,,1292.2653
2177,0.0014001942472532392,,,,1292.7551
2178,0.0013994283508509398,,,,1293.2439
2179,0.0013986574485898018,,,,1293.7166
2180,0.001397897256538272,,,,1294.2042
2181,0.0013971313601359725,,,,1294.6871
2182,0.0013963707024231553,,,,1295.1672
2183,0.0013956088805571198,,,,1295.6679
2184,0.0013948496198281646,,,,1296.1565
2185,0.0013940926874056458,,,,1296.6377
2186,0.001393333077430725,,,,1297.1213
2187,0.001392581732943654,,,,1297.6027
2188,0.0013918314361944795,,,,1298.0887
2189,0.001391079043969512,,,,1298.5715
2190,0.0013903297949582338,,,,1299.0739
2191,0.001389579731039703,,,,1299.5583
2192,0.001388836302794516,,,,1300.0429
2193,0.001388090313412249,,,,1300.5291
2194,0.001387351076118648,,,,1301.0064
2195,0.0013866099761798978,,,,1301.4831
2196,0.0013858708553016186,,,,1301.9536
2197,0.0013851324329152703,,,,1302.4417
2198,0.0013843931956216693,,,,1302.9204
2199,0.0013836587313562632,,,,1303.4104
2200,0.001382929040119052,0.13098935782909393,0.18524664640426636,0.0488,1303.9384
2201,0.0013821979518979788,,,,1304.4123
2202,0.0013814653502777219,,,,1304.8881
2203,0.001380739500746131,,,,1305.378
2204,0.001380012370646,,,,1305.8691
2205,0.001379284425638616,,,,1306.3586
2206,0.0013785596238449216,,,,1306.8507
2207,0.001377840992063284,,,,1307.3212
2208,0.0013771195663139224,,,,1307.7889
2209,0.0013764039613306522,,,,1308.2661
2210,0.0013756828848272562,,,,1308.7462
2211,0.0013749657664448023,,,,1309.2096
2212,0.0013742496958002448,,,,1309.6782
2213,0.0013735424727201462,,,,1310.1678
2214,0.0013728304766118526,,,,1310.652
2215,0.001372118596918881,,,,1311.1248
2216,0.001371409627608955,,,,1311.6086
2217,0.0013707045000046492,,,,1312.0862
2218,0.0013699972769245505,,,,1312.5518
2219,0.0013692942447960377,,,,1313.0132
2220,0.0013685901649296284,,,,1313.4734
2221,0.0013678937684744596,,,,1313.9512
2222,0.0013671935303136706,,,,1314.4258
2223,0.0013664959697052836,,,,1314.9158
2224,0.0013658000389114022,,,,1315.407
2225,0.0013651043409481645,,,,1315.9047
2226,0.0013644100399687886,,,,1316.4186
2227,0.0013637165538966656,,,,1316.9216
2228,0.0013630273751914501,,,,1317.4709
2229,0.0013623398263007402,,,,1317.9525
2230,0.001361651229672134,,,,1318.4268
2231,0.0013609626330435276,,,,1318.9008
2232,0.0013602790422737598,,,,1319.3742
2233,0.001359594869427383,,,,1319.856
2234,0.001358918147161603,,,,1320.3411
2235,0.0013582345563918352,,,,1320.8409
2236,0.0013575550401583314,,,,1321.3138
2237,0.0013568800641223788,,,,1321.8102
2238,0.0013562010135501623,,,,1322.3203
2239,0.0013555280165746808,,,,1322.7905
2240,0.0013548530405387282,,,,1323.2693
2241,0.001354185282252729,,,,1323.7607
2242,0.0013535117032006383,,,,1324.2521
2243,0.0013528451090678573,,,,1324.7486
2244,0.0013521744403988123,,,,1325.2429
2245,0.0013515143655240536,,,,1325.726
2246,0.001350847422145307,,,,1326.2123
2247,0.001350183505564928,,,,1326.695
2248,0.0013495207531377673,,,,1327.1819
2249,0.0013488614931702614,,,,1327.6763
2250,0.0013482021167874336,,,,1328.1754
2251,0.001347542041912675,,,,1328.6675
2252,0.0013468884862959385,,,,1329.1518
2253,0.0013462313218042254,,,,1329.6336
2254,0.0013455790467560291,,,,1330.1249
2255,0.0013449238613247871,,,,1330.5983
2256,0.0013442792696878314,,,,1331.0734
2257,0.0013436252484098077,,,,1331.5579
2258,0.0013429808896034956,,,,1332.0396
2259,0.001342326169833541,,,,1332.5227
2260,0.0013416815781965852,,,,1333.0119
2261,0.0013410424580797553,,,,1333.4884
2262,0.001340392860583961,,,,1333.9773
2263,0.001339756534434855,,,,1334.4692
2264,0.0013391150860115886,,,,1334.9566
2265,0.0013384728226810694,,,,1335.4252
2266,0.0013378390576690435,,,,1335.9008
2267,0.0013372041285037994,,,,1336.3837
2268,0.0013365691993385553,,,,1336.8729
2269,0.0013359300792217255,,,,1337.3537
2270,0.0013352958485484123,,,,1337.8169
2271,0.0013346675550565124,,,,1338.3096
2272,0.0013340367004275322,,,,1338.7821
2273,0.0013334128307178617,,,,1339.2641
2274,0.0013327812775969505,,,,1339.7434
2275,0.0013321606675162911,,,,1340.245
2276,0.0013315345859155059,,,,1340.7324
2277,0.0013309104833751917,,,,1341.2122
2278,0.0013302883598953485,,,,1341.6923
2279,0.0013296648394316435,,,,1342.1627
2280,0.0013290434144437313,,,,1342.6467
2281,0.0013284278102219105,,,,1343.1196
2282,0.0013278125552460551,,,,1343.5836
2283,0.001327191130258143,,,,1344.0665
2284,0.0013265773886814713,,,,1344.5352
2285,0.0013259632978588343,,,,1345.0162
2286,0.001325352699495852,,,,1345.492
2287,0.0013247421011328697,,,,1345.9841
2288,0.0013241344131529331,,,,1346.4746
2289,0.0013235241640359163,,,,1346.9718
2290,0.0013229131000116467,,,,1347.4661
2291,0.001322305528447032,,,,1347.9599
2292,0.0013217038940638304,,,,1348.4273
2293,0.0013210983015596867,,,,1348.8918
2294,0.0013204971328377724,,,,1349.3833
2295,0.0013198952656239271,,,,1349.8475
2296,0.0013192957267165184,,,,1350.3292
2297,0.0013186935102567077,,,,1350.8206
2298,0.0013180982787162066,,,,1351.3037
2299,0.0013175021158531308,,,,1351.776
2300,0.0013169082812964916,0.11753492057323456,0.1717216670513153,0.0516,1352.3179
2301,0.0013163145631551743,,,,1352.8095
2302,0.0013157193316146731,,,,1353.2894
2303,0.0013151264283806086,,,,1353.7554
2304,0.001314532826654613,,,,1354.3079
2305,0.001313945627771318,,,,1354.8667
2306,0.0013133573811501265,,,,1355.3772
2307,0.0013127740239724517,,,,1355.8848
2308,0.0013121867086738348,,,,1356.3924
2309,0.0013115984620526433,,,,1356.8976
2310,0.001311018830165267,,,,1357.4001
2311,0.0013104357058182359,,,,1357.9065
2312,0.0013098489725962281,,,,1358.4127
2313,0.0013092714361846447,,,,1358.9148
2314,0.0013086921535432339,,,,1359.4248
2315,0.001308111590333283,,,,1359.9268
2316,0.0013075334718450904,,,,1360.4262
2317,0.0013069596607238054,,,,1360.9475
2318,0.0013063845690339804,,,,1361.4612
2319,0.0013058095937594771,,,,1361.9751
2320,0.0013052376452833414,,,,1362.484
2321,0.001304667443037033,,,,1362.9933
2322,0.0013041008496657014,,,,1363.4874
2323,0.0013035277370363474,,,,1364.0112
2324,0.0013029550900682807,,,,1364.5361
2325,0.0013023909414187074,,,,1365.052
2326,0.0013018220197409391,,,,1365.5698
2327,0.001301261829212308,,,,1366.098
2328,0.0013006972149014473,,,,1366.6281
2329,0.0013001345796510577,,,,1367.1761
2330,0.0012995703145861626,,,,1367.6907
2331,0.0012990105897188187,,,,1368.2026
2332,0.0012984499335289001,,,,1368.7297
2333,0.0012978925369679928,,,,1369.2418
2334,0.0012973365373909473,,,,1369.7803
2335,0.0012967775110155344,,,,1370.3429
2336,0.001296221511438489,,,,1370.9128
2337,0.001295668538659811,,,,1371.4814
2338,0.0012951139360666275,,,,1372.0464
2339,0.0012945617781952024,,,,1372.6244
2340,0.0012940105516463518,,,,1373.2076
2341,0.0012934620026499033,,,,1373.7815
2342,0.001292910543270409,,,,1374.3383
2343,0.0012923639733344316,,,,1374.8887
2344,0.0012918143766000867,,,,1375.4334
2345,0.001291269320063293,,,,1375.9451
2346,0.0012907233322039247,,,,1376.4404
2347,0.0012901797890663147,,,,1376.9352
2348,0.0012896335683763027,,,,1377.4325
2349,0.0012890937505289912,,,,1377.9357
2350,0.0012885525356978178,,,,1378.44
2351,0.0012880094582214952,,,,1378.9303
2352,0.0012874724343419075,,,,1379.3963
2353,0.0012869343627244234,,,,1379.8741
2354,0.0012863975716754794,,,,1380.3516
2355,0.0012858582194894552,,,,1380.8368
2356,0.0012853252701461315,,,,1381.3229
2357,0.0012847911566495895,,,,1381.805
2358,0.0012842613505199552,,,,1382.2889
2359,0.0012837282847613096,,,,1382.7619
2360,0.0012831934727728367,,,,1383.2579
2361,0.0012826629681512713,,,,1383.7679
2362,0.0012821335112676024,,,,1384.2641
2363,0.0012816025409847498,,,,1384.7489
2364,0.0012810796033591032,,,,1385.2433
2365,0.0012805501464754343,,,,1385.7325
2366,0.0012800246477127075,,,,1386.2201
2367,0.0012794985668733716,,,,1386.704
2368,0.001278977724723518,,,,1387.1828
2369,0.0012784517602995038,,,,1387.6391
2370,0.0012779294047504663,,,,1388.1102
2371,0.0012774078641086817,,,,1388.5981
2372,0.001276887021958828,,,,1389.0873
2373,0.0012763687409460545,,,,1389.5799
2374,0.0012758554657921195,,,,1390.0527
2375,0.0012753343908116221,,,,1390.5357
2376,0.0012748215813189745,,,,1391.047
2377,0.0012742988765239716,,,,1391.5256
2378,0.0012737895594909787,,,,1392.0001
2379,0.001273276866413653,,,,1392.4725
2380,0.0012727574212476611,,,,1392.9458
2381,0.0012722467072308064,,,,1393.4314
2382,0.0012717378558591008,,,,1393.9053
2383,0.0012712259776890278,,,,1394.4103
2384,0.0012707164278253913,,,,1394.8972
2385,0.001270210137590766,,,,1395.3716
2386,0.0012697000056505203,,,,1395.8518
2387,0.0012691933661699295,,,,1396.3292
2388,0.0012686867266893387,,,,1396.8017
2389,0.0012681821826845407,,,,1397.2975
2390,0.0012676781043410301,,,,1397.8461
2391,0.001267176354303956,,,,1398.4036
2392,0.0012666728580370545,,,,1398.8793
2393,0.001266171457245946,,,,1399.3537
2394,0.001265668892301619,,,,1399.8243
2395,0.0012651714496314526,,,,1400.2932
2396,0.001264675403945148,,,,1400.7972
2397,0.001264172955416143,,,,1401.2824
2398,0.001263675861991942,,,,1401.7591
2399,0.0012631798163056374,,,,1402.2459
2400,0.0012626850511878729,0.10851597785949707,0.16156311333179474,0.0495,1402.7684
2401,0.0012621866771951318,,,,1403.2439
2402,0.0012616973835974932,,,,1403.7331
2403,0.0012612014543265104,,,,1404.2508
2404,0.0012607148382812738,,,,1404.7251
2405,0.0012602194910869002,,,,1405.206
2406,0.0012597260065376759,,,,1405.7037
2407,0.0012592365965247154,,,,1406.1833
2408,0.0012587533565238118,,,,1406.6669
2409,0.0012582631316035986,,,,1407.1626
2410,0.0012577747693285346,,,,1407.6442
2411,0.0012572873383760452,,,,1408.1345
2412,0.0012568027013912797,,,,1408.6112
2413,0.001256315503269434,,,,1409.0833
2414,0.0012558323796838522,,,,1409.5788
2415,0.001255350885912776,,,,1410.0792
2416,0.001254867296665907,,,,1410.5575
2417,0.0012543806806206703,,,,1411.0342
2418,0.001253901282325387,,,,1411.5342
2419,0.0012534206034615636,,,,1412.069
2420,0.001252941437996924,,,,1412.5511
2421,0.0012524605263024569,,,,1413.0306
2422,0.001251984154805541,,,,1413.5141
2423,0.0012515090638771653,,,,1413.9837
2424,0.001251028967089951,,,,1414.461
2425,0.0012505552731454372,,,,1414.9538
2426,0.001250079832971096,,,,1415.4481
2427,0.0012496082345023751,,,,1415.939
2428,0.0012491316301748157,,,,1416.4278
2429,0.0012486575869843364,,,,1416.9127
2430,0.0012481868034228683,,,,1417.4009
2431,0.0012477149721235037,,,,1417.891
2432,0.0012472440721467137,,,,1418.3809
2433,0.0012467761989682913,,,,1418.8646
2434,0.0012463052989915013,,,,1419.3578
2435,0.0012458364944905043,,,,1419.8466
2436,0.0012453694362193346,,,,1420.3328
2437,0.0012449035421013832,,,,1420.8192
2438,0.001244439510628581,,,,1421.2956
2439,0.001243972685188055,,,,1421.767
2440,0.0012435090029612184,,,,1422.2384
2441,0.0012430415954440832,,,,1422.717
2442,0.0012425825698301196,,,,1423.201
2443,0.001242118887603283,,,,1423.6846
2444,0.0012416556710377336,,,,1424.1648
2445,0.00124119792599231,,,,1424.6428
2446,0.0012407369213178754,,,,1425.1241
2447,0.001240274403244257,,,,1425.6211
2448,0.0012398152612149715,,,,1426.1077
2449,0.0012393561191856861,,,,1426.6002
2450,0.0012388984905555844,,,,1427.0835
2451,0.0012384416768327355,,,,1427.5478
2452,0.0012379854451864958,,,,1428.0149
2453,0.001237533986568451,,,,1428.4837
2454,0.001237075892277062,,,,1428.9551
2455,0.0012366233859211206,,,,1429.4234
2456,0.001236167037859559,,,,1429.9096
2457,0.0012357154628261924,,,,1430.3855
2458,0.001235262956470251,,,,1430.8762
2459,0.0012348112650215626,,,,1431.3755
2460,0.001234360272064805,,,,1431.858
2461,0.0012339113745838404,,,,1432.3495
2462,0.0012334608472883701,,,,1432.8466
2463,0.0012330138124525547,,,,1433.337
2464,0.0012325660791248083,,,,1433.834
2465,0.0012321138055995107,,,,1434.3351
2466,0.0012316704960539937,,,,1434.8269
2467,0.0012312221806496382,,,,1435.299
2468,0.0012307811994105577,,,,1435.7743
2469,0.0012303327675908804,,,,1436.2683
2470,0.0012298834044486284,,,,1436.7363
2471,0.001229443703778088,,,,1437.2369
2472,0.001229001791216433,,,,1437.7332
2473,0.001228559180162847,,,,1438.2282
2474,0.0012281176168471575,,,,1438.7307
2475,0.0012276748893782496,,,,1439.2129
2476,0.0012272323947399855,,,,1439.6964
2477,0.0012267942074686289,,,,1440.188
2478,0.0012263560201972723,,,,1440.6689
2479,0.001225916901603341,,,,1441.1568
2480,0.0012254788307473063,,,,1441.6498
2481,0.001225042506121099,,,,1442.15
2482,0.0012246037367731333,,,,1442.6433
2483,0.0012241696240380406,,,,1443.1301
2484,0.0012237356277182698,,,,1443.6119
2485,0.0012232993030920625,,,,1444.0924
2486,0.001222863094881177,,,,1444.5668
2487,0.001222430495545268,,,,1445.0311
2488,0.0012219963828101754,,,,1445.5127
2489,0.0012215677415952086,,,,1445.9893
2490,0.0012211331631988287,,,,1446.4701
2491,0.0012207037070766091,,,,1446.9507
2492,0.0012202705256640911,,,,1447.4152
2493,0.0012198378099128604,,,,1447.8958
2494,0.0012194087030366063,,,,1448.3685
2495,0.0012189794797450304,,,,1448.8458
2496,0.0012185553787276149,,,,1449.3432
2497,0.0012181225465610623,,,,1449.8229
2498,0.0012177008902654052,,,,1450.2878
2499,0.001217271899804473,,,,1450.7642
2500,0.0012168420944362879,0.10223517566919327,0.15340085327625275,0.0519,1451.3156
2501,0.001216418226249516,,,,1451.7937
2502,0.0012159947073087096,,,,1452.3041
2503,0.0012155653676018119,,,,1452.7935
2504,0.001215146156027913,,,,1453.2842
2505,0.001214721822179854,,,,1453.7686
2506,0.0012142965570092201,,,,1454.256
2507,0.001213875599205494,,,,1454.7439
2508,0.0012134523130953312,,,,1455.2224
2509,0.0012130321701988578,,,,1455.7047
2510,0.0012126126093789935,,,,1456.2001
2511,0.0012121914187446237,,,,1456.6878
2512,0.0012117718579247594,,,,1457.1783
2513,0.0012113513657823205,,,,1457.6706
2514,0.0012109361123293638,,,,1458.1716
2515,0.0012105171335861087,,,,1458.6778
2516,0.0012100987369194627,,,,1459.1787
2517,0.001209682202897966,,,,1459.6634
2518,0.0012092660181224346,,,,1460.1562
2519,0.0012088484363630414,,,,1460.6459
2520,0.001208435045555234,,,,1461.1212
2521,0.00120802060700953,,,,1461.6143
2522,0.0012076066341251135,,,,1462.1116
2523,0.0012071942910552025,,,,1462.5769
2524,0.0012067806674167514,,,,1463.0606
2525,0.0012063676258549094,,,,1463.5457
2526,0.0012059558648616076,,,,1464.0198
2527,0.0012055416591465473,,,,1464.5006
2528,0.001205133507028222,,,,1464.9818
2529,0.0012047202326357365,,,,1465.4541
2530,0.0012043104507029057,,,,1465.9525
2531,0.0012039031134918332,,,,1466.4551
2532,0.0012034925166517496,,,,1466.9507
2533,0.0012030856451019645,,,,1467.439
2534,0.0012026730692014098,,,,1467.9328
2535,0.0012022691080346704,,,,1468.4235
2536,0.0012018586276099086,,,,1468.8941
2537,0.0012014543171972036,,,,1469.3659
2538,0.0012010487262159586,,,,1469.8396
2539,0.0012006399920210242,,,,1470.3526
2540,0.0012002383591607213,,,,1470.8573
2541,0.001199832302518189,,,,1471.3719
2542,0.0011994303204119205,,,,1471.847
2543,0.001199027057737112,,,,1472.3359
2544,0.0011986213503405452,,,,1472.8282
2545,0.0011982187861576676,,,,1473.319
2546,0.001197813544422388,,,,1473.8073
2547,0.001197415986098349,,,,1474.2991
2548,0.001197015750221908,,,,1474.7853
2549,0.0011966130696237087,,,,1475.2698
2550,0.0011962117860093713,,,,1475.7583
2551,0.0011958109680563211,,,,1476.2551
2552,0.001195412245579064,,,,1476.7537
2553,0.001195015269331634,,,,1477.2481
2554,0.0011946151498705149,,,,1477.747
2555,0.001194216893054545,,,,1478.2248
2556,0.001193817937746644,,,,1478.7149
2557,0.0011934256181120872,,,,1479.2017
2558,0.001193026197142899,,,,1479.6784
2559,0.0011926309671252966,,,,1480.1741
2560,0.0011922334088012576,,,,1480.67
2561,0.0011918381787836552,,,,1481.1479
2562,0.001191442832350731,,,,1481.6263
2563,0.0011910498142242432,,,,1482.1196
2564,0.001190655748359859,,,,1482.6167
2565,0.001190266222693026,,,,1483.0922
2566,0.0011898705270141363,,,,1483.562
2567,0.001189474598504603,,,,1484.0314
2568,0.001189084374345839,,,,1484.506
2569,0.001188694266602397,,,,1484.9797
2570,0.001188300782814622,,,,1485.4548
2571,0.0011879128869622946,,,,1485.9342
2572,0.0011875176569446921,,,,1486.4123
2573,0.0011871280148625374,,,,1486.9108
2574,0.001186739536933601,,,,1487.4079
2575,0.0011863510590046644,,,,1487.8953
2576,0.001185961184091866,,,,1488.3828
2577,0.0011855695629492402,,,,1488.8813
2578,0.001185184228233993,,,,1489.3684
2579,0.0011847947025671601,,,,1489.8636
2580,0.001184412743896246,,,,1490.3544
2581,0.0011840250808745623,,,,1490.8457
2582,0.0011836367193609476,,,,1491.3388
2583,0.0011832525487989187,,,,1491.8093
2584,0.0011828688438981771,,,,1492.2784
2585,0.0011824865359812975,,,,1492.746
2586,0.0011820957297459245,,,,1493.2202
2587,0.0011817098129540682,,,,1493.7087
2588,0.0011813294840976596,,,,1494.2089
2589,0.0011809429852291942,,,,1494.7071
2590,0.0011805607937276363,,,,1495.2071
2591,0.0011801761575043201,,,,1495.6849
2592,0.0011797978077083826,,,,1496.2144
2593,0.0011794158490374684,,,,1496.7719
2594,0.0011790335411205888,,,,1497.3594
2595,0.0011786543764173985,,,,1497.8845
2596,0.0011782710207626224,,,,1498.4154
2597,0.001177893253043294,,,,1498.9241
2598,0.0011775103630498052,,,,1499.4408
2599,0.0011771327117457986,,,,1499.945
2600,0.0011767498217523098,0.09757180511951447,0.14648118615150452,0.052,1500.5035
2601,0.001176371588371694,,,,1500.9976
2602,0.0011759953340515494,,,,1501.5009
2603,0.0011756176827475429,,,,1501.988
2604,0.0011752384016290307,,,,1502.4717
2605,0.0011748622637242079,,,,1502.9553
2606,0.0011744836810976267,,,,1503.4303
2607,0.0011741125490516424,,,,1503.9055
2608,0.001173733500763774,,,,1504.3816
2609,0.001173356780782342,,,,1504.8592
2610,0.0011729835532605648,,,,1505.3357
2611,0.0011726041557267308,,,,1505.8085
2612,0.0011722345370799303,,,,1506.3046
2613,0.0011718617752194405,,,,1506.7811
2614,0.001171486102975905,,,,1507.2716
2615,0.0011711129918694496,,,,1507.7655
2616,0.0011707363883033395,,,,1508.2582
2617,0.0011703686323016882,,,,1508.746
2618,0.00116999470628798,,,,1509.225
2619,0.0011696239234879613,,,,1509.6966
2620,0.0011692495318129659,,,,1510.1823
2621,0.0011688813101500273,,,,1510.6617
2622,0.0011685084318742156,,,,1511.1424
2623,0.0011681364849209785,,,,1511.6254
2624,0.0011677636066451669,,,,1512.1294
2625,0.0011673946864902973,,,,1512.6036
2626,0.0011670266976580024,,,,1513.0714
2627,0.0011666595237329602,,,,1513.7238
2628,0.0011662895558401942,,,,1514.2321
2629,0.0011659187730401754,,,,1514.7483
2630,0.0011655509006232023,,,,1515.2246
2631,0.001165182562544942,,,,1515.7206
2632,0.0011648167856037617,,,,1516.1995
2633,0.0011644496116787195,,,,1516.6876
2634,0.0011640831362456083,,,,1517.1795
2635,0.0011637138668447733,,,,1517.6624
2636,0.0011633493704721332,,,,1518.1642
2637,0.0011629860382527113,,,,1518.6624
2638,0.0011626192135736346,,,,1519.1528
2639,0.0011622522724792361,,,,1519.6469
2640,0.0011618892895057797,,,,1520.1374
2641,0.0011615253752097487,,,,1520.6154
2642,0.0011611598310992122,,,,1521.1035
2643,0.0011607981286942959,,,,1521.5918
2644,0.0011604297906160355,,,,1522.0594
2645,0.0011600697180256248,,,,1522.5455
2646,0.0011597054544836283,,,,1523.0502
2647,0.0011593453818932176,,,,1523.559
2648,0.0011589792557060719,,,,1524.0285
2649,0.001158621977083385,,,,1524.497
2650,0.0011582572478801012,,,,1524.9667
2651,0.0011578953126445413,,,,1525.4452
2652,0.0011575373355299234,,,,1525.932
2653,0.0011571776121854782,,,,1526.414
2654,0.001156815211288631,,,,1526.9334
2655,0.001156454673036933,,,,1527.4393
2656,0.0011560985585674644,,,,1527.9448
2657,0.001155735575594008,,,,1528.4491
2658,0.001155378413386643,,,,1528.9412
2659,0.0011550197377800941,,,,1529.4265
2660,0.001154657918959856,,,,1529.9581
2661,0.0011543008731678128,,,,1530.4578
2662,0.0011539444094523787,,,,1530.9628
2663,0.0011535888770595193,,,,1531.4608
2664,0.0011532293865457177,,,,1531.9555
2665,0.0011528717586770654,,,,1532.4662
2666,0.0011525158770382404,,,,1532.9729
2667,0.0011521590640768409,,,,1533.5119
2668,0.0011518050450831652,,,,1534.0289
2669,0.0011514477664604783,,,,1534.5395
2670,0.0011510904878377914,,,,1535.072
2671,0.001150736934505403,,,,1535.5584
2672,0.0011503814021125436,,,,1536.0457
2673,0.0011500273831188679,,,,1536.5331
2674,0.001149668707512319,,,,1537.0293
2675,0.0011493171332404017,,,,1537.5107
2676,0.0011489646276459098,,,,1537.9951
2677,0.0011486159637570381,,,,1538.4721
2678,0.0011482593836262822,,,,1538.9599
2679,0.0011479062959551811,,,,1539.4533
2680,0.0011475534411147237,,,,1539.9218
2681,0.0011472012847661972,,,,1540.4158
2682,0.0011468519223853946,,,,1540.9032
2683,0.0011464961571618915,,,,1541.3831
2684,0.0011461457470431924,,,,1541.8557
2685,0.0011457952205091715,,,,1542.3377
2686,0.0011454441118985415,,,,1542.8297
2687,0.001145093934610486,,,,1543.3292
2688,0.0011447431752458215,,,,1543.8263
2689,0.0011443912517279387,,,,1544.3156
2690,0.0011440413072705269,,,,1544.7889
2691,0.0011436929926276207,,,,1545.276
2692,0.0011433425825089216,,,,1545.7701
2693,0.0011429993901401758,,,,1546.2484
2694,0.001142645487561822,,,,1546.7337
2695,0.0011422968236729503,,,,1547.2411
2696,0.0011419520014896989,,,,1547.7321
2697,0.00114160287193954,,,,1548.224
2698,0.0011412566527724266,,,,1548.7206
2699,0.0011409068247303367,,,,1549.212
2700,0.0011405607219785452,0.09386823326349258,0.14042368531227112,0.0524,1549.758
2701,0.0011402135714888573,,,,1550.2556
2702,0.001139866653829813,,,,1550.7434
2703,0.0011395210167393088,,,,1551.2149
2704,0.001139175146818161,,,,1551.6907
2705,0.0011388332350179553,,,,1552.186
2706,0.0011384880635887384,,,,1552.6729
2707,0.0011381413787603378,,,,1553.1662
2708,0.0011377944611012936,,,,1553.6448
2709,0.0011374509194865823,,,,1554.1436
2710,0.001137102721258998,,,,1554.617
2711,0.001136756967753172,,,,1555.0979
2712,0.0011364164529368281,,,,1555.5988
2713,0.0011360730277374387,,,,1556.1184
2714,0.0011357319308444858,,,,1556.63
2715,0.0011353871086612344,,,,1557.123
2716,0.0011350453132763505,,,,1557.6197
2717,0.0011347022373229265,,,,1558.1111
2718,0.0011343589285388589,,,,1558.6103
2719,0.0011340181808918715,,,,1559.1021
2720,0.0011336724273860455,,,,1559.594
2721,0.0011333383154124022,,,,1560.0885
2722,0.0011329934932291508,,,,1560.589
2723,0.0011326533276587725,,,,1561.0887
2724,0.0011323114158585668,,,,1561.5853
2725,0.0011319691548123956,,,,1562.0815
2726,0.0011316309683024883,,,,1562.5698
2727,0.0011312876595184207,,,,1563.0602
2728,0.0011309501715004444,,,,1563.5599
2729,0.001130613498389721,,,,1564.0482
2730,0.0011302684433758259,,,,1564.5416
2731,0.0011299315374344587,,,,1565.0348
2732,0.0011295904405415058,,,,1565.5284
2733,0.0011292531853541732,,,,1566.0189
2734,0.0011289108078926802,,,,1566.5087
2735,0.0011285754153504968,,,,1567.0059
2736,0.0011282359482720494,,,,1567.4935
2737,0.0011279017198830843,,,,1567.9866
2738,0.00112756562884897,,,,1568.4737
2739,0.0011272234842181206,,,,1568.9703
2740,0.0011268898379057646,,,,1569.4638
2741,0.001126553164795041,,,,1569.9502
2742,0.0011262180050835013,,,,1570.4388
2743,0.0011258810991421342,,,,1570.9425
2744,0.001125543494708836,,,,1571.4352
2745,0.0011252076365053654,,,,1571.9295
2746,0.0011248699156567454,,,,1572.4278
2747,0.0011245376663282514,,,,1572.9212
2748,0.0011241983156651258,,,,1573.4257
2749,0.0011238718871027231,,,,1573.9208
2750,0.0011235305573791265,,,,1574.4209
2751,0.001123199239373207,,,,1574.9217
2752,0.0011228622170165181,,,,1575.4246
2753,0.0011225277557969093,,,,1575.9242
2754,0.0011221945751458406,,,,1576.4223
2755,0.0011218591826036572,,,,1576.9141
2756,0.0011215260019525886,,,,1577.4115
2757,0.0011211966630071402,,,,1577.9066
2758,0.0011208630166947842,,,,1578.398
2759,0.0011205299524590373,,,,1578.8879
2760,0.0011201979359611869,,,,1579.3818
2761,0.0011198654538020492,,,,1579.8804
2762,0.0011195321567356586,,,,1580.3793
2763,0.0011191990924999118,,,,1580.8804
2764,0.0011188710341230035,,,,1581.3822
2765,0.0011185376206412911,,,,1581.8813
2766,0.0011182045564055443,,,,1582.3876
2767,0.0011178741697221994,,,,1582.8908
2768,0.001117544830776751,,,,1583.3899
2769,0.001117211184464395,,,,1583.8939
2770,0.0011168902274221182,,,,1584.3824
2771,0.0011165512260049582,,,,1584.8799
2772,0.0011162208393216133,,,,1585.3773
2773,0.0011158919660374522,,,,1585.8827
2774,0.0011155654210597277,,,,1586.3846
2775,0.0011152348015457392,,,,1586.9228
2776,0.001114905928261578,,,,1587.5166
2777,0.0011145761236548424,,,,1588.0284
2778,0.001114244805648923,,,,1588.5293
2779,0.0011139187263324857,,,,1589.0308
2780,0.0011135890381410718,,,,1589.54
2781,0.0011132601648569107,,,,1590.0422
2782,0.001112932339310646,,,,1590.5491
2783,0.0011126042809337378,,,,1591.0471
2784,0.0011122808791697025,,,,1591.5459
2785,0.001111952937208116,,,,1592.0533
2786,0.001111622084863484,,,,1592.5815
2787,0.0011112967040389776,,,,1593.0863
2788,0.0011109694605693221,,,,1593.5884
2789,0.0011106440797448158,,,,1594.0908
2790,0.0011103175347670913,,,,1594.5894
2791,0.0011099888943135738,,,,1595.0784
2792,0.0011096684029325843,,,,1595.5748
2793,0.0011093412758782506,,,,1596.074
2794,0.0011090158950537443,,,,1596.571
2795,0.0011086906306445599,,,,1597.0697
2796,0.0011083625722676516,,,,1597.5698
2797,0.001108038704842329,,,,1598.08
2798,0.0011077162344008684,,,,1598.5761
2799,0.0011073864297941327,,,,1599.075
2800,0.0011070662876591086,0.09076354652643204,0.13503308594226837,0.0536,1599.6309
2801,0.0011067420709878206,,,,1600.1259
2802,0.0011064166901633143,,,,1600.6305
2803,0.0011060952674597502,,,,1601.1411
2804,0.001105767791159451,,,,1601.658
2805,0.0011054454371333122,,,,1602.1622
2806,0.0011051248293370008,,,,1602.6751
2807,0.0011048009619116783,,,,1603.1824
2808,0.0011044765124097466,,,,1603.6875
2809,0.0011041571851819754,,,,1604.1989
2810,0.0011038306402042508,,,,1604.7075
2811,0.001103510963730514,,,,1605.2122
2812,0.0011031900066882372,,,,1605.7178
2813,0.00110286520794034,,,,1606.2259
2814,0.0011025462299585342,,,,1606.7341
2815,0.0011022223625332117,,,,1607.2454
2816,0.001101903268136084,,,,1607.7505
2817,0.0011015814961865544,,,,1608.2635
2818,0.0011012600734829903,,,,1608.7763
2819,0.0011009415611624718,,,,1609.2875
2820,0.0011006221175193787,,,,1609.8062
2821,0.0011002982500940561,,,,1610.3134
2822,0.0010999798541888595,,,,1610.8125
2823,0.0010996583150699735,,,,1611.3179
2824,0.001099341199733317,,,,1611.8302
2825,0.0010990169830620289,,,,1612.3304
2826,0.0010986952111124992,,,,1612.8389
2827,0.001098377164453268,,,,1613.3468
2828,0.001098057720810175,,,,1613.8615
2829,0.0010977423517033458,,,,1614.3832
2830,0.0010974229080602527,,,,1614.8963
2831,0.001097105909138918,,,,1615.4024
2832,0.0010967865819111466,,,,1615.9309
2833,0.0010964696994051337,,,,1616.4489
2834,0.001096152001991868,,,,1616.9636
2835,0.0010958289494737983,,,,1617.4773
2836,0.0010955114848911762,,,,1617.9945
2837,0.0010951965814456344,,,,1618.5085
2838,0.0010948838898912072,,,,1619.0192
2839,0.0010945637477561831,,,,1619.537
2840,0.00109424430411309,,,,1620.0508
2841,0.001093928120099008,,,,1620.5577
2842,0.001093610073439777,,,,1621.0734
2843,0.001093293190933764,,,,1621.5882
2844,0.0010929752606898546,,,,1622.0996
2845,0.001092664897441864,,,,1622.6187
2846,0.0010923463851213455,,,,1623.1361
2847,0.0010920304339379072,,,,1623.6501
2848,0.0010917140170931816,,,,1624.1649
2849,0.0010914007434621453,,,,1624.677
2850,0.0010910860728472471,,,,1625.1881
2851,0.0010907694231718779,,,,1625.7057
2852,0.0010904539376497269,,,,1626.2228
2853,0.0010901400819420815,,,,1626.7337
2854,0.0010898241307586432,,,,1627.2458
2855,0.0010895089944824576,,,,1627.7572
2856,0.0010891988640651107,,,,1628.2744
2857,0.001088881166651845,,,,1628.7851
2858,0.001088569639250636,,,,1629.3023
2859,0.0010882491478696465,,,,1629.8156
2860,0.0010879408800974488,,,,1630.3237
2861,0.0010876284213736653,,,,1630.8493
2862,0.001087312470190227,,,,1631.3635
2863,0.001086999662220478,,,,1631.879
2864,0.001086684875190258,,,,1632.3947
2865,0.0010863745119422674,,,,1632.9158
2866,0.00108605925925076,,,,1633.4449
2867,0.0010857462184503675,,,,1633.9725
2868,0.0010854379506781697,,,,1634.4953
2869,0.0010851238621398807,,,,1635.0295
2870,0.0010848160600289702,,,,1635.5624
2871,0.0010844968492165208,,,,1636.088
2872,0.0010841881157830358,,,,1636.6109
2873,0.0010838777525350451,,,,1637.1235
2874,0.0010835675057023764,,,,1637.6464
2875,0.0010832533007487655,,,,1638.1612
2876,0.0010829471284523606,,,,1638.6901
2877,0.0010826336219906807,,,,1639.2067
2878,0.0010823204647749662,,,,1639.724
2879,0.001082007889635861,,,,1640.2534
2880,0.0010817014845088124,,,,1640.7852
2881,0.0010813880944624543,,,,1641.3041
2882,0.0010810819221660495,,,,1641.8273
2883,0.0010807696962729096,,,,1642.3502
2884,0.0010804610792547464,,,,1642.8707
2885,0.001080151880159974,,,,1643.3989
2886,0.001079841167666018,,,,1643.9324
2887,0.0010795346461236477,,,,1644.4535
2888,0.0010792226530611515,,,,1644.9751
2889,0.001078914850950241,,,,1645.496
2890,0.0010786044877022505,,,,1646.0356
2891,0.0010782958706840873,,,,1646.5595
2892,0.0010779878357425332,,,,1647.0897
2893,0.0010776780545711517,,,,1647.6134
2894,0.0010773713001981378,,,,1648.1348
2895,0.0010770621011033654,,,,1648.6573
2896,0.0010767548810690641,,,,1649.176
2897,0.0010764490580186248,,,,1649.6962
2898,0.0010761377634480596,,,,1650.2159
2899,0.0010758355492725968,,,,1650.7331
2900,0.001075522042810917,0.08805765956640244,0.13020193576812744,0.0557,1651.3619
2901,0.0010752177331596613,,,,1651.8855
2902,0.001074905856512487,,,,1652.4158
2903,0.0010746014304459095,,,,1652.9405
2904,0.001074297004379332,,,,1653.4739
2905,0.0010739908320829272,,,,1653.9985
2906,0.0010736830299720168,,,,1654.5317
2907,0.0010733789531514049,,,,1655.0665
2908,0.0010730677749961615,,,,1655.6045
2909,0.0010727602057158947,,,,1656.1284
2910,0.0010724570602178574,,,,1656.6669
2911,0.0010721517028287053,,,,1657.2005
2912,0.0010718484409153461,,,,1657.7281
2913,0.001071541104465723,,,,1658.2654
2914,0.001071237726137042,,,,1658.7959
2915,0.0010709329508244991,,,,1659.326
2916,0.0010706271277740598,,,,1659.8508
2917,0.0010703185107558966,,,,1660.3713
2918,0.0010700179263949394,,,,1660.9078
2919,0.0010697124525904655,,,,1661.4396
2920,0.001069406047463417,,,,1661.9683
2921,0.0010691025527194142,,,,1662.4985
2922,0.001068799290806055,,,,1663.0308
2923,0.0010684935841709375,,,,1663.563
2924,0.0010681918356567621,,,,1664.0924
2925,0.0010678899707272649,,,,1664.6256
2926,0.0010675833327695727,,,,1665.1588
2927,0.0010672794887796044,,,,1665.69
2928,0.0010669761104509234,,,,1666.2196
2929,0.001066671684384346,,,,1666.7585
2930,0.0010663706343621016,,,,1667.2906
2931,0.0010660693515092134,,,,1667.8205
2932,0.0010657641105353832,,,,1668.3523
2933,0.0010654652724042535,,,,1668.8826
2934,0.0010651613119989634,,,,1669.4131
2935,0.0010648570023477077,,,,1669.9518
2936,0.0010645543225109577,,,,1670.4834
2937,0.0010642532724887133,,,,1671.0221
2938,0.0010639505926519632,,,,1671.5573
2939,0.001063646632246673,,,,1672.0906
2940,0.0010633482597768307,,,,1672.6264
2941,0.0010630469769239426,,,,1673.1581
2942,0.0010627477895468473,,,,1673.6901
2943,0.0010624418500810862,,,,1674.2233
2944,0.0010621432447806,,,,1674.7775
2945,0.0010618404485285282,,,,1675.3068
2946,0.0010615438222885132,,,,1675.8346
2947,0.0010612379992380738,,,,1676.3941
2948,0.0010609397431835532,,,,1676.9287
2949,0.001060637878254056,,,,1677.4624
2950,0.0010603382252156734,,,,1677.9993
2951,0.0010600363602861762,,,,1678.5232
2952,0.0010597369400784373,,,,1679.048
2953,0.00105943507514894,,,,1679.5712
2954,0.0010591365862637758,,,,1680.1009
2955,0.0010588386794552207,,,,1680.6337
2956,0.0010585387935861945,,,,1681.1694
2957,0.0010582408867776394,,,,1681.705
2958,0.0010579443769529462,,,,1682.2383
2959,0.0010576447239145637,,,,1682.7742
2960,0.0010573454201221466,,,,1683.3123
2961,0.0010570489102974534,,,,1683.8433
2962,0.0010567543795332313,,,,1684.371
2963,0.001056457869708538,,,,1684.9055
2964,0.0010561697417870164,,,,1685.4448
2965,0.0010558804497122765,,,,1685.9786
2966,0.0010555979097262025,,,,1686.5108
2967,0.0010553149040788412,,,,1687.042
2968,0.0010550577426329255,,,,1687.5726
2969,0.0010548066347837448,,,,1688.108
2970,0.001054583815857768,,,,1688.6414
2971,0.0010544066317379475,,,,1689.1827
2972,0.0010542904492467642,,,,1689.7148
2973,0.0010542721720412374,,,,1690.2507
2974,0.0010544111719354987,,,,1690.7927
2975,0.001054789056070149,,,,1691.3253
2976,0.0010555160697549582,,,,1691.8524
2977,0.0010567543795332313,,,,1692.39
2978,0.0010586772114038467,,,,1692.9201
2979,0.0010614311322569847,,,,1693.4601
2980,0.0010648875031620264,,,,1694.0061
2981,0.0010685556335374713,,,,1694.5541
2982,0.0010710526257753372,,,,1695.0949
2983,0.0010708647314459085,,,,1695.635
2984,0.0010668030008673668,,,,1696.1658
2985,0.0010599753586575389,,,,1696.704
2986,0.0010532160522416234,,,,1697.263
2987,0.0010495319729670882,,,,1697.8653
2988,0.001049858401529491,,,,1698.4373
2989,0.0010527363047003746,,,,1698.9771
2990,0.0010555486660450697,,,,1699.5129
2991,0.0010561299277469516,,,,1700.0408
2992,0.0010540136136114597,,,,1700.5747
2993,0.0010505227837711573,,,,1701.112
2994,0.0010477806208655238,,,,1701.6447
2995,0.0010470758425071836,,,,1702.182
2996,0.0010481150820851326,,,,1702.7214
2997,0.0010494939051568508,,,,1703.2554
2998,0.0010498551419004798,,,,1703.7991
2999,0.0010487979743629694,,,,1704.3386
3000,0.0010469716507941484,0.08645907789468765,0.12612900137901306,0.0593,1704.954
3001,0.001045471173711121,,,,1705.5085
3002,0.0010449817636981606,,,,1706.1764
3003,0.001045352895744145,,,,1706.7458
3004,0.0010458764154464006,,,,1707.3209
3005,0.0010458839824423194,,,,1707.866
3006,0.0010451916605234146,,,,1708.4119
3007,0.0010441485792398453,,,,1708.9601
3008,0.0010432872222736478,,,,1709.5216
3009,0.0010429146932438016,,,,1710.0802
3010,0.0010429566027596593,,,,1710.6461
3011,0.0010430586989969015,,,,1711.2551
3012,0.0010429127141833305,,,,1711.8341
3013,0.0010424302890896797,,,,1712.3932
3014,0.0010417783632874489,,,,1712.9316
3015,0.001041205134242773,,,,1713.4736
3016,0.0010408613597974181,,,,1714.0195
3017,0.0010407207300886512,,,,1714.5856
3018,0.0010406236397102475,,,,1715.176
3019,0.0010404217755421996,,,,1715.7318
3020,0.001040058908984065,,,,1716.2722
3021,0.0010396037250757217,,,,1716.8161
3022,0.0010391627438366413,,,,1717.3525
3023,0.001038828631862998,,,,1717.8932
3024,0.0010385863715782762,,,,1718.4396
3025,0.0010383881162852049,,,,1718.9762
3026,0.0010381643660366535,,,,1719.5197
3027,0.0010378643637523055,,,,1720.0587
3028,0.0010375094134360552,,,,1720.6017
3029,0.0010371438693255186,,,,1721.1683
3030,0.0010368098737671971,,,,1721.7179
3031,0.0010365246562287211,,,,1722.2704
3032,0.0010362708708271384,,,,1722.8128
3033,0.001036022324115038,,,,1723.3709
3034,0.0010357495630159974,,,,1723.9184
3035,0.0010354433907195926,,,,1724.4687
3036,0.0010351231321692467,,,,1725.0158
3037,0.0010348056675866246,,,,1725.5578
3038,0.0010345014743506908,,,,1726.1133
3039,0.0010342170717194676,,,,1726.6687
3040,0.001033951179124415,,,,1727.2225
3041,0.0010336769046261907,,,,1727.7757
3042,0.001033396809361875,,,,1728.3132
3043,0.0010331019293516874,,,,1728.8879
3044,0.0010328002972528338,,,,1729.4501
3045,0.001032500877045095,,,,1729.9955
3046,0.0010322066955268383,,,,1730.5306
3047,0.0010319212451577187,,,,1731.079
3048,0.0010316424304619431,,,,1731.6392
3049,0.001031364081427455,,,,1732.2952
3050,0.00103107956238091,,,,1733.0147
3051,0.001030792947858572,,,,1733.6763
3052,0.0010304992320016026,,,,1734.3342
3053,0.0010302081936970353,,,,1734.9853
3054,0.0010299216955900192,,,,1735.6248
3055,0.001029631937853992,,,,1736.3219
3056,0.0010293510276824236,,,,1736.9652
3057,0.0010290644131600857,,,,1737.6185
3058,0.0010287842014804482,,,,1738.2637
3059,0.001028497819788754,,,,1738.9053
3060,0.0010282109724357724,,,,1739.5734
3061,0.0010279249399900436,,,,1740.25
3062,0.0010276398388668895,,,,1740.8984
3063,0.0010273504303768277,,,,1741.543
3064,0.0010270652128383517,,,,1742.1837
3065,0.0010267809266224504,,,,1742.8291
3066,0.001026500598527491,,,,1743.475
3067,0.0010262125870212913,,,,1744.1208
3068,0.0010259338887408376,,,,1744.7714
3069,0.0010256469249725342,,,,1745.407
3070,0.0010253656655550003,,,,1746.0465
3071,0.0010250802151858807,,,,1746.6898
3072,0.00102479406632483,,,,1747.3347
3073,0.0010245062876492739,,,,1747.9726
3074,0.0010242237476632,,,,1748.6438
3075,0.0010239436523988843,,,,1749.3013
3076,0.001023659249767661,,,,1749.9571
3077,0.0010233776411041617,,,,1750.6019
3078,0.0010230920743197203,,,,1751.262
3079,0.001022813143208623,,,,1751.9059
3080,0.0010225273435935378,,,,1752.5509
3081,0.0010222430573776364,,,,1753.2026
3082,0.0010219616815447807,,,,1753.8639
3083,0.0010216775117442012,,,,1754.5775
3084,0.0010213966015726328,,,,1755.2541
3085,0.0010211151093244553,,,,1755.919
3086,0.0010208318708464503,,,,1756.5681
3087,0.0010205472353845835,,,,1757.2266
3088,0.0010202692355960608,,,,1757.9142
3089,0.0010199869284406304,,,,1758.5531
3090,0.0010197057854384184,,,,1759.1124
3091,0.0010194213828071952,,,,1759.6989
3092,0.001019140938296914,,,,1760.3329
3093,0.0010188561864197254,,,,1760.892
3094,0.0010185771388933063,,,,1761.4487
3095,0.0010182936675846577,,,,1762.0076
3096,0.0010180110111832619,,,,1762.5751
3097,0.0010177321964874864,,,,1763.1364
3098,0.001017451868392527,,,,1763.696
3099,0.0010171681642532349,,,,1764.254
3100,0.0010168872540816665,0.08344439417123795,0.12196192890405655,0.059,1764.8688
3101,0.0010166066931560636,,,,1765.4339
3102,0.0010163247352465987,,,,1766.0028
3103,0.001016046735458076,,,,1766.5766
3104,0.0010157646611332893,,,,1767.1466
3105,0.0010154849151149392,,,,1767.7059
3106,0.00101520458701998,,,,1768.2638
3107,0.0010149256559088826,,,,1768.8214
3108,0.0010146463755518198,,,,1769.3701
3109,0.0010143658146262169,,,,1769.9163
3110,0.001014088629744947,,,,1770.4671
3111,0.0010138059733435512,,,,1771.0343
3112,0.0010135243646800518,,,,1771.6367
3113,0.0010132461320608854,,,,1772.2038
3114,0.0010129675501957536,,,,1772.7832
3115,0.001012688153423369,,,,1773.3425
3116,0.0010124065447598696,,,,1773.9078
3117,0.0010121306404471397,,,,1774.5069
3118,0.0010118511272594333,,,,1775.0695
3119,0.0010115712648257613,,,,1775.6281
3120,0.0010112932650372386,,,,1776.3294
3121,0.0010110163129866123,,,,1777.0874
3122,0.001010734704323113,,,,1777.8999
3123,0.0010104556567966938,,,,1778.6003
3124,0.0010101757943630219,,,,1779.691
3125,0.0010098977945744991,,,,1780.5384
3126,0.0010096196783706546,,,,1781.6181
3127,0.0010093444725498557,,,,1782.3523
3128,0.0010090662399306893,,,,1783.1023
3129,0.0010087847476825118,,,,1783.7772
3130,0.0010085083777084947,,,,1784.5039
3131,0.0010082308435812593,,,,1785.2231
3132,0.0010079540079459548,,,,1785.999
3133,0.001007674727588892,,,,1786.819
3134,0.0010073992889374495,,,,1787.4783
3135,0.001007122453302145,,,,1788.1039
3136,0.0010068437550216913,,,,1788.7203
3137,0.0010065670358017087,,,,1789.3636
3138,0.0010062932269647717,,,,1790.0238
3139,0.0010060142958536744,,,,1790.7062
3140,0.0010057361796498299,,,,1791.3547
3141,0.001005459693260491,,,,1791.9813
3142,0.0010051820427179337,,,,1792.66
3143,0.001004906720481813,,,,1793.3381
3144,0.0010046293027698994,,,,1793.9657
3145,0.0010043554939329624,,,,1794.6092
3146,0.001004080637358129,,,,1795.2505
3147,0.0010038018226623535,,,,1795.9111
3148,0.001003524288535118,,,,1796.6231
3149,0.001003254554234445,,,,1797.3451
3150,0.0010029803961515427,,,,1798.1393
3151,0.0010027060052379966,,,,1799.029
3152,0.0010024338262155652,,,,1799.9048
3153,0.0010021617636084557,,,,1800.6638
3154,0.0010018947068601847,,,,1801.2973
3155,0.0010016297455877066,,,,1801.9671
3156,0.00100137188564986,,,,1802.6233
3157,0.0010011199628934264,,,,1803.2914
3158,0.0010008790995925665,,,,1803.9835
3159,0.001000652089715004,,,,1804.6874
3160,0.0010004575597122312,,,,1805.3927
3161,0.0010002944618463516,,,,1806.0905
3162,0.0010001924820244312,,,,1806.7774
3163,0.0010001828195527196,,,,1807.4618
3164,0.001000308315269649,,,,1808.1311
3165,0.0010006447555497289,,,,1808.8818
3166,0.0010012842249125242,,,,1809.5913
3167,0.0010023833019658923,,,,1810.2618
3168,0.0010041266214102507,,,,1810.964
3169,0.0010066864779219031,,,,1811.6114
3170,0.0010102202650159597,,,,1812.244
3171,0.001014495501294732,,,,1812.8929
3172,0.0010189018212258816,,,,1813.5187
3173,0.0010218319948762655,,,,1814.1491
3174,0.0010215983493253589,,,,1814.7808
3175,0.0010168928420171142,,,,1815.4229
3176,0.0010089216521009803,,,,1816.0658
3177,0.0010007559321820736,,,,1816.6977
3178,0.000995853217318654,,,,1817.325
3179,0.0009955652058124542,,,,1817.9589
3180,0.0009986356599256396,,,,1818.5978
3181,0.0010022827191278338,,,,1819.2374
3182,0.001003870158456266,,,,1819.8736
3183,0.0010023508220911026,,,,1820.5015
3184,0.0009986362420022488,,,,1821.1526
3185,0.0009949395898729563,,,,1821.7915
3186,0.0009931366657838225,,,,1822.441
3187,0.0009936196729540825,,,,1823.0946
3188,0.0009952837135642767,,,,1823.7314
3189,0.0009965100325644016,,,,1824.3655
3190,0.0009962719632312655,,,,1825.0042
3191,0.0009946502977982163,,,,1825.666
3192,0.0009926483035087585,,,,1826.3237
3193,0.000991323497146368,,,,1827.056
3194,0.0009911321103572845,,,,1827.8597
3195,0.0009917056886479259,,,,1828.5256
3196,0.0009922687895596027,,,,1829.1837
3197,0.0009922236204147339,,,,1829.8324
3198,0.0009914565598592162,,,,1830.4803
3199,0.000990359578281641,,,,1831.13
3200,0.0009894714457914233,0.08161694556474686,0.11856641620397568,0.0679,1831.8436
3201,0.0009890913497656584,,,,1832.4817
3202,0.0009891493245959282,,,,1833.1318
3203,0.000989308813586831,,,,1833.7782
3204,0.000989254331216216,,,,1834.4293
3205,0.000988854211755097,,,,1835.0681
3206,0.000988229876384139,,,,1835.7143
3207,0.0009876089170575142,,,,1836.3598
3208,0.0009871907532215118,,,,1836.9979
3209,0.0009869972709566355,,,,1837.6266
3210,0.0009869261411949992,,,,1838.2716
3211,0.0009868189226835966,,,,1838.9166
3212,0.0009865688625723124,,,,1839.5557
3213,0.0009861800353974104,,,,1840.1977
3214,0.0009857418481260538,,,,1840.8955
3215,0.0009853446390479803,,,,1841.6296
3216,0.000985047547146678,,,,1842.2917
3217,0.0009848371846601367,,,,1842.9496
3218,0.000984660815447569,,,,1843.6106
3219,0.0009844460291787982,,,,1844.2606
3220,0.0009841743158176541,,,,1844.9053
3221,0.0009838455589488149,,,,1845.5599
3222,0.0009835015516728163,,,,1846.2103
3223,0.0009831854840740561,,,,1846.8553
3224,0.0009829065529629588,,,,1847.5146
3225,0.00098266766872257,,,,1848.1698
3226,0.0009824394946917892,,,,1848.8323
3227,0.000982201425358653,,,,1849.4909
3228,0.0009819328552111983,,,,1850.1455
3229,0.0009816414676606655,,,,1850.8049
3230,0.0009813423966988921,,,,1851.4617
3231,0.0009810513583943248,,,,1852.1099
3232,0.0009807737078517675,,,,1852.7624
3233,0.0009805128211155534,,,,1853.4153
3234,0.0009802615968510509,,,,1854.1959
3235,0.0009800130501389503,,,,1854.9188
3236,0.0009797500679269433,,,,1855.5842
3237,0.0009794797515496612,,,,1856.2581
3238,0.0009792025666683912,,,,1856.9474
3239,0.000978923519141972,,,,1857.6317
3240,0.0009786488953977823,,,,1858.3252
3241,0.000978380790911615,,,,1859.0058
3242,0.0009781161788851023,,,,1859.6643
3243,0.0009778585517778993,,,,1860.3418
3244,0.0009775999933481216,,,,1861.0044
3245,0.0009773381752893329,,,,1861.6584
3246,0.0009770684409886599,,,,1862.3166
3247,0.0009768016170710325,,,,1862.9803
3248,0.0009765294962562621,,,,1863.6423
3249,0.0009762632544152439,,,,1864.2984
3250,0.0009759967215359211,,,,1864.962
3251,0.0009757305379025638,,,,1865.6106
3252,0.0009754671482369304,,,,1866.2834
3253,0.0009752061450853944,,,,1866.9405
3254,0.0009749412420205772,,,,1867.609
3255,0.0009746807627379894,,,,1868.2819
3256,0.0009744120761752129,,,,1868.9534
3257,0.0009741499088704586,,,,1869.6409
3258,0.0009738803491927683,,,,1870.3011
3259,0.0009736156789585948,,,,1870.9858
3260,0.0009733538026921451,,,,1871.6602
3261,0.0009730919264256954,,,,1872.318
3262,0.0009728241129778326,,,,1872.9915
3263,0.0009725599666126072,,,,1873.6453
3264,0.0009723001858219504,,,,1874.3096
3265,0.0009720365633256733,,,,1874.9635
3266,0.0009717713692225516,,,,1875.6335
3267,0.0009715083870105445,,,,1876.3088
3268,0.0009712470346130431,,,,1876.9774
3269,0.0009709799778647721,,,,1877.6468
3270,0.000970719032920897,,,,1878.3126
3271,0.000970454711932689,,,,1878.9845
3272,0.0009701914386823773,,,,1879.6568
3273,0.000969928689301014,,,,1880.3342
3274,0.0009696641936898232,,,,1881.0003
3275,0.0009694044711068273,,,,1881.6582
3276,0.0009691413724794984,,,,1882.3273
3277,0.0009688789141364396,,,,1882.992
3278,0.000968616979662329,,,,1883.657
3279,0.0009683523676358163,,,,1884.3178
3280,0.0009680885705165565,,,,1884.9733
3281,0.0009678277419880033,,,,1885.6442
3282,0.0009675665642134845,,,,1886.3186
3283,0.0009673048043623567,,,,1886.9928
3284,0.0009670410654507577,,,,1887.646
3285,0.0009667807025834918,,,,1888.3174
3286,0.0009665179532021284,,,,1888.9893
3287,0.0009662550874054432,,,,1889.6556
3288,0.0009659931529313326,,,,1890.3293
3289,0.0009657347109168768,,,,1890.99
3290,0.0009654707391746342,,,,1891.6548
3291,0.0009652069420553744,,,,1892.3186
3292,0.0009649464627727866,,,,1892.9736
3293,0.0009646860999055207,,,,1893.6445
3294,0.0009644218371249735,,,,1894.3193
3295,0.0009641643264330924,,,,1894.9777
3296,0.0009638984338380396,,,,1895.6455
3297,0.0009636398172006011,,,,1896.3141
3298,0.0009633807931095362,,,,1896.9813
3299,0.0009631217108108103,,,,1897.6528
3300,0.0009628557600080967,0.07945965230464935,0.11531724780797958,0.0709,1898.3912
3301,0.0009625976090319455,,,,1899.0758
3302,0.0009623345104046166,,,,1899.7574
3303,0.0009620776982046664,,,,1900.4199
3304,0.0009618168114684522,,,,1901.1206
3305,0.0009615560411475599,,,,1901.8652
3306,0.0009612939320504665,,,,1902.5459
3307,0.0009610347333364189,,,,1903.2312
3308,0.0009607705287635326,,,,1903.9085
3309,0.0009605127852410078,,,,1904.5829
3310,0.0009602573118172586,,,,1905.2574
3311,0.0009599916520528495,,,,1905.9513
3312,0.0009597341995686293,,,,1906.6919
3313,0.0009594695293344557,,,,1907.4184
3314,0.000959214405156672,,,,1908.1911
3315,0.0009589538094587624,,,,1908.9433
3316,0.0009586968808434904,,,,1909.6377
3317,0.0009584350045770407,,,,1910.3208
3318,0.0009581767371855676,,,,1911.0203
3319,0.0009579139295965433,,,,1911.7178
3320,0.0009576563606970012,,,,1912.4614
3321,0.0009573956485837698,,,,1913.1683
3322,0.0009571401751600206,,,,1913.8846
3323,0.0009568778914399445,,,,1914.6332
3324,0.0009566217195242643,,,,1915.4207
3325,0.0009563629282638431,,,,1916.208
3326,0.0009561009937897325,,,,1916.9611
3327,0.0009558438905514777,,,,1917.6727
3328,0.00095558405155316,,,,1918.3852
3329,0.0009553235722705722,,,,1919.068
3330,0.0009550661197863519,,,,1919.751
3331,0.0009548096568323672,,,,1920.4339
3332,0.0009545503417029977,,,,1921.1094
3333,0.0009542917832732201,,,,1921.786
3334,0.0009540373575873673,,,,1922.4604
3335,0.0009537780424579978,,,,1923.1375
3336,0.0009535150020383298,,,,1923.8173
3337,0.000953260634560138,,,,1924.5063
3338,0.0009530039969831705,,,,1925.1912
3339,0.0009527479414828122,,,,1925.8614
3340,0.0009524911874905229,,,,1926.5405
3341,0.0009522380423732102,,,,1927.2167
3342,0.0009519858285784721,,,,1927.8958
3343,0.0009517358266748488,,,,1928.5834
3344,0.0009514883859083056,,,,1929.2725
3345,0.0009512513061054051,,,,1929.9607
3346,0.000951019988860935,,,,1930.6355
3347,0.0009508056100457907,,,,1931.3648
3348,0.0009506139904260635,,,,1932.0495
3349,0.0009504577028565109,,,,1932.7309
3350,0.000950356014072895,,,,1933.4284
3351,0.0009503458277322352,,,,1934.1473
3352,0.0009504731860943139,,,,1934.838
3353,0.0009508229559287429,,,,1935.5248
3354,0.000951520400121808,,,,1936.2168
3355,0.0009527506772428751,,,,1936.9029
3356,0.0009547959198243916,,,,1937.5824
3357,0.0009579936158843338,,,,1938.2526
3358,0.0009627551771700382,,,,1938.9345
3359,0.0009692286839708686,,,,1939.618
3360,0.0009770971955731511,,,,1940.292
3361,0.0009845277527347207,,,,1940.9703
3362,0.0009885980980470777,,,,1941.6711
3363,0.000985527876764536,,,,1942.3475
3364,0.0009748071897774935,,,,1943.0405
3365,0.0009602195932529867,,,,1943.7384
3366,0.0009488997748121619,,,,1944.4222
3367,0.0009456870029680431,,,,1945.1002
3368,0.0009500310989096761,,,,1945.8027
3369,0.0009570627589710057,,,,1946.5499
3370,0.0009611104615032673,,,,1947.2304
3371,0.0009592537535354495,,,,1947.9046
3372,0.000952846254222095,,,,1948.5885
3373,0.0009464017930440605,,,,1949.2668
3374,0.0009437895496375859,,,,1949.9462
3375,0.0009455321123823524,,,,1950.6294
3376,0.0009490010561421514,,,,1951.315
3377,0.0009508377406746149,,,,1952.0049
3378,0.0009495088597759604,,,,1952.6948
3379,0.0009460528381168842,,,,1953.3759
3380,0.0009429819765500724,,,,1954.054
3381,0.0009420818532817066,,,,1954.7767
3382,0.0009432161459699273,,,,1955.4857
3383,0.0009447748307138681,,,,1956.1866
3384,0.0009451577207073569,,,,1956.8894
3385,0.0009439572459086776,,,,1957.5682
3386,0.0009420312708243728,,,,1958.2513
3387,0.0009406380704604089,,,,1958.9439
3388,0.0009404112352058291,,,,1959.6394
3389,0.0009410062339156866,,,,1960.328
3390,0.0009415569365955889,,,,1961.0382
3391,0.0009413950028829277,,,,1961.7855
3392,0.0009405196760781109,,,,1962.4897
3393,0.0009394476655870676,,,,1963.1923
3394,0.0009387634927406907,,,,1963.8897
3395,0.0009386429446749389,,,,1964.5837
3396,0.0009388424223288894,,,,1965.2759
3397,0.0009389352635480464,,,,1965.966
3398,0.0009386558667756617,,,,1966.6497
3399,0.00093806505901739,,,,1967.3411
3400,0.0009374261135235429,0.07789459079504013,0.11265484988689423,0.074,1968.0983
3401,0.0009369947365485132,,,,1968.789
3402,0.0009368292521685362,,,,1969.483
3403,0.0009368003229610622,,,,1970.1852
3404,0.0009367088205181062,,,,1970.8658
3405,0.0009364380384795368,,,,1971.5467
3406,0.0009360249969176948,,,,1972.2295
3407,0.0009355898946523666,,,,1972.9182
3408,0.0009352456545457244,,,,1973.6129
3409,0.0009350277250632644,,,,1974.2993
3410,0.000934880634304136,,,,1974.9921
3411,0.0009347127052024007,,,,1975.6913
3412,0.0009344674181193113,,,,1976.4032
3413,0.0009341506520286202,,,,1977.0999
3414,0.0009338121744804084,,,,1977.7966
3415,0.0009335058857686818,,,,1978.4892
3416,0.0009332546615041792,,,,1979.1789
3417,0.0009330457542091608,,,,1979.8647
3418,0.0009328417363576591,,,,1980.5455
3419,0.0009326078579761088,,,,1981.2261
3420,0.0009323420817963779,,,,1981.919
3421,0.0009320506942458451,,,,1982.6178
3422,0.0009317651274614036,,,,1983.3121
3423,0.0009315022616647184,,,,1983.9994
3424,0.0009312644833698869,,,,1984.6972
3425,0.0009310381719842553,,,,1985.3927
3426,0.0009308019652962685,,,,1986.0896
3427,0.0009305597632192075,,,,1986.7793
3428,0.0009302952676080167,,,,1987.4647
3429,0.0009300332167185843,,,,1988.154
3430,0.0009297696524299681,,,,1988.8526
3431,0.0009295126073993742,,,,1989.5427
3432,0.0009292745380662382,,,,1990.2344
3433,0.0009290326270274818,,,,1990.9518
3434,0.0009287905413657427,,,,1991.6506
3435,0.0009285452542826533,,,,1992.3467
3436,0.0009282932733185589,,,,1993.0581
3437,0.0009280366357415915,,,,1993.7582
3438,0.0009277827339246869,,,,1994.479
3439,0.0009275326738134027,,,,1995.1906
3440,0.000927288958337158,,,,1995.8952
3441,0.0009270412265323102,,,,1996.607
3442,0.0009268007124774158,,,,1997.3392
3443,0.0009265518747270107,,,,1998.1046
3444,0.0009263019892387092,,,,1998.822
3445,0.000926053267903626,,,,1999.5282
3446,0.0009258020436391234,,,,2000.2259
3447,0.0009255528566427529,,,,2000.9272
3448,0.000925307918805629,,,,2001.6208
3449,0.0009250601287931204,,,,2002.3196
3450,0.0009248132118955255,,,,2003.0083
3451,0.0009245654218830168,,,,2003.7214
3452,0.0009243225213140249,,,,2004.4276
3453,0.000924074905924499,,,,2005.1205
3454,0.000923824671190232,,,,2005.8299
3455,0.0009235772886313498,,,,2006.533
3456,0.0009233297896571457,,,,2007.2411
3457,0.0009230825235135853,,,,2007.9443
3458,0.0009228373528458178,,,,2008.6429
3459,0.0009225906105712056,,,,2009.335
3460,0.0009223456145264208,,,,2010.0372
3461,0.0009221009095199406,,,,2010.7388
3462,0.0009218527120538056,,,,2011.433
3463,0.0009216071921400726,,,,2012.1399
3464,0.0009213591692969203,,,,2012.7935
3465,0.0009211155120283365,,,,2013.4866
3466,0.0009208677220158279,,,,2014.1847
3467,0.0009206195827573538,,,,2014.8744
3468,0.0009203703375533223,,,,2015.5576
3469,0.0009201281936839223,,,,2016.2479
3470,0.0009198813349939883,,,,2016.941
3471,0.0009196372702717781,,,,2017.631
3472,0.0009193905862048268,,,,2018.3148
3473,0.0009191447170451283,,,,2018.9981
3474,0.0009189004194922745,,,,2019.6954
3475,0.0009186547249555588,,,,2020.3843
3476,0.0009184067021124065,,,,2021.105
3477,0.0009181604254990816,,,,2021.8194
3478,0.0009179176413454115,,,,2022.5309
3479,0.0009176689200103283,,,,2023.2257
3480,0.0009174230508506298,,,,2023.9213
3481,0.0009171819547191262,,,,2024.6205
3482,0.0009169348049908876,,,,2025.3194
3483,0.0009166875970549881,,,,2026.0646
3484,0.0009164449293166399,,,,2026.7615
3485,0.0009162001661024988,,,,2027.4774
3486,0.0009159559849649668,,,,2028.189
3487,0.0009157073800452054,,,,2028.885
3488,0.0009154648287221789,,,,2029.5896
3489,0.0009152205311693251,,,,2030.2995
3490,0.0009149766410700977,,,,2031.0008
3491,0.0009147298987954855,,,,2031.7056
3492,0.0009144869400188327,,,,2032.3915
3493,0.0009142389753833413,,,,2033.0623
3494,0.0009139978792518377,,,,2033.7246
3495,0.0009137530578300357,,,,2034.3881
3496,0.0009135071304626763,,,,2035.0488
3497,0.0009132632403634489,,,,2035.725
3498,0.0009130167309194803,,,,2036.3751
3499,0.0009127727244049311,,,,2037.0175
3500,0.0009125322103500366,0.07579425722360611,0.11001596599817276,0.072,2037.7792
3501,0.0009122901246882975,,,,2038.5148
3502,0.0009120390168391168,,,,2039.2115
3503,0.000911798095330596,,,,2039.8742
3504,0.0009115573484450579,,,,2040.5425
3505,0.0009113133419305086,,,,2041.1921
3506,0.0009110692190006375,,,,2041.8831
3507,0.0009108249796554446,,,,2042.5791
3508,0.0009105810895562172,,,,2043.2838
3509,0.0009103337652049959,,,,2044.0136
3510,0.0009100920869968832,,,,2044.7782
3511,0.0009098483133129776,,,,2045.6329
3512,0.0009096064022742212,,,,2046.4562
3513,0.0009093629778362811,,,,2047.2378
3514,0.0009091184474527836,,,,2048.0285
3515,0.0009088778751902282,,,,2048.8249
3516,0.0009086322970688343,,,,2049.6253
3517,0.0009083902696147561,,,,2050.4126
3518,0.0009081439930014312,,,,2051.2537
3519,0.0009079028968699276,,,,2052.0332
3520,0.0009076583082787693,,,,2052.8098
3521,0.0009074161062017083,,,,2053.6448
3522,0.00090717279817909,,,,2054.5758
3523,0.0009069316438399255,,,,2055.4049
3524,0.0009066877537406981,,,,2056.195
3525,0.0009064447367563844,,,,2056.9748
3526,0.0009062015451490879,,,,2057.7436
3527,0.0009059619624167681,,,,2058.5118
3528,0.0009057152783498168,,,,2059.3087
3529,0.0009054718539118767,,,,2060.0943
3530,0.0009052300592884421,,,,2060.8649
3531,0.000904988672118634,,,,2061.6397
3532,0.0009047446656040847,,,,2062.4103
3533,0.0009045040933415294,,,,2063.1855
3534,0.0009042630554176867,,,,2063.9766
3535,0.0009040198638103902,,,,2064.8123
3536,0.0009037781273946166,,,,2065.5999
3537,0.0009035347029566765,,,,2066.4034
3538,0.0009032917441800237,,,,2067.183
3539,0.000903052045032382,,,,2067.9674
3540,0.0009028097847476602,,,,2068.77
3541,0.0009025671752169728,,,,2069.5479
3542,0.0009023264283314347,,,,2070.3427
3543,0.0009020851575769484,,,,2071.1336
3544,0.0009018433629535139,,,,2072.064
3545,0.0009016027906909585,,,,2072.8333
3546,0.0009013640228658915,,,,2073.6117
3547,0.000901122170034796,,,,2074.3887
3548,0.0009008843917399645,,,,2075.2102
3549,0.0009006459731608629,,,,2075.9864
3550,0.0009004059247672558,,,,2076.7439
3551,0.0009001780999824405,,,,2077.4681
3552,0.0008999494602903724,,,,2078.1475
3553,0.0008997282711789012,,,,2078.808
3554,0.0008995123789645731,,,,2079.4637
3555,0.0008993162773549557,,,,2080.1147
3556,0.0008991403738036752,,,,2080.795
3557,0.0008989964844658971,,,,2081.47
3558,0.0008989114430733025,,,,2082.1504
3559,0.0008989055640995502,,,,2082.8256
3560,0.0008990406640805304,,,,2083.4809
3561,0.000899376580491662,,,,2084.1584
3562,0.0009000406716950238,,,,2084.832
3563,0.0009012171067297459,,,,2085.5063
3564,0.0009031711961142719,,,,2086.1824
3565,0.0009062947356142104,,,,2086.8503
3566,0.0009110432583838701,,,,2087.5083
3567,0.0009179548360407352,,,,2088.1712
3568,0.0009270968148484826,,,,2088.8344
3569,0.000937814183998853,,,,2089.5102
3570,0.00094732636353001,,,,2090.2166
3571,0.0009515006095170975,,,,2090.8772
3572,0.0009456614498049021,,,,2091.5388
3573,0.000930021982640028,,,,2092.2084
3574,0.0009106665966100991,,,,2092.8653
3575,0.0008970919880084693,,,,2093.5329
3576,0.0008947363821789622,,,,2094.2104
3577,0.0009017253178171813,,,,2094.8704
3578,0.0009110571700148284,,,,2095.536
3579,0.0009154517902061343,,,,2096.2119
3580,0.0009118678281083703,,,,2096.8676
3581,0.000902961241081357,,,,2097.5268
3582,0.0008949737530201674,,,,2098.1808
3583,0.0008925768197514117,,,,2098.8351
3584,0.0008956787060014904,,,,2099.4902
3585,0.0009003407903946936,,,,2100.1582
3586,0.0009022658341564238,,,,2100.8159
3587,0.0008999597630463541,,,,2101.4737
3588,0.000895291508641094,,,,2102.1263
3589,0.0008916555671021342,,,,2102.7941
3590,0.0008910816977731884,,,,2103.4519
3591,0.0008929601171985269,,,,2104.1167
3592,0.00089500896865502,,,,2104.7828
3593,0.0008952555945143104,,,,2105.4528
3594,0.0008934744400903583,,,,2106.1236
3595,0.0008910054457373917,,,,2106.7953
3596,0.0008894851198419929,,,,2107.4728
3597,0.0008895397186279297,,,,2108.1362
3598,0.0008905187714844942,,,,2108.7958
3599,0.0008912257617339492,,,,2109.4601
3600,0.0008909143507480621,0.07522709667682648,0.1083601862192154,0.0696,2110.1891
3601,0.0008897358202375472,,,,2110.8785
3602,0.0008884522831067443,,,,2111.5579
3603,0.0008877717773430049,,,,2112.2147
3604,0.0008878301014192402,,,,2112.8837
3605,0.0008882164256647229,,,,2113.5481
3606,0.000888365670107305,,,,2114.2158
3607,0.000887993024662137,,,,2114.8731
3608,0.0008872542530298233,,,,2115.5332
3609,0.0008865311392582953,,,,2116.2032
3610,0.0008861272362992167,,,,2116.874
3611,0.0008860653615556657,,,,2117.5263
3612,0.0008861289243213832,,,,2118.2059
3613,0.0008860686793923378,,,,2118.8592
3614,0.0008857648354023695,,,,2119.5176
3615,0.0008852873579598963,,,,2120.175
3616,0.0008848144207149744,,,,2120.8382
3617,0.0008844887488521636,,,,2121.492
3618,0.000884323613718152,,,,2122.1448
3619,0.0008842350216582417,,,,2122.8054
3620,0.0008840985246933997,,,,2123.4722
3621,0.0008838467765599489,,,,2124.1278
3622,0.0008835111511871219,,,,2124.7751
3623,0.0008831534069031477,,,,2125.4389
3624,0.0008828582940623164,,,,2126.1147
3625,0.0008826378616504371,,,,2126.7661
3626,0.0008824638207443058,,,,2127.4283
3627,0.0008822914096526802,,,,2128.1017
3628,0.0008820685907267034,,,,2128.7556
3629,0.0008818023488856852,,,,2129.4217
3630,0.0008815110195428133,,,,2130.0713
3631,0.0008812332525849342,,,,2130.7277
3632,0.0008809879655018449,,,,2131.387
3633,0.0008807765552774072,,,,2132.041
3634,0.0008805684628896415,,,,2132.6895
3635,0.0008803543169051409,,,,2133.3537
3636,0.0008801204385235906,,,,2134.0088
3637,0.0008798703202046454,,,,2134.6648
3638,0.0008796104229986668,,,,2135.3182
3639,0.0008793623419478536,,,,2135.9755
3640,0.0008791259024292231,,,,2136.6348
3641,0.0008789008134044707,,,,2137.291
3642,0.0008786836988292634,,,,2137.9545
3643,0.0008784547098912299,,,,2138.6076
3644,0.0008782244985923171,,,,2139.26
3645,0.00087798509048298,,,,2139.9167
3646,0.0008777403272688389,,,,2140.5682
3647,0.0008775001624599099,,,,2141.2601
3648,0.0008772623259574175,,,,2141.911
3649,0.000877035956364125,,,,2142.58
3650,0.0008768087718635798,,,,2143.2408
3651,0.000876581878401339,,,,2143.886
3652,0.0008763523073866963,,,,2144.541
3653,0.0008761149365454912,,,,2145.1901
3654,0.0008758786134421825,,,,2145.8327
3655,0.0008756448514759541,,,,2146.4954
3656,0.0008754091104492545,,,,2147.157
3657,0.0008751724963076413,,,,2147.8136
3658,0.0008749480475671589,,,,2148.4701
3659,0.0008747153915464878,,,,2149.1185
3660,0.0008744843653403223,,,,2149.7753
3661,0.0008742540958337486,,,,2150.426
3662,0.0008740228367969394,,,,2151.079
3663,0.0008737905300222337,,,,2151.7252
3664,0.0008735540322959423,,,,2152.3754
3665,0.0008733242284506559,,,,2153.018
3666,0.0008730879635550082,,,,2153.7245
3667,0.0008728618850000203,,,,2154.4607
3668,0.0008726289961487055,,,,2155.1798
3669,0.0008723965147510171,,,,2155.8461
3670,0.0008721668273210526,,,,2156.499
3671,0.0008719356846995652,,,,2157.1543
3672,0.0008717036689631641,,,,2157.8202
3673,0.0008714758441783488,,,,2158.4776
3674,0.0008712396374903619,,,,2159.1328
3675,0.0008710090769454837,,,,2159.786
3676,0.0008707774104550481,,,,2160.4314
3677,0.0008705464424565434,,,,2161.0789
3678,0.0008703172788955271,,,,2161.7268
3679,0.000870083924382925,,,,2162.3726
3680,0.0008698539459146559,,,,2163.0349
3681,0.0008696213481016457,,,,2163.6904
3682,0.0008693920681253076,,,,2164.3413
3683,0.0008691599359735847,,,,2165.0016
3684,0.0008689291425980628,,,,2165.6413
3685,0.0008686967194080353,,,,2166.2912
3686,0.0008684711065143347,,,,2166.9407
3687,0.0008682387415319681,,,,2167.5888
3688,0.0008680087048560381,,,,2168.2345
3689,0.0008677777950651944,,,,2168.8832
3690,0.0008675444405525923,,,,2169.5377
3691,0.0008673148113302886,,,,2170.1803
3692,0.0008670866955071688,,,,2170.8553
3693,0.0008668548543937504,,,,2171.5365
3694,0.0008666233043186367,,,,2172.1919
3695,0.0008663934422656894,,,,2172.8519
3696,0.000866162939928472,,,,2173.5008
3697,0.0008659344748593867,,,,2174.1407
3698,0.0008657033904455602,,,,2174.7933
3699,0.0008654751582071185,,,,2175.4469
3700,0.0008652433753013611,0.07230430841445923,0.10588059574365616,0.0687,2176.1742
3701,0.0008650139789097011,,,,2176.8258
3702,0.0008647814393043518,,,,2177.4849
3703,0.0008645533234812319,,,,2178.1446
3704,0.0008643189794383943,,,,2178.7996
3705,0.0008640943560749292,,,,2179.4507
3706,0.0008638637373223901,,,,2180.0982
3707,0.0008636333514004946,,,,2180.7494
3708,0.0008634031983092427,,,,2181.3871
3709,0.0008631766540929675,,,,2182.0485
3710,0.0008629476651549339,,,,2182.7014
3711,0.0008627149509266019,,,,2183.3479
3712,0.0008624837500974536,,,,2184.0138
3713,0.0008622553432360291,,,,2184.6662
3714,0.0008620243170298636,,,,2185.3208
3715,0.0008617971907369792,,,,2185.9829
3716,0.0008615664555691183,,,,2186.6249
3717,0.0008613380487076938,,,,2187.2763
3718,0.0008611086523160338,,,,2187.9211
3719,0.0008608771022409201,,,,2188.5686
3720,0.0008606478804722428,,,,2189.2135
3721,0.0008604218019172549,,,,2189.8522
3722,0.0008601910667493939,,,,2190.4994
3723,0.0008599606226198375,,,,2191.1689
3724,0.0008597325650043786,,,,2191.8293
3725,0.0008595017134211957,,,,2192.4836
3726,0.0008592765661887825,,,,2193.124
3727,0.0008590428624302149,,,,2193.782
3728,0.0008588146883994341,,,,2194.4387
3729,0.0008585869800299406,,,,2195.0908
3730,0.0008583592716604471,,,,2195.759
3731,0.0008581296424381435,,,,2196.4076
3732,0.0008579004788771272,,,,2197.0572
3733,0.0008576707332395017,,,,2197.7095
3734,0.0008574392995797098,,,,2198.3559
3735,0.000857215141877532,,,,2198.997
3736,0.0008569846395403147,,,,2199.6464
3737,0.0008567557670176029,,,,2200.3005
3738,0.0008565269527025521,,,,2200.9815
3739,0.0008562997682020068,,,,2201.6356
3740,0.0008560723508708179,,,,2202.2895
3741,0.0008558423724025488,,,,2202.9672
3742,0.0008556151296943426,,,,2203.6325
3743,0.0008553873631171882,,,,2204.2862
3744,0.0008551576756872237,,,,2204.9389
3745,0.0008549285703338683,,,,2205.5837
3746,0.0008547030156478286,,,,2206.2347
3747,0.0008544727461412549,,,,2206.8924
3748,0.0008542438154108822,,,,2207.5494
3749,0.0008540161652490497,,,,2208.1999
3750,0.0008537897374480963,,,,2208.8488
3751,0.00085356121417135,,,,2209.4988
3752,0.0008533333893865347,,,,2210.145
3753,0.0008531055063940585,,,,2210.7977
3754,0.0008528736070729792,,,,2211.4574
3755,0.0008526489837095141,,,,2212.1173
3756,0.0008524224394932389,,,,2212.7651
3757,0.0008521982235834002,,,,2213.4095
3758,0.0008519710972905159,,,,2214.059
3759,0.0008517417008988559,,,,2214.7139
3760,0.0008515159715898335,,,,2215.3661
3761,0.000851290998980403,,,,2216.0359
3762,0.0008510684710927308,,,,2216.693
3763,0.000850849028211087,,,,2217.3517
3764,0.0008506327867507935,,,,2218.066
3765,0.0008504221332259476,,,,2218.7289
3766,0.000850218697451055,,,,2219.3943
3767,0.0008500333060510457,,,,2220.0576
3768,0.0008498693932779133,,,,2220.7138
3769,0.0008497455855831504,,,,2221.3725
3770,0.0008496747468598187,,,,2222.025
3771,0.0008496956434100866,,,,2222.6795
3772,0.0008498647366650403,,,,2223.3373
3773,0.0008502771379426122,,,,2223.9797
3774,0.0008510787156410515,,,,2224.6403
3775,0.0008524936274625361,,,,2225.2979
3776,0.0008548942278139293,,,,2225.9488
3777,0.0008588099735789001,,,,2226.5932
3778,0.0008650172385387123,,,,2227.2437
3779,0.0008743650978431106,,,,2227.891
3780,0.0008875926141627133,,,,2228.5334
3781,0.0009040789445862174,,,,2229.1925
3782,0.0009209197596646845,,,,2229.841
3783,0.0009309450397267938,,,,2230.4945
3784,0.0009263125248253345,,,,2231.1915
3785,0.0009038507705554366,,,,2231.8439
3786,0.0008729988476261497,,,,2232.5071
3787,0.0008501281263306737,,,,2233.1508
3788,0.0008461516699753702,,,,2233.8106
3789,0.0008581835427321494,,,,2234.7321
3790,0.0008734770235605538,,,,2235.5334
3791,0.0008792384760454297,,,,2236.2432
3792,0.0008710068068467081,,,,2236.9143
3793,0.0008556957473047078,,,,2237.5798
3794,0.0008449821034446359,,,,2238.2361
3795,0.0008452213951386511,,,,2238.9122
3796,0.0008529727347195148,,,,2239.5715
3797,0.0008595180115662515,,,,2240.2348
3798,0.0008587641641497612,,,,2240.8946
3799,0.0008516751113347709,,,,2241.5528
3800,0.0008444671402685344,0.06985799223184586,0.10360319912433624,0.0685,2242.2844
3801,0.0008424189290963113,,,,2242.9615
3802,0.0008455411880277097,,,,2243.6377
3803,0.0008495705551467836,,,,2244.2974
3804,0.0008503160206601024,,,,2244.9522
3805,0.0008471593610011041,,,,2245.6023
3806,0.0008429373847320676,,,,2246.2586
3807,0.000840940629132092,,,,2246.9076
3808,0.0008419571095146239,,,,2247.5766
3809,0.0008441092213615775,,,,2248.2305
3810,0.0008449383312836289,,,,2248.8792
3811,0.0008435871568508446,,,,2249.5356
3812,0.0008412353927269578,,,,2250.1873
3813,0.0008396900957450271,,,,2250.8439
3814,0.0008397512137889862,,,,2251.5072
3815,0.0008407453424297273,,,,2252.1634
3816,0.0008413530886173248,,,,2252.8232
3817,0.00084086594870314,,,,2253.4801
3818,0.0008396008051931858,,,,2254.1471
3819,0.0008384774555452168,,,,2254.8026
3820,0.0008381145307794213,,,,2255.4543
3821,0.0008384205866605043,,,,2256.1068
3822,0.0008387717534787953,,,,2256.7607
3823,0.0008386442204937339,,,,2257.4181
3824,0.0008380000363104045,,,,2258.0658
3825,0.0008372290758416057,,,,2258.7349
3826,0.000836749211885035,,,,2259.3946
3827,0.0008366683032363653,,,,2260.0418
3828,0.0008367709233425558,,,,2260.7054
3829,0.0008367396076209843,,,,2261.415
3830,0.0008364281384274364,,,,2262.0763
3831,0.0008359348285011947,,,,2262.7561
3832,0.0008354799938388169,,,,2263.419
3833,0.0008352167205885053,,,,2264.0749
3834,0.0008351206197403371,,,,2264.7291
3835,0.0008350503048859537,,,,2265.38
3836,0.0008348824339918792,,,,2266.0431
3837,0.0008345793467015028,,,,2266.7061
3838,0.0008342195069417357,,,,2267.3546
3839,0.0008339027990587056,,,,2268.0121
3840,0.0008336833561770618,,,,2268.6651
3841,0.0008335341117344797,,,,2269.3193
3842,0.0008333822479471564,,,,2269.9822
3843,0.0008331778808496892,,,,2270.6422
3844,0.0008329124539159238,,,,2271.2965
3845,0.000832626479677856,,,,2271.9691
3846,0.0008323579677380621,,,,2272.6178
3847,0.0008321448694914579,,,,2273.2757
3848,0.0008319605840370059,,,,2273.9222
3849,0.0008317732135765254,,,,2274.6029
3850,0.0008315626182593405,,,,2275.3619
3851,0.0008313253056257963,,,,2276.0928
3852,0.0008310725097544491,,,,2276.7939
3853,0.0008308289689011872,,,,2277.4607
3854,0.0008306079544126987,,,,2278.1258
3855,0.0008304009097628295,,,,2278.8238
3856,0.0008302003843709826,,,,2279.5388
3857,0.0008299867622554302,,,,2280.2385
3858,0.000829763594083488,,,,2280.9753
3859,0.0008295316947624087,,,,2281.7109
3860,0.0008292968850582838,,,,2282.4115
3861,0.0008290724945254624,,,,2283.0916
3862,0.0008288599783554673,,,,2283.8185
3863,0.0008286504889838398,,,,2284.5467
3864,0.0008284370414912701,,,,2285.2196
3865,0.0008282181224785745,,,,2285.887
3866,0.0008279980393126607,,,,2286.5564
3867,0.0008277715533040464,,,,2287.2208
3868,0.0008275469299405813,,,,2287.8883
3869,0.000827327196020633,,,,2288.558
3870,0.0008271120022982359,,,,2289.242
3871,0.000826898030936718,,,,2289.9111
3872,0.0008266803342849016,,,,2290.5787
3873,0.0008264612406492233,,,,2291.28
3874,0.0008262442424893379,,,,2291.9598
3875,0.000826021539978683,,,,2292.6255
3876,0.0008258019806817174,,,,2293.335
3877,0.0008255835855379701,,,,2294.0174
3878,0.00082536501577124,,,,2294.694
3879,0.0008251499966718256,,,,2295.3572
3880,0.0008249317179434001,,,,2296.0126
3881,0.0008247143705375493,,,,2296.6805
3882,0.000824497255962342,,,,2297.3734
3883,0.0008242777548730373,,,,2298.1213
3884,0.000824058661237359,,,,2298.8005
3885,0.0008238392183557153,,,,2299.474
3886,0.0008236229186877608,,,,2300.1448
3887,0.0008234056294895709,,,,2300.8149
3888,0.000823186885099858,,,,2301.4861
3889,0.0008229705854319036,,,,2302.1597
3890,0.0008227546350099146,,,,2302.8307
3891,0.0008225358324125409,,,,2303.4991
3892,0.0008223195909522474,,,,2304.1837
3893,0.0008220993331633508,,,,2304.8579
3894,0.000821883964817971,,,,2305.5358
3895,0.0008216635324060917,,,,2306.2089
3896,0.0008214450208470225,,,,2306.8801
3897,0.0008212309330701828,,,,2307.5508
3898,0.0008210096275433898,,,,2308.2364
3899,0.0008207950741052628,,,,2308.9232
3900,0.000820579007267952,0.06888594478368759,0.10271240770816803,0.0713,2309.6642
3901,0.0008203611359931529,,,,2310.341
3902,0.0008201418095268309,,,,2311.0138
3903,0.000819925800897181,,,,2311.6938
3904,0.0008197117713280022,,,,2312.3703
3905,0.0008194908150471747,,,,2313.0384
3906,0.0008192728273570538,,,,2313.7167
3907,0.000819057400804013,,,,2314.3946
3908,0.0008188396459445357,,,,2315.0592
3909,0.0008186253835447133,,,,2315.7319
3910,0.0008184073376469314,,,,2316.3986
3911,0.0008181911543942988,,,,2317.0662
3912,0.0008179722353816032,,,,2317.7314
3913,0.0008177559357136488,,,,2318.3986
3914,0.0008175384136848152,,,,2319.0678
3915,0.0008173221140168607,,,,2319.7417
3916,0.000817105348687619,,,,2320.4167
3917,0.0008168871281668544,,,,2321.1238
3918,0.0008166711777448654,,,,2321.8061
3919,0.0008164512109942734,,,,2322.4824
3920,0.000816238287370652,,,,2323.1627
3921,0.0008160200668498874,,,,2323.8323
3922,0.0008158051641657948,,,,2324.4877
3923,0.0008155913674272597,,,,2325.1579
3924,0.000815373205114156,,,,2325.8365
3925,0.0008151546935550869,,,,2326.5025
3926,0.0008149411878548563,,,,2327.1703
3927,0.0008147197077050805,,,,2327.8422
3928,0.0008145053288899362,,,,2328.5189
3929,0.0008142880978994071,,,,2329.1859
3930,0.0008140692953020334,,,,2329.8601
3931,0.0008138575358316302,,,,2330.5564
3932,0.0008136386168189347,,,,2331.2898
3933,0.0008134219679050148,,,,2331.988
3934,0.0008132049115374684,,,,2332.6568
3935,0.0008129922789521515,,,,2333.3293
3936,0.0008127771434374154,,,,2334.0177
3937,0.0008125580498017371,,,,2334.6883
3938,0.0008123440784402192,,,,2335.3644
3939,0.0008121252758428454,,,,2336.1032
3940,0.0008119111298583448,,,,2336.803
3941,0.0008116948883980513,,,,2337.4705
3942,0.0008114780648611486,,,,2338.153
3943,0.000811260542832315,,,,2338.8267
3944,0.0008110472117550671,,,,2339.501
3945,0.0008108307374641299,,,,2340.1741
3946,0.0008106145542114973,,,,2340.8471
3947,0.0008103977306745946,,,,2341.5234
3948,0.0008101846324279904,,,,2342.1948
3949,0.0008099680999293923,,,,2342.875
3950,0.0008097511017695069,,,,2343.5567
3951,0.0008095355588011444,,,,2344.2212
3952,0.0008093205979093909,,,,2344.9006
3953,0.0008091043564490974,,,,2345.575
3954,0.0008088892791420221,,,,2346.3123
3955,0.0008086746674962342,,,,2346.9795
3956,0.0008084576693363488,,,,2347.6555
3957,0.0008082404965534806,,,,2348.3314
3958,0.0008080282132141292,,,,2349.0122
3959,0.0008078109822236001,,,,2349.6917
3960,0.000807594507932663,,,,2350.3619
3961,0.0008073800709098577,,,,2351.0575
3962,0.0008071652846410871,,,,2351.7514
3963,0.0008069482864812016,,,,2352.4417
3964,0.000806734780780971,,,,2353.1291
3965,0.0008065184229053557,,,,2353.8091
3966,0.0008063050336204469,,,,2354.4796
3967,0.0008060882682912052,,,,2355.1424
3968,0.0008058692328631878,,,,2355.811
3969,0.0008056554361246526,,,,2356.4852
3970,0.0008054411155171692,,,,2357.1521
3971,0.0008052292396314442,,,,2357.8261
3972,0.0008050146279856563,,,,2358.5038
3973,0.0008047978626564145,,,,2359.1741
3974,0.0008045814465731382,,,,2359.8373
3975,0.000804368406534195,,,,2360.4999
3976,0.0008041505934670568,,,,2361.166
3977,0.0008039340609684587,,,,2361.8355
3978,0.0008037261432036757,,,,2362.5129
3979,0.0008035074570216238,,,,2363.174
3980,0.0008032938931137323,,,,2363.8542
3981,0.0008030784083530307,,,,2364.5403
3982,0.0008028653683140874,,,,2365.2215
3983,0.0008026522118598223,,,,2365.909
3984,0.0008024325943551958,,,,2366.5822
3985,0.0008022197289392352,,,,2367.2579
3986,0.0008020050590857863,,,,2367.9254
3987,0.0008017930667847395,,,,2368.6104
3988,0.0008015782805159688,,,,2369.2902
3989,0.0008013654151000082,,,,2369.9651
3990,0.0008011518511921167,,,,2370.6349
3991,0.0008009389275684953,,,,2371.3097
3992,0.0008007303113117814,,,,2372.0256
3993,0.0008005202980712056,,,,2372.7928
3994,0.0008003158727660775,,,,2373.4637
3995,0.0008001138921827078,,,,2374.1356
3996,0.0007999194203875959,,,,2374.8102
3997,0.0007997357752174139,,,,2375.503
3998,0.000799573608674109,,,,2376.1712
3999,0.0007994347834028304,,,,2376.847
4000,0.0007993418257683516,0.06693051010370255,0.10130994021892548,0.0739,2377.608
4001,0.0007993211038410664,,,,2378.32
4002,0.0007994149345904589,,,,2379.0523
4003,0.0007996961358003318,,,,2379.8649
4004,0.000800274545326829,,,,2380.6294
4005,0.0008013411425054073,,,,2381.4704
4006,0.0008031963370740414,,,,2382.1989
4007,0.0008063061395660043,,,,2382.935
4008,0.0008113969233818352,,,,2383.7406
4009,0.0008194530382752419,,,,2384.5364
4010,0.000831740559078753,,,,2385.2698
4011,0.0008491916814818978,,,,2385.9975
4012,0.000871483760420233,,,,2386.7212
4013,0.0008944226428866386,,,,2387.4494
4014,0.0009090701933018863,,,,2388.1703
4015,0.0009033156093209982,,,,2388.904
4016,0.0008732809219509363,,,,2389.6455
4017,0.000831224606372416,,,,2390.4643
4018,0.0008007657597772777,,,,2391.2293
4019,0.0007968169520609081,,,,2391.9688
4020,0.0008144607418216765,,,,2392.7419
4021,0.000835109269246459,,,,2393.5249
4022,0.0008409483125433326,,,,2394.2736
4023,0.0008275984437204897,,,,2395.0032
4024,0.000806450261734426,,,,2395.7659
4025,0.0007941864314489067,,,,2396.5449
4026,0.0007975721382535994,,,,2397.3416
4027,0.0008092655916698277,,,,2398.1057
4028,0.0008164463797584176,,,,2398.848
4029,0.0008124135783873498,,,,2399.6421
4030,0.0008014494669623673,,,,2400.4032
4031,0.0007932985317893326,,,,2401.1392
4032,0.0007935918984003365,,,,2401.8608
4033,0.0007995165069587529,,,,2402.5665
4034,0.0008039174717850983,,,,2403.2794
4035,0.0008023830596357584,,,,2403.9727
4036,0.0007966142729856074,,,,2404.6822
4037,0.0007918549235910177,,,,2405.3844
4038,0.0007915165042504668,,,,2406.0835
4039,0.0007944755489006639,,,,2406.7619
4040,0.0007969210855662823,,,,2407.4425
4041,0.0007962562958709896,,,,2408.1243
4042,0.0007931655272841454,,,,2408.8549
4043,0.0007904013618826866,,,,2409.5805
4044,0.0007899269694462419,,,,2410.3317
4045,0.000791332102380693,,,,2411.0607
4046,0.0007926513790152967,,,,2411.7748
4047,0.0007923818193376064,,,,2412.4853
4048,0.0007907280814833939,,,,2413.1704
4049,0.0007890657288953662,,,,2413.8654
4050,0.0007885343511588871,,,,2414.5503
4051,0.0007890789420343935,,,,2415.2308
4052,0.0007897504838183522,,,,2415.9166
4053,0.0007896817987784743,,,,2416.6211
4054,0.0007888177642598748,,,,2417.3102
4055,0.0007877890020608902,,,,2418.0031
4056,0.0007872506976127625,,,,2418.6859
4057,0.000787328346632421,,,,2419.3648
4058,0.0007876091403886676,,,,2420.0506
4059,0.000787610886618495,,,,2420.7414
4060,0.00078716961434111,,,,2421.4356
4061,0.000786521122790873,,,,2422.1273
4062,0.0007860304322093725,,,,2422.8213
4063,0.0007858682656660676,,,,2423.5087
4064,0.0007858996978029609,,,,2424.2034
4065,0.0007858843309804797,,,,2424.8823
4066,0.0007856524316594005,,,,2425.5703
4067,0.0007852461421862245,,,,2426.2772
4068,0.000784836825914681,,,,2426.9688
4069,0.0007845668587833643,,,,2427.645
4070,0.000784444622695446,,,,2428.3373
4071,0.0007843615603633225,,,,2429.0276
4072,0.000784209172707051,,,,2429.7152
4073,0.0007839470636099577,,,,2430.4051
4074,0.0007836305885575712,,,,2431.0916
4075,0.0007833421695977449,,,,2431.7868
4076,0.0007831325056031346,,,,2432.4704
4077,0.0007829790702089667,,,,2433.1515
4078,0.00078282889444381,,,,2433.8359
4079,0.0007826356450095773,,,,2434.5277
4080,0.0007823923951946199,,,,2435.2214
4081,0.000782129995059222,,,,2435.9066
4082,0.0007818912854418159,,,,2436.5902
4083,0.0007816885481588542,,,,2437.2692
4084,0.0007815113640390337,,,,2437.9515
4085,0.0007813330157659948,,,,2438.6397
4086,0.0007811333634890616,,,,2439.3161
4087,0.00078090705210343,,,,2439.9937
4088,0.0007806759094819427,,,,2440.6826
4089,0.0007804549532011151,,,,2441.4033
4090,0.0007802473264746368,,,,2442.0988
4091,0.000780054833739996,,,,2442.8106
4092,0.0007798598962835968,,,,2443.7
4093,0.0007796598365530372,,,,2444.6539
4094,0.0007794481352902949,,,,2445.5532
4095,0.0007792282267473638,,,,2446.4293
4096,0.000779016874730587,,,,2447.4913
4097,0.0007788055809214711,,,,2448.4268
4098,0.0007786033675074577,,,,2449.3073
4099,0.000778406800236553,,,,2450.1722
4100,0.0007782043539918959,0.06564623862504959,0.10039310157299042,0.0953,2451.1381
4101,0.0007779982988722622,,,,2452.0856
4102,0.0007777897990308702,,,,2453.1018
4103,0.0007775803096592426,,,,2454.2979
4104,0.0007773716934025288,,,,2455.3314
4105,0.0007771647651679814,,,,2456.2006
4106,0.000776962551753968,,,,2457.248
4107,0.0007767616771161556,,,,2458.2279
4108,0.0007765545742586255,,,,2459.0935
4109,0.0007763507310301065,,,,2459.9568
4110,0.0007761430460959673,,,,2460.8216
4111,0.0007759399013593793,,,,2461.6724
4112,0.0007757296552881598,,,,2462.5237
4113,0.0007755247061140835,,,,2463.4752
4114,0.000775323249399662,,,,2464.3883
4115,0.0007751196972094476,,,,2465.3245
4116,0.0007749132346361876,,,,2466.2831
4117,0.0007747090421617031,,,,2467.1643
4118,0.0007745042094029486,,,,2468.021
4119,0.0007742965826764703,,,,2468.9887
4120,0.0007740922155790031,,,,2469.9526
4121,0.0007738870335742831,,,,2470.868
4122,0.0007736842380836606,,,,2471.8516
4123,0.0007734776590950787,,,,2472.7509
4124,0.0007732741069048643,,,,2473.6187
4125,0.0007730706129223108,,,,2474.5869
4126,0.0007728648488409817,,,,2475.6949
4127,0.000772661529481411,,,,2476.6307
4128,0.0007724564638920128,,,,2477.4852
4129,0.0007722509326413274,,,,2478.3479
4130,0.0007720454013906419,,,,2479.2186
4131,0.0007718382985331118,,,,2480.0251
4132,0.0007716375403106213,,,,2480.7463
4133,0.0007714336970821023,,,,2481.4668
4134,0.0007712303777225316,,,,2482.1773
4135,0.0007710236241109669,,,,2482.906
4136,0.0007708208286203444,,,,2483.641
4137,0.0007706180913373828,,,,2484.3536
4138,0.0007704130839556456,,,,2485.0641
4139,0.0007702090078964829,,,,2485.8074
4140,0.0007700068526901305,,,,2486.515
4141,0.0007698003901168704,,,,2487.2492
4142,0.000769594858866185,,,,2487.9666
4143,0.0007693918887525797,,,,2488.6813
4144,0.0007691842038184404,,,,2489.4049
4145,0.0007689828635193408,,,,2490.1138
4146,0.0007687803008593619,,,,2490.8298
4147,0.0007685746531933546,,,,2491.5288
4148,0.0007683711592108011,,,,2492.2436
4149,0.0007681645802222192,,,,2492.9665
4150,0.0007679607952013612,,,,2493.7772
4151,0.000767759105656296,,,,2494.6108
4152,0.0007675535161979496,,,,2495.3436
4153,0.000767350778914988,,,,2496.0703
4154,0.0007671485072933137,,,,2496.7992
4155,0.0007669436163268983,,,,2497.5683
4156,0.0007667379686608911,,,,2498.3308
4157,0.0007665349403396249,,,,2499.1117
4158,0.0007663304568268359,,,,2499.8698
4159,0.0007661297568120062,,,,2500.8021
4160,0.0007659263792447746,,,,2501.6525
4161,0.000765721604693681,,,,2502.4746
4162,0.0007655168883502483,,,,2503.3115
4163,0.0007653161301277578,,,,2504.1356
4164,0.0007651106570847332,,,,2504.9813
4165,0.0007649054750800133,,,,2505.8678
4166,0.0007647022721357644,,,,2506.7609
4167,0.0007644996512681246,,,,2507.648
4168,0.0007642956334166229,,,,2508.5403
4169,0.0007640919648110867,,,,2509.446
4170,0.0007638903916813433,,,,2510.4021
4171,0.0007636872469447553,,,,2511.7334
4172,0.0007634841604158282,,,,2513.0565
4173,0.0007632833439856768,,,,2514.1704
4174,0.000763077987357974,,,,2515.0704
4175,0.0007628743769600987,,,,2515.9511
4176,0.000762669718824327,,,,2516.7783
4177,0.0007624644786119461,,,,2517.6084
4178,0.0007622631383128464,,,,2518.6321
4179,0.000762059586122632,,,,2519.4882
4180,0.0007618573145009577,,,,2520.3196
4181,0.0007616555085405707,,,,2521.1758
4182,0.0007614520727656782,,,,2522.0264
4183,0.0007612484623678029,,,,2522.8715
4184,0.000761044560931623,,,,2523.7288
4185,0.0007608426385559142,,,,2524.5589
4186,0.0007606398430652916,,,,2525.4217
4187,0.0007604392594657838,,,,2526.2811
4188,0.0007602307014167309,,,,2527.1352
4189,0.0007600315730087459,,,,2527.9882
4190,0.0007598300580866635,,,,2528.8476
4191,0.0007596222567372024,,,,2529.6947
4192,0.0007594234775751829,,,,2530.5311
4193,0.000759217597078532,,,,2531.4827
4194,0.0007590147433802485,,,,2532.3892
4195,0.0007588144508190453,,,,2533.2917
4196,0.0007586099090985954,,,,2534.1523
4197,0.0007584082195535302,,,,2535.0064
4198,0.0007582063553854823,,,,2535.8565
4199,0.000758002744987607,,,,2536.7284
4200,0.0007577990763820708,0.06394095718860626,0.09943196922540665,0.0908,2537.6699
4201,0.0007575994241051376,,,,2538.5235
4202,0.0007573975599370897,,,,2539.3803
4203,0.0007571926689706743,,,,2540.2334
4204,0.0007569892331957817,,,,2541.0866
4205,0.0007567902212031186,,,,2541.9439
4206,0.0007565860287286341,,,,2542.7921
4207,0.0007563832332380116,,,,2543.6632
4208,0.00075618113623932,,,,2544.5069
4209,0.0007559753721579909,,,,2545.3437
4210,0.0007557760109193623,,,,2546.2241
4211,0.0007555769989266992,,,,2547.08
4212,0.0007553722243756056,,,,2547.9457
4213,0.0007551697199232876,,,,2548.816
4214,0.0007549670990556479,,,,2549.6681
4215,0.000754767213948071,,,,2550.5087
4216,0.0007545651169493794,,,,2551.3519
4217,0.0007543599349446595,,,,2552.2095
4218,0.0007541613304056227,,,,2553.0388
4219,0.0007539587677456439,,,,2553.8851
4220,0.0007537557976320386,,,,2554.7402
4221,0.0007535531185567379,,,,2555.6025
4222,0.0007533535826951265,,,,2556.451
4223,0.000753149448428303,,,,2557.2964
4224,0.0007529467693530023,,,,2558.1337
4225,0.0007527457200922072,,,,2558.9894
4226,0.0007525432738475502,,,,2559.8356
4227,0.0007523433887399733,,,,2560.6802
4228,0.0007521401275880635,,,,2561.584
4229,0.0007519407081417739,,,,2562.4411
4230,0.0007517391932196915,,,,2563.3014
4231,0.0007515380275435746,,,,2564.1749
4232,0.0007513391901738942,,,,2565.0465
4233,0.0007511385483667254,,,,2565.917
4234,0.0007509412826038897,,,,2566.8041
4235,0.000750745995901525,,,,2567.6648
4236,0.0007505539688281715,,,,2568.5261
4237,0.0007503691012971103,,,,2569.3901
4238,0.0007501903455704451,,,,2570.2303
4239,0.0007500286446884274,,,,2571.1438
4240,0.0007498926715925336,,,,2572.0806
4241,0.0007497963961213827,,,,2572.9937
4242,0.0007497648475691676,,,,2573.8499
4243,0.0007498387712985277,,,,2574.7199
4244,0.0007500960491597652,,,,2575.5748
4245,0.0007506517576985061,,,,2576.4391
4246,0.0007517033373005688,,,,2577.296
4247,0.0007535868207924068,,,,2578.1582
4248,0.0007568404544144869,,,,2579.0102
4249,0.0007623464916832745,,,,2579.867
4250,0.0007714167004451156,,,,2580.712
4251,0.0007859215838834643,,,,2581.5491
4252,0.0008078585378825665,,,,2582.4089
4253,0.000838214298710227,,,,2583.2422
4254,0.0008736273739486933,,,,2584.1164
4255,0.0009027948253788054,,,,2584.9607
4256,0.0009062052122317255,,,,2585.82
4257,0.0008706787484697998,,,,2586.6809
4258,0.0008085746085271239,,,,2587.5486
4259,0.0007576304487884045,,,,2588.411
4260,0.0007475677412003279,,,,2589.2655
4261,0.0007740373257547617,,,,2590.1341
4262,0.0008061325643211603,,,,2591.0388
4263,0.0008133130031637847,,,,2591.9292
4264,0.0007896467577666044,,,,2592.7892
4265,0.0007574824267067015,,,,2593.6464
4266,0.0007445582887157798,,,,2594.5299
4267,0.0007565012783743441,,,,2595.3982
4268,0.000775012478698045,,,,2596.3205
4269,0.0007790657691657543,,,,2597.2064
4270,0.0007651332416571677,,,,2598.1897
4271,0.0007481944048777223,,,,2599.093
4272,0.0007438441971316934,,,,2599.944
4273,0.0007524318643845618,,,,2600.8275
4274,0.0007615137728862464,,,,2601.7026
4275,0.0007605726132169366,,,,2602.5749
4276,0.0007511783041991293,,,,2603.428
4277,0.0007432669517584145,,,,2604.313
4278,0.0007435312727466226,,,,2605.1902
4279,0.0007492011063732207,,,,2606.0582
4280,0.0007526385597884655,,,,2606.9267
4281,0.0007499797502532601,,,,2607.7996
4282,0.0007443068898282945,,,,2608.6669
4283,0.0007412518025375903,,,,2609.5216
4284,0.0007427710224874318,,,,2610.3846
4285,0.0007458659820258617,,,,2611.2427
4286,0.000746574776712805,,,,2612.1013
4287,0.00074411416426301,,,,2612.9627
4288,0.0007410606485791504,,,,2613.9334
4289,0.0007401260663755238,,,,2614.8237
4290,0.0007414137944579124,,,,2615.6853
4291,0.0007428228273056448,,,,2616.5492
4292,0.0007425520452670753,,,,2617.4265
4293,0.000740823510568589,,,,2618.3268
4294,0.0007392724510282278,,,,2619.2686
4295,0.0007390551618300378,,,,2620.1603
4296,0.0007398204179480672,,,,2621.0632
4297,0.0007403389317914844,,,,2621.9647
4298,0.0007398703601211309,,,,2622.865
4299,0.000738777918741107,,,,2623.8191
4300,0.0007379585294984281,0.062271393835544586,0.0984017476439476,0.1031,2624.8555
4301,0.0007378875743597746,,,,2625.7744
4302,0.00073823711136356,,,,2626.6393
4303,0.0007383625488728285,,,,2627.5133
4304,0.000737951893825084,,,,2628.4471
4305,0.0007372653344646096,,,,2629.4227
4306,0.0007367748185060918,,,,2630.3915
4307,0.0007366745849139988,,,,2631.2479
4308,0.000736769987270236,,,,2632.1096
4309,0.0007367391954176128,,,,2632.9571
4310,0.0007364227203652263,,,,2633.8772
4311,0.0007359662558883429,,,,2634.7811
4312,0.000735611654818058,,,,2635.7095
4313,0.0007354608969762921,,,,2636.5898
4314,0.0007354263216257095,,,,2637.4821
4315,0.0007353225955739617,,,,2638.3758
4316,0.0007350757368840277,,,,2639.2438
4317,0.0007347501814365387,,,,2640.1074
4318,0.0007344603654928505,,,,2640.995
4319,0.0007342729950323701,,,,2641.8777
4320,0.0007341578602790833,,,,2642.8377
4321,0.0007340239244513214,,,,2643.8078
4322,0.0007338206050917506,,,,2644.6939
4323,0.000733562046661973,,,,2645.5735
4324,0.0007333082612603903,,,,2646.4661
4325,0.0007331058150157332,,,,2647.3516
4326,0.0007329453947022557,,,,2648.2125
4327,0.000732788466848433,,,,2649.0865
4328,0.0007326065097004175,,,,2649.9664
4329,0.0007323877071030438,,,,2650.8717
4330,0.0007321574375964701,,,,2651.7791
4331,0.0007319483556784689,,,,2652.6646
4332,0.0007317673298530281,,,,2653.5463
4333,0.0007315943948924541,,,,2654.4318
4334,0.0007314154063351452,,,,2655.3081
4335,0.0007312172092497349,,,,2656.1949
4336,0.0007310094079002738,,,,2657.0744
4337,0.0007307999767363071,,,,2657.9359
4338,0.0007306048646569252,,,,2658.8118
4339,0.0007304211030714214,,,,2659.7777
4340,0.0007302407175302505,,,,2660.6949
4341,0.0007300519500859082,,,,2661.5848
4342,0.0007298546843230724,,,,2662.4898
4343,0.0007296533440239727,,,,2663.3732
4344,0.0007294547976925969,,,,2664.2816
4345,0.0007292646914720535,,,,2665.1578
4346,0.0007290755747817457,,,,2666.0655
4347,0.0007288873894140124,,,,2666.9563
4348,0.0007287024054676294,,,,2667.8312
4349,0.0007285034516826272,,,,2668.7176
4350,0.0007283054874278605,,,,2669.5799
4351,0.0007281096768565476,,,,2670.4681
4352,0.000727919687051326,,,,2671.3613
4353,0.0007277303957380354,,,,2672.2553
4354,0.0007275410462170839,,,,2673.2559
4355,0.0007273493683896959,,,,2674.3947
4356,0.0007271604263223708,,,,2675.3581
4357,0.0007269663037732244,,,,2676.3261
4358,0.0007267720066010952,,,,2677.2525
4359,0.0007265803287737072,,,,2678.1594
4360,0.0007263908628374338,,,,2679.108
4361,0.000726201047655195,,,,2680.0384
4362,0.0007260105339810252,,,,2681.0138
4363,0.0007258162368088961,,,,2681.9842
4364,0.0007256250828504562,,,,2682.947
4365,0.0007254341035149992,,,,2683.9842
4366,0.0007252402137964964,,,,2684.994
4367,0.0007250490016303957,,,,2685.9309
4368,0.0007248588372021914,,,,2686.8474
4369,0.0007246690220199525,,,,2687.7521
4370,0.0007244775770232081,,,,2688.6682
4371,0.000724283920135349,,,,2689.5818
4372,0.0007240939885377884,,,,2690.5056
4373,0.0007239055703394115,,,,2691.4043
4374,0.0007237112731672823,,,,2692.305
4375,0.0007235202938318253,,,,2693.2023
4376,0.0007233298383653164,,,,2694.1124
4377,0.0007231396739371121,,,,2695.0241
4378,0.0007229495677165687,,,,2696.0116
4379,0.0007227592286653817,,,,2696.9292
4380,0.00072256731800735,,,,2697.8376
4381,0.0007223756401799619,,,,2698.7553
4382,0.0007221835548989475,,,,2699.6964
4383,0.0007219929248094559,,,,2700.7043
4384,0.0007218048558570445,,,,2701.8711
4385,0.0007216142257675529,,,,2703.0386
4386,0.0007214210345409811,,,,2704.3095
4387,0.0007212321506813169,,,,2706.1828
4388,0.0007210420444607735,,,,2707.7796
4389,0.0007208501338027418,,,,2709.373
4390,0.0007206591544672847,,,,2710.7487
4391,0.0007204696303233504,,,,2712.3826
4392,0.0007202781271189451,,,,2713.8476
4393,0.0007200883701443672,,,,2715.544
4394,0.0007198990788310766,,,,2717.3753
4395,0.0007197048980742693,,,,2719.5009
4396,0.0007195146754384041,,,,2721.1686
4397,0.0007193275378085673,,,,2722.7792
4398,0.0007191367913037539,,,,2724.7717
4399,0.0007189471507444978,,,,2726.4715
4400,0.0007187530281953514,0.06078150123357773,0.09783978760242462,0.1279,2727.819
4401,0.000718564260751009,,,,2728.9854
4402,0.0007183742709457874,,,,2730.0132
4403,0.0007181818946264684,,,,2731.0618
4404,0.0007179921958595514,,,,2732.0595
4405,0.0007178038940764964,,,,2733.0503
4406,0.0007176116923801601,,,,2734.1015
4407,0.0007174254860728979,,,,2735.0811
4408,0.000717231712769717,,,,2736.0843
4409,0.0007170401513576508,,,,2737.0589
4410,0.0007168533629737794,,,,2738.0377
4411,0.0007166632567532361,,,,2739.0201
4412,0.0007164714043028653,,,,2740.1183
4413,0.0007162797846831381,,,,2741.2638
4414,0.000716089503839612,,,,2742.2967
4415,0.0007159010274335742,,,,2743.4896
4416,0.0007157102227210999,,,,2744.6208
4417,0.0007155201165005565,,,,2745.6753
4418,0.0007153332699090242,,,,2746.6705
4419,0.0007151425816118717,,,,2747.6941
4420,0.0007149531156755984,,,,2748.6894
4421,0.0007147606811486185,,,,2749.6128
4422,0.0007145727868191898,,,,2750.4772
4423,0.0007143813418224454,,,,2751.3348
4424,0.0007141914102248847,,,,2752.1993
4425,0.0007140036905184388,,,,2753.0671
4426,0.0007138142827898264,,,,2753.9992
4427,0.0007136242929846048,,,,2754.9422
4428,0.0007134345360100269,,,,2756.3193
4429,0.0007132420432753861,,,,2758.2001
4430,0.0007130540907382965,,,,2759.3919
4431,0.000712866079993546,,,,2760.4528
4432,0.0007126745185814798,,,,2761.5459
4433,0.0007124850526452065,,,,2762.6343
4434,0.0007122964598238468,,,,2763.7135
4435,0.0007121062371879816,,,,2764.8151
4436,0.0007119147921912372,,,,2765.9009
4437,0.000711727247107774,,,,2766.9497
4438,0.0007115376065485179,,,,2768.0042
4439,0.0007113501778803766,,,,2769.1109
4440,0.0007111580343917012,,,,2770.0805
4441,0.0007109684520401061,,,,2771.0496
4442,0.0007107827113941312,,,,2772.0768
4443,0.000710591790266335,,,,2773.0966
4444,0.0007104001706466079,,,,2774.0592
4445,0.0007102120434865355,,,,2775.0389
4446,0.0007100228685885668,,,,2776.0035
4447,0.0007098342757672071,,,,2776.9554
4448,0.0007096444023773074,,,,2777.9102
4449,0.0007094572647474706,,,,2778.8567
4450,0.0007092665182426572,,,,2779.8129
4451,0.0007090769940987229,,,,2780.754
4452,0.0007088901475071907,,,,2781.7245
4453,0.0007087005069479346,,,,2782.6966
4454,0.0007085115066729486,,,,2783.6612
4455,0.0007083199452608824,,,,2784.6337
4456,0.0007081346120685339,,,,2785.5877
4457,0.0007079431088641286,,,,2786.5765
4458,0.0007077563204802573,,,,2787.5533
4459,0.0007075656903907657,,,,2788.7482
4460,0.0007073780870996416,,,,2789.7325
4461,0.00070718745701015,,,,2790.8474
4462,0.0007069988641887903,,,,2791.8062
4463,0.000706810737028718,,,,2792.7799
4464,0.0007066235993988812,,,,2793.7512
4465,0.000706432678271085,,,,2794.7258
4466,0.0007062420481815934,,,,2795.7179
4467,0.0007060575881041586,,,,2796.6726
4468,0.000705867656506598,,,,2797.6399
4469,0.0007056789472699165,,,,2798.608
4470,0.0007054898887872696,,,,2799.5549
4471,0.0007053021690808237,,,,2800.5135
4472,0.0007051134016364813,,,,2801.4963
4473,0.0007049224223010242,,,,2802.4408
4474,0.0007047373219393194,,,,2803.3822
4475,0.0007045486127026379,,,,2804.3288
4476,0.00070435821544379,,,,2805.272
4477,0.0007041723001748323,,,,2806.2294
4478,0.0007039831252768636,,,,2807.1934
4479,0.0007037945324555039,,,,2808.1912
4480,0.0007036078604869545,,,,2809.2461
4481,0.0007034182781353593,,,,2810.6732
4482,0.0007032310822978616,,,,2811.9276
4483,0.0007030437118373811,,,,2813.0968
4484,0.0007028550026006997,,,,2814.2897
4485,0.0007026676903478801,,,,2815.4219
4486,0.000702480087056756,,,,2816.7445
4487,0.0007022928912192583,,,,2818.0084
4488,0.0007021063356660306,,,,2819.184
4489,0.0007019225158728659,,,,2820.307
4490,0.0007017402094788849,,,,2821.4711
4491,0.0007015566225163639,,,,2822.6187
4492,0.0007013797876425087,,,,2823.7645
4493,0.0007012086571194232,,,,2824.9478
4494,0.0007010426488704979,,,,2826.1114
4495,0.0007008914253674448,,,,2827.2627
4496,0.000700758711900562,,,,2828.4277
4497,0.0007006564410403371,,,,2829.5809
4498,0.0007006016094237566,,,,2830.7775
4499,0.0007006240193732083,,,,2831.9536
4500,0.000700765463989228,0.05894164368510246,0.09689059108495712,0.1951,2833.4216
4501,0.0007011043489910662,,,,2834.9724
4502,0.0007017520838417113,,,,2836.2037
4503,0.0007029064581729472,,,,2837.5769
4504,0.000704870792105794,,,,2839.2795
4505,0.00070813181810081,,,,2840.6916
4506,0.0007134503684937954,,,,2842.1948
4507,0.0007219448452815413,,,,2843.7725
4508,0.0007351565873250365,,,,2845.0967
4509,0.0007548200082965195,,,,2846.4749
4510,0.0007820101454854012,,,,2847.8835
4511,0.0008150419453158975,,,,2849.6738
4512,0.0008463624399155378,,,,2851.1994
4513,0.0008609631913714111,,,,2852.6967
4514,0.0008432442555204034,,,,2854.0401
4515,0.0007926145917735994,,,,2855.8639
4516,0.000733549939468503,,,,2857.4878
4517,0.0006994374562054873,,,,2858.9992
4518,0.0007045569946058095,,,,2860.3854
4519,0.000734384695533663,,,,2861.8179
4520,0.0007599815726280212,,,,2862.9133
4521,0.0007597119547426701,,,,2863.9703
4522,0.0007344804471358657,,,,2865.036
4523,0.000705817888956517,,,,2866.0838
4524,0.0006955479038879275,,,,2867.1097
4525,0.0007065675454214215,,,,2868.1427
4526,0.0007234115619212389,,,,2869.1488
4527,0.0007285233004949987,,,,2870.1609
4528,0.0007176524959504604,,,,2871.1632
4529,0.0007016218733042479,,,,2872.1748
4530,0.0006942956824786961,,,,2873.185
4531,0.000699266791343689,,,,2874.217
4532,0.0007084834505803883,,,,2875.2175
4533,0.0007116948836483061,,,,2876.2357
4534,0.0007060368079692125,,,,2877.2342
4535,0.0006973462295718491,,,,2878.231
4536,0.0006932307151146233,,,,2879.2113
4537,0.0006957517471164465,,,,2880.1932
4538,0.0007005931111052632,,,,2881.2023
4539,0.0007022223435342312,,,,2882.2035
4540,0.000699145661201328,,,,2883.1972
4541,0.0006944593042135239,,,,2884.1803
4542,0.0006921696476638317,,,,2885.1673
4543,0.000693373498506844,,,,2886.1512
4544,0.0006958366138860583,,,,2887.1419
4545,0.0006966983200982213,,,,2888.1343
4546,0.0006950844544917345,,,,2889.1218
4547,0.0006925262277945876,,,,2890.0976
4548,0.0006910910597071052,,,,2891.1555
4549,0.0006914864061400294,,,,2892.1701
4550,0.0006926989881321788,,,,2893.1887
4551,0.0006932177930139005,,,,2894.203
4552,0.0006924358895048499,,,,2895.2004
4553,0.0006910074152983725,,,,2896.176
4554,0.0006900164880789816,,,,2897.2097
4555,0.0006899785366840661,,,,2898.448
4556,0.000690509274136275,,,,2899.7171
4557,0.0006908263894729316,,,,2900.7577
4558,0.0006904821493662894,,,,2901.7617
4559,0.0006896788836456835,,,,2902.7657
4560,0.0006889638607390225,,,,2903.7868
4561,0.0006887123454362154,,,,2904.8063
4562,0.0006888567004352808,,,,2905.813
4563,0.0006890137447044253,,,,2906.7907
4564,0.0006888722418807447,,,,2907.773
4565,0.0006884296890348196,,,,2908.7528
4566,0.0006879199645482004,,,,2909.7346
4567,0.0006875941762700677,,,,2910.7089
4568,0.0006875096005387604,,,,2911.6879
4569,0.0006875272374600172,,,,2912.6624
4570,0.0006874501123093069,,,,2913.6317
4571,0.0006872015073895454,,,,2914.6023
4572,0.0006868549389764667,,,,2915.5713
4573,0.0006865379982627928,,,,2916.7926
4574,0.0006863424787297845,,,,2917.875
4575,0.0006862400914542377,,,,2918.8811
4576,0.0006861533620394766,,,,2919.8711
4577,0.0006859966088086367,,,,2920.886
4578,0.0006857595290057361,,,,2921.882
4579,0.0006854914827272296,,,,2922.8381
4580,0.0006852589431218803,,,,2923.8024
4581,0.0006850866484455764,,,,2924.7737
4582,0.0006849509081803262,,,,2925.7361
4583,0.0006848096381872892,,,,2926.7038
4584,0.0006846367032267153,,,,2927.6681
4585,0.0006844258750788867,,,,2928.6406
4586,0.0006842052098363638,,,,2929.5977
4587,0.0006840018322691321,,,,2930.5538
4588,0.0006838237750343978,,,,2931.5021
4589,0.0006836666725575924,,,,2932.5516
4590,0.0006835042731836438,,,,2933.5172
4591,0.0006833302904851735,,,,2934.4822
4592,0.0006831378559581935,,,,2935.4467
4593,0.0006829389603808522,,,,2936.4013
4594,0.0006827490287832916,,,,2937.3581
4595,0.0006825677119195461,,,,2938.3077
4596,0.0006823926814831793,,,,2939.2601
4597,0.0006822232971899211,,,,2940.1988
4598,0.0006820503622293472,,,,2941.151
4599,0.0006818680558353662,,,,2942.1134
4600,0.000681681209243834,0.057816557586193085,0.09660283476114273,0.1047,2943.1568
4601,0.0006814934313297272,,,,2944.1079
4602,0.0006813104846514761,,,,2945.0621
4603,0.0006811342900618911,,,,2945.9985
4604,0.0006809605401940644,,,,2946.9635
4605,0.0006807853351347148,,,,2947.9248
4606,0.0006806061137467623,,,,2948.8682
4607,0.000680423341691494,,,,2949.8237
4608,0.0006802433053962886,,,,2950.7906
4609,0.0006800591945648193,,,,2951.7668
4610,0.0006798791000619531,,,,2952.7333
4611,0.0006797027890570462,,,,2953.6865
4612,0.0006795241497457027,,,,2954.6103
4613,0.0006793478387407959,,,,2955.5544
4614,0.0006791682098992169,,,,2956.483
4615,0.0006789905019104481,,,,2957.4038
4616,0.0006788080791011453,,,,2958.3482
4617,0.0006786303711123765,,,,2959.2876
4618,0.0006784509168937802,,,,2960.2333
4619,0.0006782717537134886,,,,2961.1705
4620,0.0006780936382710934,,,,2962.1153
4621,0.0006779148243367672,,,,2963.0508
4622,0.0006777376402169466,,,,2964.0061
4623,0.0006775588262826204,,,,2964.9416
4624,0.0006773800705559552,,,,2965.8967
4625,0.0006772009073756635,,,,2966.8368
4626,0.0006770208710804582,,,,2967.7728
4627,0.000676844734698534,,,,2968.7017
4628,0.0006766621372662485,,,,2969.6238
4629,0.0006764857680536807,,,,2970.5476
4630,0.0006763084675185382,,,,2971.4908
4631,0.0006761302356608212,,,,2972.412
4632,0.0006759528769180179,,,,2973.4185
4633,0.0006757743540219963,,,,2974.3913
4634,0.0006755954818800092,,,,2975.3275
4635,0.0006754169589839876,,,,2976.2747
4636,0.0006752373883500695,,,,2977.211
4637,0.0006750599131919444,,,,2978.1307
4638,0.0006748827872797847,,,,2979.0787
4639,0.0006747052539139986,,,,2980.366
4640,0.0006745286518707871,,,,2981.5434
4641,0.0006743468693457544,,,,2982.5815
4642,0.000674171547871083,,,,2983.6387
4643,0.000673991278745234,,,,2984.677
4644,0.0006738156662322581,,,,2985.8157
4645,0.0006736369687132537,,,,2986.9443
4646,0.0006734575144946575,,,,2988.1697
4647,0.0006732800975441933,,,,2989.7045
4648,0.0006731019238941371,,,,2991.1184
4649,0.0006729249143972993,,,,2992.2253
4650,0.0006727457512170076,,,,2993.3394
4651,0.0006725681596435606,,,,2994.4207
4652,0.0006723882397636771,,,,2995.5146
4653,0.0006722130347043276,,,,2996.8131
4654,0.0006720361416228116,,,,2997.8913
4655,0.0006718571530655026,,,,2999.0169
4656,0.0006716807256452739,,,,3000.4272
4657,0.0006715030176565051,,,,3001.686
4658,0.0006713222246617079,,,,3002.7149
4659,0.0006711449241265655,,,,3003.6691
4660,0.0006709697772748768,,,,3004.6204
4661,0.0006707891589030623,,,,3005.6147
4662,0.0006706152926199138,,,,3006.6081
4663,0.0006704353145323694,,,,3007.599
4664,0.0006702590617351234,,,,3008.5375
4665,0.0006700806552544236,,,,3009.4322
4666,0.0006699016666971147,,,,3010.3007
4667,0.0006697244243696332,,,,3011.2487
4668,0.0006695500342175364,,,,3012.0925
4669,0.0006693704053759575,,,,3012.9568
4670,0.0006691955495625734,,,,3013.7941
4671,0.0006690166774205863,,,,3014.6393
4672,0.0006688391440548003,,,,3015.4822
4673,0.0006686643464490771,,,,3016.3333
4674,0.0006684850086458027,,,,3017.1771
4675,0.0006683114334009588,,,,3018.0541
4676,0.0006681318627670407,,,,3018.9513
4677,0.0006679531070403755,,,,3019.7938
4678,0.0006677770870737731,,,,3020.6249
4679,0.000667599611915648,,,,3021.4703
4680,0.0006674190517514944,,,,3022.29
4681,0.0006672444869764149,,,,3023.1265
4682,0.000667068874463439,,,,3023.9619
4683,0.0006668939022347331,,,,3024.7999
4684,0.0006667166016995907,,,,3025.656
4685,0.0006665384862571955,,,,3026.5018
4686,0.0006663596723228693,,,,3027.3454
4687,0.0006661841180175543,,,,3028.2013
4688,0.0006660060025751591,,,,3029.0566
4689,0.0006658298661932349,,,,3029.8985
4690,0.0006656534387730062,,,,3030.7309
4691,0.0006654757889918983,,,,3031.5539
4692,0.0006652977899648249,,,,3032.4116
4693,0.0006651223520748317,,,,3033.2455
4694,0.0006649442366324365,,,,3034.082
4695,0.0006647671107202768,,,,3034.9284
4696,0.0006645903340540826,,,,3035.7703
4697,0.0006644140230491757,,,,3036.6004
4698,0.0006642398075200617,,,,3037.4393
4699,0.0006640600622631609,,,,3038.2627
4700,0.0006638865452259779,0.056352466344833374,0.09610459953546524,0.0877,3039.1768
4701,0.0006637106998823583,,,,3039.9985
4702,0.0006635332247242332,,,,3040.8588
4703,0.0006633559241890907,,,,3041.7961
4704,0.0006631782744079828,,,,3042.6227
4705,0.0006630021380260587,,,,3043.4853
4706,0.0006628248374909163,,,,3044.3129
4707,0.0006626497488468885,,,,3045.1534
4708,0.000662472564727068,,,,3045.9646
4709,0.0006622972432523966,,,,3046.8156
4710,0.0006621194188483059,,,,3047.6441
4711,0.000661944504827261,,,,3048.4708
4712,0.0006617687758989632,,,,3049.2979
4713,0.0006615894380956888,,,,3050.1061
4714,0.0006614162120968103,,,,3050.9247
4715,0.0006612392025999725,,,,3051.738
4716,0.0006610621348954737,,,,3052.5698
4717,0.0006608862895518541,,,,3053.396
4718,0.0006607113173231483,,,,3054.2247
4719,0.0006605330272577703,,,,3055.0871
4720,0.0006603580550290644,,,,3055.9282
4721,0.0006601833738386631,,,,3056.7456
4722,0.000660006538964808,,,,3057.5756
4723,0.0006598299369215965,,,,3058.4721
4724,0.0006596540915779769,,,,3059.4942
4725,0.0006594794685952365,,,,3060.4499
4726,0.0006593043217435479,,,,3061.374
4727,0.0006591269047930837,,,,3062.2251
4728,0.0006589535041712224,,,,3063.0568
4729,0.0006587796378880739,,,,3063.8993
4730,0.0006586041417904198,,,,3064.7377
4731,0.0006584339425899088,,,,3065.5689
4732,0.0006582611240446568,,,,3066.4256
4733,0.0006580929621122777,,,,3067.247
4734,0.0006579307373613119,,,,3068.0979
4735,0.0006577709573321044,,,,3068.9291
4736,0.0006576249143108726,,,,3069.7657
4737,0.0006574983126483858,,,,3070.5939
4738,0.0006573972059413791,,,,3071.4743
4739,0.0006573470891453326,,,,3072.3193
4740,0.0006573728751391172,,,,3073.1686
4741,0.0006575356237590313,,,,3073.9842
4742,0.0006579082692041993,,,,3074.8041
4743,0.0006586521631106734,,,,3075.6191
4744,0.0006600022315979004,,,,3076.4367
4745,0.0006623672670684755,,,,3077.255
4746,0.0006663955864496529,,,,3078.0722
4747,0.0006731434259563684,,,,3078.8674
4748,0.000684153288602829,,,,3079.6778
4749,0.0007016909075900912,,,,3080.503
4750,0.0007283553713932633,,,,3081.3209
4751,0.0007664738222956657,,,,3082.1107
4752,0.0008143623708747327,,,,3082.9123
4753,0.0008611215162090957,,,,3083.723
4754,0.0008815450710244477,,,,3084.5413
4755,0.0008490898762829602,,,,3085.3391
4756,0.00076740060467273,,,,3086.1753
4757,0.0006850127247162163,,,,3087.0042
4758,0.0006553729181177914,,,,3087.8117
4759,0.000685298815369606,,,,3088.6114
4760,0.0007337892311625183,,,,3089.4279
4761,0.0007512944284826517,,,,3090.2274
4762,0.0007214854704216123,,,,3091.0291
4763,0.0006743883714079857,,,,3091.8578
4764,0.0006536184810101986,,,,3092.6627
4765,0.0006704104598611593,,,,3093.4774
4766,0.0006973775452934206,,,,3094.3027
4767,0.0007021438213996589,,,,3095.1011
4768,0.0006805546581745148,,,,3095.906
4769,0.0006570013356395066,,,,3096.6998
4770,0.0006541067268699408,,,,3097.4978
4771,0.0006686477572657168,,,,3098.2848
4772,0.0006797587848268449,,,,3099.0699
4773,0.000674240873195231,,,,3099.8554
4774,0.0006593113648705184,,,,3100.6547
4775,0.0006512511754408479,,,,3101.5158
4776,0.0006559971952810884,,,,3102.4127
4777,0.0006646249676123261,,,,3103.3759
4778,0.0006658146739937365,,,,3104.2522
4779,0.0006585308583453298,,,,3105.1313
4780,0.0006512560066767037,,,,3105.9467
4781,0.0006509475060738623,,,,3106.7717
4782,0.0006557392771355808,,,,3107.6234
4783,0.000658656470477581,,,,3108.6245
4784,0.0006561618065461516,,,,3109.5473
4785,0.0006512888357974589,,,,3110.4065
4786,0.0006491114618256688,,,,3111.2322
4787,0.0006508686346933246,,,,3112.0404
4788,0.0006533858249895275,,,,3112.869
4789,0.0006533229607157409,,,,3113.6899
4790,0.0006507608923129737,,,,3114.5205
4791,0.0006484485347755253,,,,3115.3094
4792,0.0006483752513304353,,,,3116.1373
4793,0.0006497953436337411,,,,3116.9441
4794,0.0006505619967356324,,,,3117.7455
4795,0.0006496493006125093,,,,3118.5429
4796,0.0006479972507804632,,,,3119.3356
4797,0.0006471455562859774,,,,3120.1282
4798,0.0006475246627815068,,,,3120.9843
4799,0.0006482271128334105,,,,3122.1338
4800,0.000648197194095701,0.05465187504887581,0.09469203650951385,0.1006,3123.3607
4801,0.0006473420653492212,,,,3124.3315
4802,0.000646438857074827,,,,3125.2817
4803,0.0006461616139858961,,,,3126.2338
4804,0.0006464383914135396,,,,3127.1948
4805,0.00064666016260162,,,,3128.1312
4806,0.0006463965983130038,,,,3129.0917
4807,0.0006457898998633027,,,,3130.034
4808,0.0006452910020016134,,,,3131.0354
4809,0.0006451658555306494,,,,3132.0253
4810,0.0006452705711126328,,,,3132.9691
4811,0.0006452639354392886,,,,3133.9088
4812,0.0006449864595197141,,,,3134.8512
4813,0.0006445678300224245,,,,3135.8096
4814,0.0006442509475164115,,,,3136.7846
4815,0.0006441411096602678,,,,3137.7419
4816,0.0006441244622692466,,,,3138.7138
4817,0.0006440274300985038,,,,3139.6708
4818,0.0006437848787754774,,,,3140.6189
4819,0.0006434825481846929,,,,3141.556
4820,0.0006432426162064075,,,,3142.4869
4821,0.0006431075744330883,,,,3143.4546
4822,0.0006430216017179191,,,,3144.4465
4823,0.0006428927299566567,,,,3145.4652
4824,0.0006426855106838048,,,,3146.5168
4825,0.0006424449966289103,,,,3147.4917
4826,0.0006422350998036563,,,,3148.455
4827,0.000642086029984057,,,,3149.4095
4828,0.0006419619894586504,,,,3150.3421
4829,0.0006418215343728662,,,,3151.2872
4830,0.0006416357355192304,,,,3152.2411
4831,0.0006414297968149185,,,,3153.1747
4832,0.0006412366055883467,,,,3154.1311
4833,0.0006410714704543352,,,,3155.0733
4834,0.0006409244379028678,,,,3156.0285
4835,0.0006407770561054349,,,,3156.9888
4836,0.0006406063330359757,,,,3157.9284
4837,0.0006404219893738627,,,,3158.8796
4838,0.0006402382859960198,,,,3159.7928
4839,0.0006400660495273769,,,,3160.6167
4840,0.0006399090634658933,,,,3161.4948
4841,0.0006397526012733579,,,,3162.3203
4842,0.0006395885138772428,,,,3163.1434
4843,0.0006394152296707034,,,,3163.9435
4844,0.0006392374634742737,,,,3164.7504
4845,0.0006390661583282053,,,,3165.5507
4846,0.0006388995097950101,,,,3166.418
4847,0.0006387392641045153,,,,3167.2668
4848,0.0006385779124684632,,,,3168.1411
4849,0.0006384124862961471,,,,3169.0194
4850,0.0006382399005815387,,,,3169.8534
4851,0.000638067489489913,,,,3170.6549
4852,0.0006379001424647868,,,,3171.5811
4853,0.0006377353565767407,,,,3172.4172
4854,0.0006375718512572348,,,,3173.2367
4855,0.0006374061922542751,,,,3174.0351
4856,0.0006372400093823671,,,,3174.838
4857,0.0006370728951878846,,,,3175.6307
4858,0.0006369007751345634,,,,3176.4584
4859,0.0006367367459461093,,,,3177.2728
4860,0.000636570097412914,,,,3178.0646
4861,0.000636404613032937,,,,3178.8568
4862,0.0006362407584674656,,,,3179.6565
4863,0.0006360734114423394,,,,3180.4421
4864,0.0006359085091389716,,,,3181.2444
4865,0.0006357392994686961,,,,3182.0434
4866,0.0006355727673508227,,,,3182.8341
4867,0.0006354072829708457,,,,3183.6245
4868,0.000635240925475955,,,,3184.4261
4869,0.000635076139587909,,,,3185.245
4870,0.0006349078030325472,,,,3186.0505
4871,0.0006347432499751449,,,,3186.8686
4872,0.0006345774745568633,,,,3187.6763
4873,0.0006344124558381736,,,,3188.4762
4874,0.0006342416163533926,,,,3189.2459
4875,0.0006340789259411395,,,,3190.0398
4876,0.0006339129758998752,,,,3190.8711
4877,0.0006337464437820017,,,,3191.7093
4878,0.0006335821817629039,,,,3192.5229
4879,0.0006334148929454386,,,,3193.3155
4880,0.0006332502816803753,,,,3194.1307
4881,0.0006330836331471801,,,,3194.9241
4882,0.0006329168099910021,,,,3195.7347
4883,0.0006327525479719043,,,,3196.54
4884,0.0006325844442471862,,,,3197.3633
4885,0.0006324213463813066,,,,3198.196
4886,0.0006322547560557723,,,,3199.0404
4887,0.0006320879328995943,,,,3199.839
4888,0.0006319229141809046,,,,3200.6523
4889,0.0006317567895166576,,,,3201.4325
4890,0.000631592411082238,,,,3202.2324
4891,0.00063142558792606,,,,3203.0246
4892,0.0006312599289231002,,,,3203.8158
4893,0.000631091883406043,,,,3204.6107
4894,0.000630929775070399,,,,3205.3801
4895,0.0006307628354988992,,,,3206.1989
4896,0.0006305960123427212,,,,3206.9948
4897,0.0006304305861704051,,,,3207.7853
4898,0.00063026521820575,,,,3208.5807
4899,0.000630101771093905,,,,3209.358
4900,0.0006299350643530488,0.053649287670850754,0.09510083496570587,0.0847,3210.2305
4901,0.0006297682994045317,,,,3211.0164
4902,0.0006296065403148532,,,,3211.7997
4903,0.0006294397753663361,,,,3212.5717
4904,0.0006292754551395774,,,,3213.3548
4905,0.0006291078170761466,,,,3214.1379
4906,0.0006289436132647097,,,,3214.9169
4907,0.0006287783035077155,,,,3215.6909
4908,0.0006286132265813649,,,,3216.485
4909,0.0006284473929554224,,,,3217.2779
4910,0.0006282820249907672,,,,3218.1084
4911,0.0006281171226873994,,,,3218.9625
4912,0.0006279517547227442,,,,3219.8091
4913,0.0006277888314798474,,,,3220.7277
4914,0.0006276211934164166,,,,3221.6384
4915,0.0006274559418670833,,,,3222.4697
4916,0.0006272924365475774,,,,3223.2775
4917,0.0006271276506595314,,,,3224.1202
4918,0.0006269608275033534,,,,3225.0078
4919,0.0006267951102927327,,,,3225.9582
4920,0.0006266325945034623,,,,3226.8342
4921,0.0006264669355005026,,,,3227.6666
4922,0.0006263002287596464,,,,3228.4701
4923,0.0006261352682486176,,,,3229.2879
4924,0.0006259726942516863,,,,3230.1344
4925,0.0006258060457184911,,,,3231.0387
4926,0.0006256409687921405,,,,3231.873
4927,0.0006254761829040945,,,,3232.6786
4928,0.0006253118626773357,,,,3233.4704
4929,0.0006251456798054278,,,,3234.256
4930,0.0006249830476008356,,,,3235.0517
4931,0.0006248162826523185,,,,3235.8663
4932,0.0006246521952562034,,,,3236.6432
4933,0.0006244882824830711,,,,3237.4314
4934,0.0006243224488571286,,,,3238.2149
4935,0.0006241578375920653,,,,3239.0313
4936,0.000623992586042732,,,,3239.874
4937,0.0006238313508220017,,,,3240.6591
4938,0.0006236648769117892,,,,3241.4362
4939,0.0006235005566850305,,,,3242.2183
4940,0.0006233347812667489,,,,3243.0062
4941,0.0006231697625480592,,,,3243.7934
4942,0.0006230073049664497,,,,3244.5649
4943,0.0006228420534171164,,,,3245.3368
4944,0.0006226762197911739,,,,3246.124
4945,0.0006225130637176335,,,,3246.9209
4946,0.0006223496748134494,,,,3247.6897
4947,0.0006221857038326561,,,,3248.4861
4948,0.0006220195209607482,,,,3249.2842
4949,0.0006218547350727022,,,,3250.0722
4950,0.0006216911715455353,,,,3250.8834
4951,0.0006215262692421675,,,,3251.6955
4952,0.0006213634042069316,,,,3252.489
4953,0.0006211983854882419,,,,3253.295
4954,0.0006210330175235868,,,,3254.0868
4955,0.000620870036073029,,,,3254.8787
4956,0.0006207084516063333,,,,3255.6571
4957,0.0006205450627021492,,,,3256.4357
4958,0.0006203821394592524,,,,3257.2353
4959,0.0006202224758453667,,,,3258.0676
4960,0.0006200633943080902,,,,3258.8586
4961,0.0006199060007929802,,,,3259.6391
4962,0.0006197526236064732,,,,3260.4193
4963,0.0006196065223775804,,,,3261.1976
4964,0.0006194699089974165,,,,3261.9737
4965,0.0006193488370627165,,,,3262.7956
4966,0.0006192547734826803,,,,3263.589
4967,0.00061920250300318,,,,3264.3978
4968,0.0006192114087752998,,,,3265.21
4969,0.0006193149602040648,,,,3266.0116
4970,0.0006195510504767299,,,,3266.7882
4971,0.0006199495983310044,,,,3267.5613
4972,0.000620495353359729,,,,3268.3409
4973,0.0006210803403519094,,,,3269.1907
4974,0.0006214044406078756,,,,3270.022
4975,0.0006211215513758361,,,,3270.7961
4976,0.0006200376083143055,,,,3271.5772
4977,0.0006185349193401635,,,,3272.3522
4978,0.0006173519650474191,,,,3273.1298
4979,0.000617012963630259,,,,3273.9593
4980,0.0006174053996801376,,,,3274.7667
4981,0.000617943936958909,,,,3275.546
4982,0.0006180399795994163,,,,3276.3169
4983,0.0006175096496008337,,,,3277.1365
4984,0.0006167041137814522,,,,3277.913
4985,0.0006161544006317854,,,,3278.6909
4986,0.0006161275086924434,,,,3279.4766
4987,0.0006164168589748442,,,,3280.2625
4988,0.0006166179664433002,,,,3281.0925
4989,0.0006165038794279099,,,,3281.8894
4990,0.0006161892088130116,,,,3282.6672
4991,0.0006160143529996276,,,,3283.4535
4992,0.0006162133649922907,,,,3284.2291
4993,0.0006167766405269504,,,,3285.0055
4994,0.0006175428279675543,,,,3285.7871
4995,0.0006184546509757638,,,,3286.5732
4996,0.0006196930771693587,,,,3287.3552
4997,0.0006216328474693,,,,3288.1403
4998,0.0006246995180845261,,,,3288.9285
4999,0.000629292568191886,,,,3289.7114
5000,0.0006358143873512745,0.055160582065582275,0.09570417553186417,0.0876,3290.6232
5001,0.000644799554720521,,,,3291.5146
5002,0.0006568270036950707,,,,3292.3515
5003,0.0006722217658534646,,,,3293.152
5004,0.0006903283065184951,,,,3293.9606
5005,0.0007087059202603996,,,,3294.8685
5006,0.0007224684813991189,,,,3295.7655
5007,0.0007251587812788785,,,,3296.7653
5008,0.0007117989007383585,,,,3297.6148
5009,0.0006834981613792479,,,,3298.4581
5010,0.0006493518012575805,,,,3299.247
5011,0.0006223777309060097,,,,3300.037
5012,0.0006116708973422647,,,,3300.8429
5013,0.0006175049929879606,,,,3301.6304
5014,0.0006324865389615297,,,,3302.3991
5015,0.0006464006728492677,,,,3303.3502
5016,0.0006512634572573006,,,,3304.2202
5017,0.0006447372725233436,,,,3305.0449
5018,0.00063088268507272,,,,3306.3612
5019,0.0006173562724143267,,,,3307.5433
5020,0.000610588351264596,,,,3308.6881
5021,0.0006121831829659641,,,,3309.6536
5022,0.0006188663537614048,,,,3310.617
5023,0.0006252465536817908,,,,3311.6779
5024,0.000627152097877115,,,,3312.8203
5025,0.0006237070192582905,,,,3313.7927
5026,0.0006172423018142581,,,,3314.742
5027,0.0006114526186138391,,,,3315.6939
5028,0.000609010923653841,,,,3316.645
5029,0.0006102229817770422,,,,3317.5843
5030,0.0006133066490292549,,,,3318.5769
5031,0.0006158355390653014,,,,3319.519
5032,0.0006161576020531356,,,,3320.4742
5033,0.0006142038037069142,,,,3321.4313
5034,0.0006111806724220514,,,,3322.407
5035,0.0006086842622607946,,,,3323.4185
5036,0.000607724825385958,,,,3324.39
5037,0.0006082947948016226,,,,3325.3382
5038,0.0006095816497690976,,,,3326.327
5039,0.0006105612847022712,,,,3327.2928
5040,0.0006105928332544863,,,,3328.2513
5041,0.0006096585420891643,,,,3329.2113
5042,0.0006082608597353101,,,,3330.1707
5043,0.0006070489762350917,,,,3331.1129
5044,0.000606456829700619,,,,3332.0665
5045,0.0006065178313292563,,,,3333.022
5046,0.0006069442606531084,,,,3333.9761
5047,0.0006073304102756083,,,,3334.9383
5048,0.0006073739496059716,,,,3335.9096
5049,0.0006070081144571304,,,,3336.8854
5050,0.0006063717883080244,,,,3337.7749
5051,0.0006057120626792312,,,,3338.6235
5052,0.0006052402895875275,,,,3339.4681
5053,0.0006050341762602329,,,,3340.2991
5054,0.0006050469819456339,,,,3341.1738
5055,0.0006051383097656071,,,,3342.0111
5056,0.0006051614182069898,,,,3342.8434
5057,0.000605038134381175,,,,3343.6748
5058,0.0006047695642337203,,,,3344.5005
5059,0.000604413275141269,,,,3345.3384
5060,0.0006040626903995872,,,,3346.1727
5061,0.0006037785205990076,,,,3347.0036
5062,0.0006036005215719342,,,,3347.8179
5063,0.0006034979596734047,,,,3348.6416
5064,0.0006034320103935897,,,,3349.4717
5065,0.0006033552344888449,,,,3350.2855
5066,0.0006032268865965307,,,,3351.1093
5067,0.0006030484801158309,,,,3351.9376
5068,0.0006028279312886298,,,,3352.7614
5069,0.0006025927723385394,,,,3353.5829
5070,0.00060237169964239,,,,3354.413
5071,0.000602175947278738,,,,3355.231
5072,0.0006020145956426859,,,,3356.0631
5073,0.0006018776330165565,,,,3356.8975
5074,0.0006017520790919662,,,,3357.7147
5075,0.000601619656663388,,,,3358.5906
5076,0.0006014780374243855,,,,3359.438
5077,0.0006013177917338908,,,,3360.2727
5078,0.0006011443329043686,,,,3361.1197
5079,0.0006009627250023186,,,,3361.9473
5080,0.0006007772753946483,,,,3362.7651
5081,0.0006005995674058795,,,,3363.595
5082,0.0006004335591569543,,,,3364.4124
5083,0.0006002752343192697,,,,3365.2358
5084,0.0006001225556246936,,,,3366.0771
5085,0.0005999731365591288,,,,3366.9233
5086,0.0005998251726850867,,,,3367.7557
5087,0.0005996719701215625,,,,3368.5824
5088,0.0005995181272737682,,,,3369.408
5089,0.0005993592203594744,,,,3370.2532
5090,0.0005991932703182101,,,,3371.108
5091,0.0005990280187688768,,,,3371.9735
5092,0.000598864397034049,,,,3372.7986
5093,0.0005987010663375258,,,,3373.6411
5094,0.0005985391908325255,,,,3374.4673
5095,0.0005983792943879962,,,,3375.3003
5096,0.0005982223083265126,,,,3376.1382
5097,0.0005980651476420462,,,,3376.9634
5098,0.0005979077541269362,,,,3377.8026
5099,0.0005977534456178546,,,,3378.6326
5100,0.0005975992535240948,0.051113296300172806,0.09421267360448837,0.0873,3379.5452
5101,0.0005974407540634274,,,,3380.3918
5102,0.0005972833605483174,,,,3381.2244
5103,0.0005971252103336155,,,,3382.0583
5104,0.0005969689809717238,,,,3382.8946
5105,0.0005968079785816371,,,,3383.7332
5106,0.0005966493627056479,,,,3384.5707
5107,0.0005964922020211816,,,,3385.3982
5108,0.0005963323637843132,,,,3386.2489
5109,0.0005961738061159849,,,,3387.0907
5110,0.0005960169364698231,,,,3387.897
5111,0.000595856923609972,,,,3388.7257
5112,0.0005956969107501209,,,,3389.5461
5113,0.0005955419619567692,,,,3390.3799
5114,0.0005953835207037628,,,,3391.197
5115,0.0005952248466201127,,,,3392.0224
5116,0.000595069897826761,,,,3392.8419
5117,0.0005949120968580246,,,,3393.6733
5118,0.0005947547615505755,,,,3394.5001
5119,0.0005945966695435345,,,,3395.327
5120,0.000594441662542522,,,,3396.1574
5121,0.0005942820571362972,,,,3396.9824
5122,0.0005941264098510146,,,,3397.8048
5123,0.0005939704715274274,,,,3398.6306
5124,0.0005938114481978118,,,,3399.4522
5125,0.0005936561501584947,,,,3400.2734
5126,0.0005934986984357238,,,,3401.117
5127,0.00059333915123716,,,,3401.9704
5128,0.0005931834457442164,,,,3402.7972
5129,0.0005930252955295146,,,,3403.6456
5130,0.0005928700556978583,,,,3404.487
5131,0.0005927130696363747,,,,3405.301
5132,0.0005925594014115632,,,,3406.1272
5133,0.0005924009601585567,,,,3406.934
5134,0.0005922468844801188,,,,3407.745
5135,0.0005920893745496869,,,,3408.5514
5136,0.0005919307004660368,,,,3409.3548
5137,0.0005917808157391846,,,,3410.1694
5138,0.0005916291265748441,,,,3410.9775
5139,0.0005914735957048833,,,,3411.7842
5140,0.0005913231871090829,,,,3412.5843
5141,0.0005911735352128744,,,,3413.3991
5142,0.0005910299369134009,,,,3414.2356
5143,0.0005908870371058583,,,,3415.0473
5144,0.000590751355048269,,,,3415.8708
5145,0.0005906273727305233,,,,3416.6987
5146,0.000590511888731271,,,,3417.5108
5147,0.000590417708735913,,,,3418.3219
5148,0.0005903519922867417,,,,3419.1423
5149,0.0005903228302486241,,,,3419.9504
5150,0.0005903521087020636,,,,3420.7722
5151,0.0005904692225158215,,,,3421.5756
5152,0.0005907214363105595,,,,3422.427
5153,0.0005911707412451506,,,,3423.2722
5154,0.0005919187096878886,,,,3424.1079
5155,0.000593123200815171,,,,3424.9438
5156,0.0005950149497948587,,,,3425.7551
5157,0.0005979498964734375,,,,3426.5667
5158,0.0006024446338415146,,,,3427.378
5159,0.0006092385156080127,,,,3428.1841
5160,0.0006193366134539247,,,,3429.0054
5161,0.0006339221727102995,,,,3429.8062
5162,0.0006540939211845398,,,,3430.6192
5163,0.0006800145492888987,,,,3431.4792
5164,0.0007094427128322423,,,,3432.3034
5165,0.0007358527509495616,,,,3433.1144
5166,0.0007480867207050323,,,,3433.9271
5167,0.0007348419167101383,,,,3434.7269
5168,0.0006942142499610782,,,,3435.5172
5169,0.0006408427143469453,,,,3436.3357
5170,0.0005992246442474425,,,,3437.144
5171,0.0005866429419256747,,,,3437.9591
5172,0.0006018051062710583,,,,3438.7721
5173,0.0006282381946220994,,,,3439.5778
5174,0.0006460387376137078,,,,3440.3755
5175,0.0006433416856452823,,,,3441.1845
5176,0.0006227613775990903,,,,3441.9827
5177,0.0005986880860291421,,,,3442.7901
5178,0.0005861439276486635,,,,3443.6024
5179,0.0005899625830352306,,,,3444.4168
5180,0.0006031334633007646,,,,3445.2368
5181,0.0006138453027233481,,,,3446.0805
5182,0.0006143664359115064,,,,3446.9219
5183,0.0006057778955437243,,,,3447.7682
5184,0.000595625548157841,,,,3448.565
5185,0.000591057410929352,,,,3449.3726
5186,0.0005929971812292933,,,,3450.1936
5187,0.0005970200290903449,,,,3451.0077
5188,0.0005984397139400244,,,,3451.8268
5189,0.0005962466238997877,,,,3452.6327
5190,0.0005922143463976681,,,,3453.4304
5191,0.0005885980208404362,,,,3454.2398
5192,0.0005866194842383265,,,,3455.0467
5193,0.0005863716942258179,,,,3455.8521
5194,0.0005876044160686433,,,,3456.6467
5195,0.0005893759662285447,,,,3457.4304
5196,0.0005899153766222298,,,,3458.2258
5197,0.0005880500539205968,,,,3459.0653
5198,0.0005847034626640379,,,,3460.0832
5199,0.0005824070540256798,,,,3460.9603
5200,0.0005827602581121027,0.050178639590740204,0.09422831237316132,0.0874,3461.8895
5201,0.0005847436259500682,,,,3462.7319
5202,0.0005859833327122033,,,,3463.6448
5203,0.0005852467729710042,,,,3464.5903
5204,0.0005834161420352757,,,,3465.5067
5205,0.0005820420337840915,,,,3466.3397
5206,0.0005816802731715143,,,,3467.1507
5207,0.0005818463978357613,,,,3467.9771
5208,0.0005820139776915312,,,,3468.8187
5209,0.000582107633817941,,,,3469.639
5210,0.0005821262020617723,,,,3470.4397
5211,0.0005818330682814121,,,,3471.2366
5212,0.0005811111186631024,,,,3472.0411
5213,0.0005803072708658874,,,,3472.8517
5214,0.0005799323553219438,,,,3473.6633
5215,0.0005801019724458456,,,,3474.4673
5216,0.0005804061656817794,,,,3475.2655
5217,0.0005803984822705388,,,,3476.0819
5218,0.00058002769947052,,,,3476.898
5219,0.0005795633187517524,,,,3477.7036
5220,0.0005792280426248908,,,,3478.5153
5221,0.0005790154100395739,,,,3479.3073
5222,0.0005788517883047462,,,,3480.0961
5223,0.0005787329864688218,,,,3480.9054
5224,0.0005786775145679712,,,,3481.7064
5225,0.0005786319961771369,,,,3482.506
5226,0.0005784828099422157,,,,3483.2978
5227,0.000578200735617429,,,,3484.0968
5228,0.000577881874050945,,,,3484.8922
5229,0.0005776562029495835,,,,3485.687
5230,0.0005775344907306135,,,,3486.5413
5231,0.0005774573655799031,,,,3487.3783
5232,0.000577345781493932,,,,3488.1888
5233,0.0005771933356299996,,,,3488.9676
5234,0.0005770319257862866,,,,3489.7717
5235,0.0005768588744103909,,,,3490.5644
5236,0.0005766724934801459,,,,3491.4193
5237,0.0005764752859249711,,,,3492.2396
5238,0.0005762942600995302,,,,3493.0443
5239,0.00057614641264081,,,,3493.864
5240,0.0005760298226960003,,,,3494.6925
5241,0.0005759060732088983,,,,3495.4776
5242,0.000575761660002172,,,,3496.2824
5243,0.000575595477130264,,,,3497.0912
5244,0.0005754252197220922,,,,3497.933
5245,0.0005752589204348624,,,,3498.7691
5246,0.0005750988493673503,,,,3499.5811
5247,0.0005749392439611256,,,,3500.381
5248,0.000574786274228245,,,,3501.1696
5249,0.0005746392998844385,,,,3501.9777
5250,0.0005744991940446198,,,,3502.7911
5251,0.0005743588553741574,,,,3503.6001
5252,0.0005742099601775408,,,,3504.4084
5253,0.0005740509368479252,,,,3505.1977
5254,0.0005738924955949187,,,,3506.0275
5255,0.0005737338215112686,,,,3506.8383
5256,0.0005735806771554053,,,,3507.6204
5257,0.000573428871575743,,,,3508.4113
5258,0.0005732776480726898,,,,3509.211
5259,0.0005731274140998721,,,,3510.0105
5260,0.0005729796248488128,,,,3510.8134
5261,0.0005728335818275809,,,,3511.6297
5262,0.0005726846866309643,,,,3512.5179
5263,0.0005725318333134055,,,,3513.5618
5264,0.0005723794456571341,,,,3514.5282
5265,0.0005722258356399834,,,,3515.402
5266,0.0005720724584534764,,,,3516.2835
5267,0.0005719210021197796,,,,3517.1494
5268,0.0005717723397538066,,,,3518.0222
5269,0.0005716192536056042,,,,3518.9047
5270,0.0005714697763323784,,,,3519.7403
5271,0.0005713199498131871,,,,3520.6079
5272,0.0005711741396225989,,,,3521.5403
5273,0.0005710230325348675,,,,3522.4614
5274,0.0005708696553483605,,,,3523.7366
5275,0.0005707170930691063,,,,3524.7952
5276,0.0005705697112716734,,,,3525.8409
5277,0.0005704158684238791,,,,3526.8851
5278,0.0005702662747353315,,,,3527.987
5279,0.0005701173795387149,,,,3529.1115
5280,0.0005699654575437307,,,,3530.1328
5281,0.000569814583286643,,,,3531.1901
5282,0.0005696651642210782,,,,3532.2531
5283,0.0005695157451555133,,,,3533.2993
5284,0.0005693643470294774,,,,3534.3493
5285,0.0005692158010788262,,,,3535.3991
5286,0.0005690626567229629,,,,3536.4863
5287,0.0005689142853952944,,,,3537.556
5288,0.0005687655648216605,,,,3538.6163
5289,0.0005686142831109464,,,,3539.6819
5290,0.0005684643401764333,,,,3540.7787
5291,0.0005683136987499893,,,,3541.8525
5292,0.0005681629991158843,,,,3542.9023
5293,0.000568012532312423,,,,3543.9578
5294,0.0005678613670170307,,,,3545.0356
5295,0.0005677131121046841,,,,3546.0829
5296,0.0005675617721863091,,,,3547.1361
5297,0.0005674127023667097,,,,3548.2591
5298,0.0005672641564160585,,,,3549.327
5299,0.0005671133403666317,,,,3550.4977
5300,0.0005669602542184293,0.04882063716650009,0.09348330646753311,0.124,3551.8703
5301,0.0005668093217536807,,,,3552.9854
5302,0.0005666608922183514,,,,3554.1224
5303,0.000566510483622551,,,,3555.2212
5304,0.0005663643241859972,,,,3556.3063
5305,0.0005662136245518923,,,,3557.4148
5306,0.0005660619353875518,,,,3558.478
5307,0.0005659107700921595,,,,3559.4908
5308,0.0005657587316818535,,,,3560.4757
5309,0.0005656108260154724,,,,3561.4747
5310,0.0005654595443047583,,,,3562.4519
5311,0.0005653121042996645,,,,3563.4424
5312,0.0005651613464578986,,,,3564.4123
5313,0.0005650107632391155,,,,3565.2699
5314,0.0005648614023812115,,,,3566.1386
5315,0.0005647130310535431,,,,3566.9922
5316,0.0005645620985887945,,,,3567.8516
5317,0.0005644129705615342,,,,3568.707
5318,0.0005642627365887165,,,,3569.5485
5319,0.0005641120951622725,,,,3570.3996
5320,0.0005639606970362365,,,,3571.2395
5321,0.0005638127331621945,,,,3572.0842
5322,0.0005636619171127677,,,,3572.9461
5323,0.0005635136039927602,,,,3573.806
5324,0.0005633638356812298,,,,3574.7393
5325,0.0005632126703858376,,,,3575.6041
5326,0.0005630656378343701,,,,3576.5342
5327,0.0005629164515994489,,,,3577.4967
5328,0.0005627686041407287,,,,3578.4005
5329,0.0005626176716759801,,,,3579.2886
5330,0.0005624693003483117,,,,3580.4697
5331,0.0005623219185508788,,,,3581.4618
5332,0.0005621754098683596,,,,3582.4094
5333,0.0005620319279842079,,,,3583.3423
5334,0.0005618896102532744,,,,3584.3637
5335,0.0005617516580969095,,,,3585.2832
5336,0.0005616185953840613,,,,3586.3766
5337,0.0005614953697659075,,,,3587.2408
5338,0.0005613848334178329,,,,3588.1131
5339,0.0005612968234345317,,,,3588.9761
5340,0.0005612419336102903,,,,3589.8275
5341,0.0005612425156868994,,,,3590.7074
5342,0.0005613266839645803,,,,3591.5563
5343,0.0005615491536445916,,,,3592.4007
5344,0.0005619881558232009,,,,3593.2409
5345,0.0005627830978482962,,,,3594.0884
5346,0.0005641558673232794,,,,3594.9636
5347,0.0005664646159857512,,,,3595.9004
5348,0.0005702908965758979,,,,3596.8079
5349,0.0005765586392953992,,,,3597.6593
5350,0.0005867129657417536,,,,3598.515
5351,0.0006028460338711739,,,,3599.378
5352,0.0006277404609136283,,,,3600.2652
5353,0.0006641504587605596,,,,3601.1528
5354,0.0007128369179554284,,,,3601.991
5355,0.0007677225512452424,,,,3602.8549
5356,0.0008110551279969513,,,,3603.7033
5357,0.0008141305297613144,,,,3604.5475
5358,0.0007584111299365759,,,,3605.3846
5359,0.0006624372908845544,,,,3606.2409
5360,0.000581349479034543,,,,3607.0909
5361,0.0005602756282314658,,,,3607.9332
5362,0.0005963231669738889,,,,3608.7889
5363,0.00064660026691854,,,,3609.621
5364,0.0006649059941992164,,,,3610.4657
5365,0.0006365154986269772,,,,3611.5577
5366,0.0005877609364688396,,,,3612.5008
5367,0.000559777719900012,,,,3613.3735
5368,0.0005689118406735361,,,,3614.3463
5369,0.0005961823626421392,,,,3615.2986
5370,0.0006105126813054085,,,,3616.2614
5371,0.0005982817965559661,,,,3617.1482
5372,0.0005730202537961304,,,,3618.0152
5373,0.00055822788272053,,,,3618.8894
5374,0.0005633902619592845,,,,3619.7554
5375,0.0005777215119451284,,,,3620.6252
5376,0.0005842163227498531,,,,3621.495
5377,0.0005766057875007391,,,,3622.3489
5378,0.000563198933377862,,,,3623.2072
5379,0.0005563648301176727,,,,3624.067
5380,0.0005600430886261165,,,,3624.9135
5381,0.0005676569417119026,,,,3625.7502
5382,0.0005702589987777174,,,,3626.6021
5383,0.0005653112311847508,,,,3627.4979
5384,0.0005579681019298732,,,,3628.3176
5385,0.0005548202898353338,,,,3629.1628
5386,0.0005573882954195142,,,,3630.002
5387,0.000561565044336021,,,,3630.8323
5388,0.0005624745972454548,,,,3631.6578
5389,0.000559232197701931,,,,3632.4544
5390,0.0005550934583880007,,,,3633.2568
5391,0.0005536521784961224,,,,3634.0671
5392,0.0005553484079428017,,,,3634.856
5393,0.000557596271391958,,,,3635.6444
5394,0.0005577807896770537,,,,3636.4629
5395,0.000555744452867657,,,,3637.2482
5396,0.0005534559604711831,,,,3638.0325
5397,0.0005527616012841463,,,,3638.8085
5398,0.0005536858225241303,,,,3639.5734
5399,0.0005547779728658497,,,,3640.3273
5400,0.0005547595210373402,0.04812949150800705,0.09276601672172546,0.0807,3641.158
5401,0.0005536283133551478,,,,3641.8995
5402,0.0005523856380023062,,,,3642.6371
5403,0.0005519163096323609,,,,3643.3938
5404,0.0005522496649064124,,,,3644.1949
5405,0.0005527319153770804,,,,3644.9319
5406,0.0005527397734113038,,,,3645.6712
5407,0.0005521897110156715,,,,3646.4111
5408,0.0005514770746231079,,,,3647.1949
5409,0.0005510502960532904,,,,3647.9246
5410,0.000551036384422332,,,,3648.6549
5411,0.0005512168281711638,,,,3649.3811
5412,0.000551256409380585,,,,3650.1085
5413,0.0005510117043741047,,,,3650.8256
5414,0.0005505798617377877,,,,3651.5679
5415,0.0005501988925971091,,,,3652.2985
5416,0.0005500281695276499,,,,3653.0039
5417,0.0005500333500094712,,,,3653.7076
5418,0.0005500477273017168,,,,3654.4771
5419,0.0005499295657500625,,,,3655.4
5420,0.0005496647208929062,,,,3656.2511
5421,0.0005493602948263288,,,,3657.0365
5422,0.0005491379415616393,,,,3658.1375
5423,0.000549034564755857,,,,3659.039
5424,0.0005489895702339709,,,,3659.7624
5425,0.0005489030154421926,,,,3660.4902
5426,0.0005487403832376003,,,,3661.216
5427,0.0005485166911967099,,,,3661.9158
5428,0.0005483057466335595,,,,3662.608
5429,0.0005481431144289672,,,,3663.3092
5430,0.0005480311810970306,,,,3664.0017
5431,0.000547930074390024,,,,3664.6864
5432,0.0005478064995259047,,,,3665.4269
5433,0.0005476480582728982,,,,3666.1388
5434,0.0005474716308526695,,,,3666.8134
5435,0.000547299743629992,,,,3667.6064
5436,0.0005471474723890424,,,,3668.3474
5437,0.0005470157484523952,,,,3669.0025
5438,0.0005468911258503795,,,,3669.7457
5439,0.0005467578885145485,,,,3670.463
5440,0.0005466134753078222,,,,3671.1604
5441,0.000546456896699965,,,,3671.8246
5442,0.0005463002598844469,,,,3672.4998
5443,0.0005461503169499338,,,,3673.1432
5444,0.000546010909602046,,,,3673.7906
5445,0.000545872375369072,,,,3674.4774
5446,0.0005457390216179192,,,,3675.4666
5447,0.0005455990904010832,,,,3676.2536
5448,0.0005454511847347021,,,,3676.9104
5449,0.0005453008925542235,,,,3677.6945
5450,0.0005451533943414688,,,,3678.3784
5451,0.0005450077587738633,,,,3679.0543
5452,0.0005448670126497746,,,,3679.6682
5453,0.0005447313305921853,,,,3680.2889
5454,0.0005445905844680965,,,,3680.9104
5455,0.0005444474518299103,,,,3681.51
5456,0.000544303038623184,,,,3682.1024
5457,0.0005441569956019521,,,,3682.6952
5458,0.0005440139793790877,,,,3683.3058
5459,0.0005438717780634761,,,,3683.9444
5460,0.0005437297513708472,,,,3684.5141
5461,0.0005435882485471666,,,,3685.0948
5462,0.0005434463382698596,,,,3685.6563
5463,0.0005433048936538398,,,,3686.232
5464,0.0005431629833765328,,,,3686.7976
5465,0.0005430183955468237,,,,3687.3708
5466,0.0005428734584711492,,,,3687.9448
5467,0.0005427303840406239,,,,3688.5237
5468,0.0005425902199931443,,,,3689.0879
5469,0.0005424488917924464,,,,3689.6957
5470,0.0005423060501925647,,,,3690.258
5471,0.0005421649548225105,,,,3690.829
5472,0.0005420208908617496,,,,3691.5263
5473,0.0005418781656771898,,,,3692.1854
5474,0.0005417364882305264,,,,3692.8364
5475,0.0005415922496467829,,,,3693.4607
5476,0.0005414533079601824,,,,3694.0615
5477,0.0005413098260760307,,,,3694.6784
5478,0.0005411680322140455,,,,3695.2889
5479,0.0005410248413681984,,,,3695.8896
5480,0.000540884502697736,,,,3696.4327
5481,0.0005407421267591417,,,,3696.9897
5482,0.000540601322427392,,,,3697.5514
5483,0.0005404560943134129,,,,3698.1077
5484,0.0005403140094131231,,,,3698.6754
5485,0.000540171458851546,,,,3699.2212
5486,0.0005400291411206126,,,,3699.799
5487,0.0005398874054662883,,,,3700.4483
5488,0.0005397445638664067,,,,3701.0676
5489,0.0005396034684963524,,,,3701.754
5490,0.0005394606268964708,,,,3702.2913
5491,0.0005393187748268247,,,,3702.8385
5492,0.0005391763406805694,,,,3703.4028
5493,0.0005390350706875324,,,,3704.081
5494,0.0005388929857872427,,,,3704.6346
5495,0.0005387497949413955,,,,3705.1716
5496,0.0005386070697568357,,,,3705.7354
5497,0.0005384654505178332,,,,3706.2754
5498,0.0005383230745792389,,,,3706.8036
5499,0.00053818040760234,,,,3707.3258
5500,0.000538039137609303,0.04664134234189987,0.09261052310466766,0.0559,3707.9295
5501,0.0005378979258239269,,,,3708.4677
5502,0.0005377554916776717,,,,3709.0209
5503,0.0005376131739467382,,,,3709.5509
5504,0.0005374721949920058,,,,3710.0652
5505,0.0005373280146159232,,,,3710.581
5506,0.0005371849401853979,,,,3711.2492
5507,0.0005370461149141192,,,,3711.7763
5508,0.0005369026330299675,,,,3712.2868
5509,0.0005367610137909651,,,,3712.8015
5510,0.0005366186960600317,,,,3713.3165
5511,0.0005364760290831327,,,,3713.8335
5512,0.0005363349919207394,,,,3714.348
5513,0.0005361920339055359,,,,3714.853
5514,0.0005360519862733781,,,,3715.3628
5515,0.0005359083297662437,,,,3715.8738
5516,0.0005357674672268331,,,,3716.3779
5517,0.0005356232286430895,,,,3716.8777
5518,0.0005354812019504607,,,,3717.3771
5519,0.0005353399901650846,,,,3717.8874
5520,0.0005351958679966629,,,,3718.447
5521,0.0005350549472495914,,,,3718.964
5522,0.0005349140265025198,,,,3719.5604
5523,0.0005347703117877245,,,,3720.1061
5524,0.0005346306134015322,,,,3720.6213
5525,0.000534486782271415,,,,3721.1326
5526,0.0005343472003005445,,,,3721.6376
5527,0.0005342052318155766,,,,3722.1444
5528,0.0005340618081390858,,,,3722.6968
5529,0.0005339200142771006,,,,3723.1992
5530,0.0005337763577699661,,,,3723.7197
5531,0.0005336352623999119,,,,3724.2307
5532,0.0005334926536306739,,,,3724.7494
5533,0.0005333494627848268,,,,3725.2507
5534,0.0005332076689228415,,,,3725.7579
5535,0.0005330649437382817,,,,3726.2648
5536,0.0005329246050678194,,,,3726.7655
5537,0.0005327824037522078,,,,3727.2688
5538,0.0005326383979991078,,,,3727.7931
5539,0.0005325007368810475,,,,3728.2987
5540,0.0005323567311279476,,,,3728.828
5541,0.0005322164506651461,,,,3729.3318
5542,0.0005320744821801782,,,,3729.8336
5543,0.0005319303600117564,,,,3730.3313
5544,0.0005317892646417022,,,,3730.8354
5545,0.0005316489259712398,,,,3731.3377
5546,0.0005315039306879044,,,,3731.825
5547,0.0005313627189025283,,,,3732.3263
5548,0.0005312205175869167,,,,3732.8172
5549,0.0005310772685334086,,,,3733.3165
5550,0.0005309359985403717,,,,3733.8167
5551,0.0005307930987328291,,,,3734.3274
5552,0.0005306514794938266,,,,3734.8294
5553,0.0005305096856318414,,,,3735.3112
5554,0.0005303675425238907,,,,3735.8189
5555,0.0005302266799844801,,,,3736.3179
5556,0.0005300868069753051,,,,3736.8101
5557,0.0005299439653754234,,,,3737.3214
5558,0.0005298019386827946,,,,3737.8082
5559,0.0005296588060446084,,,,3738.3064
5560,0.000529517768882215,,,,3738.7995
5561,0.0005293749854899943,,,,3739.3085
5562,0.0005292331916280091,,,,3739.8092
5563,0.0005290922126732767,,,,3740.3116
5564,0.0005289479740895331,,,,3740.8205
5565,0.0005288097308948636,,,,3741.3637
5566,0.0005286682862788439,,,,3741.9259
5567,0.0005285315564833581,,,,3742.5119
5568,0.0005283947684802115,,,,3743.0627
5569,0.0005282604251988232,,,,3743.5572
5570,0.0005281324847601354,,,,3744.0624
5571,0.0005280149052850902,,,,3744.5838
5572,0.0005279083270579576,,,,3745.1464
5573,0.000527829397469759,,,,3745.727
5574,0.0005277931923046708,,,,3746.2438
5575,0.0005278324242681265,,,,3746.7396
5576,0.0005279990145936608,,,,3747.2245
5577,0.0005283874343149364,,,,3747.7109
5578,0.0005291622364893556,,,,3748.204
5579,0.0005306117236614227,,,,3748.6886
5580,0.0005332392756827176,,,,3749.1889
5581,0.000537930172868073,,,,3749.6793
5582,0.0005461841356009245,,,,3750.177
5583,0.0005605165497399867,,,,3750.6863
5584,0.0005847634165547788,,,,3751.1883
5585,0.000624298001639545,,,,3751.6803
5586,0.0006843252340331674,,,,3752.1739
5587,0.0007658668328076601,,,,3752.6689
5588,0.0008545363671146333,,,,3753.3222
5589,0.0009119089809246361,,,,3753.845
5590,0.0008827578276395798,,,,3754.3861
5591,0.0007532440358772874,,,,3754.8724
5592,0.0005976664833724499,,,,3755.3586
5593,0.0005273552378639579,,,,3755.8671
5594,0.0005744213121943176,,,,3756.3473
5595,0.0006651366711594164,,,,3756.8338
5596,0.0006976255099289119,,,,3757.3342
5597,0.0006376358796842396,,,,3757.8339
5598,0.0005513022188097239,,,,3758.3241
5599,0.000526082469150424,,,,3758.8997
5600,0.0005702034686692059,0.055993687361478806,0.1028967872262001,0.0526,3759.5354
5601,0.0006155393784865737,,,,3760.0301
5602,0.0006045287009328604,,,,3760.5276
5603,0.0005536319222301245,,,,3761.0309
5604,0.0005238076555542648,,,,3761.5388
5605,0.0005411801394075155,,,,3762.073
5606,0.0005718466709367931,,,,3762.9373
5607,0.0005729587865062058,,,,3763.4869
5608,0.0005451960605569184,,,,3764.0209
5609,0.0005241402541287243,,,,3764.55
5610,0.0005308391992002726,,,,3765.0776
5611,0.000549058080650866,,,,3765.5893
5612,0.0005521910497918725,,,,3766.2128
5613,0.000537254789378494,,,,3766.8151
5614,0.0005238879821263254,,,,3767.3411
5615,0.0005260825855657458,,,,3767.8987
5616,0.0005363464588299394,,,,3768.4671
5617,0.0005392010789364576,,,,3769.0027
5618,0.0005314202280715108,,,,3769.5413
5619,0.000523302995134145,,,,3770.1591
5620,0.0005234702257439494,,,,3770.8207
5621,0.0005289284745231271,,,,3771.9912
5622,0.0005311707500368357,,,,3772.9744
5623,0.000527412979863584,,,,3774.0346
5624,0.0005225715576671064,,,,3774.6948
5625,0.0005218018195591867,,,,3775.3997
5626,0.0005244370549917221,,,,3776.3906
5627,0.0005260980105958879,,,,3777.1574
5628,0.0005245612119324505,,,,3778.1777
5629,0.0005217707366682589,,,,3779.4453
5630,0.000520669505931437,,,,3780.8451
5631,0.0005216665449552238,,,,3781.4943
5632,0.0005227835499681532,,,,3782.27
5633,0.0005223954212851822,,,,3783.006
5634,0.0005209051887504756,,,,3783.7618
5635,0.000519838067702949,,,,3784.4645
5636,0.0005199369043111801,,,,3785.1141
5637,0.0005205554771237075,,,,3785.6789
5638,0.0005206625210121274,,,,3786.295
5639,0.0005199863226152956,,,,3786.8635
5640,0.0005191423697397113,,,,3787.5022
5641,0.0005188084905967116,,,,3788.4601
5642,0.0005190102965570986,,,,3790.3069
5643,0.0005192269454710186,,,,3791.3087
5644,0.0005190211813896894,,,,3791.978
5645,0.0005184714100323617,,,,3792.6322
5646,0.000518009124789387,,,,3793.4587
5647,0.0005179108702577651,,,,3794.1286
5648,0.0005180376465432346,,,,3794.7976
5649,0.0005180443986319005,,,,3795.3522
5650,0.0005177591228857636,,,,3795.9598
5651,0.000517349224537611,,,,3796.6715
5652,0.0005170913063921034,,,,3797.4858
5653,0.0005170634249225259,,,,3798.3961
5654,0.0005170992808416486,,,,3799.2017
5655,0.0005169856012798846,,,,3799.9198
5656,0.0005167049821466208,,,,3800.4989
5657,0.0005164184840396047,,,,3801.136
5658,0.0005162645247764885,,,,3801.6942
5659,0.0005162301822565496,,,,3802.2847
5660,0.0005161815788596869,,,,3802.826
5661,0.0005160210421308875,,,,3803.3595
5662,0.0005157864652574062,,,,3803.9065
5663,0.0005155791877768934,,,,3804.4456
5664,0.0005154589307494462,,,,3804.9767
5665,0.0005153914098627865,,,,3805.5057
5666,0.0005152941448614001,,,,3806.1199
5667,0.0005151311052031815,,,,3806.6693
5668,0.000514938379637897,,,,3807.1797
5669,0.0005147713236510754,,,,3807.7009
5670,0.0005146554321981966,,,,3808.3057
5671,0.0005145578179508448,,,,3808.8533
5672,0.0005144380265846848,,,,3809.492
5673,0.0005142858135513961,,,,3810.159
5674,0.0005141216097399592,,,,3810.7197
5675,0.0005139721906743944,,,,3811.2467
5676,0.000513846636749804,,,,3811.7623
5677,0.0005137322586961091,,,,3812.384
5678,0.0005136053659953177,,,,3812.9239
5679,0.0005134645034559071,,,,3813.4572
5680,0.0005133158410899341,,,,3813.9582
5681,0.0005131718353368342,,,,3814.4989
5682,0.0005130427307449281,,,,3815.25
5683,0.0005129162454977632,,,,3815.8385
5684,0.0005127860931679606,,,,3816.4231
5685,0.000512651982717216,,,,3817.0405
5686,0.0005125103634782135,,,,3817.6057
5687,0.0005123732262291014,,,,3818.1041
5688,0.0005122370785102248,,,,3818.6052
5689,0.0005121072754263878,,,,3819.0978
5690,0.0005119744455441833,,,,3819.5978
5691,0.0005118448752909899,,,,3820.098
5692,0.000511707563418895,,,,3820.5863
5693,0.0005115733365528286,,,,3821.0868
5694,0.0005114372470416129,,,,3821.5845
5695,0.0005113034276291728,,,,3822.1251
5696,0.0005111707141622901,,,,3822.6133
5697,0.0005110386991873384,,,,3823.1552
5698,0.0005109059857204556,,,,3823.6722
5699,0.0005107710603624582,,,,3824.1614
5700,0.0005106361350044608,0.0445624515414238,0.0916285514831543,0.0525,3824.7127
5701,0.0005104996380396187,,,,3825.2072
5702,0.0005103667499497533,,,,3825.6923
5703,0.0005102338036522269,,,,3826.2024
5704,0.0005101024289615452,,,,3826.7542
5705,0.0005099679692648351,,,,3827.2738
5706,0.0005098353140056133,,,,3827.7742
5707,0.0005097007961012423,,,,3828.3521
5708,0.0005095680826343596,,,,3828.841
5709,0.0005094324587844312,,,,3829.3396
5710,0.000509299454279244,,,,3829.8241
5711,0.0005091679631732404,,,,3830.3204
5712,0.000509033736307174,,,,3830.8139
5713,0.0005088993348181248,,,,3831.3088
5714,0.0005087630706839263,,,,3831.8103
5715,0.0005086304154247046,,,,3832.3198
5716,0.0005084959557279944,,,,3832.8139
5717,0.0005083670257590711,,,,3833.3099
5718,0.0005082304705865681,,,,3833.8289
5719,0.0005080950795672834,,,,3834.3412
5720,0.000507962831761688,,,,3834.8697
5721,0.0005078287795186043,,,,3835.366
5722,0.0005076943780295551,,,,3835.864
5723,0.0005075623630546033,,,,3836.4306
5724,0.0005074294749647379,,,,3836.9595
5725,0.0005072965286672115,,,,3837.5166
5726,0.0005071619525551796,,,,3838.1252
5727,0.0005070285405963659,,,,3838.7539
5728,0.0005068958271294832,,,,3839.2974
5729,0.0005067593301646411,,,,3839.8035
5730,0.0005066287703812122,,,,3840.361
5731,0.0005064931465312839,,,,3840.8929
5732,0.0005063592689111829,,,,3841.4326
5733,0.0005062257987447083,,,,3841.9903
5734,0.0005060933181084692,,,,3842.511
5735,0.0005059599643573165,,,,3843.3005
5736,0.0005058269016444683,,,,3843.9992
5737,0.0005056923255324364,,,,3844.5688
5738,0.0005055578658357263,,,,3845.1919
5739,0.0005054231733083725,,,,3845.7537
5740,0.0005052923806942999,,,,3846.28
5741,0.000505157164297998,,,,3846.7956
5742,0.0005050230538472533,,,,3847.3093
5743,0.0005048906314186752,,,,3847.8433
5744,0.0005047576851211488,,,,3848.4594
5745,0.0005046217702329159,,,,3848.9986
5746,0.0005044883582741022,,,,3849.5129
5747,0.000504355295561254,,,,3850.0634
5748,0.0005042211851105094,,,,3850.5908
5749,0.0005040870746597648,,,,3851.1257
5750,0.0005039538955315948,,,,3851.6431
5751,0.0005038196686655283,,,,3852.154
5752,0.0005036866059526801,,,,3852.6577
5753,0.0005035520880483091,,,,3853.1914
5754,0.000503417628351599,,,,3853.6996
5755,0.0005032855551689863,,,,3854.2031
5756,0.0005031513283029199,,,,3854.7235
5757,0.0005030166357755661,,,,3855.2498
5758,0.000502881477586925,,,,3855.7799
5759,0.000502749637234956,,,,3856.3998
5760,0.0005026185535825789,,,,3856.9975
5761,0.0005024829879403114,,,,3857.5542
5762,0.0005023483536206186,,,,3858.1117
5763,0.0005022147088311613,,,,3858.6962
5764,0.0005020808894187212,,,,3859.2493
5765,0.0005019500968046486,,,,3859.7919
5766,0.0005018142401240766,,,,3860.3517
5767,0.0005016790819354355,,,,3860.9784
5768,0.0005015477654524148,,,,3861.5585
5769,0.0005014132475480437,,,,3862.1707
5770,0.0005012793699279428,,,,3862.8416
5771,0.0005011447356082499,,,,3863.6243
5772,0.0005010118475183845,,,,3864.3964
5773,0.0005008781445212662,,,,3865.2324
5774,0.0005007433937862515,,,,3865.8934
5775,0.0005006079445593059,,,,3866.5634
5776,0.0005004749400541186,,,,3867.1895
5777,0.0005003427504561841,,,,3867.8161
5778,0.0005002087564207613,,,,3868.3763
5779,0.0005000755190849304,,,,3868.9339
5780,0.0004999403608962893,,,,3869.5848
5781,0.000499805377330631,,,,3870.3597
5782,0.0004996706848032773,,,,3871.0199
5783,0.00049953832058236,,,,3871.6459
5784,0.0004994036280550063,,,,3872.2465
5785,0.0004992696922272444,,,,3872.8925
5786,0.0004991362802684307,,,,3873.5277
5787,0.0004990033339709044,,,,3874.2334
5788,0.0004988684668205678,,,,3874.918
5789,0.0004987352294847369,,,,3875.5082
5790,0.0004986005369573832,,,,3876.1177
5791,0.0004984660190530121,,,,3876.6972
5792,0.0004983334802091122,,,,3877.2727
5793,0.0004981998936273158,,,,3877.8845
5794,0.0004980664234608412,,,,3878.4684
5795,0.0004979327786713839,,,,3879.0305
5796,0.00049779616529122,,,,3879.5628
5797,0.0004976618802174926,,,,3880.0696
5798,0.0004975302726961672,,,,3880.582
5799,0.0004973954637534916,,,,3881.1624
5800,0.0004972611786797643,0.043625250458717346,0.09133731573820114,0.0603,3881.7238
5801,0.0004971271846443415,,,,3882.2404
5802,0.0004969940055161715,,,,3882.7723
5803,0.0004968580906279385,,,,3883.4162
5804,0.0004967268905602396,,,,3884.0482
5805,0.0004965896368958056,,,,3885.0286
5806,0.0004964560503140092,,,,3885.6412
5807,0.0004963224055245519,,,,3886.2298
5808,0.0004961889935657382,,,,3886.7628
5809,0.0004960547666996717,,,,3887.3409
5810,0.0004959205980412662,,,,3888.1641
5811,0.0004957870114594698,,,,3888.9397
5812,0.0004956508055329323,,,,3889.5337
5813,0.0004955185577273369,,,,3890.0844
5814,0.0004953833995386958,,,,3890.6194
5815,0.0004952496965415776,,,,3891.1586
5816,0.0004951174487359822,,,,3891.7197
5817,0.0004949827562086284,,,,3892.2631
5818,0.0004948469577357173,,,,3892.7825
5819,0.0004947134875692427,,,,3893.2933
5820,0.0004945807158946991,,,,3893.867
5821,0.0004944452666677535,,,,3894.3866
5822,0.0004943102248944342,,,,3894.9046
5823,0.0004941768711432815,,,,3895.4038
5824,0.000494042003992945,,,,3895.9094
5825,0.0004939100472256541,,,,3896.4877
5826,0.0004937743069604039,,,,3897.0019
5827,0.000493641768116504,,,,3897.5073
5828,0.0004935082979500294,,,,3898.0221
5829,0.0004933748277835548,,,,3898.7189
5830,0.0004932408919557929,,,,3899.2773
5831,0.0004931100411340594,,,,3899.7839
5832,0.000492980529088527,,,,3900.299
5833,0.0004928549751639366,,,,3900.7973
5834,0.0004927389672957361,,,,3901.3141
5835,0.0004926304100081325,,,,3901.8197
5836,0.0004925462417304516,,,,3902.3229
5837,0.0004925031680613756,,,,3902.8188
5838,0.0004925310495309532,,,,3903.3351
5839,0.000492693914566189,,,,3903.8495
5840,0.0004931072471663356,,,,3904.3944
5841,0.0004939750069752336,,,,3904.9275
5842,0.0004956944612786174,,,,3905.4424
5843,0.0004989703884348273,,,,3905.9398
5844,0.0005050696199759841,,,,3906.452
5845,0.0005160795408301055,,,,3906.959
5846,0.0005351966829039156,,,,3907.4527
5847,0.0005663490737788379,,,,3907.9913
5848,0.0006131595582701266,,,,3908.4957
5849,0.0006756963557563722,,,,3909.0135
5850,0.0007469689007848501,,,,3909.4993
5851,0.0008071635384112597,,,,3910.001
5852,0.0008316390449181199,,,,3910.5073
5853,0.0007987319258973002,,,,3911.0058
5854,0.000705147918779403,,,,3911.5092
5855,0.0005852335598319769,,,,3912.0959
5856,0.0005099441623315215,,,,3912.6145
5857,0.0005223348853178322,,,,3913.1971
5858,0.0005919914692640305,,,,3913.7157
5859,0.0006430751527659595,,,,3914.2362
5860,0.0006201841169968247,,,,3914.7659
5861,0.0005439029773697257,,,,3915.2804
5862,0.0004916664911434054,,,,3915.7902
5863,0.0005071355844847858,,,,3916.3234
5864,0.000554369471501559,,,,3916.857
5865,0.0005715331644751132,,,,3917.3654
5866,0.0005421153618954122,,,,3917.8797
5867,0.0005029789754189551,,,,3918.3922
5868,0.0004938427009619772,,,,3918.8852
5869,0.0005129753262735903,,,,3919.467
5870,0.0005289809196256101,,,,3920.0272
5871,0.0005232969997450709,,,,3920.5562
5872,0.0005062537966296077,,,,3921.0781
5873,0.0004961253143846989,,,,3921.5711
5874,0.0004977657226845622,,,,3922.0697
5875,0.000503812450915575,,,,3922.5653
5876,0.0005062069976702332,,,,3923.0797
5877,0.0005031384062021971,,,,3923.5884
5878,0.0004975951160304248,,,,3924.0842
5879,0.0004929921124130487,,,,3924.5973
5880,0.0004918401245959103,,,,3925.0911
5881,0.0004945910186506808,,,,3925.6054
5882,0.0004976479685865343,,,,3926.117
5883,0.0004964257241226733,,,,3926.6388
5884,0.000491263170260936,,,,3927.2082
5885,0.00048737492761574686,,,,3927.7272
5886,0.0004884218797087669,,,,3928.2564
5887,0.0004921478102914989,,,,3928.8127
5888,0.0004932830925099552,,,,3929.3305
5889,0.0004901157226413488,,,,3929.8439
5890,0.00048632410471327603,,,,3930.3412
5891,0.0004858109459746629,,,,3930.8266
5892,0.00048802935634739697,,,,3931.3299
5893,0.0004895718884654343,,,,3931.8479
5894,0.0004885382950305939,,,,3932.3853
5895,0.0004862226196564734,,,,3932.9084
5896,0.000485028576804325,,,,3933.424
5897,0.0004855977895203978,,,,3933.9606
5898,0.00048654398415237665,,,,3934.4795
5899,0.0004865512019023299,,,,3934.9866
5900,0.000485691474750638,0.04310091584920883,0.09214307367801666,0.054,3935.5359
5901,0.0004848340176977217,,,,3936.0255
5902,0.00048451172187924385,,,,3936.5511
5903,0.0004845935618504882,,,,3937.0607
5904,0.0004846824740525335,,,,3937.5681
5905,0.00048460165271535516,,,,3938.0852
5906,0.000484363961732015,,,,3938.6069
5907,0.0004839944886043668,,,,3939.1001
5908,0.00048358843196183443,,,,3939.6081
5909,0.00048335856990888715,,,,3940.1209
5910,0.00048338237684220076,,,,3940.6298
5911,0.0004834769351873547,,,,3941.139
5912,0.0004833699204027653,,,,3941.6502
5913,0.00048300804337486625,,,,3942.1715
5914,0.00048261243500746787,,,,3942.6835
5915,0.00048243047785945237,,,,3943.1935
5916,0.0004824703501071781,,,,3943.6922
5917,0.000482505391119048,,,,3944.1898
5918,0.00048236388829536736,,,,3944.7117
5919,0.00048207270447164774,,,,3945.2138
5920,0.00048180075827986,,,,3945.7144
5921,0.0004816618165932596,,,,3946.2172
5922,0.0004816257278434932,,,,3946.7245
5923,0.0004815676948055625,,,,3947.2347
5924,0.00048142700688913465,,,,3947.7316
5925,0.00048123433953151107,,,,3948.2363
5926,0.0004810547106899321,,,,3948.7289
5927,0.00048091448843479156,,,,3949.2298
5928,0.0004808017984032631,,,,3949.7349
5929,0.000480690214317292,,,,3950.2349
5930,0.00048056780360639095,,,,3950.737
5931,0.0004804396885447204,,,,3951.2232
5932,0.00048030310426838696,,,,3951.731
5933,0.0004801573231816292,,,,3952.2416
5934,0.0004800092428922653,,,,3952.7521
5935,0.00047987460857257247,,,,3953.2643
5936,0.0004797615692950785,,,,3953.7488
5937,0.00047965129488147795,,,,3954.2486
5938,0.000479530164739117,,,,3954.757
5939,0.0004793920961674303,,,,3955.2682
5940,0.0004792416002601385,,,,3955.7533
5941,0.00047910312423482537,,,,3956.2553
5942,0.00047897855984047055,,,,3956.7646
5943,0.00047886339598335326,,,,3957.2707
5944,0.0004787464567925781,,,,3957.775
5945,0.00047861537314020097,,,,3958.2869
5946,0.00047848132089711726,,,,3958.7934
5947,0.00047834450379014015,,,,3959.2861
5948,0.00047821589396335185,,,,3959.7904
5949,0.0004780903400387615,,,,3960.2962
5950,0.00047796638682484627,,,,3960.8004
5951,0.0004778389702551067,,,,3961.2971
5952,0.00047771315439604223,,,,3961.8013
5953,0.0004775856505148113,,,,3962.3097
5954,0.00047745529445819557,,,,3962.8255
5955,0.0004773253167513758,,,,3963.3279
5956,0.00047719705617055297,,,,3963.8465
5957,0.0004770693776663393,,,,3964.3535
5958,0.00047694399836473167,,,,3964.8777
5959,0.0004768199287354946,,,,3965.3764
5960,0.0004766923957504332,,,,3965.8884
5961,0.0004765654739458114,,,,3966.3949
5962,0.00047643602010793984,,,,3966.9175
5963,0.00047630665358155966,,,,3967.441
5964,0.00047617717063985765,,,,3967.9654
5965,0.0004760510637424886,,,,3968.4761
5966,0.00047592463670298457,,,,3968.9836
5967,0.00047579777310602367,,,,3969.4969
5968,0.00047567044384777546,,,,3970.0162
5969,0.0004755430854856968,,,,3970.5628
5970,0.0004754156107082963,,,,3971.0681
5971,0.00047528842696920037,,,,3971.5798
5972,0.00047516098129563034,,,,3972.0982
5973,0.00047503464156761765,,,,3972.6228
5974,0.0004749073414131999,,,,3973.1999
5975,0.0004747790808323771,,,,3973.7309
5976,0.00047465242096222937,,,,3974.2568
5977,0.00047452535363845527,,,,3974.7801
5978,0.0004743988683912903,,,,3975.3309
5979,0.0004742711316794157,,,,3975.8496
5980,0.00047414322034455836,,,,3976.3685
5981,0.00047401466872543097,,,,3976.9417
5982,0.00047388559323735535,,,,3977.4697
5983,0.0004737579729408026,,,,3977.9891
5984,0.0004736337286885828,,,,3978.5047
5985,0.0004735047114081681,,,,3979.0221
5986,0.00047337845899164677,,,,3979.518
5987,0.0004732505767606199,,,,3980.0574
5988,0.00047312324750237167,,,,3980.587
5989,0.00047299457946792245,,,,3981.0907
5990,0.0004728685016743839,,,,3981.6008
5991,0.0004727414925582707,,,,3982.1073
5992,0.00047261189320124686,,,,3982.6044
5993,0.00047248651389963925,,,,3983.0977
5994,0.00047235708916559815,,,,3983.6061
5995,0.00047223016736097634,,,,3984.1306
5996,0.00047210289631038904,,,,3984.6549
5997,0.0004719747230410576,,,,3985.1768
5998,0.0004718475101981312,,,,3985.6848
5999,0.0004717202391475439,,,,3986.2068
6000,0.00047159160021692514,0.04167107120156288,0.09039575606584549,0.055,3986.7933
6001,0.00047146392171271145,,,,3987.3015
6002,0.0004713351954706013,,,,3987.8125
6003,0.0004712103109341115,,,,3988.3376
6004,0.0004710830398835242,,,,3988.8365
6005,0.00047095390618778765,,,,3989.3449
6006,0.0004708269261755049,,,,3989.8697
6007,0.00047069962602108717,,,,3990.3806
6008,0.0004705723258666694,,,,3990.9114
6009,0.00047044403618201613,,,,3991.4343
6010,0.0004703159793280065,,,,3991.9489
6011,0.0004701902507804334,,,,3992.4558
6012,0.00047006129170767963,,,,3992.9821
6013,0.00046993413707241416,,,,3993.4987
6014,0.0004698057018686086,,,,3993.9996
6015,0.00046967813977971673,,,,3994.5219
6016,0.0004695492680184543,,,,3995.0322
6017,0.0004694222880061716,,,,3995.5598
6018,0.0004692950169555843,,,,3996.1216
6019,0.0004691674548666924,,,,3996.6533
6020,0.0004690373025368899,,,,3997.1859
6021,0.00046891177771613,,,,3997.7955
6022,0.0004687831678893417,,,,3998.3993
6023,0.00046865391777828336,,,,3998.913
6024,0.0004685263556893915,,,,3999.4079
6025,0.0004684007144533098,,,,3999.9153
6026,0.0004682715516537428,,,,4000.4239
6027,0.000468144629849121,,,,4000.9433
6028,0.00046801671851426363,,,,4001.4426
6029,0.0004678881377913058,,,,4001.9478
6030,0.0004677590331993997,,,,4002.4459
6031,0.00046763091813772917,,,,4002.9802
6032,0.0004675046948250383,,,,4003.5166
6033,0.0004673755611293018,,,,4004.0411
6034,0.0004672482318710536,,,,4004.5652
6035,0.0004671210190281272,,,,4005.0797
6036,0.0004669908666983247,,,,4005.5961
6037,0.00046686266432516277,,,,4006.1063
6038,0.0004667346947826445,,,,4006.6141
6039,0.00046660832595080137,,,,4007.1337
6040,0.00046647965791635215,,,,4007.6812
6041,0.0004663525032810867,,,,4008.1939
6042,0.00046622208901681006,,,,4008.6939
6043,0.0004660972917918116,,,,4009.2101
6044,0.00046596702304668725,,,,4009.7302
6045,0.000465838034870103,,,,4010.2576
6046,0.00046571201528422534,,,,4010.7872
6047,0.0004655829106923193,,,,4011.3051
6048,0.00046545290388166904,,,,4011.8175
6049,0.00046532656415365636,,,,4012.3338
6050,0.0004651991475839168,,,,4012.8442
6051,0.0004650710616260767,,,,4013.3718
6052,0.00046494457637891173,,,,4013.8949
6053,0.000464816577732563,,,,4014.4122
6054,0.000464691809611395,,,,4014.9528
6055,0.0004645650624297559,,,,4015.464
6056,0.00046444195322692394,,,,4015.9756
6057,0.000464319484308362,,,,4016.481
6058,0.000464200769783929,,,,4017.0127
6059,0.000464088749140501,,,,4017.5247
6060,0.00046398662379942834,,,,4018.038
6061,0.0004639032413251698,,,,4018.5585
6062,0.0004638441896531731,,,,4019.0649
6063,0.0004638293758034706,,,,4019.577
6064,0.0004638915997929871,,,,4020.1687
6065,0.0004640778643079102,,,,4020.7156
6066,0.00046448109787888825,,,,4021.234
6067,0.0004652522038668394,,,,4021.7485
6068,0.0004666504100896418,,,,4022.2823
6069,0.00046913212281651795,,,,4022.8009
6070,0.00047346705105155706,,,,4023.3202
6071,0.00048097618855535984,,,,4023.8264
6072,0.0004937848425470293,,,,4024.3543
6073,0.0005152314552105963,,,,4024.8508
6074,0.0005496727535501122,,,,4025.3539
6075,0.0006014913087710738,,,,4025.8744
6076,0.0006698776851408184,,,,4026.3925
6077,0.0007419615867547691,,,,4026.9069
6078,0.0007856459124013782,,,,4027.4231
6079,0.0007682558498345315,,,,4027.9285
6080,0.0006879674037918448,,,,4028.4486
6081,0.0005882642581127584,,,,4028.9742
6082,0.0005201600724831223,,,,4029.51
6083,0.0005035829963162541,,,,4030.0252
6084,0.0005220645689405501,,,,4030.5248
6085,0.0005471028853207827,,,,4031.0485
6086,0.0005607587518170476,,,,4031.5649
6087,0.0005564391613006592,,,,4032.102
6088,0.0005331741413101554,,,,4032.6276
6089,0.000499569927342236,,,,4033.1629
6090,0.00047649384941905737,,,,4033.6947
6091,0.0004805112548638135,,,,4034.2165
6092,0.000504551746416837,,,,4034.7371
6093,0.0005204808549024165,,,,4035.2593
6094,0.000508167955558747,,,,4035.7735
6095,0.00047892535803839564,,,,4036.2905
6096,0.0004611851181834936,,,,4036.8186
6097,0.0004683328152168542,,,,4037.3253
6098,0.00048684017383493483,,,,4037.8141
6099,0.0004941883380524814,,,,4038.3176
6100,0.00048290827544406056,0.04594135284423828,0.08996975421905518,0.0526,4038.87
6101,0.00046577342436648905,,,,4039.3768
6102,0.00045948984916321933,,,,4039.8813
6103,0.0004664706939365715,,,,4040.3916
6104,0.0004752663953695446,,,,4040.9136
6105,0.0004755243717227131,,,,4041.4305
6106,0.0004682653525378555,,,,4041.9438
6107,0.00046176608884707093,,,,4042.452
6108,0.0004609242605511099,,,,4042.9671
6109,0.00046367658069357276,,,,4043.4761
6110,0.00046562767238356173,,,,4043.9879
6111,0.00046487172949127853,,,,4044.5053
6112,0.00046263367403298616,,,,4045.0045
6113,0.00046089463285170496,,,,4045.5001
6114,0.0004602539702318609,,,,4046.0048
6115,0.0004600696265697479,,,,4046.5235
6116,0.00045991523074917495,,,,4047.0366
6117,0.00045996755943633616,,,,4047.5328
6118,0.00046012821258045733,,,,4048.0494
6119,0.0004597842926159501,,,,4048.5743
6120,0.00045865686843171716,,,,4049.0883
6121,0.0004574309859890491,,,,4049.6198
6122,0.0004570778110064566,,,,4050.1374
6123,0.0004576783685479313,,,,4050.6372
6124,0.0004583289846777916,,,,4051.1485
6125,0.0004581427783705294,,,,4051.6463
6126,0.00045711343409493566,,,,4052.1495
6127,0.00045604354818351567,,,,4052.6609
6128,0.00045572614180855453,,,,4053.1755
6129,0.0004561762616503984,,,,4053.6759
6130,0.0004566782445181161,,,,4054.1857
6131,0.00045657565351575613,,,,4054.6857
6132,0.00045590108493342996,,,,4055.192
6133,0.0004552022728603333,,,,4055.7042
6134,0.00045493204379454255,,,,4056.2126
6135,0.000455062254332006,,,,4056.7161
6136,0.0004552520113065839,,,,4057.2196
6137,0.00045520043931901455,,,,4057.7074
6138,0.0004548845754470676,,,,4058.2331
6139,0.000454506604000926,,,,4058.7516
6140,0.00045426239375956357,,,,4059.273
6141,0.00045417400542646646,,,,4059.7669
6142,0.0004541430389508605,,,,4060.264
6143,0.00045405904529616237,,,,4060.776
6144,0.0004539162036962807,,,,4061.2919
6145,0.0004537476343102753,,,,4061.8095
6146,0.0004535812186077237,,,,4062.3423
6147,0.0004534222243819386,,,,4062.8754
6148,0.0004532670136541128,,,,4063.3707
6149,0.0004531324084382504,,,,4063.8805
6150,0.00045301782665774226,,,,4064.388
6151,0.0004529213474597782,,,,4064.8973
6152,0.0004528174758888781,,,,4065.4102
6153,0.0004526874399743974,,,,4065.9152
6154,0.0004525239928625524,,,,4066.4155
6155,0.0004523538227658719,,,,4066.9236
6156,0.00045221185428090394,,,,4067.4415
6157,0.00045210213284008205,,,,4067.935
6158,0.00045201333705335855,,,,4068.4252
6159,0.0004519111244007945,,,,4068.9232
6160,0.0004517810884863138,,,,4069.516
6161,0.0004516313492786139,,,,4070.0416
6162,0.00045148073695600033,,,,4070.7372
6163,0.00045134680112823844,,,,4071.2829
6164,0.00045123122981749475,,,,4071.8012
6165,0.0004511228471528739,,,,4072.326
6166,0.00045101132127456367,,,,4072.8536
6167,0.00045088789192959666,,,,4073.4129
6168,0.00045075485832057893,,,,4073.9536
6169,0.00045062266872264445,,,,4074.471
6170,0.00045049304026179016,,,,4074.9782
6171,0.00045037068775855005,,,,4075.4895
6172,0.00045024981955066323,,,,4076.0322
6173,0.00045012988266535103,,,,4076.6187
6174,0.000450007151812315,,,,4077.1587
6175,0.0004498833732213825,,,,4077.7085
6176,0.000449760933406651,,,,4078.2822
6177,0.00044963788241147995,,,,4078.847
6178,0.0004495142202358693,,,,4079.4063
6179,0.0004493899177759886,,,,4079.9382
6180,0.0004492641892284155,,,,4080.4937
6181,0.00044913930469192564,,,,4081.1365
6182,0.00044901491492055357,,,,4081.6749
6183,0.00044889486161991954,,,,4082.1977
6184,0.0004487726546358317,,,,4082.724
6185,0.00044865169911645353,,,,4083.2408
6186,0.0004485284152906388,,,,4083.7708
6187,0.0004484033852349967,,,,4084.2892
6188,0.0004482796066440642,,,,4084.8191
6189,0.00044815504224970937,,,,4085.3552
6190,0.00044803196215070784,,,,4085.8669
6191,0.00044791027903556824,,,,4086.361
6192,0.0004477863840293139,,,,4086.8491
6193,0.0004476659232750535,,,,4087.3488
6194,0.00044754022383131087,,,,4087.8484
6195,0.00044741816236637533,,,,4088.3424
6196,0.00044729572255164385,,,,4088.872
6197,0.0004471724387258291,,,,4089.5711
6198,0.00044704924221150577,,,,4090.138
6199,0.00044692534720525146,,,,4090.6762
6200,0.0004468027036637068,0.03978728502988815,0.08952965587377548,0.0572,4091.2543
6201,0.00044667915790341794,,,,4091.783
6202,0.00044655686360783875,,,,4092.313
6203,0.0004464317753445357,,,,4092.8428
6204,0.0004463092773221433,,,,4093.348
6205,0.00044618838001042604,,,,4093.8852
6206,0.0004460642521735281,,,,4094.4265
6207,0.0004459400079213083,,,,4094.972
6208,0.00044581678230315447,,,,4095.5802
6209,0.00044569396413862705,,,,4096.145
6210,0.0004455700982362032,,,,4096.6942
6211,0.000445447803940624,,,,4097.3124
6212,0.0004453246365301311,,,,4097.8639
6213,0.00044519922812469304,,,,4098.3781
6214,0.0004450767009984702,,,,4098.8807
6215,0.0004449535335879773,,,,4099.3906
6216,0.0004448313557077199,,,,4099.9055
6217,0.00044470850843936205,,,,4100.4105
6218,0.0004445830709300935,,,,4100.9087
6219,0.0004444612713996321,,,,4101.4154
6220,0.0004443371726665646,,,,4101.9245
6221,0.0004442162171471864,,,,4102.437
6222,0.00044409025576896966,,,,4102.9547
6223,0.00044396769953891635,,,,4103.4532
6224,0.0004438428732100874,,,,4103.9484
6225,0.000443720375187695,,,,4104.4545
6226,0.0004435967421159148,,,,4104.9727
6227,0.00044347287621349096,,,,4105.4659
6228,0.0004433494759723544,,,,4105.973
6229,0.00044322735629975796,,,,4106.5041
6230,0.00044310337398201227,,,,4107.0229
6231,0.0004429802065715194,,,,4107.6901
6232,0.00044285706826485693,,,,4108.2295
6233,0.0004427339299581945,,,,4108.9108
6234,0.00044260811409913003,,,,4109.7183
6235,0.0004424854996614158,,,,4110.24
6236,0.000442361255409196,,,,4110.7638
6237,0.00044223861186765134,,,,4111.285
6238,0.000442114396719262,,,,4111.8134
6239,0.0004419915785547346,,,,4112.3148
6240,0.0004418671887833625,,,,4112.8261
6241,0.0004417455056682229,,,,4113.3333
6242,0.000441619980847463,,,,4113.8549
6243,0.0004414969007484615,,,,4114.3856
6244,0.0004413717251736671,,,,4114.8839
6245,0.000441249692812562,,,,4115.3896
6246,0.0004411244881339371,,,,4115.9094
6247,0.0004410024848766625,,,,4116.4351
6248,0.0004408785898704082,,,,4116.9636
6249,0.0004407535307109356,,,,4117.4846
6250,0.00044062911183573306,,,,4117.9971
6251,0.00044050574069842696,,,,4118.5118
6252,0.00044038050691597164,,,,4119.0293
6253,0.0004402578924782574,,,,4119.5473
6254,0.0004401328624226153,,,,4120.0326
6255,0.0004400110919959843,,,,4120.5358
6256,0.00043988623656332493,,,,4121.0626
6257,0.00043976426240988076,,,,4121.586
6258,0.0004396395816002041,,,,4122.1159
6259,0.0004395155992824584,,,,4122.6414
6260,0.00043939240276813507,,,,4123.1633
6261,0.00043926999205723405,,,,4123.6956
6262,0.0004391469992697239,,,,4124.2087
6263,0.0004390246467664838,,,,4124.7231
6264,0.000438903080066666,,,,4125.2373
6265,0.000438784365542233,,,,4125.8219
6266,0.00043866733903996646,,,,4126.3695
6267,0.00043855386320501566,,,,4126.8813
6268,0.00043844658648595214,,,,4127.3846
6269,0.0004383490595500916,,,,4127.8745
6270,0.0004382692277431488,,,,4128.3663
6271,0.0004382140177767724,,,,4128.8603
6272,0.0004382029001135379,,,,4129.3569
6273,0.00043826247565448284,,,,4129.8568
6274,0.00043844166793860495,,,,4130.3514
6275,0.0004388203378766775,,,,4130.8508
6276,0.000439535389887169,,,,4131.3564
6277,0.0004408201784826815,,,,4131.8546
6278,0.00044307304779067636,,,,4132.351
6279,0.0004469695268198848,,,,4132.8403
6280,0.0004536624765023589,,,,4133.3356
6281,0.00046503287740051746,,,,4133.8376
6282,0.0004841269401367754,,,,4134.3413
6283,0.0005152802914381027,,,,4134.8332
6284,0.0005639799637719989,,,,4135.3457
6285,0.0006336423684842885,,,,4135.8481
6286,0.0007197723025456071,,,,4136.353
6287,0.0007981485687196255,,,,4136.8652
6288,0.0008272884297184646,,,,4137.3633
6289,0.0007727707852609456,,,,4137.8687
6290,0.000652987218927592,,,,4138.3775
6291,0.0005367719568312168,,,,4138.8846
6292,0.0004876441089436412,,,,4139.3963
6293,0.0005085604498162866,,,,4139.9047
6294,0.0005489418399520218,,,,4140.4163
6295,0.0005592377856373787,,,,4140.9157
6296,0.0005356017500162125,,,,4141.4371
6297,0.0005084652220830321,,,,4141.9498
6298,0.0004968037828803062,,,,4142.4399
6299,0.0004918116610497236,,,,4142.9486
6300,0.00048042027628980577,0.051980696618556976,0.11119893938302994,0.0521,4143.508
6301,0.0004705313767772168,,,,4144.0133
6302,0.000474278989713639,,,,4144.529
6303,0.0004849161778111011,,,,4145.0405
6304,0.0004847303207498044,,,,4145.5435
6305,0.0004668219480663538,,,,4146.0343
6306,0.00044603156857192516,,,,4146.5443
6307,0.0004427557869348675,,,,4147.0543
6308,0.0004579370724968612,,,,4147.5555
6309,0.0004707554471679032,,,,4148.0497
6310,0.0004638339742086828,,,,4148.5544
6311,0.00044433269067667425,,,,4149.0805
6312,0.00043346654274500906,,,,4149.5776
6313,0.00044010981218889356,,,,4150.0715
6314,0.00045197916915640235,,,,4150.5624
6315,0.00045384111581370234,,,,4151.1036
6316,0.00044501543743535876,,,,4151.6235
6317,0.0004358267760835588,,,,4152.1328
6318,0.0004344714980106801,,,,4152.6198
6319,0.00043935832218267024,,,,4153.1416
6320,0.00044284516479820013,,,,4153.6703
6321,0.0004409330431371927,,,,4154.3844
6322,0.00043678906513378024,,,,4155.054
6323,0.0004348881193436682,,,,4155.5662
6324,0.00043542185449041426,,,,4156.0796
6325,0.0004359514859970659,,,,4156.5955
6326,0.0004353503754828125,,,,4157.1061
6327,0.0004345673369243741,,,,4157.6208
6328,0.00043448471114970744,,,,4158.2282
6329,0.0004345456254668534,,,,4158.7443
6330,0.0004338604339864105,,,,4159.3033
6331,0.00043258038931526244,,,,4159.9263
6332,0.0004317640559747815,,,,4160.4338
6333,0.00043211408774368465,,,,4160.999
6334,0.0004330212832428515,,,,4161.5073
6335,0.0004331147065386176,,,,4162.0271
6336,0.00043198460480198264,,,,4162.5268
6337,0.0004306880582589656,,,,4163.042
6338,0.0004303228633943945,,,,4163.5658
6339,0.000430869433330372,,,,4164.0812
6340,0.0004314480465836823,,,,4164.576
6341,0.00043132551945745945,,,,4165.0799
6342,0.00043056384311057627,,,,4165.5845
6343,0.00042981700971722603,,,,4166.073
6344,0.00042959843995049596,,,,4166.5748
6345,0.00042981834849342704,,,,4167.0658
6346,0.0004300014115869999,,,,4167.5812
6347,0.00042984497849829495,,,,4168.0933
6348,0.0004294649697840214,,,,4168.6143
6349,0.00042914962978102267,,,,4169.2514
6350,0.00042900315020233393,,,,4169.8774
6351,0.00042893775389529765,,,,4170.4017
6352,0.000428845698479563,,,,4170.8998
6353,0.00042869438766501844,,,,4171.4267
6354,0.00042853321065194905,,,,4171.9321
6355,0.0004284140595700592,,,,4172.4456
6356,0.00042831653263419867,,,,4173.009
6357,0.0004281766596250236,,,,4173.5718
6358,0.00042798483627848327,,,,4174.1033
6359,0.0004277983389329165,,,,4174.6201
6360,0.00042767985723912716,,,,4175.202
6361,0.00042761830263771117,,,,4175.8251
6362,0.0004275519459042698,,,,4176.6548
6363,0.0004274274397175759,,,,4177.5427
6364,0.00042725144885480404,,,,4178.3942
6365,0.000427068182034418,,,,4179.2674
6366,0.00042692493298090994,,,,4180.0144
6367,0.0004268309276085347,,,,4180.635
6368,0.0004267576732672751,,,,4181.1742
6369,0.00042665915680117905,,,,4181.7401
6370,0.0004265238530933857,,,,4182.2961
6371,0.0004263731825631112,,,,4182.8625
6372,0.00042623121407814324,,,,4183.4413
6373,0.00042610865784808993,,,,4184.0446
6374,0.00042600356391631067,,,,4184.5792
6375,0.00042589480290189385,,,,4185.2274
6376,0.00042577748536132276,,,,4185.8189
6377,0.0004256544343661517,,,,4186.4256
6378,0.00042552792001515627,,,,4186.977
6379,0.0004254092345945537,,,,4187.5188
6380,0.0004252915096003562,,,,4188.0512
6381,0.00042517241672612727,,,,4188.6909
6382,0.0004250499769113958,,,,4189.2095
6383,0.00042492765351198614,,,,4189.7126
6384,0.0004248103650752455,,,,4190.2441
6385,0.00042469307663850486,,,,4190.7698
6386,0.00042457779636606574,,,,4191.2902
6387,0.0004244627198204398,,,,4191.8112
6388,0.00042434249189682305,,,,4192.3377
6389,0.00042421984835527837,,,,4192.8626
6390,0.00042409729212522507,,,,4193.3858
6391,0.0004239768022671342,,,,4193.9244
6392,0.00042386059067212045,,,,4194.5484
6393,0.0004237461544107646,,,,4195.2204
6394,0.00042363093234598637,,,,4195.8065
6395,0.00042351247975602746,,,,4196.3708
6396,0.0004233907675370574,,,,4197.051
6397,0.000423271965701133,,,,4197.7278
6398,0.00042315179598517716,,,,4198.3058
6399,0.00042303468217141926,,,,4198.8757
6400,0.0004229147161822766,0.03795016184449196,0.08860628306865692,0.1177,4199.9661
6401,0.0004227976605761796,,,,4200.531
6402,0.00042268060497008264,,,,4201.1237
6403,0.0004225612210575491,,,,4201.728
6404,0.0004224429721944034,,,,4202.4401
6405,0.00042232469422742724,,,,4203.0235
6406,0.00042220557224936783,,,,4203.8288
6407,0.00042208738159388304,,,,4204.9449
6408,0.00042197093716822565,,,,4206.7801
6409,0.00042185038910247386,,,,4208.156
6410,0.00042173024849034846,,,,4209.2285
6411,0.0004216148518025875,,,,4210.1156
6412,0.000421494769398123,,,,4211.1862
6413,0.000421375734731555,,,,4212.1129
6414,0.0004212592029944062,,,,4212.8376
6415,0.0004211400228086859,,,,4213.6718
6416,0.00042102226871065795,,,,4214.3318
6417,0.00042090294300578535,,,,4214.9585
6418,0.00042078382102772593,,,,4215.5439
6419,0.0004206649027764797,,,,4216.1622
6420,0.00042054842924699187,,,,4216.7604
6421,0.00042042959830723703,,,,4217.3892
6422,0.000420309865148738,,,,4217.9977
6423,0.0004201928386464715,,,,4218.5759
6424,0.0004200752591714263,,,,4219.1433
6425,0.00041995395440608263,,,,4219.7804
6426,0.00041983689879998565,,,,4220.3376
6427,0.00041971731116063893,,,,4220.8968
6428,0.0004195993533357978,,,,4221.4467
6429,0.0004194806970190257,,,,4221.9652
6430,0.0004193627100903541,,,,4222.4971
6431,0.0004192424239590764,,,,4223.0288
6432,0.0004191244370304048,,,,4223.5657
6433,0.00041900493670254946,,,,4224.0929
6434,0.00041888613486662507,,,,4224.6569
6435,0.0004187677404843271,,,,4225.2079
6436,0.00041864789091050625,,,,4225.7308
6437,0.00041852938011288643,,,,4226.2497
6438,0.00041841104393824935,,,,4226.7927
6439,0.00041829358087852597,,,,4227.3409
6440,0.000418174167862162,,,,4227.8768
6441,0.00041805554064922035,,,,4228.4234
6442,0.000417935021687299,,,,4228.9923
6443,0.00041781755862757564,,,,4229.5262
6444,0.0004176985239610076,,,,4230.056
6445,0.00041757995495572686,,,,4230.5952
6446,0.000417459785239771,,,,4231.1294
6447,0.0004173430206719786,,,,4231.6498
6448,0.00041722285095602274,,,,4232.1794
6449,0.00041710323421284556,,,,4232.7028
6450,0.00041698513086885214,,,,4233.2157
6451,0.00041686443728394806,,,,4233.7445
6452,0.00041674732347019017,,,,4234.2753
6453,0.0004166283179074526,,,,4234.7786
6454,0.000416506954934448,,,,4235.3038
6455,0.0004163891135249287,,,,4235.8357
6456,0.00041626967140473425,,,,4236.343
6457,0.00041615203372202814,,,,4236.8778
6458,0.00041603209683671594,,,,4237.3982
6459,0.00041591154877096415,,,,4237.9221
6460,0.0004157929797656834,,,,4238.4477
6461,0.0004156737122684717,,,,4238.9583
6462,0.00041555610368959606,,,,4239.4835
6463,0.0004154358757659793,,,,4240.0105
6464,0.0004153158806730062,,,,4240.5496
6465,0.0004151972243562341,,,,4241.1381
6466,0.0004150779277551919,,,,4241.6399
6467,0.00041495953337289393,,,,4242.153
6468,0.0004148399457335472,,,,4242.6833
6469,0.0004147216386627406,,,,4243.2112
6470,0.000414601614465937,,,,4243.7397
6471,0.00041448260890319943,,,,4244.2586
6472,0.0004143633705098182,,,,4244.7682
6473,0.00041424346272833645,,,,4245.2819
6474,0.00041412332211621106,,,,4245.7792
6475,0.00041400446207262576,,,,4246.3026
6476,0.000413886591559276,,,,4246.834
6477,0.00041376560693606734,,,,4247.3511
6478,0.00041364762000739574,,,,4247.9022
6479,0.0004135256167501211,,,,4248.4023
6480,0.0004134074551984668,,,,4248.9272
6481,0.00041328894440084696,,,,4249.4595
6482,0.000413168512750417,,,,4249.9543
6483,0.00041304624755866826,,,,4250.4659
6484,0.00041292922105640173,,,,4250.9712
6485,0.00041280931327492,,,,4251.4656
6486,0.0004126878338865936,,,,4251.972
6487,0.00041256978875026107,,,,4252.4827
6488,0.0004124482220504433,,,,4252.9919
6489,0.0004123304970562458,,,,4253.5082
6490,0.00041221213177777827,,,,4254.0078
6491,0.0004120926605537534,,,,4254.5259
6492,0.000411972519941628,,,,4255.0494
6493,0.00041185313602909446,,,,4255.5653
6494,0.0004117327043786645,,,,4256.0693
6495,0.000411614659242332,,,,4256.5952
6496,0.00041149670141749084,,,,4257.1123
6497,0.00041137845255434513,,,,4257.6272
6498,0.00041126299765892327,,,,4258.1402
6499,0.00041114730993285775,,,,4258.6388
6500,0.0004110382287763059,0.037036601454019547,0.08798782527446747,0.0531,4259.1901
6501,0.000410937616834417,,,,4259.7048
6502,0.0004108485591132194,,,,4260.2293
6503,0.00041078159119933844,,,,4260.734
6504,0.000410754990298301,,,,4261.2401
6505,0.0004107991117052734,,,,4261.7486
6506,0.0004109694273211062,,,,4262.2697
6507,0.0004113634640816599,,,,4262.7913
6508,0.00041216553654521704,,,,4263.2936
6509,0.00041369948303326964,,,,4263.8103
6510,0.00041656490066088736,,,,4264.332
6511,0.00042183767072856426,,,,4264.8499
6512,0.00043147618998773396,,,,4265.3445
6513,0.0004488692502491176,,,,4265.8594
6514,0.00047983750118874013,,,,4266.3687
6515,0.000532903301063925,,,,4266.872
6516,0.0006188277038745582,,,,4267.3715
6517,0.0007402796763926744,,,,4267.8751
6518,0.0008754523587413132,,,,4268.3817
6519,0.0009455722756683826,,,,4268.8945
6520,0.0008634296827949584,,,,4269.3906
6521,0.0006363674183376133,,,,4269.9011
6522,0.000442089163698256,,,,4270.4026
6523,0.00043320198892615736,,,,4270.9104
6524,0.000566106871701777,,,,4271.4067
6525,0.0006641987711191177,,,,4271.9145
6526,0.0006084758788347244,,,,4272.431
6527,0.0004748979117721319,,,,4272.9469
6528,0.0004256187821738422,,,,4273.4599
6529,0.000498143199365586,,,,4273.9819
6530,0.0005738107138313353,,,,4274.4756
6531,0.0005505455774255097,,,,4274.9914
6532,0.0004733532841783017,,,,4275.4898
6533,0.00045224378118291497,,,,4276.0092
6534,0.0005021523684263229,,,,4276.5165
6535,0.0005364709068089724,,,,4277.046
6536,0.0005001458339393139,,,,4277.5437
6537,0.0004436614690348506,,,,4278.0756
6538,0.0004336165729910135,,,,4278.6402
6539,0.0004583267436828464,,,,4279.1621
6540,0.0004601955588441342,,,,4279.687
6541,0.0004283271555323154,,,,4280.2068
6542,0.0004072728625033051,,,,4280.7063
6543,0.00042230222607031465,,,,4281.2037
6544,0.000445011566625908,,,,4281.7009
6545,0.00044265520409680903,,,,4282.2135
6546,0.0004242023278493434,,,,4282.7178
6547,0.00041864419472403824,,,,4283.2289
6548,0.0004287172050680965,,,,4283.7895
6549,0.00043227471178397536,,,,4284.3016
6550,0.0004199633258394897,,,,4284.8112
6551,0.0004072054580319673,,,,4285.314
6552,0.00040833663661032915,,,,4285.8553
6553,0.00041640765266492963,,,,4286.3979
6554,0.00041726851486600935,,,,4286.9424
6555,0.00041094195330515504,,,,4287.4516
6556,0.00040826917393133044,,,,4287.9722
6557,0.000412716472055763,,,,4288.4871
6558,0.000416452792705968,,,,4289.0046
6559,0.00041350367246195674,,,,4290.0868
6560,0.00040798159898258746,,,,4290.8641
6561,0.0004064661916345358,,,,4291.4743
6562,0.0004085483669769019,,,,4292.3059
6563,0.000409003347158432,,,,4292.9792
6564,0.0004062318766955286,,,,4293.6921
6565,0.00040389291825704277,,,,4294.4161
6566,0.00040472816908732057,,,,4295.1789
6567,0.0004068156995344907,,,,4295.7711
6568,0.0004070163413416594,,,,4296.5436
6569,0.0004054370801895857,,,,4297.3739
6570,0.0004045551468152553,,,,4297.9427
6571,0.00040528326644562185,,,,4298.473
6572,0.0004060050123371184,,,,4298.9913
6573,0.0004053133015986532,,,,4299.5307
6574,0.0004038976039737463,,,,4300.0804
6575,0.00040326418820768595,,,,4300.5988
6576,0.0004035758029203862,,,,4301.1406
6577,0.00040373526280745864,,,,4301.6907
6578,0.00040311983320862055,,,,4302.2348
6579,0.0004023322253488004,,,,4302.862
6580,0.0004021621716674417,,,,4303.4467
6581,0.00040248720324598253,,,,4303.9844
6582,0.0004026023671030998,,,,4304.5131
6583,0.0004022542852908373,,,,4305.0636
6584,0.0004018635372631252,,,,4305.5917
6585,0.000401840457925573,,,,4306.1495
6586,0.0004020356573164463,,,,4306.6724
6587,0.0004020518681500107,,,,4307.2131
6588,0.0004017885366920382,,,,4307.7377
6589,0.0004015213926322758,,,,4308.2552
6590,0.00040147252730093896,,,,4308.774
6591,0.00040154182352125645,,,,4309.3144
6592,0.0004014941805507988,,,,4309.8256
6593,0.0004012903955299407,,,,4310.3398
6594,0.0004011001146864146,,,,4310.8473
6595,0.0004010454867966473,,,,4311.3676
6596,0.0004010737466160208,,,,4311.8753
6597,0.00040104458457790315,,,,4312.3878
6598,0.0004009425174444914,,,,4312.9003
6599,0.0004008629184681922,,,,4313.4168
6600,0.00040088867535814643,0.03665421903133392,0.08939418941736221,0.0546,4313.9888
6601,0.0004009986005257815,,,,4314.4988
6602,0.00040112590068019927,,,,4314.9867
6603,0.00040126603562384844,,,,4315.4898
6604,0.0004014897858723998,,,,4315.9941
6605,0.00040188126149587333,,,,4316.4937
6606,0.0004024710797239095,,,,4317.0106
6607,0.00040327111491933465,,,,4317.5328
6608,0.0004043442022521049,,,,4318.0597
6609,0.0004058216291014105,,,,4318.5686
6610,0.00040786885074339807,,,,4319.0843
6611,0.00041066703852266073,,,,4319.6177
6612,0.0004143941041547805,,,,4320.1432
6613,0.00041925671393983066,,,,4320.6363
6614,0.0004254261148162186,,,,4321.117
6615,0.0004329585062805563,,,,4321.6221
6616,0.0004415459115989506,,,,4322.1216
6617,0.00045034728827886283,,,,4322.6215
6618,0.0004577638756018132,,,,4323.1331
6619,0.00046162656508386135,,,,4323.6397
6620,0.00045969075290486217,,,,4324.1501
6621,0.0004509346908889711,,,,4324.6498
6622,0.00043650210136547685,,,,4325.1986
6623,0.0004200427792966366,,,,4325.703
6624,0.0004061592626385391,,,,4326.281
6625,0.00039836514042690396,,,,4326.8008
6626,0.00039755942998453975,,,,4327.315
6627,0.00040208190330304205,,,,4327.8556
6628,0.00040881085442379117,,,,4328.3744
6629,0.0004145022830925882,,,,4328.8999
6630,0.0004168646701145917,,,,4329.4346
6631,0.0004151368630118668,,,,4329.9579
6632,0.0004102140082977712,,,,4330.4695
6633,0.00040410031215287745,,,,4331.0032
6634,0.0003989898250438273,,,,4331.5262
6635,0.00039633354754187167,,,,4332.0564
6636,0.000396388495573774,,,,4332.5542
6637,0.00039835236384533346,,,,4333.0923
6638,0.00040090776747092605,,,,4333.6072
6639,0.0004028024268336594,,,,4334.1003
6640,0.0004032823198940605,,,,4334.5979
6641,0.0004022599896416068,,,,4335.1175
6642,0.00040020933374762535,,,,4335.618
6643,0.0003979015746153891,,,,4336.1275
6644,0.0003960551111958921,,,,4336.627
6645,0.000395092589315027,,,,4337.152
6646,0.00039505117456428707,,,,4337.6528
6647,0.0003956591826863587,,,,4338.2082
6648,0.0003964933566749096,,,,4338.7239
6649,0.0003971569240093231,,,,4339.2373
6650,0.00039739377098158,,,,4339.7495
6651,0.00039713666774332523,,,,4340.272
6652,0.00039648450911045074,,,,4340.7657
6653,0.000395641807699576,,,,4341.2519
6654,0.0003948245430365205,,,,4341.755
6655,0.0003941961331292987,,,,4342.2422
6656,0.0003938411537092179,,,,4342.7341
6657,0.00039374709012918174,,,,4343.2343
6658,0.0003938371082767844,,,,4343.7531
6659,0.00039401021786034107,,,,4344.2592
6660,0.00039416871732100844,,,,4344.7681
6661,0.00039423975977115333,,,,4345.263
6662,0.0003941894101444632,,,,4345.7822
6663,0.00039401970570906997,,,,4346.2939
6664,0.00039375940104946494,,,,4346.8142
6665,0.0003934492124244571,,,,4347.3237
6666,0.0003931298851966858,,,,4347.8315
6667,0.00039284018566831946,,,,4348.3578
6668,0.00039259935147129,,,,4348.8777
6669,0.00039241655031219125,,,,4349.3869
6670,0.00039228599052876234,,,,4349.9008
6671,0.00039219646714627743,,,,4350.4711
6672,0.0003921334573533386,,,,4350.9717
6673,0.0003920871240552515,,,,4351.4668
6674,0.00039203802589327097,,,,4351.9681
6675,0.0003919816226698458,,,,4352.4776
6676,0.0003919099981430918,,,,4352.9806
6677,0.00039182452019304037,,,,4353.4892
6678,0.0003917234716936946,,,,4353.9939
6679,0.00039160720189101994,,,,4354.5136
6680,0.0003914837434422225,,,,4355.0279
6681,0.00039135123370215297,,,,4355.5359
6682,0.00039121502777561545,,,,4356.0407
6683,0.00039107922930270433,,,,4356.5455
6684,0.00039094232488423586,,,,4357.0293
6685,0.0003908109792973846,,,,4357.5205
6686,0.0003906774509232491,,,,4358.0195
6687,0.0003905508201569319,,,,4358.5296
6688,0.00039042337448336184,,,,4359.0195
6689,0.0003903027973137796,,,,4359.5158
6690,0.0003901832096744329,,,,4360.0216
6691,0.00039006641600281,,,,4360.5236
6692,0.0003899542207363993,,,,4361.1133
6693,0.00038984292768873274,,,,4361.6122
6694,0.00038973495247773826,,,,4362.1235
6695,0.00038963061524555087,,,,4362.6326
6696,0.00038952837348915637,,,,4363.1526
6697,0.0003894313413184136,,,,4363.6676
6698,0.00038934045005589724,,,,4364.1744
6699,0.0003892559034284204,,,,4364.6859
6700,0.0003891833475790918,0.035254500806331635,0.08636397123336792,0.0527,4365.2532
6701,0.00038912336458452046,,,,4365.7639
6702,0.0003890838415827602,,,,4366.2773
6703,0.00038907077396288514,,,,4366.7881
6704,0.00038909600698389113,,,,4367.2968
6705,0.0003891777596436441,,,,4367.8229
6706,0.00038934260373935103,,,,4368.633
6707,0.0003896239213645458,,,,4369.2567
6708,0.0003900763113051653,,,,4369.7564
6709,0.0003907897335011512,,,,4370.2615
6710,0.00039188197115436196,,,,4370.7775
6711,0.0003935384738724679,,,,4371.2817
6712,0.00039603153709322214,,,,4371.7926
6713,0.00039974748506210744,,,,4372.2969
6714,0.0004052398435305804,,,,4372.8581
6715,0.00041320142918266356,,,,4373.3501
6716,0.0004244690353516489,,,,4373.8553
6717,0.00043967788224108517,,,,4374.3683
6718,0.0004588482843246311,,,,4374.8949
6719,0.00048009096644818783,,,,4375.4095
6720,0.0004988719592802227,,,,4375.9288
6721,0.0005072196945548058,,,,4376.4417
6722,0.0004977743374183774,,,,4376.9532
6723,0.0004688161425292492,,,,4377.4612
6724,0.00043027993524447083,,,,4377.981
6725,0.00039862090488895774,,,,4378.5094
6726,0.0003865279140882194,,,,4378.9973
6727,0.00039458012906834483,,,,4379.4941
6728,0.0004127418505959213,,,,4379.9894
6729,0.0004275557294022292,,,,4380.5006
6730,0.00042953851516358554,,,,4381.0944
6731,0.000418110255850479,,,,4381.6108
6732,0.00040098989848047495,,,,4382.1389
6733,0.0003886544145643711,,,,4382.6395
6734,0.0003867761406581849,,,,4383.1732
6735,0.00039338975329883397,,,,4383.6903
6736,0.000401651079300791,,,,4384.2194
6737,0.00040509822429157794,,,,4384.7438
6738,0.0004016489547211677,,,,4385.2682
6739,0.0003941267787013203,,,,4385.7904
6740,0.0003876142727676779,,,,4386.3052
6741,0.0003855766262859106,,,,4386.8346
6742,0.0003878894494846463,,,,4387.3432
6743,0.00039164480403997004,,,,4387.8601
6744,0.0003936367866117507,,,,4388.37
6745,0.0003924834600184113,,,,4388.8839
6746,0.0003891483647748828,,,,4389.3953
6747,0.00038586926530115306,,,,4389.8899
6748,0.000384443934308365,,,,4390.4056
6749,0.00038513814797624946,,,,4390.9107
6750,0.0003868304193019867,,,,4391.4061
6751,0.00038800796028226614,,,,4391.8902
6752,0.0003877859562635422,,,,4392.3932
6753,0.00038632992072962224,,,,4392.9083
6754,0.0003845544997602701,,,,4393.421
6755,0.0003834116505458951,,,,4393.9486
6756,0.0003833054506685585,,,,4394.4661
6757,0.0003839562414214015,,,,4394.9539
6758,0.00038470514118671417,,,,4395.4489
6759,0.000384966260753572,,,,4395.9476
6760,0.00038455380126833916,,,,4396.4693
6761,0.0003836926189251244,,,,4396.9797
6762,0.0003828178159892559,,,,4397.5034
6763,0.00038229936035349965,,,,4398.0723
6764,0.0003822453727480024,,,,4398.59
6765,0.000382501952117309,,,,4399.0808
6766,0.0003827889449894428,,,,4399.576
6767,0.0003828743065241724,,,,4400.0713
6768,0.00038267235504463315,,,,4400.5691
6769,0.0003822616708930582,,,,4401.0711
6770,0.0003818071272689849,,,,4401.5699
6771,0.00038146410952322185,,,,4402.074
6772,0.0003813028451986611,,,,4402.5688
6773,0.00038129431777633727,,,,4403.0868
6774,0.0003813479852396995,,,,4403.6116
6775,0.00038136771763674915,,,,4404.0971
6776,0.0003812920767813921,,,,4404.5911
6777,0.00038111620233394206,,,,4405.0807
6778,0.00038088139262981713,,,,4405.5846
6779,0.0003806458262261003,,,,4406.1033
6780,0.00038045531255193055,,,,4406.5872
6781,0.0003803283616434783,,,,4407.0943
6782,0.00038025452522560954,,,,4407.6065
6783,0.00038020548527128994,,,,4408.1115
6784,0.0003801483253482729,,,,4408.6134
6785,0.0003800608974415809,,,,4409.1114
6786,0.00037993837031535804,,,,4409.6073
6787,0.00037978787440806627,,,,4410.1225
6788,0.00037962858914397657,,,,4410.6357
6789,0.0003794750664383173,,,,4411.1429
6790,0.0003793408104684204,,,,4411.6375
6791,0.0003792271309066564,,,,4412.1355
6792,0.00037913088453933597,,,,4412.633
6793,0.0003790436894632876,,,,4413.1246
6794,0.0003789548936765641,,,,4413.6104
6795,0.000378860451746732,,,,4414.1031
6796,0.0003787543100770563,,,,4414.598
6797,0.0003786373417824507,,,,4415.1005
6798,0.0003785156295634806,,,,4415.6141
6799,0.0003783910651691258,,,,4416.1204
6800,0.0003782670246437192,0.03451782464981079,0.08683489263057709,0.051,4416.6778
6801,0.00037814798997715116,,,,4417.175
6802,0.00037803486338816583,,,,4417.6717
6803,0.00037792520015500486,,,,4418.2166
6804,0.00037782033905386925,,,,4418.7675
6805,0.0003777163219638169,,,,4419.2955
6806,0.00037761355633847415,,,,4419.8073
6807,0.00037750773481093347,,,,4420.3312
6808,0.00037739885738119483,,,,4420.8518
6809,0.000377290096366778,,,,4421.3737
6810,0.0003771792398765683,,,,4421.87
6811,0.0003770665789488703,,,,4422.3504
6812,0.0003769537142943591,,,,4422.8594
6813,0.0003768417227547616,,,,4423.3821
6814,0.0003767283051274717,,,,4423.8923
6815,0.00037661651731468737,,,,4424.4019
6816,0.0003765050496440381,,,,4424.9193
6817,0.0003763966669794172,,,,4425.4354
6818,0.0003762870328500867,,,,4425.9473
6819,0.0003761786501854658,,,,4426.4524
6820,0.00037607181002385914,,,,4426.9589
6821,0.0003759643295779824,,,,4427.4768
6822,0.0003758568491321057,,,,4428.0448
6823,0.00037574960151687264,,,,4428.5931
6824,0.00037564372178167105,,,,4429.1473
6825,0.0003755385405384004,,,,4429.6913
6826,0.00037543175858445466,,,,4430.2231
6827,0.0003753292839974165,,,,4430.76
6828,0.0003752273041754961,,,,4431.3007
6829,0.00037512960261665285,,,,4431.8283
6830,0.0003750359464902431,,,,4432.3914
6831,0.00037495000287890434,,,,4432.943
6832,0.00037487855297513306,,,,4433.4925
6833,0.0003748211311176419,,,,4434.0369
6834,0.0003747933078557253,,,,4434.5775
6835,0.00037480745231732726,,,,4435.1185
6836,0.00037488722591660917,,,,4435.6792
6837,0.00037507261731661856,,,,4436.2114
6838,0.0003754228528123349,,,,4436.7473
6839,0.0003760416293516755,,,,4437.3354
6840,0.00037708168383687735,,,,4437.8954
6841,0.00037881374009884894,,,,4438.4393
6842,0.0003816533135250211,,,,4438.9821
6843,0.000386315630748868,,,,4439.5186
6844,0.00039388344157487154,,,,4440.0627
6845,0.00040621543303132057,,,,4440.5979
6846,0.00042586142080836,,,,4441.1308
6847,0.0004570550809148699,,,,4441.6714
6848,0.000503904651850462,,,,4442.2152
6849,0.0005718112806789577,,,,4442.7556
6850,0.0006566646043211222,,,,4443.2868
6851,0.0007473421283066273,,,,4443.8164
6852,0.0007998652290552855,,,,4444.3356
6853,0.0007769023650325835,,,,4444.8519
6854,0.0006534577696584165,,,,4445.3797
6855,0.0004926531109958887,,,,4445.8972
6856,0.00038608178147114813,,,,4446.4191
6857,0.0003876597620546818,,,,4446.9476
6858,0.0004657611425500363,,,,4447.4777
6859,0.0005384905962273479,,,,4447.9919
6860,0.0005421320674940944,,,,4448.4951
6861,0.00047389877727255225,,,,4449.0504
6862,0.0003974545106757432,,,,4449.581
6863,0.00037379286368377507,,,,4450.109
6864,0.0004077543562743813,,,,4450.6325
6865,0.0004523322859313339,,,,4451.1558
6866,0.0004592737532220781,,,,4451.648
6867,0.0004246196476742625,,,,4452.152
6868,0.00038384090294130147,,,,4452.6699
6869,0.0003733021148946136,,,,4453.2024
6870,0.00039376228232868016,,,,4453.7195
6871,0.00041642494034022093,,,,4454.247
6872,0.00041623724973760545,,,,4454.765
6873,0.00039473900687880814,,,,4455.2831
6874,0.00037469377275556326,,,,4455.7872
6875,0.0003732444019988179,,,,4456.2971
6876,0.0003863406600430608,,,,4456.7976
6877,0.0003967160009779036,,,,4457.3145
6878,0.000393078604247421,,,,4457.842
6879,0.0003801968996413052,,,,4458.3634
6880,0.000371001660823822,,,,4458.8727
6881,0.00037258872180245817,,,,4459.3875
6882,0.0003803363360930234,,,,4459.8994
6883,0.00038463500095531344,,,,4460.395
6884,0.00038111209869384766,,,,4460.8987
6885,0.0003737401857506484,,,,4461.4
6886,0.0003695616323966533,,,,4461.903
6887,0.00037128422991372645,,,,4462.4058
6888,0.0003755740763153881,,,,4462.9565
6889,0.00037737892125733197,,,,4463.4588
6890,0.00037495754077099264,,,,4463.9677
6891,0.0003708941221702844,,,,4464.4813
6892,0.0003688124124892056,,,,4464.9762
6893,0.00036985499900765717,,,,4465.4758
6894,0.00037211927701719105,,,,4465.978
6895,0.00037299192626960576,,,,4466.4932
6896,0.0003716507344506681,,,,4467.0059
6897,0.0003694304032251239,,,,4467.5182
6898,0.0003682104288600385,,,,4468.0389
6899,0.0003686323470901698,,,,4468.5562
6900,0.0003697803185787052,0.034144897013902664,0.08826972544193268,0.0567,4469.1401
6901,0.00037029836676083505,,,,4469.6752
6902,0.00036965508479624987,,,,4470.1795
6903,0.00036844273563474417,,,,4470.6954
6904,0.00036763199022971094,,,,4471.226
6905,0.00036766802077181637,,,,4471.7305
6906,0.00036819931119680405,,,,4472.2253
6907,0.00036853348137810826,,,,4472.741
6908,0.0003682899405248463,,,,4473.246
6909,0.0003676398773677647,,,,4473.7523
6910,0.0003670633595902473,,,,4474.2644
6911,0.00036689109401777387,,,,4474.7762
6912,0.0003670677833724767,,,,4475.3002
6913,0.0003672686289064586,,,,4475.8224
6914,0.0003672192106023431,,,,4476.3453
6915,0.0003669031138997525,,,,4476.872
6916,0.0003665091353468597,,,,4477.3985
6917,0.00036625759094022214,,,,4477.8948
6918,0.0003662168455775827,,,,4478.4119
6919,0.0003662797389551997,,,,4478.9319
6920,0.00036628925590775907,,,,4479.4622
6921,0.0003661576774902642,,,,4479.9762
6922,0.0003659231006167829,,,,4480.4932
6923,0.0003656908811535686,,,,4481.0112
6924,0.00036554751568473876,,,,4481.5193
6925,0.0003654956235550344,,,,4482.0328
6926,0.00036547461058944464,,,,4482.5434
6927,0.00036541192093864083,,,,4483.069
6928,0.0003652845334727317,,,,4483.5834
6929,0.00036511404323391616,,,,4484.0857
6930,0.0003649504797067493,,,,4484.5868
6931,0.00036483394796960056,,,,4485.1052
6932,0.00036475720116868615,,,,4485.6195
6933,0.00036469430779106915,,,,4486.1318
6934,0.00036461459239944816,,,,4486.6467
6935,0.0003645022225100547,,,,4487.1579
6936,0.0003643687814474106,,,,4487.6584
6937,0.00036423542769625783,,,,4488.1863
6938,0.00036412038025446236,,,,4488.715
6939,0.00036402541445568204,,,,4489.2451
6940,0.000363941682735458,,,,4489.7682
6941,0.00036385521525517106,,,,4490.292
6942,0.0003637531481217593,,,,4490.806
6943,0.0003636408073361963,,,,4491.3133
6944,0.0003635221510194242,,,,4491.828
6945,0.000363409286364913,,,,4492.3428
6946,0.00036330579314380884,,,,4492.8515
6947,0.00036320893559604883,,,,4493.3622
6948,0.00036311871372163296,,,,4493.8752
6949,0.0003630185092333704,,,,4494.3963
6950,0.0003629166167229414,,,,4494.9157
6951,0.00036280800122767687,,,,4495.4424
6952,0.0003626988909672946,,,,4495.965
6953,0.00036259336047805846,,,,4496.4655
6954,0.00036248989636078477,,,,4496.9683
6955,0.00036239108885638416,,,,4497.4687
6956,0.00036229274701327085,,,,4497.9809
6957,0.00036219164030626416,,,,4498.4925
6958,0.00036209053359925747,,,,4499.0283
6959,0.0003619870403781533,,,,4499.5624
6960,0.00036188107333146036,,,,4500.0892
6961,0.0003617775219026953,,,,4500.6083
6962,0.0003616747271735221,,,,4501.1492
6963,0.0003615728346630931,,,,4501.6528
6964,0.00036147196078673005,,,,4502.1531
6965,0.00036137111601419747,,,,4502.657
6966,0.00036127062048763037,,,,4503.1705
6967,0.00036116642877459526,,,,4503.6928
6968,0.00036106494371779263,,,,4504.2017
6969,0.00036096229450777173,,,,4504.7069
6970,0.00036085949977859855,,,,4505.2187
6971,0.0003607558028306812,,,,4505.9995
6972,0.0003606548416428268,,,,4506.7325
6973,0.00036055262899026275,,,,4507.3182
6974,0.00036045198794454336,,,,4507.8795
6975,0.00036034928052686155,,,,4508.3995
6976,0.00036024831933900714,,,,4508.9609
6977,0.00036014505894854665,,,,4509.4794
6978,0.0003600431082304567,,,,4509.9899
6979,0.00035994109930470586,,,,4510.5116
6980,0.00035983946872875094,,,,4511.0217
6981,0.0003597374015953392,,,,4511.551
6982,0.00035963705158792436,,,,4512.0746
6983,0.00035953670158050954,,,,4512.583
6984,0.0003594353620428592,,,,4513.1085
6985,0.00035933562321588397,,,,4513.6149
6986,0.0003592383291106671,,,,4514.1173
6987,0.0003591423446778208,,,,4514.6349
6988,0.0003590487758629024,,,,4515.1603
6989,0.00035895922337658703,,,,4515.6782
6990,0.00035887668491341174,,,,4516.179
6991,0.0003588060790207237,,,,4516.6809
6992,0.00035875203320756555,,,,4517.1909
6993,0.00035872464650310576,,,,4517.7138
6994,0.0003587412356864661,,,,4518.243
6995,0.00035882709198631346,,,,4518.7615
6996,0.0003590253181755543,,,,4519.2908
6997,0.0003594060835894197,,,,4519.8038
6998,0.0003600894124247134,,,,4520.3329
6999,0.00036126963095739484,,,,4520.8585
7000,0.0003632721200119704,0.03430791571736336,0.08928634226322174,0.0537,4521.523
7001,0.00036663285573013127,,,,4522.0505
7002,0.0003722237597685307,,,,4522.5754
7003,0.0003814322699327022,,,,4523.0959
7004,0.0003963140770792961,,,,4523.6063
7005,0.00041961765964515507,,,,4524.1324
7006,0.00045397941721603274,,,,4524.6457
7007,0.0004996357019990683,,,,4525.1692
7008,0.0005489974864758551,,,,4525.6766
7009,0.0005820784717798233,,,,4526.1918
7010,0.0005708354874514043,,,,4526.7135
7011,0.0005056680529378355,,,,4527.2257
7012,0.0004192486812826246,,,,4527.7533
7013,0.00036735346657224,,,,4528.275
7014,0.0003761766420211643,,,,4528.7704
7015,0.0004209109756629914,,,,4529.2732
7016,0.0004529335128609091,,,,4529.7772
7017,0.0004402640915941447,,,,4530.2703
7018,0.00039544139872305095,,,,4530.7729
7019,0.00036007631570100784,,,,4531.2772
7020,0.00036177667789161205,,,,4531.7825
7021,0.00038833823055028915,,,,4532.2889
7022,0.0004063376982230693,,,,4532.7901
7023,0.0003969985991716385,,,,4533.2941
7024,0.0003720855456776917,,,,4533.8018
7025,0.00035781721817329526,,,,4534.3315
7026,0.0003648277488537133,,,,4534.8604
7027,0.00037998860352672637,,,,4535.3879
7028,0.00038425519596785307,,,,4535.9159
7029,0.0003733102639671415,,,,4536.4371
7030,0.00035956912324763834,,,,4536.9679
7031,0.00035623664734885097,,,,4537.4886
7032,0.0003632653970271349,,,,4537.9983
7033,0.00036998599534854293,,,,4538.5279
7034,0.0003681996895466,,,,4539.0579
7035,0.0003603026852943003,,,,4539.5653
7036,0.0003547371306922287,,,,4540.077
7037,0.0003560557379387319,,,,4540.5767
7038,0.0003609048726502806,,,,4541.0936
7039,0.00036302334046922624,,,,4541.6108
7040,0.00036024581640958786,,,,4542.1261
7041,0.0003558798343874514,,,,4542.6463
7042,0.0003542768827173859,,,,4543.1727
7043,0.00035615492379292846,,,,4543.7304
7044,0.0003585913800634444,,,,4544.2549
7045,0.00035869135172106326,,,,4544.774
7046,0.0003564779763109982,,,,4545.3039
7047,0.00035428631235845387,,,,4545.8319
7048,0.000353993265889585,,,,4546.3612
7049,0.00035525226849131286,,,,4546.8774
7050,0.000356286414898932,,,,4547.3736
7051,0.00035589595790952444,,,,4547.9026
7052,0.00035451792064122856,,,,4548.4018
7053,0.0003534588613547385,,,,4548.8959
7054,0.0003534841525834054,,,,4549.404
7055,0.0003542001359164715,,,,4549.9072
7056,0.0003546574735082686,,,,4550.4127
7057,0.0003543551138136536,,,,4550.9255
7058,0.0003536210861057043,,,,4551.4343
7059,0.0003531393886078149,,,,4551.9454
7060,0.00035326142096892,,,,4552.4681
7061,0.00035376386949792504,,,,4552.9799
7062,0.0003541709156706929,,,,4553.4904
7063,0.0003542452468536794,,,,4554.0994
7064,0.0003541700425557792,,,,4554.6709
7065,0.000354316143784672,,,,4555.2157
7066,0.0003549258108250797,,,,4555.7566
7067,0.00035595850204117596,,,,4556.3063
7068,0.000357249315129593,,,,4556.8556
7069,0.00035875054891221225,,,,4557.4118
7070,0.000360658421413973,,,,4557.9716
7071,0.0003633330052252859,,,,4558.5233
7072,0.00036716178874485195,,,,4559.0784
7073,0.0003724329872056842,,,,4559.6451
7074,0.0003794558288063854,,,,4560.2165
7075,0.0003884479228872806,,,,4560.7962
7076,0.0003998533939011395,,,,4561.381
7077,0.00041364686330780387,,,,4561.9503
7078,0.0004296911647543311,,,,4562.5277
7079,0.0004462698707357049,,,,4563.0965
7080,0.00046105863293632865,,,,4563.6563
7081,0.00046954871504567564,,,,4564.2099
7082,0.00046817120164632797,,,,4564.7668
7083,0.0004538689099717885,,,,4565.3796
7084,0.00042876461520791054,,,,4565.9319
7085,0.00039830751484259963,,,,4566.4796
7086,0.00037113201688043773,,,,4567.044
7087,0.0003540325560607016,,,,4567.5854
7088,0.0003497186698950827,,,,4568.1243
7089,0.0003561037592589855,,,,4568.664
7090,0.00036799462395720184,,,,4569.2327
7091,0.00037947125383652747,,,,4569.7816
7092,0.00038575372309423983,,,,4570.3177
7093,0.0003848013875540346,,,,4570.8563
7094,0.00037726707523688674,,,,4571.3888
7095,0.00036643591010943055,,,,4572.0042
7096,0.00035624124575406313,,,,4572.5593
7097,0.00034988822881132364,,,,4573.1528
7098,0.0003485408960841596,,,,4573.7422
7099,0.00035130890319123864,,,,4574.3168
7100,0.000355985393980518,0.03393355756998062,0.08396212756633759,0.0602,4574.9504
7101,0.0003601307689677924,,,,4575.4793
7102,0.00036203174386173487,,,,4576.0016
7103,0.00036109177744947374,,,,4576.516
7104,0.00035792266135104,,,,4577.0405
7105,0.00035379629116505384,,,,4577.5589
7106,0.000350143265677616,,,,4578.0631
7107,0.00034793687518686056,,,,4578.5643
7108,0.0003474746481515467,,,,4579.0745
7109,0.00034840439911931753,,,,4579.5821
7110,0.0003499920421745628,,,,4580.1031
7111,0.0003514536074362695,,,,4580.6269
7112,0.0003522115875966847,,,,4581.1362
7113,0.00035205442691221833,,,,4581.6625
7114,0.00035109426244162023,,,,4582.1752
7115,0.0003496890712995082,,,,4582.6894
7116,0.0003482518659438938,,,,4583.1984
7117,0.0003471325908321887,,,,4583.7103
7118,0.00034651305759325624,,,,4584.2237
7119,0.0003464029578026384,,,,4584.7545
7120,0.0003466662601567805,,,,4585.2952
7121,0.00034710176987573504,,,,4585.836
7122,0.0003475029079709202,,,,4586.3718
7123,0.00034772977232933044,,,,4586.9049
7124,0.00034770870115607977,,,,4587.4425
7125,0.0003474539262242615,,,,4587.9614
7126,0.0003470317169558257,,,,4588.497
7127,0.0003465337213128805,,,,4589.0092
7128,0.00034604620304889977,,,,4589.5125
7129,0.0003456445410847664,,,,4590.0344
7130,0.00034535990562289953,,,,4590.551
7131,0.00034519765176810324,,,,4591.0651
7132,0.0003451381344348192,,,,4591.5787
7133,0.000345146341715008,,,,4592.0957
7134,0.0003451811498962343,,,,4592.6017
7135,0.0003452101373113692,,,,4593.1115
7136,0.00034521202906034887,,,,4593.6095
7137,0.0003451727388892323,,,,4594.1263
7138,0.00034508586395531893,,,,4594.623
7139,0.0003449615905992687,,,,4595.1314
7140,0.0003448060597293079,,,,4595.6242
7141,0.00034463024348951876,,,,4596.137
7142,0.0003444489266257733,,,,4596.6554
7143,0.00034426964703015983,,,,4597.186
7144,0.0003440995642449707,,,,4597.7189
7145,0.00034394318936392665,,,,4598.2579
7146,0.0003438020357862115,,,,4598.7931
7147,0.0003436751721892506,,,,4599.2967
7148,0.000343561900081113,,,,4599.809
7149,0.000343460327712819,,,,4600.3181
7150,0.00034336562384851277,,,,4600.8442
7151,0.0003432768280617893,,,,4601.38
7152,0.00034319324186071754,,,,4601.9064
7153,0.0003431116056162864,,,,4602.4157
7154,0.0003430303477216512,,,,4602.9569
7155,0.0003429525240790099,,,,4603.4873
7156,0.00034287243033759296,,,,4604.0066
7157,0.0003427931806072593,,,,4604.545
7158,0.00034271428012289107,,,,4605.0541
7159,0.0003426379116717726,,,,4605.5591
7160,0.00034256253275088966,,,,4606.1636
7161,0.00034248983138240874,,,,4606.6854
7162,0.00034242289257235825,,,,4607.2026
7163,0.0003423613088671118,,,,4607.7217
7164,0.0003423087182454765,,,,4608.2387
7165,0.0003422673908062279,,,,4608.7413
7166,0.0003422386653255671,,,,4609.262
7167,0.0003422332520131022,,,,4609.7998
7168,0.00034225580748170614,,,,4610.3185
7169,0.0003423144808039069,,,,4610.8118
7170,0.00034242760739289224,,,,4611.323
7171,0.0003426100593060255,,,,4611.8333
7172,0.0003428936761338264,,,,4612.3303
7173,0.0003433185047470033,,,,4612.833
7174,0.00034394170506857336,,,,4613.3377
7175,0.0003448451170697808,,,,4613.8477
7176,0.0003461519081611186,,,,4614.37
7177,0.00034802668960765004,,,,4614.9021
7178,0.000350731163052842,,,,4615.4244
7179,0.0003545967338141054,,,,4615.9549
7180,0.0003601578646339476,,,,4616.4897
7181,0.00036802919930778444,,,,4617.023
7182,0.0003792272473219782,,,,4617.5561
7183,0.0003946364449802786,,,,4618.0749
7184,0.00041572737973183393,,,,4618.6083
7185,0.0004427044477779418,,,,4619.1459
7186,0.000476046756375581,,,,4619.6826
7187,0.000511416990775615,,,,4620.2137
7188,0.0005441881367005408,,,,4620.7337
7189,0.0005610572989098728,,,,4621.2446
7190,0.0005546348984353244,,,,4621.8169
7191,0.0005168698844499886,,,,4622.3559
7192,0.0004594555648509413,,,,4622.8801
7193,0.0003997255698777735,,,,4623.4109
7194,0.0003595550369936973,,,,4623.9302
7195,0.00034851348027586937,,,,4624.4358
7196,0.00036223395727574825,,,,4624.9635
7197,0.0003864599857479334,,,,4625.513
7198,0.00040511059341952205,,,,4626.0605
7199,0.00040837409324012697,,,,4626.601
7200,0.00039520941209048033,0.04595604166388512,0.10789843648672104,0.0583,4627.1921
7201,0.0003743018605746329,,,,4627.7362
7202,0.00035617052344605327,,,,4628.2503
7203,0.000348208996001631,,,,4628.7853
7204,0.000350617483491078,,,,4629.3226
7205,0.0003581488854251802,,,,4629.8517
7206,0.0003641698567662388,,,,4630.3739
7207,0.00036445315345190465,,,,4630.8968
7208,0.0003592147841118276,,,,4631.3994
7209,0.00035175058292225003,,,,4631.914
7210,0.00034616157063283026,,,,4632.4305
7211,0.0003444823087193072,,,,4632.9559
7212,0.0003460785956121981,,,,4633.488
7213,0.0003485729976091534,,,,4634.0099
7214,0.0003495868295431137,,,,4634.5419
7215,0.0003481478779576719,,,,4635.0704
7216,0.0003449549258220941,,,,4635.6017
7217,0.0003417247498873621,,,,4636.1366
7218,0.0003399508714210242,,,,4636.6414
7219,0.0003401106223464012,,,,4637.1582
7220,0.0003415251849219203,,,,4637.6801
7221,0.0003429326752666384,,,,4638.2053
7222,0.00034328061155974865,,,,4638.7255
7223,0.00034223447437398136,,,,4639.2512
7224,0.0003402522124815732,,,,4639.7689
7225,0.00033821837860159576,,,,4640.2951
7226,0.00033694138983264565,,,,4640.8138
7227,0.0003367591416463256,,,,4641.3303
7228,0.00033745457767508924,,,,4641.8382
7229,0.0003384498995728791,,,,4642.3439
7230,0.00033913826337084174,,,,4642.8703
7231,0.00033915540552698076,,,,4643.3812
7232,0.00033849466126412153,,,,4643.9012
7233,0.0003374467487446964,,,,4644.4185
7234,0.0003364089934621006,,,,4644.928
7235,0.0003357070963829756,,,,4645.4425
7236,0.0003354647196829319,,,,4645.9559
7237,0.0003356080560479313,,,,4646.4672
7238,0.0003359300026204437,,,,4646.9901
7239,0.00033621187321841717,,,,4647.4901
7240,0.0003362960123922676,,,,4648.0053
7241,0.000336145720211789,,,,4648.5164
7242,0.00033582092146389186,,,,4649.0347
7243,0.0003354295331519097,,,,4649.5566
7244,0.0003350830520503223,,,,4650.0771
7245,0.00033484879531897604,,,,4650.5952
7246,0.0003347354067955166,,,,4651.1146
7247,0.00033470644848421216,,,,4651.6313
7248,0.000334700831444934,,,,4652.1533
7249,0.00033466858440078795,,,,4652.6907
7250,0.00033457932295277715,,,,4653.223
7251,0.00033442798303440213,,,,4653.7493
7252,0.00033423813874833286,,,,4654.259
7253,0.000334039272274822,,,,4654.7753
7254,0.00033386118593625724,,,,4655.279
7255,0.00033372463076375425,,,,4655.7824
7256,0.00033362829708494246,,,,4656.2816
7257,0.00033356863423250616,,,,4656.7952
7258,0.0003335257060825825,,,,4657.3287
7259,0.0003334857465233654,,,,4657.8678
7260,0.00033343283575959504,,,,4658.403
7261,0.0003333617059979588,,,,4658.9317
7262,0.00033327192068099976,,,,4659.4435
7263,0.00033316551707684994,,,,4659.9596
7264,0.000333054136717692,,,,4660.478
7265,0.00033294508466497064,,,,4661.0076
7266,0.00033284147502854466,,,,4661.5751
7267,0.0003327521844767034,,,,4662.1398
7268,0.00033267700928263366,,,,4662.692
7269,0.0003326134174130857,,,,4663.2531
7270,0.0003325655125081539,,,,4663.7843
7271,0.0003325266588944942,,,,4664.3313
7272,0.0003325031138956547,,,,4664.9023
7273,0.00033249505213461816,,,,4665.4651
7274,0.00033250910928472877,,,,4666.0237
7275,0.00033255378366447985,,,,4666.5824
7276,0.00033264621743001044,,,,4667.1571
7277,0.00033280730713158846,,,,4667.6714
7278,0.0003330670588184148,,,,4668.1887
7279,0.0003334696521051228,,,,4668.7004
7280,0.0003340783587191254,,,,4669.219
7281,0.00033498331322334707,,,,4669.7212
7282,0.00033631769474595785,,,,4670.2305
7283,0.00033826997969299555,,,,4670.7407
7284,0.0003411203797440976,,,,4671.2521
7285,0.00034523315844126046,,,,4671.7471
7286,0.0003511546819936484,,,,4672.2969
7287,0.0003594786976464093,,,,4672.8065
7288,0.00037100445479154587,,,,4673.3199
7289,0.00038614575169049203,,,,4673.8352
7290,0.00040507741505280137,,,,4674.3518
7291,0.0004259051929693669,,,,4674.8771
7292,0.0004454499576240778,,,,4675.4108
7293,0.0004566407878883183,,,,4675.9424
7294,0.0004541605885606259,,,,4676.4653
7295,0.00043441803427413106,,,,4676.9841
7296,0.0004046421963721514,,,,4677.5095
7297,0.0003762464039027691,,,,4678.0215
7298,0.0003612847358454019,,,,4678.5395
7299,0.0003625342214945704,,,,4679.0663
7300,0.00037396373227238655,0.03976032882928848,0.09288053214550018,0.054,4679.6528
7301,0.00038487050915136933,,,,4680.181
7302,0.0003863202582579106,,,,4680.6964
7303,0.0003754384524654597,,,,4681.2026
7304,0.0003569286782294512,,,,4681.716
7305,0.00033953707315959036,,,,4682.2311
7306,0.0003305784775875509,,,,4682.7447
7307,0.00033170031383633614,,,,4683.2566
7308,0.0003389864868950099,,,,4683.7942
7309,0.00034624128602445126,,,,4684.2991
7310,0.00034882136969827116,,,,4684.8173
7311,0.00034587725531309843,,,,4685.3287
7312,0.0003400455170776695,,,,4685.8214
7313,0.00033524318132549524,,,,4686.3276
7314,0.0003339981776662171,,,,4686.8353
7315,0.0003362205461598933,,,,4687.3768
7316,0.00033973492099903524,,,,4687.9072
7317,0.0003420029825065285,,,,4688.4403
7318,0.0003414982638787478,,,,4688.9739
7319,0.0003385509189683944,,,,4689.5093
7320,0.000334669544827193,,,,4690.0204
7321,0.0003316412912681699,,,,4690.5365
7322,0.0003304012643638998,,,,4691.0476
7323,0.00033075365354306996,,,,4691.566
7324,0.0003317153896205127,,,,4692.096
7325,0.0003322275006212294,,,,4692.6123
7326,0.0003317322116345167,,,,4693.149
7327,0.0003303684061393142,,,,4693.6827
7328,0.00032874647877179086,,,,4694.1985
7329,0.00032752929837442935,,,,4694.7138
7330,0.0003270807210355997,,,,4695.2326
7331,0.00032733671832829714,,,,4695.7594
7332,0.00032792260753922164,,,,4696.3521
7333,0.0003283966507297009,,,,4696.8681
7334,0.00032847904367372394,,,,4697.3955
7335,0.00032813887810334563,,,,4697.989
7336,0.0003275572962593287,,,,4698.5022
7337,0.0003269981243647635,,,,4699.0094
7338,0.0003266700077801943,,,,4699.5241
7339,0.0003266418643761426,,,,4700.0301
7340,0.00032685173209756613,,,,4700.5505
7341,0.0003271563327871263,,,,4701.067
7342,0.0003274212358519435,,,,4701.5845
7343,0.0003275673952884972,,,,4702.1033
7344,0.0003276132047176361,,,,4702.6126
7345,0.00032763523631729186,,,,4703.11
7346,0.0003277488285675645,,,,4703.634
7347,0.00032806178205646574,,,,4704.149
7348,0.00032865747925825417,,,,4704.6639
7349,0.00032959357486106455,,,,4705.1768
7350,0.00033092801459133625,,,,4705.6854
7351,0.0003327439189888537,,,,4706.1906
7352,0.000335195567458868,,,,4706.7147
7353,0.00033850784529931843,,,,4707.251
7354,0.00034304361906833947,,,,4707.7772
7355,0.000349237525369972,,,,4708.2874
7356,0.0003577186434995383,,,,4708.8074
7357,0.0003690599405672401,,,,4709.3304
7358,0.000384015787858516,,,,4709.8425
7359,0.00040268481825478375,,,,4710.3523
7360,0.00042504462180659175,,,,4710.8607
7361,0.00044875830644741654,,,,4711.3835
7362,0.00047090230509638786,,,,4711.8867
7363,0.00048452921328134835,,,,4712.3911
7364,0.0004845924268011004,,,,4712.8967
7365,0.0004655794473364949,,,,4713.4163
7366,0.0004311869852244854,,,,4713.9334
7367,0.00038936251075938344,,,,4714.4478
7368,0.0003534295246936381,,,,4714.9567
7369,0.00033254301524721086,,,,4715.4648
7370,0.0003292759938631207,,,,4715.9772
7371,0.0003390914062038064,,,,4716.4927
7372,0.00035384338116273284,,,,4717.0255
7373,0.00036563200410455465,,,,4717.5508
7374,0.0003693973121698946,,,,4718.0476
7375,0.00036465065204538405,,,,4718.5578
7376,0.00035421078791841865,,,,4719.0664
7377,0.00034308573231101036,,,,4719.5849
7378,0.0003350552578922361,,,,4720.1044
7379,0.0003317300870548934,,,,4720.6248
7380,0.000332158844685182,,,,4721.1352
7381,0.000334148237016052,,,,4721.6552
7382,0.0003356289234943688,,,,4722.1676
7383,0.00033554420224390924,,,,4722.6817
7384,0.0003340540861245245,,,,4723.2022
7385,0.000332031020661816,,,,4723.7101
7386,0.00033046220778487623,,,,4724.2338
7387,0.00032974561327137053,,,,4724.7454
7388,0.00032969110179692507,,,,4725.2773
7389,0.0003296660725027323,,,,4725.8085
7390,0.00032909910078160465,,,,4726.3089
7391,0.00032779795583337545,,,,4726.8253
7392,0.0003260209923610091,,,,4727.3329
7393,0.0003243104729335755,,,,4727.8574
7394,0.00032319396268576384,,,,4728.3743
7395,0.000322944310028106,,,,4728.8944
7396,0.00032346765510737896,,,,4729.4051
7397,0.0003243941755499691,,,,4729.924
7398,0.0003252303577028215,,,,4730.4431
7399,0.0003255830379202962,,,,4730.9617
7400,0.00032527378061786294,0.030859142541885376,0.08536728471517563,0.054,4731.526
7401,0.0003243766841478646,,,,4732.0424
7402,0.0003231662849429995,,,,4732.5707
7403,0.00032197285327129066,,,,4733.0771
7404,0.0003210751456208527,,,,4733.5915
7405,0.00032060823286883533,,,,4734.1057
7406,0.0003205627726856619,,,,4734.6171
7407,0.0003208050038665533,,,,4735.1295
7408,0.00032115631620399654,,,,4735.6529
7409,0.0003214564057998359,,,,4736.1814
7410,0.00032159630791284144,,,,4736.6943
7411,0.0003215488395653665,,,,4737.2156
7412,0.00032134581124410033,,,,4737.7364
7413,0.00032105291029438376,,,,4738.2554
7414,0.0003207447880413383,,,,4738.7622
7415,0.00032047618879005313,,,,4739.2709
7416,0.00032027505221776664,,,,4739.781
7417,0.0003201395447831601,,,,4740.284
7418,0.0003200480714440346,,,,4740.7973
7419,0.00031997100450098515,,,,4741.303
7420,0.00031988220871426165,,,,4741.8112
7421,0.0003197648038621992,,,,4742.3127
7422,0.0003196171310264617,,,,4742.8249
7423,0.00031944154761731625,,,,4743.3441
7424,0.00031925414805300534,,,,4743.869
7425,0.00031907044467516243,,,,4744.3772
7426,0.00031890138052403927,,,,4744.9068
7427,0.00031875676359049976,,,,4745.4403
7428,0.0003186378162354231,,,,4745.9465
7429,0.0003185433160979301,,,,4746.4714
7430,0.00031846389174461365,,,,4746.9836
7431,0.0003183954395353794,,,,4747.5028
7432,0.00031833010143600404,,,,4748.0185
7433,0.0003182609798386693,,,,4748.5359
7434,0.00031818667775951326,,,,4749.0507
7435,0.00031810550717636943,,,,4749.5798
7436,0.0003180149360559881,,,,4750.1034
7437,0.0003179212799295783,,,,4750.6167
7438,0.0003178224142175168,,,,4751.1234
7439,0.00031772450893186033,,,,4751.6385
7440,0.000317627185722813,,,,4752.1683
7441,0.00031753265648148954,,,,4752.6837
7442,0.00031744453008286655,,,,4753.1999
7443,0.00031736199161969125,,,,4753.7416
7444,0.00031728780595585704,,,,4754.263
7445,0.0003172226424794644,,,,4754.7919
7446,0.00031717412639409304,,,,4755.3282
7447,0.0003171426651533693,,,,4755.8609
7448,0.00031713987118564546,,,,4756.3857
7449,0.00031717962701804936,,,,4756.8878
7450,0.00031728221802040935,,,,4757.3913
7451,0.0003174828889314085,,,,4757.8969
7452,0.0003178456681780517,,,,4758.4225
7453,0.0003184587403666228,,,,4758.9508
7454,0.00031947673414833844,,,,4759.4508
7455,0.0003211400471627712,,,,4759.9622
7456,0.0003238625358790159,,,,4760.4822
7457,0.0003282713587395847,,,,4760.9917
7458,0.0003354388754814863,,,,4761.5029
7459,0.00034691227483563125,,,,4762.0181
7460,0.00036525819450616837,,,,4762.5382
7461,0.0003934299456886947,,,,4763.0406
7462,0.0004356463032308966,,,,4763.5624
7463,0.0004925408284179866,,,,4764.0696
7464,0.0005619108560495079,,,,4764.5959
7465,0.0006233123131096363,,,,4765.104
7466,0.0006547407829202712,,,,4765.6132
7467,0.000627292669378221,,,,4766.1187
7468,0.0005601461743935943,,,,4766.6264
7469,0.0004888992407359183,,,,4767.1274
7470,0.00044955129851587117,,,,4767.6437
7471,0.0004377878794912249,,,,4768.1491
7472,0.00042723584920167923,,,,4768.6586
7473,0.00039934227243065834,,,,4769.1697
7474,0.00036448106402531266,,,,4769.6857
7475,0.0003514302661642432,,,,4770.197
7476,0.0003725426795426756,,,,4770.7134
7477,0.00040636782068759203,,,,4771.2306
7478,0.000416625349316746,,,,4771.7552
7479,0.0003883523750118911,,,,4772.2761
7480,0.00034271847107447684,,,,4772.7889
7481,0.0003161044151056558,,,,4773.3013
7482,0.0003241188242100179,,,,4773.8113
7483,0.0003502854669932276,,,,4774.3193
7484,0.00036644161446020007,,,,4774.8301
7485,0.0003593758447095752,,,,4775.3437
7486,0.0003390153287909925,,,,4775.8621
7487,0.00032385598751716316,,,,4776.3905
7488,0.00032236380502581596,,,,4776.9136
7489,0.00032858492340892553,,,,4777.4454
7490,0.0003324236022308469,,,,4777.9791
7491,0.0003304234123788774,,,,4778.4991
7492,0.0003265006234869361,,,,4779.0059
7493,0.00032498486689291894,,,,4779.5271
7494,0.00032549508614465594,,,,4780.0531
7495,0.0003247518034186214,,,,4780.5818
7496,0.00032125398865900934,,,,4781.1111
7497,0.00031731705530546606,,,,4781.6373
7498,0.0003161972272209823,,,,4782.1707
7499,0.0003183945082128048,,,,4782.6949
7500,0.00032123553683049977,0.030895531177520752,0.08103170245885849,0.0591,4783.3212
7501,0.0003216663026250899,,,,4783.8701
7502,0.00031916453735902905,,,,4784.452
7503,0.0003157325554639101,,,,4785.0058
7504,0.00031376106198877096,,,,4785.5413
7505,0.0003139585314784199,,,,4786.0699
7506,0.0003152350545860827,,,,4786.6088
7507,0.0003161189379170537,,,,4787.1526
7508,0.00031598343048244715,,,,4787.6859
7509,0.0003151846758555621,,,,4788.217
7510,0.0003143390058539808,,,,4788.7334
7511,0.00031371673685498536,,,,4789.2583
7512,0.0003132638521492481,,,,4789.7805
7513,0.0003129019751213491,,,,4790.3001
7514,0.0003127040108665824,,,,4790.8274
7515,0.00031275252695195377,,,,4791.349
7516,0.00031295549706555903,,,,4791.8567
7517,0.0003130665863864124,,,,4792.373
7518,0.00031288317404687405,,,,4792.8961
7519,0.00031243471312336624,,,,4793.4127
7520,0.00031193281756713986,,,,4793.9409
7521,0.0003115951840300113,,,,4794.4618
7522,0.0003114775172434747,,,,4794.9824
7523,0.00031149055575951934,,,,4795.507
7524,0.0003115059807896614,,,,4796.0407
7525,0.0003114636056125164,,,,4796.5689
7526,0.00031137405312620103,,,,4797.0751
7527,0.00031126601970754564,,,,4797.5871
7528,0.00031113915611058474,,,,4798.1124
7529,0.00031097023747861385,,,,4798.6286
7530,0.0003107674710918218,,,,4799.1513
7531,0.0003105707874055952,,,,4799.6748
7532,0.0003104333009105176,,,,4800.2007
7533,0.00031037471489980817,,,,4800.7226
7534,0.0003103668859694153,,,,4801.2389
7535,0.00031035166466608644,,,,4801.7684
7536,0.0003102865593973547,,,,4802.2976
7537,0.00031016874709166586,,,,4802.8383
7538,0.000310030416585505,,,,4803.3781
7539,0.0003099062596447766,,,,4803.9116
7540,0.00030980692827142775,,,,4804.4483
7541,0.0003097208682447672,,,,4804.9878
7542,0.00030963102472014725,,,,4805.5452
7543,0.0003095327701885253,,,,4806.0815
7544,0.00030942997545935214,,,,4806.6097
7545,0.00030934312962926924,,,,4807.1257
7546,0.00030927645275369287,,,,4807.6552
7547,0.00030922103906050324,,,,4808.2007
7548,0.0003091598046012223,,,,4808.7527
7549,0.00030908253393135965,,,,4809.2872
7550,0.0003089873935095966,,,,4809.8199
7551,0.00030888267792761326,,,,4810.3458
7552,0.0003087816294282675,,,,4810.9572
7553,0.0003086936485487968,,,,4811.5688
7554,0.0003086138458456844,,,,4812.1612
7555,0.00030853800126351416,,,,4812.7154
7556,0.000308457063511014,,,,4813.2978
7557,0.0003083734482061118,,,,4813.8553
7558,0.0003082874754909426,,,,4814.5038
7559,0.00030820287065580487,,,,4815.2087
7560,0.0003081256872974336,,,,4815.7814
7561,0.00030805179267190397,,,,4816.3196
7562,0.00030797914951108396,,,,4817.0516
7563,0.00030790199525654316,,,,4817.645
7564,0.00030782134854234755,,,,4818.2503
7565,0.00030773779144510627,,,,4818.841
7566,0.00030765371047891676,,,,4819.4643
7567,0.00030757152126170695,,,,4820.063
7568,0.0003074910491704941,,,,4820.6059
7569,0.00030741136288270354,,,,4821.1537
7570,0.00030733307357877493,,,,4821.6833
7571,0.0003072520194109529,,,,4822.2607
7572,0.0003071697137784213,,,,4822.8731
7573,0.00030708740814588964,,,,4823.6098
7574,0.00030700460774824023,,,,4824.491
7575,0.0003069235826842487,,,,4825.2137
7576,0.0003068437217734754,,,,4825.8418
7577,0.0003067647048737854,,,,4826.4328
7578,0.0003066847857553512,,,,4826.9823
7579,0.0003066056815441698,,,,4827.5592
7580,0.0003065252967644483,,,,4828.15
7581,0.0003064460470341146,,,,4828.7164
7582,0.00030636301380582154,,,,4829.2684
7583,0.00030628457898274064,,,,4829.8177
7584,0.0003062036703340709,,,,4830.3615
7585,0.0003061253228224814,,,,4830.9033
7586,0.00030604517087340355,,,,4831.4643
7587,0.00030596513533964753,,,,4832.0111
7588,0.0003058861766476184,,,,4832.5569
7589,0.0003058057918678969,,,,4833.0947
7590,0.0003057278227061033,,,,4833.6408
7591,0.0003056461282540113,,,,4834.1763
7592,0.000305567606119439,,,,4834.7194
7593,0.0003054869011975825,,,,4835.266
7594,0.00030540834995917976,,,,4835.8057
7595,0.00030532985692843795,,,,4836.3452
7596,0.000305252120597288,,,,4836.9055
7597,0.0003051728708669543,,,,4837.4448
7598,0.00030509443604387343,,,,4837.9861
7599,0.0003050156810786575,,,,4838.5355
7600,0.00030494117527268827,0.028518754988908768,0.08180923014879227,0.0556,4839.1174
7601,0.0003048672806471586,,,,4839.6511
7602,0.0003047951031476259,,,,4840.2018
7603,0.0003047270292881876,,,,4840.7231
7604,0.00030466620228253305,,,,4841.2545
7605,0.0003046156489290297,,,,4841.7915
7606,0.00030457807588391006,,,,4842.3496
7607,0.00030456751119345427,,,,4842.9027
7608,0.0003045930643565953,,,,4843.4529
7609,0.0003046792990062386,,,,4843.9971
7610,0.00030486492323689163,,,,4844.531
7611,0.0003052088723052293,,,,4845.0783
7612,0.00030581041937693954,,,,4845.6239
7613,0.00030683923978358507,,,,4846.1486
7614,0.00030857353704050183,,,,4846.6824
7615,0.00031146957189776003,,,,4847.351
7616,0.0003163111687172204,,,,4847.8966
7617,0.00032434999593533576,,,,4848.4334
7618,0.0003377157845534384,,,,4848.9686
7619,0.0003595900197979063,,,,4849.5156
7620,0.0003950632526539266,,,,4850.0441
7621,0.0004500415234360844,,,,4850.5862
7622,0.0005314774462021887,,,,4851.1181
7623,0.0006371945491991937,,,,4851.66
7624,0.0007527337875217199,,,,4852.2385
7625,0.0008261326001957059,,,,4852.7597
7626,0.0008061444386839867,,,,4853.2879
7627,0.0006625788519158959,,,,4853.8211
7628,0.00047234026715159416,,,,4854.359
7629,0.0003447593189775944,,,,4854.9053
7630,0.00034147914266213775,,,,4855.4451
7631,0.0004222687566652894,,,,4855.9748
7632,0.0004941992228850722,,,,4856.5255
7633,0.0004914433811791241,,,,4857.0884
7634,0.0004205838777124882,,,,4857.644
7635,0.0003507967048790306,,,,4858.1916
7636,0.0003345512377563864,,,,4858.7414
7637,0.0003645628166850656,,,,4859.2873
7638,0.0003927953075617552,,,,4859.8384
7639,0.0003849517379421741,,,,4860.3925
7640,0.0003525339998304844,,,,4860.9414
7641,0.0003298887168057263,,,,4861.5329
7642,0.0003332069027237594,,,,4862.0784
7643,0.0003466196358203888,,,,4862.6486
7644,0.00034732831409201026,,,,4863.1966
7645,0.0003327762533444911,,,,4863.742
7646,0.0003195936151314527,,,,4864.2774
7647,0.000320496445056051,,,,4864.8073
7648,0.0003290931636001915,,,,4865.3449
7649,0.00033059544512070715,,,,4865.8797
7650,0.00032077907235361636,,,,4866.4183
7651,0.0003098708693869412,,,,4866.9602
7652,0.0003088575613219291,,,,4867.4723
7653,0.0003162721113767475,,,,4868.022
7654,0.00032119525712914765,,,,4868.5691
7655,0.0003167653630953282,,,,4869.0978
7656,0.0003074081614613533,,,,4869.6237
7657,0.00030256956233642995,,,,4870.1687
7658,0.0003057367284782231,,,,4870.7082
7659,0.00031155868782661855,,,,4871.2519
7660,0.000312829070026055,,,,4871.7916
7661,0.0003082063340116292,,,,4872.3308
7662,0.00030258166952989995,,,,4872.8828
7663,0.000301005260553211,,,,4873.4265
7664,0.0003036636335309595,,,,4873.9751
7665,0.00030668883118778467,,,,4874.504
7666,0.0003067273064516485,,,,4875.0411
7667,0.00030398706439882517,,,,4875.6003
7668,0.00030121239251457155,,,,4876.1372
7669,0.0003005614853464067,,,,4876.6634
7670,0.00030178873566910625,,,,4877.2084
7671,0.00030307818087749183,,,,4877.7884
7672,0.0003030476509593427,,,,4878.3561
7673,0.00030183797935023904,,,,4878.9082
7674,0.000300576415611431,,,,4879.4681
7675,0.00030014009098522365,,,,4880.0317
7676,0.00030048241023905575,,,,4880.5976
7677,0.00030092423548921943,,,,4881.1287
7678,0.0003009004576597363,,,,4881.6701
7679,0.00030041177524253726,,,,4882.2412
7680,0.00029986799927428365,,,,4882.7754
7681,0.0002996290859300643,,,,4883.3358
7682,0.0002996899129357189,,,,4883.8802
7683,0.00029977565282024443,,,,4884.4149
7684,0.00029965443536639214,,,,4884.9512
7685,0.00029935347265563905,,,,4885.4869
7686,0.0002990858629345894,,,,4886.0265
7687,0.00029901060042902827,,,,4886.5922
7688,0.0002990723878610879,,,,4887.1355
7689,0.0002990833017975092,,,,4887.6852
7690,0.00029892349266447127,,,,4888.2292
7691,0.0002986462495755404,,,,4888.7713
7692,0.00029842270305380225,,,,4889.3073
7693,0.0002983640879392624,,,,4889.8371
7694,0.000298427592497319,,,,4890.3771
7695,0.0002984667371492833,,,,4890.9159
7696,0.0002983717422466725,,,,4891.4565
7697,0.0002981649013236165,,,,4891.993
7698,0.000297954713460058,,,,4892.5432
7699,0.00029784036451019347,,,,4893.1059
7700,0.0002978260745294392,0.027850139886140823,0.08146680891513824,0.0601,4893.7177
7701,0.0002978388511110097,,,,4894.2653
7702,0.00029779935721307993,,,,4894.8117
7703,0.0002976902760565281,,,,4895.3877
7704,0.0002975490933749825,,,,4896.0078
7705,0.0002974311646539718,,,,4896.5752
7706,0.0002973565424326807,,,,4897.1053
7707,0.00029730756068602204,,,,4897.658
7708,0.00029725447529926896,,,,4898.2151
7709,0.0002971775538753718,,,,4898.9285
7710,0.000297087273793295,,,,4899.7071
7711,0.0002969984197989106,,,,4900.3317
7712,0.00029692272073589265,,,,4900.9299
7713,0.0002968573826365173,,,,4901.4723
7714,0.00029679140425287187,,,,4902.0264
7715,0.0002967148320749402,,,,4902.5735
7716,0.00029663174063898623,,,,4903.115
7717,0.000296546146273613,,,,4903.6548
7718,0.00029646625625900924,,,,4904.2092
7719,0.0002963959996122867,,,,4904.7739
7720,0.0002963297883979976,,,,4905.3295
7721,0.0002962631988339126,,,,4905.8775
7722,0.00029619282577186823,,,,4906.4535
7723,0.0002961164864245802,,,,4907.0278
7724,0.0002960365964099765,,,,4907.5947
7725,0.0002959582780022174,,,,4908.1575
7726,0.0002958824043162167,,,,4908.7215
7727,0.00029581034323200583,,,,4909.2977
7728,0.0002957396791316569,,,,4909.8603
7729,0.0002956704411190003,,,,4910.4203
7730,0.00029559782706201077,,,,4910.9779
7731,0.0002955232630483806,,,,4911.516
7732,0.0002954491355922073,,,,4912.085
7733,0.00029537497903220356,,,,4912.6462
7734,0.0002953024231828749,,,,4913.2266
7735,0.00029523245757445693,,,,4913.8004
7736,0.0002951592323370278,,,,4914.3725
7737,0.0002950863854493946,,,,4914.9222
7738,0.0002950121706817299,,,,4915.4966
7739,0.0002949374611489475,,,,4916.068
7740,0.00029486307175830007,,,,4916.6428
7741,0.0002947906032204628,,,,4917.217
7742,0.0002947196189779788,,,,4917.8125
7743,0.0002946473832707852,,,,4918.3801
7744,0.0002945758169516921,,,,4918.9524
7745,0.00029450442525558174,,,,4919.5231
7746,0.00029443021048791707,,,,4920.1111
7747,0.00029435724718496203,,,,4921.0092
7748,0.0002942828868981451,,,,4921.6898
7749,0.0002942125720437616,,,,4922.3602
7750,0.0002941404818557203,,,,4922.9659
7751,0.00029406731482595205,,,,4923.6499
7752,0.0002939944970421493,,,,4924.3513
7753,0.0002939215919468552,,,,4924.9562
7754,0.00029384929803200066,,,,4925.5597
7755,0.000293776422040537,,,,4926.1591
7756,0.0002937031094916165,,,,4926.7756
7757,0.00029362982604652643,,,,4927.389
7758,0.0002935576776508242,,,,4927.9816
7759,0.00029348477255553007,,,,4928.5639
7760,0.00029341274057514966,,,,4929.1543
7761,0.00029333963175304234,,,,4929.7409
7762,0.0002932682109531015,,,,4930.3324
7763,0.00029319539316929877,,,,4930.9312
7764,0.0002931229246314615,,,,4931.5297
7765,0.000293049612082541,,,,4932.1374
7766,0.0002929772308561951,,,,4932.7294
7767,0.0002929059264715761,,,,4933.3171
7768,0.00029283337062224746,,,,4933.9009
7769,0.0002927602909039706,,,,4934.4951
7770,0.00029268747312016785,,,,4935.0904
7771,0.0002926146553363651,,,,4935.687
7772,0.0002925444860011339,,,,4936.2782
7773,0.00029247155180200934,,,,4936.8738
7774,0.0002923981810454279,,,,4937.5142
7775,0.0002923271676991135,,,,4938.1192
7776,0.0002922549901995808,,,,4938.7154
7777,0.0002921838022302836,,,,4939.315
7778,0.0002921133127529174,,,,4939.9131
7779,0.00029204218299128115,,,,4940.5131
7780,0.00029197271214798093,,,,4941.1182
7781,0.0002919051330536604,,,,4941.7239
7782,0.0002918402315117419,,,,4942.3228
7783,0.0002917792007792741,,,,4942.9351
7784,0.00029172367067076266,,,,4943.5441
7785,0.0002916768135037273,,,,4944.1638
7786,0.0002916446828749031,,,,4944.777
7787,0.000291636330075562,,,,4945.392
7788,0.0002916636294685304,,,,4946.0783
7789,0.0002917524252552539,,,,4946.7144
7790,0.0002919362159445882,,,,4947.3321
7791,0.00029227888444438577,,,,4947.9463
7792,0.00029288645600900054,,,,4948.5632
7793,0.0002939309342764318,,,,4949.2038
7794,0.0002957028045784682,,,,4949.8445
7795,0.00029870102298446,,,,4950.4939
7796,0.00030373106710612774,,,,4951.1273
7797,0.0003121794434264302,,,,4951.7578
7798,0.0003261403471697122,,,,4952.3936
7799,0.00034899089951068163,,,,4953.0371
7800,0.00038469411083497107,0.04486055299639702,0.1067366972565651,0.0714,4953.7421
7801,0.00043788881157524884,,,,4954.3817
7802,0.0005069393082521856,,,,4955.0148
7803,0.000581522355787456,,,,4955.6576
7804,0.00062667386373505,,,,4956.2913
7805,0.0006116870208643377,,,,4956.9337
7806,0.0005270274705253541,,,,4957.5836
7807,0.00042844831477850676,,,,4958.2298
7808,0.0003738451923709363,,,,4958.8871
7809,0.00037573877489194274,,,,4959.5648
7810,0.0003967690281569958,,,,4960.2435
7811,0.0003950807440560311,,,,4960.925
7812,0.0003639243368525058,,,,4961.6012
7813,0.0003325841680634767,,,,4962.2659
7814,0.0003282440302427858,,,,4962.9196
7815,0.0003471709496807307,,,,4963.5746
7816,0.0003638039343059063,,,,4964.2274
7817,0.00035995745565742254,,,,4964.8885
7818,0.00033914062078110874,,,,4965.5389
7819,0.0003172844590153545,,,,4966.2046
7820,0.00030655297450721264,,,,4966.8546
7821,0.0003074781852774322,,,,4967.505
7822,0.0003140728804282844,,,,4968.1651
7823,0.00031950834090821445,,,,4968.8243
7824,0.00031952213612385094,,,,4969.4803
7825,0.00031370308715850115,,,,4970.1452
7826,0.00030543041066266596,,,,4970.8129
7827,0.0003003062738571316,,,,4971.4856
7828,0.0003003354649990797,,,,4972.1901
7829,0.00030234805308282375,,,,4972.8986
7830,0.0003018971183337271,,,,4973.6281
7831,0.00029828885453753173,,,,4974.319
7832,0.0002954386582132429,,,,4974.9982
7833,0.0002963678853120655,,,,4975.6703
7834,0.0002993413363583386,,,,4976.3389
7835,0.00029981433181092143,,,,4977.0088
7836,0.00029586319578811526,,,,4977.6789
7837,0.0002907180169131607,,,,4978.3465
7838,0.00028889052919112146,,,,4979.0137
7839,0.00029127398738637567,,,,4979.6872
7840,0.0002944636216852814,,,,4980.3636
7841,0.00029481580713763833,,,,4981.0507
7842,0.0002922764979302883,,,,4981.727
7843,0.000289683899609372,,,,4982.4075
7844,0.0002893040655180812,,,,4983.0854
7845,0.00029050937155261636,,,,4983.7571
7846,0.00029109916067682207,,,,4984.4383
7847,0.00029005875694565475,,,,4985.1117
7848,0.0002884392742998898,,,,4985.7957
7849,0.00028787017799913883,,,,4986.4768
7850,0.0002886561269406229,,,,4987.1589
7851,0.00028965307865291834,,,,4987.851
7852,0.0002897001395467669,,,,4988.5309
7853,0.00028876314172521234,,,,4989.2172
7854,0.00028774639940820634,,,,4989.9086
7855,0.000287383736576885,,,,4990.5976
7856,0.00028760675922967494,,,,4991.2829
7857,0.0002878432860597968,,,,4991.9664
7858,0.0002877265796996653,,,,4992.6505
7859,0.0002873862104024738,,,,4993.3348
7860,0.00028715666849166155,,,,4994.0225
7861,0.0002871564356610179,,,,4994.7251
7862,0.0002872301556635648,,,,4995.4185
7863,0.00028718344401568174,,,,4996.1057
7864,0.00028698923415504396,,,,4996.7923
7865,0.00028676664805971086,,,,4997.5076
7866,0.0002866141148842871,,,,4998.3162
7867,0.00028652045875787735,,,,4999.0214
7868,0.0002864258422050625,,,,4999.7116
7869,0.000286314869299531,,,,5000.4069
7870,0.00028622846002690494,,,,5001.0924
7871,0.0002861958055291325,,,,5001.791
7872,0.0002861873945221305,,,,5002.4728
7873,0.00028614181792363524,,,,5003.1608
7874,0.00028603378450497985,,,,5003.8587
7875,0.0002859011001419276,,,,5004.556
7876,0.00028579679201357067,,,,5005.2461
7877,0.0002857423678506166,,,,5005.9376
7878,0.0002857036888599396,,,,5006.6093
7879,0.0002856322389561683,,,,5007.3021
7880,0.0002855219063349068,,,,5007.9907
7881,0.000285397662082687,,,,5008.6785
7882,0.0002853045880328864,,,,5009.3679
7883,0.0002852533361874521,,,,5010.1167
7884,0.00028522295178845525,,,,5010.8113
7885,0.0002851768222171813,,,,5011.5022
7886,0.00028510327683761716,,,,5012.1916
7887,0.000285012589301914,,,,5012.8861
7888,0.0002849321172107011,,,,5013.5851
7889,0.0002848668082151562,,,,5014.2835
7890,0.0002848142758011818,,,,5014.975
7891,0.0002847585128620267,,,,5015.6664
7892,0.00028469227254390717,,,,5016.367
7893,0.0002846161660272628,,,,5017.0704
7894,0.0002845386625267565,,,,5017.7566
7895,0.00028446628130041063,,,,5018.4485
7896,0.00028440088499337435,,,,5019.1436
7897,0.0002843343827407807,,,,5019.8357
7898,0.0002842654939740896,,,,5020.5303
7899,0.0002841976238414645,,,,5021.2245
7900,0.00028412818210199475,0.026616141200065613,0.0800091028213501,0.0726,5021.9792
7901,0.0002840600209310651,,,,5022.6598
7902,0.00028399346047081053,,,,5023.3535
7903,0.0002839256194420159,,,,5024.0449
7904,0.00028385681798681617,,,,5024.7404
7905,0.0002837876381818205,,,,5025.4385
7906,0.0002837209030985832,,,,5026.1394
7907,0.00028365530306473374,,,,5026.8369
7908,0.0002835917694028467,,,,5027.5349
7909,0.0002835266350302845,,,,5028.2303
7910,0.00028346016188152134,,,,5028.9261
7911,0.0002833922626450658,,,,5029.6172
7912,0.0002833257312886417,,,,5030.2949
7913,0.000283258588751778,,,,5030.981
7914,0.0002831957826856524,,,,5031.6636
7915,0.00028313318034633994,,,,5032.3518
7916,0.00028307188767939806,,,,5033.0345
7917,0.00028301053680479527,,,,5033.7305
7918,0.0002829498262144625,,,,5034.4194
7919,0.00028289284091442823,,,,5035.1077
7920,0.0002828409196808934,,,,5035.7804
7921,0.0002827912103384733,,,,5036.4675
7922,0.0002827528223861009,,,,5037.1588
7923,0.0002827228163369,,,,5037.8611
7924,0.00028271126211620867,,,,5038.5497
7925,0.0002827226126100868,,,,5039.2409
7926,0.00028277153614908457,,,,5039.9366
7927,0.0002828757278621197,,,,5040.63
7928,0.00028306202148087323,,,,5041.3249
7929,0.00028337480034679174,,,,5042.024
7930,0.0002838802756741643,,,,5042.7603
7931,0.00028468549135141075,,,,5043.4523
7932,0.00028595534968189895,,,,5044.145
7933,0.0002879509993363172,,,,5044.8425
7934,0.0002910773328039795,,,,5045.5471
7935,0.0002959877310786396,,,,5046.2375
7936,0.0003036523994524032,,,,5046.9289
7937,0.0003156365710310638,,,,5047.6167
7938,0.000334074575221166,,,,5048.3137
7939,0.000362208898877725,,,,5049.0105
7940,0.0004033377335872501,,,,5049.7009
7941,0.0004612162010744214,,,,5050.3944
7942,0.0005340040661394596,,,,5051.0845
7943,0.0006141799385659397,,,,5051.7703
7944,0.0006743210833519697,,,,5052.4547
7945,0.0006853176164440811,,,,5053.138
7946,0.0006185882957652211,,,,5053.8342
7947,0.000497614499181509,,,,5054.525
7948,0.00037482596235349774,,,,5055.2125
7949,0.0003089816018473357,,,,5055.9099
7950,0.00031464462517760694,,,,5056.5948
7951,0.0003631124272942543,,,,5057.286
7952,0.0004082965024281293,,,,5057.9805
7953,0.0004168677260167897,,,,5058.7971
7954,0.0003880082513205707,,,,5059.614
7955,0.00034348713234066963,,,,5060.5342
7956,0.00031142873922362924,,,,5061.2307
7957,0.0003042029857169837,,,,5061.9288
7958,0.0003162628272548318,,,,5062.6224
7959,0.000332027324475348,,,,5063.3213
7960,0.0003376930544618517,,,,5064.015
7961,0.0003296436043456197,,,,5064.718
7962,0.0003128263633698225,,,,5065.4126
7963,0.00029747403459623456,,,,5066.1053
7964,0.000291566364467144,,,,5066.7783
7965,0.00029613939113914967,,,,5067.453
7966,0.00030496472027152777,,,,5068.1039
7967,0.0003093892300967127,,,,5068.7544
7968,0.0003051159728784114,,,,5069.4044
7969,0.0002946685708593577,,,,5070.0599
7970,0.0002855083148460835,,,,5070.7125
7971,0.0002835045161191374,,,,5071.3721
7972,0.00028835024568252265,,,,5072.0319
7973,0.0002944571024272591,,,,5072.6809
7974,0.0002959422708954662,,,,5073.3232
7975,0.0002914464275818318,,,,5074.0053
7976,0.00028451409889385104,,,,5074.6764
7977,0.00028028676752001047,,,,5075.3186
7978,0.000281081855064258,,,,5075.9631
7979,0.0002849868906196207,,,,5076.6056
7980,0.00028803671011701226,,,,5077.2571
7981,0.0002875695936381817,,,,5077.9011
7982,0.0002841245732270181,,,,5078.5461
7983,0.00028042730991728604,,,,5079.1872
7984,0.0002789770078379661,,,,5079.8331
7985,0.00028014686540700495,,,,5080.4717
7986,0.00028231454780325294,,,,5081.112
7987,0.00028346438193693757,,,,5081.7502
7988,0.00028273530188016593,,,,5082.3854
7989,0.0002808260906022042,,,,5083.0242
7990,0.00027914551901631057,,,,5083.6627
7991,0.0002786462428048253,,,,5084.301
7992,0.00027924313326366246,,,,5084.9479
7993,0.00028013013070449233,,,,5085.5858
7994,0.0002805139811243862,,,,5086.233
7995,0.00028014957206323743,,,,5086.8792
7996,0.00027935922844335437,,,,5087.5274
7997,0.00027865549782291055,,,,5088.1697
7998,0.00027835057699121535,,,,5088.8069
7999,0.0002784213866107166,,,,5089.4478
8000,0.000278630293905735,0.026216920465230942,0.08013276755809784,0.072,5090.1859
8001,0.00027874441002495587,,,,5090.8752
8002,0.00027867231983691454,,,,5091.5717
8003,0.00027845901786349714,,,,5092.2244
8004,0.0002782022929750383,,,,5092.8659
8005,0.0002779852657113224,,,,5093.5072
8006,0.0002778356138151139,,,,5094.1636
8007,0.00027774859336204827,,,,5094.8138
8008,0.0002777066547423601,,,,5095.4626
8009,0.00027769061853177845,,,,5096.1865
8010,0.0002776734181679785,,,,5096.8542
8011,0.00027762900572270155,,,,5097.4999
8012,0.00027753596077673137,,,,5098.1523
8013,0.00027739687357097864,,,,5098.7983
8014,0.0002772380830720067,,,,5099.4447
8015,0.00027710446738637984,,,,5100.0911
8016,0.0002770197461359203,,,,5100.7439
8017,0.0002769909624475986,,,,5101.4262
8018,0.00027698709163814783,,,,5102.1035
8019,0.0002769734419416636,,,,5102.7672
8020,0.00027691811555996537,,,,5103.4064
8021,0.00027681904612109065,,,,5104.0532
8022,0.00027669663541018963,,,,5104.7023
8023,0.0002765792014542967,,,,5105.3648
8024,0.00027649186085909605,,,,5106.0309
8025,0.00027643537032417953,,,,5106.6775
8026,0.00027640044572763145,,,,5107.3296
8027,0.0002763687225524336,,,,5108.061
8028,0.00027632262208499014,,,,5108.9418
8029,0.00027625757502391934,,,,5109.9289
8030,0.00027617806335911155,,,,5110.9329
8031,0.0002760962233878672,,,,5111.906
8032,0.0002760175848379731,,,,5112.8898
8033,0.0002759463677648455,,,,5114.07
8034,0.00027588283410295844,,,,5115.1043
8035,0.00027582451002672315,,,,5116.1455
8036,0.00027576691354624927,,,,5117.1322
8037,0.00027570666861720383,,,,5117.9294
8038,0.00027564598713070154,,,,5118.7824
8039,0.0002755847235675901,,,,5119.6126
8040,0.0002755229070317,,,,5120.3855
8041,0.0002754604211077094,,,,5121.1578
8042,0.0002753979933913797,,,,5121.9259
8043,0.00027533413958735764,,,,5122.7909
8044,0.0002752690343186259,,,,5123.5604
8045,0.00027520209550857544,,,,5124.3229
8046,0.00027513797977007926,,,,5125.0786
8047,0.00027507293270900846,,,,5125.84
8048,0.0002750109997577965,,,,5126.5985
8049,0.00027494909591041505,,,,5127.3891
8050,0.0002748921397142112,,,,5128.1464
8051,0.0002748318074736744,,,,5128.9076
8052,0.00027477179537527263,,,,5129.6961
8053,0.0002747104153968394,,,,5130.8221
8054,0.0002746495301835239,,,,5132.0825
8055,0.00027458646218292415,,,,5133.0921
8056,0.0002745228703133762,,,,5133.9697
8057,0.00027446006424725056,,,,5134.8541
8058,0.0002743972872849554,,,,5135.7414
8059,0.00027433535433374345,,,,5136.6401
8060,0.00027427246095612645,,,,5137.535
8061,0.00027421151753515005,,,,5138.5211
8062,0.0002741492062341422,,,,5139.4552
8063,0.00027408645837567747,,,,5140.3704
8064,0.0002740246127359569,,,,5141.2643
8065,0.0002739633491728455,,,,5142.1702
8066,0.0002739015908446163,,,,5143.083
8067,0.0002738396287895739,,,,5143.9462
8068,0.00027377819060347974,,,,5144.7874
8069,0.00027371736359782517,,,,5145.5273
8070,0.00027365496498532593,,,,5146.2493
8071,0.00027359454543329775,,,,5146.9658
8072,0.00027353345649316907,,,,5147.6775
8073,0.0002734721056185663,,,,5148.3886
8074,0.00027341037639416754,,,,5149.1109
8075,0.0002733491419348866,,,,5149.8393
8076,0.00027328715077601373,,,,5150.6041
8077,0.0002732263528741896,,,,5151.375
8078,0.0002731642161961645,,,,5152.1173
8079,0.00027310402947477996,,,,5152.8527
8080,0.0002730418636929244,,,,5153.5861
8081,0.0002729825209826231,,,,5154.3397
8082,0.00027292201411910355,,,,5155.0843
8083,0.00027286153635941446,,,,5155.8446
8084,0.0002728019608184695,,,,5156.5836
8085,0.00027274282183498144,,,,5157.3177
8086,0.0002726863604038954,,,,5158.0475
8087,0.00027262914227321744,,,,5158.7805
8088,0.00027257477631792426,,,,5159.5171
8089,0.0002725232916418463,,,,5160.2431
8090,0.00027247631805948913,,,,5160.9774
8091,0.0002724371151998639,,,,5161.7142
8092,0.00027240789495408535,,,,5162.4422
8093,0.000272392644546926,,,,5163.1851
8094,0.0002724005898926407,,,,5163.9202
8095,0.00027244427474215627,,,,5164.6618
8096,0.0002725411904975772,,,,5165.4015
8097,0.00027272457373328507,,,,5166.143
8098,0.00027303959359414876,,,,5166.8919
8099,0.0002735649759415537,,,,5167.7105
8100,0.0002744229859672487,0.025922497734427452,0.08057142049074173,0.0808,5168.5656
8101,0.00027581737958826125,,,,5169.3524
8102,0.0002780680952128023,,,,5170.1255
8103,0.0002817163767758757,,,,5170.8889
8104,0.00028759491397067904,,,,5171.6513
8105,0.0002971336944028735,,,,5172.4209
8106,0.00031238471274264157,,,,5173.2464
8107,0.00033684822847135365,,,,5174.0089
8108,0.0003746263973880559,,,,5174.7806
8109,0.00043206088594160974,,,,5175.5605
8110,0.0005113031947985291,,,,5176.3401
8111,0.0006124598439782858,,,,5177.107
8112,0.000710142485331744,,,,5177.866
8113,0.0007725724135525525,,,,5178.6193
8114,0.0007437944877892733,,,,5179.3789
8115,0.0006270267767831683,,,,5180.1452
8116,0.00046681880485266447,,,,5180.9042
8117,0.0003478738362900913,,,,5181.6619
8118,0.00031599984504282475,,,,5182.4138
8119,0.0003561979974620044,,,,5183.1757
8120,0.0004139347583986819,,,,5183.9345
8121,0.0004377485311124474,,,,5184.697
8122,0.00041524702101014555,,,,5185.4726
8123,0.00036482763243839145,,,,5186.2385
8124,0.0003198139020241797,,,,5186.9886
8125,0.0003035375557374209,,,,5187.7447
8126,0.0003163103247061372,,,,5188.5133
8127,0.00033885095035657287,,,,5189.2796
8128,0.00034793352824635804,,,,5190.071
8129,0.00033391735632903874,,,,5190.9661
8130,0.00030622814665548503,,,,5191.8527
8131,0.00028597161872312427,,,,5192.632
8132,0.0002865435089915991,,,,5193.4036
8133,0.0003018069255631417,,,,5194.1787
8134,0.0003134750295430422,,,,5194.9473
8135,0.00030849961331114173,,,,5195.7274
8136,0.00029086819267831743,,,,5196.5032
8137,0.00027628112002275884,,,,5197.2741
8138,0.00027594497078098357,,,,5198.0831
8139,0.00028640832169912755,,,,5198.9707
8140,0.0002947465400211513,,,,5199.8184
8141,0.0002919743419624865,,,,5200.6286
8142,0.0002808989374898374,,,,5201.4068
8143,0.00027186688384972513,,,,5202.2444
8144,0.0002718650794122368,,,,5203.078
8145,0.0002784747048281133,,,,5203.8628
8146,0.0002836438943631947,,,,5204.6427
8147,0.00028202799148857594,,,,5205.4254
8148,0.0002754796587396413,,,,5206.2152
8149,0.00027015063096769154,,,,5207.0091
8150,0.00027007696917280555,,,,5207.8355
8151,0.0002738552575465292,,,,5208.7239
8152,0.00027689203852787614,,,,5209.5509
8153,0.00027614523423835635,,,,5210.338
8154,0.00027258097543381155,,,,5211.1203
8155,0.000269532494712621,,,,5211.9071
8156,0.000269251991994679,,,,5212.7058
8157,0.0002711113775148988,,,,5213.4961
8158,0.00027276083710603416,,,,5214.2945
8159,0.0002725695085246116,,,,5215.0755
8160,0.0002708745887503028,,,,5215.8816
8161,0.00026925202109850943,,,,5216.6912
8162,0.0002688541426323354,,,,5217.4837
8163,0.0002695318835321814,,,,5218.2719
8164,0.00027028631302528083,,,,5219.0664
8165,0.00027032700018025935,,,,5219.8561
8166,0.0002696746087167412,,,,5220.6492
8167,0.000268922041868791,,,,5221.454
8168,0.0002685771614778787,,,,5222.3272
8169,0.0002686794614419341,,,,5223.2168
8170,0.00026889872970059514,,,,5224.068
8171,0.00026892591267824173,,,,5224.8934
8172,0.00026871493901126087,,,,5225.7343
8173,0.0002684275677893311,,,,5226.588
8174,0.0002682411577552557,,,,5227.4629
8175,0.0002681821642909199,,,,5228.4055
8176,0.0002681646728888154,,,,5229.2776
8177,0.0002680972102098167,,,,5230.0962
8178,0.00026797642931342125,,,,5230.9688
8179,0.000267853494733572,,,,5231.8782
8180,0.000267783529125154,,,,5232.7528
8181,0.00026775241713039577,,,,5233.567
8182,0.00026770890690386295,,,,5234.3932
8183,0.00026761504705064,,,,5235.2392
8184,0.0002674804418347776,,,,5236.0887
8185,0.00026735951541922987,,,,5236.9342
8186,0.00026729199453257024,,,,5237.8145
8187,0.0002672789851203561,,,,5238.663
8188,0.0002672732516657561,,,,5239.498
8189,0.00026722802431322634,,,,5240.3304
8190,0.00026712927501648664,,,,5241.1404
8191,0.0002670058747753501,,,,5241.9543
8192,0.000266900344286114,,,,5242.7843
8193,0.00026684050681069493,,,,5243.5995
8194,0.00026681824238039553,,,,5244.4194
8195,0.0002668023807927966,,,,5245.2324
8196,0.000266761431703344,,,,5246.0501
8197,0.000266685732640326,,,,5246.8745
8198,0.0002665924548637122,,,,5247.7439
8199,0.00026650456129573286,,,,5248.5601
8200,0.00026643776800483465,0.024927187711000443,0.0782410055398941,0.0891,5249.48
8201,0.00026639175484888256,,,,5250.3151
8202,0.00026635403628461063,,,,5251.1367
8203,0.0002663105842657387,,,,5251.9552
8204,0.0002662551705725491,,,,5252.7729
8205,0.00026618866831995547,,,,5253.6311
8206,0.00026611972134560347,,,,5254.4629
8207,0.0002660518221091479,,,,5255.2952
8208,0.0002659937890712172,,,,5256.1235
8209,0.00026594099472276866,,,,5256.9491
8210,0.00026588840410113335,,,,5257.7995
8211,0.0002658337471075356,,,,5258.7481
8212,0.0002657771110534668,,,,5259.5719
8213,0.0002657196600921452,,,,5260.402
8214,0.0002656609285622835,,,,5261.2399
8215,0.0002656031574588269,,,,5262.0724
8216,0.00026554521173238754,,,,5262.9127
8217,0.00026549093308858573,,,,5263.7466
8218,0.0002654338604770601,,,,5264.5818
8219,0.00026537387748248875,,,,5265.4146
8220,0.0002653176197782159,,,,5266.2558
8221,0.00026526066358201206,,,,5267.1021
8222,0.00026520484243519604,,,,5267.9794
8223,0.0002651501854415983,,,,5268.8501
8224,0.00026509485905990005,,,,5269.675
8225,0.0002650394744705409,,,,5270.5175
8226,0.0002649845846462995,,,,5271.3628
8227,0.00026492695906199515,,,,5272.1975
8228,0.0002648684021551162,,,,5273.0641
8229,0.0002648106892593205,,,,5273.9086
8230,0.00026475408230908215,,,,5274.748
8231,0.0002646980865392834,,,,5275.5943
8232,0.00026464229449629784,,,,5276.439
8233,0.00026458766660653055,,,,5277.2783
8234,0.0002645314089022577,,,,5278.1259
8235,0.0002644755004439503,,,,5278.9751
8236,0.00026442011585459113,,,,5279.8184
8237,0.0002643626357894391,,,,5280.6734
8238,0.00026430681464262307,,,,5281.5214
8239,0.0002642507606651634,,,,5282.3617
8240,0.00026419456116855145,,,,5283.2119
8241,0.00026413993327878416,,,,5284.0618
8242,0.0002640823950059712,,,,5284.9129
8243,0.00026402639923617244,,,,5285.7511
8244,0.0002639705780893564,,,,5286.5932
8245,0.000263914029346779,,,,5287.4432
8246,0.00026385844103060663,,,,5288.5068
8247,0.0002638014266267419,,,,5289.401
8248,0.00026374548906460404,,,,5290.2847
8249,0.000263689027633518,,,,5291.1574
8250,0.00026363349752500653,,,,5292.0346
8251,0.00026357820024713874,,,,5292.8844
8252,0.0002635226119309664,,,,5293.7298
8253,0.0002634660340845585,,,,5294.5965
8254,0.0002634094562381506,,,,5295.4477
8255,0.00026335444999858737,,,,5296.3013
8256,0.00026329862885177135,,,,5297.1778
8257,0.00026324301143176854,,,,5298.1564
8258,0.000263186200754717,,,,5299.0316
8259,0.0002631306415423751,,,,5299.9037
8260,0.000263074180111289,,,,5300.7659
8261,0.00026301798061467707,,,,5301.6235
8262,0.0002629619848448783,,,,5302.4868
8263,0.00026290726964361966,,,,5303.3781
8264,0.00026285136118531227,,,,5304.2445
8265,0.00026279359008185565,,,,5305.1118
8266,0.0002627389912959188,,,,5305.9603
8267,0.00026268241344951093,,,,5306.8018
8268,0.0002626276109367609,,,,5307.6492
8269,0.00026257085846737027,,,,5308.4908
8270,0.0002625158231239766,,,,5309.3432
8271,0.00026245994376949966,,,,5310.1871
8272,0.0002624057524371892,,,,5311.0411
8273,0.00026235097902826965,,,,5311.8942
8274,0.0002622963802423328,,,,5312.7558
8275,0.00026224201428703964,,,,5313.6136
8276,0.00026218825951218605,,,,5314.4796
8277,0.00026213572709821165,,,,5315.3528
8278,0.0002620861923787743,,,,5316.2225
8279,0.0002620395680423826,,,,5317.08
8280,0.0002619935548864305,,,,5317.9679
8281,0.00026195665122941136,,,,5318.9173
8282,0.0002619260048959404,,,,5319.7956
8283,0.0002619102015160024,,,,5320.6713
8284,0.0002619156730361283,,,,5321.5386
8285,0.0002619522565510124,,,,5322.405
8286,0.00026204189634881914,,,,5323.2863
8287,0.000262212852248922,,,,5324.1526
8288,0.0002625151246320456,,,,5325.0232
8289,0.00026302997139282525,,,,5325.8943
8290,0.0002638904261402786,,,,5326.7671
8291,0.0002653092669788748,,,,5327.6459
8292,0.00026765652000904083,,,,5328.5163
8293,0.00027151586255058646,,,,5329.5658
8294,0.0002779000496957451,,,,5330.4501
8295,0.0002883645938709378,,,,5331.3395
8296,0.00030559889273718,,,,5332.2252
8297,0.00033329971483908594,,,,5333.1206
8298,0.0003774693759623915,,,,5334.0129
8299,0.0004434410948306322,,,,5334.8872
8300,0.0005371086299419403,0.0753137469291687,0.1160300001502037,0.0893,5335.8421
8301,0.000648018263746053,,,,5336.7072
8302,0.0007544074906036258,,,,5337.5675
8303,0.0007957393536344171,,,,5338.4353
8304,0.0007413186249323189,,,,5339.304
8305,0.0005944466684013605,,,,5340.1805
8306,0.0004383706545922905,,,,5341.0528
8307,0.00034560461062937975,,,,5341.9355
8308,0.00033631364931352437,,,,5342.8103
8309,0.0003756722144316882,,,,5343.6714
8310,0.0004124178667552769,,,,5344.5475
8311,0.0004198480164632201,,,,5345.4132
8312,0.0003974860010202974,,,,5346.2723
8313,0.0003592385910451412,,,,5347.1437
8314,0.0003209780261386186,,,,5348.0399
8315,0.0003010114887729287,,,,5348.9242
8316,0.0003081398317590356,,,,5349.802
8317,0.00033041861024685204,,,,5350.6756
8318,0.00034253852209076285,,,,5351.5506
8319,0.0003269284497946501,,,,5352.4291
8320,0.0002938764519058168,,,,5353.2963
8321,0.00027247812249697745,,,,5354.1701
8322,0.0002790226717479527,,,,5355.0438
8323,0.00030040062847547233,,,,5355.916
8324,0.0003099357127211988,,,,5356.7871
8325,0.0002961092977784574,,,,5357.6731
8326,0.0002730304258875549,,,,5358.5434
8327,0.00026278660516254604,,,,5359.4709
8328,0.0002714245056267828,,,,5360.3736
8329,0.00028526998357847333,,,,5361.271
8330,0.00028786357142962515,,,,5362.1578
8331,0.00027683452935889363,,,,5363.0559
8332,0.00026392348809167743,,,,5363.9842
8333,0.0002608255890663713,,,,5364.8464
8334,0.0002675812866073102,,,,5365.6328
8335,0.0002747081161942333,,,,5366.4218
8336,0.00027422644780017436,,,,5367.2216
8337,0.00026713943225331604,,,,5368.0518
8338,0.0002607824862934649,,,,5368.9319
8339,0.00026042578974738717,,,,5369.7729
8340,0.00026454078033566475,,,,5370.6011
8341,0.0002676321309991181,,,,5371.4184
8342,0.00026639713905751705,,,,5372.1975
8343,0.0002624907356221229,,,,5372.9806
8344,0.0002598267747089267,,,,5373.7618
8345,0.00026024828548543155,,,,5374.5421
8346,0.00026219498249702156,,,,5375.3181
8347,0.00026306172367185354,,,,5376.0933
8348,0.00026201666332781315,,,,5376.8695
8349,0.0002603346365503967,,,,5377.6446
8350,0.0002595630649011582,,,,5378.4155
8351,0.00025990171707235277,,,,5379.1903
8352,0.0002604098408482969,,,,5379.9645
8353,0.0002603081811685115,,,,5380.7409
8354,0.0002597208076622337,,,,5381.5183
8355,0.00025926134549081326,,,,5382.3466
8356,0.0002592229575384408,,,,5383.2336
8357,0.00025933695724233985,,,,5384.0959
8358,0.00025922953500412405,,,,5384.9732
8359,0.00025886864750646055,,,,5385.779
8360,0.0002585523179732263,,,,5386.5715
8361,0.0002585073234513402,,,,5387.3539
8362,0.00025865406496450305,,,,5388.1322
8363,0.0002587142516858876,,,,5388.9115
8364,0.00025852565886452794,,,,5390.0349
8365,0.00025818380527198315,,,,5390.9136
8366,0.0002579267602413893,,,,5391.7733
8367,0.00025789448409341276,,,,5392.5816
8368,0.00025801832089200616,,,,5393.3787
8369,0.0002581081644166261,,,,5394.2022
8370,0.00025802679010666907,,,,5395.0802
8371,0.0002577968407422304,,,,5395.8767
8372,0.0002575596154201776,,,,5396.6694
8373,0.00025744957383722067,,,,5397.4634
8374,0.0002574792015366256,,,,5398.2491
8375,0.00025755190290510654,,,,5399.0355
8376,0.00025755338720045984,,,,5399.8509
8377,0.0002574435784481466,,,,5400.8359
8378,0.00025727806496433914,,,,5401.68
8379,0.00025714602088555694,,,,5402.491
8380,0.0002570941287558526,,,,5403.296
8381,0.0002570955257397145,,,,5404.1059
8382,0.00025709476904012263,,,,5404.9189
8383,0.00025704881409183145,,,,5405.7312
8384,0.0002569629577919841,,,,5406.5408
8385,0.00025687090237624943,,,,5407.3547
8386,0.0002567997726146132,,,,5408.1631
8387,0.00025675317738205194,,,,5408.968
8388,0.0002567138581071049,,,,5409.7944
8389,0.0002566694747656584,,,,5410.6332
8390,0.0002566131006460637,,,,5411.4414
8391,0.00025655337958596647,,,,5412.2495
8392,0.00025649831513874233,,,,5413.0587
8393,0.0002564496826380491,,,,5413.8583
8394,0.00025640014791861176,,,,5414.6471
8395,0.00025634386111050844,,,,5415.4506
8396,0.0002562870504334569,,,,5416.2574
8397,0.00025622869725339115,,,,5417.0545
8398,0.00025617607752792537,,,,5417.8564
8399,0.00025612759054638445,,,,5418.7459
8400,0.0002560839056968689,0.02390384115278721,0.07702157646417618,0.0914,5419.6331
8401,0.00025603672838769853,,,,5420.4356
8402,0.00025598492356948555,,,,5421.2362
8403,0.0002559293352533132,,,,5422.0301
8404,0.00025587232084944844,,,,5422.9025
8405,0.0002558161795604974,,,,5423.7131
8406,0.00025576521875336766,,,,5424.5058
8407,0.0002557173138484359,,,,5425.297
8408,0.00025567144621163607,,,,5426.0986
8409,0.0002556240069679916,,,,5426.8927
8410,0.0002555722603574395,,,,5427.7001
8411,0.00025551902945153415,,,,5428.5846
8412,0.0002554658567532897,,,,5429.3952
8413,0.00025541335344314575,,,,5430.1961
8414,0.00025536405155435205,,,,5430.9964
8415,0.00025531332357786596,,,,5431.7975
8416,0.0002552638470660895,,,,5432.6253
8417,0.0002552126825321466,,,,5433.4425
8418,0.0002551625657361001,,,,5434.2419
8419,0.0002551102952565998,,,,5435.049
8420,0.00025506122619844973,,,,5435.9034
8421,0.00025500968331471086,,,,5436.7617
8422,0.00025495991576462984,,,,5438.2842
8423,0.00025491052656434476,,,,5439.1427
8424,0.0002548594493418932,,,,5440.2726
8425,0.0002548085758462548,,,,5441.2002
8426,0.00025475723668932915,,,,5442.0989
8427,0.0002547061594668776,,,,5443.0391
8428,0.0002546546747907996,,,,5443.9172
8429,0.0002546056639403105,,,,5444.7559
8430,0.0002545557508710772,,,,5445.7716
8431,0.00025450545945204794,,,,5446.8603
8432,0.00025445575010962784,,,,5447.8248
8433,0.00025440414901822805,,,,5448.899
8434,0.00025435403222218156,,,,5449.8718
8435,0.00025430411915294826,,,,5450.8449
8436,0.0002542535657994449,,,,5451.8544
8437,0.00025420234305784106,,,,5452.8459
8438,0.0002541514695622027,,,,5453.8812
8439,0.00025410173111595213,,,,5454.9267
8440,0.0002540505665820092,,,,5455.9933
8441,0.0002540006535127759,,,,5457.0103
8442,0.00025395015836693347,,,,5457.9636
8443,0.00025389998336322606,,,,5458.8688
8444,0.00025385027402080595,,,,5459.7712
8445,0.00025379922590218484,,,,5460.6941
8446,0.00025374864344485104,,,,5461.6535
8447,0.0002536984393373132,,,,5462.5531
8448,0.00025364846806041896,,,,5463.4537
8449,0.00025359829305671155,,,,5464.3861
8450,0.0002535470121074468,,,,5465.3055
8451,0.0002534979721531272,,,,5466.2151
8452,0.00025344613823108375,,,,5467.1326
8453,0.0002533967199269682,,,,5468.0789
8454,0.0002533464867155999,,,,5469.0197
8455,0.00025329715572297573,,,,5469.9523
8456,0.00025324567104689777,,,,5470.8781
8457,0.0002531955542508513,,,,5471.7959
8458,0.0002531454956624657,,,,5472.7253
8459,0.00025309514603577554,,,,5473.6456
8460,0.00025304482551291585,,,,5474.6
8461,0.0002529937482904643,,,,5475.6173
8462,0.0002529438934288919,,,,5476.55
8463,0.00025289319455623627,,,,5477.4955
8464,0.00025284336879849434,,,,5478.448
8465,0.00025279351393692195,,,,5479.3829
8466,0.0002527434262447059,,,,5480.3134
8467,0.0002526942698750645,,,,5481.2648
8468,0.00025264351279474795,,,,5482.2046
8469,0.00025259278481826186,,,,5483.1403
8470,0.0002525437739677727,,,,5484.0744
8471,0.00025249412283301353,,,,5485.0105
8472,0.00025244540302082896,,,,5485.9422
8473,0.0002523966832086444,,,,5486.8594
8474,0.00025234988424926996,,,,5487.7606
8475,0.00025230360915884376,,,,5488.6933
8476,0.00025226036086678505,,,,5489.6136
8477,0.0002522163849789649,,,,5490.5207
8478,0.0002521790156606585,,,,5491.4806
8479,0.00025214863126166165,,,,5492.4061
8480,0.00025212790933437645,,,,5493.3391
8481,0.00025211970205418766,,,,5494.2052
8482,0.00025213760090991855,,,,5495.1474
8483,0.00025219350936822593,,,,5496.0596
8484,0.0002523082948755473,,,,5496.8149
8485,0.00025251746410503983,,,,5497.5585
8486,0.00025288324104622006,,,,5498.2717
8487,0.00025350030045956373,,,,5498.9709
8488,0.00025452717090956867,,,,5499.6756
8489,0.0002562326844781637,,,,5500.3747
8490,0.0002590625372249633,,,,5501.0766
8491,0.00026374292792752385,,,,5501.7779
8492,0.0002715323935262859,,,,5502.4689
8493,0.0002843780384864658,,,,5503.166
8494,0.00030564653570763767,,,,5503.8679
8495,0.0003399582055862993,,,,5504.5823
8496,0.00039473280776292086,,,,5505.2874
8497,0.0004761584277730435,,,,5505.9737
8498,0.0005901374388486147,,,,5506.673
8499,0.0007200302206911147,,,,5507.3744
8500,0.0008332566358149052,0.1319667398929596,0.16752295196056366,0.0403,0.6085
8501,0.0008523599244654179,,,,1.018
8502,0.0007473502191714942,,,,1.3802
8503,0.0005460926331579685,,,,1.7303
8504,0.0003667965647764504,,,,2.0824
8505,0.0002977345429826528,,,,2.4625
8506,0.00034081406192854047,,,,2.8849
8507,0.0004241994465701282,,,,3.3448
8508,0.000465684337541461,,,,3.7745
8509,0.00043658248614519835,,,,4.2338
8510,0.00036251445999369025,,,,4.7306
8511,0.00029955856734886765,,,,5.2728
8512,0.0002868960436899215,,,,5.846
8513,0.00031830635271035135,,,,6.4772
8514,0.00035258891875855625,,,,7.1369
8515,0.0003516229917295277,,,,7.792
8516,0.00031437387224286795,,,,8.6467
8517,0.00027448328910395503,,,,9.4698
8518,0.0002659460878930986,,,,10.2145
8519,0.00028802454471588135,,,,11.0934
8520,0.00030975471599958837,,,,11.9757
8521,0.00030518832500092685,,,,12.7941
8522,0.0002787515113595873,,,,13.5976
8523,0.00025739031843841076,,,,14.369
8524,0.00025932572316378355,,,,15.1697
8525,0.00027625751681625843,,,,15.9839
8526,0.0002860068925656378,,,,16.7695
8527,0.000277307495707646,,,,17.7703
8528,0.0002599191793706268,,,,18.8898
8529,0.00025140613433904946,,,,20.0966
8530,0.0002575809194240719,,,,21.1693
8531,0.0002682273625396192,,,,22.0586
8532,0.0002702066267374903,,,,22.9876
8533,0.0002616023411974311,,,,23.8074
8534,0.0002520193229429424,,,,24.595
8535,0.0002506036835256964,,,,25.4855
8536,0.0002564767492003739,,,,26.3373
8537,0.00026138685643672943,,,,27.156
8538,0.0002596976119093597,,,,28.0409
8539,0.0002537966356612742,,,,28.8092
8540,0.0002499971305951476,,,,29.8725
8541,0.00025114629534073174,,,,30.8861
8542,0.0002544456219766289,,,,31.874
8543,0.00025564461247995496,,,,32.9428
8544,0.0002537035325076431,,,,33.7733
8545,0.0002509937039576471,,,,34.7287
8546,0.0002500024565961212,,,,35.895
8547,0.00025086605455726385,,,,37.1421
8548,0.00025194435147568583,,,,38.259
8549,0.00025195375201292336,,,,39.3953
8550,0.00025104160886257887,,,,40.58
8551,0.00025014299899339676,,,,41.6184
8552,0.0002498467802070081,,,,42.6602
8553,0.000250003271503374,,,,43.757
8554,0.00025015429127961397,,,,44.7416
8555,0.00025005967472679913,,,,45.5426
8556,0.00024980667512863874,,,,46.5616
8557,0.0002495776570867747,,,,47.4654
8558,0.00024942439631558955,,,,48.5298
8559,0.00024929296341724694,,,,49.4032
8560,0.00024915233370848,,,,50.2365
8561,0.0002490462502464652,,,,51.0489
8562,0.0002490211627446115,,,,51.9998
8563,0.0002490401384420693,,,,53.0976
8564,0.00024898911942727864,,,,53.9917
8565,0.00024880922865122557,,,,54.8362
8566,0.00024857508833520114,,,,55.712
8567,0.0002484354190528393,,,,56.6192
8568,0.00024845515144988894,,,,57.5314
8569,0.00024855032097548246,,,,58.387
8570,0.0002485606528352946,,,,59.1896
8571,0.00024841769482009113,,,,60.0842
8572,0.0002482017735019326,,,,60.9249
8573,0.00024805316934362054,,,,61.7974
8574,0.00024804199347272515,,,,62.6316
8575,0.00024810381000861526,,,,63.4704
8576,0.00024812918854877353,,,,64.3156
8577,0.000248053518589586,,,,65.2663
8578,0.00024791251053102314,,,,66.1524
8579,0.00024778678198345006,,,,67.1182
8580,0.00024772813776507974,,,,68.0861
8581,0.0002477240050211549,,,,68.9517
8582,0.00024772732285782695,,,,69.7763
8583,0.0002476947847753763,,,,70.676
8584,0.0002476219378877431,,,,71.5658
8585,0.00024753660545684397,,,,72.4207
8586,0.00024746463168412447,,,,73.3068
8587,0.00024741922970861197,,,,74.158
8588,0.00024738727370277047,,,,74.9732
8589,0.00024735520128160715,,,,75.8123
8590,0.0002473117783665657,,,,76.6717
8591,0.00024725854746066034,,,,77.8638
8592,0.00024720176588743925,,,,79.0312
8593,0.00024714996106922626,,,,80.2631
8594,0.0002471018524374813,,,,81.4967
8595,0.0002470567123964429,,,,82.8561
8596,0.00024701000074855983,,,,84.0832
8597,0.0002469640166964382,,,,85.1127
8598,0.00024691809085197747,,,,85.9812
8599,0.0002468763559591025,,,,86.8981
8600,0.00024683133233338594,0.02288489043712616,0.07607419788837433,0.1073,87.859
8601,0.00024678491172380745,,,,88.8001
8602,0.00024673459120094776,,,,89.7391
8603,0.0002466840378474444,,,,90.7112
8604,0.00024663604563102126,,,,91.6228
8605,0.0002465923025738448,,,,92.4899
8606,0.0002465505967848003,,,,93.4981
8607,0.0002465082798153162,,,,94.4033
8608,0.0002464628196321428,,,,95.323
8609,0.00024641581694595516,,,,96.3026
8610,0.00024636852322146297,,,,97.2043
8611,0.0002463201526552439,,,,98.0636
8612,0.00024627416860312223,,,,98.9018
8613,0.00024623010540381074,,,,99.7596
8614,0.000246186216827482,,,,100.6763
8615,0.0002461427357047796,,,,101.5061
8616,0.000246097071794793,,,,102.269
8617,0.0002460514660924673,,,,103.0554
8618,0.0002460049872752279,,,,103.8195
8619,0.0002459585084579885,,,,104.5781
8620,0.00024591386318206787,,,,105.34
8621,0.00024586933432146907,,,,106.1065
8622,0.0002458241942804307,,,,106.8961
8623,0.00024577739532105625,,,,107.676
8624,0.00024573298287577927,,,,108.5605
8625,0.0002456871443428099,,,,109.3838
8626,0.0002456432848703116,,,,110.2527
8627,0.0002455973590258509,,,,110.9509
8628,0.0002455521607771516,,,,111.6655
8629,0.0002455063513480127,,,,112.3688
8630,0.00024546129861846566,,,,113.0689
8631,0.00024541697348468006,,,,113.7312
8632,0.0002453723573125899,,,,114.3901
8633,0.00024532541283406317,,,,115.0438
8634,0.00024528076755814254,,,,115.6923
8635,0.00024523711181245744,,,,116.356
8636,0.00024519141879864037,,,,116.9869
8637,0.0002451459877192974,,,,117.6195
8638,0.0002451017207931727,,,,118.2516
8639,0.00024505576584488153,,,,118.8732
8640,0.0002450112078804523,,,,119.4934
8641,0.00024496542755514383,,,,120.1097
8642,0.00024492049124091864,,,,120.7329
8643,0.0002448754967190325,,,,121.3564
8644,0.00024483102606609464,,,,121.9766
8645,0.000244785362156108,,,,122.6015
8646,0.0002447396400384605,,,,123.227
8647,0.0002446947037242353,,,,123.8544
8648,0.0002446497674100101,,,,124.4668
8649,0.00024460541317239404,,,,125.0776
8650,0.0002445605059619993,,,,125.6933
8651,0.0002445147547405213,,,,126.321
8652,0.00024446911993436515,,,,126.9558
8653,0.0002444257843308151,,,,127.6021
8654,0.0002443794219288975,,,,128.227
8655,0.00024433471844531596,,,,128.855
8656,0.00024429033510386944,,,,129.4813
8657,0.00024424417642876506,,,,130.1005
8658,0.0002441999677103013,,,,130.7242
8659,0.00024415506049990654,,,,131.3549
8660,0.00024410997866652906,,,,131.972
8661,0.00024406482407357544,,,,132.5981
8662,0.00024401966948062181,,,,133.2132
8663,0.0002439757518004626,,,,133.8206
8664,0.00024392982595600188,,,,134.4329
8665,0.00024388497695326805,,,,135.045
8666,0.0002438401716062799,,,,135.6547
8667,0.0002437937946524471,,,,136.2618
8668,0.00024375016801059246,,,,136.8783
8669,0.00024370546452701092,,,,137.486
8670,0.00024365991703234613,,,,138.0862
8671,0.0002436150680296123,,,,138.6888
8672,0.00024357042275369167,,,,139.3023
8673,0.00024352424952667207,,,,139.9063
8674,0.00024347954604309052,,,,140.5145
8675,0.00024343474069610238,,,,141.1102
8676,0.00024339075025636703,,,,141.7397
8677,0.00024334617774002254,,,,142.3632
8678,0.0002432995825074613,,,,142.9792
8679,0.00024325604317709804,,,,143.5995
8680,0.00024321126693394035,,,,144.2047
8681,0.00024316721828654408,,,,144.8063
8682,0.00024312261666636914,,,,145.4067
8683,0.00024307794228661805,,,,146.0109
8684,0.00024303335521835834,,,,146.6215
8685,0.00024298984499182552,,,,147.2261
8686,0.00024294685863424093,,,,147.8349
8687,0.0002429053420200944,,,,148.4332
8688,0.00024286263214889914,,,,149.031
8689,0.0002428239386063069,,,,149.6285
8690,0.00024278816999867558,,,,150.2196
8691,0.00024275697069242597,,,,150.8331
8692,0.00024273243616335094,,,,151.4597
8693,0.00024272137670777738,,,,152.0822
8694,0.00024272743030451238,,,,152.7013
8695,0.00024276353360619396,,,,153.4015
8696,0.00024284944811370224,,,,154.0232
8697,0.0002430165041005239,,,,154.6518
8698,0.0002433155896142125,,,,155.271
8699,0.0002438340161461383,,,,155.887
8700,0.00024472203222103417,0.022893134504556656,0.0751325711607933,0.0716,156.58
8701,0.0002462230040691793,,,,157.2215
8702,0.00024876726092770696,,,,157.8494
8703,0.0002530618221499026,,,,158.4772
8704,0.0002603520406410098,,,,159.104
8705,0.0002726224483922124,,,,160.1125
8706,0.0002933502837549895,,,,161.1714
8707,0.0003274942864663899,,,,162.2477
8708,0.000383100617909804,,,,163.1258
8709,0.00046744520659558475,,,,163.9506
8710,0.0005875605274923146,,,,164.7443
8711,0.0007264744490385056,,,,165.5445
8712,0.000848987721838057,,,,166.3666
8713,0.0008727032109163702,,,,167.1885
8714,0.0007692487561143935,,,,167.9806
8715,0.0005712940474040806,,,,168.7714
8716,0.0003950206737499684,,,,169.542
8717,0.0003193221928086132,,,,170.3054
8718,0.00034406117629259825,,,,171.0614
8719,0.0004092658346053213,,,,171.9352
8720,0.00044878743938170373,,,,172.808
8721,0.00043577817268669605,,,,173.7088
8722,0.00037759492988698184,,,,174.5952
8723,0.00031063807546161115,,,,175.5904
8724,0.0002804021642077714,,,,176.7744
8725,0.0003030265506822616,,,,177.5532
8726,0.0003453162789810449,,,,178.3092
8727,0.0003546652151271701,,,,179.0696
8728,0.00031436243443749845,,,,179.8443
8729,0.0002639156300574541,,,,180.628
8730,0.0002537101390771568,,,,181.4064
8731,0.000284611334791407,,,,182.1734
8732,0.0003112934064120054,,,,183.0137
8733,0.00029933732002973557,,,,183.8393
8734,0.0002633648691698909,,,,184.623
8735,0.00024383504933211952,,,,185.3782
8736,0.0002562018053140491,,,,186.1409
8737,0.0002776983310468495,,,,186.9549
8738,0.00028004246996715665,,,,187.7262
8739,0.0002618131984490901,,,,188.5177
8740,0.0002447578008286655,,,,189.3916
8741,0.0002451632753945887,,,,190.1445
8742,0.0002571495424490422,,,,190.8946
8743,0.0002637369907461107,,,,191.6596
8744,0.00025747506879270077,,,,192.4419
8745,0.0002464658173266798,,,,193.1896
8746,0.00024241690698545426,,,,193.9307
8747,0.0002470799663569778,,,,194.6665
8748,0.0002524293086025864,,,,195.3976
8749,0.0002515871310606599,,,,196.1379
8750,0.000246160983806476,,,,196.7828
8751,0.00024253320589195937,,,,197.4022
8752,0.0002435042551951483,,,,198.031
8753,0.00024602815392427146,,,,198.6548
8754,0.0002462595875840634,,,,199.2411
8755,0.00024420826230198145,,,,199.8277
8756,0.00024256059259641916,,,,200.4145
8757,0.00024263907107524574,,,,201.0047
8758,0.00024322351964656264,,,,201.6025
8759,0.00024290838337037712,,,,202.2342
8760,0.00024202009080909193,,,,202.8527
8761,0.0002416846400592476,,,,203.4385
8762,0.00024203753855545074,,,,204.0187
8763,0.00024216310703195632,,,,204.6
8764,0.0002415246271993965,,,,205.1789
8765,0.00024069694336503744,,,,205.7668
8766,0.0002405160921625793,,,,206.3508
8767,0.00024098428548313677,,,,206.9391
8768,0.00024134943669196218,,,,207.5285
8769,0.00024105547345243394,,,,208.1243
8770,0.00024033717636484653,,,,208.7207
8771,0.00023986132873687893,,,,209.3101
8772,0.00023995940864551812,,,,209.9035
8773,0.00024035293608903885,,,,210.4869
8774,0.00024052051594480872,,,,211.0761
8775,0.00024023982405196875,,,,211.6581
8776,0.0002397596399532631,,,,212.242
8777,0.00023948252783156931,,,,212.824
8778,0.00023956125369295478,,,,213.4154
8779,0.0002397925272816792,,,,214.0031
8780,0.00023986250744201243,,,,214.5859
8781,0.0002396723721176386,,,,215.1761
8782,0.00023938680533319712,,,,215.7584
8783,0.00023923514527268708,,,,216.3472
8784,0.00023926589346956462,,,,216.9633
8785,0.00023934704950079322,,,,217.569
8786,0.0002393370377831161,,,,218.159
8787,0.00023922287800814956,,,,218.746
8788,0.00023909579613246024,,,,219.3366
8789,0.00023903051624074578,,,,219.9158
8790,0.00023901161330286413,,,,220.4974
8791,0.00023898591462057084,,,,221.0854
8792,0.0002389303408563137,,,,221.6697
8793,0.0002388671418884769,,,,222.2482
8794,0.0002388239372521639,,,,222.828
8795,0.00023879545915406197,,,,223.4067
8796,0.00023875635815784335,,,,223.9923
8797,0.0002386966225458309,,,,224.5756
8798,0.0002386285486863926,,,,225.1574
8799,0.00023857553605921566,,,,225.7364
8800,0.0002385449770372361,0.0220087431371212,0.074925996363163,0.0665,226.3827
8801,0.00023852469166740775,,,,226.9589
8802,0.0002384932740824297,,,,227.5368
8803,0.00023844267707318068,,,,228.1125
8804,0.0002383811806794256,,,,228.6909
8805,0.0002383230021223426,,,,229.2676
8806,0.00023828270786907524,,,,229.8484
8807,0.0002382525708526373,,,,230.4213
8808,0.00023822464572731405,,,,230.9889
8809,0.00023818764020688832,,,,231.5802
8810,0.00023813902225811034,,,,232.1902
8811,0.00023808660625945777,,,,232.7865
8812,0.00023804165539331734,,,,233.3588
8813,0.00023800214694347233,,,,233.941
8814,0.00023796649475116283,,,,234.5131
8815,0.00023793004220351577,,,,235.0833
8816,0.00023788795806467533,,,,235.6733
8817,0.00023784466611687094,,,,236.2513
8818,0.00023780290212016553,,,,236.8468
8819,0.00023776371381245553,,,,237.4747
8820,0.00023772381246089935,,,,238.0491
8821,0.00023768204846419394,,,,238.6226
8822,0.0002376413031015545,,,,239.1925
8823,0.0002375996409682557,,,,239.7604
8824,0.00023755873553454876,,,,240.3337
8825,0.00023751980916131288,,,,240.912
8826,0.00023748184321448207,,,,241.5017
8827,0.00023744205827824771,,,,242.102
8828,0.00023740041069686413,,,,242.675
8829,0.00023735944705549628,,,,243.2514
8830,0.00023731774126645178,,,,243.8287
8831,0.00023727731604594737,,,,244.4014
8832,0.00023723878257442266,,,,244.9719
8833,0.00023719959426671267,,,,245.5367
8834,0.00023715925635769963,,,,246.1158
8835,0.00023711899120826274,,,,246.6956
8836,0.0002370784932281822,,,,247.2911
8837,0.00023703872284386307,,,,247.8739
8838,0.00023699727898929268,,,,248.4428
8839,0.00023695791605859995,,,,249.0136
8840,0.00023691855312790722,,,,249.579
8841,0.00023687708016950637,,,,250.1448
8842,0.00023683818290010095,,,,250.7297
8843,0.00023679723381064832,,,,251.2986
8844,0.00023675835109315813,,,,251.875
8845,0.00023671769304201007,,,,252.4481
8846,0.0002366777480347082,,,,253.0135
8847,0.00023663882166147232,,,,253.5842
8848,0.00023659825092181563,,,,254.1584
8849,0.0002365581749472767,,,,254.725
8850,0.00023651716765016317,,,,255.2827
8851,0.00023647806665394455,,,,255.8943
8852,0.00023643804888706654,,,,256.502
8853,0.0002363972889725119,,,,257.0743
8854,0.000236357853282243,,,,257.6507
8855,0.00023631821386516094,,,,258.2188
8856,0.0002362776722293347,,,,258.7885
8857,0.0002362379600526765,,,,259.3573
8858,0.00023619826242793351,,,,259.9265
8859,0.00023615837562829256,,,,260.4952
8860,0.00023611851793248206,,,,261.0661
8861,0.00023607940238434821,,,,261.6366
8862,0.00023603888985235244,,,,262.2365
8863,0.00023599856649525464,,,,262.8198
8864,0.00023595885431859642,,,,263.3851
8865,0.00023591844365000725,,,,263.9498
8866,0.00023587848409079015,,,,264.5105
8867,0.00023583935399074107,,,,265.0707
8868,0.00023580004926770926,,,,265.6374
8869,0.0002357587218284607,,,,266.2058
8870,0.00023571988276671618,,,,266.7704
8871,0.00023568027245346457,,,,267.3338
8872,0.0002356384793529287,,,,267.8977
8873,0.0002355992328375578,,,,268.4681
8874,0.00023555982625111938,,,,269.0365
8875,0.00023552082711830735,,,,269.5931
8876,0.00023547951423097402,,,,270.1527
8877,0.00023544103896711022,,,,270.7172
8878,0.00023540048277936876,,,,271.2728
8879,0.00023536017397418618,,,,271.8332
8880,0.00023532028717454523,,,,272.4
8881,0.0002352801529923454,,,,272.9635
8882,0.00023524097923655063,,,,273.5219
8883,0.00023520128161180764,,,,274.0843
8884,0.00023516235523857176,,,,274.6457
8885,0.00023512193001806736,,,,275.2098
8886,0.00023508150479756296,,,,275.7762
8887,0.00023504268028773367,,,,276.3358
8888,0.00023500215320382267,,,,276.9353
8889,0.00023496159701608121,,,,277.5122
8890,0.0002349238347960636,,,,278.0811
8891,0.00023488364240620285,,,,278.6399
8892,0.0002348429406993091,,,,279.2093
8893,0.000234803999774158,,,,279.7757
8894,0.0002347643458051607,,,,280.4323
8895,0.00023472486645914614,,,,281.077
8896,0.00023468413564842194,,,,281.7972
8897,0.00023464449623133987,,,,282.4101
8898,0.000234606399317272,,,,283.0081
8899,0.00023456563940271735,,,,283.6332
8900,0.00023452809546142817,0.021563181653618813,0.07453487813472748,0.0695,284.3205
8901,0.00023448909632861614,,,,284.9452
8902,0.00023445117403753102,,,,285.7304
8903,0.00023441523080691695,,,,286.509
8904,0.00023437963682226837,,,,287.1319
8905,0.00023434468312188983,,,,287.7341
8906,0.00023431485169567168,,,,288.2913
8907,0.00023428779968526214,,,,288.8557
8908,0.00023426840198226273,,,,289.4194
8909,0.0002342607913305983,,,,289.9854
8910,0.00023427032283507288,,,,290.5577
8911,0.00023430805595126003,,,,291.1331
8912,0.000234392995480448,,,,291.7395
8913,0.00023455001064576209,,,,292.3239
8914,0.0002348289272049442,,,,292.9049
8915,0.00023530250473413616,,,,293.4796
8916,0.00023610336938872933,,,,294.0395
8917,0.00023744365898892283,,,,294.6251
8918,0.00023968446475919336,,,,295.198
8919,0.00024344472330994904,,,,295.7597
8920,0.00024972716346383095,,,,296.3165
8921,0.00026028844877146184,,,,296.8869
8922,0.0002778313646558672,,,,297.4515
8923,0.00030698106274940073,,,,298.0131
8924,0.0003537404991220683,,,,298.5718
8925,0.00042709519038908184,,,,299.1314
8926,0.000531374360434711,,,,299.6944
8927,0.0006657438352704048,,,,300.2458
8928,0.0007930669817142189,,,,300.8058
8929,0.0008621284505352378,,,,301.4456
8930,0.0007997116190381348,,,,302.0086
8931,0.0006262376555241644,,,,302.5725
8932,0.00042603237670846283,,,,303.1366
8933,0.00030668420367874205,,,,303.6987
8934,0.0003025595215149224,,,,304.2566
8935,0.00037035864079371095,,,,304.8193
8936,0.00043614915921352804,,,,305.3784
8937,0.00044502492528408766,,,,305.9361
8938,0.000392379064578563,,,,306.4892
8939,0.00031320337438955903,,,,307.0862
8940,0.0002639762533362955,,,,307.6574
8941,0.00027671855059452355,,,,308.2232
8942,0.00032588548492640257,,,,308.7837
8943,0.0003528243687469512,,,,309.3434
8944,0.0003234906180296093,,,,309.9127
8945,0.00026586270541884005,,,,310.4766
8946,0.00023815862368792295,,,,311.0378
8947,0.00026071135653182864,,,,311.5981
8948,0.0002967046166304499,,,,312.1628
8949,0.0003002304001711309,,,,312.7264
8950,0.00026842407532967627,,,,313.2846
8951,0.00023823080118745565,,,,313.8454
8952,0.00023853953462094069,,,,314.409
8953,0.00025975535390898585,,,,314.9846
8954,0.0002722260542213917,,,,315.5548
8955,0.0002622642205096781,,,,316.1419
8956,0.00024316852795891464,,,,316.7252
8957,0.00023502291878685355,,,,317.3109
8958,0.0002419123484287411,,,,317.8732
8959,0.00025148288113996387,,,,318.4357
8960,0.00025181553792208433,,,,319.001
8961,0.00024372298503294587,,,,319.5664
8962,0.00023665526532568038,,,,320.131
8963,0.00023649490321986377,,,,320.7052
8964,0.00024030922213569283,,,,321.2582
8965,0.00024206248053815216,,,,321.8349
8966,0.0002400349621893838,,,,322.4155
8967,0.00023718629381619394,,,,323.0023
8968,0.00023613737721461803,,,,323.5684
8969,0.00023634360695723444,,,,324.1321
8970,0.0002361609658692032,,,,324.719
8971,0.00023553708160761744,,,,325.2816
8972,0.00023545074509456754,,,,325.901
8973,0.00023582956055179238,,,,326.4569
8974,0.00023551206686533988,,,,327.0091
8975,0.00023414625320583582,,,,327.5614
8976,0.0002329418930457905,,,,328.1215
8977,0.0002331052819499746,,,,328.6774
8978,0.00023420172510668635,,,,329.235
8979,0.00023470267478842288,,,,329.7909
8980,0.00023385621898341924,,,,330.3487
8981,0.0002324850793229416,,,,330.9217
8982,0.00023189040075521916,,,,331.4828
8983,0.00023240044538397342,,,,332.0409
8984,0.0002331854193471372,,,,332.5948
8985,0.00023330924159381539,,,,333.1458
8986,0.00023265689378604293,,,,333.7474
8987,0.00023187808983493596,,,,334.3453
8988,0.00023160762793850154,,,,334.9189
8989,0.00023188936756923795,,,,335.4734
8990,0.00023226163466461003,,,,336.0371
8991,0.00023228990903589875,,,,336.6164
8992,0.00023195910034701228,,,,337.231
8993,0.00023158371914178133,,,,337.8159
8994,0.00023143779253587127,,,,338.372
8995,0.0002315154706593603,,,,339.0217
8996,0.00023160928685683757,,,,339.5748
8997,0.00023157808755058795,,,,340.132
8998,0.00023145313025452197,,,,340.6966
8999,0.00023134134244173765,,,,341.2621
9000,0.00023128183966036886,0.02126295678317547,0.07400868833065033,0.0711,341.9309
9001,0.00023123572464101017,,,,342.5597
9002,0.0002311660209670663,,,,343.2047
9003,0.00023109804897103459,,,,343.8519
9004,0.00023107341257855296,,,,344.4354
9005,0.00023108026653062552,,,,345.0078
9006,0.00023106293519958854,,,,345.6032
9007,0.00023098655219655484,,,,346.2133
9008,0.00023087886802386492,,,,346.8253
9009,0.00023079814855009317,,,,347.4327
9010,0.00023077634978108108,,,,348.0816
9011,0.0002307873364770785,,,,348.8839
9012,0.00023078391677699983,,,,349.6357
9013,0.00023073662305250764,,,,350.2586
9014,0.000230659861699678,,,,350.8715
9015,0.00023058662191033363,,,,351.4653
9016,0.00023054041957948357,,,,352.0971
9017,0.00023052090546116233,,,,352.7006
9018,0.00023050619347486645,,,,353.2803
9019,0.000230478573939763,,,,353.8514
9020,0.0002304341469425708,,,,354.4179
9021,0.0002303825312992558,,,,354.9869
9022,0.00023033615434542298,,,,355.5526
9023,0.0002302985667483881,,,,356.1232
9024,0.0002302655775565654,,,,356.6934
9025,0.00023023149697110057,,,,357.2535
9026,0.00023019472428131849,,,,357.8166
9027,0.0002301579952472821,,,,358.3867
9028,0.00023012273595668375,,,,358.9473
9029,0.00023008942662272602,,,,359.5037
9030,0.00023005336697679013,,,,360.1097
9031,0.000230012767133303,,,,360.6697
9032,0.00022997234191279858,,,,361.2338
9033,0.00022993357561063021,,,,361.8024
9034,0.000229899407713674,,,,362.3623
9035,0.00022986815019976348,,,,362.9272
9036,0.0002298354374943301,,,,363.4862
9037,0.0002298002946190536,,,,364.05
9038,0.0002297613100381568,,,,364.6092
9039,0.00022972231090534478,,,,365.2406
9040,0.0002296844031661749,,,,365.8114
9041,0.0002296487073181197,,,,366.3731
9042,0.0002296150487381965,,,,366.9732
9043,0.00022958080808166414,,,,367.5491
9044,0.00022954566520638764,,,,368.1268
9045,0.0002295106532983482,,,,368.693
9046,0.0002294740261277184,,,,369.2523
9047,0.00022943844669498503,,,,369.815
9048,0.000229402314289473,,,,370.3879
9049,0.0002293677389388904,,,,370.9525
9050,0.00022933115542400628,,,,371.5206
9051,0.00022929564875084907,,,,372.0721
9052,0.0002292581193614751,,,,372.6344
9053,0.00022922575590200722,,,,373.1991
9054,0.00022919023467693478,,,,373.7651
9055,0.00022915398585610092,,,,374.3271
9056,0.00022911916312295943,,,,374.8959
9057,0.00022908326354809105,,,,375.4912
9058,0.00022904873185325414,,,,376.0497
9059,0.00022901201737113297,,,,376.6062
9060,0.00022897639428265393,,,,377.1699
9061,0.00022894007270224392,,,,377.7299
9062,0.00022890600666869432,,,,378.298
9063,0.00022887058730702847,,,,378.8656
9064,0.00022883524070493877,,,,379.4276
9065,0.00022879935568198562,,,,379.9896
9066,0.00022876402363181114,,,,380.5546
9067,0.00022872874978929758,,,,381.1208
9068,0.0002286943345097825,,,,381.6846
9069,0.0002286584349349141,,,,382.2851
9070,0.00022862294281367213,,,,382.8495
9071,0.00022858781449031085,,,,383.4147
9072,0.00022855248244013637,,,,383.9786
9073,0.00022851701942272484,,,,384.5397
9074,0.00022848181833978742,,,,385.0989
9075,0.00022844535124022514,,,,385.6683
9076,0.00022841073223389685,,,,386.2769
9077,0.00022837621509097517,,,,386.8653
9078,0.00022834019910078496,,,,387.4287
9079,0.0002283048816025257,,,,387.9934
9080,0.00022827039356343448,,,,388.5582
9081,0.00022823314066044986,,,,389.1182
9082,0.00022819892910774797,,,,389.6815
9083,0.00022816362616140395,,,,390.242
9084,0.0002281284105265513,,,,390.811
9085,0.00022809284564573318,,,,391.3784
9086,0.00022805760090705007,,,,391.9417
9087,0.00022802369494456798,,,,392.5077
9088,0.0002279872278450057,,,,393.0745
9089,0.00022795185213908553,,,,393.6429
9090,0.00022791670926380903,,,,394.2177
9091,0.00022788056230638176,,,,394.7822
9092,0.00022784700558986515,,,,395.3492
9093,0.00022781093139201403,,,,395.9174
9094,0.00022777551203034818,,,,396.5349
9095,0.0002277394523844123,,,,397.1861
9096,0.00022770567738916725,,,,397.7693
9097,0.00022766951587982476,,,,398.3349
9098,0.00022763478045817465,,,,398.9053
9099,0.00022759840067010373,,,,399.4672
9100,0.00022756404359824955,0.020771389827132225,0.0736306756734848,0.0658,400.1015
9101,0.00022752914810553193,,,,400.7259
9102,0.00022749323397874832,,,,401.2935
9103,0.0002274593716720119,,,,401.8673
9104,0.00022742425790056586,,,,402.4388
9105,0.00022738768893759698,,,,403.0452
9106,0.00022735226957593113,,,,403.6339
9107,0.00022731759236194193,,,,404.2369
9108,0.00022728316253051162,,,,404.8124
9109,0.00022724807786289603,,,,405.3905
9110,0.00022721233835909516,,,,405.9614
9111,0.00022717750107403845,,,,406.5302
9112,0.0002271426928928122,,,,407.1072
9113,0.00022710701159667224,,,,407.6767
9114,0.00022707345488015562,,,,408.2417
9115,0.00022703949071001261,,,,408.81
9116,0.0002270053228130564,,,,409.3827
9117,0.00022697057283949107,,,,409.96
9118,0.00022693819482810795,,,,410.5301
9119,0.00022690717014484107,,,,411.0949
9120,0.00022687616001348943,,,,411.6702
9121,0.00022684894793201238,,,,412.2754
9122,0.0002268253592774272,,,,412.8666
9123,0.00022680824622511864,,,,413.4304
9124,0.00022680280380882323,,,,413.9996
9125,0.0002268127864226699,,,,414.5649
9126,0.00022684864234179258,,,,415.1474
9127,0.00022692966740578413,,,,415.7222
9128,0.0002270800032420084,,,,416.3222
9129,0.0002273468126077205,,,,416.8957
9130,0.0002278079919051379,,,,417.4599
9131,0.00022859140881337225,,,,418.0268
9132,0.00022991657897364348,,,,418.5851
9133,0.00023215723922476172,,,,419.154
9134,0.00023593958758283406,,,,419.7314
9135,0.0002423604018986225,,,,420.3038
9136,0.0002531931968405843,,,,420.9439
9137,0.00027154662529937923,,,,421.5082
9138,0.00030202805646695197,,,,422.0829
9139,0.00035227034823037684,,,,422.6562
9140,0.00043042076868005097,,,,423.2288
9141,0.0005461105611175299,,,,423.8064
9142,0.0006908769137226045,,,,424.3694
9143,0.0008383767562918365,,,,424.9784
9144,0.0009066861821338534,,,,425.5617
9145,0.0008412397583015263,,,,426.1357
9146,0.0006377220270223916,,,,426.7144
9147,0.0004148088046349585,,,,427.3333
9148,0.00029072267352603376,,,,427.9808
9149,0.000303238513879478,,,,428.5749
9150,0.00039395823841914535,,,,429.1553
9151,0.00046597348409704864,,,,429.7273
9152,0.00045912741916254163,,,,430.3104
9153,0.00037653755862265825,,,,430.8939
9154,0.0002832143218256533,,,,431.4716
9155,0.00025226862635463476,,,,432.0486
9156,0.00029662801534868777,,,,432.629
9157,0.00035502156242728233,,,,433.2097
9158,0.00035556626971811056,,,,433.7804
9159,0.00029379004263319075,,,,434.3605
9160,0.0002362002560403198,,,,434.9382
9161,0.00023984932340681553,,,,435.505
9162,0.00028521742206066847,,,,436.0736
9163,0.00030837932717986405,,,,436.6445
9164,0.00028137938352301717,,,,437.2187
9165,0.00023911682364996523,,,,437.7939
9166,0.0002282484929310158,,,,438.3617
9167,0.0002504619478713721,,,,438.935
9168,0.00027025514282286167,,,,439.5023
9169,0.0002633669355418533,,,,440.0778
9170,0.00024110038066282868,,,,440.6507
9171,0.00022911261476110667,,,,441.2346
9172,0.00023541499103885144,,,,441.8341
9173,0.0002463971613906324,,,,442.4465
9174,0.00024746888084337115,,,,443.0451
9175,0.00023894150217529386,,,,443.6214
9176,0.00023130062618292868,,,,444.1994
9177,0.00023082035477273166,,,,444.7733
9178,0.0002342718216823414,,,,445.3457
9179,0.00023575563682243228,,,,445.9273
9180,0.00023400217469315976,,,,446.493
9181,0.00023164990125223994,,,,447.069
9182,0.000230356163228862,,,,447.6359
9183,0.00022953840380068868,,,,448.213
9184,0.00022884008649270982,,,,448.7933
9185,0.00022902140335645527,,,,449.3756
9186,0.00023000039800535887,,,,449.953
9187,0.0002300745400134474,,,,450.5285
9188,0.000228255579713732,,,,451.1069
9189,0.0002260894834762439,,,,451.6815
9190,0.0002258490858366713,,,,452.2554
9191,0.00022748437186237425,,,,452.8388
9192,0.00022864982020109892,,,,453.4352
9193,0.00022772650117985904,,,,454.0154
9194,0.00022571675071958452,,,,454.6048
9195,0.00022475214791484177,,,,455.2003
9196,0.00022549278219230473,,,,455.8164
9197,0.00022665162396151572,,,,456.4515
9198,0.00022677342349197716,,,,457.6842
9199,0.00022581146913580596,,,,458.4966
9200,0.0002248334785690531,0.020450372248888016,0.07317990064620972,0.1158,459.4459
9201,0.00022466784866992384,,,,460.5117
9202,0.00022514154261443764,,,,461.5785
9203,0.0002255326253362,,,,462.6177
9204,0.00022541159705724567,,,,463.6173
9205,0.00022495747543871403,,,,465.0843
9206,0.00022460086620412767,,,,466.2742
9207,0.00022454677673522383,,,,467.3422
9208,0.00022465668735094368,,,,468.9467
9209,0.0002247072698082775,,,,470.7379
9210,0.0002246352523798123,,,,473.1458
9211,0.00022452189296018332,,,,476.8394
9212,0.00022443197667598724,,,,478.3376
9213,0.00022434702259488404,,,,480.2702
9214,0.00022424569760914892,,,,482.1378
9215,0.00022417436412069947,,,,483.7293
9216,0.00022418338630814105,,,,485.0119
9217,0.00022422877373173833,,,,486.2278
9218,0.00022421128232963383,,,,487.5484
9219,0.00022409237863030285,,,,488.7328
9220,0.00022394396364688873,,,,489.7977
9221,0.00022387212084140629,,,,491.0013
9222,0.00022390014783013612,,,,491.9265
9223,0.00022394745610654354,,,,492.8285
9224,0.000223929833737202,,,,493.9025
9225,0.00022384135809261352,,,,494.8193
9226,0.00022373920364771038,,,,495.716
9227,0.00022368220379576087,,,,496.6372
9228,0.0002236705768154934,,,,497.5463
9229,0.0002236747241113335,,,,498.4627
9230,0.000223655384615995,,,,499.3744
9231,0.00022361047740560025,,,,500.3001
9232,0.00022355635883286595,,,,501.2724
9233,0.0002235102583654225,,,,502.2969
9234,0.00022347577032633126,,,,503.2211
9235,0.00022344710305333138,,,,504.1558
9236,0.00022341712610796094,,,,505.0603
9237,0.00022338615963235497,,,,505.8216
9238,0.0002233553968835622,,,,506.5899
9239,0.00022332627850119025,,,,507.3491
9240,0.00022329171770252287,,,,508.1335
9241,0.0002232529950561002,,,,508.9556
9242,0.00022321364667732269,,,,509.7073
9243,0.00022317824186757207,,,,510.4733
9244,0.00022315124806482345,,,,511.2282
9245,0.00022312704822979867,,,,511.9855
9246,0.000223099923459813,,,,512.738
9247,0.00022306680330075324,,,,513.488
9248,0.0002230269747087732,,,,514.2439
9249,0.00022299052216112614,,,,514.9676
9250,0.00022295919188763946,,,,515.6787
9251,0.0002229297679150477,,,,516.4459
9252,0.0002229012898169458,,,,517.2639
9253,0.00022287065803539008,,,,518.0564
9254,0.00022283884754870087,,,,518.8159
9255,0.00022280575649347156,,,,519.576
9256,0.00022277329117059708,,,,520.3757
9257,0.00022274295042734593,,,,521.4326
9258,0.00022271086345426738,,,,522.4112
9259,0.00022267903841566294,,,,523.2692
9260,0.0002226477809017524,,,,524.1454
9261,0.00022261722187977284,,,,525.0641
9262,0.00022258730314206332,,,,526.1585
9263,0.00022255624935496598,,,,526.9976
9264,0.00022252483176998794,,,,527.7813
9265,0.00022249355970416218,,,,528.6095
9266,0.0002224607451353222,,,,529.3893
9267,0.00022242919658310711,,,,530.1636
9268,0.0002223980554845184,,,,530.9361
9269,0.0002223656774731353,,,,531.7565
9270,0.00022233606432564557,,,,532.6205
9271,0.0002223058691015467,,,,533.4285
9272,0.00022227468434721231,,,,534.2942
9273,0.00022224326676223427,,,,535.199
9274,0.0002222121984232217,,,,536.0566
9275,0.00022218025696929544,,,,536.8428
9276,0.0002221492031821981,,,,537.6115
9277,0.00022211823670659214,,,,538.399
9278,0.00022208767768461257,,,,539.1853
9279,0.00022205591085366905,,,,539.9507
9280,0.00022202545369509608,,,,540.7198
9281,0.0002219944872194901,,,,541.5028
9282,0.00022196474310476333,,,,542.291
9283,0.00022193408221937716,,,,543.1063
9284,0.00022190145682543516,,,,544.0368
9285,0.0002218703884864226,,,,544.8411
9286,0.00022184010595083237,,,,545.6126
9287,0.00022180793166626245,,,,546.4327
9288,0.00022177679056767374,,,,547.2832
9289,0.0002217466535512358,,,,548.0867
9290,0.00022171647287905216,,,,548.8684
9291,0.0002216836146544665,,,,549.6378
9292,0.0002216532448073849,,,,550.4194
9293,0.00022162264212965965,,,,551.1988
9294,0.00022159187938086689,,,,552.0453
9295,0.00022156035993248224,,,,552.8736
9296,0.00022152901510708034,,,,553.6399
9297,0.0002214973937952891,,,,554.406
9298,0.00022146878472995013,,,,555.1844
9299,0.0002214378910139203,,,,555.9679
9300,0.0002214052074123174,0.02005796507000923,0.07282919436693192,0.0918,556.8236
9301,0.00022137518681120127,,,,557.5834
9302,0.00022134458413347602,,,,558.3556
9303,0.00022131242440082133,,,,559.1181
9304,0.00022128247655928135,,,,559.8868
9305,0.00022125113173387945,,,,560.6536
9306,0.00022122087830211967,,,,561.4262
9307,0.00022118880588095635,,,,562.2605
9308,0.00022115765023045242,,,,563.0561
9309,0.00022112770238891244,,,,563.8275
9310,0.00022109584824647754,,,,564.6
9311,0.000221065609366633,,,,565.3643
9312,0.00022103598166722804,,,,566.1281
9313,0.00022100377827882767,,,,566.8966
9314,0.00022097276814747602,,,,567.6585
9315,0.00022094245650805533,,,,568.4348
9316,0.00022091092250775546,,,,569.1894
9317,0.00022087998513597995,,,,569.9583
9318,0.00022084971715230495,,,,570.7255
9319,0.00022081831411924213,,,,571.4893
9320,0.00022078795882407576,,,,572.2335
9321,0.00022075654123909771,,,,572.992
9322,0.0002207263169111684,,,,573.7652
9323,0.0002206953795393929,,,,574.5179
9324,0.00022066412202548236,,,,575.2925
9325,0.00022063445067033172,,,,576.0536
9326,0.0002206027420470491,,,,576.8521
9327,0.00022057260503061116,,,,577.6644
9328,0.00022054150758776814,,,,578.4254
9329,0.00022051000269129872,,,,579.1968
9330,0.00022047976381145418,,,,579.958
9331,0.00022044958313927054,,,,580.7152
9332,0.00022041886404622346,,,,581.4714
9333,0.0002203876938438043,,,,582.2402
9334,0.00022035720758140087,,,,582.99
9335,0.00022032580454833806,,,,583.7511
9336,0.00022029579849913716,,,,584.5111
9337,0.00022026494843885303,,,,585.4292
9338,0.00022023511701263487,,,,586.3139
9339,0.00022020442702341825,,,,587.0566
9340,0.0002201753668487072,,,,587.8116
9341,0.0002201457100454718,,,,588.5595
9342,0.00022011733381077647,,,,589.3098
9343,0.00022008802625350654,,,,590.0483
9344,0.00022006295330356807,,,,590.7921
9345,0.00022003707999829203,,,,591.5628
9346,0.00022001631441526115,,,,592.3716
9347,0.00022000024910084903,,,,593.1391
9348,0.00021999193995725363,,,,593.8867
9349,0.00021999713499099016,,,,594.631
9350,0.00022002133482601494,,,,595.3868
9351,0.00022007955703884363,,,,596.1265
9352,0.00022018785239197314,,,,596.8643
9353,0.0002203805051976815,,,,597.614
9354,0.0002207131910836324,,,,598.3601
9355,0.0002212740946561098,,,,599.0911
9356,0.00022221051040105522,,,,599.8383
9357,0.00022378028370440006,,,,600.5748
9358,0.00022639910457655787,,,,601.3421
9359,0.00023079999664332718,,,,602.1045
9360,0.00023816508473828435,,,,602.8356
9361,0.0002505569136701524,,,,603.5815
9362,0.00027113722171634436,,,,604.3114
9363,0.0003052745887544006,,,,605.0472
9364,0.00035974851925857365,,,,605.7865
9365,0.00044430463458411396,,,,606.529
9366,0.0005619763978756964,,,,607.3268
9367,0.0007078209309838712,,,,608.0776
9368,0.0008341820794157684,,,,608.821
9369,0.0008818515343591571,,,,609.5618
9370,0.0007816742872819304,,,,610.2905
9371,0.0005751455319114029,,,,611.0436
9372,0.00036833278136327863,,,,611.8048
9373,0.0002701172197703272,,,,612.5385
9374,0.0003000134020112455,,,,613.2738
9375,0.00039280852070078254,,,,614.0134
9376,0.00045868419692851603,,,,614.7466
9377,0.0004407919477671385,,,,615.487
9378,0.00035314311389811337,,,,616.3393
9379,0.00026329851243644953,,,,617.0988
9380,0.0002412940957583487,,,,617.8279
9381,0.0002915574295911938,,,,618.5598
9382,0.00034780631540343165,,,,619.2875
9383,0.00034336248063482344,,,,620.0148
9384,0.0002800756483338773,,,,620.7413
9385,0.00022581187658943236,,,,621.4894
9386,0.00023203078308142722,,,,622.2856
9387,0.0002761516661848873,,,,623.0253
9388,0.0002978560223709792,,,,623.7649
9389,0.00027253536973148584,,,,624.4968
9390,0.00023315759608522058,,,,625.22
9391,0.0002217508590547368,,,,625.9579
9392,0.00024039804702624679,,,,626.6805
9393,0.0002586871851235628,,,,627.3926
9394,0.0002549233613535762,,,,628.1071
9395,0.00023682971368543804,,,,628.8203
9396,0.00022485130466520786,,,,629.5356
9397,0.00022711948258802295,,,,630.2516
9398,0.00023509969469159842,,,,630.9635
9399,0.00023782957578077912,,,,631.6842
9400,0.00023353577125817537,0.02244204841554165,0.07357780635356903,0.0808,632.4877
9401,0.00022770723444409668,,,,633.2162
9402,0.00022485898807644844,,,,633.9332
9403,0.00022491758863907307,,,,634.6521
9404,0.00022593120229430497,,,,635.3599
9405,0.0002267983218189329,,,,636.0695
9406,0.0002268769167130813,,,,636.7794
9407,0.0002253332786494866,,,,637.5497
9408,0.00022240960970520973,,,,638.3008
9409,0.00022033072309568524,,,,639.025
9410,0.00022107054246589541,,,,639.735
9411,0.00022351965890266,,,,640.4482
9412,0.00022440536122303456,,,,641.1619
9413,0.00022225460270419717,,,,641.8847
9414,0.00021924883185420185,,,,642.6033
9415,0.0002184623444918543,,,,643.3059
9416,0.00022017458104528487,,,,644.0163
9417,0.00022188067669048905,,,,644.7549
9418,0.00022152293240651488,,,,645.5697
9419,0.00021966613712720573,,,,646.3405
9420,0.0002183259348385036,,,,647.0637
9421,0.00021851186465937644,,,,647.8062
9422,0.00021946110064163804,,,,648.5208
9423,0.00021991545509081334,,,,649.2376
9424,0.00021949884830974042,,,,649.9782
9425,0.00021875982929486781,,,,650.7008
9426,0.00021833626669831574,,,,651.4314
9427,0.0002183528704335913,,,,652.146
9428,0.00021853555517736822,,,,652.8658
9429,0.00021861806453671306,,,,653.5836
9430,0.000218548157135956,,,,654.3078
9431,0.00021839773398824036,,,,655.0289
9432,0.00021822094277013093,,,,655.7463
9433,0.0002180454903282225,,,,656.4668
9434,0.00021792684856336564,,,,657.1891
9435,0.000217928463825956,,,,657.9007
9436,0.0002180233277613297,,,,658.661
9437,0.00021808403835166246,,,,659.408
9438,0.0002179915172746405,,,,660.1198
9439,0.0002177735004806891,,,,660.8358
9440,0.00021759260562248528,,,,661.5573
9441,0.0002175753761548549,,,,662.2726
9442,0.00021767969883512706,,,,662.991
9443,0.00021775196364615113,,,,663.7086
9444,0.00021769302838947624,,,,664.4174
9445,0.00021754385670647025,,,,665.1285
9446,0.0002174230758100748,,,,665.8331
9447,0.00021738975192420185,,,,666.5475
9448,0.00021741565433330834,,,,667.2777
9449,0.0002174307155655697,,,,667.9924
9450,0.00021740175725426525,,,,668.7115
9451,0.00021734442270826548,,,,669.4947
9452,0.00021728736464865506,,,,670.2072
9453,0.00021724493126384914,,,,670.9314
9454,0.00021721194207202643,,,,671.6553
9455,0.00021718120842706412,,,,672.3745
9456,0.00021715772163588554,,,,673.0964
9457,0.00021713768364861608,,,,673.8169
9458,0.00021711720910388976,,,,674.5288
9459,0.00021708763961214572,,,,675.2354
9460,0.00021704687969759107,,,,675.9495
9461,0.00021700184151995927,,,,676.7334
9462,0.0002169638901250437,,,,677.8488
9463,0.00021693897724617273,,,,678.8645
9464,0.00021692550217267126,,,,679.6352
9465,0.00021690803987439722,,,,680.3811
9466,0.00021687964908778667,,,,681.1214
9467,0.00021684099920094013,,,,681.8583
9468,0.00021680253848899156,,,,682.5916
9469,0.0002167708589695394,,,,683.3148
9470,0.0002167468046536669,,,,684.0367
9471,0.00021672423463314772,,,,684.7532
9472,0.00021669937996193767,,,,685.4816
9473,0.0002166706253774464,,,,686.2129
9474,0.00021664182713720948,,,,686.9311
9475,0.00021661364007741213,,,,687.6352
9476,0.00021658385230693966,,,,688.3438
9477,0.00021655490854755044,,,,689.0591
9478,0.00021652736177202314,,,,689.7706
9479,0.00021649841801263392,,,,690.4763
9480,0.0002164714824175462,,,,691.1924
9481,0.00021644568187184632,,,,691.9159
9482,0.00021642068168148398,,,,693.1127
9483,0.00021639326587319374,,,,694.6376
9484,0.00021636403107549995,,,,695.6931
9485,0.0002163360913982615,,,,696.5419
9486,0.00021630640549119562,,,,697.3349
9487,0.000216278902371414,,,,698.0941
9488,0.00021625297085847706,,,,698.8248
9489,0.00021622664644382894,,,,699.5472
9490,0.0002161995944334194,,,,700.2542
9491,0.0002161714219255373,,,,700.9688
9492,0.00021614486468024552,,,,701.6837
9493,0.0002161183801945299,,,,702.402
9494,0.00021609036775771528,,,,703.1309
9495,0.00021606386872008443,,,,703.883
9496,0.00021603509958367795,,,,704.6165
9497,0.00021600832405965775,,,,705.3373
9498,0.00021598076273221523,,,,706.1254
9499,0.00021595244470518082,,,,706.8579
9500,0.00021592767734546214,0.01941460184752941,0.07210526615381241,0.0877,707.8847
9501,0.00021589826792478561,,,,708.5934
9502,0.00021587227820418775,,,,709.2445
9503,0.0002158451679861173,,,,709.9091
9504,0.00021581858163699508,,,,710.6324
9505,0.00021579103486146778,,,,712.1657
9506,0.00021576366270892322,,,,713.2861
9507,0.00021573819685727358,,,,714.0121
9508,0.00021570996614173055,,,,714.663
9509,0.00021568186639342457,,,,715.3332
9510,0.0002156545378966257,,,,715.9868
9511,0.00021562779147643596,,,,716.6211
9512,0.00021560084132943302,,,,717.2785
9513,0.00021557440049946308,,,,717.9688
9514,0.00021554608247242868,,,,718.6061
9515,0.00021551958343479782,,,,719.2295
9516,0.0002154928515665233,,,,719.844
9517,0.00021546549396589398,,,,720.4588
9518,0.00021543714683502913,,,,721.0778
9519,0.0002154111280106008,,,,721.6992
9520,0.0002153843961423263,,,,722.3207
9521,0.00021535748965106905,,,,722.9358
9522,0.0002153303357772529,,,,723.5531
9523,0.0002153024688595906,,,,724.1715
9524,0.00021527474746108055,,,,724.7974
9525,0.00021524900512304157,,,,725.4198
9526,0.00021522135648410767,,,,726.0508
9527,0.00021519539586734027,,,,726.6672
9528,0.000215168169233948,,,,727.3098
9529,0.00021514107356779277,,,,727.9388
9530,0.00021511332306545228,,,,728.5731
9531,0.00021508584904950112,,,,729.1956
9532,0.00021505888435058296,,,,729.8081
9533,0.00021503272000700235,,,,730.4204
9534,0.0002150056097889319,,,,731.028
9535,0.000214978979784064,,,,731.6503
9536,0.000214951069210656,,,,732.2612
9537,0.0002149259962607175,,,,732.8699
9538,0.0002148975763702765,,,,733.4834
9539,0.0002148716157535091,,,,734.094
9540,0.00021484369062818587,,,,734.7078
9541,0.00021481596922967583,,,,735.3161
9542,0.0002147890190826729,,,,735.9243
9543,0.00021476284018717706,,,,736.5431
9544,0.0002147364866686985,,,,737.1595
9545,0.00021470885258167982,,,,737.7698
9546,0.00021468191698659211,,,,738.3903
9547,0.00021465371537487954,,,,739.0005
9548,0.0002146265032934025,,,,739.6108
9549,0.0002145997859770432,,,,740.2187
9550,0.0002145744947483763,,,,740.8309
9551,0.0002145469916285947,,,,741.4514
9552,0.00021451988141052425,,,,742.1361
9553,0.00021449319319799542,,,,742.8678
9554,0.000214467421756126,,,,743.5311
9555,0.00021444036974571645,,,,744.1612
9556,0.00021441254648379982,,,,744.789
9557,0.0002143856108887121,,,,745.4168
9558,0.00021435819508042186,,,,746.0449
9559,0.0002143317396985367,,,,746.6676
9560,0.00021430531342048198,,,,747.2948
9561,0.00021427733008749783,,,,747.9196
9562,0.0002142505836673081,,,,748.5165
9563,0.00021422476856969297,,,,749.1184
9564,0.00021419678523670882,,,,749.7202
9565,0.00021417089737951756,,,,750.3225
9566,0.00021414324874058366,,,,750.926
9567,0.0002141171571565792,,,,751.5359
9568,0.00021409029432106763,,,,752.1346
9569,0.00021406279120128602,,,,752.7439
9570,0.0002140352880815044,,,,753.3467
9571,0.0002140095311915502,,,,753.9553
9572,0.00021398266835603863,,,,754.5636
9573,0.0002139548014383763,,,,755.1749
9574,0.0002139288408216089,,,,755.7822
9575,0.00021390151232481003,,,,756.3959
9576,0.00021387558081187308,,,,757.0318
9577,0.00021385042055044323,,,,757.6582
9578,0.00021382437262218446,,,,758.2835
9579,0.0002137974661309272,,,,758.8938
9580,0.00021377397933974862,,,,759.4979
9581,0.00021375172946136445,,,,760.1048
9582,0.000213731691474095,,,,760.7777
9583,0.00021371776529122144,,,,761.4928
9584,0.00021371054754126817,,,,762.2073
9585,0.00021372121409513056,,,,762.9313
9586,0.00021375592041295022,,,,763.6474
9587,0.00021383816783782095,,,,764.3242
9588,0.00021400541299954057,,,,764.9985
9589,0.00021432027278933674,,,,765.6178
9590,0.00021490486687980592,,,,766.2353
9591,0.00021597584418486804,,,,766.8859
9592,0.0002179329312639311,,,,767.5056
9593,0.00022150389850139618,,,,768.1277
9594,0.00022804536274634302,,,,768.7467
9595,0.00023997809330467135,,,,769.3711
9596,0.00026182562578469515,,,,769.9897
9597,0.0003011493245139718,,,,770.5862
9598,0.00037127407267689705,,,,771.2567
9599,0.0004892616998404264,,,,772.0015
9600,0.0006759004318155348,0.09240959584712982,0.1396215856075287,0.083,772.955
9601,0.000918902107514441,,,,773.8401
9602,0.0011569667840376496,,,,774.5678
9603,0.0012150331167504191,,,,775.1935
9604,0.001003408688120544,,,,775.9862
9605,0.0006128746899776161,,,,776.6509
9606,0.00033317841007374227,,,,777.2746
9607,0.00032369120162911713,,,,777.8997
9608,0.000489738245960325,,,,778.5248
9609,0.0006111402180977166,,,,779.1499
9610,0.0005515658995136619,,,,779.7706
9611,0.00037697365041822195,,,,780.3906
9612,0.000264194852206856,,,,781.0078
9613,0.0003132733691018075,,,,781.6123
9614,0.00042564579052850604,,,,782.2168
9615,0.0004291243967600167,,,,782.8221
9616,0.00030809614690952003,,,,783.4246
9617,0.00022437349252868444,,,,784.0209
9618,0.00027769277221523225,,,,784.6192
9619,0.00035925672273151577,,,,785.2166
9620,0.00033224193612113595,,,,785.8112
9621,0.0002406589046586305,,,,786.41
9622,0.00021991535322740674,,,,787.0415
9623,0.00027728741406463087,,,,787.6717
9624,0.00030431547202169895,,,,788.2747
9625,0.00026094287750311196,,,,788.87
9626,0.0002196848945459351,,,,789.4683
9627,0.00023250702361110598,,,,790.0693
9628,0.0002614727709442377,,,,790.6736
9629,0.000257432518992573,,,,791.3705
9630,0.00023152802896220237,,,,791.9944
9631,0.0002214939013356343,,,,792.6119
9632,0.00023220233561005443,,,,793.2121
9633,0.0002400432713329792,,,,793.8223
9634,0.00023348791000898927,,,,794.4506
9635,0.00022370660735759884,,,,795.045
9636,0.0002219142479589209,,,,795.6433
9637,0.00022510478447657079,,,,796.243
9638,0.00022596346389036626,,,,796.8364
9639,0.0002238422748632729,,,,797.4347
9640,0.00022142606030683964,,,,798.0285
9641,0.0002192781976191327,,,,798.6227
9642,0.0002180102455895394,,,,799.2232
9643,0.00021915844990871847,,,,799.8672
9644,0.0002208846854045987,,,,800.4987
9645,0.0002191155799664557,,,,801.0923
9646,0.00021498152636922896,,,,801.7121
9647,0.0002142307348549366,,,,802.3605
9648,0.00021752306201960891,,,,802.9904
9649,0.00021882582223042846,,,,803.6062
9650,0.00021548023505602032,,,,804.2327
9651,0.00021248678967822343,,,,804.8248
9652,0.00021389086032286286,,,,805.4207
9653,0.00021649459085892886,,,,806.0191
9654,0.00021584091882687062,,,,806.6368
9655,0.0002131680812453851,,,,807.235
9656,0.0002124080783687532,,,,807.827
9657,0.00021384288265835494,,,,808.4231
9658,0.00021465637837536633,,,,809.0159
9659,0.00021374030620791018,,,,809.6045
9660,0.0002126466715708375,,,,810.2017
9661,0.00021262068185023963,,,,810.8229
9662,0.00021312109311111271,,,,811.4222
9663,0.00021321637905202806,,,,812.0084
9664,0.0002128693595295772,,,,812.6024
9665,0.00021254482271615416,,,,813.1972
9666,0.00021243772062007338,,,,813.7965
9667,0.00021244329400360584,,,,814.3857
9668,0.0002124602469848469,,,,814.976
9669,0.00021244684467092156,,,,815.564
9670,0.00021235622989479452,,,,816.1512
9671,0.00021217705216258764,,,,816.7751
9672,0.00021202757488936186,,,,817.4055
9673,0.00021203563665039837,,,,817.9965
9674,0.0002121474244631827,,,,818.5851
9675,0.00021214433945715427,,,,819.1741
9676,0.00021195026056375355,,,,819.7652
9677,0.00021176303562242538,,,,820.3483
9678,0.00021178206952754408,,,,820.9404
9679,0.00021191748965065926,,,,821.5274
9680,0.00021191875566728413,,,,822.1151
9681,0.00021174337598495185,,,,822.7095
9682,0.00021160351752769202,,,,823.291
9683,0.0002116295218002051,,,,823.8811
9684,0.0002117097028531134,,,,824.4745
9685,0.00021168582316022366,,,,825.0553
9686,0.00021157730952836573,,,,825.6472
9687,0.00021150278917048126,,,,826.2283
9688,0.00021150459360796958,,,,826.8079
9689,0.00021151278633624315,,,,827.3949
9690,0.00021148525411263108,,,,827.9778
9691,0.00021144107449799776,,,,828.5653
9692,0.0002114059025188908,,,,829.1593
9693,0.00021137967996764928,,,,829.744
9694,0.0002113507071044296,,,,830.3306
9695,0.00021132496476639062,,,,830.9138
9696,0.00021130901586730033,,,,831.5185
9697,0.0002112899674102664,,,,832.1351
9698,0.00021125808416400105,,,,832.7296
9699,0.00021122023463249207,,,,833.3132
9700,0.00021119072334840894,0.01883944496512413,0.07148254662752151,0.071,833.9785
9701,0.0002111782960128039,,,,834.5689
9702,0.0002111632056767121,,,,835.1485
9703,0.0002111373469233513,,,,835.7322
9704,0.00021110248053446412,,,,836.3141
9705,0.00021107142674736679,,,,836.8959
9706,0.0002110510104103014,,,,837.4722
9707,0.000211036967812106,,,,838.0558
9708,0.00021101662423461676,,,,838.6384
9709,0.00021098721481394023,,,,839.224
9710,0.0002109568886226043,,,,839.8103
9711,0.00021093327086418867,,,,840.391
9712,0.000210914557101205,,,,840.9883
9713,0.00021089382062200457,,,,841.5716
9714,0.0002108692133333534,,,,842.1563
9715,0.00021084434411022812,,,,842.7325
9716,0.0002108201733790338,,,,843.3131
9717,0.00021079661382827908,,,,843.895
9718,0.00021077381097711623,,,,844.4806
9719,0.0002107503532897681,,,,845.0661
9720,0.00021072784147690982,,,,845.6525
9721,0.00021070626098662615,,,,846.2485
9722,0.0002106821193592623,,,,847.0139
9723,0.0002106574975186959,,,,847.8491
9724,0.00021063382155261934,,,,848.577
9725,0.00021061216830275953,,,,849.3054
9726,0.00021059047139715403,,,,850.0392
9727,0.0002105675812344998,,,,850.7624
9728,0.00021054287208244205,,,,851.493
9729,0.00021052004012744874,,,,852.2202
9730,0.0002104968880303204,,,,852.9375
9731,0.00021047465270385146,,,,853.6592
9732,0.00021045222820248455,,,,854.3846
9733,0.00021042981825303286,,,,855.1009
9734,0.00021040668070781976,,,,855.8176
9735,0.0002103828446706757,,,,856.5304
9736,0.0002103595033986494,,,,857.2488
9737,0.00021033696248196065,,,,857.9736
9738,0.00021031458163633943,,,,858.6904
9739,0.00021029124036431313,,,,859.4047
9740,0.00021026945614721626,,,,860.1179
9741,0.00021024399029556662,,,,860.8311
9742,0.00021022251166868955,,,,861.5528
9743,0.0002101999707520008,,,,862.3329
9744,0.00021017668768763542,,,,863.0549
9745,0.00021015401580370963,,,,863.7773
9746,0.00021013089281041175,,,,864.4899
9747,0.00021010912314523011,,,,865.2026
9748,0.0002100862329825759,,,,865.9172
9749,0.00021006262977607548,,,,866.7162
9750,0.00021003966685384512,,,,867.4964
9751,0.00021001682034693658,,,,868.2354
9752,0.00020999377011321485,,,,868.9608
9753,0.00020997172396164387,,,,869.6791
9754,0.00020994828082621098,,,,870.4006
9755,0.00020992559439036995,,,,871.1358
9756,0.00020990271877963096,,,,871.8756
9757,0.00020987911557313055,,,,872.6016
9758,0.0002098580007441342,,,,873.3482
9759,0.00020983463036827743,,,,874.0772
9760,0.00020981075067538768,,,,874.8022
9761,0.00020978922839276493,,,,875.5238
9762,0.0002097671094816178,,,,876.2694
9763,0.0002097427350236103,,,,877.0502
9764,0.0002097205724567175,,,,877.7643
9765,0.0002096984680974856,,,,878.4841
9766,0.0002096749667543918,,,,879.2052
9767,0.00020965185831300914,,,,879.8973
9768,0.00020963005954399705,,,,880.5251
9769,0.00020960676192771643,,,,881.114
9770,0.00020958400273229927,,,,881.6917
9771,0.00020956261141691357,,,,882.2694
9772,0.00020953883358743042,,,,882.8493
9773,0.0002095161034958437,,,,883.4264
9774,0.0002094935334753245,,,,884.0039
9775,0.00020946988661307842,,,,884.5783
9776,0.00020944775315001607,,,,885.1806
9777,0.0002094256051350385,,,,885.8856
9778,0.00020940302056260407,,,,886.501
9779,0.00020937890803907067,,,,887.0699
9780,0.0002093566145049408,,,,887.6429
9781,0.0002093337825499475,,,,888.2123
9782,0.00020931102335453033,,,,888.7823
9783,0.00020928861340507865,,,,889.3524
9784,0.00020926576689817011,,,,889.9228
9785,0.00020924296404700726,,,,890.497
9786,0.00020921946270391345,,,,891.07
9787,0.00020919728558510542,,,,891.6531
9788,0.00020917446818202734,,,,892.2631
9789,0.0002091522910632193,,,,892.8513
9790,0.00020912960462737828,,,,893.4263
9791,0.0002091068890877068,,,,894.0028
9792,0.00020908474107272923,,,,894.5783
9793,0.00020906279678456485,,,,895.1504
9794,0.00020903987751808017,,,,895.7276
9795,0.00020901719108223915,,,,896.3045
9796,0.0002089946938212961,,,,896.8818
9797,0.0002089702757075429,,,,897.456
9798,0.00020894892804790288,,,,898.0308
9799,0.00020892471366096288,,,,898.6094
9800,0.00020890294399578124,0.018595200031995773,0.0711469054222107,0.0661,899.247
9801,0.00020888063590973616,,,,899.8106
9802,0.00020885835692752153,,,,900.3824
9803,0.00020883521938230842,,,,900.9574
9804,0.00020881328964605927,,,,901.5287
9805,0.00020879031217191368,,,,902.0997
9806,0.0002087670291075483,,,,902.6662
9807,0.00020874504116363823,,,,903.2412
9808,0.00020872218010481447,,,,903.8194
9809,0.00020869977015536278,,,,904.3974
9810,0.00020867718558292836,,,,904.9709
9811,0.0002086538588628173,,,,905.5421
9812,0.00020863140525761992,,,,906.1473
9813,0.00020860911172349006,,,,906.7549
9814,0.00020858643983956426,,,,907.3626
9815,0.0002085647138301283,,,,907.9385
9816,0.0002085426967823878,,,,908.5237
9817,0.00020851851149927825,,,,909.1038
9818,0.00020849565044045448,,,,909.6736
9819,0.00020847315317951143,,,,910.2537
9820,0.00020845157268922776,,,,910.8284
9821,0.00020842842059209943,,,,911.4137
9822,0.00020840622892137617,,,,911.9874
9823,0.00020838237833231688,,,,912.565
9824,0.0002083610452245921,,,,913.1403
9825,0.0002083377621602267,,,,913.7147
9826,0.00020831702568102628,,,,914.2913
9827,0.000208292665774934,,,,914.861
9828,0.00020826933905482292,,,,915.4325
9829,0.00020824755483772606,,,,916.0072
9830,0.00020822619262617081,,,,916.5807
9831,0.00020820373902097344,,,,917.1542
9832,0.0002081798593280837,,,,917.7238
9833,0.00020815819152630866,,,,918.293
9834,0.00020813517039641738,,,,918.8648
9835,0.00020811207650694996,,,,919.4968
9836,0.0002080900885630399,,,,920.0796
9837,0.00020806769316550344,,,,920.6564
9838,0.0002080452541122213,,,,921.2324
9839,0.0002080221747746691,,,,921.8199
9840,0.00020800152560696006,,,,922.4211
9841,0.00020797850447706878,,,,922.9922
9842,0.00020795504678972065,,,,923.5657
9843,0.0002079326513921842,,,,924.1357
9844,0.00020791035785805434,,,,924.7101
9845,0.0002078869001707062,,,,925.2817
9846,0.00020786556706298143,,,,925.8484
9847,0.0002078423131024465,,,,926.4218
9848,0.00020782032515853643,,,,926.9952
9849,0.000207797740586102,,,,927.5649
9850,0.00020777549070771784,,,,928.1431
9851,0.00020775276061613113,,,,928.7169
9852,0.0002077316166833043,,,,929.2808
9853,0.00020770845003426075,,,,929.8517
9854,0.00020768617105204612,,,,930.461
9855,0.00020766320812981576,,,,931.0707
9856,0.00020764041983056813,,,,931.6356
9857,0.00020761770429089665,,,,932.2083
9858,0.00020759609469678253,,,,932.776
9859,0.0002075738739222288,,,,933.3509
9860,0.00020755200239364058,,,,933.9141
9861,0.0002075288211926818,,,,934.4803
9862,0.00020750545081682503,,,,935.0459
9863,0.0002074840886052698,,,,935.617
9864,0.0002074610092677176,,,,936.1798
9865,0.00020743878849316388,,,,936.7609
9866,0.00020741677144542336,,,,937.3683
9867,0.00020739473984576762,,,,937.9436
9868,0.00020737209706567228,,,,938.5166
9869,0.0002073503565043211,,,,939.0887
9870,0.00020732858683913946,,,,939.655
9871,0.00020730764663312584,,,,940.2136
9872,0.00020728584786411375,,,,940.7758
9873,0.00020726610091514885,,,,941.3539
9874,0.00020724747446365654,,,,941.9272
9875,0.00020723203488159925,,,,942.4923
9876,0.00020722029148600996,,,,943.065
9877,0.00020721684268210083,,,,943.6325
9878,0.00020722430781461298,,,,944.1964
9879,0.000207253557164222,,,,944.7616
9880,0.00020731828408315778,,,,945.325
9881,0.0002074478834401816,,,,945.8905
9882,0.00020768555987160653,,,,946.4594
9883,0.00020811575814150274,,,,947.028
9884,0.0002088808105327189,,,,947.605
9885,0.0002102434664266184,,,,948.1696
9886,0.00021267245756462216,,,,948.7349
9887,0.00021699423086829484,,,,949.2984
9888,0.00022472241835203022,,,,949.8608
9889,0.00023846929252613336,,,,950.4256
9890,0.0002629656810313463,,,,950.9935
9891,0.00030569458613172174,,,,951.5691
9892,0.00037909316597506404,,,,952.174
9893,0.0004966752021573484,,,,952.76
9894,0.0006708279252052307,,,,953.3356
9895,0.0008757642935961485,,,,953.9011
9896,0.0010431514820083976,,,,954.4804
9897,0.001032565487548709,,,,955.0475
9898,0.000813783030025661,,,,955.6203
9899,0.0005014878115616739,,,,956.1937
9900,0.0003061524766962975,0.03926675766706467,0.08878274261951447,0.066,956.828
9901,0.0003084695490542799,,,,957.3973
9902,0.00042551328078843653,,,,957.9667
9903,0.0005159068387001753,,,,958.5405
9904,0.0004934607422910631,,,,959.1126
9905,0.0003813314833678305,,,,959.685
9906,0.00027201196644455194,,,,960.2486
9907,0.00025784483295865357,,,,960.8138
9908,0.00033361633541062474,,,,961.3869
9909,0.0003905005578417331,,,,961.9527
9910,0.0003438962739892304,,,,962.5224
9911,0.0002442977565806359,,,,963.0958
9912,0.00021572166588157415,,,,963.6605
9913,0.0002777287154458463,,,,964.2302
9914,0.0003242303500883281,,,,964.8595
9915,0.00028528348775580525,,,,965.4776
9916,0.00022046235972084105,,,,966.0638
9917,0.0002151829976355657,,,,966.6536
9918,0.00025597281637601554,,,,967.2613
9919,0.0002718303585425019,,,,967.8499
9920,0.000244469236349687,,,,968.426
9921,0.00021742873650509864,,,,969.0066
9922,0.00021998680313117802,,,,969.5963
9923,0.00023495116329286247,,,,970.1933
9924,0.00023744274221826345,,,,970.7693
9925,0.00022752248332835734,,,,971.3414
9926,0.00021896501129958779,,,,971.9133
9927,0.0002176082052756101,,,,972.4911
9928,0.00021956110140308738,,,,973.0645
9929,0.00022069561237003654,,,,973.6452
9930,0.0002201341703766957,,,,974.222
9931,0.0002177436981583014,,,,974.7967
9932,0.00021388387540355325,,,,975.3675
9933,0.00021123883198015392,,,,975.9361
9934,0.0002125954197254032,,,,976.5062
9935,0.00021588098024949431,,,,977.0753
9936,0.0002155221300199628,,,,977.6429
9937,0.00021056972036603838,,,,978.2124
9938,0.00020707274961750954,,,,978.792
9939,0.00020931476319674402,,,,979.3658
9940,0.00021316589845810086,,,,979.9308
9941,0.00021240497881080955,,,,980.5002
9942,0.000208041412406601,,,,981.0685
9943,0.00020611108629964292,,,,981.6403
9944,0.00020830686844419688,,,,982.2483
9945,0.00021038706472609192,,,,982.8354
9946,0.0002093316288664937,,,,983.407
9947,0.00020710403623525053,,,,983.9731
9948,0.00020657735876739025,,,,984.5385
9949,0.00020746534573845565,,,,985.1034
9950,0.00020789609698113054,,,,985.6681
9951,0.0002074579824693501,,,,986.233
9952,0.00020699144806712866,,,,986.8026
9953,0.0002068189060082659,,,,987.373
9954,0.0002066363813355565,,,,987.9331
9955,0.0002064522705040872,,,,988.5044
9956,0.00020654186664614826,,,,989.0726
9957,0.0002067466703010723,,,,989.6448
9958,0.00020662977476604283,,,,990.2183
9959,0.00020618322014342993,,,,990.7877
9960,0.00020587845938280225,,,,991.3685
9961,0.00020600613788701594,,,,991.9415
9962,0.0002062979619950056,,,,992.5249
9963,0.00020630881772376597,,,,993.1015
9964,0.00020598807896021754,,,,993.6764
9965,0.00020568195031955838,,,,994.6698
9966,0.0002056857047136873,,,,995.6399
9967,0.00020588978077284992,,,,996.6294
9968,0.00020597188267856836,,,,997.3555
9969,0.00020581060380209237,,,,998.0762
9970,0.00020559820404741913,,,,998.8025
9971,0.00020554286311380565,,,,999.532
9972,0.0002056192752206698,,,,1000.2987
9973,0.00020565593149513006,,,,1001.4012
9974,0.0002055930090136826,,,,1002.3221
9975,0.0002055163640761748,,,,1003.0906
9976,0.00020548078464344144,,,,1003.8972
9977,0.00020545974257402122,,,,1004.7747
9978,0.00020542021957226098,,,,1005.5696
9979,0.00020539233810268342,,,,1006.3081
9980,0.00020539567049127072,,,,1007.0727
9981,0.00020539536490105093,,,,1007.8205
9982,0.00020535069052129984,,,,1008.5479
9983,0.00020528139430098236,,,,1009.271
9984,0.00020524543651845306,,,,1009.9963
9985,0.0002052548952633515,,,,1010.7247
9986,0.0002052646887023002,,,,1011.5098
9987,0.00020523861167021096,,,,1012.3282
9988,0.00020518731616903096,,,,1013.125
9989,0.00020514728385023773,,,,1013.9276
9990,0.00020513143681455404,,,,1014.6631
9991,0.00020512744958978146,,,,1015.3946
9992,0.0002051141782430932,,,,1016.111
9993,0.00020508929446805269,,,,1016.8392
9994,0.00020506059809122235,,,,1017.5877
9995,0.0002050359471468255,,,,1018.3168
9996,0.00020501534163486212,,,,1019.0395
9997,0.00020499728270806372,,,,1019.7597
9998,0.00020497952937148511,,,,1020.4766
9999,0.00020495901117101312,,,,1021.2006
10000,0.00020494067575782537,0.018137674778699875,0.07055117189884186,0.097,1021.2049
