epoch,total_loss,mse_loss,test_mse_noisy,test_mse_clean,elapsed_seconds
0,6075.9970703125,6075.9970703125,6118.3173828125,6117.26123046875,0.3349
1,5643.3369140625,5643.3369140625,5689.05419921875,5688.0048828125,0.4584
2,5238.39306640625,5238.39306640625,5288.22900390625,5287.1865234375,0.5995
3,4858.58251953125,4858.58251953125,4910.5634765625,4909.52880859375,0.7321
4,4500.7353515625,4500.7353515625,4553.1640625,4552.1396484375,0.857
5,4163.61376953125,4163.61376953125,4215.36865234375,4214.35791015625,0.9831
6,3846.559814453125,3846.559814453125,3896.979736328125,3895.983642578125,1.1175
7,3549.44677734375,3549.44677734375,3598.1328125,3597.153564453125,1.2485
8,3273.059814453125,3273.059814453125,3319.25244140625,3318.289794921875,1.3845
9,3018.343994140625,3018.343994140625,3060.981201171875,3060.036376953125,1.5358
10,2785.2431640625,2785.2431640625,2823.79443359375,2822.865966796875,1.6821
11,2573.070556640625,2573.070556640625,2607.50634765625,2606.595458984375,1.8333
12,2380.53369140625,2380.53369140625,2411.073486328125,2410.1796875,1.9883
13,2205.69970703125,2205.69970703125,2232.686767578125,2231.809814453125,2.1464
14,2046.220947265625,2046.220947265625,2070.052734375,2069.19287109375,2.3132
15,1899.664794921875,1899.664794921875,1920.741943359375,1919.8994140625,2.5686
16,1763.803955078125,1763.803955078125,1782.492919921875,1781.6683349609375,2.7782
17,1636.7763671875,1636.7763671875,1653.3948974609375,1652.5882568359375,2.9431
18,1517.129638671875,1517.129638671875,1531.9437255859375,1531.15625,3.0994
19,1403.784423828125,1403.784423828125,1417.01513671875,1416.2469482421875,3.2599
20,1295.968017578125,1295.968017578125,1307.797607421875,1307.049560546875,3.4054
21,1193.142333984375,1193.142333984375,1203.7237548828125,1202.996337890625,3.5525
22,1094.9468994140625,1094.9468994140625,1104.408203125,1103.7021484375,3.6931
23,1001.15234375,1001.15234375,1009.6027221679688,1008.9186401367188,3.8342
24,911.6271362304688,911.6271362304688,919.1594848632812,918.4978637695312,3.9765
25,826.3146362304688,826.3146362304688,833.0103759765625,832.3719482421875,4.1192
26,745.2144775390625,745.2144775390625,751.1468505859375,750.5322265625,4.2466
27,668.3699951171875,668.3699951171875,673.6095581054688,673.0193481445312,4.3741
28,595.8551635742188,595.8551635742188,600.4767456054688,599.9113159179688,4.5035
29,527.7653198242188,527.7653198242188,531.8562622070312,531.3161010742188,4.6268
30,464.20611572265625,464.20611572265625,467.87506103515625,467.36053466796875,4.7506
31,405.2767028808594,405.2767028808594,408.6669921875,408.1783142089844,4.8817
32,351.05059814453125,351.05059814453125,354.355712890625,353.89288330078125,5.0169
33,301.5577697753906,301.5577697753906,305.0284423828125,304.5911560058594,5.1833
34,256.83038330078125,256.83038330078125,260.69989013671875,260.2875061035156,5.3232
35,217.0287628173828,217.0287628173828,221.27731323242188,220.88876342773438,5.4576
36,182.4413604736328,182.4413604736328,186.54893493652344,186.18252563476562,5.5875
37,153.39669799804688,153.39669799804688,156.2438507080078,155.8975067138672,5.7127
38,131.0254669189453,131.0254669189453,130.5366973876953,130.2100830078125,5.8356
39,128.6648712158203,128.6648712158203,123.1124496459961,122.86039733886719,5.9528
40,140.816162109375,140.816162109375,137.6595001220703,137.47207641601562,6.0513
41,141.57559204101562,141.57559204101562,137.525146484375,137.35354614257812,6.1299
42,136.28822326660156,136.28822326660156,131.80673217773438,131.64971923828125,6.2087
43,129.01547241210938,129.01547241210938,124.3055191040039,124.16190338134766,6.291
44,121.17789459228516,121.17789459228516,116.32027435302734,116.18904876708984,6.369
45,113.46965026855469,113.46965026855469,108.49749755859375,108.37785339355469,6.453
46,106.28120422363281,106.28120422363281,101.20145416259766,101.09278869628906,6.5407
47,99.81658935546875,99.81658935546875,94.61774444580078,94.5196533203125,6.6417
48,94.12407684326172,94.12407684326172,88.77996826171875,88.69212341308594,6.7353
49,89.1044921875,89.1044921875,83.57710266113281,83.49913024902344,6.8261
50,84.5344009399414,84.5344009399414,78.77690887451172,78.7081298828125,6.9243
51,80.11927795410156,80.11927795410156,74.0824966430664,74.02180480957031,7.0269
52,75.56884765625,75.56884765625,69.21788024902344,69.16380310058594,7.1369
53,70.6683578491211,70.6683578491211,64.0119400024414,63.96269607543945,7.2518
54,65.31523132324219,65.31523132324219,58.43571090698242,58.38947677612305,7.369
55,59.50352096557617,59.50352096557617,52.56828689575195,52.5234489440918,7.4835
56,53.30693435668945,53.30693435668945,46.55192184448242,46.50718307495117,7.5969
57,46.942481994628906,46.942481994628906,40.64134979248047,40.59589385986328,7.7037
58,40.87765121459961,40.87765121459961,35.282814025878906,35.23673629760742,7.8028
59,36.0672721862793,36.0672721862793,31.090198516845703,31.04447364807129,7.9014
60,34.793617248535156,34.793617248535156,28.90707015991211,28.862878799438477,8.0021
61,34.84387969970703,34.84387969970703,30.368362426757812,30.324254989624023,8.1059
62,38.74622344970703,38.74622344970703,32.57568359375,32.531803131103516,8.2153
63,39.7741584777832,39.7741584777832,32.1488037109375,32.10738754272461,8.3292
64,34.924415588378906,34.924415588378906,28.55417823791504,28.51822280883789,8.4475
65,29.275888442993164,29.275888442993164,23.921907424926758,23.89284324645996,8.5594
66,26.723302841186523,26.723302841186523,21.01433753967285,20.99056625366211,8.6663
67,25.24551773071289,25.24551773071289,19.990161895751953,19.96965789794922,8.7725
68,24.088329315185547,24.088329315185547,19.574462890625,19.556203842163086,8.9014
69,23.469005584716797,23.469005584716797,19.343738555908203,19.326749801635742,9.0312
70,23.08443260192871,23.08443260192871,18.992969512939453,18.976240158081055,9.1572
71,22.475189208984375,22.475189208984375,18.38831901550293,18.370952606201172,9.286
72,21.556562423706055,21.556562423706055,17.503931045532227,17.485164642333984,9.4144
73,20.348297119140625,20.348297119140625,16.371976852416992,16.351160049438477,9.5308
74,18.914615631103516,18.914615631103516,15.05688190460205,15.033474922180176,9.6435
75,17.34847640991211,17.34847640991211,13.641672134399414,13.615242004394531,9.7549
76,15.78453540802002,15.78453540802002,12.221517562866211,12.191750526428223,9.8726
77,14.4533052444458,14.4533052444458,10.90427017211914,10.870988845825195,9.9875
78,13.400289535522461,13.400289535522461,9.799199104309082,9.762409210205078,10.0958
79,12.534063339233398,12.534063339233398,8.96473503112793,8.924481391906738,10.1983
80,12.019835472106934,12.019835472106934,8.464154243469238,8.420454025268555,10.3022
81,12.020024299621582,12.020024299621582,8.347992897033691,8.300832748413086,10.4051
82,12.223719596862793,12.223719596862793,8.521806716918945,8.471282958984375,10.5072
83,12.275032043457031,12.275032043457031,8.696076393127441,8.642985343933105,10.6186
84,12.052387237548828,12.052387237548828,8.606064796447754,8.551856994628906,10.7301
85,11.578310012817383,11.578310012817383,8.202502250671387,8.148645401000977,10.8435
86,10.952914237976074,10.952914237976074,7.609126091003418,7.556836128234863,10.9486
87,10.30743408203125,10.30743408203125,7.014897346496582,6.965035915374756,11.0542
88,9.768677711486816,9.768677711486816,6.565069675445557,6.518092155456543,11.1597
89,9.41868782043457,9.41868782043457,6.301751613616943,6.257746696472168,11.263
90,9.24411678314209,9.24411678314209,6.1835527420043945,6.142366409301758,11.3806
91,9.15970516204834,9.15970516204834,6.137633323669434,6.098969459533691,11.5729
92,9.080290794372559,9.080290794372559,6.099765777587891,6.063259124755859,11.9657
93,8.955658912658691,8.955658912658691,6.030026435852051,5.99529504776001,12.1611
94,8.76716423034668,8.76716423034668,5.912433624267578,5.879106521606445,12.3434
95,8.518402099609375,8.518402099609375,5.749688148498535,5.717423439025879,12.467
96,8.228759765625,8.228759765625,5.556879043579102,5.5253753662109375,12.6901
97,7.927109718322754,7.927109718322754,5.354877471923828,5.323888778686523,12.8624
98,7.644656181335449,7.644656181335449,5.164231777191162,5.13357400894165,12.9873
99,7.408191680908203,7.408191680908203,5.000423908233643,4.969986915588379,13.1029
100,7.232365608215332,7.232365608215332,4.870726585388184,4.840481758117676,13.2105
101,7.113600254058838,7.113600254058838,4.773200035095215,4.743204116821289,13.3184
102,7.031545162200928,7.031545162200928,4.698525428771973,4.66891622543335,13.5301
103,6.959906578063965,6.959906578063965,4.634604454040527,4.6055779457092285,13.6359
104,6.877912998199463,6.877912998199463,4.571948051452637,4.543728351593018,13.7471
105,6.776121616363525,6.776121616363525,4.506898880004883,4.479701995849609,13.8587
106,6.6568145751953125,6.6568145751953125,4.441563129425049,4.41556453704834,13.9709
107,6.530768394470215,6.530768394470215,4.380988121032715,4.356297492980957,14.0727
108,6.411837577819824,6.411837577819824,4.329495429992676,4.306143760681152,14.1836
109,6.311096668243408,6.311096668243408,4.288128852844238,4.266068935394287,14.2932
110,6.232514381408691,6.232514381408691,4.253970146179199,4.233081340789795,14.394
111,6.172239780426025,6.172239780426025,4.22125244140625,4.201352596282959,14.4995
112,6.121865272521973,6.121865272521973,4.183491230010986,4.164356231689453,14.6005
113,6.072680950164795,6.072680950164795,4.135420322418213,4.116803169250488,14.7114
114,6.018715858459473,6.018715858459473,4.074263572692871,4.055911540985107,14.8188
115,5.958178997039795,5.958178997039795,4.000268936157227,3.9819424152374268,14.9247
116,5.893294334411621,5.893294334411621,3.9164187908172607,3.8979058265686035,15.0324
117,5.8290629386901855,5.8290629386901855,3.8276848793029785,3.8088161945343018,15.1404
118,5.771130561828613,5.771130561828613,3.7398979663848877,3.720557451248169,15.25
119,5.723469257354736,5.723469257354736,3.6584267616271973,3.638561248779297,15.361
120,5.6866607666015625,5.6866607666015625,3.5871758460998535,3.5667977333068848,15.4898
121,5.657938480377197,5.657938480377197,3.528050184249878,3.507234573364258,15.6195
122,5.632654190063477,5.632654190063477,3.4811699390411377,3.4600417613983154,15.7316
123,5.60656213760376,5.60656213760376,3.4455997943878174,3.4243171215057373,15.8473
124,5.577510356903076,5.577510356903076,3.420191526412964,3.3989226818084717,15.9556
125,5.545831203460693,5.545831203460693,3.403989315032959,3.3828911781311035,16.0678
126,5.51376485824585,5.51376485824585,3.396109104156494,3.3753058910369873,16.1759
127,5.483992099761963,5.483992099761963,3.39538311958313,3.3749561309814453,16.2818
128,5.458363056182861,5.458363056182861,3.3999741077423096,3.3799567222595215,16.387
129,5.437065124511719,5.437065124511719,3.4074320793151855,3.3878097534179688,16.4903
130,5.418863773345947,5.418863773345947,3.415062665939331,3.3957817554473877,16.5992
131,5.401819705963135,5.401819705963135,3.420506238937378,3.4014861583709717,16.7066
132,5.384268760681152,5.384268760681152,3.4221909046173096,3.4033331871032715,16.828
133,5.36550235748291,5.36550235748291,3.419623613357544,3.4008307456970215,16.9457
134,5.345829963684082,5.345829963684082,3.4133248329162598,3.3945059776306152,17.0625
135,5.326344966888428,5.326344966888428,3.404569149017334,3.3856537342071533,17.1791
136,5.308175086975098,5.308175086975098,3.39494252204895,3.375885009765625,17.2881
137,5.292081356048584,5.292081356048584,3.385953187942505,3.3667349815368652,17.4276
138,5.278046131134033,5.278046131134033,3.37872314453125,3.35935640335083,17.5571
139,5.265446662902832,5.265446662902832,3.37385630607605,3.3543753623962402,17.6784
140,5.253428936004639,5.253428936004639,3.3715133666992188,3.3519699573516846,17.8208
141,5.241271018981934,5.241271018981934,3.3714988231658936,3.351952314376831,17.9513
142,5.2287211418151855,5.2287211418151855,3.373415470123291,3.353921890258789,18.0935
143,5.215970993041992,5.215970993041992,3.3767457008361816,3.3573524951934814,18.2318
144,5.203469753265381,5.203469753265381,3.380821704864502,3.361557722091675,18.4438
145,5.191648006439209,5.191648006439209,3.3848776817321777,3.3657524585723877,18.6153
146,5.180655479431152,5.180655479431152,3.38808012008667,3.369081974029541,18.756
147,5.170355796813965,5.170355796813965,3.389613389968872,3.3707127571105957,18.9294
148,5.160411357879639,5.160411357879639,3.38881254196167,3.369966506958008,19.0808
149,5.1504950523376465,5.1504950523376465,3.3853163719177246,3.366474151611328,19.217
150,5.140389442443848,5.140389442443848,3.3791096210479736,3.360220432281494,19.348
151,5.130102634429932,5.130102634429932,3.3705062866210938,3.3515238761901855,19.5163
152,5.119824409484863,5.119824409484863,3.3601174354553223,3.3410065174102783,19.6733
153,5.109733581542969,5.109733581542969,3.348670244216919,3.329409122467041,19.8024
154,5.100009441375732,5.100009441375732,3.336918592453003,3.3175010681152344,19.9219
155,5.090661525726318,5.090661525726318,3.3255221843719482,3.305957317352295,20.0357
156,5.081576347351074,5.081576347351074,3.3149497509002686,3.295259952545166,20.1446
157,5.072573661804199,5.072573661804199,3.3054988384246826,3.2857162952423096,20.2519
158,5.063551902770996,5.063551902770996,3.2972893714904785,3.2774505615234375,20.3621
159,5.054439067840576,5.054439067840576,3.2902915477752686,3.2704319953918457,20.4692
160,5.045289039611816,5.045289039611816,3.2843780517578125,3.2645301818847656,20.5764
161,5.036187171936035,5.036187171936035,3.2792792320251465,3.259467363357544,20.6865
162,5.027217388153076,5.027217388153076,3.2747092247009277,3.2549469470977783,20.7926
163,5.018377304077148,5.018377304077148,3.2703216075897217,3.2506141662597656,20.8993
164,5.009657859802246,5.009657859802246,3.265791654586792,3.2461345195770264,21.0043
165,5.0009636878967285,5.0009636878967285,3.2608749866485596,3.2412567138671875,21.1135
166,4.992238521575928,4.992238521575928,3.255415678024292,3.235821485519409,21.2301
167,4.983471870422363,4.983471870422363,3.2493720054626465,3.229785919189453,21.3363
168,4.974653244018555,4.974653244018555,3.242846965789795,3.223255157470703,21.4372
169,4.9658355712890625,4.9658355712890625,3.2359752655029297,3.2163681983947754,21.5462
170,4.957054138183594,4.957054138183594,3.2289867401123047,3.2093608379364014,21.6532
171,4.94832706451416,4.94832706451416,3.2220711708068848,3.2024283409118652,21.7644
172,4.9396491050720215,4.9396491050720215,3.2153992652893066,3.1957478523254395,21.8744
173,4.930992126464844,4.930992126464844,3.2090835571289062,3.1894352436065674,21.9771
174,4.922329902648926,4.922329902648926,3.2031617164611816,3.183530807495117,22.0814
175,4.913642883300781,4.913642883300781,3.197608470916748,3.178009033203125,22.1895
176,4.904929161071777,4.904929161071777,3.192365884780884,3.1728100776672363,22.2956
177,4.8961968421936035,4.8961968421936035,3.187302350997925,3.167799711227417,22.4018
178,4.887484550476074,4.887484550476074,3.182265043258667,3.162818670272827,22.5095
179,4.878790855407715,4.878790855407715,3.1771082878112793,3.1577184200286865,22.6152
180,4.870116233825684,4.870116233825684,3.171703338623047,3.15236496925354,22.7243
181,4.861441612243652,4.861441612243652,3.16593599319458,3.1466403007507324,22.836
182,4.852744102478027,4.852744102478027,3.1597495079040527,3.140486717224121,22.9435
183,4.844040870666504,4.844040870666504,3.153127670288086,3.1338868141174316,23.0494
184,4.835329532623291,4.835329532623291,3.1461308002471924,3.126901149749756,23.1561
185,4.826598167419434,4.826598167419434,3.1388378143310547,3.119612216949463,23.2609
186,4.817874908447266,4.817874908447266,3.1313626766204834,3.112136125564575,23.374
187,4.809154033660889,4.809154033660889,3.123814344406128,3.1045851707458496,23.491
188,4.800445079803467,4.800445079803467,3.1163086891174316,3.097078561782837,23.6043
189,4.791733741760254,4.791733741760254,3.1089301109313965,3.08970308303833,23.7123
190,4.783019065856934,4.783019065856934,3.101720094680786,3.0825016498565674,23.819
191,4.774289131164551,4.774289131164551,3.094714641571045,3.075511932373047,23.9326
192,4.765551567077637,4.765551567077637,3.0879030227661133,3.068721294403076,24.0463
193,4.756810665130615,4.756810665130615,3.0812442302703857,3.0620884895324707,24.1635
194,4.748083591461182,4.748083591461182,3.074707508087158,3.0555806159973145,24.2844
195,4.739346504211426,4.739346504211426,3.0682284832000732,3.049130916595459,24.4298
196,4.730629920959473,4.730629920959473,3.0617640018463135,3.0426955223083496,24.584
197,4.72189998626709,4.72189998626709,3.0552821159362793,3.0362401008605957,24.7207
198,4.713162899017334,4.713162899017334,3.048743486404419,3.029723882675171,24.854
199,4.704434871673584,4.704434871673584,3.0421557426452637,3.023155927658081,24.9864
200,4.695700645446777,4.695700645446777,3.035525321960449,3.0165412425994873,25.1098
201,4.686968803405762,4.686968803405762,3.028874158859253,3.009904384613037,25.2207
202,4.678236961364746,4.678236961364746,3.022240400314331,3.0032835006713867,25.333
203,4.669495582580566,4.669495582580566,3.015658140182495,2.9967143535614014,25.4479
204,4.660768985748291,4.660768985748291,3.009153366088867,2.9902243614196777,25.5699
205,4.652041435241699,4.652041435241699,3.002748489379883,2.9838366508483887,25.6874
206,4.643308639526367,4.643308639526367,2.996433734893799,2.9775424003601074,25.8055
207,4.634583473205566,4.634583473205566,2.9902184009552,2.9713504314422607,25.9173
208,4.625858306884766,4.625858306884766,2.9840729236602783,2.965230941772461,26.0242
209,4.617132186889648,4.617132186889648,2.9779820442199707,2.959167957305908,26.1342
210,4.608407020568848,4.608407020568848,2.9719150066375732,2.953129291534424,26.2415
211,4.599667072296143,4.599667072296143,2.9658350944519043,2.947077751159668,26.3523
212,4.590960502624512,4.590960502624512,2.959733009338379,2.941002607345581,26.461
213,4.582238674163818,4.582238674163818,2.9535775184631348,2.9348721504211426,26.5738
214,4.573521614074707,4.573521614074707,2.9473631381988525,2.928680419921875,26.6791
215,4.564809322357178,4.564809322357178,2.9410881996154785,2.922426462173462,26.8
216,4.556088447570801,4.556088447570801,2.9347636699676514,2.9161200523376465,26.9179
217,4.54738187789917,4.54738187789917,2.9284050464630127,2.909778356552124,27.0287
218,4.538663387298584,4.538663387298584,2.922020435333252,2.903409481048584,27.14
219,4.529968738555908,4.529968738555908,2.9156322479248047,2.897037982940674,27.2587
220,4.5212578773498535,4.5212578773498535,2.909256935119629,2.890678882598877,27.3749
221,4.512564659118652,4.512564659118652,2.902907133102417,2.884345769882202,27.4888
222,4.503861427307129,4.503861427307129,2.896584987640381,2.8780417442321777,27.599
223,4.495171546936035,4.495171546936035,2.8902907371520996,2.8717665672302246,27.7063
224,4.486475467681885,4.486475467681885,2.884021282196045,2.865518093109131,27.8216
225,4.477786540985107,4.477786540985107,2.877781629562378,2.8592987060546875,27.9305
226,4.4691009521484375,4.4691009521484375,2.871553659439087,2.8530914783477783,28.0349
227,4.460413455963135,4.460413455963135,2.8653347492218018,2.846893072128296,28.1438
228,4.451739311218262,4.451739311218262,2.859117031097412,2.8406951427459717,28.2514
229,4.44305944442749,4.44305944442749,2.85290789604187,2.834505081176758,28.3586
230,4.4343719482421875,4.4343719482421875,2.846694231033325,2.8283095359802246,28.4667
231,4.42571496963501,4.42571496963501,2.840491771697998,2.82212495803833,28.5735
232,4.417054653167725,4.417054653167725,2.834296703338623,2.815946578979492,28.6835
233,4.408394813537598,4.408394813537598,2.8281123638153076,2.8097786903381348,28.7963
234,4.399728298187256,4.399728298187256,2.8219563961029053,2.8036389350891113,28.9067
235,4.391077995300293,4.391077995300293,2.8158278465270996,2.7975268363952637,29.0149
236,4.38243293762207,4.38243293762207,2.809722423553467,2.7914390563964844,29.1217
237,4.373779296875,4.373779296875,2.803654432296753,2.785388469696045,29.2294
238,4.365140914916992,4.365140914916992,2.797617197036743,2.779369831085205,29.3404
239,4.35651159286499,4.35651159286499,2.791612148284912,2.7733840942382812,29.4512
240,4.34788703918457,4.34788703918457,2.7856271266937256,2.767418384552002,29.5595
241,4.339248180389404,4.339248180389404,2.7796616554260254,2.761472225189209,29.6662
242,4.330637454986572,4.330637454986572,2.7737107276916504,2.7555410861968994,29.7739
243,4.3220133781433105,4.3220133781433105,2.7677714824676514,2.7496211528778076,29.8863
244,4.313401222229004,4.313401222229004,2.761840343475342,2.743708848953247,29.9963
245,4.304799556732178,4.304799556732178,2.7559080123901367,2.7377943992614746,30.1095
246,4.29619836807251,4.29619836807251,2.749985933303833,2.7318902015686035,30.2204
247,4.287595272064209,4.287595272064209,2.7440741062164307,2.7259955406188965,30.3369
248,4.279004096984863,4.279004096984863,2.7381629943847656,2.720101833343506,30.4673
249,4.2704176902771,4.2704176902771,2.7322583198547363,2.7142138481140137,30.6119
250,4.261838912963867,4.261838912963867,2.7263731956481934,2.708345890045166,30.745
251,4.253269672393799,4.253269672393799,2.72050404548645,2.702493667602539,30.8662
252,4.244701385498047,4.244701385498047,2.714641571044922,2.696648359298706,30.988
253,4.236130237579346,4.236130237579346,2.708792209625244,2.690816640853882,31.1149
254,4.227574348449707,4.227574348449707,2.702962875366211,2.685004949569702,31.2305
255,4.219027042388916,4.219027042388916,2.697148084640503,2.679208278656006,31.3478
256,4.210484504699707,4.210484504699707,2.69134259223938,2.6734206676483154,31.4618
257,4.2019453048706055,4.2019453048706055,2.685548782348633,2.667645215988159,31.5817
258,4.193415641784668,4.193415641784668,2.6797657012939453,2.6618800163269043,31.694
259,4.184893608093262,4.184893608093262,2.67399263381958,2.6561245918273926,31.8092
260,4.176380157470703,4.176380157470703,2.6682229042053223,2.650372266769409,31.9227
261,4.167860507965088,4.167860507965088,2.6624722480773926,2.644639253616333,32.0374
262,4.159358501434326,4.159358501434326,2.6567258834838867,2.6389098167419434,32.1491
263,4.150862693786621,4.150862693786621,2.6510021686553955,2.6332030296325684,32.261
264,4.142368316650391,4.142368316650391,2.64528226852417,2.627500295639038,32.4003
265,4.1338791847229,4.1338791847229,2.639583110809326,2.6218185424804688,32.5311
266,4.125401973724365,4.125401973724365,2.6338958740234375,2.6161487102508545,32.659
267,4.116936683654785,4.116936683654785,2.6282296180725098,2.610499858856201,32.7816
268,4.1084723472595215,4.1084723472595215,2.6225733757019043,2.6048617362976074,32.9218
269,4.10001802444458,4.10001802444458,2.616931438446045,2.5992374420166016,33.0479
270,4.09156608581543,4.09156608581543,2.6113102436065674,2.5936341285705566,33.174
271,4.083131790161133,4.083131790161133,2.605696678161621,2.588038921356201,33.2967
272,4.074691295623779,4.074691295623779,2.600097417831421,2.582458019256592,33.4099
273,4.0662665367126465,4.0662665367126465,2.5945160388946533,2.576894998550415,33.53
274,4.057851314544678,4.057851314544678,2.5889461040496826,2.571343183517456,33.6552
275,4.049433708190918,4.049433708190918,2.5833866596221924,2.5658020973205566,33.7772
276,4.041036605834961,4.041036605834961,2.5778398513793945,2.5602729320526123,33.8914
277,4.032635688781738,4.032635688781738,2.5723025798797607,2.5547540187835693,34.0051
278,4.0242462158203125,4.0242462158203125,2.5667850971221924,2.5492546558380127,34.1157
279,4.015864849090576,4.015864849090576,2.561275005340576,2.543762445449829,34.2285
280,4.007504463195801,4.007504463195801,2.555779218673706,2.5382847785949707,34.3438
281,3.9991378784179688,3.9991378784179688,2.5503029823303223,2.5328264236450195,34.4631
282,3.9907760620117188,3.9907760620117188,2.544835329055786,2.527376890182495,34.5803
283,3.9824295043945312,3.9824295043945312,2.5393834114074707,2.5219435691833496,34.6915
284,3.974092960357666,3.974092960357666,2.533947467803955,2.5165257453918457,34.8057
285,3.9657680988311768,3.9657680988311768,2.5285191535949707,2.5111162662506104,34.9207
286,3.9574503898620605,3.9574503898620605,2.523104667663574,2.5057196617126465,35.0263
287,3.949127197265625,3.949127197265625,2.5177080631256104,2.5003418922424316,35.1403
288,3.9408340454101562,3.9408340454101562,2.512320041656494,2.494971752166748,35.2483
289,3.9325339794158936,3.9325339794158936,2.506950855255127,2.48962140083313,35.3562
290,3.924241542816162,3.924241542816162,2.501591444015503,2.4842801094055176,35.4626
291,3.9159634113311768,3.9159634113311768,2.4962430000305176,2.478949785232544,35.5743
292,3.907698392868042,3.907698392868042,2.4909186363220215,2.4736435413360596,35.6839
293,3.8994343280792236,3.8994343280792236,2.4856059551239014,2.468348979949951,35.7933
294,3.891191005706787,3.891191005706787,2.4803073406219482,2.463069200515747,35.9059
295,3.882948398590088,3.882948398590088,2.475022792816162,2.4578025341033936,36.0215
296,3.874711513519287,3.874711513519287,2.4697530269622803,2.4525511264801025,36.1304
297,3.8664937019348145,3.8664937019348145,2.4645028114318848,2.4473190307617188,36.2395
298,3.858280658721924,3.858280658721924,2.4592642784118652,2.442098617553711,36.3527
299,3.8500702381134033,3.8500702381134033,2.4540374279022217,2.436890125274658,36.4621
300,3.8418800830841064,3.8418800830841064,2.4488329887390137,2.431704044342041,36.5722
301,3.833691358566284,3.833691358566284,2.4436447620391846,2.426534652709961,36.6795
302,3.825514554977417,3.825514554977417,2.4384725093841553,2.4213805198669434,36.7892
303,3.817343235015869,3.817343235015869,2.4333131313323975,2.4162399768829346,36.8999
304,3.809187412261963,3.809187412261963,2.428170680999756,2.411115884780884,37.011
305,3.80104398727417,3.80104398727417,2.4230430126190186,2.406006336212158,37.1196
306,3.7929084300994873,3.7929084300994873,2.417933225631714,2.4009146690368652,37.2267
307,3.7847790718078613,3.7847790718078613,2.4128365516662598,2.395836353302002,37.3314
308,3.7766616344451904,3.7766616344451904,2.4077565670013428,2.3907744884490967,37.4395
309,3.7685458660125732,3.7685458660125732,2.4026951789855957,2.3857314586639404,37.5484
310,3.7604517936706543,3.7604517936706543,2.397648334503174,2.3807027339935303,37.6586
311,3.7523605823516846,3.7523605823516846,2.392618417739868,2.3756911754608154,37.7675
312,3.7442786693573,3.7442786693573,2.387601613998413,2.3706932067871094,37.8767
313,3.736219882965088,3.736219882965088,2.3826067447662354,2.3657164573669434,37.9859
314,3.7281596660614014,3.7281596660614014,2.377624034881592,2.3607521057128906,38.0956
315,3.720109462738037,3.720109462738037,2.3726589679718018,2.355804920196533,38.2049
316,3.712066650390625,3.712066650390625,2.367710590362549,2.3508753776550293,38.3208
317,3.704041004180908,3.704041004180908,2.3627800941467285,2.3459625244140625,38.4296
318,3.6960246562957764,3.6960246562957764,2.357862710952759,2.3410637378692627,38.5309
319,3.688021421432495,3.688021421432495,2.3529601097106934,2.33617901802063,38.6356
320,3.680022716522217,3.680022716522217,2.348078966140747,2.3313159942626953,38.7454
321,3.6720378398895264,3.6720378398895264,2.3432154655456543,2.3264708518981934,38.8511
322,3.6640617847442627,3.6640617847442627,2.3383634090423584,2.3216371536254883,38.9562
323,3.6560940742492676,3.6560940742492676,2.333526611328125,2.3168182373046875,39.0639
324,3.648146867752075,3.648146867752075,2.3287086486816406,2.312018871307373,39.1691
325,3.640202283859253,3.640202283859253,2.3239059448242188,2.3072338104248047,39.2784
326,3.632270097732544,3.632270097732544,2.319126844406128,2.302473545074463,39.389
327,3.6243538856506348,3.6243538856506348,2.314361095428467,2.2977254390716553,39.5
328,3.6164422035217285,3.6164422035217285,2.309617757797241,2.2930004596710205,39.6141
329,3.6085357666015625,3.6085357666015625,2.304884672164917,2.288285493850708,39.7207
330,3.600647449493408,3.600647449493408,2.3001675605773926,2.283586025238037,39.8271
331,3.5927700996398926,3.5927700996398926,2.2954726219177246,2.27890944480896,39.9304
332,3.5849037170410156,3.5849037170410156,2.290796995162964,2.2742514610290527,40.0353
333,3.577049732208252,3.577049732208252,2.2861335277557373,2.269606590270996,40.1363
334,3.5692009925842285,3.5692009925842285,2.2814924716949463,2.2649834156036377,40.2403
335,3.5613701343536377,3.5613701343536377,2.2768635749816895,2.2603726387023926,40.3496
336,3.5535435676574707,3.5535435676574707,2.2722556591033936,2.2557826042175293,40.4578
337,3.545732021331787,3.545732021331787,2.2676610946655273,2.251206159591675,40.5702
338,3.537937879562378,3.537937879562378,2.263089418411255,2.246652126312256,40.6798
339,3.5301437377929688,3.5301437377929688,2.2585315704345703,2.242112636566162,40.7834
340,3.522368907928467,3.522368907928467,2.2539947032928467,2.237593650817871,40.8903
341,3.5146002769470215,3.5146002769470215,2.249467372894287,2.233084201812744,40.9951
342,3.5068442821502686,3.5068442821502686,2.2449679374694824,2.228602647781372,41.0999
343,3.49910306930542,3.49910306930542,2.2404773235321045,2.2241299152374268,41.2053
344,3.49137544631958,3.49137544631958,2.236008405685425,2.2196784019470215,41.3099
345,3.483652114868164,3.483652114868164,2.2315621376037598,2.215250015258789,41.4166
346,3.475944995880127,3.475944995880127,2.227126359939575,2.210831880569458,41.5221
347,3.4682464599609375,3.4682464599609375,2.2227158546447754,2.206439256668091,41.6292
348,3.4605579376220703,3.4605579376220703,2.218311071395874,2.202052354812622,41.7359
349,3.452890396118164,3.452890396118164,2.2139315605163574,2.197690486907959,41.855
350,3.4452273845672607,3.4452273845672607,2.2095725536346436,2.1933491230010986,41.9652
351,3.437575578689575,3.437575578689575,2.2052273750305176,2.189021587371826,42.0695
352,3.4299373626708984,3.4299373626708984,2.2009034156799316,2.1847152709960938,42.1802
353,3.4223129749298096,3.4223129749298096,2.196596622467041,2.1804261207580566,42.2848
354,3.414696455001831,3.414696455001831,2.1923012733459473,2.1761484146118164,42.3923
355,3.407090425491333,3.407090425491333,2.188032627105713,2.1718974113464355,42.5054
356,3.399503231048584,3.399503231048584,2.1837849617004395,2.1676673889160156,42.614
357,3.39192271232605,3.39192271232605,2.179547071456909,2.1634469032287598,42.725
358,3.3843600749969482,3.3843600749969482,2.1753337383270264,2.1592507362365723,42.8385
359,3.376802921295166,3.376802921295166,2.1711409091949463,2.1550750732421875,42.9657
360,3.3692538738250732,3.3692538738250732,2.166961193084717,2.1509127616882324,43.0785
361,3.361727476119995,3.361727476119995,2.162804126739502,2.146772861480713,43.1888
362,3.3542094230651855,3.3542094230651855,2.1586623191833496,2.142648696899414,43.3092
363,3.3467020988464355,3.3467020988464355,2.154538154602051,2.1385416984558105,43.4717
364,3.339209794998169,3.339209794998169,2.1504266262054443,2.1344475746154785,43.5881
365,3.331730604171753,3.331730604171753,2.1463398933410645,2.130378246307373,43.701
366,3.3242592811584473,3.3242592811584473,2.1422691345214844,2.1263248920440674,43.8267
367,3.316802978515625,3.316802978515625,2.138218402862549,2.122291088104248,43.9484
368,3.309352397918701,3.309352397918701,2.134190559387207,2.1182804107666016,44.0606
369,3.3019230365753174,3.3019230365753174,2.1301753520965576,2.1142821311950684,44.1713
370,3.2945075035095215,3.2945075035095215,2.1261818408966064,2.1103055477142334,44.2825
371,3.2870986461639404,3.2870986461639404,2.1222033500671387,2.106344223022461,44.398
372,3.279700517654419,3.279700517654419,2.118248462677002,2.1024062633514404,44.5064
373,3.2723236083984375,3.2723236083984375,2.1143126487731934,2.0984878540039062,44.6172
374,3.26495361328125,3.26495361328125,2.1103992462158203,2.0945911407470703,44.7306
375,3.2575926780700684,3.2575926780700684,2.1064982414245605,2.0907070636749268,44.8367
376,3.250248670578003,3.250248670578003,2.102614164352417,2.086839437484741,44.9476
377,3.242914915084839,3.242914915084839,2.098747968673706,2.0829901695251465,45.0556
378,3.235600709915161,3.235600709915161,2.094909191131592,2.0791683197021484,45.1661
379,3.2282943725585938,3.2282943725585938,2.091085433959961,2.0753607749938965,45.2728
380,3.220996379852295,3.220996379852295,2.087277412414551,2.0715694427490234,45.3877
381,3.2137157917022705,3.2137157917022705,2.0834879875183105,2.0677969455718994,45.5101
382,3.206446886062622,3.206446886062622,2.0797195434570312,2.064044952392578,45.6335
383,3.1991968154907227,3.1991968154907227,2.075968027114868,2.060309886932373,45.7492
384,3.191943407058716,3.191943407058716,2.0722336769104004,2.0565922260284424,45.8588
385,3.1847221851348877,3.1847221851348877,2.0685229301452637,2.0528979301452637,45.9716
386,3.1774988174438477,3.1774988174438477,2.0648300647735596,2.0492212772369385,46.0832
387,3.170305013656616,3.170305013656616,2.061159133911133,2.0455667972564697,46.1943
388,3.1631133556365967,3.1631133556365967,2.057506561279297,2.0419299602508545,46.3047
389,3.155932664871216,3.155932664871216,2.0538687705993652,2.038308620452881,46.4236
390,3.148770570755005,3.148770570755005,2.0502514839172363,2.034707546234131,46.5375
391,3.1416115760803223,3.1416115760803223,2.04665207862854,2.0311241149902344,46.6475
392,3.1344778537750244,3.1344778537750244,2.0430707931518555,2.027559280395508,46.7633
393,3.127345323562622,3.127345323562622,2.0395100116729736,2.0240142345428467,46.879
394,3.120239734649658,3.120239734649658,2.03596568107605,2.020486354827881,47.1174
395,3.1131370067596436,3.1131370067596436,2.03244948387146,2.0169858932495117,47.2347
396,3.106051445007324,3.106051445007324,2.028944730758667,2.0134968757629395,47.3834
397,3.0989742279052734,3.0989742279052734,2.025465488433838,2.010033130645752,47.5072
398,3.091918468475342,3.091918468475342,2.022003650665283,2.006587266921997,47.6213
399,3.084873914718628,3.084873914718628,2.018557071685791,2.0031561851501465,47.7418
400,3.0778379440307617,3.0778379440307617,2.0151352882385254,1.9997501373291016,47.8595
401,3.07081937789917,3.07081937789917,2.0117287635803223,1.996358871459961,47.9728
402,3.0638089179992676,3.0638089179992676,2.008338451385498,1.9929845333099365,48.1009
403,3.0568180084228516,3.0568180084228516,2.0049710273742676,1.9896323680877686,48.2323
404,3.049838066101074,3.049838066101074,2.0016112327575684,1.9862886667251587,48.3482
405,3.042872905731201,3.042872905731201,1.9982856512069702,1.9829782247543335,48.4668
406,3.0359222888946533,3.0359222888946533,1.9949687719345093,1.9796768426895142,48.5872
407,3.028979778289795,3.028979778289795,1.991681694984436,1.9764044284820557,48.6994
408,3.022059917449951,3.022059917449951,1.9884090423583984,1.9731471538543701,48.8166
409,3.01513934135437,3.01513934135437,1.9851566553115845,1.9699100255966187,48.9332
410,3.008241653442383,3.008241653442383,1.9819202423095703,1.9666885137557983,49.0492
411,3.0013604164123535,3.0013604164123535,1.978708267211914,1.963491439819336,49.1663
412,2.9944794178009033,2.9944794178009033,1.9755103588104248,1.9603084325790405,49.2764
413,2.9876275062561035,2.9876275062561035,1.9723351001739502,1.9571479558944702,49.3943
414,2.9807798862457275,2.9807798862457275,1.9691779613494873,1.9540058374404907,49.5068
415,2.9739482402801514,2.9739482402801514,1.9660358428955078,1.9508785009384155,49.6155
416,2.967133045196533,2.967133045196533,1.96291184425354,1.9477689266204834,49.7304
417,2.96032977104187,2.96032977104187,1.9598109722137451,1.9446830749511719,49.8431
418,2.9535374641418457,2.9535374641418457,1.9567323923110962,1.9416189193725586,49.9673
419,2.9467601776123047,2.9467601776123047,1.9536755084991455,1.9385764598846436,50.0841
420,2.9399991035461426,2.9399991035461426,1.950630784034729,1.9355461597442627,50.203
421,2.9332518577575684,2.9332518577575684,1.9476054906845093,1.932535171508789,50.3176
422,2.9265213012695312,2.9265213012695312,1.9445960521697998,1.9295402765274048,50.4369
423,2.9198031425476074,2.9198031425476074,1.9416048526763916,1.926563024520874,50.5632
424,2.9130876064300537,2.9130876064300537,1.9386398792266846,1.9236122369766235,50.6802
425,2.9063963890075684,2.9063963890075684,1.9356956481933594,1.9206821918487549,50.7951
426,2.899719476699829,2.899719476699829,1.9327647686004639,1.9177652597427368,50.9108
427,2.893056869506836,2.893056869506836,1.9298584461212158,1.9148727655410767,51.0306
428,2.8864009380340576,2.8864009380340576,1.9269651174545288,1.9119930267333984,51.1452
429,2.879767656326294,2.879767656326294,1.9240968227386475,1.9091386795043945,51.2618
430,2.8731470108032227,2.8731470108032227,1.9212419986724854,1.9062973260879517,51.3738
431,2.866532564163208,2.866532564163208,1.9184067249298096,1.9034759998321533,51.4948
432,2.8599376678466797,2.8599376678466797,1.9155900478363037,1.9006729125976562,51.6089
433,2.853358030319214,2.853358030319214,1.9127906560897827,1.8978869915008545,51.7226
434,2.8467936515808105,2.8467936515808105,1.9100091457366943,1.8951194286346436,51.8353
435,2.8402390480041504,2.8402390480041504,1.907247543334961,1.8923708200454712,51.958
436,2.8336997032165527,2.8336997032165527,1.90450918674469,1.8896458148956299,52.0683
437,2.827181339263916,2.827181339263916,1.9017894268035889,1.8869388103485107,52.1826
438,2.8206675052642822,2.8206675052642822,1.8990894556045532,1.8842521905899048,52.2983
439,2.8141672611236572,2.8141672611236572,1.8964118957519531,1.8815876245498657,52.4125
440,2.807687282562256,2.807687282562256,1.8937431573867798,1.8789317607879639,52.5229
441,2.801226854324341,2.801226854324341,1.891099214553833,1.8763008117675781,52.6354
442,2.794771194458008,2.794771194458008,1.8884754180908203,1.8736896514892578,52.7488
443,2.7883288860321045,2.7883288860321045,1.8858692646026611,1.8710962533950806,52.8661
444,2.7819066047668457,2.7819066047668457,1.8832828998565674,1.8685226440429688,52.9784
445,2.7754929065704346,2.7754929065704346,1.8807103633880615,1.8659626245498657,53.0921
446,2.7691009044647217,2.7691009044647217,1.8781559467315674,1.8634202480316162,53.2076
447,2.7627220153808594,2.7627220153808594,1.8756242990493774,1.8609012365341187,53.3331
448,2.756352424621582,2.756352424621582,1.8731054067611694,1.8583946228027344,53.4506
449,2.7500052452087402,2.7500052452087402,1.8706127405166626,1.8559143543243408,53.5689
450,2.743664264678955,2.743664264678955,1.8681350946426392,1.8534488677978516,53.6917
451,2.7373440265655518,2.7373440265655518,1.8656734228134155,1.8509992361068726,53.8051
452,2.7310335636138916,2.7310335636138916,1.8632358312606812,1.8485736846923828,53.9159
453,2.724735736846924,2.724735736846924,1.8608165979385376,1.8461662530899048,54.0329
454,2.7184548377990723,2.7184548377990723,1.8584057092666626,1.8437671661376953,54.1521
455,2.712189197540283,2.712189197540283,1.8560199737548828,1.841393232345581,54.2681
456,2.7059457302093506,2.7059457302093506,1.8536487817764282,1.8390334844589233,54.3882
457,2.6997039318084717,2.6997039318084717,1.8513004779815674,1.836696982383728,54.5018
458,2.6934876441955566,2.6934876441955566,1.8489692211151123,1.8343772888183594,54.6177
459,2.6872806549072266,2.6872806549072266,1.8466593027114868,1.8320785760879517,54.7331
460,2.6810860633850098,2.6810860633850098,1.8443641662597656,1.8297946453094482,54.845
461,2.6749119758605957,2.6749119758605957,1.8420894145965576,1.8275314569473267,54.9557
462,2.6687419414520264,2.6687419414520264,1.8398268222808838,1.8252795934677124,55.0687
463,2.662600040435791,2.662600040435791,1.8375823497772217,1.8230464458465576,55.184
464,2.656466484069824,2.656466484069824,1.8353687524795532,1.8208433389663696,55.2967
465,2.6503498554229736,2.6503498554229736,1.833165168762207,1.8186508417129517,55.4055
466,2.644249200820923,2.644249200820923,1.830979585647583,1.8164761066436768,55.5156
467,2.638157367706299,2.638157367706299,1.828809380531311,1.8143161535263062,55.6298
468,2.6320862770080566,2.6320862770080566,1.826659917831421,1.8121774196624756,55.7477
469,2.6260204315185547,2.6260204315185547,1.8245261907577515,1.8100541830062866,55.8606
470,2.6199772357940674,2.6199772357940674,1.8224105834960938,1.807949423789978,55.9723
471,2.6139519214630127,2.6139519214630127,1.820312738418579,1.8058617115020752,56.0836
472,2.6079394817352295,2.6079394817352295,1.818231225013733,1.8037898540496826,56.1995
473,2.6019389629364014,2.6019389629364014,1.8161712884902954,1.8017404079437256,56.3147
474,2.5959553718566895,2.5959553718566895,1.8141273260116577,1.7997066974639893,56.4345
475,2.589982748031616,2.589982748031616,1.8120969533920288,1.797685980796814,56.5433
476,2.5840306282043457,2.5840306282043457,1.8100868463516235,1.7956855297088623,56.654
477,2.578092336654663,2.578092336654663,1.8080933094024658,1.7937018871307373,56.7718
478,2.572166919708252,2.572166919708252,1.8061244487762451,1.7917430400848389,56.8865
479,2.5662589073181152,2.5662589073181152,1.804165244102478,1.7897932529449463,57.0003
480,2.5603718757629395,2.5603718757629395,1.802222490310669,1.7878596782684326,57.1102
481,2.554492235183716,2.554492235183716,1.8003036975860596,1.7859503030776978,57.2167
482,2.5486226081848145,2.5486226081848145,1.7983944416046143,1.7840499877929688,57.3231
483,2.542773723602295,2.542773723602295,1.7965126037597656,1.7821773290634155,57.4344
484,2.5369391441345215,2.5369391441345215,1.7946369647979736,1.7803103923797607,57.539
485,2.531126022338867,2.531126022338867,1.7927863597869873,1.7784690856933594,57.6501
486,2.525325059890747,2.525325059890747,1.7909433841705322,1.776634931564331,57.7629
487,2.5195395946502686,2.5195395946502686,1.7891292572021484,1.774829626083374,57.8769
488,2.5137672424316406,2.5137672424316406,1.7873233556747437,1.773032546043396,57.9932
489,2.508005142211914,2.508005142211914,1.7855331897735596,1.7712509632110596,58.1015
490,2.5022640228271484,2.5022640228271484,1.7837597131729126,1.7694858312606812,58.2117
491,2.496544361114502,2.496544361114502,1.7820026874542236,1.7677371501922607,58.32
492,2.490828037261963,2.490828037261963,1.7802646160125732,1.7660071849822998,58.4304
493,2.485128879547119,2.485128879547119,1.7785413265228271,1.7642924785614014,58.5449
494,2.4794507026672363,2.4794507026672363,1.7768474817276,1.7626063823699951,58.6553
495,2.473789930343628,2.473789930343628,1.7751591205596924,1.7609258890151978,58.7656
496,2.4681389331817627,2.4681389331817627,1.773495078086853,1.7592697143554688,58.8776
497,2.46250581741333,2.46250581741333,1.7718311548233032,1.7576137781143188,58.9917
498,2.456882953643799,2.456882953643799,1.7701828479766846,1.755973219871521,59.1085
499,2.451282501220703,2.451282501220703,1.768553376197815,1.7543513774871826,59.2179
500,2.4456896781921387,2.4456896781921387,1.7669389247894287,1.7527443170547485,59.339
501,2.440126419067383,2.440126419067383,1.7653427124023438,1.7511554956436157,59.4472
502,2.434574842453003,2.434574842453003,1.7637739181518555,1.749593734741211,59.5595
503,2.429023027420044,2.429023027420044,1.7622172832489014,1.7480446100234985,59.6654
504,2.4234981536865234,2.4234981536865234,1.7606773376464844,1.746511459350586,59.773
505,2.417989730834961,2.417989730834961,1.7591549158096313,1.7449958324432373,59.8852
506,2.412496566772461,2.412496566772461,1.7576406002044678,1.7434885501861572,59.992
507,2.407017230987549,2.407017230987549,1.7561432123184204,1.7419977188110352,60.1008
508,2.401552200317383,2.401552200317383,1.7546589374542236,1.7405204772949219,60.2119
509,2.3961055278778076,2.3961055278778076,1.753183364868164,1.739051103591919,60.3461
510,2.3906772136688232,2.3906772136688232,1.751721978187561,1.7375965118408203,60.4675
511,2.3852577209472656,2.3852577209472656,1.7502782344818115,1.7361595630645752,60.5939
512,2.3798580169677734,2.3798580169677734,1.7488529682159424,1.7347400188446045,60.7091
513,2.374472141265869,2.374472141265869,1.747448205947876,1.7333415746688843,60.8345
514,2.3691039085388184,2.3691039085388184,1.7460603713989258,1.7319597005844116,60.9523
515,2.3637502193450928,2.3637502193450928,1.744680404663086,1.7305858135223389,61.0687
516,2.3584139347076416,2.3584139347076416,1.743330717086792,1.729241967201233,61.1837
517,2.3530917167663574,2.3530917167663574,1.7419750690460205,1.7278915643692017,61.2968
518,2.3477845191955566,2.3477845191955566,1.7406482696533203,1.7265704870224,61.4077
519,2.3424930572509766,2.3424930572509766,1.7393207550048828,1.7252485752105713,61.5187
520,2.337223768234253,2.337223768234253,1.7380154132843018,1.7239487171173096,61.6281
521,2.3319625854492188,2.3319625854492188,1.7367286682128906,1.7226669788360596,61.7408
522,2.326720714569092,2.326720714569092,1.735447645187378,1.7213914394378662,61.8558
523,2.3214919567108154,2.3214919567108154,1.7341877222061157,1.7201368808746338,61.9686
524,2.3162829875946045,2.3162829875946045,1.7329370975494385,1.718890905380249,62.0811
525,2.3110861778259277,2.3110861778259277,1.7316982746124268,1.7176570892333984,62.1939
526,2.3059113025665283,2.3059113025665283,1.7304725646972656,1.7164363861083984,62.3041
527,2.3007423877716064,2.3007423877716064,1.7292664051055908,1.7152349948883057,62.4295
528,2.2955923080444336,2.2955923080444336,1.7280685901641846,1.7140414714813232,62.5403
529,2.290461778640747,2.290461778640747,1.7268959283828735,1.7128734588623047,62.6509
530,2.2853519916534424,2.2853519916534424,1.7257287502288818,1.7117109298706055,62.7647
531,2.2802443504333496,2.2802443504333496,1.7245814800262451,1.7105674743652344,62.8805
532,2.2751667499542236,2.2751667499542236,1.7234413623809814,1.7094318866729736,62.9921
533,2.27009654045105,2.27009654045105,1.7223148345947266,1.7083091735839844,63.1023
534,2.265045166015625,2.265045166015625,1.7211945056915283,1.7071926593780518,63.2127
535,2.26001238822937,2.26001238822937,1.7200992107391357,1.706101655960083,63.3193
536,2.2549877166748047,2.2549877166748047,1.7190074920654297,1.705013632774353,63.4266
537,2.249986171722412,2.249986171722412,1.7179362773895264,1.7039463520050049,63.5333
538,2.2450015544891357,2.2450015544891357,1.7168724536895752,1.7028858661651611,63.6431
539,2.2400238513946533,2.2400238513946533,1.715822458267212,1.7018392086029053,63.7555
540,2.2350707054138184,2.2350707054138184,1.7147785425186157,1.700798749923706,63.863
541,2.2301299571990967,2.2301299571990967,1.7137495279312134,1.6997730731964111,63.9715
542,2.2252063751220703,2.2252063751220703,1.7127325534820557,1.6987590789794922,64.0789
543,2.220299243927002,2.220299243927002,1.711745023727417,1.697774887084961,64.1846
544,2.2154109477996826,2.2154109477996826,1.7107584476470947,1.6967910528182983,64.2867
545,2.2105345726013184,2.2105345726013184,1.7097885608673096,1.6958242654800415,64.3972
546,2.205676555633545,2.205676555633545,1.7088159322738647,1.6948543787002563,64.5005
547,2.200831413269043,2.200831413269043,1.7078641653060913,1.693905234336853,64.6068
548,2.1960091590881348,2.1960091590881348,1.7069164514541626,1.6929603815078735,64.7111
549,2.191195011138916,2.191195011138916,1.7059844732284546,1.692030906677246,64.8157
550,2.1863975524902344,2.1863975524902344,1.7050724029541016,1.6911211013793945,64.9235
551,2.1816177368164062,2.1816177368164062,1.7041606903076172,1.6902118921279907,65.0336
552,2.176856279373169,2.176856279373169,1.7032638788223267,1.6893173456192017,65.1444
553,2.172111749649048,2.172111749649048,1.7023756504058838,1.6884311437606812,65.2578
554,2.1673808097839355,2.1673808097839355,1.7015100717544556,1.6875673532485962,65.3771
555,2.162670135498047,2.162670135498047,1.7006442546844482,1.6867034435272217,65.508
556,2.1579694747924805,2.1579694747924805,1.6997897624969482,1.6858508586883545,65.6335
557,2.153292179107666,2.153292179107666,1.6989498138427734,1.6850125789642334,65.7549
558,2.1486265659332275,2.1486265659332275,1.698133111000061,1.684197187423706,65.8644
559,2.143970012664795,2.143970012664795,1.6973190307617188,1.683384656906128,65.9758
560,2.139343500137329,2.139343500137329,1.6965214014053345,1.6825882196426392,66.0848
561,2.1347248554229736,2.1347248554229736,1.6957248449325562,1.681793212890625,66.1926
562,2.1301209926605225,2.1301209926605225,1.694929838180542,1.6809993982315063,66.2965
563,2.125535488128662,2.125535488128662,1.694148302078247,1.6802189350128174,66.4022
564,2.120967388153076,2.120967388153076,1.6933797597885132,1.6794513463974,66.5095
565,2.1164159774780273,2.1164159774780273,1.6926124095916748,1.678685188293457,66.6193
566,2.111879348754883,2.111879348754883,1.6918489933013916,1.6779229640960693,66.7272
567,2.107365131378174,2.107365131378174,1.691110610961914,1.6771854162216187,66.8313
568,2.1028518676757812,2.1028518676757812,1.6903775930404663,1.6764529943466187,66.9358
569,2.0983686447143555,2.0983686447143555,1.6896671056747437,1.6757431030273438,67.0433
570,2.0938966274261475,2.0938966274261475,1.688965082168579,1.6750411987304688,67.1512
571,2.089444637298584,2.089444637298584,1.688271164894104,1.6743475198745728,67.2591
572,2.0849997997283936,2.0849997997283936,1.6875839233398438,1.6736605167388916,67.3646
573,2.0805749893188477,2.0805749893188477,1.6869029998779297,1.6729800701141357,67.4703
574,2.0761725902557373,2.0761725902557373,1.6862342357635498,1.6723110675811768,67.5745
575,2.0717854499816895,2.0717854499816895,1.6855533123016357,1.6716302633285522,67.6789
576,2.0674095153808594,2.0674095153808594,1.6848948001861572,1.6709716320037842,67.7858
577,2.063049554824829,2.063049554824829,1.6842372417449951,1.670314073562622,67.89
578,2.0587105751037598,2.0587105751037598,1.6836063861846924,1.6696828603744507,67.993
579,2.0543789863586426,2.0543789863586426,1.6829793453216553,1.6690555810928345,68.1106
580,2.0500733852386475,2.0500733852386475,1.6823638677597046,1.6684396266937256,68.228
581,2.045778274536133,2.045778274536133,1.6817508935928345,1.6678260564804077,68.3381
582,2.041504383087158,2.041504383087158,1.6811532974243164,1.6672279834747314,68.4435
583,2.0372369289398193,2.0372369289398193,1.6805579662322998,1.666632056236267,68.5556
584,2.032994270324707,2.032994270324707,1.6799770593643188,1.6660501956939697,68.6611
585,2.0287678241729736,2.0287678241729736,1.6793874502182007,1.6654598712921143,68.7689
586,2.024552822113037,2.024552822113037,1.6788146495819092,1.664886474609375,68.8769
587,2.0203511714935303,2.0203511714935303,1.678235650062561,1.664306402206421,68.9795
588,2.016174077987671,2.016174077987671,1.6776692867279053,1.6637392044067383,69.0815
589,2.012009620666504,2.012009620666504,1.6771160364151,1.6631847620010376,69.1862
590,2.00785756111145,2.00785756111145,1.6765772104263306,1.662644624710083,69.3006
591,2.0037269592285156,2.0037269592285156,1.676042914390564,1.6621087789535522,69.413
592,1.999608039855957,1.999608039855957,1.6755081415176392,1.6615724563598633,69.523
593,1.9955085515975952,1.9955085515975952,1.6749849319458008,1.6610479354858398,69.6288
594,1.9914257526397705,1.9914257526397705,1.6744763851165771,1.6605374813079834,69.7393
595,1.9873569011688232,1.9873569011688232,1.6739680767059326,1.6600275039672852,69.8504
596,1.9833043813705444,1.9833043813705444,1.6734697818756104,1.6595274209976196,69.9601
597,1.9792693853378296,1.9792693853378296,1.6729862689971924,1.6590423583984375,70.0679
598,1.9752492904663086,1.9752492904663086,1.6724863052368164,1.6585403680801392,70.1722
599,1.9712413549423218,1.9712413549423218,1.6719977855682373,1.658050298690796,70.2856
600,1.9672515392303467,1.9672515392303467,1.6715123653411865,1.6575626134872437,70.3946
601,1.9632816314697266,1.9632816314697266,1.6710407733917236,1.6570888757705688,70.5015
602,1.9593267440795898,1.9593267440795898,1.6705694198608398,1.6566156148910522,70.6076
603,1.9553838968276978,1.9553838968276978,1.6701080799102783,1.6561520099639893,70.7155
604,1.9514577388763428,1.9514577388763428,1.6696535348892212,1.6556949615478516,70.8221
605,1.9475488662719727,1.9475488662719727,1.6692043542861938,1.6552432775497437,70.9262
606,1.9436525106430054,1.9436525106430054,1.6687710285186768,1.6548078060150146,71.0333
607,1.9397752285003662,1.9397752285003662,1.6683385372161865,1.6543724536895752,71.1403
608,1.935917615890503,1.935917615890503,1.6679162979125977,1.6539475917816162,71.2474
609,1.9320666790008545,1.9320666790008545,1.6674909591674805,1.6535193920135498,71.35
610,1.9282394647598267,1.9282394647598267,1.6670681238174438,1.653093934059143,71.4484
611,1.9244245290756226,1.9244245290756226,1.6666581630706787,1.6526811122894287,71.5554
612,1.9206292629241943,1.9206292629241943,1.6662418842315674,1.652261734008789,71.676
613,1.916844129562378,1.916844129562378,1.66583251953125,1.6518497467041016,71.7893
614,1.9130752086639404,1.9130752086639404,1.665429711341858,1.6514438390731812,71.9006
615,1.909322738647461,1.909322738647461,1.6650291681289673,1.6510404348373413,72.0141
616,1.9055877923965454,1.9055877923965454,1.664624571800232,1.650632619857788,72.1239
617,1.9018653631210327,1.9018653631210327,1.6642436981201172,1.6502485275268555,72.2275
618,1.898162841796875,1.898162841796875,1.6638784408569336,1.649880051612854,72.3323
619,1.8944759368896484,1.8944759368896484,1.6635019779205322,1.6495002508163452,72.4491
620,1.8907970190048218,1.8907970190048218,1.6631271839141846,1.6491219997406006,72.5617
621,1.8871409893035889,1.8871409893035889,1.6627613306045532,1.6487525701522827,72.6691
622,1.8834989070892334,1.8834989070892334,1.6623945236206055,1.648382544517517,72.782
623,1.8798682689666748,1.8798682689666748,1.6620285511016846,1.6480127573013306,72.8862
624,1.8762595653533936,1.8762595653533936,1.661665678024292,1.6476463079452515,72.9942
625,1.8726627826690674,1.8726627826690674,1.6613094806671143,1.6472861766815186,73.107
626,1.8690840005874634,1.8690840005874634,1.6609588861465454,1.6469322443008423,73.2212
627,1.865518569946289,1.865518569946289,1.6606117486953735,1.6465810537338257,73.3303
628,1.8619636297225952,1.8619636297225952,1.6602680683135986,1.6462337970733643,73.4317
629,1.8584333658218384,1.8584333658218384,1.6599174737930298,1.6458790302276611,73.5305
630,1.8549169301986694,1.8549169301986694,1.6595919132232666,1.6455494165420532,73.6376
631,1.8514115810394287,1.8514115810394287,1.6592671871185303,1.6452207565307617,73.7448
632,1.847922921180725,1.847922921180725,1.6589361429214478,1.6448853015899658,73.8468
633,1.8444522619247437,1.8444522619247437,1.658612847328186,1.6445579528808594,73.9542
634,1.840989112854004,1.840989112854004,1.6582921743392944,1.644232988357544,74.0586
635,1.8375505208969116,1.8375505208969116,1.657970666885376,1.6439073085784912,74.1647
636,1.8341156244277954,1.8341156244277954,1.657647728919983,1.643580436706543,74.2749
637,1.8307039737701416,1.8307039737701416,1.6573333740234375,1.6432616710662842,74.3788
638,1.8273036479949951,1.8273036479949951,1.6570183038711548,1.642942190170288,74.4784
639,1.823923110961914,1.823923110961914,1.6567039489746094,1.6426236629486084,74.5812
640,1.8205573558807373,1.8205573558807373,1.6564010381698608,1.642316460609436,74.6942
641,1.8172022104263306,1.8172022104263306,1.6560966968536377,1.6420074701309204,74.7938
642,1.8138622045516968,1.8138622045516968,1.655795693397522,1.6417019367218018,74.8892
643,1.8105436563491821,1.8105436563491821,1.6554975509643555,1.6413990259170532,74.9841
644,1.8072353601455688,1.8072353601455688,1.6551990509033203,1.6410961151123047,75.0828
645,1.8039398193359375,1.8039398193359375,1.6549036502838135,1.6407957077026367,75.1923
646,1.8006633520126343,1.8006633520126343,1.654615044593811,1.6405023336410522,75.3007
647,1.7973978519439697,1.7973978519439697,1.654327392578125,1.6402097940444946,75.4038
648,1.7941491603851318,1.7941491603851318,1.65403151512146,1.6399093866348267,75.5012
649,1.7909109592437744,1.7909109592437744,1.6537421941757202,1.6396152973175049,75.5987
650,1.787692666053772,1.787692666053772,1.6534627676010132,1.6393306255340576,75.7032
651,1.784484624862671,1.784484624862671,1.6531753540039062,1.639038324356079,75.8053
652,1.781298279762268,1.781298279762268,1.6529009342193604,1.638758659362793,75.9034
653,1.7781177759170532,1.7781177759170532,1.6526126861572266,1.6384656429290771,76.0017
654,1.774958848953247,1.774958848953247,1.6523323059082031,1.638180136680603,76.1048
655,1.7718111276626587,1.7718111276626587,1.6520469188690186,1.6378898620605469,76.2038
656,1.7686796188354492,1.7686796188354492,1.6517670154571533,1.6376049518585205,76.3035
657,1.765560507774353,1.765560507774353,1.6514848470687866,1.6373176574707031,76.4089
658,1.7624574899673462,1.7624574899673462,1.651201844215393,1.6370294094085693,76.508
659,1.7593662738800049,1.7593662738800049,1.6509374380111694,1.6367597579956055,76.6102
660,1.7562958002090454,1.7562958002090454,1.650659203529358,1.6364765167236328,76.7133
661,1.7532297372817993,1.7532297372817993,1.6503986120224,1.6362106800079346,76.8162
662,1.7501838207244873,1.7501838207244873,1.6501373052597046,1.6359436511993408,76.917
663,1.7471513748168945,1.7471513748168945,1.6498692035675049,1.6356699466705322,77.0208
664,1.7441343069076538,1.7441343069076538,1.6495994329452515,1.6353950500488281,77.1238
665,1.7411285638809204,1.7411285638809204,1.6493358612060547,1.6351261138916016,77.2293
666,1.7381387948989868,1.7381387948989868,1.6490669250488281,1.6348514556884766,77.3421
667,1.73516047000885,1.73516047000885,1.648787260055542,1.6345666646957397,77.5007
668,1.732198715209961,1.732198715209961,1.6485201120376587,1.634293794631958,77.635
669,1.7292490005493164,1.7292490005493164,1.6482435464859009,1.6340118646621704,77.779
670,1.7263176441192627,1.7263176441192627,1.6479856967926025,1.6337482929229736,77.9577
671,1.7233957052230835,1.7233957052230835,1.6477320194244385,1.6334888935089111,78.107
672,1.7204906940460205,1.7204906940460205,1.6474612951278687,1.633212685585022,78.2499
673,1.7175967693328857,1.7175967693328857,1.6472053527832031,1.632950782775879,78.3779
674,1.7147159576416016,1.7147159576416016,1.646950125694275,1.6326900720596313,78.5075
675,1.711849570274353,1.711849570274353,1.6466913223266602,1.6324255466461182,78.6137
676,1.7089964151382446,1.7089964151382446,1.646423101425171,1.6321518421173096,78.7225
677,1.7061607837677002,1.7061607837677002,1.646153450012207,1.6318763494491577,78.833
678,1.7033336162567139,1.7033336162567139,1.6458876132965088,1.631604790687561,78.9453
679,1.7005233764648438,1.7005233764648438,1.6456272602081299,1.6313387155532837,79.0564
680,1.6977202892303467,1.6977202892303467,1.6453574895858765,1.6310632228851318,79.1657
681,1.6949371099472046,1.6949371099472046,1.6450856924057007,1.6307857036590576,79.2769
682,1.6921665668487549,1.6921665668487549,1.6448211669921875,1.630515456199646,79.3834
683,1.6894086599349976,1.6894086599349976,1.6445614099502563,1.6302499771118164,79.5011
684,1.6866636276245117,1.6866636276245117,1.644299864768982,1.6299827098846436,79.6084
685,1.6839334964752197,1.6839334964752197,1.6440379619598389,1.6297147274017334,79.7167
686,1.6812105178833008,1.6812105178833008,1.6437957286834717,1.6294664144515991,79.8172
687,1.6785075664520264,1.6785075664520264,1.6435362100601196,1.6292009353637695,79.9182
688,1.6758140325546265,1.6758140325546265,1.6432781219482422,1.628937005996704,80.0179
689,1.6731369495391846,1.6731369495391846,1.6430151462554932,1.6286678314208984,80.1264
690,1.6704699993133545,1.6704699993133545,1.642740249633789,1.628387451171875,80.2308
691,1.667816162109375,1.667816162109375,1.6424713134765625,1.6281121969223022,80.3369
692,1.665178894996643,1.665178894996643,1.6421817541122437,1.627817153930664,80.4398
693,1.66254460811615,1.66254460811615,1.641900658607483,1.6275303363800049,80.5486
694,1.659934401512146,1.659934401512146,1.6416248083114624,1.6272484064102173,80.6609
695,1.657331109046936,1.657331109046936,1.6413472890853882,1.6269649267196655,80.7682
696,1.654740333557129,1.654740333557129,1.6410843133926392,1.6266958713531494,80.877
697,1.6521642208099365,1.6521642208099365,1.6408188343048096,1.6264241933822632,80.9801
698,1.6496007442474365,1.6496007442474365,1.6405690908432007,1.6261682510375977,81.0855
699,1.6470485925674438,1.6470485925674438,1.6403049230575562,1.625898003578186,81.1902
700,1.6445080041885376,1.6445080041885376,1.6400501728057861,1.6256366968154907,81.2987
701,1.6419851779937744,1.6419851779937744,1.6397781372070312,1.6253588199615479,81.4071
702,1.63946533203125,1.63946533203125,1.63949716091156,1.6250717639923096,81.5119
703,1.6369647979736328,1.6369647979736328,1.6392021179199219,1.6247707605361938,81.6122
704,1.6344757080078125,1.6344757080078125,1.6389204263687134,1.6244831085205078,81.718
705,1.6319973468780518,1.6319973468780518,1.638624906539917,1.6241817474365234,81.824
706,1.6295347213745117,1.6295347213745117,1.6383346319198608,1.6238857507705688,81.9219
707,1.627081274986267,1.627081274986267,1.6380517482757568,1.6235967874526978,82.0197
708,1.6246392726898193,1.6246392726898193,1.6377594470977783,1.6232982873916626,82.1248
709,1.6222110986709595,1.6222110986709595,1.6375007629394531,1.6230331659317017,82.2326
710,1.6197916269302368,1.6197916269302368,1.637241005897522,1.6227670907974243,82.3356
711,1.6173852682113647,1.6173852682113647,1.6369597911834717,1.622480034828186,82.4479
712,1.6149994134902954,1.6149994134902954,1.6366716623306274,1.622185468673706,82.552
713,1.6126163005828857,1.6126163005828857,1.6363847255706787,1.6218926906585693,82.6536
714,1.610245704650879,1.610245704650879,1.6360946893692017,1.6215965747833252,82.7618
715,1.6078885793685913,1.6078885793685913,1.6357967853546143,1.6212924718856812,82.8671
716,1.6055419445037842,1.6055419445037842,1.6355066299438477,1.6209962368011475,82.9707
717,1.603208303451538,1.603208303451538,1.6351978778839111,1.6206817626953125,83.0712
718,1.6008847951889038,1.6008847951889038,1.6349058151245117,1.6203835010528564,83.1741
719,1.5985748767852783,1.5985748767852783,1.634609580039978,1.6200809478759766,83.2807
720,1.5962743759155273,1.5962743759155273,1.634307861328125,1.619773268699646,83.4353
721,1.593987226486206,1.593987226486206,1.6340078115463257,1.6194671392440796,83.5436
722,1.5917086601257324,1.5917086601257324,1.6337206363677979,1.6191737651824951,83.6536
723,1.589443325996399,1.589443325996399,1.633427381515503,1.618873953819275,83.9481
724,1.587192177772522,1.587192177772522,1.633121132850647,1.6185619831085205,84.1299
725,1.5849487781524658,1.5849487781524658,1.6328182220458984,1.6182531118392944,84.2685
726,1.582719087600708,1.582719087600708,1.632516860961914,1.6179453134536743,84.3949
727,1.5804976224899292,1.5804976224899292,1.6322109699249268,1.6176332235336304,84.5152
728,1.578291654586792,1.578291654586792,1.6318975687026978,1.6173139810562134,84.6181
729,1.5760952234268188,1.5760952234268188,1.6315891742706299,1.6169993877410889,84.7212
730,1.5739028453826904,1.5739028453826904,1.6312614679336548,1.6166660785675049,84.826
731,1.5717277526855469,1.5717277526855469,1.6309375762939453,1.6163361072540283,84.934
732,1.5695602893829346,1.5695602893829346,1.6306121349334717,1.6160049438476562,85.041
733,1.5674079656600952,1.5674079656600952,1.6302964687347412,1.6156833171844482,85.1491
734,1.5652666091918945,1.5652666091918945,1.6299842596054077,1.6153647899627686,85.2538
735,1.56313157081604,1.56313157081604,1.6296756267547607,1.6150500774383545,85.3581
736,1.5610108375549316,1.5610108375549316,1.6293537616729736,1.6147220134735107,85.4529
737,1.5589025020599365,1.5589025020599365,1.6290361881256104,1.6143983602523804,85.5533
738,1.55680251121521,1.55680251121521,1.6287111043930054,1.6140676736831665,85.6494
739,1.5547113418579102,1.5547113418579102,1.6283868551254272,1.6137373447418213,85.7541
740,1.5526292324066162,1.5526292324066162,1.6280590295791626,1.613403558731079,85.8579
741,1.550559401512146,1.550559401512146,1.627722978591919,1.6130613088607788,85.96
742,1.5485025644302368,1.5485025644302368,1.6273841857910156,1.6127166748046875,86.0594
743,1.5464537143707275,1.5464537143707275,1.627031922340393,1.6123584508895874,86.1617
744,1.5444135665893555,1.5444135665893555,1.6266858577728271,1.6120067834854126,86.2643
745,1.5423901081085205,1.5423901081085205,1.6263500452041626,1.6116645336151123,86.3677
746,1.5403721332550049,1.5403721332550049,1.6260156631469727,1.6113243103027344,86.4694
747,1.5383679866790771,1.5383679866790771,1.6256706714630127,1.6109731197357178,86.5681
748,1.5363689661026,1.5363689661026,1.6253376007080078,1.610634207725525,86.6677
749,1.53438138961792,1.53438138961792,1.6250066757202148,1.610297441482544,86.7663
750,1.5324007272720337,1.5324007272720337,1.6246588230133057,1.6099433898925781,86.8708
751,1.530440092086792,1.530440092086792,1.6243183612823486,1.609596848487854,86.9734
752,1.5284786224365234,1.5284786224365234,1.6239612102508545,1.6092342138290405,87.0755
753,1.5265358686447144,1.5265358686447144,1.6235988140106201,1.6088660955429077,87.1737
754,1.5245939493179321,1.5245939493179321,1.6232362985610962,1.6084978580474854,87.2736
755,1.5226645469665527,1.5226645469665527,1.62288498878479,1.6081407070159912,87.3762
756,1.5207477807998657,1.5207477807998657,1.6225131750106812,1.6077632904052734,87.4771
757,1.5188422203063965,1.5188422203063965,1.622153878211975,1.607398271560669,87.5725
758,1.5169427394866943,1.5169427394866943,1.621791124343872,1.6070295572280884,87.6702
759,1.5150549411773682,1.5150549411773682,1.6214401721954346,1.6066726446151733,87.7689
760,1.513174295425415,1.513174295425415,1.6210811138153076,1.6063077449798584,87.8712
761,1.5113013982772827,1.5113013982772827,1.6207172870635986,1.605938196182251,87.9827
762,1.5094422101974487,1.5094422101974487,1.6203479766845703,1.6055634021759033,88.0934
763,1.507595181465149,1.507595181465149,1.6199662685394287,1.6051762104034424,88.1995
764,1.5057470798492432,1.5057470798492432,1.6195834875106812,1.6047874689102173,88.3027
765,1.5039150714874268,1.5039150714874268,1.619200348854065,1.6043987274169922,88.4075
766,1.5020936727523804,1.5020936727523804,1.6188220977783203,1.6040151119232178,88.5196
767,1.500280737876892,1.500280737876892,1.6184418201446533,1.6036288738250732,88.6213
768,1.498473048210144,1.498473048210144,1.6180660724639893,1.6032474040985107,88.7203
769,1.4966819286346436,1.4966819286346436,1.617687463760376,1.6028633117675781,88.8179
770,1.4948924779891968,1.4948924779891968,1.6173015832901,1.6024717092514038,88.9195
771,1.4931137561798096,1.4931137561798096,1.6169254779815674,1.6020901203155518,89.0171
772,1.4913462400436401,1.4913462400436401,1.6165354251861572,1.601694107055664,89.1186
773,1.4895848035812378,1.4895848035812378,1.6161407232284546,1.601293921470642,89.223
774,1.487833857536316,1.487833857536316,1.615743637084961,1.600891351699829,89.3237
775,1.4860934019088745,1.4860934019088745,1.6153484582901,1.6004905700683594,89.4226
776,1.4843553304672241,1.4843553304672241,1.6149494647979736,1.6000862121582031,89.524
777,1.4826343059539795,1.4826343059539795,1.614542007446289,1.5996736288070679,89.6244
778,1.4809160232543945,1.4809160232543945,1.6141449213027954,1.5992708206176758,89.7303
779,1.479210615158081,1.479210615158081,1.6137473583221436,1.5988677740097046,89.8313
780,1.4775110483169556,1.4775110483169556,1.613345742225647,1.5984604358673096,89.9316
781,1.4758204221725464,1.4758204221725464,1.6129405498504639,1.5980504751205444,90.0362
782,1.4741395711898804,1.4741395711898804,1.6125361919403076,1.5976403951644897,90.1343
783,1.4724667072296143,1.4724667072296143,1.6121399402618408,1.5972386598587036,90.2384
784,1.4708037376403809,1.4708037376403809,1.611730933189392,1.5968246459960938,90.3381
785,1.4691474437713623,1.4691474437713623,1.61130690574646,1.5963952541351318,90.4341
786,1.467495322227478,1.467495322227478,1.610891342163086,1.5959742069244385,90.539
787,1.465855360031128,1.465855360031128,1.6104742288589478,1.5955517292022705,90.6388
788,1.4642219543457031,1.4642219543457031,1.6100380420684814,1.5951104164123535,90.7504
789,1.4626010656356812,1.4626010656356812,1.6096227169036865,1.594689965248108,90.8478
790,1.4609827995300293,1.4609827995300293,1.609198808670044,1.594260573387146,90.9463
791,1.4593760967254639,1.4593760967254639,1.6087753772735596,1.593832015991211,91.0448
792,1.457776427268982,1.457776427268982,1.6083652973175049,1.5934165716171265,91.1427
793,1.4561853408813477,1.4561853408813477,1.6079381704330444,1.5929843187332153,91.2434
794,1.4546003341674805,1.4546003341674805,1.6075193881988525,1.592560052871704,91.3415
795,1.4530292749404907,1.4530292749404907,1.6070899963378906,1.592125415802002,91.4414
796,1.4514596462249756,1.4514596462249756,1.6066488027572632,1.591679334640503,91.5452
797,1.4498989582061768,1.4498989582061768,1.6061980724334717,1.5912234783172607,91.6463
798,1.4483484029769897,1.4483484029769897,1.6057621240615845,1.5907825231552124,91.748
799,1.4468011856079102,1.4468011856079102,1.6053199768066406,1.5903352499008179,91.8537
800,1.4452669620513916,1.4452669620513916,1.6048755645751953,1.589885950088501,91.955
801,1.4437373876571655,1.4437373876571655,1.6044273376464844,1.589432716369629,92.0561
802,1.4422134160995483,1.4422134160995483,1.6039959192276,1.588996171951294,92.1547
803,1.4407012462615967,1.4407012462615967,1.603554129600525,1.5885493755340576,92.2566
804,1.4391958713531494,1.4391958713531494,1.6031081676483154,1.5880985260009766,92.3766
805,1.4376951456069946,1.4376951456069946,1.6026535034179688,1.5876388549804688,92.4857
806,1.4362033605575562,1.4362033605575562,1.6022045612335205,1.5871851444244385,92.5909
807,1.4347198009490967,1.4347198009490967,1.601758360862732,1.5867338180541992,92.6965
808,1.433241605758667,1.433241605758667,1.6013069152832031,1.5862773656845093,92.8036
809,1.4317734241485596,1.4317734241485596,1.60086190700531,1.5858275890350342,92.9112
810,1.4303090572357178,1.4303090572357178,1.6003955602645874,1.58535635471344,93.0167
811,1.42885422706604,1.42885422706604,1.5999386310577393,1.5848947763442993,93.1216
812,1.42740797996521,1.42740797996521,1.5994659662246704,1.5844173431396484,93.2294
813,1.4259663820266724,1.4259663820266724,1.5990016460418701,1.5839483737945557,93.3357
814,1.4245326519012451,1.4245326519012451,1.5985263586044312,1.5834681987762451,93.4466
815,1.4231048822402954,1.4231048822402954,1.5980720520019531,1.583009123802185,93.5488
816,1.421686053276062,1.421686053276062,1.5976089239120483,1.5825409889221191,93.6529
817,1.420272946357727,1.420272946357727,1.5971465110778809,1.5820739269256592,93.7585
818,1.4188685417175293,1.4188685417175293,1.5966825485229492,1.5816051959991455,93.8656
819,1.4174699783325195,1.4174699783325195,1.59621000289917,1.5811278820037842,93.9712
820,1.4160776138305664,1.4160776138305664,1.595750093460083,1.5806630849838257,94.077
821,1.4146921634674072,1.4146921634674072,1.5952658653259277,1.580174446105957,94.1868
822,1.4133135080337524,1.4133135080337524,1.5947887897491455,1.5796928405761719,94.2897
823,1.4119409322738647,1.4119409322738647,1.5943076610565186,1.579207181930542,94.3978
824,1.4105768203735352,1.4105768203735352,1.5938259363174438,1.5787208080291748,94.504
825,1.4092190265655518,1.4092190265655518,1.593340516090393,1.5782312154769897,94.6109
826,1.4078680276870728,1.4078680276870728,1.5928500890731812,1.5777361392974854,94.7175
827,1.4065240621566772,1.4065240621566772,1.5923683643341064,1.5772498846054077,94.8242
828,1.4051820039749146,1.4051820039749146,1.591873288154602,1.5767505168914795,94.9334
829,1.4038512706756592,1.4038512706756592,1.5914055109024048,1.5762780904769897,95.0398
830,1.4025253057479858,1.4025253057479858,1.590918779373169,1.575786828994751,95.1452
831,1.4012044668197632,1.4012044668197632,1.5904256105422974,1.5752893686294556,95.2524
832,1.3998935222625732,1.3998935222625732,1.5899356603622437,1.574794888496399,95.4664
833,1.3985867500305176,1.3985867500305176,1.5894376039505005,1.5742924213409424,95.5718
834,1.3972856998443604,1.3972856998443604,1.5889379978179932,1.5737885236740112,95.6774
835,1.3959925174713135,1.3959925174713135,1.5884422063827515,1.5732886791229248,95.7813
836,1.3947051763534546,1.3947051763534546,1.587946891784668,1.5727888345718384,95.8864
837,1.393423318862915,1.393423318862915,1.5874494314193726,1.57228684425354,95.9927
838,1.3921494483947754,1.3921494483947754,1.586949348449707,1.5717824697494507,96.0997
839,1.3908803462982178,1.3908803462982178,1.5864404439926147,1.5712695121765137,96.2015
840,1.3896175622940063,1.3896175622940063,1.5859336853027344,1.570758581161499,96.3004
841,1.3883594274520874,1.3883594274520874,1.5854370594024658,1.5702576637268066,96.3986
842,1.38710618019104,1.38710618019104,1.5849374532699585,1.5697534084320068,96.5002
843,1.3858639001846313,1.3858639001846313,1.58444082736969,1.5692529678344727,96.5987
844,1.3846256732940674,1.3846256732940674,1.5839271545410156,1.5687353610992432,96.7022
845,1.383390188217163,1.383390188217163,1.583417534828186,1.5682212114334106,96.8028
846,1.3821667432785034,1.3821667432785034,1.582900047302246,1.5676997900009155,96.9044
847,1.3809406757354736,1.3809406757354736,1.5823869705200195,1.5671827793121338,97.0059
848,1.3797264099121094,1.3797264099121094,1.5818736553192139,1.5666654109954834,97.1034
849,1.3785150051116943,1.3785150051116943,1.5813579559326172,1.566145658493042,97.2021
850,1.3773126602172852,1.3773126602172852,1.5808422565460205,1.5656259059906006,97.3017
851,1.3761152029037476,1.3761152029037476,1.5803334712982178,1.565112829208374,97.3992
852,1.3749206066131592,1.3749206066131592,1.5798158645629883,1.5645911693572998,97.4997
853,1.3737331628799438,1.3737331628799438,1.5793111324310303,1.564082384109497,97.5915
854,1.3725488185882568,1.3725488185882568,1.5787858963012695,1.5635535717010498,97.6936
855,1.371374487876892,1.371374487876892,1.5782550573349,1.563019037246704,97.7885
856,1.3702061176300049,1.3702061176300049,1.577723741531372,1.5624836683273315,97.8882
857,1.3690404891967773,1.3690404891967773,1.577202320098877,1.5619581937789917,97.9913
858,1.3678807020187378,1.3678807020187378,1.5766594409942627,1.5614116191864014,98.0843
859,1.3667247295379639,1.3667247295379639,1.5761409997940063,1.5608892440795898,98.1793
860,1.365576982498169,1.365576982498169,1.5756092071533203,1.5603536367416382,98.2723
861,1.3644353151321411,1.3644353151321411,1.5750868320465088,1.559827446937561,98.3707
862,1.3632962703704834,1.3632962703704834,1.5745600461959839,1.5592968463897705,98.4709
863,1.36216139793396,1.36216139793396,1.5740346908569336,1.5587674379348755,98.5716
864,1.3610337972640991,1.3610337972640991,1.5735050439834595,1.5582340955734253,98.6695
865,1.359914779663086,1.359914779663086,1.5729742050170898,1.55769944190979,98.7677
866,1.3587963581085205,1.3587963581085205,1.5724291801452637,1.5571506023406982,98.8619
867,1.357683539390564,1.357683539390564,1.5719008445739746,1.5566186904907227,98.9614
868,1.356576919555664,1.356576919555664,1.571351408958435,1.5560656785964966,99.065
869,1.3554731607437134,1.3554731607437134,1.570807933807373,1.5555187463760376,99.1649
870,1.3543803691864014,1.3543803691864014,1.5702595710754395,1.554966688156128,99.2658
871,1.3532875776290894,1.3532875776290894,1.5697230100631714,1.5544264316558838,99.3666
872,1.3522007465362549,1.3522007465362549,1.5691819190979004,1.5538815259933472,99.462
873,1.3511199951171875,1.3511199951171875,1.5686546564102173,1.5533506870269775,99.5809
874,1.3500398397445679,1.3500398397445679,1.5681291818618774,1.5528215169906616,99.6859
875,1.3489718437194824,1.3489718437194824,1.5675867795944214,1.5522756576538086,99.7832
876,1.347905158996582,1.347905158996582,1.5670450925827026,1.5517303943634033,99.8799
877,1.3468434810638428,1.3468434810638428,1.566496729850769,1.5511783361434937,99.9783
878,1.3457869291305542,1.3457869291305542,1.5659546852111816,1.5506328344345093,100.0841
879,1.344732642173767,1.344732642173767,1.565391182899475,1.5500662326812744,100.1832
880,1.3436864614486694,1.3436864614486694,1.564838171005249,1.5495100021362305,100.2819
881,1.3426430225372314,1.3426430225372314,1.5642716884613037,1.5489403009414673,100.3846
882,1.3416023254394531,1.3416023254394531,1.5637189149856567,1.5483839511871338,100.4812
883,1.3405717611312866,1.3405717611312866,1.5631636381149292,1.5478253364562988,100.5773
884,1.339545726776123,1.339545726776123,1.5626146793365479,1.54727303981781,100.6808
885,1.3385199308395386,1.3385199308395386,1.56208336353302,1.5467382669448853,100.7785
886,1.3375006914138794,1.3375006914138794,1.5615317821502686,1.5461833477020264,100.8707
887,1.3364847898483276,1.3364847898483276,1.5609674453735352,1.545615553855896,100.9672
888,1.3354727029800415,1.3354727029800415,1.5604159832000732,1.5450607538223267,101.0645
889,1.3344672918319702,1.3344672918319702,1.5598547458648682,1.5444962978363037,101.1594
890,1.3334672451019287,1.3334672451019287,1.559296727180481,1.5439350605010986,101.2585
891,1.3324705362319946,1.3324705362319946,1.5587440729141235,1.5433789491653442,101.3594
892,1.331477165222168,1.331477165222168,1.5581791400909424,1.5428107976913452,101.4547
893,1.3304897546768188,1.3304897546768188,1.5576105117797852,1.5422391891479492,101.5508
894,1.3295037746429443,1.3295037746429443,1.557050347328186,1.5416755676269531,101.6459
895,1.3285248279571533,1.3285248279571533,1.556475043296814,1.5410972833633423,101.7463
896,1.3275511264801025,1.3275511264801025,1.5559275150299072,1.5405462980270386,101.8456
897,1.3265804052352905,1.3265804052352905,1.5553719997406006,1.539987564086914,101.9413
898,1.3256157636642456,1.3256157636642456,1.5548112392425537,1.539423942565918,102.0402
899,1.3246513605117798,1.3246513605117798,1.5542452335357666,1.5388545989990234,102.1383
900,1.323695182800293,1.323695182800293,1.5536781549453735,1.5382845401763916,102.2345
901,1.3227437734603882,1.3227437734603882,1.5531085729599,1.5377120971679688,102.3487
902,1.321791410446167,1.321791410446167,1.5525554418563843,1.5371558666229248,102.4607
903,1.320846676826477,1.320846676826477,1.5519851446151733,1.5365824699401855,102.5653
904,1.3199069499969482,1.3199069499969482,1.5514169931411743,1.5360113382339478,102.6662
905,1.3189656734466553,1.3189656734466553,1.550840139389038,1.5354316234588623,102.7794
906,1.3180326223373413,1.3180326223373413,1.550264596939087,1.534853219985962,102.8902
907,1.3171045780181885,1.3171045780181885,1.5496997833251953,1.534285306930542,102.9931
908,1.3161779642105103,1.3161779642105103,1.5491278171539307,1.5337105989456177,103.1001
909,1.3152586221694946,1.3152586221694946,1.5485631227493286,1.5331429243087769,103.2046
910,1.3143408298492432,1.3143408298492432,1.547991156578064,1.5325679779052734,103.3071
911,1.313425898551941,1.313425898551941,1.5474170446395874,1.531990885734558,103.4192
912,1.3125170469284058,1.3125170469284058,1.546848177909851,1.5314193964004517,103.5274
913,1.3116114139556885,1.3116114139556885,1.546261191368103,1.5308291912078857,103.6295
914,1.310711145401001,1.310711145401001,1.5456756353378296,1.5302411317825317,103.7251
915,1.3098113536834717,1.3098113536834717,1.5450975894927979,1.5296599864959717,103.824
916,1.3089168071746826,1.3089168071746826,1.5445246696472168,1.5290844440460205,103.9277
917,1.3080294132232666,1.3080294132232666,1.5439558029174805,1.5285125970840454,104.0268
918,1.3071428537368774,1.3071428537368774,1.5433820486068726,1.5279358625411987,104.1179
919,1.3062613010406494,1.3062613010406494,1.5427989959716797,1.5273500680923462,104.2146
920,1.3053832054138184,1.3053832054138184,1.542227029800415,1.5267754793167114,104.3134
921,1.3045082092285156,1.3045082092285156,1.5416431427001953,1.526188611984253,104.4226
922,1.3036363124847412,1.3036363124847412,1.5410776138305664,1.5256205797195435,104.5249
923,1.3027679920196533,1.3027679920196533,1.5404980182647705,1.5250383615493774,104.6217
924,1.3019036054611206,1.3019036054611206,1.53990638256073,1.5244438648223877,104.7209
925,1.3010410070419312,1.3010410070419312,1.5393257141113281,1.5238606929779053,104.8181
926,1.300184965133667,1.300184965133667,1.5387423038482666,1.5232746601104736,104.9187
927,1.299329400062561,1.299329400062561,1.538164734840393,1.52269446849823,105.0259
928,1.2984809875488281,1.2984809875488281,1.537579894065857,1.5221070051193237,105.1257
929,1.2976365089416504,1.2976365089416504,1.5370092391967773,1.521533727645874,105.2279
930,1.2967922687530518,1.2967922687530518,1.536433458328247,1.5209553241729736,105.3231
931,1.2959516048431396,1.2959516048431396,1.5358517169952393,1.5203711986541748,105.4211
932,1.2951185703277588,1.2951185703277588,1.5352729558944702,1.5197899341583252,105.5216
933,1.294284462928772,1.294284462928772,1.5346745252609253,1.5191891193389893,105.6276
934,1.2934563159942627,1.2934563159942627,1.5340896844863892,1.518601417541504,105.7346
935,1.292629599571228,1.292629599571228,1.5335047245025635,1.5180143117904663,105.8383
936,1.2918074131011963,1.2918074131011963,1.5329142808914185,1.5174212455749512,105.9475
937,1.2909904718399048,1.2909904718399048,1.5323293209075928,1.5168339014053345,106.0546
938,1.2901747226715088,1.2901747226715088,1.5317370891571045,1.5162391662597656,106.1579
939,1.289361834526062,1.289361834526062,1.531124234199524,1.5156240463256836,106.2535
940,1.2885525226593018,1.2885525226593018,1.5305331945419312,1.5150305032730103,106.3528
941,1.2877469062805176,1.2877469062805176,1.5299625396728516,1.51445734500885,106.4524
942,1.2869428396224976,1.2869428396224976,1.5293846130371094,1.5138765573501587,106.5514
943,1.286145567893982,1.286145567893982,1.5287996530532837,1.5132893323898315,106.6488
944,1.2853482961654663,1.2853482961654663,1.5282083749771118,1.512695550918579,106.7476
945,1.2845571041107178,1.2845571041107178,1.5276284217834473,1.5121129751205444,106.8454
946,1.2837677001953125,1.2837677001953125,1.5270404815673828,1.511522889137268,106.9511
947,1.282979130744934,1.282979130744934,1.5264419317245483,1.5109220743179321,107.047
948,1.2821956872940063,1.2821956872940063,1.5258538722991943,1.5103315114974976,107.1469
949,1.2814185619354248,1.2814185619354248,1.5252561569213867,1.5097317695617676,107.2494
950,1.2806373834609985,1.2806373834609985,1.5246659517288208,1.5091394186019897,107.3586
951,1.2798649072647095,1.2798649072647095,1.5240733623504639,1.508544683456421,107.4678
952,1.279091477394104,1.279091477394104,1.5234825611114502,1.5079514980316162,107.5703
953,1.2783266305923462,1.2783266305923462,1.522897720336914,1.5073645114898682,107.6736
954,1.2775603532791138,1.2775603532791138,1.5223102569580078,1.506774663925171,107.7788
955,1.2768006324768066,1.2768006324768066,1.5217101573944092,1.50617253780365,107.8841
956,1.2760392427444458,1.2760392427444458,1.521119475364685,1.5055797100067139,107.9876
957,1.2752851247787476,1.2752851247787476,1.52052640914917,1.5049846172332764,108.0932
958,1.2745311260223389,1.2745311260223389,1.519934892654419,1.5043907165527344,108.2001
959,1.273781180381775,1.273781180381775,1.5193392038345337,1.5037930011749268,108.3065
960,1.2730340957641602,1.2730340957641602,1.5187517404556274,1.5032033920288086,108.4071
961,1.2722889184951782,1.2722889184951782,1.518175721168518,1.5026251077651978,108.5009
962,1.2715466022491455,1.2715466022491455,1.5175641775131226,1.5020115375518799,108.5971
963,1.2708101272583008,1.2708101272583008,1.5169671773910522,1.5014126300811768,108.6941
964,1.2700713872909546,1.2700713872909546,1.5163706541061401,1.5008138418197632,108.7933
965,1.2693408727645874,1.2693408727645874,1.515774130821228,1.5002151727676392,108.9022
966,1.2686107158660889,1.2686107158660889,1.5151715278625488,1.4996105432510376,109.0148
967,1.2678836584091187,1.2678836584091187,1.5145763158798218,1.4990131855010986,109.1208
968,1.2671566009521484,1.2671566009521484,1.5139871835708618,1.4984217882156372,109.2196
969,1.2664365768432617,1.2664365768432617,1.5133984088897705,1.4978307485580444,109.3175
970,1.2657169103622437,1.2657169103622437,1.5128008127212524,1.4972312450408936,109.4165
971,1.2650015354156494,1.2650015354156494,1.5122108459472656,1.4966394901275635,109.5134
972,1.2642853260040283,1.2642853260040283,1.5116112232208252,1.4960376024246216,109.6107
973,1.2635753154754639,1.2635753154754639,1.511005163192749,1.4954297542572021,109.7098
974,1.262869119644165,1.262869119644165,1.5104091167449951,1.4948316812515259,109.8119
975,1.2621604204177856,1.2621604204177856,1.5098185539245605,1.494239091873169,109.9212
976,1.2614572048187256,1.2614572048187256,1.509227991104126,1.4936463832855225,110.0183
977,1.2607568502426147,1.2607568502426147,1.5086324214935303,1.4930492639541626,110.115
978,1.2600589990615845,1.2600589990615845,1.5080329179763794,1.4924476146697998,110.2112
979,1.2593634128570557,1.2593634128570557,1.5074470043182373,1.491860032081604,110.3107
980,1.2586694955825806,1.2586694955825806,1.5068516731262207,1.4912627935409546,110.4112
981,1.257981300354004,1.257981300354004,1.5062429904937744,1.490652322769165,110.508
982,1.2572935819625854,1.2572935819625854,1.5056471824645996,1.4900548458099365,110.6083
983,1.2566088438034058,1.2566088438034058,1.5050499439239502,1.4894556999206543,110.709
984,1.2559258937835693,1.2559258937835693,1.5044596195220947,1.4888635873794556,110.808
985,1.2552473545074463,1.2552473545074463,1.5038584470748901,1.4882606267929077,110.9087
986,1.2545664310455322,1.2545664310455322,1.5032583475112915,1.4876586198806763,111.0121
987,1.2538940906524658,1.2538940906524658,1.502667784690857,1.4870665073394775,111.1109
988,1.2532217502593994,1.2532217502593994,1.5020787715911865,1.4864753484725952,111.2082
989,1.252551555633545,1.252551555633545,1.5014783143997192,1.4858732223510742,111.308
990,1.2518813610076904,1.2518813610076904,1.500878095626831,1.4852712154388428,111.4083
991,1.2512165307998657,1.2512165307998657,1.5002729892730713,1.4846642017364502,111.5053
992,1.250552773475647,1.250552773475647,1.4996707439422607,1.484060525894165,111.6043
993,1.2498923540115356,1.2498923540115356,1.4990606307983398,1.4834486246109009,111.7031
994,1.2492362260818481,1.2492362260818481,1.4984642267227173,1.4828503131866455,111.7984
995,1.2485789060592651,1.2485789060592651,1.4978721141815186,1.482256293296814,111.9019
996,1.247924566268921,1.247924566268921,1.4972864389419556,1.4816688299179077,112.0021
997,1.2472729682922363,1.2472729682922363,1.4966970682144165,1.4810775518417358,112.1014
998,1.2466256618499756,1.2466256618499756,1.4961073398590088,1.4804861545562744,112.198
999,1.2459752559661865,1.2459752559661865,1.4955050945281982,1.4798823595046997,112.2962
1000,1.2453325986862183,1.2453325986862183,1.4949156045913696,1.4792910814285278,112.3966
1001,1.2446895837783813,1.2446895837783813,1.494304895401001,1.4786789417266846,112.4958
1002,1.2440497875213623,1.2440497875213623,1.4937009811401367,1.4780734777450562,112.5913
1003,1.2434141635894775,1.2434141635894775,1.4930949211120605,1.4774662256240845,112.692
1004,1.2427780628204346,1.2427780628204346,1.4925028085708618,1.476872444152832,112.7903
1005,1.242145299911499,1.242145299911499,1.4919105768203735,1.47627854347229,112.889
1006,1.2415106296539307,1.2415106296539307,1.4913077354431152,1.475674033164978,112.9903
1007,1.2408826351165771,1.2408826351165771,1.490716814994812,1.4750816822052002,113.0877
1008,1.2402572631835938,1.2402572631835938,1.4901268482208252,1.4744899272918701,113.1943
1009,1.2396326065063477,1.2396326065063477,1.4895435571670532,1.473905086517334,113.301
1010,1.2390117645263672,1.2390117645263672,1.4889566898345947,1.4733164310455322,113.4068
1011,1.2383906841278076,1.2383906841278076,1.4883626699447632,1.4727208614349365,113.5057
1012,1.2377735376358032,1.2377735376358032,1.487754464149475,1.4721112251281738,113.6014
1013,1.2371549606323242,1.2371549606323242,1.4871400594711304,1.4714953899383545,113.699
1014,1.236541748046875,1.236541748046875,1.4865398406982422,1.4708938598632812,113.7977
1015,1.2359297275543213,1.2359297275543213,1.485926866531372,1.4702794551849365,113.8935
1016,1.235321283340454,1.235321283340454,1.485316276550293,1.469667673110962,113.9893
1017,1.2347133159637451,1.2347133159637451,1.4847264289855957,1.469076156616211,114.0933
1018,1.2341067790985107,1.2341067790985107,1.4841465950012207,1.4684944152832031,114.2108
1019,1.2335017919540405,1.2335017919540405,1.4835655689239502,1.467911720275879,114.3232
1020,1.232900619506836,1.232900619506836,1.4829747676849365,1.4673194885253906,114.4277
1021,1.2323030233383179,1.2323030233383179,1.482379674911499,1.466722846031189,114.5244
1022,1.2317049503326416,1.2317049503326416,1.481785774230957,1.4661277532577515,114.6197
1023,1.231107234954834,1.231107234954834,1.4811770915985107,1.465517520904541,114.7269
1024,1.2305141687393188,1.2305141687393188,1.480576515197754,1.4649157524108887,114.8311
1025,1.2299201488494873,1.2299201488494873,1.4799740314483643,1.4643118381500244,114.927
1026,1.2293332815170288,1.2293332815170288,1.4793680906295776,1.4637047052383423,115.028
1027,1.2287410497665405,1.2287410497665405,1.4787734746932983,1.463108777999878,115.1216
1028,1.228157639503479,1.228157639503479,1.4781814813613892,1.4625152349472046,115.2242
1029,1.2275737524032593,1.2275737524032593,1.4775937795639038,1.4619261026382446,115.3355
1030,1.226991057395935,1.226991057395935,1.4770110845565796,1.4613420963287354,115.4649
1031,1.2264108657836914,1.2264108657836914,1.4764164686203003,1.4607460498809814,115.6207
1032,1.2258304357528687,1.2258304357528687,1.475832223892212,1.460160493850708,115.7454
1033,1.225253701210022,1.225253701210022,1.4752391576766968,1.4595661163330078,115.8739
1034,1.2246801853179932,1.2246801853179932,1.4746509790420532,1.4589765071868896,116.0057
1035,1.2241084575653076,1.2241084575653076,1.4740394353866577,1.4583637714385986,116.1395
1036,1.2235357761383057,1.2235357761383057,1.473440170288086,1.457763433456421,116.258
1037,1.2229678630828857,1.2229678630828857,1.4728305339813232,1.4571528434753418,116.3727
1038,1.2224009037017822,1.2224009037017822,1.4722325801849365,1.4565534591674805,116.4986
1039,1.2218338251113892,1.2218338251113892,1.4716392755508423,1.455958604812622,116.6379
1040,1.2212707996368408,1.2212707996368408,1.4710619449615479,1.4553800821304321,116.7766
1041,1.220707654953003,1.220707654953003,1.4704818725585938,1.4547984600067139,116.9172
1042,1.2201493978500366,1.2201493978500366,1.46989107131958,1.4542062282562256,117.049
1043,1.2195886373519897,1.2195886373519897,1.4692939519882202,1.4536081552505493,117.1612
1044,1.2190347909927368,1.2190347909927368,1.468706727027893,1.453019618988037,117.2726
1045,1.218477725982666,1.218477725982666,1.468118667602539,1.452430009841919,117.3778
1046,1.2179253101348877,1.2179253101348877,1.467515230178833,1.451825499534607,117.49
1047,1.2173725366592407,1.2173725366592407,1.4669158458709717,1.4512250423431396,117.592
1048,1.216822624206543,1.216822624206543,1.466309905052185,1.4506181478500366,117.6967
1049,1.2162749767303467,1.2162749767303467,1.4657195806503296,1.450026512145996,117.7967
1050,1.215726613998413,1.215726613998413,1.4651238918304443,1.4494298696517944,117.8937
1051,1.2151817083358765,1.2151817083358765,1.46453857421875,1.448843240737915,117.99
1052,1.214637279510498,1.214637279510498,1.4639592170715332,1.4482626914978027,118.088
1053,1.2140991687774658,1.2140991687774658,1.463372826576233,1.447675108909607,118.187
1054,1.213559865951538,1.213559865951538,1.4627872705459595,1.4470884799957275,118.283
1055,1.2130199670791626,1.2130199670791626,1.4622009992599487,1.4465010166168213,118.3869
1056,1.212483286857605,1.212483286857605,1.46160888671875,1.445907711982727,118.4982
1057,1.2119486331939697,1.2119486331939697,1.4610240459442139,1.4453216791152954,118.6031
1058,1.2114156484603882,1.2114156484603882,1.4604241847991943,1.444720983505249,118.7121
1059,1.2108821868896484,1.2108821868896484,1.4598299264907837,1.444125771522522,118.8156
1060,1.2103517055511475,1.2103517055511475,1.4592300653457642,1.443524718284607,118.9212
1061,1.2098236083984375,1.2098236083984375,1.4586430788040161,1.442936658859253,119.0275
1062,1.2092959880828857,1.2092959880828857,1.4580566883087158,1.4423491954803467,119.1291
1063,1.208770751953125,1.208770751953125,1.4574686288833618,1.4417600631713867,119.2586
1064,1.2082465887069702,1.2082465887069702,1.4568846225738525,1.4411749839782715,119.3658
1065,1.207724690437317,1.207724690437317,1.4562952518463135,1.4405843019485474,119.4736
1066,1.2072025537490845,1.2072025537490845,1.4557117223739624,1.4399998188018799,119.5733
1067,1.2066842317581177,1.2066842317581177,1.4551329612731934,1.4394197463989258,119.692
1068,1.2061655521392822,1.2061655521392822,1.4545536041259766,1.438839316368103,119.8034
1069,1.2056505680084229,1.2056505680084229,1.4539661407470703,1.4382507801055908,119.9042
1070,1.2051340341567993,1.2051340341567993,1.45337975025177,1.4376634359359741,120.0229
1071,1.20462167263031,1.20462167263031,1.4527883529663086,1.4370710849761963,120.1219
1072,1.2041085958480835,1.2041085958480835,1.4521982669830322,1.436480164527893,120.229
1073,1.203597903251648,1.203597903251648,1.4516048431396484,1.4358857870101929,120.3307
1074,1.2030889987945557,1.2030889987945557,1.451019048690796,1.4352991580963135,120.4335
1075,1.2025827169418335,1.2025827169418335,1.4504337310791016,1.4347126483917236,120.5437
1076,1.2020769119262695,1.2020769119262695,1.4498553276062012,1.4341331720352173,120.6482
1077,1.2015708684921265,1.2015708684921265,1.449263334274292,1.4335405826568604,120.7503
1078,1.201068639755249,1.201068639755249,1.4486745595932007,1.432950735092163,120.8576
1079,1.2005656957626343,1.2005656957626343,1.4480886459350586,1.432363748550415,120.9693
1080,1.2000653743743896,1.2000653743743896,1.4475027322769165,1.431777000427246,121.0708
1081,1.1995679140090942,1.1995679140090942,1.446916937828064,1.4311902523040771,121.1753
1082,1.1990708112716675,1.1990708112716675,1.4463409185409546,1.4306131601333618,121.2843
1083,1.1985734701156616,1.1985734701156616,1.4457610845565796,1.4300323724746704,121.3946
1084,1.198079228401184,1.198079228401184,1.4451849460601807,1.4294548034667969,121.4927
1085,1.1975829601287842,1.1975829601287842,1.4446042776107788,1.4288734197616577,121.5914
1086,1.1970930099487305,1.1970930099487305,1.444021463394165,1.428289771080017,121.696
1087,1.1966029405593872,1.1966029405593872,1.4434328079223633,1.4277002811431885,121.7934
1088,1.1961133480072021,1.1961133480072021,1.4428564310073853,1.427122950553894,121.8927
1089,1.1956250667572021,1.1956250667572021,1.4422757625579834,1.4265415668487549,122.0013
1090,1.1951367855072021,1.1951367855072021,1.4417009353637695,1.425965666770935,122.1056
1091,1.1946529150009155,1.1946529150009155,1.4411125183105469,1.4253764152526855,122.2071
1092,1.1941688060760498,1.1941688060760498,1.4405275583267212,1.4247909784317017,122.304
1093,1.1936856508255005,1.1936856508255005,1.4399406909942627,1.4242032766342163,122.4489
1094,1.1932035684585571,1.1932035684585571,1.4393672943115234,1.4236290454864502,122.5565
1095,1.1927258968353271,1.1927258968353271,1.4387928247451782,1.4230537414550781,122.6662
1096,1.192246675491333,1.192246675491333,1.4382137060165405,1.422473669052124,122.7768
1097,1.1917688846588135,1.1917688846588135,1.4376442432403564,1.421903133392334,122.8828
1098,1.1912915706634521,1.1912915706634521,1.437074899673462,1.4213329553604126,122.9976
1099,1.1908164024353027,1.1908164024353027,1.4364993572235107,1.4207565784454346,123.1042
1100,1.1903424263000488,1.1903424263000488,1.4359084367752075,1.4201648235321045,123.2155
1101,1.1898691654205322,1.1898691654205322,1.4353259801864624,1.4195817708969116,123.3178
1102,1.1893985271453857,1.1893985271453857,1.4347470998764038,1.4190020561218262,123.415
1103,1.188929557800293,1.188929557800293,1.43416428565979,1.4184184074401855,123.5233
1104,1.1884586811065674,1.1884586811065674,1.4335873126983643,1.4178404808044434,123.6187
1105,1.1879909038543701,1.1879909038543701,1.4330161809921265,1.4172685146331787,123.7202
1106,1.1875261068344116,1.1875261068344116,1.4324506521224976,1.4167017936706543,123.8178
1107,1.1870602369308472,1.1870602369308472,1.4318780899047852,1.4161285161972046,123.9186
1108,1.1865975856781006,1.1865975856781006,1.4313019514083862,1.4155516624450684,124.0255
1109,1.1861355304718018,1.1861355304718018,1.4307245016098022,1.4149736166000366,124.1262
1110,1.1856716871261597,1.1856716871261597,1.43015456199646,1.414402723312378,124.2249
1111,1.1852105855941772,1.1852105855941772,1.42957603931427,1.4138234853744507,124.3184
1112,1.1847535371780396,1.1847535371780396,1.4290106296539307,1.413257360458374,124.4165
1113,1.1842937469482422,1.1842937469482422,1.428429365158081,1.4126754999160767,124.5266
1114,1.183838129043579,1.183838129043579,1.4278472661972046,1.412092924118042,124.6232
1115,1.1833808422088623,1.1833808422088623,1.42727530002594,1.4115203619003296,124.7276
1116,1.1829280853271484,1.1829280853271484,1.426711082458496,1.4109550714492798,124.8281
1117,1.1824719905853271,1.1824719905853271,1.426147222518921,1.4103906154632568,124.9287
1118,1.182020902633667,1.182020902633667,1.425584316253662,1.4098269939422607,125.0311
1119,1.181572675704956,1.181572675704956,1.425022840499878,1.4092645645141602,125.1372
1120,1.1811195611953735,1.1811195611953735,1.4244483709335327,1.4086894989013672,125.2359
1121,1.1806728839874268,1.1806728839874268,1.4238821268081665,1.4081224203109741,125.3349
1122,1.180222749710083,1.180222749710083,1.4232971668243408,1.4075368642807007,125.5874
1123,1.1797783374786377,1.1797783374786377,1.4227283000946045,1.4069671630859375,125.716
1124,1.1793313026428223,1.1793313026428223,1.4221584796905518,1.4063968658447266,125.8741
1125,1.1788870096206665,1.1788870096206665,1.4215810298919678,1.405819058418274,126.004
1126,1.1784448623657227,1.1784448623657227,1.4210145473480225,1.4052517414093018,126.1097
1127,1.1780006885528564,1.1780006885528564,1.4204492568969727,1.404685616493225,126.2139
1128,1.1775599718093872,1.1775599718093872,1.4198887348175049,1.4041242599487305,126.3116
1129,1.1771191358566284,1.1771191358566284,1.419325590133667,1.4035606384277344,126.4135
1130,1.1766817569732666,1.1766817569732666,1.4187623262405396,1.4029967784881592,126.5158
1131,1.1762423515319824,1.1762423515319824,1.4181876182556152,1.4024213552474976,126.6147
1132,1.1758053302764893,1.1758053302764893,1.4176229238510132,1.4018560647964478,126.7123
1133,1.1753690242767334,1.1753690242767334,1.4170453548431396,1.4012781381607056,126.9221
1134,1.1749340295791626,1.1749340295791626,1.4164772033691406,1.4007091522216797,127.0206
1135,1.174500823020935,1.174500823020935,1.41592538356781,1.4001566171646118,127.1209
1136,1.1740678548812866,1.1740678548812866,1.415369987487793,1.3996003866195679,127.2238
1137,1.1736352443695068,1.1736352443695068,1.4148097038269043,1.3990395069122314,127.3278
1138,1.173205018043518,1.173205018043518,1.4142582416534424,1.3984873294830322,127.4258
1139,1.1727749109268188,1.1727749109268188,1.4136888980865479,1.39791738986969,127.5313
1140,1.1723464727401733,1.1723464727401733,1.4131205081939697,1.3973486423492432,127.633
1141,1.1719183921813965,1.1719183921813965,1.4125503301620483,1.396777868270874,127.7317
1142,1.1714918613433838,1.1714918613433838,1.4119840860366821,1.3962112665176392,127.8303
1143,1.1710669994354248,1.1710669994354248,1.4114196300506592,1.395646095275879,127.9334
1144,1.1706411838531494,1.1706411838531494,1.4108614921569824,1.3950872421264648,128.0369
1145,1.1702191829681396,1.1702191829681396,1.4103035926818848,1.3945286273956299,128.1368
1146,1.1697940826416016,1.1697940826416016,1.409753680229187,1.3939781188964844,128.2428
1147,1.1693735122680664,1.1693735122680664,1.4091989994049072,1.3934226036071777,128.3383
1148,1.1689516305923462,1.1689516305923462,1.4086575508117676,1.3928805589675903,128.4346
1149,1.1685295104980469,1.1685295104980469,1.4080922603607178,1.3923149108886719,128.5351
1150,1.1681108474731445,1.1681108474731445,1.4075219631195068,1.3917442560195923,128.64
1151,1.1676952838897705,1.1676952838897705,1.4069557189941406,1.3911775350570679,128.7405
1152,1.1672768592834473,1.1672768592834473,1.4063894748687744,1.390610694885254,128.8496
1153,1.1668611764907837,1.1668611764907837,1.4058279991149902,1.3900487422943115,128.9526
1154,1.1664464473724365,1.1664464473724365,1.4052728414535522,1.3894932270050049,129.054
1155,1.1660312414169312,1.1660312414169312,1.4047231674194336,1.3889429569244385,129.16
1156,1.1656173467636108,1.1656173467636108,1.4041725397109985,1.3883917331695557,129.2636
1157,1.1652061939239502,1.1652061939239502,1.403633952140808,1.3878523111343384,129.3662
1158,1.1647942066192627,1.1647942066192627,1.403083324432373,1.3873010873794556,129.4767
1159,1.1643824577331543,1.1643824577331543,1.4025129079818726,1.3867301940917969,129.5772
1160,1.163973093032837,1.163973093032837,1.401952862739563,1.386169672012329,129.6843
1161,1.163563847541809,1.163563847541809,1.4013935327529907,1.3856098651885986,129.7844
1162,1.163153886795044,1.163153886795044,1.4008378982543945,1.3850537538528442,129.8896
1163,1.1627495288848877,1.1627495288848877,1.4002801179885864,1.384495496749878,129.9903
1164,1.1623433828353882,1.1623433828353882,1.3997310400009155,1.3839458227157593,130.0889
1165,1.1619391441345215,1.1619391441345215,1.3991882801055908,1.3834024667739868,130.1866
1166,1.1615335941314697,1.1615335941314697,1.3986434936523438,1.382857084274292,130.2842
1167,1.161128044128418,1.161128044128418,1.398093819618225,1.3823068141937256,130.3847
1168,1.1607288122177124,1.1607288122177124,1.3975560665130615,1.3817685842514038,130.4849
1169,1.1603236198425293,1.1603236198425293,1.3970043659210205,1.3812164068222046,130.5845
1170,1.1599246263504028,1.1599246263504028,1.3964513540267944,1.380663275718689,130.6969
1171,1.1595245599746704,1.1595245599746704,1.3958957195281982,1.3801069259643555,130.81
1172,1.1591242551803589,1.1591242551803589,1.3953392505645752,1.3795502185821533,130.9113
1173,1.1587252616882324,1.1587252616882324,1.3947912454605103,1.3790018558502197,131.0123
1174,1.158328652381897,1.158328652381897,1.3942387104034424,1.3784490823745728,131.1082
1175,1.157932162284851,1.157932162284851,1.3936891555786133,1.3778990507125854,131.2043
1176,1.1575334072113037,1.1575334072113037,1.3931379318237305,1.377347469329834,131.3275
1177,1.1571414470672607,1.1571414470672607,1.3925960063934326,1.3768048286437988,131.4542
1178,1.1567468643188477,1.1567468643188477,1.3920546770095825,1.3762630224227905,131.5689
1179,1.1563520431518555,1.1563520431518555,1.3915151357650757,1.375722885131836,131.686
1180,1.1559587717056274,1.1559587717056274,1.390977144241333,1.3751842975616455,131.798
1181,1.1555683612823486,1.1555683612823486,1.3904304504394531,1.3746371269226074,131.8925
1182,1.1551754474639893,1.1551754474639893,1.3898833990097046,1.3740895986557007,131.9926
1183,1.154784917831421,1.154784917831421,1.3893405199050903,1.3735462427139282,132.0928
1184,1.1543972492218018,1.1543972492218018,1.3887929916381836,1.3729984760284424,132.1928
1185,1.1540071964263916,1.1540071964263916,1.388249158859253,1.372454285621643,132.2921
1186,1.1536203622817993,1.1536203622817993,1.3877071142196655,1.3719117641448975,132.3989
1187,1.1532307863235474,1.1532307863235474,1.3871567249298096,1.3713610172271729,132.4999
1188,1.1528457403182983,1.1528457403182983,1.3866186141967773,1.3708226680755615,132.5983
1189,1.1524606943130493,1.1524606943130493,1.3860766887664795,1.370280146598816,132.6983
1190,1.1520761251449585,1.1520761251449585,1.3855364322662354,1.3697395324707031,132.7986
1191,1.1516910791397095,1.1516910791397095,1.3849809169769287,1.3691837787628174,132.8969
1192,1.1513078212738037,1.1513078212738037,1.3844377994537354,1.3686403036117554,132.9924
1193,1.1509244441986084,1.1509244441986084,1.383901596069336,1.3681036233901978,133.0894
1194,1.1505454778671265,1.1505454778671265,1.383366346359253,1.367568016052246,133.1923
1195,1.150162696838379,1.150162696838379,1.3828308582305908,1.3670318126678467,133.2898
1196,1.1497802734375,1.1497802734375,1.3822942972183228,1.36649489402771,133.3931
1197,1.1494027376174927,1.1494027376174927,1.3817728757858276,1.3659729957580566,133.5024
1198,1.149024486541748,1.149024486541748,1.3812425136566162,1.3654420375823975,133.6013
1199,1.1486459970474243,1.1486459970474243,1.380708932876587,1.364908218383789,133.7005
1200,1.148267149925232,1.148267149925232,1.380173683166504,1.3643724918365479,133.8028
1201,1.1478904485702515,1.1478904485702515,1.3796237707138062,1.3638224601745605,133.9
1202,1.1475152969360352,1.1475152969360352,1.3790737390518188,1.3632723093032837,133.996
1203,1.1471412181854248,1.1471412181854248,1.3785316944122314,1.3627300262451172,134.0969
1204,1.1467665433883667,1.1467665433883667,1.3779929876327515,1.3621909618377686,134.1948
1205,1.146392822265625,1.146392822265625,1.3774563074111938,1.3616540431976318,134.2926
1206,1.1460188627243042,1.1460188627243042,1.3769279718399048,1.3611253499984741,134.3911
1207,1.1456464529037476,1.1456464529037476,1.3764057159423828,1.360602617263794,134.4942
1208,1.1452744007110596,1.1452744007110596,1.3758751153945923,1.3600715398788452,134.6092
1209,1.1449031829833984,1.1449031829833984,1.3753596544265747,1.3595554828643799,134.7207
1210,1.144532561302185,1.144532561302185,1.3748319149017334,1.3590275049209595,134.8307
1211,1.144163966178894,1.144163966178894,1.3742929697036743,1.3584882020950317,134.9402
1212,1.143794298171997,1.143794298171997,1.373763918876648,1.3579586744308472,135.0762
1213,1.143426775932312,1.143426775932312,1.3732234239578247,1.3574178218841553,135.1927
1214,1.1430585384368896,1.1430585384368896,1.3726892471313477,1.3568835258483887,135.3025
1215,1.1426923274993896,1.1426923274993896,1.3721458911895752,1.3563398122787476,135.4085
1216,1.142325758934021,1.142325758934021,1.371612548828125,1.3558064699172974,135.5122
1217,1.1419594287872314,1.1419594287872314,1.3710838556289673,1.3552772998809814,135.6122
1218,1.1415960788726807,1.1415960788726807,1.3705549240112305,1.3547481298446655,135.72
1219,1.1412312984466553,1.1412312984466553,1.3700343370437622,1.354227066040039,135.8281
1220,1.1408673524856567,1.1408673524856567,1.369515299797058,1.3537075519561768,135.9286
1221,1.1405045986175537,1.1405045986175537,1.3689982891082764,1.3531899452209473,136.0323
1222,1.140143632888794,1.140143632888794,1.3684808015823364,1.3526722192764282,136.1368
1223,1.1397770643234253,1.1397770643234253,1.3679481744766235,1.3521391153335571,136.2388
1224,1.139418601989746,1.139418601989746,1.3674169778823853,1.3516079187393188,136.3388
1225,1.1390581130981445,1.1390581130981445,1.3668924570083618,1.3510830402374268,136.4442
1226,1.1386998891830444,1.1386998891830444,1.3663606643676758,1.350550889968872,136.5454
1227,1.1383392810821533,1.1383392810821533,1.3658316135406494,1.3500217199325562,136.6451
1228,1.1379815340042114,1.1379815340042114,1.365294098854065,1.3494840860366821,136.7444
1229,1.137624740600586,1.137624740600586,1.364773154258728,1.3489630222320557,136.844
1230,1.137266755104065,1.137266755104065,1.3642573356628418,1.3484466075897217,136.9468
1231,1.1369088888168335,1.1369088888168335,1.36373770236969,1.3479266166687012,137.0595
1232,1.1365537643432617,1.1365537643432617,1.363228440284729,1.347416877746582,137.17
1233,1.1361987590789795,1.1361987590789795,1.3627067804336548,1.3468949794769287,137.2795
1234,1.1358442306518555,1.1358442306518555,1.3621867895126343,1.3463748693466187,137.4196
1235,1.135488748550415,1.135488748550415,1.3616676330566406,1.3458553552627563,137.5353
1236,1.1351362466812134,1.1351362466812134,1.3611483573913574,1.345335602760315,137.6382
1237,1.134782075881958,1.134782075881958,1.360628366470337,1.3448154926300049,137.7433
1238,1.13443124294281,1.13443124294281,1.3601036071777344,1.3442904949188232,137.8623
1239,1.1340792179107666,1.1340792179107666,1.3595916032791138,1.3437782526016235,137.9764
1240,1.1337271928787231,1.1337271928787231,1.3590714931488037,1.3432579040527344,138.0883
1241,1.1333777904510498,1.1333777904510498,1.358559489250183,1.3427457809448242,138.205
1242,1.1330267190933228,1.1330267190933228,1.358039140701294,1.3422250747680664,138.3099
1243,1.1326775550842285,1.1326775550842285,1.357505202293396,1.3416913747787476,138.4149
1244,1.1323291063308716,1.1323291063308716,1.356981635093689,1.3411672115325928,138.52
1245,1.131980538368225,1.131980538368225,1.3564651012420654,1.3406505584716797,138.6218
1246,1.1316334009170532,1.1316334009170532,1.3559505939483643,1.3401358127593994,138.7226
1247,1.1312859058380127,1.1312859058380127,1.355434775352478,1.339619755744934,138.826
1248,1.1309398412704468,1.1309398412704468,1.3549280166625977,1.3391125202178955,138.9297
1249,1.1305944919586182,1.1305944919586182,1.35442316532135,1.3386071920394897,139.0304
1250,1.1302475929260254,1.1302475929260254,1.353916883468628,1.3381006717681885,139.1238
1251,1.129903793334961,1.129903793334961,1.3534080982208252,1.3375914096832275,139.2185
1252,1.1295595169067383,1.1295595169067383,1.352889060974121,1.3370723724365234,139.3158
1253,1.1292150020599365,1.1292150020599365,1.3523691892623901,1.3365522623062134,139.4131
1254,1.1288726329803467,1.1288726329803467,1.351855993270874,1.3360389471054077,139.5116
1255,1.1285299062728882,1.1285299062728882,1.3513376712799072,1.3355202674865723,139.6079
1256,1.1281883716583252,1.1281883716583252,1.3508164882659912,1.3349990844726562,139.7046
1257,1.1278451681137085,1.1278451681137085,1.3503072261810303,1.3344895839691162,139.8017
1258,1.1275043487548828,1.1275043487548828,1.3498003482818604,1.3339827060699463,139.9013
1259,1.1271657943725586,1.1271657943725586,1.3493001461029053,1.333482027053833,140.0039
1260,1.1268243789672852,1.1268243789672852,1.3487975597381592,1.3329792022705078,140.1019
1261,1.1264851093292236,1.1264851093292236,1.3482887744903564,1.3324699401855469,140.2008
1262,1.126146912574768,1.126146912574768,1.347773551940918,1.3319547176361084,140.3091
1263,1.125807762145996,1.125807762145996,1.347266435623169,1.3314473628997803,140.4118
1264,1.1254711151123047,1.1254711151123047,1.3467575311660767,1.3309382200241089,140.5218
1265,1.1251319646835327,1.1251319646835327,1.346248984336853,1.3304296731948853,140.6161
1266,1.1247974634170532,1.1247974634170532,1.3457458019256592,1.3299258947372437,140.7136
1267,1.1244609355926514,1.1244609355926514,1.345247507095337,1.3294274806976318,140.8104
1268,1.1241247653961182,1.1241247653961182,1.3447391986846924,1.3289189338684082,140.9072
1269,1.1237893104553223,1.1237893104553223,1.3442294597625732,1.32840895652771,141.0053
1270,1.1234561204910278,1.1234561204910278,1.3437235355377197,1.3279027938842773,141.0999
1271,1.123121738433838,1.123121738433838,1.3432294130325317,1.3274085521697998,141.1969
1272,1.1227871179580688,1.1227871179580688,1.3427174091339111,1.3268964290618896,141.2946
1273,1.1224524974822998,1.1224524974822998,1.342218279838562,1.326397180557251,141.3906
1274,1.1221200227737427,1.1221200227737427,1.3417173624038696,1.3258960247039795,141.4844
1275,1.1217900514602661,1.1217900514602661,1.3412081003189087,1.325386643409729,141.5797
1276,1.1214567422866821,1.1214567422866821,1.340703010559082,1.3248813152313232,141.6742
1277,1.1211268901824951,1.1211268901824951,1.340200662612915,1.3243787288665771,141.7724
1278,1.120794415473938,1.120794415473938,1.3396967649459839,1.3238747119903564,141.8748
1279,1.120465636253357,1.120465636253357,1.3391945362091064,1.3233722448349,142.021
1280,1.1201362609863281,1.1201362609863281,1.338699221611023,1.3228766918182373,142.1249
1281,1.1198067665100098,1.1198067665100098,1.3382014036178589,1.3223788738250732,142.2282
1282,1.119478702545166,1.119478702545166,1.3377045392990112,1.3218815326690674,142.3303
1283,1.1191484928131104,1.1191484928131104,1.3372106552124023,1.321387529373169,142.4291
1284,1.1188204288482666,1.1188204288482666,1.336714506149292,1.3208907842636108,142.5241
1285,1.1184937953948975,1.1184937953948975,1.336211919784546,1.3203881978988647,142.6172
1286,1.1181681156158447,1.1181681156158447,1.3357149362564087,1.3198909759521484,142.7252
1287,1.117841362953186,1.117841362953186,1.335214614868164,1.3193906545639038,142.8291
1288,1.1175153255462646,1.1175153255462646,1.334715485572815,1.3188912868499756,142.9341
1289,1.1171908378601074,1.1171908378601074,1.33421790599823,1.3183937072753906,143.0416
1290,1.1168651580810547,1.1168651580810547,1.3337241411209106,1.3178999423980713,143.1466
1291,1.116540551185608,1.116540551185608,1.3332284688949585,1.31740403175354,143.248
1292,1.1162151098251343,1.1162151098251343,1.332739233970642,1.3169145584106445,143.3518
1293,1.1158947944641113,1.1158947944641113,1.3322436809539795,1.3164188861846924,143.4494
1294,1.1155693531036377,1.1155693531036377,1.3317433595657349,1.3159184455871582,143.5446
1295,1.1152465343475342,1.1152465343475342,1.3312523365020752,1.315427303314209,143.6436
1296,1.1149250268936157,1.1149250268936157,1.3307563066482544,1.3149311542510986,143.7467
1297,1.1146032810211182,1.1146032810211182,1.3302679061889648,1.31444251537323,143.8475
1298,1.114281415939331,1.114281415939331,1.3297830820083618,1.3139574527740479,143.9465
1299,1.113961935043335,1.113961935043335,1.3292900323867798,1.3134641647338867,144.0416
1300,1.1136385202407837,1.1136385202407837,1.3288078308105469,1.3129816055297852,144.1354
1301,1.1133215427398682,1.1133215427398682,1.3283218145370483,1.3124955892562866,144.2349
1302,1.1130002737045288,1.1130002737045288,1.3278307914733887,1.3120043277740479,144.3373
1303,1.1126821041107178,1.1126821041107178,1.3273370265960693,1.3115105628967285,144.4326
1304,1.112362265586853,1.112362265586853,1.326843500137329,1.3110170364379883,144.5278
1305,1.1120445728302002,1.1120445728302002,1.3263543844223022,1.3105275630950928,144.6199
1306,1.111727237701416,1.111727237701416,1.3258517980575562,1.3100252151489258,144.7297
1307,1.111410140991211,1.111410140991211,1.325364112854004,1.309537410736084,144.8411
1308,1.111094355583191,1.111094355583191,1.324882984161377,1.3090559244155884,144.948
1309,1.1107772588729858,1.1107772588729858,1.3244001865386963,1.3085731267929077,145.0498
1310,1.1104599237442017,1.1104599237442017,1.323915719985962,1.3080883026123047,145.1447
1311,1.1101433038711548,1.1101433038711548,1.3234293460845947,1.3076016902923584,145.2437
1312,1.1098297834396362,1.1098297834396362,1.3229390382766724,1.307111382484436,145.3508
1313,1.1095170974731445,1.1095170974731445,1.3224499225616455,1.306621789932251,145.4485
1314,1.109200358390808,1.109200358390808,1.3219584226608276,1.3061306476593018,145.5493
1315,1.1088873147964478,1.1088873147964478,1.321475863456726,1.305647850036621,145.6505
1316,1.10857355594635,1.10857355594635,1.3209960460662842,1.3051677942276,145.7573
1317,1.1082608699798584,1.1082608699798584,1.3205139636993408,1.3046852350234985,145.8627
1318,1.1079460382461548,1.1079460382461548,1.3200337886810303,1.304205060005188,145.96
1319,1.1076347827911377,1.1076347827911377,1.3195501565933228,1.303721308708191,146.0588
1320,1.1073219776153564,1.1073219776153564,1.3190689086914062,1.3032398223876953,146.1556
1321,1.107011079788208,1.107011079788208,1.3185884952545166,1.3027595281600952,146.2594
1322,1.1066997051239014,1.1066997051239014,1.3181062936782837,1.3022770881652832,146.3568
1323,1.1063886880874634,1.1063886880874634,1.3176268339157104,1.30179762840271,146.4591
1324,1.106079339981079,1.106079339981079,1.3171449899673462,1.3013155460357666,146.5602
1325,1.105767846107483,1.105767846107483,1.3166639804840088,1.3008344173431396,146.6586
1326,1.1054588556289673,1.1054588556289673,1.3161840438842773,1.3003545999526978,146.7673
1327,1.1051499843597412,1.1051499843597412,1.3157117366790771,1.299881935119629,146.8601
1328,1.104840636253357,1.104840636253357,1.3152364492416382,1.29940664768219,146.9646
1329,1.1045339107513428,1.1045339107513428,1.3147542476654053,1.298924207687378,147.0681
1330,1.1042240858078003,1.1042240858078003,1.3142808675765991,1.2984507083892822,147.1794
1331,1.1039189100265503,1.1039189100265503,1.3137986660003662,1.2979685068130493,147.2759
1332,1.1036102771759033,1.1036102771759033,1.3133132457733154,1.297482967376709,147.3741
1333,1.1033028364181519,1.1033028364181519,1.3128345012664795,1.2970041036605835,147.4752
1334,1.1029969453811646,1.1029969453811646,1.3123598098754883,1.2965292930603027,147.5751
1335,1.1026920080184937,1.1026920080184937,1.3118960857391357,1.2960654497146606,147.6712
1336,1.1023857593536377,1.1023857593536377,1.311418890953064,1.2955878973007202,147.774
1337,1.1020792722702026,1.1020792722702026,1.3109468221664429,1.2951158285140991,147.8826
1338,1.1017769575119019,1.1017769575119019,1.3104791641235352,1.2946481704711914,148.0087
1339,1.1014701128005981,1.1014701128005981,1.3100024461746216,1.2941712141036987,148.1172
1340,1.1011664867401123,1.1011664867401123,1.309526801109314,1.2936954498291016,148.2256
1341,1.1008635759353638,1.1008635759353638,1.3090534210205078,1.2932218313217163,148.3284
1342,1.1005580425262451,1.1005580425262451,1.3085739612579346,1.2927424907684326,148.458
1343,1.100253939628601,1.100253939628601,1.3080998659133911,1.2922685146331787,148.5592
1344,1.0999537706375122,1.0999537706375122,1.307626724243164,1.2917951345443726,148.6594
1345,1.0996500253677368,1.0996500253677368,1.3071550130844116,1.2913230657577515,148.7564
1346,1.099348783493042,1.099348783493042,1.3066911697387695,1.2908592224121094,148.852
1347,1.0990482568740845,1.0990482568740845,1.306226372718811,1.2903941869735718,148.9485
1348,1.0987446308135986,1.0987446308135986,1.3057620525360107,1.2899296283721924,149.0469
1349,1.0984445810317993,1.0984445810317993,1.305295705795288,1.2894632816314697,149.1435
1350,1.098144292831421,1.098144292831421,1.3048210144042969,1.2889885902404785,149.242
1351,1.0978435277938843,1.0978435277938843,1.304345965385437,1.2885135412216187,149.3379
1352,1.0975430011749268,1.0975430011749268,1.3038698434829712,1.2880375385284424,149.4345
1353,1.0972437858581543,1.0972437858581543,1.3033981323242188,1.28756582736969,149.554
1354,1.0969449281692505,1.0969449281692505,1.302934169769287,1.2871017456054688,149.6794
1355,1.0966459512710571,1.0966459512710571,1.3024702072143555,1.286637544631958,149.7902
1356,1.0963457822799683,1.0963457822799683,1.3020126819610596,1.2861799001693726,149.9077
1357,1.0960477590560913,1.0960477590560913,1.3015568256378174,1.2857235670089722,150.016
1358,1.095749855041504,1.095749855041504,1.3010916709899902,1.2852585315704346,150.1247
1359,1.0954535007476807,1.0954535007476807,1.300620436668396,1.2847871780395508,150.2258
1360,1.0951552391052246,1.0951552391052246,1.3001524209976196,1.284319281578064,150.3198
1361,1.0948598384857178,1.0948598384857178,1.2996801137924194,1.2838469743728638,150.4204
1362,1.0945632457733154,1.0945632457733154,1.299220085144043,1.2833868265151978,150.5202
1363,1.0942655801773071,1.0942655801773071,1.2987552881240845,1.2829217910766602,150.6138
1364,1.0939699411392212,1.0939699411392212,1.2982956171035767,1.2824617624282837,150.7091
1365,1.0936758518218994,1.0936758518218994,1.2978403568267822,1.2820065021514893,150.8043
1366,1.0933811664581299,1.0933811664581299,1.2973788976669312,1.2815449237823486,150.899
1367,1.0930854082107544,1.0930854082107544,1.2969192266464233,1.2810853719711304,151.0009
1368,1.0927908420562744,1.0927908420562744,1.2964540719985962,1.2806196212768555,151.1002
1369,1.0924971103668213,1.0924971103668213,1.2959928512573242,1.2801587581634521,151.1946
1370,1.0922024250030518,1.0922024250030518,1.2955312728881836,1.279697060585022,151.2915
1371,1.0919077396392822,1.0919077396392822,1.295081377029419,1.2792469263076782,151.3843
1372,1.0916143655776978,1.0916143655776978,1.2946040630340576,1.2787699699401855,151.4826
1373,1.0913233757019043,1.0913233757019043,1.2941381931304932,1.2783039808273315,151.579
1374,1.0910298824310303,1.0910298824310303,1.2936769723892212,1.27784264087677,151.6765
1375,1.090735673904419,1.090735673904419,1.2932231426239014,1.2773888111114502,151.7706
1376,1.090445876121521,1.090445876121521,1.2927764654159546,1.2769416570663452,151.8715
1377,1.0901548862457275,1.0901548862457275,1.2923225164413452,1.2764875888824463,151.966
1378,1.0898617506027222,1.0898617506027222,1.2918672561645508,1.2760322093963623,152.0721
1379,1.0895723104476929,1.0895723104476929,1.2914063930511475,1.2755714654922485,152.1773
1380,1.0892795324325562,1.0892795324325562,1.2909530401229858,1.2751178741455078,152.2742
1381,1.088990569114685,1.088990569114685,1.290500521659851,1.2746654748916626,152.3938
1382,1.0886999368667603,1.0886999368667603,1.2900469303131104,1.2742115259170532,152.5028
1383,1.088409185409546,1.088409185409546,1.2895900011062622,1.273754358291626,152.6045
1384,1.0881199836730957,1.0881199836730957,1.2891324758529663,1.2732969522476196,152.7055
1385,1.0878310203552246,1.0878310203552246,1.288680076599121,1.2728445529937744,152.8117
1386,1.0875413417816162,1.0875413417816162,1.2882177829742432,1.2723820209503174,152.9081
1387,1.0872560739517212,1.0872560739517212,1.2877696752548218,1.2719340324401855,153.0027
1388,1.0869652032852173,1.0869652032852173,1.287317156791687,1.2714815139770508,153.1005
1389,1.0866788625717163,1.0866788625717163,1.286869764328003,1.2710341215133667,153.1974
1390,1.0863885879516602,1.0863885879516602,1.286415696144104,1.2705798149108887,153.2989
1391,1.0861003398895264,1.0861003398895264,1.2859656810760498,1.270129680633545,153.3985
1392,1.085815191268921,1.085815191268921,1.2855144739151,1.2696784734725952,153.4945
1393,1.0855281352996826,1.0855281352996826,1.2850639820098877,1.2692278623580933,153.5902
1394,1.085241675376892,1.085241675376892,1.284618616104126,1.268782377243042,153.7023
1395,1.0849555730819702,1.0849555730819702,1.2841707468032837,1.2683345079421997,153.7995
1396,1.084669828414917,1.084669828414917,1.283729076385498,1.267892599105835,153.8973
1397,1.0843838453292847,1.0843838453292847,1.2832739353179932,1.26743745803833,153.9995
1398,1.0840965509414673,1.0840965509414673,1.282819390296936,1.2669830322265625,154.0924
1399,1.0838143825531006,1.0838143825531006,1.2823671102523804,1.2665307521820068,154.194
1400,1.0835305452346802,1.0835305452346802,1.2819204330444336,1.2660839557647705,154.2884
1401,1.083245038986206,1.083245038986206,1.2814807891845703,1.2656443119049072,154.3829
1402,1.0829589366912842,1.0829589366912842,1.2810337543487549,1.2651968002319336,154.4801
1403,1.0826753377914429,1.0826753377914429,1.280590295791626,1.2647533416748047,154.5744
1404,1.082392692565918,1.082392692565918,1.2801475524902344,1.264310598373413,154.6784
1405,1.082109808921814,1.082109808921814,1.2797032594680786,1.2638661861419678,154.7767
1406,1.0818254947662354,1.0818254947662354,1.279246211051941,1.26340913772583,154.8735
1407,1.0815420150756836,1.0815420150756836,1.2787950038909912,1.26295804977417,154.9777
1408,1.0812593698501587,1.0812593698501587,1.278344750404358,1.2625080347061157,155.0779
1409,1.0809786319732666,1.0809786319732666,1.2779029607772827,1.2620660066604614,155.1854
1410,1.0806934833526611,1.0806934833526611,1.2774615287780762,1.2616245746612549,155.2855
1411,1.0804142951965332,1.0804142951965332,1.2770261764526367,1.2611888647079468,155.3852
1412,1.0801334381103516,1.0801334381103516,1.2765907049179077,1.2607531547546387,155.4942
1413,1.0798522233963013,1.0798522233963013,1.276144027709961,1.2603063583374023,155.5984
1414,1.0795700550079346,1.0795700550079346,1.2757021188735962,1.2598644495010376,155.8556
1415,1.0792913436889648,1.0792913436889648,1.2752623558044434,1.2594246864318848,155.9788
1416,1.079009771347046,1.079009771347046,1.2748119831085205,1.258974313735962,156.1376
1417,1.0787289142608643,1.0787289142608643,1.2743726968765259,1.2585347890853882,156.2973
1418,1.0784499645233154,1.0784499645233154,1.2739282846450806,1.2580903768539429,156.4293
1419,1.0781688690185547,1.0781688690185547,1.2734967470169067,1.2576589584350586,156.5498
1420,1.0778907537460327,1.0778907537460327,1.2730529308319092,1.257215142250061,156.6579
1421,1.0776100158691406,1.0776100158691406,1.2726205587387085,1.2567826509475708,156.7593
1422,1.0773322582244873,1.0773322582244873,1.2721855640411377,1.256347417831421,156.865
1423,1.077053427696228,1.077053427696228,1.2717481851577759,1.2559101581573486,156.9587
1424,1.0767757892608643,1.0767757892608643,1.2713050842285156,1.2554670572280884,157.0569
1425,1.0764967203140259,1.0764967203140259,1.2708638906478882,1.255025863647461,157.1573
1426,1.076219081878662,1.076219081878662,1.2704261541366577,1.2545878887176514,157.2537
1427,1.075940489768982,1.075940489768982,1.269988775253296,1.254150390625,157.3494
1428,1.0756644010543823,1.0756644010543823,1.2695510387420654,1.25371253490448,157.4475
1429,1.0753856897354126,1.0753856897354126,1.269120693206787,1.2532821893692017,157.5785
1430,1.0751107931137085,1.0751107931137085,1.2686792612075806,1.2528407573699951,157.6923
1431,1.0748329162597656,1.0748329162597656,1.268251657485962,1.2524127960205078,157.8052
1432,1.0745573043823242,1.0745573043823242,1.2678169012069702,1.2519779205322266,157.9179
1433,1.074281930923462,1.074281930923462,1.2673873901367188,1.251548409461975,158.0264
1434,1.0740052461624146,1.0740052461624146,1.2669551372528076,1.251116156578064,158.1273
1435,1.0737301111221313,1.0737301111221313,1.2665181159973145,1.2506791353225708,158.221
1436,1.073455572128296,1.073455572128296,1.2660804986953735,1.2502415180206299,158.3198
1437,1.073179841041565,1.073179841041565,1.265647053718567,1.2498080730438232,158.43
1438,1.0729032754898071,1.0729032754898071,1.2652122974395752,1.249373197555542,158.5305
1439,1.0726311206817627,1.0726311206817627,1.264775037765503,1.2489359378814697,158.6272
1440,1.0723570585250854,1.0723570585250854,1.2643431425094604,1.2485039234161377,158.7443
1441,1.072082281112671,1.072082281112671,1.2639174461364746,1.2480782270431519,158.8438
1442,1.071807622909546,1.071807622909546,1.2634894847869873,1.2476500272750854,158.9494
1443,1.0715349912643433,1.0715349912643433,1.2630656957626343,1.247226357460022,159.057
1444,1.0712610483169556,1.0712610483169556,1.2626407146453857,1.2468011379241943,159.1611
1445,1.0709869861602783,1.0709869861602783,1.2622103691101074,1.246370553970337,159.2593
1446,1.070715308189392,1.070715308189392,1.2617689371109009,1.245929479598999,159.3569
1447,1.070441484451294,1.070441484451294,1.2613352537155151,1.2454957962036133,159.4567
1448,1.0701706409454346,1.0701706409454346,1.2609012126922607,1.2450618743896484,159.5682
1449,1.0698987245559692,1.0698987245559692,1.2604751586914062,1.244635820388794,159.664
1450,1.0696275234222412,1.0696275234222412,1.2600562572479248,1.2442165613174438,159.7816
1451,1.0693544149398804,1.0693544149398804,1.2596327066421509,1.2437928915023804,159.8779
1452,1.0690832138061523,1.0690832138061523,1.2592121362686157,1.2433720827102661,159.9722
1453,1.0688120126724243,1.0688120126724243,1.258788824081421,1.2429485321044922,160.0679
1454,1.0685404539108276,1.0685404539108276,1.258365273475647,1.2425248622894287,160.1591
1455,1.0682697296142578,1.0682697296142578,1.2579355239868164,1.2420952320098877,160.2558
1456,1.068000078201294,1.068000078201294,1.257503867149353,1.2416636943817139,160.3521
1457,1.0677287578582764,1.0677287578582764,1.2570750713348389,1.2412348985671997,160.4641
1458,1.0674574375152588,1.0674574375152588,1.2566429376602173,1.2408026456832886,160.578
1459,1.0671894550323486,1.0671894550323486,1.2562211751937866,1.2403810024261475,160.6789
1460,1.0669190883636475,1.0669190883636475,1.2557967901229858,1.2399564981460571,160.7856
1461,1.066650629043579,1.066650629043579,1.2553765773773193,1.2395360469818115,160.8855
1462,1.0663783550262451,1.0663783550262451,1.2549564838409424,1.2391159534454346,160.9841
1463,1.0661102533340454,1.0661102533340454,1.2545385360717773,1.2386980056762695,161.0812
1464,1.0658421516418457,1.0658421516418457,1.2541186809539795,1.2382780313491821,161.1799
1465,1.0655725002288818,1.0655725002288818,1.2537044286727905,1.237863302230835,161.2729
1466,1.0653049945831299,1.0653049945831299,1.253281593322754,1.2374407052993774,161.3671
1467,1.0650365352630615,1.0650365352630615,1.2528595924377441,1.2370185852050781,161.4658
1468,1.0647685527801514,1.0647685527801514,1.2524362802505493,1.2365955114364624,161.5661
1469,1.0645020008087158,1.0645020008087158,1.2520086765289307,1.2361679077148438,161.6689
1470,1.0642324686050415,1.0642324686050415,1.2515881061553955,1.235747218132019,161.7744
1471,1.0639662742614746,1.0639662742614746,1.2511613368988037,1.2353206872940063,161.8708
1472,1.063698649406433,1.063698649406433,1.2507407665252686,1.2348999977111816,161.9737
1473,1.0634311437606812,1.0634311437606812,1.2503262758255005,1.234485387802124,162.071
1474,1.0631674528121948,1.0631674528121948,1.249913215637207,1.2340723276138306,162.1674
1475,1.0628993511199951,1.0628993511199951,1.2494890689849854,1.2336479425430298,162.2716
1476,1.0626327991485596,1.0626327991485596,1.2490695714950562,1.2332285642623901,162.372
1477,1.0623669624328613,1.0623669624328613,1.2486461400985718,1.2328048944473267,162.4729
1478,1.062101125717163,1.062101125717163,1.2482354640960693,1.2323942184448242,162.5693
1479,1.0618352890014648,1.0618352890014648,1.2478187084197998,1.2319772243499756,162.6732
1480,1.061570167541504,1.061570167541504,1.247408151626587,1.2315666675567627,162.7805
1481,1.061306118965149,1.061306118965149,1.246989130973816,1.2311474084854126,162.8755
1482,1.0610401630401611,1.0610401630401611,1.2465729713439941,1.2307311296463013,162.9686
1483,1.0607750415802002,1.0607750415802002,1.246156930923462,1.2303149700164795,163.0657
1484,1.0605106353759766,1.0605106353759766,1.2457411289215088,1.2298991680145264,163.1628
1485,1.0602458715438843,1.0602458715438843,1.2453317642211914,1.2294899225234985,163.2604
1486,1.0599822998046875,1.0599822998046875,1.2449162006378174,1.229074239730835,163.377
1487,1.0597180128097534,1.0597180128097534,1.2445014715194702,1.2286593914031982,163.484
1488,1.059453010559082,1.059453010559082,1.2440860271453857,1.2282441854476929,163.598
1489,1.0591919422149658,1.0591919422149658,1.2436729669570923,1.2278311252593994,163.7225
1490,1.0589277744293213,1.0589277744293213,1.243261456489563,1.2274194955825806,163.8256
1491,1.058665156364441,1.058665156364441,1.242842674255371,1.2270008325576782,163.9287
1492,1.0584033727645874,1.0584033727645874,1.2424339056015015,1.2265918254852295,164.028
1493,1.0581389665603638,1.0581389665603638,1.2420257329940796,1.2261836528778076,164.1277
1494,1.057875394821167,1.057875394821167,1.241617202758789,1.2257750034332275,164.2255
1495,1.0576114654541016,1.0576114654541016,1.2412092685699463,1.2253667116165161,164.3234
1496,1.0573521852493286,1.0573521852493286,1.2408033609390259,1.2249608039855957,164.4204
1497,1.0570893287658691,1.0570893287658691,1.240394949913025,1.2245523929595947,164.5221
1498,1.0568281412124634,1.0568281412124634,1.2399832010269165,1.2241405248641968,164.621
1499,1.0565662384033203,1.0565662384033203,1.2395719289779663,1.223729133605957,164.7158
1500,1.0563032627105713,1.0563032627105713,1.2391526699066162,1.2233099937438965,164.8226
1501,1.0560427904129028,1.0560427904129028,1.2387326955795288,1.2228901386260986,164.931
1502,1.0557817220687866,1.0557817220687866,1.2383302450180054,1.2224876880645752,165.0353
1503,1.05552077293396,1.05552077293396,1.2379274368286133,1.2220847606658936,165.1397
1504,1.0552608966827393,1.0552608966827393,1.237521767616272,1.2216789722442627,165.2495
1505,1.0550000667572021,1.0550000667572021,1.237120509147644,1.2212775945663452,165.3596
1506,1.054738998413086,1.054738998413086,1.2367103099822998,1.220867395401001,165.4612
1507,1.0544779300689697,1.0544779300689697,1.236299991607666,1.220456838607788,165.5602
1508,1.0542209148406982,1.0542209148406982,1.2358901500701904,1.2200469970703125,165.6661
1509,1.0539604425430298,1.0539604425430298,1.2354823350906372,1.2196391820907593,165.7663
1510,1.053700566291809,1.053700566291809,1.2350780963897705,1.219234824180603,165.8597
1511,1.0534416437149048,1.0534416437149048,1.2346757650375366,1.2188324928283691,165.9664
1512,1.0531820058822632,1.0531820058822632,1.234276533126831,1.2184330224990845,166.0739
1513,1.0529224872589111,1.0529224872589111,1.2338794469833374,1.2180359363555908,166.1703
1514,1.0526630878448486,1.0526630878448486,1.2334789037704468,1.217635154724121,166.289
1515,1.0524041652679443,1.0524041652679443,1.233074426651001,1.2172305583953857,166.3811
1516,1.0521461963653564,1.0521461963653564,1.2326711416244507,1.2168275117874146,166.4856
1517,1.0518884658813477,1.0518884658813477,1.2322667837142944,1.2164229154586792,166.5814
1518,1.0516314506530762,1.0516314506530762,1.2318658828735352,1.2160218954086304,166.6837
1519,1.0513722896575928,1.0513722896575928,1.2314589023590088,1.215615153312683,166.7937
1520,1.0511144399642944,1.0511144399642944,1.2310543060302734,1.2152106761932373,166.896
1521,1.050856351852417,1.050856351852417,1.230653166770935,1.2148094177246094,167.0006
1522,1.0505995750427246,1.0505995750427246,1.2302504777908325,1.2144066095352173,167.1025
1523,1.0503437519073486,1.0503437519073486,1.2298469543457031,1.2140032052993774,167.2009
1524,1.0500866174697876,1.0500866174697876,1.2294458150863647,1.21360182762146,167.306
1525,1.0498276948928833,1.0498276948928833,1.2290503978729248,1.21320641040802,167.4214
1526,1.0495727062225342,1.0495727062225342,1.2286498546600342,1.2128055095672607,167.5343
1527,1.0493148565292358,1.0493148565292358,1.2282546758651733,1.2124103307724,167.6392
1528,1.0490586757659912,1.0490586757659912,1.2278577089309692,1.2120132446289062,167.7423
1529,1.0488041639328003,1.0488041639328003,1.2274612188339233,1.2116166353225708,167.8501
1530,1.0485470294952393,1.0485470294952393,1.2270634174346924,1.2112188339233398,167.9426
1531,1.0482916831970215,1.0482916831970215,1.2266613245010376,1.2108166217803955,168.048
1532,1.0480369329452515,1.0480369329452515,1.2262550592422485,1.2104103565216064,168.1583
1533,1.0477800369262695,1.0477800369262695,1.2258542776107788,1.2100096940994263,168.2613
1534,1.047525405883789,1.047525405883789,1.2254507541656494,1.209606409072876,168.3592
1535,1.0472705364227295,1.0472705364227295,1.2250592708587646,1.2092148065567017,168.477
1536,1.0470157861709595,1.0470157861709595,1.224666714668274,1.2088220119476318,168.5874
1537,1.0467599630355835,1.0467599630355835,1.2242761850357056,1.2084314823150635,168.6957
1538,1.0465058088302612,1.0465058088302612,1.2238833904266357,1.208038568496704,168.8087
1539,1.0462520122528076,1.0462520122528076,1.2234933376312256,1.2076483964920044,168.9132
1540,1.045998454093933,1.045998454093933,1.2230980396270752,1.207252860069275,169.0066
1541,1.0457439422607422,1.0457439422607422,1.2226979732513428,1.206852674484253,169.0996
1542,1.0454906225204468,1.0454906225204468,1.2222951650619507,1.2064498662948608,169.1942
1543,1.045236349105835,1.045236349105835,1.2218942642211914,1.2060493230819702,169.2888
1544,1.044982671737671,1.044982671737671,1.2215025424957275,1.2056571245193481,169.3868
1545,1.0447299480438232,1.0447299480438232,1.221111536026001,1.2052658796310425,169.4866
1546,1.0444753170013428,1.0444753170013428,1.2207180261611938,1.204872488975525,169.5865
1547,1.044222116470337,1.044222116470337,1.22032630443573,1.2044806480407715,169.6871
1548,1.0439702272415161,1.0439702272415161,1.2199351787567139,1.2040895223617554,169.7857
1549,1.043716311454773,1.043716311454773,1.2195430994033813,1.2036972045898438,169.882
1550,1.0434632301330566,1.0434632301330566,1.2191520929336548,1.2033060789108276,169.9872
1551,1.0432108640670776,1.0432108640670776,1.2187594175338745,1.2029134035110474,170.0851
1552,1.0429589748382568,1.0429589748382568,1.2183668613433838,1.2025206089019775,170.1808
1553,1.0427076816558838,1.0427076816558838,1.2179787158966064,1.2021324634552002,170.274
1554,1.0424543619155884,1.0424543619155884,1.217590570449829,1.2017444372177124,170.375
1555,1.042203664779663,1.042203664779663,1.2172050476074219,1.2013589143753052,170.4711
1556,1.0419511795043945,1.0419511795043945,1.2168209552764893,1.200974702835083,170.5677
1557,1.041699767112732,1.041699767112732,1.2164316177368164,1.2005852460861206,170.6669
1558,1.0414478778839111,1.0414478778839111,1.2160428762435913,1.2001965045928955,170.7688
1559,1.0411958694458008,1.0411958694458008,1.2156507968902588,1.1998043060302734,170.8619
1560,1.0409462451934814,1.0409462451934814,1.2152560949325562,1.1994097232818604,170.9703
1561,1.0406947135925293,1.0406947135925293,1.2148587703704834,1.1990123987197876,171.0674
1562,1.0404446125030518,1.0404446125030518,1.214469313621521,1.1986229419708252,171.1628
1563,1.040193796157837,1.040193796157837,1.2140781879425049,1.19823157787323,171.2641
1564,1.039942979812622,1.039942979812622,1.213697075843811,1.1978504657745361,171.3731
1565,1.03969144821167,1.03969144821167,1.2133142948150635,1.197467565536499,171.471
1566,1.0394423007965088,1.0394423007965088,1.2129348516464233,1.1970877647399902,171.575
1567,1.0391944646835327,1.0391944646835327,1.21254563331604,1.1966984272003174,171.6722
1568,1.0389440059661865,1.0389440059661865,1.2121589183807373,1.1963117122650146,171.7701
1569,1.0386940240859985,1.0386940240859985,1.2117704153060913,1.195923089981079,171.8694
1570,1.0384434461593628,1.0384434461593628,1.211380958557129,1.1955335140228271,171.9675
1571,1.038195252418518,1.038195252418518,1.2109911441802979,1.195143699645996,172.0648
1572,1.0379453897476196,1.0379453897476196,1.2106069326400757,1.194759726524353,172.1668
1573,1.0376958847045898,1.0376958847045898,1.2102234363555908,1.1943758726119995,172.2671
1574,1.0374467372894287,1.0374467372894287,1.2098438739776611,1.1939964294433594,172.3732
1575,1.037198543548584,1.037198543548584,1.2094624042510986,1.1936147212982178,172.4762
1576,1.0369499921798706,1.0369499921798706,1.209082841873169,1.193235158920288,172.5835
1577,1.0367010831832886,1.0367010831832886,1.2087059020996094,1.1928582191467285,172.6826
1578,1.0364539623260498,1.0364539623260498,1.2083238363265991,1.1924760341644287,172.7784
1579,1.0362050533294678,1.0362050533294678,1.2079404592514038,1.1920926570892334,172.8767
1580,1.035956621170044,1.035956621170044,1.207554578781128,1.1917064189910889,172.9704
1581,1.0357075929641724,1.0357075929641724,1.2071727514266968,1.1913248300552368,173.0646
1582,1.0354597568511963,1.0354597568511963,1.206786036491394,1.1909379959106445,173.1631
1583,1.0352131128311157,1.0352131128311157,1.206404447555542,1.190556287765503,173.2653
1584,1.034967064857483,1.034967064857483,1.2060210704803467,1.1901729106903076,173.3625
1585,1.0347191095352173,1.0347191095352173,1.2056407928466797,1.1897923946380615,173.4618
1586,1.0344717502593994,1.0344717502593994,1.205263614654541,1.1894153356552124,173.561
1587,1.0342249870300293,1.0342249870300293,1.2048873901367188,1.189038872718811,173.6563
1588,1.0339772701263428,1.0339772701263428,1.2045091390609741,1.1886606216430664,173.7561
1589,1.0337319374084473,1.0337319374084473,1.2041321992874146,1.1882834434509277,173.8572
1590,1.0334845781326294,1.0334845781326294,1.2037570476531982,1.1879080533981323,173.951
1591,1.0332372188568115,1.0332372188568115,1.2033803462982178,1.1875312328338623,174.0447
1592,1.0329917669296265,1.0329917669296265,1.202998399734497,1.1871494054794312,174.1418
1593,1.03274405002594,1.03274405002594,1.2026112079620361,1.1867620944976807,174.2363
1594,1.0324976444244385,1.0324976444244385,1.2022234201431274,1.1863744258880615,174.3313
1595,1.0322539806365967,1.0322539806365967,1.201845645904541,1.185996651649475,174.4265
1596,1.0320065021514893,1.0320065021514893,1.2014782428741455,1.18562912940979,174.5219
1597,1.0317612886428833,1.0317612886428833,1.201110601425171,1.1852611303329468,174.623
1598,1.0315159559249878,1.0315159559249878,1.2007367610931396,1.1848875284194946,174.7184
1599,1.0312705039978027,1.0312705039978027,1.200355887413025,1.1845064163208008,174.8143
1600,1.031026840209961,1.031026840209961,1.1999797821044922,1.1841301918029785,174.9081
1601,1.0307801961898804,1.0307801961898804,1.1996066570281982,1.1837571859359741,175.1138
1602,1.0305356979370117,1.0305356979370117,1.19922935962677,1.1833796501159668,175.2164
1603,1.030290961265564,1.030290961265564,1.1988515853881836,1.1830017566680908,175.3112
1604,1.0300452709197998,1.0300452709197998,1.198482871055603,1.1826329231262207,175.4033
1605,1.0298010110855103,1.0298010110855103,1.1981099843978882,1.1822599172592163,175.4977
1606,1.0295567512512207,1.0295567512512207,1.1977325677871704,1.1818825006484985,175.5906
1607,1.0293127298355103,1.0293127298355103,1.1973588466644287,1.1815087795257568,175.6897
1608,1.029069185256958,1.029069185256958,1.1969877481460571,1.1811376810073853,175.7879
1609,1.0288258790969849,1.0288258790969849,1.1966112852096558,1.1807610988616943,175.8829
1610,1.0285812616348267,1.0285812616348267,1.196242332458496,1.1803920269012451,175.9767
1611,1.0283373594284058,1.0283373594284058,1.1958682537078857,1.1800178289413452,176.0715
1612,1.0280934572219849,1.0280934572219849,1.1954996585845947,1.1796491146087646,176.1657
1613,1.0278489589691162,1.0278489589691162,1.1951274871826172,1.179276704788208,176.2624
1614,1.0276072025299072,1.0276072025299072,1.1947556734085083,1.1789047718048096,176.3636
1615,1.0273631811141968,1.0273631811141968,1.1943784952163696,1.17852783203125,176.471
1616,1.0271209478378296,1.0271209478378296,1.1940017938613892,1.1781508922576904,176.5632
1617,1.026876449584961,1.026876449584961,1.1936273574829102,1.177776575088501,176.668
1618,1.0266350507736206,1.0266350507736206,1.1932611465454102,1.1774101257324219,176.7643
1619,1.0263911485671997,1.0263911485671997,1.1929008960723877,1.1770496368408203,176.8651
1620,1.026149034500122,1.026149034500122,1.1925305128097534,1.1766791343688965,176.9599
1621,1.0259071588516235,1.0259071588516235,1.1921614408493042,1.1763099431991577,177.0555
1622,1.025665283203125,1.025665283203125,1.1917915344238281,1.1759400367736816,177.1527
1623,1.025420904159546,1.025420904159546,1.191420316696167,1.1755688190460205,177.2494
1624,1.0251808166503906,1.0251808166503906,1.191055178642273,1.1752034425735474,177.3455
1625,1.0249395370483398,1.0249395370483398,1.1906793117523193,1.1748278141021729,177.452
1626,1.0246975421905518,1.0246975421905518,1.190304160118103,1.1744526624679565,177.5508
1627,1.024454116821289,1.024454116821289,1.1899367570877075,1.174085259437561,177.649
1628,1.0242136716842651,1.0242136716842651,1.1895745992660522,1.1737226247787476,177.7528
1629,1.023972749710083,1.023972749710083,1.1892119646072388,1.1733598709106445,177.846
1630,1.0237294435501099,1.0237294435501099,1.1888452768325806,1.1729929447174072,177.948
1631,1.0234880447387695,1.0234880447387695,1.1884795427322388,1.1726270914077759,178.0489
1632,1.023248553276062,1.023248553276062,1.1881064176559448,1.172253966331482,178.1416
1633,1.0230071544647217,1.0230071544647217,1.1877366304397583,1.1718841791152954,178.2451
1634,1.0227677822113037,1.0227677822113037,1.1873676776885986,1.1715152263641357,178.3399
1635,1.0225250720977783,1.0225250720977783,1.187001347541809,1.171148657798767,178.4482
1636,1.0222842693328857,1.0222842693328857,1.1866368055343628,1.1707838773727417,178.5545
1637,1.0220439434051514,1.0220439434051514,1.1862728595733643,1.1704199314117432,178.6567
1638,1.0218048095703125,1.0218048095703125,1.1859169006347656,1.1700637340545654,178.75
1639,1.0215647220611572,1.0215647220611572,1.1855520009994507,1.1696988344192505,178.8611
1640,1.0213243961334229,1.0213243961334229,1.1851862668991089,1.1693328619003296,178.9624
1641,1.0210862159729004,1.0210862159729004,1.1848260164260864,1.1689726114273071,179.0663
1642,1.020843267440796,1.020843267440796,1.1844637393951416,1.1686102151870728,179.1606
1643,1.0206044912338257,1.0206044912338257,1.1841005086898804,1.168246865272522,179.2699
1644,1.0203641653060913,1.0203641653060913,1.1837356090545654,1.1678820848464966,179.3955
1645,1.0201265811920166,1.0201265811920166,1.1833698749542236,1.1675161123275757,179.5066
1646,1.0198867321014404,1.0198867321014404,1.1830065250396729,1.167153000831604,179.6253
1647,1.0196452140808105,1.0196452140808105,1.182645320892334,1.1667916774749756,179.7307
1648,1.0194066762924194,1.0194066762924194,1.1822842359542847,1.1664304733276367,179.8358
1649,1.0191676616668701,1.0191676616668701,1.1819236278533936,1.1660696268081665,179.9345
1650,1.0189292430877686,1.0189292430877686,1.181563138961792,1.1657090187072754,180.0485
1651,1.0186917781829834,1.0186917781829834,1.1812002658843994,1.1653459072113037,180.1429
1652,1.0184522867202759,1.0184522867202759,1.1808401346206665,1.1649856567382812,180.2432
1653,1.0182137489318848,1.0182137489318848,1.1804776191711426,1.1646229028701782,180.3372
1654,1.0179738998413086,1.0179738998413086,1.1801166534423828,1.164262056350708,180.4387
1655,1.0177361965179443,1.0177361965179443,1.179753065109253,1.163898229598999,180.5359
1656,1.017498254776001,1.017498254776001,1.1793962717056274,1.163541555404663,180.6455
1657,1.017260193824768,1.017260193824768,1.1790361404418945,1.1631810665130615,180.7461
1658,1.0170226097106934,1.0170226097106934,1.1786813735961914,1.1628261804580688,180.8508
1659,1.0167847871780396,1.0167847871780396,1.1783233880996704,1.1624680757522583,180.949
1660,1.0165461301803589,1.0165461301803589,1.177962303161621,1.1621071100234985,181.0479
1661,1.0163090229034424,1.0163090229034424,1.1775987148284912,1.161743402481079,181.1519
1662,1.0160703659057617,1.0160703659057617,1.1772420406341553,1.1613869667053223,181.2452
1663,1.015832543373108,1.015832543373108,1.176891565322876,1.1610360145568848,181.3515
1664,1.0155962705612183,1.0155962705612183,1.176538348197937,1.1606829166412354,181.4493
1665,1.0153582096099854,1.0153582096099854,1.1761846542358398,1.160328984260559,181.5441
1666,1.015122652053833,1.015122652053833,1.1758331060409546,1.1599773168563843,181.6418
1667,1.0148853063583374,1.0148853063583374,1.1754755973815918,1.159619688987732,181.7383
1668,1.014648199081421,1.014648199081421,1.175122857093811,1.1592665910720825,181.837
1669,1.0144110918045044,1.0144110918045044,1.1747623682022095,1.1589059829711914,181.9445
1670,1.0141756534576416,1.0141756534576416,1.1744003295898438,1.1585439443588257,182.0424
1671,1.013939380645752,1.013939380645752,1.1740409135818481,1.15818452835083,182.1355
1672,1.0137017965316772,1.0137017965316772,1.173680067062378,1.1578238010406494,182.2415
1673,1.0134642124176025,1.0134642124176025,1.1733167171478271,1.1574599742889404,182.3576
1674,1.013229250907898,1.013229250907898,1.1729624271392822,1.1571056842803955,182.464
1675,1.012993574142456,1.012993574142456,1.1726070642471313,1.1567500829696655,182.5719
1676,1.0127573013305664,1.0127573013305664,1.1722599267959595,1.156402826309204,182.6649
1677,1.0125230550765991,1.0125230550765991,1.1719144582748413,1.156057357788086,182.7677
1678,1.0122864246368408,1.0122864246368408,1.1715621948242188,1.1557047367095947,182.8708
1679,1.0120506286621094,1.0120506286621094,1.1712090969085693,1.1553516387939453,182.973
1680,1.0118134021759033,1.0118134021759033,1.1708581447601318,1.1550005674362183,183.0732
1681,1.0115785598754883,1.0115785598754883,1.1705095767974854,1.1546518802642822,183.1656
1682,1.011343002319336,1.011343002319336,1.1701507568359375,1.1542932987213135,183.2671
1683,1.011108636856079,1.011108636856079,1.169799566268921,1.1539418697357178,183.3714
1684,1.0108733177185059,1.0108733177185059,1.1694462299346924,1.1535885334014893,183.4754
1685,1.010637640953064,1.010637640953064,1.1690887212753296,1.153230905532837,183.569
1686,1.0104039907455444,1.0104039907455444,1.1687361001968384,1.1528781652450562,183.6656
1687,1.0101674795150757,1.0101674795150757,1.168389081954956,1.1525311470031738,183.7615
1688,1.0099340677261353,1.0099340677261353,1.1680406332015991,1.1521823406219482,183.8751
1689,1.0096992254257202,1.0096992254257202,1.1676965951919556,1.151837944984436,184.0072
1690,1.0094646215438843,1.0094646215438843,1.167336344718933,1.1514778137207031,184.1271
1691,1.0092308521270752,1.0092308521270752,1.166980504989624,1.151121735572815,184.2439
1692,1.0089943408966064,1.0089943408966064,1.1666266918182373,1.1507680416107178,184.3638
1693,1.0087610483169556,1.0087610483169556,1.1662832498550415,1.1504243612289429,184.4646
1694,1.0085254907608032,1.0085254907608032,1.1659338474273682,1.1500747203826904,184.5751
1695,1.0082933902740479,1.0082933902740479,1.1655853986740112,1.149726152420044,184.6727
1696,1.0080583095550537,1.0080583095550537,1.1652368307113647,1.149377465248108,184.7684
1697,1.0078260898590088,1.0078260898590088,1.1648857593536377,1.1490262746810913,184.8706
1698,1.0075924396514893,1.0075924396514893,1.1645355224609375,1.1486760377883911,184.9655
1699,1.007359266281128,1.007359266281128,1.1641852855682373,1.1483256816864014,185.0649
1700,1.007123589515686,1.007123589515686,1.1638402938842773,1.1479804515838623,185.1642
1701,1.0068919658660889,1.0068919658660889,1.1634904146194458,1.1476304531097412,185.2589
1702,1.0066591501235962,1.0066591501235962,1.1631429195404053,1.1472829580307007,185.355
1703,1.006424903869629,1.006424903869629,1.1627960205078125,1.1469358205795288,185.4522
1704,1.006192922592163,1.006192922592163,1.1624559164047241,1.1465955972671509,185.5449
1705,1.0059592723846436,1.0059592723846436,1.1621038913726807,1.1462433338165283,185.6595
1706,1.0057270526885986,1.0057270526885986,1.161767601966858,1.145906925201416,185.7595
1707,1.005494475364685,1.005494475364685,1.1614172458648682,1.1455564498901367,185.8615
1708,1.0052611827850342,1.0052611827850342,1.1610718965530396,1.1452109813690186,185.9556
1709,1.0050283670425415,1.0050283670425415,1.1607215404510498,1.1448605060577393,186.055
1710,1.0047963857650757,1.0047963857650757,1.1603707075119019,1.1445096731185913,186.152
1711,1.0045626163482666,1.0045626163482666,1.1600210666656494,1.1441599130630493,186.2501
1712,1.0043306350708008,1.0043306350708008,1.1596708297729492,1.14380943775177,186.3479
1713,1.0040981769561768,1.0040981769561768,1.159330129623413,1.1434686183929443,186.4422
1714,1.0038659572601318,1.0038659572601318,1.1589910984039307,1.1431293487548828,186.5365
1715,1.003635048866272,1.003635048866272,1.1586527824401855,1.1427907943725586,186.6359
1716,1.0034043788909912,1.0034043788909912,1.1583102941513062,1.1424481868743896,186.733
1717,1.0031708478927612,1.0031708478927612,1.1579691171646118,1.1421070098876953,186.8462
1718,1.0029394626617432,1.0029394626617432,1.1576247215270996,1.141762375831604,186.9437
1719,1.0027079582214355,1.0027079582214355,1.157283902168274,1.1414215564727783,187.0449
1720,1.0024769306182861,1.0024769306182861,1.156937837600708,1.1410752534866333,187.1502
1721,1.0022441148757935,1.0022441148757935,1.1565905809402466,1.1407278776168823,187.2493
1722,1.002013087272644,1.002013087272644,1.1562525033950806,1.1403899192810059,187.3441
1723,1.0017826557159424,1.0017826557159424,1.1559107303619385,1.1400482654571533,187.4402
1724,1.001551628112793,1.001551628112793,1.155570387840271,1.1397074460983276,187.5455
1725,1.0013189315795898,1.0013189315795898,1.1552292108535767,1.1393661499023438,187.6413
1726,1.001089334487915,1.001089334487915,1.154883623123169,1.139020562171936,187.7378
1727,1.0008580684661865,1.0008580684661865,1.1545404195785522,1.1386773586273193,187.835
1728,1.0006277561187744,1.0006277561187744,1.1541993618011475,1.138336181640625,187.9308
1729,1.0003955364227295,1.0003955364227295,1.1538631916046143,1.1379996538162231,188.0266
1730,1.0001646280288696,1.0001646280288696,1.1535217761993408,1.1376579999923706,188.1293
1731,0.9999358057975769,0.9999358057975769,1.1531856060028076,1.1373215913772583,188.2214
1732,0.9997034072875977,0.9997034072875977,1.152843713760376,1.136979579925537,188.3219
1733,0.9994754791259766,0.9994754791259766,1.1524994373321533,1.1366350650787354,188.4198
1734,0.9992448091506958,0.9992448091506958,1.1521542072296143,1.1362898349761963,188.5209
1735,0.9990139007568359,0.9990139007568359,1.151812195777893,1.135947823524475,188.6161
1736,0.9987848997116089,0.9987848997116089,1.1514768600463867,1.1356121301651,188.7108
1737,0.998554527759552,0.998554527759552,1.151138424873352,1.1352736949920654,188.8149
1738,0.9983253479003906,0.9983253479003906,1.1508032083511353,1.1349382400512695,188.9136
1739,0.9980953335762024,0.9980953335762024,1.1504614353179932,1.1345964670181274,189.0043
1740,0.9978638887405396,0.9978638887405396,1.15012788772583,1.1342628002166748,189.0988
1741,0.9976361393928528,0.9976361393928528,1.1497879028320312,1.1339225769042969,189.1958
1742,0.9974057078361511,0.9974057078361511,1.149450421333313,1.13358473777771,189.2923
1743,0.9971756935119629,0.9971756935119629,1.1491154432296753,1.1332497596740723,189.3877
1744,0.9969465136528015,0.9969465136528015,1.1487807035446167,1.1329149007797241,189.4974
1745,0.9967174530029297,0.9967174530029297,1.1484456062316895,1.1325795650482178,189.6064
1746,0.9964882731437683,0.9964882731437683,1.148109793663025,1.1322437524795532,189.7037
1747,0.9962602853775024,0.9962602853775024,1.1477746963500977,1.131908655166626,189.7962
1748,0.9960311055183411,0.9960311055183411,1.1474378108978271,1.1315717697143555,189.9407
1749,0.995801568031311,0.995801568031311,1.147099256515503,1.1312328577041626,190.0615
1750,0.995572566986084,0.995572566986084,1.1467647552490234,1.130898118019104,190.1815
1751,0.9953432083129883,0.9953432083129883,1.146429419517517,1.130562663078308,190.2966
1752,0.9951168298721313,0.9951168298721313,1.146090030670166,1.1302231550216675,190.4162
1753,0.9948883056640625,0.9948883056640625,1.1457531452178955,1.1298860311508179,190.5292
1754,0.9946600198745728,0.9946600198745728,1.1454190015792847,1.129551649093628,190.6336
1755,0.9944295883178711,0.9944295883178711,1.1450859308242798,1.1292184591293335,190.7334
1756,0.99420166015625,0.99420166015625,1.1447479724884033,1.128880500793457,190.8279
1757,0.9939748644828796,0.9939748644828796,1.144409418106079,1.1285415887832642,190.9276
1758,0.9937456250190735,0.9937456250190735,1.144081711769104,1.12821364402771,191.0387
1759,0.9935184717178345,0.9935184717178345,1.1437513828277588,1.1278831958770752,191.1446
1760,0.9932910799980164,0.9932910799980164,1.1434171199798584,1.1275489330291748,191.2426
1761,0.9930629730224609,0.9930629730224609,1.1430836915969849,1.1272152662277222,191.3411
1762,0.9928357005119324,0.9928357005119324,1.1427440643310547,1.126875400543213,191.4359
1763,0.9926077127456665,0.9926077127456665,1.1424119472503662,1.126543402671814,191.5386
1764,0.9923818707466125,0.9923818707466125,1.1420758962631226,1.1262071132659912,191.6406
1765,0.9921512603759766,0.9921512603759766,1.1417421102523804,1.1258734464645386,191.7433
1766,0.9919265508651733,0.9919265508651733,1.1414121389389038,1.1255433559417725,191.849
1767,0.9916982650756836,0.9916982650756836,1.1410812139511108,1.1252120733261108,191.9478
1768,0.9914706945419312,0.9914706945419312,1.1407548189163208,1.1248854398727417,192.0574
1769,0.9912440180778503,0.9912440180778503,1.140427827835083,1.1245582103729248,192.167
1770,0.9910174608230591,0.9910174608230591,1.140092134475708,1.1242221593856812,192.2674
1771,0.9907881021499634,0.9907881021499634,1.1397637128829956,1.1238939762115479,192.3675
1772,0.9905611276626587,0.9905611276626587,1.13943350315094,1.123563528060913,192.4863
1773,0.990334153175354,0.990334153175354,1.1391006708145142,1.1232304573059082,192.6001
1774,0.9901086688041687,0.9901086688041687,1.1387723684310913,1.1229019165039062,192.7031
1775,0.989883542060852,0.989883542060852,1.1384360790252686,1.122565746307373,192.8126
1776,0.9896550178527832,0.9896550178527832,1.1381022930145264,1.1222317218780518,192.9236
1777,0.9894300699234009,0.9894300699234009,1.1377716064453125,1.1219009160995483,193.0252
1778,0.9892034530639648,0.9892034530639648,1.1374437808990479,1.1215728521347046,193.1308
1779,0.9889761805534363,0.9889761805534363,1.1371123790740967,1.1212413311004639,193.2497
1780,0.9887506365776062,0.9887506365776062,1.1367844343185425,1.1209131479263306,193.3931
1781,0.988524317741394,0.988524317741394,1.136457085609436,1.120585560798645,193.65
1782,0.9882988929748535,0.9882988929748535,1.136127233505249,1.1202555894851685,193.8207
1783,0.9880722165107727,0.9880722165107727,1.1358035802841187,1.1199315786361694,193.9585
1784,0.9878467321395874,0.9878467321395874,1.1354801654815674,1.11960768699646,194.0874
1785,0.9876205325126648,0.9876205325126648,1.1351487636566162,1.119276523590088,194.2025
1786,0.9873951077461243,0.9873951077461243,1.1348153352737427,1.1189429759979248,194.3065
1787,0.9871692657470703,0.9871692657470703,1.1344839334487915,1.118611454963684,194.4113
1788,0.9869429469108582,0.9869429469108582,1.1341545581817627,1.1182820796966553,194.5177
1789,0.9867194890975952,0.9867194890975952,1.1338293552398682,1.117956519126892,194.6218
1790,0.9864941835403442,0.9864941835403442,1.133504867553711,1.1176320314407349,194.7238
1791,0.9862674474716187,0.9862674474716187,1.1331819295883179,1.1173087358474731,194.8206
1792,0.9860413670539856,0.9860413670539856,1.132859468460083,1.1169860363006592,194.92
1793,0.9858158826828003,0.9858158826828003,1.1325312852859497,1.1166576147079468,195.0213
1794,0.9855917096138,0.9855917096138,1.1322031021118164,1.1163294315338135,195.1216
1795,0.9853671789169312,0.9853671789169312,1.1318786144256592,1.1160048246383667,195.2198
1796,0.9851416349411011,0.9851416349411011,1.1315521001815796,1.1156784296035767,195.3174
1797,0.9849175214767456,0.9849175214767456,1.1312288045883179,1.1153547763824463,195.4159
1798,0.9846920967102051,0.9846920967102051,1.130899429321289,1.1150251626968384,195.5158
1799,0.9844669103622437,0.9844669103622437,1.1305737495422363,1.1146994829177856,195.6109
1800,0.9842432141304016,0.9842432141304016,1.1302473545074463,1.114372730255127,195.7125
1801,0.9840188026428223,0.9840188026428223,1.129925012588501,1.1140501499176025,195.8104
1802,0.9837940335273743,0.9837940335273743,1.1295980215072632,1.1137230396270752,195.9032
1803,0.9835689663887024,0.9835689663887024,1.1292798519134521,1.1134047508239746,196.0012
1804,0.983345627784729,0.983345627784729,1.1289520263671875,1.1130765676498413,196.0991
1805,0.9831216931343079,0.9831216931343079,1.128628134727478,1.1127525568008423,196.1965
1806,0.9828958511352539,0.9828958511352539,1.1283090114593506,1.1124331951141357,196.297
1807,0.9826719164848328,0.9826719164848328,1.1279875040054321,1.1121115684509277,196.3956
1808,0.9824484586715698,0.9824484586715698,1.1276657581329346,1.1117898225784302,196.4969
1809,0.982223629951477,0.982223629951477,1.1273387670516968,1.1114623546600342,196.5949
1810,0.9820000529289246,0.9820000529289246,1.1270155906677246,1.1111390590667725,196.6923
1811,0.9817764163017273,0.9817764163017273,1.126690149307251,1.1108134984970093,196.7884
1812,0.9815527200698853,0.9815527200698853,1.1263659000396729,1.1104892492294312,196.8862
1813,0.9813288450241089,0.9813288450241089,1.1260411739349365,1.1101644039154053,196.986
1814,0.9811058044433594,0.9811058044433594,1.1257187128067017,1.1098417043685913,197.0919
1815,0.9808801412582397,0.9808801412582397,1.1254007816314697,1.1095235347747803,197.1918
1816,0.9806575775146484,0.9806575775146484,1.1250866651535034,1.1092091798782349,197.2941
1817,0.9804360270500183,0.9804360270500183,1.124768614768982,1.1088907718658447,197.4083
1818,0.9802125096321106,0.9802125096321106,1.1244500875473022,1.108572006225586,197.5171
1819,0.9799879789352417,0.9799879789352417,1.1241319179534912,1.1082537174224854,197.6175
1820,0.9797655344009399,0.9797655344009399,1.1238044500350952,1.1079261302947998,197.718
1821,0.9795430898666382,0.9795430898666382,1.1234697103500366,1.1075913906097412,197.8226
1822,0.9793201684951782,0.9793201684951782,1.1231529712677002,1.1072744131088257,197.9241
1823,0.9790968894958496,0.9790968894958496,1.1228355169296265,1.1069568395614624,198.0197
1824,0.9788753390312195,0.9788753390312195,1.1225178241729736,1.1066389083862305,198.1359
1825,0.9786531329154968,0.9786531329154968,1.122198462486267,1.1063194274902344,198.2391
1826,0.9784291982650757,0.9784291982650757,1.1218830347061157,1.1060036420822144,198.3428
1827,0.978206992149353,0.978206992149353,1.1215641498565674,1.105684518814087,198.4451
1828,0.9779840707778931,0.9779840707778931,1.1212443113327026,1.1053645610809326,198.539
1829,0.9777624011039734,0.9777624011039734,1.1209237575531006,1.1050437688827515,198.6355
1830,0.9775387048721313,0.9775387048721313,1.1206077337265015,1.104727864265442,198.731
1831,0.9773174524307251,0.9773174524307251,1.120288610458374,1.1044085025787354,198.8301
1832,0.9770941734313965,0.9770941734313965,1.1199705600738525,1.1040899753570557,198.9381
1833,0.9768723249435425,0.9768723249435425,1.1196495294570923,1.103769063949585,199.0375
1834,0.9766508340835571,0.9766508340835571,1.119328498840332,1.1034479141235352,199.1355
1835,0.9764276742935181,0.9764276742935181,1.119014024734497,1.103133201599121,199.2304
1836,0.9762064814567566,0.9762064814567566,1.1186922788619995,1.1028110980987549,199.328
1837,0.9759844541549683,0.9759844541549683,1.1183764934539795,1.1024951934814453,199.4243
1838,0.9757630228996277,0.9757630228996277,1.1180635690689087,1.1021817922592163,199.5194
1839,0.9755406379699707,0.9755406379699707,1.1177456378936768,1.1018637418746948,199.6634
1840,0.9753189086914062,0.9753189086914062,1.1174263954162598,1.1015446186065674,199.7619
1841,0.9750968217849731,0.9750968217849731,1.1171071529388428,1.1012251377105713,199.8672
1842,0.9748762249946594,0.9748762249946594,1.1167902946472168,1.1009080410003662,199.9607
1843,0.9746532440185547,0.9746532440185547,1.116473913192749,1.1005914211273193,200.0558
1844,0.9744347333908081,0.9744347333908081,1.116162896156311,1.1002801656723022,200.1571
1845,0.9742122888565063,0.9742122888565063,1.1158459186553955,1.0999629497528076,200.2573
1846,0.9739916920661926,0.9739916920661926,1.1155325174331665,1.0996493101119995,200.3539
1847,0.9737693667411804,0.9737693667411804,1.1152191162109375,1.099335789680481,200.4522
1848,0.9735478162765503,0.9735478162765503,1.1149005889892578,1.0990170240402222,200.6107
1849,0.9733274579048157,0.9733274579048157,1.1145851612091064,1.0987013578414917,200.7224
1850,0.9731071591377258,0.9731071591377258,1.114270567893982,1.0983867645263672,200.8258
1851,0.9728845357894897,0.9728845357894897,1.1139501333236694,1.0980660915374756,200.9283
1852,0.9726637005805969,0.9726637005805969,1.1136308908462524,1.0977468490600586,201.0311
1853,0.9724424481391907,0.9724424481391907,1.1133184432983398,1.097434163093567,201.1416
1854,0.972223162651062,0.972223162651062,1.1130092144012451,1.097124457359314,201.2569
1855,0.9720028638839722,0.9720028638839722,1.1126924753189087,1.0968074798583984,201.3638
1856,0.9717819094657898,0.9717819094657898,1.1123825311660767,1.0964974164962769,201.4706
1857,0.9715597033500671,0.9715597033500671,1.112074613571167,1.0961891412734985,201.5739
1858,0.9713413119316101,0.9713413119316101,1.1117560863494873,1.0958706140518188,201.6761
1859,0.9711201786994934,0.9711201786994934,1.1114414930343628,1.0955556631088257,201.7848
1860,0.9709003567695618,0.9709003567695618,1.11112380027771,1.0952380895614624,201.8883
1861,0.9706817865371704,0.9706817865371704,1.1108111143112183,1.0949252843856812,201.9833
1862,0.9704594612121582,0.9704594612121582,1.1104979515075684,1.0946115255355835,202.0772
1863,0.9702394604682922,0.9702394604682922,1.11018705368042,1.0943005084991455,202.1725
1864,0.9700196981430054,0.9700196981430054,1.1098811626434326,1.093994379043579,202.2656
1865,0.9697995185852051,0.9697995185852051,1.1095688343048096,1.0936819314956665,202.3585
1866,0.9695788621902466,0.9695788621902466,1.1092594861984253,1.093372106552124,202.4509
1867,0.969359278678894,0.969359278678894,1.1089494228363037,1.093062162399292,202.5471
1868,0.9691401720046997,0.9691401720046997,1.108634352684021,1.0927467346191406,202.6423
1869,0.9689197540283203,0.9689197540283203,1.1083225011825562,1.0924348831176758,202.7401
1870,0.9686994552612305,0.9686994552612305,1.1080080270767212,1.0921201705932617,202.8386
1871,0.9684808850288391,0.9684808850288391,1.1076977252960205,1.091809868812561,202.9385
1872,0.9682623744010925,0.9682623744010925,1.1073888540267944,1.0915006399154663,203.0316
1873,0.9680427312850952,0.9680427312850952,1.1070787906646729,1.091190218925476,203.1367
1874,0.967823326587677,0.967823326587677,1.1067684888839722,1.0908796787261963,203.2308
1875,0.9676039814949036,0.9676039814949036,1.10646390914917,1.090574860572815,203.3246
1876,0.9673862457275391,0.9673862457275391,1.106154203414917,1.090264916419983,203.419
1877,0.9671649932861328,0.9671649932861328,1.1058423519134521,1.089953064918518,203.5164
1878,0.9669458270072937,0.9669458270072937,1.1055305004119873,1.0896408557891846,203.6124
1879,0.9667272567749023,0.9667272567749023,1.1052188873291016,1.0893291234970093,203.7123
1880,0.9665072560310364,0.9665072560310364,1.1049096584320068,1.089019775390625,203.8082
1881,0.9662901759147644,0.9662901759147644,1.1045993566513062,1.0887092351913452,203.9086
1882,0.966070294380188,0.966070294380188,1.1042940616607666,1.0884034633636475,204.0043
1883,0.9658521413803101,0.9658521413803101,1.1039848327636719,1.0880942344665527,204.0977
1884,0.9656314849853516,0.9656314849853516,1.1036789417266846,1.0877879858016968,204.1939
1885,0.9654140472412109,0.9654140472412109,1.1033742427825928,1.0874830484390259,204.2888
1886,0.9651943445205688,0.9651943445205688,1.103068232536316,1.087177038192749,204.3837
1887,0.96497642993927,0.96497642993927,1.1027578115463257,1.0868663787841797,204.4772
1888,0.9647587537765503,0.9647587537765503,1.1024439334869385,1.0865522623062134,204.5739
1889,0.9645403623580933,0.9645403623580933,1.1021350622177124,1.0862432718276978,204.6719
1890,0.9643224477767944,0.9643224477767944,1.1018270254135132,1.0859349966049194,204.7664
1891,0.9641038179397583,0.9641038179397583,1.1015210151672363,1.0856287479400635,204.8587
1892,0.963884174823761,0.963884174823761,1.1012229919433594,1.0853303670883179,204.9528
1893,0.9636663198471069,0.9636663198471069,1.1009172201156616,1.0850244760513306,205.0485
1894,0.9634496569633484,0.9634496569633484,1.1006097793579102,1.084716796875,205.145
1895,0.9632299542427063,0.9632299542427063,1.100304365158081,1.0844112634658813,205.2414
1896,0.9630139470100403,0.9630139470100403,1.0999912023544312,1.0840976238250732,205.3396
1897,0.962795615196228,0.962795615196228,1.0996811389923096,1.0837875604629517,205.4335
1898,0.9625778198242188,0.9625778198242188,1.0993728637695312,1.0834791660308838,205.5323
1899,0.9623602032661438,0.9623602032661438,1.099063515663147,1.0831695795059204,205.6322
1900,0.9621431231498718,0.9621431231498718,1.0987589359283447,1.0828646421432495,205.7304
1901,0.9619239568710327,0.9619239568710327,1.0984580516815186,1.0825635194778442,205.824
1902,0.9617071151733398,0.9617071151733398,1.0981522798538208,1.0822575092315674,206.0703
1903,0.9614887237548828,0.9614887237548828,1.0978477001190186,1.081952691078186,206.1731
1904,0.9612728357315063,0.9612728357315063,1.0975401401519775,1.0816447734832764,206.2996
1905,0.9610541462898254,0.9610541462898254,1.0972347259521484,1.0813391208648682,206.4091
1906,0.9608361124992371,0.9608361124992371,1.096928596496582,1.0810331106185913,206.5127
1907,0.9606192708015442,0.9606192708015442,1.0966212749481201,1.0807254314422607,206.6145
1908,0.9604034423828125,0.9604034423828125,1.0963160991668701,1.0804197788238525,206.7133
1909,0.9601863622665405,0.9601863622665405,1.096012830734253,1.0801165103912354,206.8172
1910,0.9599679112434387,0.9599679112434387,1.0957139730453491,1.0798174142837524,206.9178
1911,0.959750771522522,0.959750771522522,1.0954103469848633,1.079513430595398,207.0197
1912,0.9595344662666321,0.9595344662666321,1.0951130390167236,1.0792157649993896,207.1158
1913,0.959316611289978,0.959316611289978,1.0948127508163452,1.0789153575897217,207.2183
1914,0.9590989947319031,0.9590989947319031,1.0945074558258057,1.0786097049713135,207.3153
1915,0.9588823318481445,0.9588823318481445,1.0942049026489258,1.0783072710037231,207.4158
1916,0.9586668014526367,0.9586668014526367,1.0939005613327026,1.078002691268921,207.5153
1917,0.9584499597549438,0.9584499597549438,1.093595027923584,1.0776970386505127,207.6084
1918,0.9582333564758301,0.9582333564758301,1.0932941436767578,1.0773957967758179,207.7036
1919,0.9580154418945312,0.9580154418945312,1.0929864645004272,1.0770881175994873,207.8
1920,0.9578006863594055,0.9578006863594055,1.0926761627197266,1.076777458190918,207.8948
1921,0.9575836062431335,0.9575836062431335,1.092380166053772,1.0764812231063843,207.9907
1922,0.9573680758476257,0.9573680758476257,1.0920820236206055,1.0761827230453491,208.0858
1923,0.9571504592895508,0.9571504592895508,1.091784119606018,1.075884461402893,208.1813
1924,0.9569363594055176,0.9569363594055176,1.0914814472198486,1.0755813121795654,208.2774
1925,0.9567171335220337,0.9567171335220337,1.0911716222763062,1.0752716064453125,208.3734
1926,0.9565001726150513,0.9565001726150513,1.090867280960083,1.0749670267105103,208.4905
1927,0.956285834312439,0.956285834312439,1.090561032295227,1.0746606588363647,208.6034
1928,0.9560694694519043,0.9560694694519043,1.0902601480484009,1.07435941696167,208.7059
1929,0.9558526277542114,0.9558526277542114,1.0899614095687866,1.0740604400634766,208.8065
1930,0.9556372761726379,0.9556372761726379,1.0896662473678589,1.0737650394439697,208.9031
1931,0.9554211497306824,0.9554211497306824,1.0893681049346924,1.0734666585922241,208.9956
1932,0.9552066922187805,0.9552066922187805,1.0890700817108154,1.0731685161590576,209.0919
1933,0.9549916386604309,0.9549916386604309,1.0887702703475952,1.0728685855865479,209.1894
1934,0.9547751545906067,0.9547751545906067,1.0884723663330078,1.0725702047348022,209.2903
1935,0.9545583724975586,0.9545583724975586,1.0881747007369995,1.0722723007202148,209.3851
1936,0.9543436765670776,0.9543436765670776,1.0878757238388062,1.0719730854034424,209.4835
1937,0.9541279077529907,0.9541279077529907,1.0875740051269531,1.0716713666915894,209.5813
1938,0.9539098739624023,0.9539098739624023,1.0872751474380493,1.0713722705841064,209.682
1939,0.9536972045898438,0.9536972045898438,1.086971402168274,1.071068286895752,209.7802
1940,0.9534818530082703,0.9534818530082703,1.0866729021072388,1.0707695484161377,209.882
1941,0.9532657861709595,0.9532657861709595,1.086373209953308,1.070469856262207,209.9774
1942,0.9530503153800964,0.9530503153800964,1.0860754251480103,1.070171594619751,210.0701
1943,0.952835738658905,0.952835738658905,1.0857813358306885,1.0698771476745605,210.1629
1944,0.9526218175888062,0.9526218175888062,1.0854825973510742,1.0695780515670776,210.2546
1945,0.9524062275886536,0.9524062275886536,1.0851835012435913,1.0692787170410156,210.3547
1946,0.9521894454956055,0.9521894454956055,1.0848867893218994,1.0689818859100342,210.4531
1947,0.9519758224487305,0.9519758224487305,1.0845826864242554,1.068677544593811,210.5453
1948,0.9517616033554077,0.9517616033554077,1.0842801332473755,1.0683748722076416,210.6388
1949,0.9515455365180969,0.9515455365180969,1.0839807987213135,1.068075180053711,210.7371
1950,0.9513300061225891,0.9513300061225891,1.0836803913116455,1.0677745342254639,210.8301
1951,0.951115608215332,0.951115608215332,1.0833895206451416,1.0674833059310913,210.9239
1952,0.950900673866272,0.950900673866272,1.0830974578857422,1.0671910047531128,211.0188
1953,0.9506867527961731,0.9506867527961731,1.0828062295913696,1.0668994188308716,211.1223
1954,0.9504721760749817,0.9504721760749817,1.0825092792510986,1.066602349281311,211.2274
1955,0.9502568244934082,0.9502568244934082,1.0822107791900635,1.0663036108016968,211.3303
1956,0.9500434994697571,0.9500434994697571,1.0819107294082642,1.0660035610198975,211.4244
1957,0.9498289227485657,0.9498289227485657,1.0816141366958618,1.065706729888916,211.5254
1958,0.9496155977249146,0.9496155977249146,1.0813175439834595,1.0654098987579346,211.6185
1959,0.9494001269340515,0.9494001269340515,1.0810229778289795,1.0651147365570068,211.7156
1960,0.9491852521896362,0.9491852521896362,1.0807267427444458,1.0648183822631836,211.8116
1961,0.9489716291427612,0.9489716291427612,1.0804340839385986,1.0645256042480469,211.9058
1962,0.9487584233283997,0.9487584233283997,1.0801385641098022,1.0642298460006714,212.0113
1963,0.948543906211853,0.948543906211853,1.0798437595367432,1.0639346837997437,212.1075
1964,0.9483301043510437,0.9483301043510437,1.0795469284057617,1.063637614250183,212.2099
1965,0.9481157064437866,0.9481157064437866,1.0792512893676758,1.0633418560028076,212.3082
1966,0.9479009509086609,0.9479009509086609,1.0789527893066406,1.0630429983139038,212.4443
1967,0.9476876258850098,0.9476876258850098,1.078657865524292,1.0627479553222656,212.5518
1968,0.9474751353263855,0.9474751353263855,1.0783649682998657,1.0624545812606812,212.6567
1969,0.9472589492797852,0.9472589492797852,1.078066349029541,1.0621559619903564,212.7613
1970,0.947044849395752,0.947044849395752,1.0777742862701416,1.0618634223937988,212.8629
1971,0.9468331336975098,0.9468331336975098,1.0774818658828735,1.0615708827972412,212.96
1972,0.9466196298599243,0.9466196298599243,1.0771853923797607,1.0612739324569702,213.0591
1973,0.9464035034179688,0.9464035034179688,1.0768884420394897,1.0609769821166992,213.1528
1974,0.9461920857429504,0.9461920857429504,1.0765941143035889,1.0606824159622192,213.2472
1975,0.9459787607192993,0.9459787607192993,1.0762970447540283,1.0603851079940796,213.3475
1976,0.9457647204399109,0.9457647204399109,1.0760011672973633,1.0600889921188354,213.4504
1977,0.9455524682998657,0.9455524682998657,1.0757125616073608,1.059800148010254,213.5571
1978,0.9453374743461609,0.9453374743461609,1.0754156112670898,1.0595026016235352,213.6584
1979,0.9451252222061157,0.9451252222061157,1.0751243829727173,1.059211254119873,213.7617
1980,0.9449108242988586,0.9449108242988586,1.074831247329712,1.058917760848999,213.8624
1981,0.9446983337402344,0.9446983337402344,1.0745446681976318,1.0586309432983398,213.9631
1982,0.944486141204834,0.944486141204834,1.0742524862289429,1.0583385229110718,214.0601
1983,0.9442720413208008,0.9442720413208008,1.0739580392837524,1.0580439567565918,214.1634
1984,0.944060206413269,0.944060206413269,1.0736639499664307,1.057749629020691,214.2648
1985,0.9438459277153015,0.9438459277153015,1.0733706951141357,1.057456374168396,214.3618
1986,0.9436335563659668,0.9436335563659668,1.0730788707733154,1.057163953781128,214.4554
1987,0.9434231519699097,0.9434231519699097,1.072790503501892,1.0568755865097046,214.5503
1988,0.9432073831558228,0.9432073831558228,1.0724995136260986,1.056584119796753,214.6478
1989,0.942995548248291,0.942995548248291,1.0722099542617798,1.0562942028045654,214.7455
1990,0.9427818059921265,0.9427818059921265,1.0719183683395386,1.0560023784637451,214.8423
1991,0.9425703883171082,0.9425703883171082,1.071629285812378,1.055713176727295,214.9427
1992,0.9423576593399048,0.9423576593399048,1.0713398456573486,1.0554234981536865,215.0388
1993,0.9421451687812805,0.9421451687812805,1.0710492134094238,1.055132508277893,215.1349
1994,0.9419320821762085,0.9419320821762085,1.0707597732543945,1.0548427104949951,215.228
1995,0.9417194128036499,0.9417194128036499,1.07046377658844,1.054546594619751,215.3243
1996,0.941506028175354,0.941506028175354,1.0701676607131958,1.0542502403259277,215.4215
1997,0.9412945508956909,0.9412945508956909,1.0698750019073486,1.053957223892212,215.5216
1998,0.9410833120346069,0.9410833120346069,1.0695816278457642,1.0536638498306274,215.6152
1999,0.9408708810806274,0.9408708810806274,1.0692896842956543,1.053371548652649,215.7139
2000,0.9406580924987793,0.9406580924987793,1.069002389907837,1.0530840158462524,215.8145
2001,0.9404452443122864,0.9404452443122864,1.0687141418457031,1.0527952909469604,215.9133
2002,0.9402338862419128,0.9402338862419128,1.06843101978302,1.0525119304656982,216.0122
2003,0.9400232434272766,0.9400232434272766,1.068145990371704,1.0522265434265137,216.1162
2004,0.9398096203804016,0.9398096203804016,1.0678571462631226,1.0519373416900635,216.2171
2005,0.9395989179611206,0.9395989179611206,1.0675691366195679,1.0516493320465088,216.3187
2006,0.9393854141235352,0.9393854141235352,1.0672768354415894,1.0513566732406616,216.4176
2007,0.9391749501228333,0.9391749501228333,1.0669796466827393,1.051059365272522,216.522
2008,0.9389632344245911,0.9389632344245911,1.066687822341919,1.0507673025131226,216.6165
2009,0.9387493133544922,0.9387493133544922,1.0663982629776,1.0504775047302246,216.7128
2010,0.9385405778884888,0.9385405778884888,1.0661108493804932,1.050189733505249,216.8082
2011,0.938327968120575,0.938327968120575,1.0658286809921265,1.0499074459075928,216.9031
2012,0.9381149411201477,0.9381149411201477,1.0655418634414673,1.0496201515197754,216.9972
2013,0.9379048347473145,0.9379048347473145,1.0652570724487305,1.0493351221084595,217.0924
2014,0.9376937747001648,0.9376937747001648,1.0649728775024414,1.0490503311157227,217.1901
2015,0.9374817609786987,0.9374817609786987,1.0646802186965942,1.048757791519165,217.2849
2016,0.9372701644897461,0.9372701644897461,1.0643869638442993,1.048464298248291,217.3836
2017,0.9370570182800293,0.9370570182800293,1.0640935897827148,1.048170566558838,217.4831
2018,0.9368444681167603,0.9368444681167603,1.0638093948364258,1.0478861331939697,217.5775
2019,0.9366346597671509,0.9366346597671509,1.0635240077972412,1.047600507736206,217.6768
2020,0.9364240765571594,0.9364240765571594,1.0632414817810059,1.0473177433013916,217.7721
2021,0.9362125396728516,0.9362125396728516,1.0629583597183228,1.0470340251922607,217.8677
2022,0.9360025525093079,0.9360025525093079,1.0626709461212158,1.0467463731765747,217.9664
2023,0.9357925653457642,0.9357925653457642,1.0623846054077148,1.0464599132537842,218.0647
2024,0.9355779886245728,0.9355779886245728,1.0620999336242676,1.0461748838424683,218.1777
2025,0.9353688955307007,0.9353688955307007,1.061807632446289,1.0458824634552002,218.2713
2026,0.9351595044136047,0.9351595044136047,1.0615202188491821,1.0455948114395142,218.3668
2027,0.9349478483200073,0.9349478483200073,1.0612318515777588,1.0453059673309326,218.4722
2028,0.9347352981567383,0.9347352981567383,1.0609445571899414,1.0450186729431152,218.5704
2029,0.9345245361328125,0.9345245361328125,1.0606590509414673,1.0447328090667725,218.6712
2030,0.9343153238296509,0.9343153238296509,1.0603744983673096,1.044447898864746,218.7675
2031,0.9341042637825012,0.9341042637825012,1.0600872039794922,1.0441603660583496,218.8672
2032,0.93389493227005,0.93389493227005,1.0598019361495972,1.043874979019165,218.9615
2033,0.933684229850769,0.933684229850769,1.0595135688781738,1.0435863733291626,219.0613
2034,0.9334734678268433,0.9334734678268433,1.0592269897460938,1.0432994365692139,219.1584
2035,0.933261513710022,0.933261513710022,1.0589408874511719,1.0430129766464233,219.2535
2036,0.933052659034729,0.933052659034729,1.0586535930633545,1.0427252054214478,219.3486
2037,0.932841420173645,0.932841420173645,1.0583750009536743,1.0424463748931885,219.4491
2038,0.932630181312561,0.932630181312561,1.0580884218215942,1.0421594381332397,219.5555
2039,0.9324201345443726,0.9324201345443726,1.0578006505966187,1.041871428489685,219.6638
2040,0.932208240032196,0.932208240032196,1.057518720626831,1.041589379310608,219.7733
2041,0.9320001602172852,0.9320001602172852,1.0572340488433838,1.041304349899292,219.8796
2042,0.9317914247512817,0.9317914247512817,1.0569496154785156,1.0410196781158447,219.9804
2043,0.93157958984375,0.93157958984375,1.056662917137146,1.040732741355896,220.0885
2044,0.9313701391220093,0.9313701391220093,1.0563818216323853,1.0404512882232666,220.1852
2045,0.9311596751213074,0.9311596751213074,1.0560957193374634,1.0401649475097656,220.2822
2046,0.9309493899345398,0.9309493899345398,1.0558154582977295,1.0398845672607422,220.3786
2047,0.9307399988174438,0.9307399988174438,1.0555320978164673,1.0396008491516113,220.5169
2048,0.9305300712585449,0.9305300712585449,1.0552443265914917,1.0393129587173462,220.6208
2049,0.9303186535835266,0.9303186535835266,1.0549647808074951,1.0390329360961914,220.7308
2050,0.9301102757453918,0.9301102757453918,1.0546834468841553,1.038751244544983,220.8319
2051,0.9298998713493347,0.9298998713493347,1.054400086402893,1.0384676456451416,220.9353
2052,0.9296889305114746,0.9296889305114746,1.054115653038025,1.0381828546524048,221.0398
2053,0.9294815063476562,0.9294815063476562,1.0538374185562134,1.037904143333435,221.1438
2054,0.9292707443237305,0.9292707443237305,1.0535519123077393,1.0376185178756714,221.2439
2055,0.9290617108345032,0.9290617108345032,1.0532686710357666,1.0373350381851196,221.3444
2056,0.9288512468338013,0.9288512468338013,1.0529838800430298,1.0370500087738037,221.4453
2057,0.928643524646759,0.928643524646759,1.0526975393295288,1.036763310432434,221.6706
2058,0.9284321069717407,0.9284321069717407,1.052412748336792,1.0364784002304077,221.82
2059,0.9282222986221313,0.9282222986221313,1.05213463306427,1.036199927330017,221.9728
2060,0.9280146360397339,0.9280146360397339,1.0518535375595093,1.0359184741973877,222.1694
2061,0.9278039932250977,0.9278039932250977,1.051574945449829,1.0356394052505493,222.3939
2062,0.9275960922241211,0.9275960922241211,1.0512945652008057,1.0353589057922363,222.5385
2063,0.9273861050605774,0.9273861050605774,1.0510154962539673,1.0350797176361084,222.6697
2064,0.9271764755249023,0.9271764755249023,1.0507346391677856,1.0347983837127686,222.797
2065,0.9269673228263855,0.9269673228263855,1.05045485496521,1.0345184803009033,222.9047
2066,0.9267579317092896,0.9267579317092896,1.0501725673675537,1.0342358350753784,223.0207
2067,0.926550030708313,0.926550030708313,1.0498894453048706,1.0339524745941162,223.1287
2068,0.9263399839401245,0.9263399839401245,1.0496087074279785,1.0336716175079346,223.23
2069,0.9261311292648315,0.9261311292648315,1.0493252277374268,1.0333878993988037,223.3403
2070,0.9259223937988281,0.9259223937988281,1.0490437746047974,1.0331060886383057,223.4464
2071,0.925713837146759,0.925713837146759,1.0487620830535889,1.0328240394592285,223.5482
2072,0.9255049824714661,0.9255049824714661,1.048484206199646,1.032545804977417,223.6466
2073,0.9252952337265015,0.9252952337265015,1.0482028722763062,1.032263994216919,223.7581
2074,0.9250867962837219,0.9250867962837219,1.047921061515808,1.0319819450378418,223.8597
2075,0.9248784780502319,0.9248784780502319,1.0476387739181519,1.0316994190216064,223.9636
2076,0.9246684908866882,0.9246684908866882,1.0473663806915283,1.0314265489578247,224.065
2077,0.924463152885437,0.924463152885437,1.0470850467681885,1.0311450958251953,224.16
2078,0.9242518544197083,0.9242518544197083,1.0468075275421143,1.030867338180542,224.262
2079,0.9240449070930481,0.9240449070930481,1.046525001525879,1.0305843353271484,224.3561
2080,0.9238361120223999,0.9238361120223999,1.0462453365325928,1.0303046703338623,224.45
2081,0.9236282110214233,0.9236282110214233,1.045966386795044,1.0300252437591553,224.5461
2082,0.9234185218811035,0.9234185218811035,1.045686960220337,1.0297456979751587,224.6546
2083,0.923211395740509,0.923211395740509,1.0454082489013672,1.0294666290283203,224.7586
2084,0.9230020642280579,0.9230020642280579,1.0451312065124512,1.0291893482208252,224.8667
2085,0.9227938652038574,0.9227938652038574,1.0448518991470337,1.02890944480896,224.9706
2086,0.9225858449935913,0.9225858449935913,1.0445716381072998,1.028628945350647,225.0669
2087,0.9223772287368774,0.9223772287368774,1.0442893505096436,1.028346300125122,225.1695
2088,0.9221698045730591,0.9221698045730591,1.0440118312835693,1.0280689001083374,225.2759
2089,0.9219616055488586,0.9219616055488586,1.0437326431274414,1.0277893543243408,225.3678
2090,0.9217535257339478,0.9217535257339478,1.0434494018554688,1.0275057554244995,225.4714
2091,0.9215446710586548,0.9215446710586548,1.0431766510009766,1.0272324085235596,225.5892
2092,0.9213367700576782,0.9213367700576782,1.0428953170776367,1.0269510746002197,225.747
2093,0.9211294054985046,0.9211294054985046,1.0426191091537476,1.026674509048462,225.8865
2094,0.9209216833114624,0.9209216833114624,1.0423412322998047,1.02639639377594,226.0111
2095,0.9207122921943665,0.9207122921943665,1.0420653820037842,1.0261200666427612,226.129
2096,0.9205056428909302,0.9205056428909302,1.041786789894104,1.0258409976959229,226.2421
2097,0.9202965497970581,0.9202965497970581,1.041507363319397,1.0255615711212158,226.349
2098,0.9200897216796875,0.9200897216796875,1.0412260293960571,1.0252798795700073,226.4562
2099,0.9198829531669617,0.9198829531669617,1.0409520864486694,1.025005578994751,226.5682
2100,0.9196737408638,0.9196737408638,1.0406749248504639,1.0247281789779663,226.6741
2101,0.9194669723510742,0.9194669723510742,1.0403969287872314,1.0244498252868652,226.7696
2102,0.9192582964897156,0.9192582964897156,1.04012131690979,1.0241739749908447,226.8646
2103,0.9190521240234375,0.9190521240234375,1.0398461818695068,1.0238984823226929,226.9682
2104,0.9188445806503296,0.9188445806503296,1.0395679473876953,1.0236198902130127,227.0672
2105,0.9186364412307739,0.9186364412307739,1.0392881631851196,1.0233399868011475,227.1743
2106,0.9184297323226929,0.9184297323226929,1.0390098094940186,1.0230613946914673,227.2718
2107,0.9182220697402954,0.9182220697402954,1.03873610496521,1.02278733253479,227.4003
2108,0.9180132150650024,0.9180132150650024,1.0384668111801147,1.0225175619125366,227.5056
2109,0.9178075790405273,0.9178075790405273,1.0381911993026733,1.0222415924072266,227.6195
2110,0.9175997972488403,0.9175997972488403,1.0379136800765991,1.0219637155532837,227.7223
2111,0.917392909526825,0.917392909526825,1.0376355648040771,1.0216853618621826,227.8379
2112,0.9171851277351379,0.9171851277351379,1.0373543500900269,1.0214037895202637,227.9381
2113,0.9169783592224121,0.9169783592224121,1.0370795726776123,1.0211288928985596,228.0334
2114,0.9167712330818176,0.9167712330818176,1.0368001461029053,1.0208491086959839,228.1599
2115,0.9165633916854858,0.9165633916854858,1.036529779434204,1.0205782651901245,228.2663
2116,0.9163562655448914,0.9163562655448914,1.0362536907196045,1.0203019380569458,228.3746
2117,0.9161491394042969,0.9161491394042969,1.0359820127487183,1.0200297832489014,228.4781
2118,0.9159433245658875,0.9159433245658875,1.0357089042663574,1.019756555557251,228.5882
2119,0.9157363772392273,0.9157363772392273,1.0354377031326294,1.0194847583770752,228.6836
2120,0.9155300259590149,0.9155300259590149,1.0351641178131104,1.019210934638977,228.7813
2121,0.915322482585907,0.915322482585907,1.0348920822143555,1.018938660621643,228.8858
2122,0.9151141047477722,0.9151141047477722,1.0346148014068604,1.0186612606048584,228.9809
2123,0.9149079322814941,0.9149079322814941,1.0343356132507324,1.0183818340301514,229.0775
2124,0.9147017598152161,0.9147017598152161,1.0340616703033447,1.018107533454895,229.1725
2125,0.9144958257675171,0.9144958257675171,1.0337893962860107,1.017835259437561,229.2711
2126,0.9142888188362122,0.9142888188362122,1.0335112810134888,1.0175566673278809,229.3698
2127,0.9140831828117371,0.9140831828117371,1.0332391262054443,1.0172841548919678,229.4702
2128,0.9138749241828918,0.9138749241828918,1.032970905303955,1.0170154571533203,229.581
2129,0.9136684536933899,0.9136684536933899,1.032692551612854,1.0167367458343506,229.6837
2130,0.9134618639945984,0.9134618639945984,1.0324169397354126,1.01646089553833,229.7828
2131,0.9132563471794128,0.9132563471794128,1.0321407318115234,1.0161842107772827,229.8788
2132,0.9130498766899109,0.9130498766899109,1.0318692922592163,1.015912652015686,229.9785
2133,0.9128444790840149,0.9128444790840149,1.0315889120101929,1.015632152557373,230.0723
2134,0.9126367568969727,0.9126367568969727,1.031314492225647,1.015357255935669,230.1769
2135,0.9124301671981812,0.9124301671981812,1.031049370765686,1.0150916576385498,230.2804
2136,0.9122235178947449,0.9122235178947449,1.0307719707489014,1.014814019203186,230.3874
2137,0.9120176434516907,0.9120176434516907,1.030500054359436,1.0145418643951416,230.4979
2138,0.9118130803108215,0.9118130803108215,1.030230164527893,1.0142714977264404,230.6084
2139,0.911605954170227,0.911605954170227,1.029958963394165,1.0140001773834229,230.7131
2140,0.9113985300064087,0.9113985300064087,1.0296845436096191,1.0137255191802979,230.811
2141,0.9111946225166321,0.9111946225166321,1.029411792755127,1.013452410697937,230.9119
2142,0.9109874963760376,0.9109874963760376,1.0291368961334229,1.0131773948669434,231.0138
2143,0.910781741142273,0.910781741142273,1.028861403465271,1.0129015445709229,231.1105
2144,0.9105768203735352,0.9105768203735352,1.0285911560058594,1.0126310586929321,231.209
2145,0.9103693962097168,0.9103693962097168,1.0283195972442627,1.0123589038848877,231.3214
2146,0.9101640582084656,0.9101640582084656,1.0280449390411377,1.0120837688446045,231.5925
2147,0.9099580645561218,0.9099580645561218,1.0277769565582275,1.0118156671524048,231.7733
2148,0.9097515940666199,0.9097515940666199,1.0275022983551025,1.0115406513214111,231.911
2149,0.9095471501350403,0.9095471501350403,1.0272300243377686,1.0112680196762085,232.0387
2150,0.9093402624130249,0.9093402624130249,1.0269569158554077,1.010994553565979,232.1488
2151,0.9091356992721558,0.9091356992721558,1.0266865491867065,1.0107238292694092,232.2532
2152,0.9089300036430359,0.9089300036430359,1.0264136791229248,1.0104506015777588,232.3546
2153,0.9087233543395996,0.9087233543395996,1.0261456966400146,1.0101826190948486,232.4482
2154,0.9085190892219543,0.9085190892219543,1.025876760482788,1.0099132061004639,232.5443
2155,0.9083147048950195,0.9083147048950195,1.025604486465454,1.0096404552459717,232.6408
2156,0.9081069231033325,0.9081069231033325,1.0253320932388306,1.009367823600769,232.7383
2157,0.90790194272995,0.90790194272995,1.0250614881515503,1.0090968608856201,232.8357
2158,0.9076970219612122,0.9076970219612122,1.024789810180664,1.0088250637054443,232.9324
2159,0.9074905514717102,0.9074905514717102,1.024520754814148,1.0085556507110596,233.0293
2160,0.9072850942611694,0.9072850942611694,1.0242507457733154,1.0082852840423584,233.1321
2161,0.9070801734924316,0.9070801734924316,1.023982048034668,1.0080163478851318,233.2282
2162,0.9068743586540222,0.9068743586540222,1.0237146615982056,1.0077484846115112,233.3271
2163,0.9066694378852844,0.9066694378852844,1.023445725440979,1.0074793100357056,233.4234
2164,0.9064642190933228,0.9064642190933228,1.0231696367263794,1.0072027444839478,233.529
2165,0.9062595367431641,0.9062595367431641,1.022897720336914,1.0069305896759033,233.6376
2166,0.9060547947883606,0.9060547947883606,1.0226268768310547,1.0066596269607544,233.748
2167,0.9058505296707153,0.9058505296707153,1.0223546028137207,1.0063871145248413,233.8603
2168,0.9056453704833984,0.9056453704833984,1.0220900774002075,1.0061218738555908,233.9641
2169,0.9054391980171204,0.9054391980171204,1.021820306777954,1.0058518648147583,234.0674
2170,0.9052335619926453,0.9052335619926453,1.0215485095977783,1.0055795907974243,234.1717
2171,0.9050288200378418,0.9050288200378418,1.021276831626892,1.0053077936172485,234.2739
2172,0.9048253297805786,0.9048253297805786,1.0210081338882446,1.0050386190414429,234.3738
2173,0.9046186208724976,0.9046186208724976,1.0207399129867554,1.004770040512085,234.4738
2174,0.9044144749641418,0.9044144749641418,1.0204718112945557,1.0045018196105957,234.5828
2175,0.9042104482650757,0.9042104482650757,1.0202045440673828,1.0042341947555542,234.6834
2176,0.9040060043334961,0.9040060043334961,1.0199337005615234,1.0039628744125366,234.7833
2177,0.903799831867218,0.903799831867218,1.0196641683578491,1.0036932229995728,234.8817
2178,0.9035968780517578,0.9035968780517578,1.0193946361541748,1.0034233331680298,234.9751
2179,0.9033907651901245,0.9033907651901245,1.0191256999969482,1.0031543970108032,235.0708
2180,0.9031864404678345,0.9031864404678345,1.0188562870025635,1.0028843879699707,235.1639
2181,0.902981162071228,0.902981162071228,1.0185859203338623,1.0026137828826904,235.2557
2182,0.902778148651123,0.902778148651123,1.0183216333389282,1.002348780632019,235.3492
2183,0.9025722742080688,0.9025722742080688,1.0180532932281494,1.0020802021026611,235.4463
2184,0.9023685455322266,0.9023685455322266,1.0177892446517944,1.0018157958984375,235.54
2185,0.902164101600647,0.902164101600647,1.0175210237503052,1.00154709815979,235.6312
2186,0.9019590616226196,0.9019590616226196,1.0172499418258667,1.001275897026062,235.7296
2187,0.9017543792724609,0.9017543792724609,1.0169799327850342,1.0010054111480713,235.8424
2188,0.9015515446662903,0.9015515446662903,1.0167133808135986,1.0007387399673462,235.9427
2189,0.9013468027114868,0.9013468027114868,1.016442894935608,1.0004678964614868,236.0412
2190,0.9011421203613281,0.9011421203613281,1.016180157661438,1.0002048015594482,236.1385
2191,0.9009366035461426,0.9009366035461426,1.0159189701080322,0.9999431371688843,236.2373
2192,0.9007335901260376,0.9007335901260376,1.0156497955322266,0.9996737241744995,236.3356
2193,0.9005290865898132,0.9005290865898132,1.015379786491394,0.9994035959243774,236.4332
2194,0.9003250002861023,0.9003250002861023,1.015110731124878,0.9991341829299927,236.5273
2195,0.900120735168457,0.900120735168457,1.0148416757583618,0.998865008354187,236.6244
2196,0.8999174237251282,0.8999174237251282,1.0145785808563232,0.9986013174057007,236.7259
2197,0.8997129201889038,0.8997129201889038,1.0143113136291504,0.998333752155304,236.827
2198,0.8995102643966675,0.8995102643966675,1.0140430927276611,0.998065173625946,236.9271
2199,0.8993050456047058,0.8993050456047058,1.013775110244751,0.997796893119812,237.0261
2200,0.8990995287895203,0.8990995287895203,1.0135078430175781,0.9975292086601257,237.1279
2201,0.8988971710205078,0.8988971710205078,1.0132418870925903,0.9972628355026245,237.224
2202,0.898695170879364,0.898695170879364,1.0129741430282593,0.9969949722290039,237.3208
2203,0.8984901309013367,0.8984901309013367,1.0127077102661133,0.9967279434204102,237.4148
2204,0.8982864618301392,0.8982864618301392,1.012441873550415,0.9964618682861328,237.5151
2205,0.8980827331542969,0.8980827331542969,1.0121753215789795,0.9961950182914734,237.613
2206,0.8978791236877441,0.8978791236877441,1.0119073390960693,0.9959267377853394,237.7098
2207,0.8976753354072571,0.8976753354072571,1.0116380453109741,0.9956571459770203,237.803
2208,0.8974704742431641,0.8974704742431641,1.0113754272460938,0.995394229888916,237.904
2209,0.8972663879394531,0.8972663879394531,1.0111072063446045,0.9951257705688477,237.9991
2210,0.8970643281936646,0.8970643281936646,1.0108414888381958,0.994859516620636,238.0949
2211,0.8968602418899536,0.8968602418899536,1.0105762481689453,0.9945942163467407,238.1936
2212,0.8966573476791382,0.8966573476791382,1.0103137493133545,0.9943310618400574,238.2921
2213,0.8964527249336243,0.8964527249336243,1.0100497007369995,0.9940668344497681,238.3914
2214,0.8962509036064148,0.8962509036064148,1.0097867250442505,0.9938032031059265,238.4894
2215,0.8960456848144531,0.8960456848144531,1.0095233917236328,0.9935396313667297,238.5873
2216,0.8958425521850586,0.8958425521850586,1.009260892868042,0.9932767748832703,238.6853
2217,0.8956395983695984,0.8956395983695984,1.0089921951293945,0.9930076599121094,238.7862
2218,0.8954359889030457,0.8954359889030457,1.0087236166000366,0.9927390813827515,238.8829
2219,0.8952334523200989,0.8952334523200989,1.008455514907837,0.9924707412719727,238.9787
2220,0.8950302004814148,0.8950302004814148,1.008192777633667,0.9922075271606445,239.0738
2221,0.8948257565498352,0.8948257565498352,1.0079292058944702,0.9919436573982239,239.1725
2222,0.8946229815483093,0.8946229815483093,1.007668137550354,0.991682231426239,239.2669
2223,0.8944204449653625,0.8944204449653625,1.0074052810668945,0.9914188385009766,239.3726
2224,0.8942158818244934,0.8942158818244934,1.0071393251419067,0.9911526441574097,239.4895
2225,0.8940147161483765,0.8940147161483765,1.0068726539611816,0.9908855557441711,239.5854
2226,0.8938099145889282,0.8938099145889282,1.006605863571167,0.9906184077262878,239.6836
2227,0.8936080932617188,0.8936080932617188,1.006343126296997,0.990355372428894,239.7822
2228,0.8934033513069153,0.8934033513069153,1.006081461906433,0.9900934100151062,239.8842
2229,0.8932015299797058,0.8932015299797058,1.0058183670043945,0.9898298382759094,239.9831
2230,0.8929985165596008,0.8929985165596008,1.005556344985962,0.9895675778388977,240.088
2231,0.8927953839302063,0.8927953839302063,1.0052903890609741,0.9893012046813965,240.191
2232,0.8925918340682983,0.8925918340682983,1.005028486251831,0.9890390634536743,240.2859
2233,0.8923915028572083,0.8923915028572083,1.0047647953033447,0.9887750744819641,240.3933
2234,0.8921877145767212,0.8921877145767212,1.004499077796936,0.9885089993476868,240.5152
2235,0.8919841051101685,0.8919841051101685,1.004235863685608,0.9882454872131348,240.6176
2236,0.8917825818061829,0.8917825818061829,1.0039737224578857,0.9879828691482544,240.7235
2237,0.8915796279907227,0.8915796279907227,1.0037143230438232,0.9877230525016785,240.8257
2238,0.8913766145706177,0.8913766145706177,1.00344979763031,0.9874582290649414,240.9342
2239,0.8911725282669067,0.8911725282669067,1.0031867027282715,0.987194836139679,241.0482
2240,0.890972912311554,0.890972912311554,1.0029232501983643,0.9869311451911926,241.1591
2241,0.890768826007843,0.890768826007843,1.002659797668457,0.9866674542427063,241.2758
2242,0.8905652165412903,0.8905652165412903,1.0023950338363647,0.986402153968811,241.3833
2243,0.8903627395629883,0.8903627395629883,1.0021276473999023,0.9861346483230591,241.4867
2244,0.8901613354682922,0.8901613354682922,1.0018718242645264,0.9858783483505249,241.5925
2245,0.8899593353271484,0.8899593353271484,1.001610517501831,0.9856165051460266,241.6977
2246,0.88975590467453,0.88975590467453,1.0013495683670044,0.9853552579879761,241.8006
2247,0.8895540237426758,0.8895540237426758,1.001081109046936,0.9850864410400391,241.9028
2248,0.8893521428108215,0.8893521428108215,1.0008212327957153,0.9848262667655945,241.9978
2249,0.8891493082046509,0.8891493082046509,1.000555157661438,0.9845600128173828,242.0974
2250,0.8889463543891907,0.8889463543891907,1.0002939701080322,0.9842983484268188,242.1967
2251,0.8887441754341125,0.8887441754341125,1.000037431716919,0.9840415120124817,242.2965
2252,0.8885418176651001,0.8885418176651001,0.9997747540473938,0.9837783575057983,242.4092
2253,0.8883396983146667,0.8883396983146667,0.9995114207267761,0.9835147857666016,242.509
2254,0.8881368637084961,0.8881368637084961,0.9992474317550659,0.9832504391670227,242.618
2255,0.8879353404045105,0.8879353404045105,0.9989852905273438,0.9829879999160767,242.7177
2256,0.8877347707748413,0.8877347707748413,0.9987252950668335,0.9827276468276978,242.8196
2257,0.8875314593315125,0.8875314593315125,0.9984642267227173,0.982465922832489,242.9232
2258,0.8873296976089478,0.8873296976089478,0.9982007741928101,0.9822023510932922,243.0241
2259,0.887128472328186,0.887128472328186,0.9979386329650879,0.9819396734237671,243.1241
2260,0.8869255781173706,0.8869255781173706,0.9976730346679688,0.9816738963127136,243.2168
2261,0.8867241144180298,0.8867241144180298,0.9974114298820496,0.9814119338989258,243.3107
2262,0.8865219354629517,0.8865219354629517,0.9971508979797363,0.9811511039733887,243.4073
2263,0.8863207101821899,0.8863207101821899,0.9968860745429993,0.9808859825134277,243.514
2264,0.8861175775527954,0.8861175775527954,0.996627151966095,0.9806267023086548,243.6149
2265,0.8859155774116516,0.8859155774116516,0.9963697195053101,0.980368971824646,243.721
2266,0.8857148885726929,0.8857148885726929,0.9961128234863281,0.9801117181777954,243.8205
2267,0.885513961315155,0.885513961315155,0.9958564639091492,0.9798547029495239,243.9123
2268,0.8853107690811157,0.8853107690811157,0.9955936670303345,0.9795915484428406,244.0068
2269,0.8851091265678406,0.8851091265678406,0.9953333139419556,0.9793310165405273,244.1019
2270,0.8849077224731445,0.8849077224731445,0.9950706362724304,0.9790679812431335,244.1999
2271,0.8847060203552246,0.8847060203552246,0.9948099851608276,0.9788068532943726,244.2993
2272,0.8845038414001465,0.8845038414001465,0.9945474863052368,0.9785440564155579,244.4013
2273,0.8843021392822266,0.8843021392822266,0.994289219379425,0.9782854914665222,244.5088
2274,0.8841005563735962,0.8841005563735962,0.9940290451049805,0.9780250787734985,244.6143
2275,0.8839000463485718,0.8839000463485718,0.9937704801559448,0.9777658581733704,244.715
2276,0.8836989402770996,0.8836989402770996,0.9935151934623718,0.9775102734565735,244.811
2277,0.8834978938102722,0.8834978938102722,0.9932571649551392,0.9772518873214722,244.9103
2278,0.8832942843437195,0.8832942843437195,0.9929949045181274,0.9769892692565918,245.0041
2279,0.8830941915512085,0.8830941915512085,0.992730438709259,0.9767245054244995,245.1008
2280,0.8828927874565125,0.8828927874565125,0.9924701452255249,0.9764639139175415,245.1985
2281,0.8826912641525269,0.8826912641525269,0.9922135472297668,0.9762069582939148,245.2966
2282,0.8824905157089233,0.8824905157089233,0.9919581413269043,0.9759510159492493,245.3995
2283,0.8822892904281616,0.8822892904281616,0.9916987419128418,0.9756913185119629,245.5058
2284,0.8820877075195312,0.8820877075195312,0.9914406538009644,0.9754329919815063,245.6091
2285,0.8818860054016113,0.8818860054016113,0.9911831021308899,0.9751750826835632,245.7058
2286,0.8816841840744019,0.8816841840744019,0.9909242391586304,0.9749158024787903,245.807
2287,0.88148432970047,0.88148432970047,0.99066561460495,0.974656879901886,245.9108
2288,0.8812835812568665,0.8812835812568665,0.9904054403305054,0.9743963479995728,246.004
2289,0.8810808062553406,0.8810808062553406,0.9901384115219116,0.9741290807723999,246.1056
2290,0.8808799982070923,0.8808799982070923,0.9898754358291626,0.973865807056427,246.2061
2291,0.8806783556938171,0.8806783556938171,0.9896156191825867,0.973605751991272,246.2985
2292,0.8804780840873718,0.8804780840873718,0.9893603324890137,0.9733497500419617,246.4015
2293,0.8802772760391235,0.8802772760391235,0.9891071319580078,0.9730962514877319,246.4957
2294,0.8800756335258484,0.8800756335258484,0.9888496398925781,0.9728382229804993,246.5963
2295,0.8798751831054688,0.8798751831054688,0.988591194152832,0.9725793600082397,246.7129
2296,0.8796752095222473,0.8796752095222473,0.9883326292037964,0.972320556640625,246.8186
2297,0.8794752359390259,0.8794752359390259,0.9880728721618652,0.97206050157547,246.924
2298,0.8792724609375,0.8792724609375,0.9878114461898804,0.9717988967895508,247.0233
2299,0.8790718913078308,0.8790718913078308,0.9875551462173462,0.971542239189148,247.1216
2300,0.8788697123527527,0.8788697123527527,0.9872952699661255,0.971281886100769,247.2312
2301,0.878670871257782,0.878670871257782,0.9870413541793823,0.9710277318954468,247.3258
2302,0.8784691691398621,0.8784691691398621,0.9867822527885437,0.9707682728767395,247.426
2303,0.8782685399055481,0.8782685399055481,0.9865261316299438,0.970511794090271,247.5266
2304,0.8780682682991028,0.8780682682991028,0.9862723350524902,0.9702574014663696,247.6293
2305,0.8778684735298157,0.8778684735298157,0.9860154986381531,0.970000147819519,247.7315
2306,0.8776670694351196,0.8776670694351196,0.9857538342475891,0.9697383642196655,247.8286
2307,0.8774660229682922,0.8774660229682922,0.9854927062988281,0.9694768786430359,247.93
2308,0.8772668838500977,0.8772668838500977,0.9852326512336731,0.969216525554657,248.0403
2309,0.8770650029182434,0.8770650029182434,0.9849755167961121,0.9689590334892273,248.1418
2310,0.8768652677536011,0.8768652677536011,0.9847185015678406,0.9687013626098633,248.2394
2311,0.8766647577285767,0.8766647577285767,0.9844633340835571,0.9684459567070007,248.3354
2312,0.8764640092849731,0.8764640092849731,0.9842060804367065,0.968188464641571,248.4349
2313,0.8762639760971069,0.8762639760971069,0.9839502573013306,0.9679321050643921,248.5444
2314,0.8760631680488586,0.8760631680488586,0.9836942553520203,0.9676758050918579,248.6416
2315,0.8758624792098999,0.8758624792098999,0.9834373593330383,0.9674186706542969,248.7445
2316,0.8756622076034546,0.8756622076034546,0.9831790924072266,0.9671598672866821,248.8439
2317,0.8754626512527466,0.8754626512527466,0.9829224348068237,0.9669027328491211,248.9382
2318,0.8752614855766296,0.8752614855766296,0.9826654195785522,0.9666454195976257,249.0393
2319,0.8750602602958679,0.8750602602958679,0.9824093580245972,0.9663890600204468,249.136
2320,0.8748613595962524,0.8748613595962524,0.982150673866272,0.9661300778388977,249.2327
2321,0.8746615648269653,0.8746615648269653,0.9818981289863586,0.9658769369125366,249.3346
2322,0.8744614720344543,0.8744614720344543,0.9816409945487976,0.9656195640563965,249.4302
2323,0.8742614984512329,0.8742614984512329,0.9813868403434753,0.9653651118278503,249.5262
2324,0.8740609884262085,0.8740609884262085,0.9811321496963501,0.9651100039482117,249.6211
2325,0.8738605380058289,0.8738605380058289,0.9808788299560547,0.9648561477661133,249.7197
2326,0.8736600875854492,0.8736600875854492,0.9806244969367981,0.9646015167236328,249.8187
2327,0.8734599947929382,0.8734599947929382,0.9803693890571594,0.9643460512161255,249.9313
2328,0.8732603788375854,0.8732603788375854,0.9801141619682312,0.9640903472900391,250.0265
2329,0.8730605840682983,0.8730605840682983,0.9798585772514343,0.9638344645500183,250.1218
2330,0.8728609085083008,0.8728609085083008,0.9795986413955688,0.963574230670929,250.2161
2331,0.8726602792739868,0.8726602792739868,0.9793387651443481,0.9633141756057739,250.3094
2332,0.8724604845046997,0.8724604845046997,0.9790811538696289,0.9630560874938965,250.4092
2333,0.8722606897354126,0.8722606897354126,0.978829562664032,0.9628041386604309,250.5081
2334,0.8720608949661255,0.8720608949661255,0.978581428527832,0.9625554084777832,250.6007
2335,0.8718622326850891,0.8718622326850891,0.9783269166946411,0.9623005986213684,250.7036
2336,0.8716611862182617,0.8716611862182617,0.9780720472335815,0.9620454907417297,250.7975
2337,0.8714625239372253,0.8714625239372253,0.9778164029121399,0.9617893099784851,250.8935
2338,0.8712630271911621,0.8712630271911621,0.9775586128234863,0.9615312814712524,250.9923
2339,0.8710620999336243,0.8710620999336243,0.9772976040840149,0.9612700343132019,251.0869
2340,0.8708617091178894,0.8708617091178894,0.9770392179489136,0.9610112905502319,251.1859
2341,0.870661735534668,0.870661735534668,0.9767869114875793,0.9607585668563843,251.2869
2342,0.8704625368118286,0.8704625368118286,0.9765346646308899,0.9605057835578918,251.3827
2343,0.8702625036239624,0.8702625036239624,0.9762800335884094,0.9602508544921875,251.4792
2344,0.8700647354125977,0.8700647354125977,0.9760248064994812,0.9599952697753906,251.5801
2345,0.8698652982711792,0.8698652982711792,0.9757686853408813,0.9597387313842773,251.6772
2346,0.869665265083313,0.869665265083313,0.9755163192749023,0.9594861268997192,251.773
2347,0.8694653511047363,0.8694653511047363,0.975263237953186,0.9592325091362,251.8693
2348,0.8692649006843567,0.8692649006843567,0.9750083088874817,0.9589773416519165,251.9653
2349,0.869066059589386,0.869066059589386,0.974753201007843,0.9587218165397644,252.0592
2350,0.8688658475875854,0.8688658475875854,0.9744969606399536,0.9584652781486511,252.1572
2351,0.8686673045158386,0.8686673045158386,0.9742420315742493,0.9582099914550781,252.255
2352,0.8684684634208679,0.8684684634208679,0.9739888906478882,0.9579566121101379,252.3497
2353,0.8682699203491211,0.8682699203491211,0.9737374186515808,0.9577046632766724,252.4465
2354,0.868069052696228,0.868069052696228,0.9734813570976257,0.9574481844902039,252.5438
2355,0.86786949634552,0.86786949634552,0.9732268452644348,0.9571931958198547,252.6394
2356,0.8676714897155762,0.8676714897155762,0.9729757308959961,0.9569416046142578,252.7406
2357,0.8674710988998413,0.8674710988998413,0.9727247953414917,0.9566903114318848,252.8379
2358,0.8672729730606079,0.8672729730606079,0.9724699258804321,0.9564350843429565,252.9367
2359,0.8670729398727417,0.8670729398727417,0.9722121953964233,0.9561769366264343,253.0321
2360,0.8668746948242188,0.8668746948242188,0.9719556570053101,0.9559202194213867,253.1311
2361,0.8666747808456421,0.8666747808456421,0.9717044830322266,0.9556686282157898,253.2262
2362,0.8664751052856445,0.8664751052856445,0.9714556932449341,0.9554193615913391,253.3212
2363,0.8662776947021484,0.8662776947021484,0.9712013006210327,0.9551647305488586,253.4182
2364,0.8660789728164673,0.8660789728164673,0.9709474444389343,0.9549104571342468,253.5179
2365,0.865878701210022,0.865878701210022,0.9706956148147583,0.954658031463623,253.6122
2366,0.8656803369522095,0.8656803369522095,0.9704425930976868,0.9544048309326172,253.7096
2367,0.8654815554618835,0.8654815554618835,0.9701851606369019,0.9541470408439636,253.8051
2368,0.8652812242507935,0.8652812242507935,0.9699287414550781,0.9538902044296265,253.9002
2369,0.8650830984115601,0.8650830984115601,0.9696756601333618,0.9536368250846863,253.999
2370,0.8648849725723267,0.8648849725723267,0.9694243669509888,0.9533849954605103,254.2049
2371,0.86468505859375,0.86468505859375,0.9691762924194336,0.9531364440917969,254.2981
2372,0.8644862174987793,0.8644862174987793,0.9689263105392456,0.9528862237930298,254.3953
2373,0.8642865419387817,0.8642865419387817,0.968675434589386,0.9526348114013672,254.4999
2374,0.8640896677970886,0.8640896677970886,0.9684259295463562,0.9523850679397583,254.5966
2375,0.8638908267021179,0.8638908267021179,0.9681693315505981,0.9521282315254211,254.7023
2376,0.8636919856071472,0.8636919856071472,0.967917799949646,0.951876163482666,254.7954
2377,0.8634923100471497,0.8634923100471497,0.9676629900932312,0.9516210556030273,254.8919
2378,0.863293468952179,0.863293468952179,0.9674099087715149,0.9513678550720215,254.9863
2379,0.8630945086479187,0.8630945086479187,0.9671549797058105,0.9511122703552246,255.0852
2380,0.8628968000411987,0.8628968000411987,0.9669046401977539,0.9508614540100098,255.1883
2381,0.862697958946228,0.862697958946228,0.9666553735733032,0.9506118893623352,255.304
2382,0.8624995350837708,0.8624995350837708,0.9664057493209839,0.9503619074821472,255.4138
2383,0.8623005747795105,0.8623005747795105,0.9661573171615601,0.9501129388809204,255.5375
2384,0.8621013760566711,0.8621013760566711,0.9659090042114258,0.9498642086982727,255.6533
2385,0.8619035482406616,0.8619035482406616,0.9656511545181274,0.9496061205863953,255.758
2386,0.8617063760757446,0.8617063760757446,0.9653905034065247,0.9493452310562134,255.8585
2387,0.8615062832832336,0.8615062832832336,0.9651340246200562,0.949088454246521,255.9735
2388,0.8613083958625793,0.8613083958625793,0.9648883938789368,0.9488423466682434,256.0674
2389,0.8611100912094116,0.8611100912094116,0.9646458625793457,0.9485993385314941,256.1702
2390,0.8609122037887573,0.8609122037887573,0.9644016027450562,0.9483545422554016,256.2762
2391,0.8607136011123657,0.8607136011123657,0.9641480445861816,0.9481006860733032,256.3765
2392,0.8605143427848816,0.8605143427848816,0.9638935327529907,0.9478456377983093,256.4696
2393,0.8603164553642273,0.8603164553642273,0.9636378288269043,0.9475898742675781,256.5767
2394,0.86011803150177,0.86011803150177,0.9633816480636597,0.9473334550857544,256.6768
2395,0.8599200248718262,0.8599200248718262,0.963129997253418,0.9470815658569336,256.7773
2396,0.8597211837768555,0.8597211837768555,0.962877631187439,0.9468286633491516,256.8822
2397,0.8595234155654907,0.8595234155654907,0.9626277089118958,0.9465783834457397,256.9771
2398,0.8593248128890991,0.8593248128890991,0.9623778462409973,0.9463279843330383,257.0864
2399,0.8591267466545105,0.8591267466545105,0.9621330499649048,0.9460824728012085,257.1951
2400,0.8589290380477905,0.8589290380477905,0.9618816375732422,0.9458311200141907,257.2929
2401,0.8587297201156616,0.8587297201156616,0.9616289138793945,0.9455778002738953,257.4081
2402,0.858533501625061,0.858533501625061,0.9613751173019409,0.9453237652778625,257.5298
2403,0.8583340644836426,0.8583340644836426,0.9611221551895142,0.9450704455375671,257.6328
2404,0.8581360578536987,0.8581360578536987,0.9608734846115112,0.9448213577270508,257.7379
2405,0.8579393625259399,0.8579393625259399,0.9606223106384277,0.9445697069168091,257.8335
2406,0.8577412366867065,0.8577412366867065,0.960375189781189,0.9443221092224121,257.9405
2407,0.8575416803359985,0.8575416803359985,0.9601278305053711,0.9440744519233704,258.044
2408,0.8573443293571472,0.8573443293571472,0.959876537322998,0.9438226819038391,258.1582
2409,0.8571466207504272,0.8571466207504272,0.9596267938613892,0.9435726404190063,258.2692
2410,0.8569496870040894,0.8569496870040894,0.9593784213066101,0.9433239102363586,258.3718
2411,0.8567506074905396,0.8567506074905396,0.9591269493103027,0.9430720210075378,258.4747
2412,0.8565529584884644,0.8565529584884644,0.9588727951049805,0.9428175091743469,258.5731
2413,0.8563551902770996,0.8563551902770996,0.9586224555969238,0.9425668716430664,258.6702
2414,0.8561574816703796,0.8561574816703796,0.9583724737167358,0.9423166513442993,258.7734
2415,0.855959415435791,0.855959415435791,0.9581224322319031,0.9420661926269531,258.886
2416,0.855762779712677,0.855762779712677,0.9578750729560852,0.941818356513977,259.0007
2417,0.8555645942687988,0.8555645942687988,0.9576257467269897,0.9415685534477234,259.1065
2418,0.8553661108016968,0.8553661108016968,0.9573761224746704,0.9413183927536011,259.2085
2419,0.8551684617996216,0.8551684617996216,0.9571272730827332,0.9410690069198608,259.306
2420,0.8549704551696777,0.8549704551696777,0.9568773508071899,0.9408187866210938,259.4056
2421,0.8547738194465637,0.8547738194465637,0.9566274881362915,0.9405685663223267,259.5079
2422,0.8545756340026855,0.8545756340026855,0.9563770294189453,0.9403179287910461,259.6065
2423,0.8543796539306641,0.8543796539306641,0.9561253786087036,0.9400657415390015,259.7031
2424,0.8541814088821411,0.8541814088821411,0.9558767080307007,0.9398168325424194,259.8085
2425,0.853982150554657,0.853982150554657,0.9556290507316589,0.9395686984062195,259.9079
2426,0.8537859916687012,0.8537859916687012,0.9553828239440918,0.9393221139907837,260.0476
2427,0.8535882830619812,0.8535882830619812,0.9551321864128113,0.9390708804130554,260.1793
2428,0.8533899188041687,0.8533899188041687,0.9548817873001099,0.9388202428817749,260.3141
2429,0.853192150592804,0.853192150592804,0.9546328783035278,0.9385709762573242,260.4542
2430,0.8529960513114929,0.8529960513114929,0.9543843269348145,0.9383218884468079,260.6044
2431,0.8527972102165222,0.8527972102165222,0.9541352987289429,0.9380725622177124,260.7361
2432,0.8526002764701843,0.8526002764701843,0.9538856744766235,0.9378225207328796,260.8714
2433,0.8524039387702942,0.8524039387702942,0.9536409378051758,0.9375774264335632,261.0029
2434,0.852204442024231,0.852204442024231,0.9533933401107788,0.9373294711112976,261.1394
2435,0.8520084619522095,0.8520084619522095,0.9531445503234863,0.9370803833007812,261.2598
2436,0.851810097694397,0.851810097694397,0.9528964757919312,0.9368318319320679,261.3726
2437,0.8516139984130859,0.8516139984130859,0.9526442289352417,0.9365792274475098,261.4932
2438,0.8514153361320496,0.8514153361320496,0.9523988962173462,0.9363334774971008,261.6289
2439,0.851218581199646,0.851218581199646,0.952151894569397,0.9360858798027039,261.7533
2440,0.8510225415229797,0.8510225415229797,0.9518998861312866,0.9358335733413696,261.8782
2441,0.8508244752883911,0.8508244752883911,0.9516507983207703,0.9355842471122742,261.999
2442,0.8506280183792114,0.8506280183792114,0.951403796672821,0.9353367686271667,262.1188
2443,0.8504301309585571,0.8504301309585571,0.9511577486991882,0.9350904226303101,262.2697
2444,0.8502345085144043,0.8502345085144043,0.950910747051239,0.9348429441452026,262.3875
2445,0.8500375747680664,0.8500375747680664,0.9506643414497375,0.9345961809158325,262.5101
2446,0.8498398661613464,0.8498398661613464,0.950416088104248,0.9343474507331848,262.6431
2447,0.8496414422988892,0.8496414422988892,0.9501625895500183,0.9340935945510864,262.7691
2448,0.8494452238082886,0.8494452238082886,0.9499126672744751,0.9338432550430298,262.8889
2449,0.8492491841316223,0.8492491841316223,0.9496675729751587,0.9335977435112,263.0016
2450,0.849051833152771,0.849051833152771,0.9494190216064453,0.9333488345146179,263.1274
2451,0.8488553166389465,0.8488553166389465,0.9491714239120483,0.9331008195877075,263.2523
2452,0.8486577272415161,0.8486577272415161,0.9489260911941528,0.9328550100326538,263.3705
2453,0.8484606742858887,0.8484606742858887,0.9486813545227051,0.9326097369194031,263.4946
2454,0.8482643961906433,0.8482643961906433,0.9484335780143738,0.9323617219924927,263.6143
2455,0.8480664491653442,0.8480664491653442,0.9481843709945679,0.9321122169494629,263.761
2456,0.8478696942329407,0.8478696942329407,0.9479390978813171,0.9318665266036987,263.8956
2457,0.8476728200912476,0.8476728200912476,0.9476898312568665,0.9316169023513794,264.0156
2458,0.8474760055541992,0.8474760055541992,0.9474440813064575,0.931370735168457,264.1347
2459,0.8472790718078613,0.8472790718078613,0.9471972584724426,0.9311235547065735,264.2602
2460,0.847082793712616,0.847082793712616,0.9469507336616516,0.9308763742446899,264.4038
2461,0.8468858599662781,0.8468858599662781,0.946705162525177,0.9306306838989258,264.5528
2462,0.8466901779174805,0.8466901779174805,0.9464543461799622,0.9303795695304871,264.705
2463,0.8464924693107605,0.8464924693107605,0.9462037086486816,0.9301284551620483,264.8832
2464,0.846296489238739,0.846296489238739,0.9459586143493652,0.929882824420929,265.0636
2465,0.8460990786552429,0.8460990786552429,0.9457135200500488,0.9296371340751648,265.267
2466,0.8459023237228394,0.8459023237228394,0.9454656839370728,0.9293891191482544,265.4432
2467,0.8457053303718567,0.8457053303718567,0.9452217817306519,0.9291449785232544,265.6119
2468,0.8455093502998352,0.8455093502998352,0.9449741244316101,0.9288970232009888,265.7763
2469,0.8453115224838257,0.8453115224838257,0.9447296261787415,0.9286519289016724,265.9188
2470,0.8451170921325684,0.8451170921325684,0.9444841146469116,0.9284059405326843,266.0849
2471,0.8449195623397827,0.8449195623397827,0.9442413449287415,0.928162693977356,266.2272
2472,0.844723105430603,0.844723105430603,0.9439916610717773,0.9279128313064575,266.4481
2473,0.844526469707489,0.844526469707489,0.943740963935852,0.9276618957519531,266.6722
2474,0.8443304300308228,0.8443304300308228,0.9434921145439148,0.9274126887321472,266.8754
2475,0.844133198261261,0.844133198261261,0.9432474374771118,0.9271677136421204,267.4067
2476,0.8439381718635559,0.8439381718635559,0.9430063366889954,0.9269260168075562,267.8892
2477,0.8437401056289673,0.8437401056289673,0.9427585601806641,0.9266778230667114,268.0634
2478,0.8435433506965637,0.8435433506965637,0.942513108253479,0.9264320135116577,268.204
2479,0.8433479070663452,0.8433479070663452,0.942265510559082,0.926183819770813,268.3365
2480,0.8431512713432312,0.8431512713432312,0.9420185089111328,0.9259364008903503,268.4883
2481,0.8429548144340515,0.8429548144340515,0.9417732954025269,0.9256909489631653,268.6531
2482,0.8427586555480957,0.8427586555480957,0.9415292739868164,0.9254465103149414,268.8141
2483,0.8425624966621399,0.8425624966621399,0.9412809610366821,0.9251977801322937,268.9562
2484,0.842366099357605,0.842366099357605,0.9410370588302612,0.9249534606933594,269.0847
2485,0.8421701192855835,0.8421701192855835,0.9407919049263,0.9247080087661743,269.2115
2486,0.8419731259346008,0.8419731259346008,0.9405466318130493,0.9244621396064758,269.3374
2487,0.841777503490448,0.841777503490448,0.940301775932312,0.9242168664932251,269.4824
2488,0.8415812253952026,0.8415812253952026,0.9400542974472046,0.9239691495895386,269.6157
2489,0.8413853645324707,0.8413853645324707,0.9398059844970703,0.9237203598022461,269.7961
2490,0.8411886096000671,0.8411886096000671,0.9395591616630554,0.9234732389450073,270.0219
2491,0.8409930467605591,0.8409930467605591,0.9393169283866882,0.9232304692268372,270.2555
2492,0.8407959938049316,0.8407959938049316,0.939073920249939,0.9229869842529297,270.4455
2493,0.8406006693840027,0.8406006693840027,0.9388319253921509,0.9227445721626282,270.6056
2494,0.8404048085212708,0.8404048085212708,0.9385851621627808,0.9224973917007446,270.7819
2495,0.8402088284492493,0.8402088284492493,0.93833988904953,0.9222518801689148,270.9216
2496,0.8400125503540039,0.8400125503540039,0.9380905032157898,0.9220020174980164,271.0507
2497,0.8398164510726929,0.8398164510726929,0.9378471374511719,0.9217583537101746,271.2415
2498,0.8396212458610535,0.8396212458610535,0.9376023411750793,0.9215130805969238,271.4083
2499,0.8394241333007812,0.8394241333007812,0.9373592138290405,0.9212695956230164,271.5578
2500,0.8392295837402344,0.8392295837402344,0.9371137619018555,0.9210237264633179,271.7043
2501,0.8390331268310547,0.8390331268310547,0.9368699193000793,0.9207794070243835,271.8829
2502,0.8388376235961914,0.8388376235961914,0.9366224408149719,0.9205315709114075,272.1098
2503,0.8386418223381042,0.8386418223381042,0.9363765716552734,0.9202854037284851,272.2706
2504,0.8384445905685425,0.8384445905685425,0.936134934425354,0.9200429916381836,272.4962
2505,0.8382493853569031,0.8382493853569031,0.9358919262886047,0.9197998046875,272.7072
2506,0.8380535840988159,0.8380535840988159,0.9356496930122375,0.9195570945739746,272.8943
2507,0.8378576040267944,0.8378576040267944,0.9354068040847778,0.9193137288093567,273.0615
2508,0.8376615643501282,0.8376615643501282,0.935158908367157,0.9190654754638672,273.211
2509,0.8374663591384888,0.8374663591384888,0.9349139928817749,0.9188202619552612,273.3523
2510,0.8372703790664673,0.8372703790664673,0.9346684217453003,0.918574333190918,273.4831
2511,0.8370760083198547,0.8370760083198547,0.9344269633293152,0.9183324575424194,273.6526
2512,0.8368797302246094,0.8368797302246094,0.9341818690299988,0.9180870056152344,273.7852
2513,0.8366832733154297,0.8366832733154297,0.9339417219161987,0.9178465008735657,273.9229
2514,0.8364894986152649,0.8364894986152649,0.9336927533149719,0.9175971150398254,274.0427
2515,0.8362924456596375,0.8362924456596375,0.9334484338760376,0.9173523187637329,274.1622
2516,0.8360965847969055,0.8360965847969055,0.933201014995575,0.9171047210693359,274.2846
2517,0.835902214050293,0.835902214050293,0.9329606890678406,0.9168637990951538,274.4061
2518,0.8357051014900208,0.8357051014900208,0.9327184557914734,0.9166210293769836,274.5506
2519,0.83551025390625,0.83551025390625,0.9324743151664734,0.9163767099380493,274.7099
2520,0.835316002368927,0.835316002368927,0.9322277903556824,0.9161295890808105,274.8615
2521,0.8351192474365234,0.8351192474365234,0.9319837689399719,0.9158851504325867,275.0136
2522,0.8349233865737915,0.8349233865737915,0.9317386746406555,0.9156396985054016,275.1641
2523,0.8347271680831909,0.8347271680831909,0.9314981698989868,0.9153987169265747,275.3376
2524,0.8345321416854858,0.8345321416854858,0.9312542080879211,0.9151540994644165,275.4799
2525,0.8343365788459778,0.8343365788459778,0.9310106039047241,0.9149104356765747,275.6279
2526,0.8341416120529175,0.8341416120529175,0.930768609046936,0.9146679043769836,275.7874
2527,0.8339468240737915,0.8339468240737915,0.9305247068405151,0.9144236445426941,275.9322
2528,0.8337504267692566,0.8337504267692566,0.9302819967269897,0.9141806364059448,276.0627
2529,0.8335554003715515,0.8335554003715515,0.9300384521484375,0.9139367341995239,276.2314
2530,0.8333609700202942,0.8333609700202942,0.9297968149185181,0.9136945605278015,276.4873
2531,0.8331659436225891,0.8331659436225891,0.9295522570610046,0.9134498834609985,276.7304
2532,0.8329703211784363,0.8329703211784363,0.9293075799942017,0.913204550743103,276.9055
2533,0.83277428150177,0.83277428150177,0.9290653467178345,0.9129619598388672,277.0684
2534,0.8325793147087097,0.8325793147087097,0.9288221597671509,0.9127181768417358,277.2352
2535,0.832382321357727,0.832382321357727,0.9285810589790344,0.9124767184257507,277.3819
2536,0.8321873545646667,0.8321873545646667,0.9283387064933777,0.9122339487075806,277.5396
2537,0.8319914937019348,0.8319914937019348,0.9280976057052612,0.9119924306869507,277.6773
2538,0.8317975997924805,0.8317975997924805,0.9278526306152344,0.9117470979690552,277.8067
2539,0.8316036462783813,0.8316036462783813,0.9276072382926941,0.911501407623291,277.9613
2540,0.8314086198806763,0.8314086198806763,0.9273627996444702,0.9112566113471985,278.0954
2541,0.8312131762504578,0.8312131762504578,0.9271221160888672,0.911015510559082,278.2285
2542,0.8310173153877258,0.8310173153877258,0.9268824458122253,0.9107751846313477,278.354
2543,0.8308215141296387,0.8308215141296387,0.926641583442688,0.9105340242385864,278.4877
2544,0.8306280374526978,0.8306280374526978,0.9263993501663208,0.9102913737297058,278.6206
2545,0.8304315805435181,0.8304315805435181,0.9261565208435059,0.9100483059883118,278.7457
2546,0.8302384614944458,0.8302384614944458,0.925911545753479,0.9098027348518372,278.8874
2547,0.8300422430038452,0.8300422430038452,0.9256694912910461,0.9095603227615356,279.0202
2548,0.8298476338386536,0.8298476338386536,0.9254264831542969,0.9093170166015625,279.1517
2549,0.8296526074409485,0.8296526074409485,0.9251852035522461,0.909075140953064,279.2792
2550,0.8294566869735718,0.8294566869735718,0.9249412417411804,0.9088308215141296,279.3989
2551,0.8292627334594727,0.8292627334594727,0.9246991872787476,0.9085882306098938,279.5374
2552,0.8290674090385437,0.8290674090385437,0.9244599342346191,0.9083486795425415,279.6605
2553,0.8288734555244446,0.8288734555244446,0.9242188334465027,0.9081071019172668,279.7781
2554,0.8286776542663574,0.8286776542663574,0.9239799380302429,0.9078677892684937,279.9053
2555,0.8284828066825867,0.8284828066825867,0.9237343668937683,0.9076219797134399,280.0363
2556,0.828288197517395,0.828288197517395,0.9234897494316101,0.9073770642280579,280.1626
2557,0.8280923962593079,0.8280923962593079,0.9232466816902161,0.9071336984634399,280.2811
2558,0.827899158000946,0.827899158000946,0.9230057001113892,0.9068921804428101,280.4186
2559,0.8277034759521484,0.8277034759521484,0.922766387462616,0.9066524505615234,280.5451
2560,0.8275085687637329,0.8275085687637329,0.9225271344184875,0.9064124822616577,280.666
2561,0.8273136019706726,0.8273136019706726,0.922285258769989,0.9061702489852905,280.7911
2562,0.8271190524101257,0.8271190524101257,0.9220453500747681,0.9059297442436218,280.9096
2563,0.8269227743148804,0.8269227743148804,0.9218012094497681,0.9056854248046875,281.0262
2564,0.8267298936843872,0.8267298936843872,0.9215558767318726,0.9054398536682129,281.1835
2565,0.826535701751709,0.826535701751709,0.9213145971298218,0.9051980972290039,281.3329
2566,0.8263408541679382,0.8263408541679382,0.9210729598999023,0.904956042766571,281.4933
2567,0.8261458277702332,0.8261458277702332,0.9208327531814575,0.9047155380249023,281.6305
2568,0.8259512186050415,0.8259512186050415,0.92059326171875,0.9044753909111023,281.7751
2569,0.8257566690444946,0.8257566690444946,0.9203534126281738,0.9042350649833679,281.8905
2570,0.8255621790885925,0.8255621790885925,0.9201124310493469,0.9039937853813171,282.0227
2571,0.8253675699234009,0.8253675699234009,0.9198676347732544,0.9037485122680664,282.1469
2572,0.8251727819442749,0.8251727819442749,0.9196270704269409,0.9035077095031738,282.2747
2573,0.8249778747558594,0.8249778747558594,0.919386088848114,0.9032661318778992,282.4035
2574,0.8247828483581543,0.8247828483581543,0.9191447496414185,0.9030244946479797,282.5361
2575,0.8245880007743835,0.8245880007743835,0.9189016222953796,0.9027808904647827,282.6673
2576,0.8243941068649292,0.8243941068649292,0.9186620712280273,0.9025409817695618,282.8091
2577,0.8241998553276062,0.8241998553276062,0.9184223413467407,0.9023006558418274,282.9444
2578,0.8240049481391907,0.8240049481391907,0.9181838035583496,0.9020618200302124,283.0659
2579,0.8238101005554199,0.8238101005554199,0.9179414510726929,0.9018190503120422,283.1954
2580,0.8236168622970581,0.8236168622970581,0.9177009463310242,0.9015779495239258,283.3277
2581,0.8234224319458008,0.8234224319458008,0.9174630045890808,0.9013396501541138,283.4565
2582,0.82322758436203,0.82322758436203,0.9172222018241882,0.9010982513427734,283.5998
2583,0.8230329751968384,0.8230329751968384,0.9169791340827942,0.9008549451828003,283.7297
2584,0.8228397369384766,0.8228397369384766,0.9167411923408508,0.9006166458129883,283.8641
2585,0.822644054889679,0.822644054889679,0.9165025949478149,0.9003775715827942,283.9912
2586,0.8224495649337769,0.8224495649337769,0.9162627458572388,0.9001372456550598,284.1281
2587,0.8222563862800598,0.8222563862800598,0.9160236120223999,0.8998979330062866,284.2465
2588,0.8220618367195129,0.8220618367195129,0.9157810211181641,0.8996548652648926,284.3678
2589,0.8218687176704407,0.8218687176704407,0.915542483329773,0.8994160890579224,284.4825
2590,0.8216737508773804,0.8216737508773804,0.9153024554252625,0.8991756439208984,284.6032
2591,0.821479320526123,0.821479320526123,0.9150598645210266,0.8989324569702148,284.7289
2592,0.8212851285934448,0.8212851285934448,0.9148212671279907,0.8986932635307312,284.8592
2593,0.8210909962654114,0.8210909962654114,0.9145797491073608,0.8984516263008118,284.9853
2594,0.8208959698677063,0.8208959698677063,0.9143375158309937,0.8982087969779968,285.0986
2595,0.8207015991210938,0.8207015991210938,0.9140949249267578,0.8979660272598267,285.2173
2596,0.820508599281311,0.820508599281311,0.9138585329055786,0.8977290391921997,285.3307
2597,0.8203136324882507,0.8203136324882507,0.9136150479316711,0.8974851369857788,285.458
2598,0.8201195597648621,0.8201195597648621,0.9133804440498352,0.8972501754760742,285.583
2599,0.8199262619018555,0.8199262619018555,0.9131376147270203,0.8970069885253906,285.7057
2600,0.8197320103645325,0.8197320103645325,0.9128979444503784,0.8967669606208801,285.8208
2601,0.8195376396179199,0.8195376396179199,0.9126553535461426,0.8965238332748413,285.941
2602,0.8193436861038208,0.8193436861038208,0.9124196767807007,0.8962875604629517,286.0694
2603,0.8191500902175903,0.8191500902175903,0.912179172039032,0.8960467576980591,286.1887
2604,0.8189554214477539,0.8189554214477539,0.9119380712509155,0.8958051800727844,286.3082
2605,0.8187611699104309,0.8187611699104309,0.9116983413696289,0.8955650329589844,286.4285
2606,0.8185670971870422,0.8185670971870422,0.9114583730697632,0.89532470703125,286.5613
2607,0.8183730840682983,0.8183730840682983,0.911219596862793,0.8950855135917664,286.6812
2608,0.8181792497634888,0.8181792497634888,0.9109815359115601,0.8948469161987305,286.8006
2609,0.8179854154586792,0.8179854154586792,0.9107434153556824,0.8946083784103394,286.919
2610,0.817791759967804,0.817791759967804,0.9105056524276733,0.8943701982498169,287.0192
2611,0.8175985217094421,0.8175985217094421,0.9102648496627808,0.8941289782524109,287.1341
2612,0.8174039125442505,0.8174039125442505,0.9100221395492554,0.8938857913017273,287.2347
2613,0.8172097206115723,0.8172097206115723,0.9097801446914673,0.8936435580253601,287.3429
2614,0.8170156478881836,0.8170156478881836,0.9095417261123657,0.8934047818183899,287.4545
2615,0.8168213963508606,0.8168213963508606,0.909304141998291,0.893166720867157,287.5625
2616,0.8166276216506958,0.8166276216506958,0.9090684056282043,0.8929303884506226,287.6692
2617,0.8164348602294922,0.8164348602294922,0.9088308215141296,0.8926925659179688,287.7674
2618,0.816241443157196,0.816241443157196,0.9085949063301086,0.8924559354782104,287.8719
2619,0.8160454034805298,0.8160454034805298,0.9083553552627563,0.8922162055969238,287.9994
2620,0.8158532381057739,0.8158532381057739,0.9081168174743652,0.8919771313667297,288.1209
2621,0.8156596422195435,0.8156596422195435,0.9078764915466309,0.8917365074157715,288.2396
2622,0.8154647946357727,0.8154647946357727,0.9076374173164368,0.8914971351623535,288.348
2623,0.8152724504470825,0.8152724504470825,0.9073996543884277,0.8912588953971863,288.4515
2624,0.8150769472122192,0.8150769472122192,0.9071599841117859,0.8910188674926758,288.5559
2625,0.8148854970932007,0.8148854970932007,0.9069217443466187,0.8907800912857056,288.6582
2626,0.8146915435791016,0.8146915435791016,0.9066802859306335,0.890538215637207,288.7599
2627,0.8144969940185547,0.8144969940185547,0.9064438939094543,0.8903013467788696,288.8592
2628,0.8143032193183899,0.8143032193183899,0.9062069058418274,0.8900638818740845,288.9607
2629,0.8141105771064758,0.8141105771064758,0.9059699177742004,0.8898265957832336,289.0539
2630,0.8139165639877319,0.8139165639877319,0.9057302474975586,0.8895864486694336,289.1485
2631,0.8137226104736328,0.8137226104736328,0.905491828918457,0.8893476724624634,289.2458
2632,0.8135297894477844,0.8135297894477844,0.9052547216415405,0.8891102075576782,289.3495
2633,0.8133357763290405,0.8133357763290405,0.905014157295227,0.8888691067695618,289.4459
2634,0.8131425976753235,0.8131425976753235,0.9047746658325195,0.8886295557022095,289.5435
2635,0.8129483461380005,0.8129483461380005,0.9045383334159851,0.8883928060531616,289.6418
2636,0.8127554059028625,0.8127554059028625,0.9043006896972656,0.8881545066833496,289.7387
2637,0.8125602006912231,0.8125602006912231,0.9040641784667969,0.8879175186157227,289.8353
2638,0.8123682141304016,0.8123682141304016,0.9038265347480774,0.887679398059845,289.9359
2639,0.8121759295463562,0.8121759295463562,0.9035837054252625,0.8874363899230957,290.0363
2640,0.8119815587997437,0.8119815587997437,0.9033454060554504,0.8871974945068359,290.15
2641,0.8117877244949341,0.8117877244949341,0.9031063318252563,0.8869580030441284,290.2602
2642,0.8115934133529663,0.8115934133529663,0.9028661847114563,0.8867174386978149,290.3692
2643,0.8114010691642761,0.8114010691642761,0.9026323556900024,0.8864830136299133,290.4772
2644,0.811209499835968,0.811209499835968,0.9023955464363098,0.8862457275390625,290.5874
2645,0.8110150098800659,0.8110150098800659,0.9021576046943665,0.8860074877738953,290.6848
2646,0.810821533203125,0.810821533203125,0.9019216299057007,0.8857709765434265,290.7801
2647,0.810627281665802,0.810627281665802,0.901683509349823,0.8855326771736145,290.8767
2648,0.8104346394538879,0.8104346394538879,0.9014458656311035,0.8852945566177368,290.9711
2649,0.8102415204048157,0.8102415204048157,0.9012070894241333,0.8850553631782532,291.0649
2650,0.8100473284721375,0.8100473284721375,0.9009665250778198,0.8848145604133606,291.1601
2651,0.8098529577255249,0.8098529577255249,0.9007272720336914,0.8845747113227844,291.2552
2652,0.8096613883972168,0.8096613883972168,0.9004914164543152,0.88433837890625,291.3515
2653,0.8094687461853027,0.8094687461853027,0.9002562761306763,0.8841027021408081,291.4498
2654,0.8092741966247559,0.8092741966247559,0.9000225067138672,0.883868396282196,291.5495
2655,0.8090815544128418,0.8090815544128418,0.8997871279716492,0.8836326599121094,291.6497
2656,0.8088886141777039,0.8088886141777039,0.8995494842529297,0.8833945393562317,291.7476
2657,0.8086949586868286,0.8086949586868286,0.8993078470230103,0.8831526041030884,291.8408
2658,0.8085024952888489,0.8085024952888489,0.8990686535835266,0.8829131126403809,291.9408
2659,0.8083084225654602,0.8083084225654602,0.8988292813301086,0.882673442363739,292.2032
2660,0.80811607837677,0.80811607837677,0.8985959887504578,0.8824396133422852,292.3355
2661,0.8079221844673157,0.8079221844673157,0.8983631134033203,0.8822063207626343,292.4999
2662,0.8077293634414673,0.8077293634414673,0.8981269598007202,0.8819696307182312,292.6142
2663,0.8075357675552368,0.8075357675552368,0.8978909254074097,0.8817331194877625,292.7149
2664,0.8073433041572571,0.8073433041572571,0.8976534605026245,0.8814952969551086,292.8148
2665,0.8071489334106445,0.8071489334106445,0.8974154591560364,0.8812570571899414,292.9082
2666,0.8069574236869812,0.8069574236869812,0.8971786499023438,0.8810195922851562,293.0081
2667,0.8067631721496582,0.8067631721496582,0.8969411849975586,0.8807817697525024,293.1007
2668,0.8065711259841919,0.8065711259841919,0.8967059850692749,0.8805462121963501,293.195
2669,0.8063777685165405,0.8063777685165405,0.8964702486991882,0.8803098797798157,293.295
2670,0.8061850666999817,0.8061850666999817,0.8962297439575195,0.8800690770149231,293.3946
2671,0.805991530418396,0.805991530418396,0.8959907293319702,0.8798297643661499,293.6008
2672,0.8057986497879028,0.8057986497879028,0.8957557678222656,0.8795942068099976,293.6984
2673,0.8056062459945679,0.8056062459945679,0.8955188989639282,0.8793569803237915,293.798
2674,0.8054136037826538,0.8054136037826538,0.8952835202217102,0.8791210055351257,293.8921
2675,0.8052206039428711,0.8052206039428711,0.8950479626655579,0.8788852691650391,293.9862
2676,0.8050281405448914,0.8050281405448914,0.8948100805282593,0.8786468505859375,294.0805
2677,0.8048347234725952,0.8048347234725952,0.8945726156234741,0.8784090280532837,294.1733
2678,0.8046407699584961,0.8046407699584961,0.8943340182304382,0.8781698346138,294.2698
2679,0.8044487833976746,0.8044487833976746,0.8941011428833008,0.8779363632202148,294.3636
2680,0.8042557835578918,0.8042557835578918,0.8938677906990051,0.8777025938034058,294.4587
2681,0.8040627241134644,0.8040627241134644,0.8936300277709961,0.8774644732475281,294.5529
2682,0.8038702011108398,0.8038702011108398,0.8933916091918945,0.8772256970405579,294.646
2683,0.8036779165267944,0.8036779165267944,0.8931525945663452,0.8769863843917847,294.7403
2684,0.8034852743148804,0.8034852743148804,0.8929152488708496,0.8767486810684204,294.8378
2685,0.8032912015914917,0.8032912015914917,0.8926849365234375,0.876517653465271,294.9356
2686,0.8030992746353149,0.8030992746353149,0.8924539685249329,0.8762863278388977,295.0321
2687,0.8029066920280457,0.8029066920280457,0.8922174572944641,0.8760492205619812,295.1301
2688,0.8027138710021973,0.8027138710021973,0.8919788599014282,0.875810444355011,295.2277
2689,0.8025199174880981,0.8025199174880981,0.8917405009269714,0.875571608543396,295.323
2690,0.8023267984390259,0.8023267984390259,0.8915023803710938,0.8753331899642944,295.4163
2691,0.8021351099014282,0.8021351099014282,0.8912670016288757,0.8750972747802734,295.5173
2692,0.8019429445266724,0.8019429445266724,0.8910343050956726,0.8748639822006226,295.6112
2693,0.8017495274543762,0.8017495274543762,0.8907986879348755,0.8746278882026672,295.706
2694,0.801557183265686,0.801557183265686,0.8905617594718933,0.874390721321106,295.8011
2695,0.8013643026351929,0.8013643026351929,0.8903268575668335,0.8741555213928223,295.8933
2696,0.8011724352836609,0.8011724352836609,0.8900945782661438,0.8739227056503296,295.9861
2697,0.8009785413742065,0.8009785413742065,0.8898555636405945,0.8736830949783325,296.0799
2698,0.8007881045341492,0.8007881045341492,0.8896225094795227,0.8734496831893921,296.1737
2699,0.8005940318107605,0.8005940318107605,0.8893871307373047,0.8732138872146606,296.268
2700,0.8004019856452942,0.8004019856452942,0.8891512155532837,0.872977614402771,296.3633
2701,0.8002082109451294,0.8002082109451294,0.8889158368110657,0.87274169921875,296.4567
2702,0.8000171780586243,0.8000171780586243,0.8886839151382446,0.8725093603134155,296.5531
2703,0.7998232841491699,0.7998232841491699,0.8884477615356445,0.8722728490829468,296.6467
2704,0.7996317148208618,0.7996317148208618,0.8882114291191101,0.8720359802246094,296.7455
2705,0.7994387149810791,0.7994387149810791,0.8879712224006653,0.8717954754829407,296.8406
2706,0.7992474436759949,0.7992474436759949,0.8877355456352234,0.8715593218803406,296.9356
2707,0.7990534901618958,0.7990534901618958,0.8875032663345337,0.871326744556427,297.0302
2708,0.7988613843917847,0.7988613843917847,0.8872724771499634,0.8710952997207642,297.1301
2709,0.7986694574356079,0.7986694574356079,0.8870353698730469,0.870857834815979,297.2234
2710,0.7984772324562073,0.7984772324562073,0.8867977261543274,0.8706199526786804,297.3208
2711,0.7982845902442932,0.7982845902442932,0.8865598440170288,0.8703816533088684,297.415
2712,0.7980915904045105,0.7980915904045105,0.8863237500190735,0.8701450228691101,297.5068
2713,0.7978997826576233,0.7978997826576233,0.8860891461372375,0.8699098825454712,297.6008
2714,0.7977054715156555,0.7977054715156555,0.8858564496040344,0.8696765899658203,297.6953
2715,0.7975143790245056,0.7975143790245056,0.8856231570243835,0.8694430589675903,297.7906
2716,0.7973228693008423,0.7973228693008423,0.8853880763053894,0.8692072033882141,297.8842
2717,0.7971293330192566,0.7971293330192566,0.8851523399353027,0.868971049785614,297.978
2718,0.7969366908073425,0.7969366908073425,0.8849169611930847,0.8687354326248169,298.0693
2719,0.7967446446418762,0.7967446446418762,0.8846800923347473,0.8684981465339661,298.1641
2720,0.7965521216392517,0.7965521216392517,0.8844436407089233,0.8682611584663391,298.2522
2721,0.7963607907295227,0.7963607907295227,0.8842101097106934,0.8680275082588196,298.348
2722,0.7961677312850952,0.7961677312850952,0.8839767575263977,0.8677936792373657,298.4414
2723,0.7959760427474976,0.7959760427474976,0.8837451934814453,0.8675615191459656,298.5359
2724,0.7957829833030701,0.7957829833030701,0.8835136294364929,0.867329478263855,298.6249
2725,0.7955913543701172,0.7955913543701172,0.8832805752754211,0.867095947265625,298.7177
2726,0.7953982949256897,0.7953982949256897,0.8830472230911255,0.8668621182441711,298.8083
2727,0.7952062487602234,0.7952062487602234,0.8828117251396179,0.8666262626647949,298.9145
2728,0.7950147390365601,0.7950147390365601,0.8825723528862,0.8663865923881531,299.0127
2729,0.7948219180107117,0.7948219180107117,0.882337749004364,0.8661516308784485,299.1123
2730,0.7946290969848633,0.7946290969848633,0.8821039199829102,0.8659173846244812,299.2062
2731,0.7944373488426208,0.7944373488426208,0.8818711042404175,0.8656841516494751,299.3069
2732,0.7942460775375366,0.7942460775375366,0.8816407322883606,0.8654529452323914,299.4026
2733,0.794054388999939,0.794054388999939,0.8814090490341187,0.8652210235595703,299.5
2734,0.7938612699508667,0.7938612699508667,0.8811725378036499,0.8649842143058777,299.5953
2735,0.7936695218086243,0.7936695218086243,0.8809388875961304,0.8647502064704895,299.6869
2736,0.7934764623641968,0.7934764623641968,0.8807015419006348,0.8645123243331909,299.7872
2737,0.7932844161987305,0.7932844161987305,0.8804670572280884,0.8642774820327759,299.8911
2738,0.7930929064750671,0.7930929064750671,0.880230724811554,0.864040732383728,299.9988
2739,0.7929005026817322,0.7929005026817322,0.8799974322319031,0.8638069033622742,300.1041
2740,0.7927080392837524,0.7927080392837524,0.8797674179077148,0.8635765314102173,300.2017
2741,0.792516827583313,0.792516827583313,0.8795345425605774,0.8633429408073425,300.2965
2742,0.7923243641853333,0.7923243641853333,0.8793039321899414,0.8631118535995483,300.3894
2743,0.792133092880249,0.792133092880249,0.8790680766105652,0.862875759601593,300.4893
2744,0.791939377784729,0.791939377784729,0.8788329362869263,0.8626400232315063,300.5848
2745,0.7917474508285522,0.7917474508285522,0.8786004781723022,0.8624073266983032,300.6821
2746,0.7915564775466919,0.7915564775466919,0.8783664703369141,0.8621729016304016,300.7772
2747,0.7913631200790405,0.7913631200790405,0.8781324625015259,0.8619384765625,300.8831
2748,0.791172206401825,0.791172206401825,0.8778974413871765,0.8617030382156372,300.9895
2749,0.7909795045852661,0.7909795045852661,0.8776653409004211,0.8614704012870789,301.0889
2750,0.7907880544662476,0.7907880544662476,0.8774310946464539,0.8612359166145325,301.1854
2751,0.7905964255332947,0.7905964255332947,0.8771957159042358,0.8609999418258667,301.2766
2752,0.7904052734375,0.7904052734375,0.876966655254364,0.8607704043388367,301.3724
2753,0.7902131080627441,0.7902131080627441,0.8767313957214355,0.8605347871780396,301.4656
2754,0.7900203466415405,0.7900203466415405,0.8764961361885071,0.8602989912033081,301.5604
2755,0.7898295521736145,0.7898295521736145,0.8762620687484741,0.8600646257400513,301.6603
2756,0.7896376252174377,0.7896376252174377,0.8760287165641785,0.8598308563232422,301.7525
2757,0.7894452810287476,0.7894452810287476,0.8757970929145813,0.8595987558364868,301.8503
2758,0.7892524003982544,0.7892524003982544,0.8755645751953125,0.8593656420707703,301.9539
2759,0.789061427116394,0.789061427116394,0.8753315806388855,0.8591322898864746,302.0814
2760,0.7888695597648621,0.7888695597648621,0.8750954866409302,0.8588956594467163,302.1885
2761,0.7886770963668823,0.7886770963668823,0.8748623132705688,0.8586620092391968,302.2939
2762,0.7884868383407593,0.7884868383407593,0.8746283650398254,0.8584278225898743,302.41
2763,0.7882944345474243,0.7882944345474243,0.8743942975997925,0.8581933975219727,302.5152
2764,0.7881020903587341,0.7881020903587341,0.8741617202758789,0.8579601049423218,302.616
2765,0.7879101634025574,0.7879101634025574,0.8739303350448608,0.8577284812927246,302.7215
2766,0.7877191305160522,0.7877191305160522,0.8736997842788696,0.8574973940849304,302.8134
2767,0.7875273823738098,0.7875273823738098,0.8734700083732605,0.8572670817375183,302.9098
2768,0.7873343229293823,0.7873343229293823,0.8732377886772156,0.8570345640182495,303.0061
2769,0.7871435880661011,0.7871435880661011,0.8730044364929199,0.8568007349967957,303.1043
2770,0.7869507670402527,0.7869507670402527,0.8727734684944153,0.8565694689750671,303.2002
2771,0.7867594957351685,0.7867594957351685,0.8725385665893555,0.8563339114189148,303.3008
2772,0.7865691781044006,0.7865691781044006,0.8723070025444031,0.8561019897460938,303.4223
2773,0.7863763570785522,0.7863763570785522,0.8720728158950806,0.8558672070503235,303.5437
2774,0.7861849069595337,0.7861849069595337,0.8718372583389282,0.8556314706802368,303.6533
2775,0.7859929203987122,0.7859929203987122,0.8716045618057251,0.8553983569145203,303.7557
2776,0.7858021855354309,0.7858021855354309,0.8713737726211548,0.8551669120788574,303.8609
2777,0.7856088280677795,0.7856088280677795,0.8711422085762024,0.8549348711967468,303.9607
2778,0.7854184508323669,0.7854184508323669,0.8709081411361694,0.8547004461288452,304.0561
2779,0.7852270007133484,0.7852270007133484,0.8706768751144409,0.8544689416885376,304.1517
2780,0.7850353717803955,0.7850353717803955,0.8704414367675781,0.8542327880859375,304.2516
2781,0.7848434448242188,0.7848434448242188,0.8702109456062317,0.8540019989013672,304.3442
2782,0.7846530675888062,0.7846530675888062,0.8699787855148315,0.8537694811820984,304.4362
2783,0.7844604849815369,0.7844604849815369,0.8697458505630493,0.8535361289978027,304.5302
2784,0.7842694520950317,0.7842694520950317,0.8695142865180969,0.8533040285110474,304.6276
2785,0.7840765118598938,0.7840765118598938,0.869280993938446,0.8530702590942383,304.7244
2786,0.783885657787323,0.783885657787323,0.869049072265625,0.852837860584259,304.8184
2787,0.783694326877594,0.783694326877594,0.8688165545463562,0.8526047468185425,304.9132
2788,0.7835016250610352,0.7835016250610352,0.8685844540596008,0.8523722887039185,305.0049
2789,0.7833106517791748,0.7833106517791748,0.868353009223938,0.8521404266357422,305.1008
2790,0.7831193804740906,0.7831193804740906,0.868118166923523,0.8519051671028137,305.1945
2791,0.782927393913269,0.782927393913269,0.867889404296875,0.8516759872436523,305.2853
2792,0.7827364206314087,0.7827364206314087,0.8676589131355286,0.8514450788497925,305.3847
2793,0.7825450897216797,0.7825450897216797,0.8674279451370239,0.8512136340141296,305.479
2794,0.7823542356491089,0.7823542356491089,0.8671956062316895,0.8509808778762817,305.5766
2795,0.7821617722511292,0.7821617722511292,0.8669607043266296,0.8507455587387085,305.6723
2796,0.7819706797599792,0.7819706797599792,0.866729736328125,0.8505140542984009,305.7626
2797,0.7817791700363159,0.7817791700363159,0.8664997220039368,0.8502836227416992,305.861
2798,0.781587541103363,0.781587541103363,0.8662667274475098,0.8500502705574036,305.9579
2799,0.7813962697982788,0.7813962697982788,0.8660362958908081,0.8498193025588989,306.0566
2800,0.7812052965164185,0.7812052965164185,0.8658050298690796,0.849587619304657,306.1535
2801,0.7810133695602417,0.7810133695602417,0.8655765652656555,0.8493587374687195,306.2475
2802,0.7808214426040649,0.7808214426040649,0.8653436899185181,0.8491255044937134,306.345
2803,0.7806302309036255,0.7806302309036255,0.8651106953620911,0.8488920331001282,306.4408
2804,0.7804400324821472,0.7804400324821472,0.8648796081542969,0.8486605882644653,306.5404
2805,0.78024822473526,0.78024822473526,0.8646486401557922,0.8484290838241577,306.64
2806,0.7800566554069519,0.7800566554069519,0.864414393901825,0.8481944799423218,306.7358
2807,0.7798651456832886,0.7798651456832886,0.864184558391571,0.8479641079902649,306.8353
2808,0.7796741127967834,0.7796741127967834,0.8639529347419739,0.8477319478988647,306.9292
2809,0.7794829607009888,0.7794829607009888,0.8637239336967468,0.8475024104118347,307.0219
2810,0.7792919874191284,0.7792919874191284,0.863490879535675,0.8472689390182495,307.1209
2811,0.7790999412536621,0.7790999412536621,0.8632584810256958,0.8470361828804016,307.212
2812,0.778908908367157,0.778908908367157,0.8630269169807434,0.8468042612075806,307.3106
2813,0.778718113899231,0.778718113899231,0.8627950549125671,0.8465719223022461,307.4053
2814,0.7785255312919617,0.7785255312919617,0.8625642657279968,0.8463408350944519,307.5155
2815,0.7783359885215759,0.7783359885215759,0.8623338937759399,0.8461098670959473,307.6156
2816,0.7781437039375305,0.7781437039375305,0.8621059656143188,0.8458813428878784,307.7148
2817,0.7779527902603149,0.7779527902603149,0.86187744140625,0.8456522822380066,307.8072
2818,0.7777599692344666,0.7777599692344666,0.8616412281990051,0.8454158902168274,307.9064
2819,0.7775710225105286,0.7775710225105286,0.8614064455032349,0.8451806902885437,308.0033
2820,0.7773772478103638,0.7773772478103638,0.8611732721328735,0.8449470400810242,308.0993
2821,0.7771883010864258,0.7771883010864258,0.8609434366226196,0.8447166681289673,308.194
2822,0.7769963145256042,0.7769963145256042,0.8607169985771179,0.8444897532463074,308.2925
2823,0.7768049240112305,0.7768049240112305,0.8604868054389954,0.8442589640617371,308.3899
2824,0.7766140699386597,0.7766140699386597,0.8602555394172668,0.8440273404121399,308.4905
2825,0.7764232754707336,0.7764232754707336,0.860022246837616,0.8437936902046204,308.587
2826,0.7762318849563599,0.7762318849563599,0.8597917556762695,0.84356290102005,308.681
2827,0.7760397791862488,0.7760397791862488,0.8595585823059082,0.8433292508125305,308.7726
2828,0.7758505940437317,0.7758505940437317,0.859329104423523,0.8430994749069214,308.8729
2829,0.7756591439247131,0.7756591439247131,0.8590995669364929,0.8428694009780884,308.9971
2830,0.7754676342010498,0.7754676342010498,0.8588683009147644,0.8426376581192017,309.1029
2831,0.7752758264541626,0.7752758264541626,0.8586376309394836,0.8424064517021179,309.2147
2832,0.7750852704048157,0.7750852704048157,0.8584121465682983,0.8421803712844849,309.3085
2833,0.774893581867218,0.774893581867218,0.8581833839416504,0.8419512510299683,309.4016
2834,0.774703323841095,0.774703323841095,0.8579568862915039,0.8417242765426636,309.4978
2835,0.7745119333267212,0.7745119333267212,0.8577226400375366,0.8414896726608276,309.5954
2836,0.7743211984634399,0.7743211984634399,0.8574928045272827,0.8412594795227051,309.6939
2837,0.7741293907165527,0.7741293907165527,0.8572572469711304,0.8410236239433289,309.79
2838,0.7739381194114685,0.7739381194114685,0.8570270538330078,0.8407928347587585,309.8844
2839,0.7737487554550171,0.7737487554550171,0.8567976951599121,0.8405629396438599,309.9812
2840,0.7735567092895508,0.7735567092895508,0.8565678596496582,0.8403323888778687,310.0767
2841,0.7733646631240845,0.7733646631240845,0.8563381433486938,0.8401023149490356,310.1734
2842,0.7731741070747375,0.7731741070747375,0.8561073541641235,0.8398711085319519,310.27
2843,0.772983729839325,0.772983729839325,0.8558757901191711,0.8396393656730652,310.3654
2844,0.7727923393249512,0.7727923393249512,0.8556461334228516,0.8394092321395874,310.4608
2845,0.7726011872291565,0.7726011872291565,0.8554189801216125,0.8391815423965454,310.5533
2846,0.7724109888076782,0.7724109888076782,0.8551864624023438,0.8389485478401184,310.6542
2847,0.772220253944397,0.772220253944397,0.8549556732177734,0.8387173414230347,310.7475
2848,0.7720277905464172,0.7720277905464172,0.8547248840332031,0.8384861946105957,310.8451
2849,0.7718378305435181,0.7718378305435181,0.8544961810112,0.8382568359375,310.9398
2850,0.7716455459594727,0.7716455459594727,0.8542665243148804,0.8380267024040222,311.0357
2851,0.7714558243751526,0.7714558243751526,0.854036808013916,0.837796688079834,311.1323
2852,0.7712657451629639,0.7712657451629639,0.853805422782898,0.8375647664070129,311.2234
2853,0.7710747718811035,0.7710747718811035,0.8535747528076172,0.8373338580131531,311.3188
2854,0.7708834409713745,0.7708834409713745,0.8533406257629395,0.8370990753173828,311.4366
2855,0.7706937193870544,0.7706937193870544,0.8531109094619751,0.8368688821792603,311.5341
2856,0.770501971244812,0.770501971244812,0.8528833389282227,0.8366409540176392,311.6519
2857,0.7703105807304382,0.7703105807304382,0.8526557683944702,0.836412787437439,311.7529
2858,0.7701205611228943,0.7701205611228943,0.8524285554885864,0.836185097694397,311.8491
2859,0.7699292302131653,0.7699292302131653,0.8522030115127563,0.835959255695343,311.943
2860,0.7697378993034363,0.7697378993034363,0.8519731760025024,0.8357288241386414,312.0443
2861,0.769546389579773,0.769546389579773,0.8517362475395203,0.8354915380477905,312.141
2862,0.7693561315536499,0.7693561315536499,0.85150545835495,0.835260272026062,312.2428
2863,0.7691649794578552,0.7691649794578552,0.8512771725654602,0.8350316882133484,312.3423
2864,0.7689751386642456,0.7689751386642456,0.8510512113571167,0.8348050117492676,312.4375
2865,0.768783688545227,0.768783688545227,0.8508241772651672,0.8345775604248047,312.5856
2866,0.7685922384262085,0.7685922384262085,0.850594699382782,0.8343477249145508,312.692
2867,0.7684022188186646,0.7684022188186646,0.8503676652908325,0.8341200947761536,312.8038
2868,0.7682121992111206,0.7682121992111206,0.8501358032226562,0.8338878750801086,312.8984
2869,0.7680203318595886,0.7680203318595886,0.84990394115448,0.8336556553840637,312.9916
2870,0.7678307294845581,0.7678307294845581,0.8496753573417664,0.8334266543388367,313.0877
2871,0.7676386833190918,0.7676386833190918,0.8494435548782349,0.833194375038147,313.1914
2872,0.7674483060836792,0.7674483060836792,0.8492170572280884,0.8329672813415527,313.2898
2873,0.767256498336792,0.767256498336792,0.8489906191825867,0.8327406048774719,313.388
2874,0.7670665383338928,0.7670665383338928,0.8487626314163208,0.8325120806694031,313.4876
2875,0.7668755650520325,0.7668755650520325,0.8485314249992371,0.8322803378105164,313.599
2876,0.7666853070259094,0.7666853070259094,0.8482999801635742,0.8320485949516296,313.6977
2877,0.766495943069458,0.766495943069458,0.8480700254440308,0.8318181037902832,313.7918
2878,0.766303300857544,0.766303300857544,0.8478406667709351,0.8315882682800293,313.887
2879,0.7661128044128418,0.7661128044128418,0.8476123809814453,0.8313596844673157,313.9781
2880,0.7659224271774292,0.7659224271774292,0.8473836183547974,0.8311303853988647,314.0769
2881,0.7657321691513062,0.7657321691513062,0.8471559286117554,0.830902099609375,314.1742
2882,0.7655410766601562,0.7655410766601562,0.8469291925430298,0.830674946308136,314.2779
2883,0.7653506994247437,0.7653506994247437,0.846699595451355,0.8304449319839478,314.3769
2884,0.7651604413986206,0.7651604413986206,0.8464687466621399,0.8302136659622192,314.4709
2885,0.7649707794189453,0.7649707794189453,0.8462373614311218,0.8299819827079773,314.5836
2886,0.7647785544395447,0.7647785544395447,0.8460105657577515,0.8297542333602905,314.6822
2887,0.764587938785553,0.764587938785553,0.8457826375961304,0.8295261263847351,314.7811
2888,0.7643977403640747,0.7643977403640747,0.8455530405044556,0.8292959332466125,314.8888
2889,0.7642074227333069,0.7642074227333069,0.8453264236450195,0.8290689587593079,314.9871
2890,0.764015257358551,0.764015257358551,0.8450984954833984,0.8288406133651733,315.0997
2891,0.7638260126113892,0.7638260126113892,0.8448694348335266,0.8286112546920776,315.2081
2892,0.7636348605155945,0.7636348605155945,0.8446429967880249,0.8283842206001282,315.3173
2893,0.7634447813034058,0.7634447813034058,0.8444124460220337,0.8281530141830444,315.4119
2894,0.7632538080215454,0.7632538080215454,0.8441826105117798,0.8279229402542114,315.5553
2895,0.7630634903907776,0.7630634903907776,0.8439504504203796,0.8276903033256531,315.6705
2896,0.762872040271759,0.762872040271759,0.8437235951423645,0.8274629712104797,315.7737
2897,0.7626832127571106,0.7626832127571106,0.8434969782829285,0.8272356986999512,315.8743
2898,0.7624922394752502,0.7624922394752502,0.8432692289352417,0.8270076513290405,315.9665
2899,0.7623007893562317,0.7623007893562317,0.843043327331543,0.826781153678894,316.0703
2900,0.7621110081672668,0.7621110081672668,0.8428159952163696,0.8265533447265625,316.1692
2901,0.7619199752807617,0.7619199752807617,0.8425849676132202,0.8263221979141235,316.2693
2902,0.7617298364639282,0.7617298364639282,0.8423560857772827,0.8260928392410278,316.372
2903,0.7615389823913574,0.7615389823913574,0.8421283960342407,0.8258646130561829,316.4767
2904,0.7613488435745239,0.7613488435745239,0.8418992757797241,0.8256351351737976,316.5771
2905,0.7611578702926636,0.7611578702926636,0.8416745066642761,0.825410008430481,316.6783
2906,0.7609674334526062,0.7609674334526062,0.841446042060852,0.8251808285713196,316.7749
2907,0.7607774138450623,0.7607774138450623,0.8412164449691772,0.8249508142471313,316.8775
2908,0.7605875134468079,0.7605875134468079,0.840985119342804,0.8247191309928894,316.9853
2909,0.7603961229324341,0.7603961229324341,0.8407543897628784,0.8244878649711609,317.0811
2910,0.7602056860923767,0.7602056860923767,0.8405305743217468,0.8242633938789368,317.1981
2911,0.760015606880188,0.760015606880188,0.8403034210205078,0.8240358233451843,317.3544
2912,0.7598243951797485,0.7598243951797485,0.8400763273239136,0.823808491230011,317.491
2913,0.7596344351768494,0.7596344351768494,0.8398507237434387,0.8235822916030884,317.6049
2914,0.7594432830810547,0.7594432830810547,0.8396194577217102,0.8233506083488464,317.7198
2915,0.759253978729248,0.759253978729248,0.8393881916999817,0.8231189846992493,317.8266
2916,0.759062647819519,0.759062647819519,0.8391580581665039,0.8228882551193237,317.9436
2917,0.7588728666305542,0.7588728666305542,0.8389320373535156,0.8226617574691772,318.0455
2918,0.7586817741394043,0.7586817741394043,0.8387067914009094,0.8224359750747681,318.1599
2919,0.7584907412528992,0.7584907412528992,0.838479220867157,0.8222078084945679,318.276
2920,0.7583004236221313,0.7583004236221313,0.838254451751709,0.8219825625419617,318.3796
2921,0.7581106424331665,0.7581106424331665,0.8380268216133118,0.8217545747756958,318.4829
2922,0.7579198479652405,0.7579198479652405,0.8377957344055176,0.8215228915214539,318.5804
2923,0.757729709148407,0.757729709148407,0.8375682830810547,0.8212952613830566,318.6761
2924,0.7575396299362183,0.7575396299362183,0.8373419046401978,0.8210684657096863,318.7803
2925,0.7573493123054504,0.7573493123054504,0.8371165990829468,0.8208425641059875,318.8786
2926,0.7571583986282349,0.7571583986282349,0.836889922618866,0.8206154704093933,318.975
2927,0.7569684982299805,0.7569684982299805,0.8366628885269165,0.8203880190849304,319.0708
2928,0.7567777633666992,0.7567777633666992,0.8364313244819641,0.8201559782028198,319.1664
2929,0.756587028503418,0.756587028503418,0.8362078666687012,0.8199321031570435,319.2664
2930,0.7563977241516113,0.7563977241516113,0.83598393201828,0.8197075724601746,319.3668
2931,0.7562083601951599,0.7562083601951599,0.8357577323913574,0.8194808959960938,319.463
2932,0.7560166120529175,0.7560166120529175,0.8355283737182617,0.8192514181137085,319.5629
2933,0.7558267116546631,0.7558267116546631,0.8352958559989929,0.8190181851387024,319.6654
2934,0.7556370496749878,0.7556370496749878,0.8350697755813599,0.8187917470932007,319.7658
2935,0.7554457783699036,0.7554457783699036,0.834843635559082,0.8185651898384094,319.859
2936,0.7552552819252014,0.7552552819252014,0.8346177935600281,0.8183387517929077,319.9917
2937,0.7550649642944336,0.7550649642944336,0.8343906402587891,0.8181113004684448,320.1083
2938,0.7548754811286926,0.7548754811286926,0.8341625332832336,0.8178827166557312,320.2188
2939,0.7546844482421875,0.7546844482421875,0.8339333534240723,0.8176533579826355,320.3233
2940,0.7544938325881958,0.7544938325881958,0.8337059020996094,0.8174251317977905,320.4383
2941,0.7543022632598877,0.7543022632598877,0.8334795236587524,0.8171981573104858,320.5387
2942,0.7541142702102661,0.7541142702102661,0.8332548141479492,0.8169729113578796,320.6362
2943,0.753923237323761,0.753923237323761,0.8330270051956177,0.8167446851730347,320.7458
2944,0.7537323236465454,0.7537323236465454,0.8328000903129578,0.8165173530578613,320.8418
2945,0.7535430788993835,0.7535430788993835,0.8325702548027039,0.8162870407104492,320.9403
2946,0.7533519268035889,0.7533519268035889,0.8323438763618469,0.8160602450370789,321.0423
2947,0.7531617879867554,0.7531617879867554,0.8321182131767273,0.8158341646194458,321.1376
2948,0.7529726624488831,0.7529726624488831,0.8318947553634644,0.8156102895736694,321.2318
2949,0.7527818083763123,0.7527818083763123,0.8316647410392761,0.8153797388076782,321.3342
2950,0.7525914907455444,0.7525914907455444,0.8314372897148132,0.8151519894599915,321.4292
2951,0.7524014711380005,0.7524014711380005,0.8312091827392578,0.8149231672286987,321.5256
2952,0.7522109746932983,0.7522109746932983,0.8309855461120605,0.8146990537643433,321.6226
2953,0.7520217895507812,0.7520217895507812,0.8307595252990723,0.8144725561141968,321.7184
2954,0.751831591129303,0.751831591129303,0.830533504486084,0.8142460584640503,321.8167
2955,0.7516404986381531,0.7516404986381531,0.8303060531616211,0.8140182495117188,321.9188
2956,0.7514507174491882,0.7514507174491882,0.8300756216049194,0.8137873411178589,322.0145
2957,0.751259982585907,0.751259982585907,0.8298476934432983,0.8135590553283691,322.116
2958,0.7510693669319153,0.7510693669319153,0.829621434211731,0.813332200050354,322.2222
2959,0.7508789300918579,0.7508789300918579,0.82939612865448,0.8131063580513,322.3162
2960,0.7506909370422363,0.7506909370422363,0.8291711807250977,0.8128808736801147,322.4187
2961,0.7504993677139282,0.7504993677139282,0.8289468884468079,0.8126561045646667,322.5217
2962,0.7503082156181335,0.7503082156181335,0.8287202715873718,0.8124291300773621,322.6175
2963,0.7501198053359985,0.7501198053359985,0.8284944295883179,0.8122029304504395,322.729
2964,0.7499286532402039,0.7499286532402039,0.8282685279846191,0.811976432800293,322.8261
2965,0.7497390508651733,0.7497390508651733,0.8280425071716309,0.811750054359436,322.9237
2966,0.7495487928390503,0.7495487928390503,0.8278156518936157,0.8115226626396179,323.0173
2967,0.749359667301178,0.749359667301178,0.8275898098945618,0.8112965822219849,323.1144
2968,0.7491689920425415,0.7491689920425415,0.8273657560348511,0.8110718727111816,323.2141
2969,0.7489792704582214,0.7489792704582214,0.8271393775939941,0.810844898223877,323.3079
2970,0.7487874031066895,0.7487874031066895,0.8269109725952148,0.8106163144111633,323.409
2971,0.7485975623130798,0.7485975623130798,0.8266843557357788,0.8103891611099243,323.5174
2972,0.7484083771705627,0.7484083771705627,0.8264585733413696,0.8101627230644226,323.6266
2973,0.7482181787490845,0.7482181787490845,0.8262349367141724,0.8099386096000671,323.7567
2974,0.7480282783508301,0.7480282783508301,0.8260082006454468,0.8097114562988281,323.8752
2975,0.747837245464325,0.747837245464325,0.8257824778556824,0.809485137462616,323.9848
2976,0.7476481199264526,0.7476481199264526,0.825555682182312,0.8092581033706665,324.0935
2977,0.7474579215049744,0.7474579215049744,0.8253278732299805,0.809029757976532,324.1918
2978,0.7472676038742065,0.7472676038742065,0.8251010179519653,0.8088023066520691,324.2872
2979,0.7470771670341492,0.7470771670341492,0.8248745203018188,0.8085756301879883,324.3838
2980,0.7468874454498291,0.7468874454498291,0.824651837348938,0.8083521723747253,324.4823
2981,0.7466979026794434,0.7466979026794434,0.8244277834892273,0.808127760887146,324.5752
2982,0.7465083003044128,0.7465083003044128,0.8242018818855286,0.8079015016555786,324.6688
2983,0.7463167905807495,0.7463167905807495,0.8239766359329224,0.8076757192611694,324.7632
2984,0.7461280822753906,0.7461280822753906,0.8237516283988953,0.8074501752853394,324.859
2985,0.7459369897842407,0.7459369897842407,0.8235260844230652,0.8072242736816406,324.9516
2986,0.7457470893859863,0.7457470893859863,0.823298454284668,0.8069959878921509,325.0443
2987,0.7455571293830872,0.7455571293830872,0.8230703473091125,0.8067672848701477,325.1377
2988,0.7453685402870178,0.7453685402870178,0.8228458166122437,0.8065423965454102,325.2338
2989,0.745177149772644,0.745177149772644,0.8226214647293091,0.8063175082206726,325.3328
2990,0.7449870109558105,0.7449870109558105,0.8223968744277954,0.8060928583145142,325.4385
2991,0.7447978258132935,0.7447978258132935,0.8221732974052429,0.8058686256408691,325.5369
2992,0.7446080446243286,0.7446080446243286,0.8219487071037292,0.8056434392929077,325.6349
2993,0.7444175481796265,0.7444175481796265,0.8217220306396484,0.8054164052009583,325.7341
2994,0.7442277669906616,0.7442277669906616,0.8214946985244751,0.805188775062561,325.8333
2995,0.7440366744995117,0.7440366744995117,0.8212639093399048,0.8049572706222534,325.9313
2996,0.7438486814498901,0.7438486814498901,0.8210439682006836,0.8047369718551636,326.0299
2997,0.7436577081680298,0.7436577081680298,0.8208211064338684,0.8045134544372559,326.1267
2998,0.7434684634208679,0.7434684634208679,0.8205944299697876,0.8042863607406616,326.2274
2999,0.7432770729064941,0.7432770729064941,0.8203665614128113,0.8040580749511719,326.3251
3000,0.7430877685546875,0.7430877685546875,0.8201376795768738,0.8038287162780762,326.4335
3001,0.7428975701332092,0.7428975701332092,0.8199114799499512,0.8036019206047058,326.5411
3002,0.7427077293395996,0.7427077293395996,0.8196876645088196,0.8033777475357056,326.6439
3003,0.7425184845924377,0.7425184845924377,0.8194654583930969,0.8031550645828247,326.7532
3004,0.7423276901245117,0.7423276901245117,0.8192418813705444,0.8029307126998901,326.8602
3005,0.7421377301216125,0.7421377301216125,0.8190194964408875,0.8027079701423645,326.9694
3006,0.7419475317001343,0.7419475317001343,0.8187934756278992,0.802481472492218,327.0801
3007,0.7417587041854858,0.7417587041854858,0.8185660243034363,0.8022537231445312,327.1839
3008,0.7415679693222046,0.7415679693222046,0.8183372616767883,0.8020246624946594,327.2866
3009,0.7413772344589233,0.7413772344589233,0.8181120157241821,0.801798939704895,327.3897
3010,0.7411878108978271,0.7411878108978271,0.8178881406784058,0.8015745282173157,327.492
3011,0.7409981489181519,0.7409981489181519,0.8176671266555786,0.8013527989387512,327.5862
3012,0.7408069372177124,0.7408069372177124,0.8174465298652649,0.8011314272880554,327.6808
3013,0.7406175136566162,0.7406175136566162,0.8172211647033691,0.8009058237075806,327.7802
3014,0.7404292821884155,0.7404292821884155,0.816994845867157,0.800679087638855,327.876
3015,0.7402388453483582,0.7402388453483582,0.8167687654495239,0.8004524111747742,327.9854
3016,0.7400490045547485,0.7400490045547485,0.8165415525436401,0.8002249598503113,328.2765
3017,0.7398589849472046,0.7398589849472046,0.8163169026374817,0.7999998927116394,329.1673
3018,0.7396693825721741,0.7396693825721741,0.8160945773124695,0.7997769117355347,329.4957
3019,0.7394787669181824,0.7394787669181824,0.8158693313598633,0.7995513677597046,329.7492
3020,0.7392890453338623,0.7392890453338623,0.8156460523605347,0.7993274927139282,329.8838
3021,0.7390992641448975,0.7390992641448975,0.8154214024543762,0.7991023659706116,330.0073
3022,0.7389094233512878,0.7389094233512878,0.8151944279670715,0.7988748550415039,330.143
3023,0.7387191653251648,0.7387191653251648,0.8149665594100952,0.7986468076705933,330.2688
3024,0.7385298609733582,0.7385298609733582,0.8147409558296204,0.7984206080436707,330.3798
3025,0.7383405566215515,0.7383405566215515,0.8145170211791992,0.798196017742157,330.4892
3026,0.7381495237350464,0.7381495237350464,0.8142945170402527,0.7979732751846313,330.5873
3027,0.7379599213600159,0.7379599213600159,0.814071536064148,0.7977497577667236,330.6839
3028,0.737771213054657,0.737771213054657,0.8138483762741089,0.797525942325592,330.7804
3029,0.7375794053077698,0.7375794053077698,0.813625693321228,0.7973027229309082,330.8768
3030,0.7373896837234497,0.7373896837234497,0.813402533531189,0.7970792651176453,330.9715
3031,0.7372003793716431,0.7372003793716431,0.8131758570671082,0.796852171421051,331.0672
3032,0.7370098829269409,0.7370098829269409,0.8129512667655945,0.7966269850730896,331.1654
3033,0.7368203997612,0.7368203997612,0.8127266764640808,0.7964020371437073,331.2597
3034,0.7366300821304321,0.7366300821304321,0.8125025033950806,0.7961772680282593,331.3595
3035,0.7364406585693359,0.7364406585693359,0.8122768402099609,0.7959511280059814,331.46
3036,0.7362509965896606,0.7362509965896606,0.8120538592338562,0.7957278490066528,331.5694
3037,0.7360605001449585,0.7360605001449585,0.8118298649787903,0.7955031991004944,331.6678
3038,0.7358721494674683,0.7358721494674683,0.8116048574447632,0.7952777743339539,331.7757
3039,0.7356823682785034,0.7356823682785034,0.8113825917243958,0.7950548529624939,331.8771
3040,0.7354923486709595,0.7354923486709595,0.8111571073532104,0.7948288917541504,331.9693
3041,0.7353018522262573,0.7353018522262573,0.8109334707260132,0.7946047186851501,332.0639
3042,0.7351125478744507,0.7351125478744507,0.8107069730758667,0.7943779230117798,332.1613
3043,0.7349234819412231,0.7349234819412231,0.8104844093322754,0.7941548228263855,332.2666
3044,0.734732985496521,0.734732985496521,0.810259997844696,0.793929934501648,332.3918
3045,0.7345429062843323,0.7345429062843323,0.8100383877754211,0.7937079071998596,332.4962
3046,0.734354555606842,0.734354555606842,0.8098161816596985,0.7934850454330444,332.596
3047,0.7341638803482056,0.7341638803482056,0.8095933794975281,0.7932618856430054,332.6914
3048,0.7339733839035034,0.7339733839035034,0.8093679547309875,0.7930358648300171,332.7879
3049,0.7337839007377625,0.7337839007377625,0.8091424107551575,0.7928098440170288,332.9001
3050,0.7335942387580872,0.7335942387580872,0.8089178204536438,0.792585015296936,333.0245
3051,0.7334039807319641,0.7334039807319641,0.8086944818496704,0.7923610806465149,333.1505
3052,0.7332146167755127,0.7332146167755127,0.8084735870361328,0.7921396493911743,333.2738
3053,0.7330238819122314,0.7330238819122314,0.8082496523857117,0.7919151186943054,333.3783
3054,0.7328354716300964,0.7328354716300964,0.8080270886421204,0.7916920781135559,333.4863
3055,0.7326458692550659,0.7326458692550659,0.8078053593635559,0.7914698719978333,333.5874
3056,0.7324551343917847,0.7324551343917847,0.8075806498527527,0.7912448048591614,333.9475
3057,0.732265830039978,0.732265830039978,0.8073549270629883,0.7910186648368835,334.0948
3058,0.73207688331604,0.73207688331604,0.8071308135986328,0.7907940745353699,334.4907
3059,0.7318866848945618,0.7318866848945618,0.8069065809249878,0.7905692458152771,334.6584
3060,0.7316967248916626,0.7316967248916626,0.8066824078559875,0.7903447151184082,334.7949
3061,0.7315066456794739,0.7315066456794739,0.8064596056938171,0.7901211977005005,334.9161
3062,0.7313165664672852,0.7313165664672852,0.8062368631362915,0.7898979187011719,335.0225
3063,0.731127917766571,0.731127917766571,0.8060134649276733,0.7896739840507507,335.121
3064,0.7309376001358032,0.7309376001358032,0.8057901263237,0.7894501686096191,335.2193
3065,0.7307484745979309,0.7307484745979309,0.8055663108825684,0.7892259359359741,335.3218
3066,0.7305572032928467,0.7305572032928467,0.8053426742553711,0.7890018820762634,335.4288
3067,0.7303680777549744,0.7303680777549744,0.8051193952560425,0.7887781262397766,335.5396
3068,0.7301791310310364,0.7301791310310364,0.8048940896987915,0.7885522842407227,335.6436
3069,0.729989230632782,0.729989230632782,0.8046692609786987,0.7883270382881165,335.75
3070,0.7297996878623962,0.7297996878623962,0.804449200630188,0.7881063222885132,335.8531
3071,0.729608952999115,0.729608952999115,0.8042270541191101,0.7878838181495667,335.9597
3072,0.7294198274612427,0.7294198274612427,0.8040070533752441,0.7876631021499634,336.0642
3073,0.7292306423187256,0.7292306423187256,0.803784966468811,0.7874405980110168,336.1632
3074,0.7290407419204712,0.7290407419204712,0.8035625219345093,0.7872177362442017,336.2647
3075,0.7288503050804138,0.7288503050804138,0.8033384084701538,0.7869930267333984,336.3712
3076,0.7286602258682251,0.7286602258682251,0.803112804889679,0.786767303943634,336.4718
3077,0.7284708023071289,0.7284708023071289,0.8028887510299683,0.7865427732467651,336.5745
3078,0.72828209400177,0.72828209400177,0.8026650547981262,0.7863184809684753,336.6807
3079,0.7280917167663574,0.7280917167663574,0.8024448156356812,0.7860976457595825,336.7845
3080,0.7279017567634583,0.7279017567634583,0.8022235631942749,0.7858758568763733,336.8892
3081,0.7277117967605591,0.7277117967605591,0.8019990921020508,0.785650908946991,336.9977
3082,0.727522611618042,0.727522611618042,0.8017755746841431,0.7854267954826355,337.1116
3083,0.7273335456848145,0.7273335456848145,0.8015508651733398,0.7852017879486084,337.2213
3084,0.7271437644958496,0.7271437644958496,0.8013286590576172,0.7849788665771484,337.3325
3085,0.726953387260437,0.726953387260437,0.8011077642440796,0.7847577333450317,337.4367
3086,0.7267622351646423,0.7267622351646423,0.8008842468261719,0.7845333814620972,337.5404
3087,0.7265738248825073,0.7265738248825073,0.800662636756897,0.7843114137649536,337.6467
3088,0.7263840436935425,0.7263840436935425,0.8004406690597534,0.7840890288352966,337.7504
3089,0.7261952757835388,0.7261952757835388,0.8002160787582397,0.7838640809059143,337.8541
3090,0.7260054349899292,0.7260054349899292,0.7999911308288574,0.783638596534729,337.9608
3091,0.7258156538009644,0.7258156538009644,0.7997702360153198,0.7834171056747437,338.0758
3092,0.725624680519104,0.725624680519104,0.7995479106903076,0.7831942439079285,338.1816
3093,0.725435733795166,0.725435733795166,0.7993260622024536,0.7829718589782715,338.2832
3094,0.7252463102340698,0.7252463102340698,0.7991069555282593,0.7827522158622742,338.386
3095,0.7250569462776184,0.7250569462776184,0.7988864183425903,0.7825310826301575,338.4849
3096,0.7248669862747192,0.7248669862747192,0.7986608743667603,0.7823053002357483,338.586
3097,0.7246778607368469,0.7246778607368469,0.7984354496002197,0.7820793986320496,338.7371
3098,0.7244883179664612,0.7244883179664612,0.7982116937637329,0.7818552255630493,338.8462
3099,0.7242988348007202,0.7242988348007202,0.7979925870895386,0.781635582447052,338.9483
3100,0.7241078615188599,0.7241078615188599,0.7977745532989502,0.7814167737960815,339.0545
3101,0.7239179611206055,0.7239179611206055,0.7975524067878723,0.7811942100524902,339.1637
3102,0.7237296104431152,0.7237296104431152,0.7973295450210571,0.7809709310531616,339.2593
3103,0.7235389947891235,0.7235389947891235,0.7971073985099792,0.7807482481002808,339.3681
3104,0.7233495116233826,0.7233495116233826,0.7968851923942566,0.7805255055427551,339.4858
3105,0.7231607437133789,0.7231607437133789,0.7966589331626892,0.7802988886833191,339.5922
3106,0.7229706048965454,0.7229706048965454,0.7964361906051636,0.7800756692886353,339.7269
3107,0.7227810025215149,0.7227810025215149,0.7962170839309692,0.7798560261726379,339.8358
3108,0.7225909233093262,0.7225909233093262,0.7959936857223511,0.7796320915222168,339.9432
3109,0.7224017381668091,0.7224017381668091,0.7957700490951538,0.7794078588485718,340.0506
3110,0.7222119569778442,0.7222119569778442,0.7955493927001953,0.7791867256164551,340.1598
3111,0.722022294998169,0.722022294998169,0.7953276634216309,0.7789645195007324,340.2739
3112,0.7218323945999146,0.7218323945999146,0.7951059341430664,0.778742253780365,340.3832
3113,0.7216431498527527,0.7216431498527527,0.7948826551437378,0.7785184383392334,340.5942
3114,0.7214528322219849,0.7214528322219849,0.7946625351905823,0.7782977819442749,340.7602
3115,0.7212640047073364,0.7212640047073364,0.794440746307373,0.7780756950378418,340.8713
3116,0.7210744619369507,0.7210744619369507,0.7942188382148743,0.7778531908988953,340.9858
3117,0.7208843231201172,0.7208843231201172,0.7939976453781128,0.7776315808296204,341.635
3118,0.7206953763961792,0.7206953763961792,0.7937765121459961,0.7774098515510559,341.7863
3119,0.7205060720443726,0.7205060720443726,0.7935534715652466,0.7771862745285034,341.9153
3120,0.7203145623207092,0.7203145623207092,0.7933306097984314,0.77696293592453,342.0312
3121,0.720125675201416,0.720125675201416,0.7931075096130371,0.7767395377159119,342.1462
3122,0.7199364900588989,0.7199364900588989,0.7928858399391174,0.7765171527862549,342.268
3123,0.7197459936141968,0.7197459936141968,0.7926629781723022,0.7762938141822815,342.4063
3124,0.719557523727417,0.719557523727417,0.7924442291259766,0.7760745286941528,342.5206
3125,0.719366729259491,0.719366729259491,0.792221188545227,0.7758508920669556,342.6356
3126,0.7191777229309082,0.7191777229309082,0.7920001745223999,0.7756294012069702,342.741
3127,0.7189892530441284,0.7189892530441284,0.7917797565460205,0.7754084467887878,342.8527
3128,0.7187984585762024,0.7187984585762024,0.7915548086166382,0.7751830220222473,342.9543
3129,0.7186082601547241,0.7186082601547241,0.791336178779602,0.7749638557434082,343.0599
3130,0.7184191942214966,0.7184191942214966,0.7911156415939331,0.7747429013252258,343.1661
3131,0.7182292342185974,0.7182292342185974,0.7908935546875,0.7745203971862793,343.2762
3132,0.7180399894714355,0.7180399894714355,0.7906734347343445,0.7742997407913208,343.3821
3133,0.7178509831428528,0.7178509831428528,0.7904535531997681,0.7740793228149414,343.5928
3134,0.717659592628479,0.717659592628479,0.7902306318283081,0.7738560438156128,343.6939
3135,0.7174710631370544,0.7174710631370544,0.7900091409683228,0.7736339569091797,343.7965
3136,0.7172819375991821,0.7172819375991821,0.7897890210151672,0.7734131813049316,343.8961
3137,0.7170920968055725,0.7170920968055725,0.789568305015564,0.7731919884681702,343.9967
3138,0.7169030904769897,0.7169030904769897,0.7893449664115906,0.7729681134223938,344.0901
3139,0.7167127132415771,0.7167127132415771,0.789125382900238,0.7727479338645935,344.1802
3140,0.7165228724479675,0.7165228724479675,0.7889009714126587,0.772523045539856,344.2766
3141,0.716334342956543,0.716334342956543,0.7886799573898315,0.7723017930984497,344.3748
3142,0.7161444425582886,0.7161444425582886,0.7884597182273865,0.7720810174942017,344.4742
3143,0.7159557342529297,0.7159557342529297,0.788242518901825,0.7718631029129028,344.5697
3144,0.7157646417617798,0.7157646417617798,0.7880209684371948,0.7716412544250488,344.6742
3145,0.7155753374099731,0.7155753374099731,0.7877979278564453,0.7714177370071411,344.7757
3146,0.7153863310813904,0.7153863310813904,0.7875765562057495,0.7711957097053528,344.8707
3147,0.7151952385902405,0.7151952385902405,0.7873545289039612,0.7709732055664062,344.9645
3148,0.7150059938430786,0.7150059938430786,0.7871330380439758,0.7707512974739075,345.0652
3149,0.7148159146308899,0.7148159146308899,0.7869123816490173,0.7705299258232117,345.1627
3150,0.7146280407905579,0.7146280407905579,0.7866930365562439,0.7703099250793457,345.2572
3151,0.7144381403923035,0.7144381403923035,0.7864722013473511,0.770088791847229,345.3635
3152,0.7142481803894043,0.7142481803894043,0.7862511873245239,0.7698670625686646,345.4668
3153,0.7140581011772156,0.7140581011772156,0.7860326766967773,0.7696481943130493,345.5656
3154,0.7138687372207642,0.7138687372207642,0.7858101725578308,0.769425094127655,345.6697
3155,0.7136794328689575,0.7136794328689575,0.7855892181396484,0.7692038416862488,345.7702
3156,0.7134906053543091,0.7134906053543091,0.7853686213493347,0.7689827680587769,345.8621
3157,0.7132997512817383,0.7132997512817383,0.7851481437683105,0.7687617540359497,345.9583
3158,0.7131110429763794,0.7131110429763794,0.7849310636520386,0.7685440182685852,346.0524
3159,0.7129210829734802,0.7129210829734802,0.7847092747688293,0.768321692943573,346.1512
3160,0.7127318382263184,0.7127318382263184,0.7844870090484619,0.7680988311767578,346.2495
3161,0.7125418782234192,0.7125418782234192,0.7842634320259094,0.7678747773170471,346.3468
3162,0.7123520374298096,0.7123520374298096,0.7840448617935181,0.7676559090614319,346.4409
3163,0.7121622562408447,0.7121622562408447,0.7838208079338074,0.7674311399459839,346.549
3164,0.7119737863540649,0.7119737863540649,0.7836036086082458,0.7672134637832642,346.6573
3165,0.7117835283279419,0.7117835283279419,0.7833839654922485,0.7669931054115295,346.8043
3166,0.7115936279296875,0.7115936279296875,0.78316330909729,0.7667720913887024,346.9104
3167,0.7114045023918152,0.7114045023918152,0.7829419374465942,0.7665501832962036,347.0125
3168,0.7112151384353638,0.7112151384353638,0.7827204465866089,0.7663283348083496,347.1123
3169,0.7110254168510437,0.7110254168510437,0.7825003862380981,0.7661076784133911,347.2076
3170,0.7108359336853027,0.7108359336853027,0.782281756401062,0.7658885717391968,347.3061
3171,0.710645318031311,0.710645318031311,0.7820612192153931,0.7656675577163696,347.42
3172,0.7104564309120178,0.7104564309120178,0.7818402051925659,0.76544588804245,347.5368
3173,0.7102672457695007,0.7102672457695007,0.7816199064254761,0.7652250528335571,347.6416
3174,0.7100778818130493,0.7100778818130493,0.7814022302627563,0.7650066614151001,347.7465
3175,0.7098879814147949,0.7098879814147949,0.78117835521698,0.7647824287414551,347.8445
3176,0.7096991539001465,0.7096991539001465,0.780958354473114,0.7645617723464966,347.949
3177,0.7095087766647339,0.7095087766647339,0.7807384729385376,0.764341413974762,348.0444
3178,0.7093189358711243,0.7093189358711243,0.780519962310791,0.7641221284866333,348.1407
3179,0.7091301679611206,0.7091301679611206,0.7803019285202026,0.7639037370681763,348.2367
3180,0.7089400291442871,0.7089400291442871,0.780083954334259,0.7636853456497192,348.3313
3181,0.7087507247924805,0.7087507247924805,0.7798625826835632,0.7634634971618652,348.4288
3182,0.7085615396499634,0.7085615396499634,0.7796398401260376,0.7632404565811157,348.5196
3183,0.708370566368103,0.708370566368103,0.7794179916381836,0.7630181908607483,348.6142
3184,0.7081810832023621,0.7081810832023621,0.7792022824287415,0.7628016471862793,348.7177
3185,0.7079916000366211,0.7079916000366211,0.7789871096611023,0.7625856399536133,348.813
3186,0.7078019380569458,0.7078019380569458,0.7787653207778931,0.7623634338378906,348.914
3187,0.7076123952865601,0.7076123952865601,0.7785429954528809,0.7621407508850098,349.0132
3188,0.7074233293533325,0.7074233293533325,0.7783199548721313,0.761917233467102,349.114
3189,0.7072336077690125,0.7072336077690125,0.7781001925468445,0.7616971135139465,349.2202
3190,0.707043468952179,0.707043468952179,0.7778791785240173,0.7614754438400269,349.318
3191,0.7068545818328857,0.7068545818328857,0.7776607275009155,0.761256217956543,349.4079
3192,0.7066642642021179,0.7066642642021179,0.7774419784545898,0.7610369920730591,349.5066
3193,0.7064762115478516,0.7064762115478516,0.7772234082221985,0.76081782579422,349.6022
3194,0.7062867283821106,0.7062867283821106,0.777003288269043,0.7605972290039062,349.6964
3195,0.7060959935188293,0.7060959935188293,0.7767848968505859,0.7603784799575806,349.789
3196,0.7059071660041809,0.7059071660041809,0.7765626311302185,0.7601556181907654,349.8806
3197,0.7057175040245056,0.7057175040245056,0.7763439416885376,0.7599363327026367,349.9747
3198,0.7055276036262512,0.7055276036262512,0.7761246562004089,0.7597166895866394,350.0701
3199,0.7053380608558655,0.7053380608558655,0.7759047746658325,0.7594960927963257,350.1699
3200,0.7051481008529663,0.7051481008529663,0.7756864428520203,0.75927734375,350.2852
3201,0.7049583196640015,0.7049583196640015,0.7754684686660767,0.7590585947036743,350.4036
3202,0.7047699689865112,0.7047699689865112,0.7752487063407898,0.7588386535644531,350.509
3203,0.7045785784721375,0.7045785784721375,0.7750290632247925,0.7586182355880737,350.61
3204,0.7043903470039368,0.7043903470039368,0.7748090028762817,0.7583977580070496,350.7494
3205,0.7042003273963928,0.7042003273963928,0.7745895981788635,0.7581777572631836,350.9321
3206,0.704011082649231,0.704011082649231,0.7743720412254333,0.7579594850540161,351.0313
3207,0.7038202285766602,0.7038202285766602,0.7741538286209106,0.7577409744262695,351.1697
3208,0.703632116317749,0.703632116317749,0.7739359140396118,0.7575224041938782,351.4271
3209,0.7034422159194946,0.7034422159194946,0.7737143039703369,0.7573003172874451,351.7515
3210,0.7032528519630432,0.7032528519630432,0.7734918594360352,0.7570773959159851,351.8909
3211,0.703062117099762,0.703062117099762,0.7732716202735901,0.7568566203117371,352.002
3212,0.7028738260269165,0.7028738260269165,0.7730520963668823,0.7566365003585815,352.1195
3213,0.7026834487915039,0.7026834487915039,0.7728362083435059,0.7564200162887573,352.2346
3214,0.7024929523468018,0.7024929523468018,0.772617518901825,0.7562007308006287,352.3422
3215,0.7023035883903503,0.7023035883903503,0.7723992466926575,0.7559818029403687,352.4432
3216,0.7021158337593079,0.7021158337593079,0.7721803188323975,0.75576251745224,352.5417
3217,0.7019259333610535,0.7019259333610535,0.7719599008560181,0.7555413246154785,352.6419
3218,0.7017355561256409,0.7017355561256409,0.7717377543449402,0.7553189396858215,352.7457
3219,0.7015455961227417,0.7015455961227417,0.7715204954147339,0.7551010847091675,352.8878
3220,0.7013578414916992,0.7013578414916992,0.771302342414856,0.7548822164535522,352.9911
3221,0.7011672854423523,0.7011672854423523,0.7710853815078735,0.7546648979187012,353.1071
3222,0.7009777426719666,0.7009777426719666,0.7708669900894165,0.7544459104537964,353.2136
3223,0.7007876634597778,0.7007876634597778,0.7706514596939087,0.754229724407196,353.312
3224,0.7005994319915771,0.7005994319915771,0.7704318761825562,0.7540098428726196,353.413
3225,0.700408399105072,0.700408399105072,0.7702111005783081,0.7537885308265686,353.5634
3226,0.7002192735671997,0.7002192735671997,0.7699912786483765,0.7535680532455444,353.6697
3227,0.7000302672386169,0.7000302672386169,0.7697705626487732,0.7533468008041382,353.7761
3228,0.6998409032821655,0.6998409032821655,0.7695549726486206,0.7531305551528931,353.8742
3229,0.6996502876281738,0.6996502876281738,0.7693378925323486,0.7529129981994629,353.9691
3230,0.6994605660438538,0.6994605660438538,0.7691183090209961,0.7526928782463074,354.0667
3231,0.6992707252502441,0.6992707252502441,0.7688997387886047,0.752473771572113,354.1638
3232,0.6990821361541748,0.6990821361541748,0.7686830759048462,0.7522566914558411,354.2578
3233,0.6988925933837891,0.6988925933837891,0.7684586644172668,0.7520318031311035,354.3544
3234,0.6987022161483765,0.6987022161483765,0.7682414054870605,0.7518137693405151,354.4542
3235,0.6985132694244385,0.6985132694244385,0.7680231928825378,0.751595139503479,354.5548
3236,0.698323130607605,0.698323130607605,0.7678054571151733,0.7513768076896667,354.652
3237,0.6981331706047058,0.6981331706047058,0.7675884366035461,0.7511590719223022,354.7467
3238,0.697945237159729,0.697945237159729,0.7673711776733398,0.7509413957595825,354.8418
3239,0.6977552175521851,0.6977552175521851,0.7671535611152649,0.7507231831550598,354.9417
3240,0.6975648999214172,0.6975648999214172,0.7669323086738586,0.7505014538764954,355.0439
3241,0.6973758935928345,0.6973758935928345,0.7667132616043091,0.7502817511558533,355.1573
3242,0.6971864104270935,0.6971864104270935,0.7664965391159058,0.7500645518302917,355.2717
3243,0.6969966888427734,0.6969966888427734,0.7662767171859741,0.7498441934585571,355.3893
3244,0.6968066096305847,0.6968066096305847,0.7660591006278992,0.7496260404586792,355.5067
3245,0.6966177225112915,0.6966177225112915,0.765843391418457,0.7494096755981445,355.6222
3246,0.6964277029037476,0.6964277029037476,0.7656271457672119,0.7491928339004517,355.7347
3247,0.6962369084358215,0.6962369084358215,0.7654076814651489,0.7489727735519409,355.8403
3248,0.6960487365722656,0.6960487365722656,0.7651878595352173,0.7487526535987854,355.9378
3249,0.6958587169647217,0.6958587169647217,0.7649682760238647,0.7485324144363403,356.0369
3250,0.6956695914268494,0.6956695914268494,0.7647530436515808,0.7483166456222534,356.1435
3251,0.6954790949821472,0.6954790949821472,0.7645339369773865,0.7480970621109009,356.2449
3252,0.6952899098396301,0.6952899098396301,0.7643153667449951,0.7478778958320618,356.3482
3253,0.6951001882553101,0.6951001882553101,0.7640964388847351,0.7476582527160645,356.4551
3254,0.6949110627174377,0.6949110627174377,0.7638823390007019,0.7474435567855835,356.5626
3255,0.6947219967842102,0.6947219967842102,0.7636624574661255,0.7472230792045593,356.6671
3256,0.6945325136184692,0.6945325136184692,0.7634447813034058,0.7470048666000366,356.7658
3257,0.6943408250808716,0.6943408250808716,0.763224720954895,0.7467843890190125,356.8592
3258,0.6941521763801575,0.6941521763801575,0.7630048990249634,0.7465638518333435,356.955
3259,0.6939619183540344,0.6939619183540344,0.7627881169319153,0.7463465929031372,357.0512
3260,0.693773627281189,0.693773627281189,0.7625724673271179,0.7461303472518921,357.1512
3261,0.6935827732086182,0.6935827732086182,0.7623552083969116,0.7459125518798828,357.2557
3262,0.6933958530426025,0.6933958530426025,0.7621389627456665,0.7456954717636108,357.3605
3263,0.6932050585746765,0.6932050585746765,0.7619223594665527,0.7454783320426941,357.4592
3264,0.6930148005485535,0.6930148005485535,0.7617044448852539,0.7452599406242371,357.557
3265,0.6928250193595886,0.6928250193595886,0.7614871263504028,0.7450422048568726,357.6588
3266,0.6926348805427551,0.6926348805427551,0.7612676620483398,0.7448221445083618,357.7665
3267,0.6924446821212769,0.6924446821212769,0.7610474824905396,0.7446014285087585,357.8776
3268,0.6922571659088135,0.6922571659088135,0.7608315944671631,0.7443850636482239,357.9794
3269,0.6920670866966248,0.6920670866966248,0.7606168389320374,0.7441695928573608,358.0798
3270,0.6918769478797913,0.6918769478797913,0.7603986263275146,0.7439507246017456,358.1792
3271,0.6916887164115906,0.6916887164115906,0.7601819038391113,0.7437335252761841,358.2822
3272,0.691497802734375,0.691497802734375,0.7599655985832214,0.7435165643692017,358.388
3273,0.6913079023361206,0.6913079023361206,0.7597480416297913,0.7432984113693237,358.4868
3274,0.691118061542511,0.691118061542511,0.7595309019088745,0.743080735206604,358.5856
3275,0.6909288763999939,0.6909288763999939,0.759311854839325,0.7428611516952515,358.6899
3276,0.6907396912574768,0.6907396912574768,0.7590950727462769,0.7426438927650452,358.7943
3277,0.6905495524406433,0.6905495524406433,0.7588785886764526,0.7424266934394836,358.9007
3278,0.6903603672981262,0.6903603672981262,0.7586636543273926,0.7422113418579102,359.0081
3279,0.6901700496673584,0.6901700496673584,0.7584465742111206,0.7419936656951904,359.1162
3280,0.6899809837341309,0.6899809837341309,0.7582291960716248,0.741775631904602,359.2227
3281,0.6897909045219421,0.6897909045219421,0.7580103874206543,0.7415563464164734,359.3205
3282,0.6896018385887146,0.6896018385887146,0.7577902674674988,0.7413356304168701,359.4218
3283,0.6894114017486572,0.6894114017486572,0.7575727701187134,0.7411176562309265,359.5263
3284,0.6892223954200745,0.6892223954200745,0.7573596835136414,0.740903913974762,359.6271
3285,0.6890324354171753,0.6890324354171753,0.7571418881416321,0.7406854629516602,359.7267
3286,0.6888426542282104,0.6888426542282104,0.7569274306297302,0.7404705286026001,359.8207
3287,0.688653826713562,0.688653826713562,0.7567079663276672,0.7402504086494446,359.92
3288,0.6884633302688599,0.6884633302688599,0.7564874887466431,0.7400294542312622,360.0219
3289,0.688274085521698,0.688274085521698,0.7562713623046875,0.7398127317428589,360.131
3290,0.6880855560302734,0.6880855560302734,0.7560554146766663,0.7395962476730347,360.2312
3291,0.6878947019577026,0.6878947019577026,0.7558408975601196,0.7393810153007507,360.3293
3292,0.6877047419548035,0.6877047419548035,0.7556251287460327,0.7391647100448608,360.4272
3293,0.687515914440155,0.687515914440155,0.7554071545600891,0.7389461398124695,360.5348
3294,0.6873259544372559,0.6873259544372559,0.7551884055137634,0.738726794719696,360.6365
3295,0.6871358156204224,0.6871358156204224,0.7549728155136108,0.7385107278823853,360.7403
3296,0.6869471073150635,0.6869471073150635,0.7547562718391418,0.7382936477661133,360.8406
3297,0.6867569088935852,0.6867569088935852,0.7545409202575684,0.7380775809288025,360.9334
3298,0.6865676641464233,0.6865676641464233,0.7543236017227173,0.7378595471382141,361.0362
3299,0.6863778233528137,0.6863778233528137,0.7541058659553528,0.7376412153244019,361.1471
3300,0.6861885190010071,0.6861885190010071,0.7538902163505554,0.7374249696731567,361.2542
3301,0.6859987378120422,0.6859987378120422,0.7536700963973999,0.737204372882843,361.3578
3302,0.6858084797859192,0.6858084797859192,0.7534531354904175,0.7369869947433472,361.454
3303,0.6856198310852051,0.6856198310852051,0.7532385587692261,0.7367717027664185,361.5533
3304,0.6854298710823059,0.6854298710823059,0.7530221939086914,0.736554741859436,361.6706
3305,0.6852396726608276,0.6852396726608276,0.7528085708618164,0.7363406419754028,361.774
3306,0.6850504875183105,0.6850504875183105,0.7525917887687683,0.7361232042312622,361.8772
3307,0.6848610639572144,0.6848610639572144,0.752375602722168,0.7359062433242798,361.9743
3308,0.6846717000007629,0.6846717000007629,0.7521602511405945,0.7356904149055481,362.0874
3309,0.684482216835022,0.684482216835022,0.7519437670707703,0.7354733347892761,362.1916
3310,0.6842909455299377,0.6842909455299377,0.7517255544662476,0.7352546453475952,362.2962
3311,0.6841021776199341,0.6841021776199341,0.7515112161636353,0.7350396513938904,362.423
3312,0.6839131712913513,0.6839131712913513,0.751297116279602,0.7348248362541199,362.5279
3313,0.683723509311676,0.683723509311676,0.7510768175125122,0.7346039414405823,362.6314
3314,0.6835333704948425,0.6835333704948425,0.7508600950241089,0.7343868017196655,362.7385
3315,0.6833435297012329,0.6833435297012329,0.7506430149078369,0.7341691255569458,362.8465
3316,0.6831539869308472,0.6831539869308472,0.7504263520240784,0.7339518666267395,362.9515
3317,0.682965099811554,0.682965099811554,0.7502102255821228,0.733735203742981,363.0453
3318,0.6827743649482727,0.6827743649482727,0.7499966621398926,0.7335208654403687,363.1405
3319,0.6825846433639526,0.6825846433639526,0.7497809529304504,0.7333043813705444,363.2366
3320,0.6823956966400146,0.6823956966400146,0.7495640516281128,0.7330870628356934,363.3388
3321,0.6822052597999573,0.6822052597999573,0.7493494749069214,0.7328720092773438,363.4439
3322,0.6820152997970581,0.6820152997970581,0.7491330504417419,0.7326547503471375,363.5461
3323,0.6818257570266724,0.6818257570266724,0.748916745185852,0.7324379682540894,363.6501
3324,0.6816365718841553,0.6816365718841553,0.7487021684646606,0.732222855091095,363.754
3325,0.68144690990448,0.68144690990448,0.7484860420227051,0.7320059537887573,363.8629
3326,0.6812567710876465,0.6812567710876465,0.7482724189758301,0.7317917346954346,363.9689
3327,0.6810675859451294,0.6810675859451294,0.7480581402778625,0.7315768003463745,364.0795
3328,0.6808764338493347,0.6808764338493347,0.7478402853012085,0.7313584089279175,364.1791
3329,0.6806873083114624,0.6806873083114624,0.7476248741149902,0.7311424016952515,364.2775
3330,0.6804982423782349,0.6804982423782349,0.7474073767662048,0.7309244275093079,364.3757
3331,0.680307924747467,0.680307924747467,0.7471916079521179,0.7307079434394836,364.4865
3332,0.6801192164421082,0.6801192164421082,0.7469789385795593,0.7304946184158325,364.6373
3333,0.6799300909042358,0.6799300909042358,0.7467648386955261,0.7302798628807068,364.7886
3334,0.6797400116920471,0.6797400116920471,0.7465506792068481,0.7300649881362915,364.9233
3335,0.6795507073402405,0.6795507073402405,0.7463342547416687,0.7298482060432434,365.0583
3336,0.6793606281280518,0.6793606281280518,0.7461158037185669,0.7296293377876282,365.1765
3337,0.6791702508926392,0.6791702508926392,0.7458982467651367,0.7294110655784607,365.2877
3338,0.6789803504943848,0.6789803504943848,0.7456823587417603,0.7291945815086365,365.3961
3339,0.6787911653518677,0.6787911653518677,0.7454677224159241,0.728979229927063,365.4973
3340,0.678602933883667,0.678602933883667,0.7452556490898132,0.7287663221359253,365.5924
3341,0.6784118413925171,0.6784118413925171,0.745043158531189,0.7285532355308533,365.7051
3342,0.6782210469245911,0.6782210469245911,0.7448266744613647,0.7283362150192261,365.8086
3343,0.6780335307121277,0.6780335307121277,0.7446100115776062,0.728118896484375,365.9141
3344,0.6778437495231628,0.6778437495231628,0.7443928718566895,0.7279013395309448,366.0107
3345,0.677653431892395,0.677653431892395,0.7441749572753906,0.7276827096939087,366.1048
3346,0.677463173866272,0.677463173866272,0.7439583539962769,0.7274655103683472,366.2013
3347,0.6772727966308594,0.6772727966308594,0.7437477707862854,0.7272542715072632,366.2977
3348,0.6770834922790527,0.6770834922790527,0.7435340881347656,0.7270399332046509,366.4054
3349,0.6768942475318909,0.6768942475318909,0.7433215975761414,0.7268267273902893,366.5145
3350,0.6767038702964783,0.6767038702964783,0.7431062459945679,0.7266108989715576,366.6184
3351,0.6765143871307373,0.6765143871307373,0.7428895831108093,0.7263935804367065,366.7262
3352,0.6763253808021545,0.6763253808021545,0.7426711916923523,0.7261747121810913,366.8324
3353,0.6761357188224792,0.6761357188224792,0.7424570918083191,0.7259599566459656,366.9338
3354,0.6759463548660278,0.6759463548660278,0.7422434091567993,0.7257454991340637,367.031
3355,0.6757562160491943,0.6757562160491943,0.7420295476913452,0.7255311012268066,367.1292
3356,0.6755657196044922,0.6755657196044922,0.7418157458305359,0.7253167033195496,367.2259
3357,0.6753775477409363,0.6753775477409363,0.7416003942489624,0.7251006960868835,367.3286
3358,0.6751869916915894,0.6751869916915894,0.7413839101791382,0.7248836755752563,367.4223
3359,0.6749968528747559,0.6749968528747559,0.7411688566207886,0.7246679067611694,367.5152
3360,0.6748074293136597,0.6748074293136597,0.7409540414810181,0.724452555179596,367.6198
3361,0.6746180057525635,0.6746180057525635,0.7407395243644714,0.724237322807312,367.7214
3362,0.6744285225868225,0.6744285225868225,0.7405248284339905,0.7240220308303833,367.8301
3363,0.6742386817932129,0.6742386817932129,0.7403086423873901,0.7238051891326904,367.9371
3364,0.6740485429763794,0.6740485429763794,0.7400935888290405,0.7235894799232483,368.0413
3365,0.6738594174385071,0.6738594174385071,0.7398790121078491,0.7233741283416748,368.1489
3366,0.6736700534820557,0.6736700534820557,0.7396643161773682,0.7231588959693909,368.2546
3367,0.6734789609909058,0.6734789609909058,0.7394496202468872,0.7229436635971069,368.3725
3368,0.67328941822052,0.67328941822052,0.7392364740371704,0.7227298617362976,368.4785
3369,0.6730992794036865,0.6730992794036865,0.7390214800834656,0.7225142121315002,368.5784
3370,0.6729105710983276,0.6729105710983276,0.7388088703155518,0.7223008275032043,368.676
3371,0.6727205514907837,0.6727205514907837,0.7385942935943604,0.7220858335494995,368.776
3372,0.6725311875343323,0.6725311875343323,0.7383809089660645,0.721871554851532,368.8736
3373,0.6723412275314331,0.6723412275314331,0.738167941570282,0.721657931804657,368.9765
3374,0.6721513271331787,0.6721513271331787,0.7379540205001831,0.7214434742927551,369.0765
3375,0.671961784362793,0.671961784362793,0.7377372980117798,0.721226155757904,369.1886
3376,0.6717710494995117,0.6717710494995117,0.7375239133834839,0.7210124135017395,369.289
3377,0.6715821027755737,0.6715821027755737,0.7373100519180298,0.7207977771759033,369.3911
3378,0.6713923215866089,0.6713923215866089,0.7370973825454712,0.7205843925476074,369.4868
3379,0.6712023615837097,0.6712023615837097,0.7368829250335693,0.7203692197799683,369.5834
3380,0.6710131764411926,0.6710131764411926,0.7366689443588257,0.7201545834541321,369.6869
3381,0.670822262763977,0.670822262763977,0.7364546656608582,0.7199398279190063,369.787
3382,0.6706336140632629,0.6706336140632629,0.7362406849861145,0.7197250127792358,369.889
3383,0.670444130897522,0.670444130897522,0.7360256314277649,0.7195093035697937,369.9889
3384,0.6702550053596497,0.6702550053596497,0.7358106970787048,0.7192937731742859,370.0837
3385,0.6700643301010132,0.6700643301010132,0.7355955839157104,0.7190782427787781,370.1944
3386,0.6698743104934692,0.6698743104934692,0.7353832125663757,0.7188652157783508,370.301
3387,0.6696858406066895,0.6696858406066895,0.7351686954498291,0.7186498045921326,370.4053
3388,0.6694954037666321,0.6694954037666321,0.7349545359611511,0.7184351086616516,370.5156
3389,0.669306218624115,0.669306218624115,0.7347424030303955,0.7182222008705139,370.6144
3390,0.6691160202026367,0.6691160202026367,0.7345278859138489,0.7180070877075195,370.7195
3391,0.6689249277114868,0.6689249277114868,0.734312891960144,0.7177913784980774,370.8191
3392,0.6687368154525757,0.6687368154525757,0.7341001629829407,0.717578113079071,370.9145
3393,0.6685469150543213,0.6685469150543213,0.7338870167732239,0.7173641920089722,371.0107
3394,0.6683558225631714,0.6683558225631714,0.7336755990982056,0.7171522378921509,371.1097
3395,0.6681663393974304,0.6681663393974304,0.7334610223770142,0.7169370055198669,371.2113
3396,0.6679774522781372,0.6679774522781372,0.7332480549812317,0.7167233228683472,371.3113
3397,0.6677875518798828,0.6677875518798828,0.7330316305160522,0.71650630235672,371.4111
3398,0.6675972938537598,0.6675972938537598,0.7328191995620728,0.716293215751648,371.5104
3399,0.6674075126647949,0.6674075126647949,0.7326075434684753,0.7160808444023132,371.6125
3400,0.6672167778015137,0.6672167778015137,0.7323946952819824,0.7158674001693726,371.7212
3401,0.6670282483100891,0.6670282483100891,0.7321783304214478,0.7156504392623901,371.821
3402,0.666837215423584,0.666837215423584,0.7319647669792175,0.7154361605644226,371.9265
3403,0.666648268699646,0.666648268699646,0.7317498922348022,0.7152207493782043,372.0217
3404,0.6664593815803528,0.6664593815803528,0.7315355539321899,0.7150055170059204,372.1257
3405,0.6662680506706238,0.6662680506706238,0.7313247919082642,0.7147939801216125,372.2272
3406,0.6660794019699097,0.6660794019699097,0.731112539768219,0.714581310749054,372.3303
3407,0.6658889055252075,0.6658889055252075,0.7308988571166992,0.7143669128417969,372.4396
3408,0.6656994819641113,0.6656994819641113,0.7306857109069824,0.714152991771698,372.5432
3409,0.6655102968215942,0.6655102968215942,0.7304737567901611,0.7139403223991394,372.6541
3410,0.6653198003768921,0.6653198003768921,0.7302604913711548,0.7137264609336853,372.7704
3411,0.6651292443275452,0.6651292443275452,0.7300432920455933,0.7135087847709656,372.8759
3412,0.6649407148361206,0.6649407148361206,0.7298323512077332,0.7132971286773682,372.9736
3413,0.664749801158905,0.664749801158905,0.7296193242073059,0.7130833864212036,373.0716
3414,0.664561927318573,0.664561927318573,0.729406476020813,0.7128696441650391,373.1783
3415,0.664370596408844,0.664370596408844,0.7291956543922424,0.7126581072807312,373.2803
3416,0.6641807556152344,0.6641807556152344,0.7289841771125793,0.7124459147453308,373.3863
3417,0.6639910340309143,0.6639910340309143,0.7287691831588745,0.7122302651405334,373.492
3418,0.6638017892837524,0.6638017892837524,0.728554368019104,0.7120147943496704,373.5903
3419,0.6636120080947876,0.6636120080947876,0.7283390164375305,0.7117989659309387,373.6894
3420,0.6634231209754944,0.6634231209754944,0.7281266450881958,0.7115861177444458,373.7918
3421,0.6632323861122131,0.6632323861122131,0.7279154658317566,0.7113741636276245,373.8917
3422,0.6630425453186035,0.6630425453186035,0.7277072668075562,0.7111651301383972,373.989
3423,0.6628535389900208,0.6628535389900208,0.727496325969696,0.7109535932540894,374.0895
3424,0.6626622676849365,0.6626622676849365,0.7272831201553345,0.7107394933700562,374.1973
3425,0.6624723672866821,0.6624723672866821,0.7270693778991699,0.710525393486023,374.306
3426,0.6622829437255859,0.6622829437255859,0.7268525958061218,0.7103078961372375,374.4098
3427,0.6620936989784241,0.6620936989784241,0.7266377210617065,0.7100923657417297,374.5108
3428,0.6619040369987488,0.6619040369987488,0.7264262437820435,0.7098800539970398,374.614
3429,0.6617148518562317,0.6617148518562317,0.7262184619903564,0.7096714377403259,374.7126
3430,0.6615232229232788,0.6615232229232788,0.7260044813156128,0.7094569206237793,374.8117
3431,0.6613339185714722,0.6613339185714722,0.7257916331291199,0.7092434167861938,374.91
3432,0.6611452698707581,0.6611452698707581,0.7255770564079285,0.7090282440185547,375.0095
3433,0.6609554886817932,0.6609554886817932,0.7253652811050415,0.7088155746459961,375.1202
3434,0.6607648730278015,0.6607648730278015,0.7251538038253784,0.7086035013198853,375.3388
3435,0.6605758666992188,0.6605758666992188,0.7249414324760437,0.708390474319458,375.4432
3436,0.6603865623474121,0.6603865623474121,0.7247316241264343,0.7081799507141113,375.5455
3437,0.6601964235305786,0.6601964235305786,0.7245185971260071,0.7079662680625916,375.6458
3438,0.6600063443183899,0.6600063443183899,0.7243061661720276,0.7077532410621643,375.7511
3439,0.6598164439201355,0.6598164439201355,0.7240955233573914,0.7075417637825012,375.8544
3440,0.6596255302429199,0.6596255302429199,0.7238801717758179,0.70732581615448,375.9637
3441,0.6594370007514954,0.6594370007514954,0.7236672639846802,0.707112193107605,376.0705
3442,0.6592456102371216,0.6592456102371216,0.7234554290771484,0.7068995833396912,376.1831
3443,0.6590570211410522,0.6590570211410522,0.7232449054718018,0.706688404083252,376.2817
3444,0.6588674187660217,0.6588674187660217,0.7230325937271118,0.7064751386642456,376.3894
3445,0.6586775779724121,0.6586775779724121,0.7228235006332397,0.7062655687332153,376.5111
3446,0.658488392829895,0.658488392829895,0.7226114273071289,0.7060526609420776,376.6178
3447,0.6582980155944824,0.6582980155944824,0.7223983407020569,0.7058388590812683,376.7218
3448,0.6581075191497803,0.6581075191497803,0.7221828699111938,0.7056227922439575,376.8244
3449,0.657917857170105,0.657917857170105,0.7219693064689636,0.7054086923599243,376.9257
3450,0.6577283143997192,0.6577283143997192,0.7217568159103394,0.7051953077316284,377.0333
3451,0.6575379371643066,0.6575379371643066,0.721548318862915,0.7049860954284668,377.1399
3452,0.6573482751846313,0.6573482751846313,0.7213398218154907,0.7047768235206604,377.2443
3453,0.6571589708328247,0.6571589708328247,0.7211289405822754,0.7045651078224182,377.3642
3454,0.6569687128067017,0.6569687128067017,0.7209154963493347,0.7043510675430298,377.4729
3455,0.6567789912223816,0.6567789912223816,0.7207015752792358,0.7041366100311279,377.5817
3456,0.6565889120101929,0.6565889120101929,0.7204910516738892,0.7039254307746887,377.7282
3457,0.6563997268676758,0.6563997268676758,0.7202795743942261,0.703713059425354,377.8556
3458,0.6562103033065796,0.6562103033065796,0.7200685739517212,0.7035014033317566,377.9831
3459,0.6560204029083252,0.6560204029083252,0.7198588848114014,0.7032908797264099,378.1217
3460,0.655829906463623,0.655829906463623,0.7196470499038696,0.7030783891677856,378.245
3461,0.6556407809257507,0.6556407809257507,0.7194353342056274,0.7028658986091614,378.3713
3462,0.6554502844810486,0.6554502844810486,0.7192227244377136,0.7026526927947998,378.4927
3463,0.6552606821060181,0.6552606821060181,0.7190099954605103,0.7024392485618591,378.6064
3464,0.6550708413124084,0.6550708413124084,0.7187990546226501,0.7022277116775513,378.7168
3465,0.6548807621002197,0.6548807621002197,0.7185872793197632,0.702015221118927,378.8313
3466,0.654691219329834,0.654691219329834,0.7183796167373657,0.7018067240715027,378.9439
3467,0.6545016765594482,0.6545016765594482,0.7181686162948608,0.7015949487686157,379.0501
3468,0.6543115377426147,0.6543115377426147,0.71795654296875,0.7013821601867676,379.1623
3469,0.6541222333908081,0.6541222333908081,0.7177426815032959,0.701167643070221,379.2659
3470,0.6539326906204224,0.6539326906204224,0.717529296875,0.7009536027908325,379.3703
3471,0.6537430286407471,0.6537430286407471,0.7173191905021667,0.7007427215576172,379.4796
3472,0.6535525321960449,0.6535525321960449,0.717108428478241,0.7005312442779541,379.5858
3473,0.6533623933792114,0.6533623933792114,0.7168984413146973,0.7003205418586731,379.6925
3474,0.6531737446784973,0.6531737446784973,0.7166888117790222,0.700110137462616,379.7959
3475,0.6529815793037415,0.6529815793037415,0.7164774537086487,0.6998980641365051,379.8948
3476,0.6527937650680542,0.6527937650680542,0.7162671089172363,0.6996868848800659,379.9899
3477,0.6526036262512207,0.6526036262512207,0.7160564661026001,0.6994755864143372,380.0887
3478,0.652413547039032,0.652413547039032,0.7158448696136475,0.699263334274292,380.2003
3479,0.6522223353385925,0.6522223353385925,0.7156330347061157,0.699050784111023,380.2969
3480,0.6520333886146545,0.6520333886146545,0.7154241800308228,0.6988409757614136,380.401
3481,0.6518447995185852,0.6518447995185852,0.715213418006897,0.6986296772956848,380.5024
3482,0.6516545414924622,0.6516545414924622,0.715002179145813,0.6984175443649292,380.6079
3483,0.6514641642570496,0.6514641642570496,0.7147892713546753,0.6982038617134094,380.7142
3484,0.6512744426727295,0.6512744426727295,0.7145787477493286,0.6979926824569702,380.8265
3485,0.6510859131813049,0.6510859131813049,0.7143670320510864,0.6977801322937012,380.9394
3486,0.6508947610855103,0.6508947610855103,0.714156448841095,0.6975688934326172,381.0482
3487,0.6507052183151245,0.6507052183151245,0.7139455676078796,0.6973572969436646,381.1557
3488,0.6505142450332642,0.6505142450332642,0.7137362957000732,0.6971472501754761,381.2556
3489,0.6503254771232605,0.6503254771232605,0.7135274410247803,0.6969375014305115,381.3604
3490,0.6501365303993225,0.6501365303993225,0.7133180499076843,0.6967273354530334,381.4635
3491,0.6499453783035278,0.6499453783035278,0.7131078243255615,0.6965163350105286,381.5685
3492,0.6497566103935242,0.6497566103935242,0.7128967046737671,0.6963046193122864,381.6724
3493,0.649566113948822,0.649566113948822,0.7126845121383667,0.6960916519165039,381.7877
3494,0.6493768095970154,0.6493768095970154,0.7124733328819275,0.6958797574043274,381.8928
3495,0.6491864919662476,0.6491864919662476,0.7122646570205688,0.6956703066825867,381.9912
3496,0.6489956974983215,0.6489956974983215,0.7120553255081177,0.695460319519043,382.0946
3497,0.6488070487976074,0.6488070487976074,0.7118476033210754,0.6952518820762634,382.1989
3498,0.6486185193061829,0.6486185193061829,0.7116377353668213,0.6950410008430481,382.3
3499,0.6484276056289673,0.6484276056289673,0.71142578125,0.6948283314704895,382.4049
3500,0.6482365727424622,0.6482365727424622,0.7112133502960205,0.6946151256561279,382.5213
3501,0.6480467319488525,0.6480467319488525,0.7110037803649902,0.6944049596786499,382.6362
3502,0.6478574872016907,0.6478574872016907,0.710793137550354,0.6941936612129211,382.7481
3503,0.6476683616638184,0.6476683616638184,0.7105839252471924,0.6939836740493774,382.8637
3504,0.6474779844284058,0.6474779844284058,0.7103752493858337,0.6937741041183472,382.9621
3505,0.6472890377044678,0.6472890377044678,0.7101664543151855,0.6935646533966064,383.0628
3506,0.6470988988876343,0.6470988988876343,0.7099547386169434,0.6933521628379822,383.1643
3507,0.6469088196754456,0.6469088196754456,0.7097439169883728,0.6931406259536743,383.2725
3508,0.6467190980911255,0.6467190980911255,0.7095322608947754,0.6929281949996948,383.3772
3509,0.6465290188789368,0.6465290188789368,0.7093209624290466,0.692716121673584,383.4837
3510,0.6463385820388794,0.6463385820388794,0.7091109156608582,0.6925052404403687,383.5924
3511,0.6461495161056519,0.6461495161056519,0.7089027762413025,0.6922961473464966,383.7081
3512,0.6459598541259766,0.6459598541259766,0.708696186542511,0.6920887231826782,383.8091
3513,0.645768940448761,0.645768940448761,0.7084870934486389,0.6918786764144897,383.9058
3514,0.645579993724823,0.645579993724823,0.7082772254943848,0.6916683912277222,384.0047
3515,0.6453909873962402,0.6453909873962402,0.708065390586853,0.6914557218551636,384.105
3516,0.6452000737190247,0.6452000737190247,0.707855224609375,0.691244900226593,384.2067
3517,0.6450104117393494,0.6450104117393494,0.707645833492279,0.691034734249115,384.3113
3518,0.6448208689689636,0.6448208689689636,0.7074383497238159,0.690826416015625,384.4177
3519,0.644629955291748,0.644629955291748,0.7072316408157349,0.6906188130378723,384.52
3520,0.6444414258003235,0.6444414258003235,0.7070239782333374,0.690410315990448,384.6232
3521,0.644250214099884,0.644250214099884,0.7068150639533997,0.6902006268501282,384.732
3522,0.644061267375946,0.644061267375946,0.7066024541854858,0.689987301826477,384.8249
3523,0.6438723802566528,0.6438723802566528,0.706389307975769,0.6897735595703125,384.9216
3524,0.6436814665794373,0.6436814665794373,0.706183910369873,0.6895673274993896,385.0193
3525,0.6434918642044067,0.6434918642044067,0.705976128578186,0.689358651638031,385.1192
3526,0.6433031558990479,0.6433031558990479,0.7057701349258423,0.6891518235206604,385.2193
3527,0.6431117057800293,0.6431117057800293,0.7055572271347046,0.6889382600784302,385.3178
3528,0.6429225206375122,0.6429225206375122,0.705344557762146,0.6887249946594238,385.4176
3529,0.6427327394485474,0.6427327394485474,0.7051361799240112,0.6885155439376831,385.5256
3530,0.6425425410270691,0.6425425410270691,0.7049297094345093,0.6883086562156677,385.6354
3531,0.642353355884552,0.642353355884552,0.7047212719917297,0.6880991458892822,385.7443
3532,0.6421641111373901,0.6421641111373901,0.7045125365257263,0.687889575958252,385.8374
3533,0.6419739127159119,0.6419739127159119,0.7043036222457886,0.6876798868179321,385.935
3534,0.6417832374572754,0.6417832374572754,0.7040913701057434,0.6874668002128601,386.0377
3535,0.6415949463844299,0.6415949463844299,0.7038804888725281,0.6872550249099731,386.1463
3536,0.6414039134979248,0.6414039134979248,0.7036701440811157,0.6870439648628235,386.2514
3537,0.6412144899368286,0.6412144899368286,0.7034615278244019,0.6868346333503723,386.3491
3538,0.6410244703292847,0.6410244703292847,0.7032562494277954,0.6866284012794495,386.4473
3539,0.6408347487449646,0.6408347487449646,0.7030498385429382,0.6864210963249207,386.5464
3540,0.640645444393158,0.640645444393158,0.7028411626815796,0.6862115859985352,386.6581
3541,0.6404550075531006,0.6404550075531006,0.7026327252388,0.6860024333000183,386.7713
3542,0.640265941619873,0.640265941619873,0.7024233341217041,0.6857922673225403,386.8808
3543,0.6400758624076843,0.6400758624076843,0.7022122144699097,0.6855803728103638,386.9835
3544,0.6398862600326538,0.6398862600326538,0.702003538608551,0.685370922088623,387.087
3545,0.6396963000297546,0.6396963000297546,0.7017961740493774,0.6851627230644226,387.1895
3546,0.6395058631896973,0.6395058631896973,0.7015881538391113,0.6849538683891296,387.2964
3547,0.6393167972564697,0.6393167972564697,0.701382040977478,0.6847469210624695,387.4016
3548,0.6391276121139526,0.6391276121139526,0.701176106929779,0.6845401525497437,387.5084
3549,0.638936460018158,0.638936460018158,0.7009680271148682,0.6843312978744507,387.6076
3550,0.6387470364570618,0.6387470364570618,0.7007559537887573,0.6841185688972473,387.7161
3551,0.6385577917098999,0.6385577917098999,0.7005449533462524,0.6839069724082947,387.8221
3552,0.6383673548698425,0.6383673548698425,0.7003383636474609,0.6836993098258972,387.9403
3553,0.6381781697273254,0.6381781697273254,0.7001331448554993,0.6834931969642639,388.0475
3554,0.6379881501197815,0.6379881501197815,0.6999281644821167,0.6832873225212097,388.1609
3555,0.6377986669540405,0.6377986669540405,0.6997183561325073,0.6830767393112183,388.2736
3556,0.6376087069511414,0.6376087069511414,0.6995075941085815,0.6828650236129761,388.3807
3557,0.6374188661575317,0.6374188661575317,0.699297308921814,0.682654082775116,388.4888
3558,0.6372297406196594,0.6372297406196594,0.699089527130127,0.6824454069137573,388.5888
3559,0.6370390057563782,0.6370390057563782,0.6988826990127563,0.6822377443313599,388.6913
3560,0.6368504762649536,0.6368504762649536,0.6986739039421082,0.6820281147956848,388.7934
3561,0.6366598010063171,0.6366598010063171,0.6984678506851196,0.6818211674690247,388.9006
3562,0.6364699602127075,0.6364699602127075,0.6982594728469849,0.6816118955612183,389.0073
3563,0.6362797617912292,0.6362797617912292,0.6980530023574829,0.6814048290252686,389.117
3564,0.6360899806022644,0.6360899806022644,0.6978438496589661,0.6811947226524353,389.2204
3565,0.6359014511108398,0.6359014511108398,0.6976343393325806,0.680984377861023,389.3215
3566,0.635710597038269,0.635710597038269,0.6974251866340637,0.6807743906974792,389.433
3567,0.6355215311050415,0.6355215311050415,0.6972192525863647,0.6805676817893982,389.5427
3568,0.6353324055671692,0.6353324055671692,0.6970120668411255,0.6803596615791321,389.66
3569,0.6351420879364014,0.6351420879364014,0.6968037486076355,0.6801505088806152,389.7841
3570,0.6349525451660156,0.6349525451660156,0.6965964436531067,0.67994225025177,389.8974
3571,0.6347618699073792,0.6347618699073792,0.6963887214660645,0.6797337532043457,390.0046
3572,0.6345722079277039,0.6345722079277039,0.6961842179298401,0.6795283555984497,390.1084
3573,0.6343828439712524,0.6343828439712524,0.6959775686264038,0.6793208122253418,390.2174
3574,0.6341928839683533,0.6341928839683533,0.6957712769508362,0.6791135668754578,390.3246
3575,0.6340036988258362,0.6340036988258362,0.6955633163452148,0.6789048910140991,390.4358
3576,0.6338135004043579,0.6338135004043579,0.6953566074371338,0.678697407245636,390.5441
3577,0.6336234211921692,0.6336234211921692,0.6951485872268677,0.6784884333610535,390.6527
3578,0.6334333419799805,0.6334333419799805,0.6949394345283508,0.678278386592865,390.7577
3579,0.6332434415817261,0.6332434415817261,0.6947333216667175,0.6780715584754944,390.8541
3580,0.6330544948577881,0.6330544948577881,0.6945277452468872,0.6778649091720581,390.9539
3581,0.6328644752502441,0.6328644752502441,0.694320797920227,0.6776570677757263,391.059
3582,0.632675290107727,0.632675290107727,0.6941113471984863,0.6774469017982483,391.1688
3583,0.6324849128723145,0.6324849128723145,0.6939018964767456,0.6772364974021912,391.2737
3584,0.6322966814041138,0.6322966814041138,0.6936959028244019,0.6770299077033997,391.3773
3585,0.6321069002151489,0.6321069002151489,0.6934897899627686,0.6768227815628052,391.4936
3586,0.6319171190261841,0.6319171190261841,0.6932840347290039,0.6766163110733032,391.6039
3587,0.6317262649536133,0.6317262649536133,0.6930775046348572,0.6764088869094849,391.715
3588,0.6315370798110962,0.6315370798110962,0.692870020866394,0.6762005090713501,391.8332
3589,0.631346583366394,0.631346583366394,0.6926625370979309,0.6759921908378601,391.9449
3590,0.6311584115028381,0.6311584115028381,0.6924545168876648,0.6757833361625671,392.0536
3591,0.6309682726860046,0.6309682726860046,0.6922465562820435,0.6755744218826294,392.1552
3592,0.6307778358459473,0.6307778358459473,0.6920369863510132,0.6753641366958618,392.2584
3593,0.6305884122848511,0.6305884122848511,0.691832423210144,0.6751585602760315,392.3791
3594,0.6303986310958862,0.6303986310958862,0.6916273832321167,0.6749526262283325,392.4974
3595,0.6302092671394348,0.6302092671394348,0.6914204359054565,0.674744725227356,392.6052
3596,0.630018949508667,0.630018949508667,0.6912142038345337,0.6745375394821167,392.7104
3597,0.6298295259475708,0.6298295259475708,0.6910086870193481,0.6743311882019043,392.8214
3598,0.6296390295028687,0.6296390295028687,0.6908008456230164,0.6741225719451904,392.9331
3599,0.6294509172439575,0.6294509172439575,0.6905950307846069,0.673915684223175,393.0373
3600,0.6292610168457031,0.6292610168457031,0.6903885006904602,0.6737083196640015,393.1453
3601,0.6290711164474487,0.6290711164474487,0.6901837587356567,0.6735027432441711,393.254
3602,0.6288817524909973,0.6288817524909973,0.6899768710136414,0.6732948422431946,393.354
3603,0.6286923885345459,0.6286923885345459,0.6897715330123901,0.673088550567627,393.4501
3604,0.6285019516944885,0.6285019516944885,0.6895653009414673,0.672881543636322,393.5535
3605,0.6283130049705505,0.6283130049705505,0.6893621683120728,0.6726776361465454,393.6621
3606,0.6281228065490723,0.6281228065490723,0.6891571879386902,0.6724716424942017,393.7678
3607,0.6279332041740417,0.6279332041740417,0.6889497637748718,0.6722634434700012,393.8727
3608,0.6277437806129456,0.6277437806129456,0.6887412071228027,0.6720539331436157,393.9699
3609,0.6275531053543091,0.6275531053543091,0.6885351538658142,0.6718471646308899,394.0723
3610,0.6273646354675293,0.6273646354675293,0.6883324384689331,0.6716434359550476,394.174
3611,0.6271742582321167,0.6271742582321167,0.6881266832351685,0.6714366674423218,394.2805
3612,0.6269844174385071,0.6269844174385071,0.6879186630249023,0.6712278127670288,394.3847
3613,0.6267945170402527,0.6267945170402527,0.6877097487449646,0.6710182428359985,394.4876
3614,0.6266058683395386,0.6266058683395386,0.6875036954879761,0.6708113551139832,394.5956
3615,0.6264162063598633,0.6264162063598633,0.6872972249984741,0.6706038117408752,394.7077
3616,0.6262260675430298,0.6262260675430298,0.6870924830436707,0.6703981161117554,394.8134
3617,0.626037061214447,0.626037061214447,0.6868850588798523,0.6701896786689758,394.9126
3618,0.6258475184440613,0.6258475184440613,0.6866810917854309,0.6699848175048828,395.0162
3619,0.6256572008132935,0.6256572008132935,0.6864734888076782,0.6697763204574585,395.1146
3620,0.6254673004150391,0.6254673004150391,0.6862696409225464,0.6695715188980103,395.219
3621,0.6252779364585876,0.6252779364585876,0.6860619783401489,0.6693629622459412,395.3156
3622,0.6250883340835571,0.6250883340835571,0.6858561635017395,0.6691561937332153,395.4195
3623,0.6248987913131714,0.6248987913131714,0.6856507062911987,0.6689497828483582,395.53
3624,0.6247085928916931,0.6247085928916931,0.6854480504989624,0.6687461733818054,395.6461
3625,0.6245197057723999,0.6245197057723999,0.6852428317070007,0.6685399413108826,395.7553
3626,0.6243305206298828,0.6243305206298828,0.685039222240448,0.6683354377746582,395.8635
3627,0.6241408586502075,0.6241408586502075,0.6848339438438416,0.6681291460990906,395.9775
3628,0.623951256275177,0.623951256275177,0.6846286058425903,0.667923092842102,396.0969
3629,0.6237608194351196,0.6237608194351196,0.6844246983528137,0.6677181720733643,396.2105
3630,0.6235719919204712,0.6235719919204712,0.6842194199562073,0.6675119400024414,396.3293
3631,0.6233819723129272,0.6233819723129272,0.6840148568153381,0.6673065423965454,396.4452
3632,0.6231927275657654,0.6231927275657654,0.6838109493255615,0.6671018600463867,396.5797
3633,0.6230019927024841,0.6230019927024841,0.6836045980453491,0.6668946146965027,396.8542
3634,0.6228138208389282,0.6228138208389282,0.6834007501602173,0.6666897535324097,397.0787
3635,0.6226240992546082,0.6226240992546082,0.6831956505775452,0.6664836406707764,397.2846
3636,0.6224339008331299,0.6224339008331299,0.6829901933670044,0.6662774085998535,397.4199
3637,0.6222442388534546,0.6222442388534546,0.682783305644989,0.6660694479942322,397.5456
3638,0.6220556497573853,0.6220556497573853,0.6825793385505676,0.6658644676208496,397.6533
3639,0.621865451335907,0.621865451335907,0.6823738813400269,0.6656581163406372,397.7551
3640,0.621677041053772,0.621677041053772,0.6821688413619995,0.6654520034790039,397.8596
3641,0.6214871406555176,0.6214871406555176,0.6819618940353394,0.6652442812919617,397.9751
3642,0.6212977170944214,0.6212977170944214,0.6817587018013,0.6650403141975403,398.0884
3643,0.6211075782775879,0.6211075782775879,0.6815518140792847,0.6648322939872742,398.1957
3644,0.6209183931350708,0.6209183931350708,0.681348979473114,0.6646286249160767,398.2982
3645,0.6207290291786194,0.6207290291786194,0.6811439394950867,0.6644226908683777,398.4001
3646,0.6205390691757202,0.6205390691757202,0.6809408068656921,0.6642183661460876,398.5095
3647,0.6203494668006897,0.6203494668006897,0.680738091468811,0.6640145778656006,398.6139
3648,0.6201592683792114,0.6201592683792114,0.6805313229560852,0.6638069152832031,398.7179
3649,0.6199707388877869,0.6199707388877869,0.6803267598152161,0.6636015176773071,398.8215
3650,0.6197811365127563,0.6197811365127563,0.6801219582557678,0.6633956432342529,398.9373
3651,0.6195920705795288,0.6195920705795288,0.67991703748703,0.6631897687911987,399.0428
3652,0.619402289390564,0.619402289390564,0.6797133684158325,0.66298508644104,399.1516
3653,0.6192129254341125,0.6192129254341125,0.6795101165771484,0.66278076171875,399.2594
3654,0.6190233826637268,0.6190233826637268,0.6793049573898315,0.6625748872756958,399.3666
3655,0.618834376335144,0.618834376335144,0.6791004538536072,0.662369430065155,399.4799
3656,0.6186444163322449,0.6186444163322449,0.6788954734802246,0.6621635556221008,399.6089
3657,0.6184539794921875,0.6184539794921875,0.6786949038505554,0.6619619131088257,399.7227
3658,0.6182654500007629,0.6182654500007629,0.6784905195236206,0.6617563962936401,399.8263
3659,0.6180759072303772,0.6180759072303772,0.6782876253128052,0.6615527272224426,399.9299
3660,0.6178861856460571,0.6178861856460571,0.6780819892883301,0.6613459587097168,400.0295
3661,0.6176970601081848,0.6176970601081848,0.6778759956359863,0.6611390113830566,400.1296
3662,0.6175075769424438,0.6175075769424438,0.6776713132858276,0.6609333753585815,400.2351
3663,0.6173186302185059,0.6173186302185059,0.6774675250053406,0.6607287526130676,400.3488
3664,0.6171287298202515,0.6171287298202515,0.6772631406784058,0.6605232954025269,400.455
3665,0.6169387102127075,0.6169387102127075,0.6770622134208679,0.6603212952613831,400.5721
3666,0.6167501211166382,0.6167501211166382,0.6768597364425659,0.6601179242134094,400.6774
3667,0.6165611743927002,0.6165611743927002,0.6766582727432251,0.6599154472351074,400.7864
3668,0.6163707971572876,0.6163707971572876,0.6764542460441589,0.6597104668617249,400.8961
3669,0.6161823868751526,0.6161823868751526,0.6762506365776062,0.6595057249069214,401.0037
3670,0.6159917712211609,0.6159917712211609,0.6760474443435669,0.6593018174171448,401.1121
3671,0.6158037781715393,0.6158037781715393,0.6758425831794739,0.6590958833694458,401.2204
3672,0.6156138181686401,0.6156138181686401,0.675640881061554,0.6588931083679199,401.3333
3673,0.6154244542121887,0.6154244542121887,0.6754385828971863,0.6586897969245911,401.4504
3674,0.6152350306510925,0.6152350306510925,0.6752315759658813,0.6584818363189697,401.5637
3675,0.6150457262992859,0.6150457262992859,0.6750272512435913,0.6582766771316528,401.6741
3676,0.6148556470870972,0.6148556470870972,0.674826443195343,0.658074676990509,401.7864
3677,0.6146674156188965,0.6146674156188965,0.6746236085891724,0.6578707695007324,401.8993
3678,0.6144775152206421,0.6144775152206421,0.6744177937507629,0.6576640605926514,402.0084
3679,0.6142877340316772,0.6142877340316772,0.6742120981216431,0.6574575304985046,402.1141
3680,0.614099383354187,0.614099383354187,0.6740069389343262,0.6572514772415161,402.2222
3681,0.6139099597930908,0.6139099597930908,0.6738077402114868,0.6570509076118469,402.3304
3682,0.6137199401855469,0.6137199401855469,0.6736054420471191,0.6568475961685181,402.4459
3683,0.6135307550430298,0.6135307550430298,0.6734011769294739,0.6566423773765564,402.5547
3684,0.6133413314819336,0.6133413314819336,0.6731986403465271,0.6564388275146484,402.6627
3685,0.6131519675254822,0.6131519675254822,0.6729954481124878,0.6562345623970032,402.7759
3686,0.6129629015922546,0.6129629015922546,0.6727928519248962,0.6560310125350952,402.887
3687,0.6127739548683167,0.6127739548683167,0.6725896596908569,0.6558268666267395,402.9924
3688,0.6125850081443787,0.6125850081443787,0.6723873615264893,0.6556233763694763,403.0988
3689,0.6123954057693481,0.6123954057693481,0.6721846461296082,0.6554197669029236,403.205
3690,0.6122058629989624,0.6122058629989624,0.6719816327095032,0.6552156209945679,403.3079
3691,0.6120169162750244,0.6120169162750244,0.6717807054519653,0.6550137400627136,403.4197
3692,0.6118276119232178,0.6118276119232178,0.6715793013572693,0.6548112034797668,403.5318
3693,0.6116384267807007,0.6116384267807007,0.671375572681427,0.6546065211296082,403.6424
3694,0.6114497184753418,0.6114497184753418,0.6711742281913757,0.6544041037559509,403.751
3695,0.611259937286377,0.611259937286377,0.6709725260734558,0.6542015671730042,403.8636
3696,0.611070990562439,0.611070990562439,0.6707701683044434,0.6539981365203857,403.9727
3697,0.6108810901641846,0.6108810901641846,0.6705666780471802,0.6537936925888062,404.078
3698,0.6106923222541809,0.6106923222541809,0.6703652739524841,0.6535910964012146,404.1814
3699,0.6105029582977295,0.6105029582977295,0.6701644062995911,0.6533892154693604,404.2886
3700,0.6103120446205139,0.6103120446205139,0.6699621677398682,0.6531857252120972,404.405
3701,0.6101241707801819,0.6101241707801819,0.6697596311569214,0.652982234954834,404.5187
3702,0.6099356412887573,0.6099356412887573,0.6695563197135925,0.6527780294418335,404.6255
3703,0.6097458004951477,0.6097458004951477,0.6693536043167114,0.6525741815567017,404.7372
3704,0.6095555424690247,0.6095555424690247,0.669148325920105,0.6523681282997131,404.8396
3705,0.609366774559021,0.609366774559021,0.6689471006393433,0.6521658897399902,404.9455
3706,0.6091784238815308,0.6091784238815308,0.668746829032898,0.6519643068313599,405.0453
3707,0.6089898943901062,0.6089898943901062,0.6685460209846497,0.6517624258995056,405.1478
3708,0.6088000535964966,0.6088000535964966,0.6683465242385864,0.6515616774559021,405.2634
3709,0.6086113452911377,0.6086113452911377,0.6681420803070068,0.6513563394546509,405.3853
3710,0.6084218621253967,0.6084218621253967,0.6679377555847168,0.6511510014533997,405.5089
3711,0.6082333326339722,0.6082333326339722,0.66773521900177,0.6509474515914917,405.6185
3712,0.6080440282821655,0.6080440282821655,0.6675370335578918,0.6507481336593628,405.735
3713,0.6078553199768066,0.6078553199768066,0.6673392057418823,0.6505491733551025,405.8568
3714,0.6076656579971313,0.6076656579971313,0.667138934135437,0.6503478288650513,405.9825
3715,0.6074753999710083,0.6074753999710083,0.6669338941574097,0.6501418948173523,406.0995
3716,0.6072872877120972,0.6072872877120972,0.6667270660400391,0.6499341130256653,406.2148
3717,0.6070984601974487,0.6070984601974487,0.6665252447128296,0.6497312188148499,406.3426
3718,0.6069096326828003,0.6069096326828003,0.666327714920044,0.6495323777198792,406.4579
3719,0.6067197918891907,0.6067197918891907,0.6661282777786255,0.6493316888809204,406.5772
3720,0.6065309047698975,0.6065309047698975,0.6659246683120728,0.6491270065307617,406.7011
3721,0.6063426733016968,0.6063426733016968,0.6657219529151917,0.6489235162734985,406.8171
3722,0.6061530113220215,0.6061530113220215,0.6655189394950867,0.6487194299697876,406.9341
3723,0.605962872505188,0.605962872505188,0.6653164029121399,0.6485158801078796,407.0599
3724,0.6057742834091187,0.6057742834091187,0.665117621421814,0.6483160853385925,407.1771
3725,0.6055854558944702,0.6055854558944702,0.6649202108383179,0.6481173634529114,407.2999
3726,0.6053974628448486,0.6053974628448486,0.664720356464386,0.6479161977767944,407.4459
3727,0.6052069067955017,0.6052069067955017,0.6645196676254272,0.6477144956588745,407.5738
3728,0.6050189137458801,0.6050189137458801,0.6643171906471252,0.6475109457969666,407.7087
3729,0.6048287153244019,0.6048287153244019,0.6641135215759277,0.647306501865387,407.8363
3730,0.6046403050422668,0.6046403050422668,0.6639110445976257,0.6471028327941895,407.9509
3731,0.6044524908065796,0.6044524908065796,0.6637088656425476,0.6468995213508606,408.0712
3732,0.6042630076408386,0.6042630076408386,0.6635132431983948,0.646702766418457,408.2082
3733,0.6040727496147156,0.6040727496147156,0.663314700126648,0.6465029716491699,408.3263
3734,0.6038852334022522,0.6038852334022522,0.6631151437759399,0.6463022828102112,408.4378
3735,0.6036955118179321,0.6036955118179321,0.6629136800765991,0.6460997462272644,408.5596
3736,0.6035071015357971,0.6035071015357971,0.6627097129821777,0.6458948850631714,408.6768
3737,0.603318452835083,0.603318452835083,0.6625065803527832,0.6456905603408813,408.7986
3738,0.6031288504600525,0.6031288504600525,0.662306010723114,0.6454890966415405,408.918
3739,0.6029404401779175,0.6029404401779175,0.662108302116394,0.6452902555465698,409.0518
3740,0.6027518510818481,0.6027518510818481,0.6619099378585815,0.6450906991958618,409.1725
3741,0.6025631427764893,0.6025631427764893,0.661709189414978,0.6448887586593628,409.3004
3742,0.6023739576339722,0.6023739576339722,0.6615095138549805,0.6446880102157593,409.414
3743,0.6021841764450073,0.6021841764450073,0.6613074541091919,0.6444848775863647,409.5253
3744,0.6019962430000305,0.6019962430000305,0.6611058712005615,0.6442821025848389,409.6324
3745,0.6018064022064209,0.6018064022064209,0.660904586315155,0.6440798044204712,409.7423
3746,0.6016181707382202,0.6016181707382202,0.6607039570808411,0.6438780426979065,409.8407
3747,0.6014296412467957,0.6014296412467957,0.6605051755905151,0.6436781287193298,409.9424
3748,0.6012406349182129,0.6012406349182129,0.6603067517280579,0.6434783339500427,410.0845
3749,0.6010504961013794,0.6010504961013794,0.6601094603538513,0.6432799696922302,410.2154
3750,0.6008639931678772,0.6008639931678772,0.6599099636077881,0.6430792212486267,410.3544
3751,0.600674033164978,0.600674033164978,0.6597076654434204,0.6428759694099426,410.5059
3752,0.6004852056503296,0.6004852056503296,0.6595055460929871,0.6426728963851929,410.6556
3753,0.6002961993217468,0.6002961993217468,0.6593055129051208,0.6424716711044312,410.8027
3754,0.6001080274581909,0.6001080274581909,0.6591066122055054,0.6422715187072754,410.9688
3755,0.5999186038970947,0.5999186038970947,0.658907413482666,0.6420711278915405,411.1654
3756,0.5997298359870911,0.5997298359870911,0.6587074995040894,0.6418703198432922,411.6717
3757,0.5995417833328247,0.5995417833328247,0.6585057973861694,0.641667366027832,412.5059
3758,0.5993532538414001,0.5993532538414001,0.6583081483840942,0.641468346118927,412.9684
3759,0.5991636514663696,0.5991636514663696,0.6581069231033325,0.6412662267684937,413.2376
3760,0.5989757180213928,0.5989757180213928,0.65790855884552,0.6410664916038513,413.3833
3761,0.5987862348556519,0.5987862348556519,0.6577094197273254,0.6408664584159851,413.5233
3762,0.5985972285270691,0.5985972285270691,0.6575101613998413,0.6406660079956055,413.7151
3763,0.5984091758728027,0.5984091758728027,0.6573108434677124,0.640465497970581,413.8435
3764,0.5982210636138916,0.5982210636138916,0.6571114659309387,0.6402648687362671,413.9593
3765,0.5980319976806641,0.5980319976806641,0.6569107174873352,0.6400631070137024,414.0697
3766,0.5978434085845947,0.5978434085845947,0.6567128896713257,0.6398640275001526,414.1881
3767,0.5976545214653015,0.5976545214653015,0.656514585018158,0.6396645307540894,414.2989
3768,0.5974665880203247,0.5974665880203247,0.6563145518302917,0.6394631862640381,414.4284
3769,0.5972774028778076,0.5972774028778076,0.6561142802238464,0.6392619013786316,414.5561
3770,0.5970885157585144,0.5970885157585144,0.6559147834777832,0.6390611529350281,414.6885
3771,0.5968986749649048,0.5968986749649048,0.6557176113128662,0.6388627886772156,414.8274
3772,0.5967119336128235,0.5967119336128235,0.655517578125,0.6386616826057434,414.9848
3773,0.5965224504470825,0.5965224504470825,0.65531986951828,0.6384628415107727,415.15
3774,0.5963336229324341,0.5963336229324341,0.6551222801208496,0.6382640600204468,415.3255
3775,0.5961453318595886,0.5961453318595886,0.6549220085144043,0.6380627155303955,415.4879
3776,0.5959572196006775,0.5959572196006775,0.6547240018844604,0.6378635168075562,415.6139
3777,0.5957687497138977,0.5957687497138977,0.6545242667198181,0.6376625895500183,415.7353
3778,0.5955815315246582,0.5955815315246582,0.6543270349502563,0.6374640464782715,415.8451
3779,0.5953911542892456,0.5953911542892456,0.6541278958320618,0.6372637152671814,415.9549
3780,0.5952037572860718,0.5952037572860718,0.6539284586906433,0.6370630264282227,416.0561
3781,0.5950149893760681,0.5950149893760681,0.6537296175956726,0.636863112449646,416.1556
3782,0.5948258638381958,0.5948258638381958,0.6535311341285706,0.6366634368896484,416.3036
3783,0.5946378707885742,0.5946378707885742,0.6533319354057312,0.6364630460739136,416.4202
3784,0.5944491624832153,0.5944491624832153,0.6531364321708679,0.6362663507461548,416.5496
3785,0.594261109828949,0.594261109828949,0.6529385447502136,0.6360671520233154,416.6743
3786,0.594072163105011,0.594072163105011,0.6527420878410339,0.6358696818351746,416.7939
3787,0.5938841104507446,0.5938841104507446,0.6525435447692871,0.6356699466705322,416.9018
3788,0.5936952829360962,0.5936952829360962,0.6523424983024597,0.6354676485061646,417.0115
3789,0.5935074687004089,0.5935074687004089,0.6521446108818054,0.6352684497833252,417.1146
3790,0.5933185815811157,0.5933185815811157,0.6519479155540466,0.63507080078125,417.2215
3791,0.5931304097175598,0.5931304097175598,0.6517499685287476,0.6348714828491211,417.3294
3792,0.5929418802261353,0.5929418802261353,0.651551365852356,0.6346715688705444,417.4371
3793,0.5927534699440002,0.5927534699440002,0.65135258436203,0.6344715356826782,417.5539
3794,0.5925653576850891,0.5925653576850891,0.6511541604995728,0.6342719793319702,417.6673
3795,0.5923778414726257,0.5923778414726257,0.6509562730789185,0.6340728998184204,417.7827
3796,0.5921891331672668,0.5921891331672668,0.6507590413093567,0.6338744163513184,417.8936
3797,0.5920004844665527,0.5920004844665527,0.6505621075630188,0.633676290512085,418.0021
3798,0.5918124914169312,0.5918124914169312,0.6503679752349854,0.6334810853004456,418.1059
3799,0.5916236042976379,0.5916236042976379,0.6501718163490295,0.6332836151123047,418.2072
3800,0.5914350152015686,0.5914350152015686,0.6499722003936768,0.6330827474594116,418.3093
3801,0.5912476181983948,0.5912476181983948,0.6497742533683777,0.6328836679458618,418.4121
3802,0.5910583734512329,0.5910583734512329,0.6495753526687622,0.6326835751533508,418.5157
3803,0.5908711552619934,0.5908711552619934,0.6493800282478333,0.6324869394302368,418.6248
3804,0.5906821489334106,0.5906821489334106,0.6491817235946655,0.6322873830795288,418.7361
3805,0.5904934406280518,0.5904934406280518,0.6489845514297485,0.6320887804031372,418.8438
3806,0.5903056263923645,0.5903056263923645,0.6487835645675659,0.6318866610527039,418.9464
3807,0.5901185870170593,0.5901185870170593,0.6485841870307922,0.6316861510276794,419.0484
3808,0.5899293422698975,0.5899293422698975,0.6483856439590454,0.6314863562583923,419.1524
3809,0.5897419452667236,0.5897419452667236,0.6481887102127075,0.6312879920005798,419.2538
3810,0.5895533561706543,0.5895533561706543,0.6479953527450562,0.6310933828353882,419.3511
3811,0.589364767074585,0.589364767074585,0.6477991342544556,0.6308959722518921,419.4515
3812,0.5891769528388977,0.5891769528388977,0.6476017236709595,0.6306973695755005,419.5552
3813,0.5889894962310791,0.5889894962310791,0.6474029421806335,0.6304975748062134,419.6558
3814,0.5888007283210754,0.5888007283210754,0.6472059488296509,0.6302993893623352,419.7567
3815,0.5886128544807434,0.5886128544807434,0.647011399269104,0.6301034092903137,419.8588
3816,0.588424563407898,0.588424563407898,0.6468178629875183,0.6299084424972534,419.9672
3817,0.5882366895675659,0.5882366895675659,0.6466177105903625,0.6297071576118469,420.0693
3818,0.5880481004714966,0.5880481004714966,0.6464208364486694,0.6295090317726135,420.1717
3819,0.5878604054450989,0.5878604054450989,0.6462225914001465,0.6293095350265503,420.2725
3820,0.5876716375350952,0.5876716375350952,0.6460288763046265,0.6291144490242004,420.3702
3821,0.5874841809272766,0.5874841809272766,0.6458331346511841,0.628917396068573,420.4691
3822,0.5872967839241028,0.5872967839241028,0.6456366777420044,0.628719687461853,420.5723
3823,0.5871084332466125,0.5871084332466125,0.6454374194145203,0.6285194158554077,420.6725
3824,0.5869201421737671,0.5869201421737671,0.6452404260635376,0.6283211708068848,420.7718
3825,0.5867308378219604,0.5867308378219604,0.6450453996658325,0.6281245350837708,420.8715
3826,0.5865437388420105,0.5865437388420105,0.6448490023612976,0.6279271245002747,420.9728
3827,0.5863572359085083,0.5863572359085083,0.6446518898010254,0.6277285814285278,421.0732
3828,0.5861673355102539,0.5861673355102539,0.6444567441940308,0.6275321245193481,421.1747
3829,0.5859805941581726,0.5859805941581726,0.6442601084709167,0.6273341178894043,421.2775
3830,0.5857922434806824,0.5857922434806824,0.6440624594688416,0.6271353960037231,421.3773
3831,0.585605263710022,0.585605263710022,0.6438665986061096,0.626937985420227,421.4803
3832,0.5854163765907288,0.5854163765907288,0.6436706781387329,0.6267409324645996,421.5807
3833,0.5852283239364624,0.5852283239364624,0.6434774398803711,0.6265465021133423,421.6886
3834,0.585041344165802,0.585041344165802,0.6432808637619019,0.626348614692688,421.792
3835,0.5848525166511536,0.5848525166511536,0.6430858373641968,0.6261522173881531,421.9091
3836,0.5846650004386902,0.5846650004386902,0.6428910493850708,0.6259561777114868,422.0205
3837,0.584477424621582,0.584477424621582,0.6426956057548523,0.625759482383728,422.1233
3838,0.5842899084091187,0.5842899084091187,0.6424989700317383,0.6255614161491394,422.2281
3839,0.5841024518013,0.5841024518013,0.6423021554946899,0.6253633499145508,422.3399
3840,0.5839139223098755,0.5839139223098755,0.6421051621437073,0.6251649856567383,422.456
3841,0.5837273597717285,0.5837273597717285,0.6419089436531067,0.6249675750732422,422.5673
3842,0.5835385918617249,0.5835385918617249,0.6417145729064941,0.6247717142105103,422.6651
3843,0.5833508372306824,0.5833508372306824,0.6415201425552368,0.6245759725570679,422.77
3844,0.5831637382507324,0.5831637382507324,0.6413272023200989,0.6243816018104553,422.8803
3845,0.5829752087593079,0.5829752087593079,0.6411302089691162,0.6241834163665771,422.9912
3846,0.5827881693840027,0.5827881693840027,0.640933096408844,0.6239851713180542,423.0929
3847,0.5825997591018677,0.5825997591018677,0.6407359838485718,0.6237866282463074,423.1919
3848,0.5824130773544312,0.5824130773544312,0.6405438184738159,0.6235934495925903,423.2922
3849,0.58222496509552,0.58222496509552,0.6403509378433228,0.6233990788459778,423.3938
3850,0.5820361971855164,0.5820361971855164,0.6401569247245789,0.6232036352157593,423.4944
3851,0.5818496942520142,0.5818496942520142,0.6399606466293335,0.6230061650276184,423.5904
3852,0.5816625356674194,0.5816625356674194,0.6397632360458374,0.6228073835372925,423.6986
3853,0.581473708152771,0.581473708152771,0.6395671963691711,0.6226099729537964,423.8087
3854,0.5812863111495972,0.5812863111495972,0.6393722295761108,0.6224135756492615,423.9536
3855,0.5810995101928711,0.5810995101928711,0.6391753554344177,0.6222153902053833,424.0701
3856,0.5809106826782227,0.5809106826782227,0.6389816403388977,0.6220203638076782,424.173
3857,0.5807236433029175,0.5807236433029175,0.6387873888015747,0.6218246221542358,424.2914
3858,0.5805351138114929,0.5805351138114929,0.6385928392410278,0.6216288805007935,424.4013
3859,0.5803495049476624,0.5803495049476624,0.638399600982666,0.6214340925216675,424.5044
3860,0.5801621675491333,0.5801621675491333,0.6382046937942505,0.6212379336357117,424.6165
3861,0.579974353313446,0.579974353313446,0.6380106210708618,0.6210426092147827,424.7256
3862,0.5797861218452454,0.5797861218452454,0.6378153562545776,0.6208460330963135,424.8309
3863,0.5795992016792297,0.5795992016792297,0.6376227736473083,0.6206521987915039,424.936
3864,0.5794114470481873,0.5794114470481873,0.6374298930168152,0.6204578280448914,425.0432
3865,0.579224169254303,0.579224169254303,0.6372376680374146,0.6202641725540161,425.1493
3866,0.5790374875068665,0.5790374875068665,0.637041449546814,0.6200666427612305,425.2619
3867,0.5788487195968628,0.5788487195968628,0.6368449926376343,0.6198688745498657,425.3643
3868,0.5786626935005188,0.5786626935005188,0.6366510391235352,0.619673490524292,425.4672
3869,0.5784747004508972,0.5784747004508972,0.6364558935165405,0.6194769144058228,425.7049
3870,0.5782876014709473,0.5782876014709473,0.6362634301185608,0.6192830801010132,425.8052
3871,0.5781005620956421,0.5781005620956421,0.6360675096511841,0.6190858483314514,425.9083
3872,0.5779122114181519,0.5779122114181519,0.6358744502067566,0.6188914775848389,426.0113
3873,0.5777251720428467,0.5777251720428467,0.6356796026229858,0.6186952590942383,426.1141
3874,0.5775381326675415,0.5775381326675415,0.6354870200157166,0.6185012459754944,426.2133
3875,0.5773515701293945,0.5773515701293945,0.6352944374084473,0.6183072924613953,426.3115
3876,0.5771642327308655,0.5771642327308655,0.6350984573364258,0.6181100010871887,426.4109
3877,0.576976478099823,0.576976478099823,0.6349055171012878,0.617915689945221,426.511
3878,0.5767892599105835,0.5767892599105835,0.6347101926803589,0.6177188158035278,426.6071
3879,0.5766017436981201,0.5766017436981201,0.6345187425613403,0.6175259351730347,426.7092
3880,0.5764145255088806,0.5764145255088806,0.6343259811401367,0.6173318028450012,426.8063
3881,0.5762280225753784,0.5762280225753784,0.6341322660446167,0.6171367168426514,426.9065
3882,0.5760408639907837,0.5760408639907837,0.6339398622512817,0.616942822933197,427.0061
3883,0.5758529901504517,0.5758529901504517,0.6337458491325378,0.6167474985122681,427.1059
3884,0.5756667852401733,0.5756667852401733,0.6335498094558716,0.6165501475334167,427.2101
3885,0.5754784345626831,0.5754784345626831,0.6333552598953247,0.6163541674613953,427.3124
3886,0.5752921104431152,0.5752921104431152,0.63316410779953,0.6161616444587708,427.4838
3887,0.5751051306724548,0.5751051306724548,0.6329728960990906,0.6159690618515015,427.5903
3888,0.574917197227478,0.574917197227478,0.6327780485153198,0.6157726645469666,427.6879
3889,0.5747305154800415,0.5747305154800415,0.632583498954773,0.6155768632888794,427.788
3890,0.5745443105697632,0.5745443105697632,0.6323906779289246,0.6153826713562012,427.8901
3891,0.5743562579154968,0.5743562579154968,0.6321998834609985,0.615190327167511,427.9923
3892,0.5741705894470215,0.5741705894470215,0.6320092082023621,0.6149983406066895,428.0895
3893,0.5739830136299133,0.5739830136299133,0.631818413734436,0.6148059964179993,428.1905
3894,0.5737967491149902,0.5737967491149902,0.6316219568252563,0.614608108997345,428.2914
3895,0.5736093521118164,0.5736093521118164,0.6314247846603394,0.6144098043441772,428.3873
3896,0.5734226703643799,0.5734226703643799,0.631234347820282,0.6142178773880005,428.4852
3897,0.5732356309890747,0.5732356309890747,0.6310437917709351,0.6140257120132446,428.5823
3898,0.5730487704277039,0.5730487704277039,0.6308514475822449,0.6138318777084351,428.6845
3899,0.5728619694709778,0.5728619694709778,0.6306577920913696,0.6136367917060852,428.7836
3900,0.5726749300956726,0.5726749300956726,0.6304612755775452,0.6134389638900757,428.8846
3901,0.5724884867668152,0.5724884867668152,0.6302681565284729,0.6132445335388184,428.9867
3902,0.5723016262054443,0.5723016262054443,0.6300770044326782,0.61305171251297,429.0885
3903,0.5721141695976257,0.5721141695976257,0.6298852562904358,0.6128584146499634,429.2625
3904,0.5719283223152161,0.5719283223152161,0.6296964883804321,0.6126683950424194,429.3721
3905,0.571740448474884,0.571740448474884,0.6295035481452942,0.6124739050865173,429.4732
3906,0.5715544819831848,0.5715544819831848,0.6293111443519592,0.6122801303863525,429.5751
3907,0.5713675022125244,0.5713675022125244,0.6291186809539795,0.6120861768722534,429.6786
3908,0.5711807012557983,0.5711807012557983,0.6289260983467102,0.6118922829627991,429.7853
3909,0.5709935426712036,0.5709935426712036,0.6287371516227722,0.6117017865180969,429.9188
3910,0.5708072781562805,0.5708072781562805,0.6285441517829895,0.6115073561668396,430.0344
3911,0.5706202983856201,0.5706202983856201,0.6283516883850098,0.61131352186203,430.138
3912,0.5704342126846313,0.5704342126846313,0.6281615495681763,0.6111219525337219,430.2397
3913,0.5702482461929321,0.5702482461929321,0.6279689073562622,0.6109277009963989,430.3433
3914,0.5700610280036926,0.5700610280036926,0.6277753114700317,0.6107325553894043,430.4463
3915,0.5698741674423218,0.5698741674423218,0.627582311630249,0.6105383634567261,430.551
3916,0.5696877241134644,0.5696877241134644,0.6273902058601379,0.6103445887565613,430.6492
3917,0.5695019364356995,0.5695019364356995,0.6271993517875671,0.6101523637771606,430.7493
3918,0.569313645362854,0.569313645362854,0.6270073652267456,0.6099587678909302,430.8454
3919,0.5691283345222473,0.5691283345222473,0.6268163919448853,0.6097663044929504,430.9445
3920,0.5689427256584167,0.5689427256584167,0.6266263723373413,0.6095749139785767,431.0445
3921,0.5687545537948608,0.5687545537948608,0.6264362335205078,0.6093832850456238,431.1461
3922,0.5685697793960571,0.5685697793960571,0.6262425184249878,0.6091881990432739,431.2479
3923,0.5683814883232117,0.5683814883232117,0.6260503530502319,0.6089944839477539,431.3431
3924,0.5681952238082886,0.5681952238082886,0.6258608102798462,0.6088032722473145,431.438
3925,0.5680094361305237,0.5680094361305237,0.625670313835144,0.6086112856864929,431.5385
3926,0.5678229331970215,0.5678229331970215,0.6254782676696777,0.608417809009552,431.6328
3927,0.5676365494728088,0.5676365494728088,0.6252859830856323,0.6082242727279663,431.766
3928,0.5674505829811096,0.5674505829811096,0.6250942349433899,0.6080308556556702,431.8658
3929,0.5672638416290283,0.5672638416290283,0.6249047517776489,0.6078398823738098,431.9681
3930,0.5670780539512634,0.5670780539512634,0.6247135400772095,0.6076470613479614,432.0724
3931,0.5668914318084717,0.5668914318084717,0.6245228052139282,0.607454776763916,432.1742
3932,0.5667048692703247,0.5667048692703247,0.6243311166763306,0.6072617769241333,432.2736
3933,0.5665189623832703,0.5665189623832703,0.6241415739059448,0.6070705652236938,432.3751
3934,0.5663319826126099,0.5663319826126099,0.6239506602287292,0.6068782806396484,432.4784
3935,0.5661467909812927,0.5661467909812927,0.6237635016441345,0.606689453125,432.5754
3936,0.5659611821174622,0.5659611821174622,0.6235736012458801,0.6064978837966919,432.6748
3937,0.5657743215560913,0.5657743215560913,0.6233798861503601,0.6063028573989868,432.7732
3938,0.5655879974365234,0.5655879974365234,0.623187780380249,0.6061094403266907,432.8724
3939,0.5654019117355347,0.5654019117355347,0.6229991316795349,0.6059191823005676,432.9721
3940,0.5652162432670593,0.5652162432670593,0.6228088140487671,0.6057271957397461,433.0667
3941,0.5650299787521362,0.5650299787521362,0.6226160526275635,0.6055330038070679,433.1655
3942,0.5648428201675415,0.5648428201675415,0.6224266290664673,0.6053420305252075,433.2596
3943,0.5646570920944214,0.5646570920944214,0.6222351789474487,0.6051490306854248,433.3592
3944,0.5644716024398804,0.5644716024398804,0.6220442652702332,0.6049566864967346,433.4597
3945,0.5642840266227722,0.5642840266227722,0.621857762336731,0.6047683954238892,433.5704
3946,0.5640988945960999,0.5640988945960999,0.6216690540313721,0.6045781373977661,433.6776
3947,0.5639129877090454,0.5639129877090454,0.621478259563446,0.6043858528137207,433.7804
3948,0.5637272000312805,0.5637272000312805,0.6212872266769409,0.6041933298110962,433.8832
3949,0.5635418891906738,0.5635418891906738,0.6210976243019104,0.6040023565292358,433.9823
3950,0.5633558034896851,0.5633558034896851,0.6209077835083008,0.6038109660148621,434.0773
3951,0.5631694197654724,0.5631694197654724,0.6207196712493896,0.6036210656166077,434.1772
3952,0.5629832744598389,0.5629832744598389,0.6205326318740845,0.6034324765205383,434.2808
3953,0.5627983808517456,0.5627983808517456,0.6203408241271973,0.6032392382621765,434.3774
3954,0.5626124739646912,0.5626124739646912,0.6201461553573608,0.6030431985855103,434.4752
3955,0.5624265670776367,0.5624265670776367,0.6199554204940796,0.6028508543968201,434.5732
3956,0.5622408986091614,0.5622408986091614,0.6197680234909058,0.6026617884635925,434.6958
3957,0.5620545148849487,0.5620545148849487,0.6195806860923767,0.6024727821350098,434.8074
3958,0.5618686079978943,0.5618686079978943,0.6193930506706238,0.6022834181785583,434.9127
3959,0.5616828203201294,0.5616828203201294,0.6192029714584351,0.6020919680595398,435.0141
3960,0.561497151851654,0.561497151851654,0.6190125942230225,0.6019001603126526,435.1315
3961,0.5613119602203369,0.5613119602203369,0.6188229322433472,0.6017091870307922,435.2868
3962,0.5611264705657959,0.5611264705657959,0.6186364889144897,0.6015210151672363,435.3972
3963,0.5609404444694519,0.5609404444694519,0.6184470057487488,0.6013299822807312,435.4997
3964,0.5607547163963318,0.5607547163963318,0.6182572245597839,0.6011384129524231,435.6145
3965,0.5605688095092773,0.5605688095092773,0.6180680394172668,0.6009477972984314,435.7349
3966,0.5603844523429871,0.5603844523429871,0.6178771257400513,0.6007549166679382,435.8574
3967,0.5601977109909058,0.5601977109909058,0.6176868081092834,0.6005632281303406,435.9874
3968,0.5600124597549438,0.5600124597549438,0.6174968481063843,0.6003717184066772,436.1201
3969,0.5598264932632446,0.5598264932632446,0.617308497428894,0.6001816987991333,436.284
3970,0.5596411228179932,0.5596411228179932,0.6171234846115112,0.5999950170516968,436.4048
3971,0.559456467628479,0.559456467628479,0.6169344186782837,0.5998043417930603,436.5158
3972,0.5592710375785828,0.5592710375785828,0.6167454719543457,0.5996140241622925,436.6164
3973,0.5590855479240417,0.5590855479240417,0.6165556907653809,0.5994227528572083,436.7201
3974,0.5589006543159485,0.5589006543159485,0.616366982460022,0.5992323756217957,436.8251
3975,0.5587145686149597,0.5587145686149597,0.6161819100379944,0.5990456342697144,436.9263
3976,0.558530330657959,0.558530330657959,0.6159948706626892,0.5988567471504211,437.0239
3977,0.5583438277244568,0.5583438277244568,0.6158066987991333,0.5986670851707458,437.1241
3978,0.5581591725349426,0.5581591725349426,0.6156171560287476,0.5984760522842407,437.2322
3979,0.5579732656478882,0.5579732656478882,0.6154259443283081,0.5982834100723267,437.3469
3980,0.5577875971794128,0.5577875971794128,0.6152390241622925,0.5980947017669678,437.4548
3981,0.5576027035713196,0.5576027035713196,0.6150510311126709,0.5979049801826477,437.561
3982,0.5574179887771606,0.5574179887771606,0.6148625612258911,0.597714900970459,437.6707
3983,0.5572327375411987,0.5572327375411987,0.6146730184555054,0.5975240468978882,437.7988
3984,0.5570464730262756,0.5570464730262756,0.614484429359436,0.5973336100578308,437.9071
3985,0.5568615198135376,0.5568615198135376,0.6142979860305786,0.5971454381942749,438.0164
3986,0.5566766858100891,0.5566766858100891,0.6141114234924316,0.5969573259353638,438.1192
3987,0.5564912557601929,0.5564912557601929,0.6139248013496399,0.5967689752578735,438.2348
3988,0.5563062429428101,0.5563062429428101,0.6137340068817139,0.5965766310691833,438.3405
3989,0.5561211705207825,0.5561211705207825,0.613547682762146,0.5963886976242065,438.4406
3990,0.5559364557266235,0.5559364557266235,0.6133614778518677,0.5962008237838745,438.5401
3991,0.5557509064674377,0.5557509064674377,0.6131733059883118,0.5960110425949097,438.6383
3992,0.5555656552314758,0.5555656552314758,0.6129851341247559,0.5958210825920105,438.7417
3993,0.5553814172744751,0.5553814172744751,0.6127961277961731,0.5956305265426636,438.8407
3994,0.5551959872245789,0.5551959872245789,0.6126092076301575,0.5954420566558838,438.9487
3995,0.5550106167793274,0.5550106167793274,0.6124216318130493,0.5952528119087219,439.0492
3996,0.5548264980316162,0.5548264980316162,0.6122350096702576,0.5950644612312317,439.1511
3997,0.55464106798172,0.55464106798172,0.6120480298995972,0.5948757529258728,439.2583
3998,0.5544561147689819,0.5544561147689819,0.6118605732917786,0.5946868062019348,439.3628
3999,0.5542712807655334,0.5542712807655334,0.6116749048233032,0.5944994688034058,439.468
4000,0.5540869832038879,0.5540869832038879,0.6114883422851562,0.5943113565444946,439.5712
4001,0.5539017915725708,0.5539017915725708,0.6113037467002869,0.5941249132156372,439.6684
4002,0.5537177324295044,0.5537177324295044,0.6111136674880981,0.5939333438873291,439.7747
4003,0.5535327792167664,0.5535327792167664,0.6109268665313721,0.5937447547912598,439.8756
4004,0.5533470511436462,0.5533470511436462,0.6107391119003296,0.5935553312301636,439.9778
4005,0.5531625151634216,0.5531625151634216,0.610554039478302,0.5933685302734375,440.0817
4006,0.5529782176017761,0.5529782176017761,0.610364556312561,0.5931773781776428,440.1835
4007,0.5527927875518799,0.5527927875518799,0.6101793050765991,0.592990517616272,440.2842
4008,0.5526083707809448,0.5526083707809448,0.6099928617477417,0.5928024053573608,440.3862
4009,0.5524247288703918,0.5524247288703918,0.6098054647445679,0.592613160610199,440.4888
4010,0.5522395968437195,0.5522395968437195,0.6096203327178955,0.5924264788627625,440.5961
4011,0.5520555973052979,0.5520555973052979,0.6094316244125366,0.5922362804412842,440.7057
4012,0.5518706440925598,0.5518706440925598,0.6092458963394165,0.5920487642288208,440.8113
4013,0.5516852736473083,0.5516852736473083,0.6090625524520874,0.591863751411438,440.9122
4014,0.5515012741088867,0.5515012741088867,0.6088761687278748,0.5916754603385925,441.0147
4015,0.5513168573379517,0.5513168573379517,0.6086889505386353,0.5914865732192993,441.113
4016,0.5511318445205688,0.5511318445205688,0.6085032224655151,0.5912992358207703,441.2178
4017,0.5509473085403442,0.5509473085403442,0.6083150506019592,0.5911093950271606,441.3182
4018,0.5507637858390808,0.5507637858390808,0.6081298589706421,0.590922474861145,441.4131
4019,0.5505802035331726,0.5505802035331726,0.6079431772232056,0.59073406457901,441.5098
4020,0.5503951907157898,0.5503951907157898,0.6077569127082825,0.5905460119247437,441.6246
4021,0.5502102375030518,0.5502102375030518,0.6075710654258728,0.5903584361076355,441.7407
4022,0.5500262975692749,0.5500262975692749,0.6073867082595825,0.5901724696159363,441.8523
4023,0.5498420000076294,0.5498420000076294,0.6071997880935669,0.5899838209152222,441.9545
4024,0.549656867980957,0.549656867980957,0.6070134043693542,0.589795708656311,442.0555
4025,0.5494735836982727,0.5494735836982727,0.6068267822265625,0.5896074771881104,442.1565
4026,0.5492891073226929,0.5492891073226929,0.6066425442695618,0.5894213914871216,442.2569
4027,0.549104630947113,0.549104630947113,0.6064569354057312,0.5892340540885925,442.362
4028,0.548920214176178,0.548920214176178,0.6062713861465454,0.5890467762947083,442.4751
4029,0.5487367510795593,0.5487367510795593,0.6060864329338074,0.5888599157333374,442.5829
4030,0.5485516786575317,0.5485516786575317,0.6059006452560425,0.5886725187301636,442.6818
4031,0.5483676791191101,0.5483676791191101,0.605714738368988,0.5884848237037659,442.7813
4032,0.5481842756271362,0.5481842756271362,0.6055293679237366,0.5882977247238159,442.8835
4033,0.5479992628097534,0.5479992628097534,0.6053420305252075,0.5881086587905884,442.9818
4034,0.5478161573410034,0.5478161573410034,0.6051586866378784,0.5879237055778503,443.0824
4035,0.5476323366165161,0.5476323366165161,0.6049737334251404,0.5877369046211243,443.1803
4036,0.5474472045898438,0.5474472045898438,0.6047885417938232,0.587550163269043,443.2827
4037,0.547263503074646,0.547263503074646,0.6046040058135986,0.5873638391494751,443.3861
4038,0.5470804572105408,0.5470804572105408,0.6044195890426636,0.587177574634552,443.4893
4039,0.5468970537185669,0.5468970537185669,0.6042345762252808,0.5869908332824707,443.594
4040,0.5467120409011841,0.5467120409011841,0.6040490865707397,0.5868037343025208,443.6966
4041,0.5465280413627625,0.5465280413627625,0.6038645505905151,0.5866173505783081,443.8005
4042,0.5463435053825378,0.5463435053825378,0.6036803722381592,0.5864314436912537,443.9014
4043,0.5461600422859192,0.5461600422859192,0.6034959554672241,0.5862452387809753,444.0001
4044,0.5459775328636169,0.5459775328636169,0.6033121347427368,0.5860595107078552,444.1008
4045,0.5457931756973267,0.5457931756973267,0.6031266450881958,0.5858722925186157,444.201
4046,0.5456089377403259,0.5456089377403259,0.6029424667358398,0.5856865644454956,444.301
4047,0.5454257130622864,0.5454257130622864,0.6027570962905884,0.5854991674423218,444.3981
4048,0.5452418327331543,0.5452418327331543,0.6025716066360474,0.5853118300437927,444.5025
4049,0.5450581312179565,0.5450581312179565,0.6023887991905212,0.5851273536682129,444.6047
4050,0.5448745489120483,0.5448745489120483,0.6022065877914429,0.5849435329437256,444.7072
4051,0.5446904897689819,0.5446904897689819,0.6020223498344421,0.5847574472427368,444.829
4052,0.5445074439048767,0.5445074439048767,0.6018367409706116,0.584570050239563,444.994
4053,0.5443231463432312,0.5443231463432312,0.6016530990600586,0.5843844413757324,445.1051
4054,0.5441397428512573,0.5441397428512573,0.6014687418937683,0.5841983556747437,445.2065
4055,0.5439567565917969,0.5439567565917969,0.6012832522392273,0.5840111970901489,445.3124
4056,0.5437727570533752,0.5437727570533752,0.6010997295379639,0.5838257670402527,445.4115
4057,0.54358971118927,0.54358971118927,0.6009136438369751,0.5836380124092102,445.5076
4058,0.5434056520462036,0.5434056520462036,0.6007305383682251,0.5834529995918274,445.6069
4059,0.5432235598564148,0.5432235598564148,0.6005467176437378,0.583267331123352,445.712
4060,0.5430400371551514,0.5430400371551514,0.6003653407096863,0.583084225654602,445.8096
4061,0.5428553223609924,0.5428553223609924,0.6001803278923035,0.5828976035118103,445.9058
4062,0.5426725149154663,0.5426725149154663,0.5999966859817505,0.5827119946479797,446.0043
4063,0.5424892902374268,0.5424892902374268,0.5998131632804871,0.5825268626213074,446.1024
4064,0.542306125164032,0.542306125164032,0.5996299982070923,0.5823417901992798,446.1984
4065,0.5421227216720581,0.5421227216720581,0.5994455814361572,0.5821553468704224,446.2972
4066,0.5419391393661499,0.5419391393661499,0.5992628335952759,0.5819708108901978,446.399
4067,0.5417558550834656,0.5417558550834656,0.5990782976150513,0.5817844867706299,446.4977
4068,0.5415728092193604,0.5415728092193604,0.598895251750946,0.5815995931625366,446.5977
4069,0.5413898229598999,0.5413898229598999,0.5987108945846558,0.5814134478569031,446.7014
4070,0.5412065982818604,0.5412065982818604,0.5985304117202759,0.5812312364578247,446.8029
4071,0.5410240888595581,0.5410240888595581,0.5983484983444214,0.5810472369194031,446.9001
4072,0.5408403873443604,0.5408403873443604,0.5981666445732117,0.5808637738227844,447.0008
4073,0.5406579375267029,0.5406579375267029,0.5979832410812378,0.5806785821914673,447.105
4074,0.5404747724533081,0.5404747724533081,0.5978009700775146,0.5804945230484009,447.2062
4075,0.5402915477752686,0.5402915477752686,0.5976163148880005,0.5803079605102539,447.3054
4076,0.5401087999343872,0.5401087999343872,0.5974321365356445,0.5801221132278442,447.4076
4077,0.5399256944656372,0.5399256944656372,0.597252368927002,0.5799401998519897,447.5104
4078,0.5397434234619141,0.5397434234619141,0.597070574760437,0.5797562599182129,447.6083
4079,0.5395606756210327,0.5395606756210327,0.5968840718269348,0.5795682072639465,447.7142
4080,0.5393773317337036,0.5393773317337036,0.5966998338699341,0.5793821811676025,447.8125
4081,0.5391947031021118,0.5391947031021118,0.596518874168396,0.5791994333267212,447.9119
4082,0.5390112996101379,0.5390112996101379,0.5963383913040161,0.5790170431137085,448.0107
4083,0.5388290882110596,0.5388290882110596,0.5961579084396362,0.5788346529006958,448.1071
4084,0.5386461019515991,0.5386461019515991,0.5959766507148743,0.5786516070365906,448.2094
4085,0.5384644865989685,0.5384644865989685,0.595791220664978,0.5784645080566406,448.313
4086,0.5382809638977051,0.5382809638977051,0.5956065058708191,0.5782778859138489,448.4166
4087,0.5380972623825073,0.5380972623825073,0.5954239964485168,0.5780934691429138,448.518
4088,0.5379155278205872,0.5379155278205872,0.5952421426773071,0.5779095888137817,448.615
4089,0.5377331972122192,0.5377331972122192,0.5950621962547302,0.5777274966239929,448.7169
4090,0.537550151348114,0.537550151348114,0.5948795080184937,0.5775430798530579,448.819
4091,0.5373672246932983,0.5373672246932983,0.5946965217590332,0.5773581266403198,448.9219
4092,0.5371848344802856,0.5371848344802856,0.594512403011322,0.577172577381134,449.0185
4093,0.5370023846626282,0.5370023846626282,0.5943316221237183,0.5769898295402527,449.1152
4094,0.5368194580078125,0.5368194580078125,0.5941516160964966,0.576807975769043,449.2131
4095,0.5366370677947998,0.5366370677947998,0.5939728021621704,0.5766271352767944,449.3083
4096,0.5364550352096558,0.5364550352096558,0.5937910676002502,0.5764435529708862,449.4104
4097,0.5362719297409058,0.5362719297409058,0.5936095118522644,0.5762602090835571,449.5132
4098,0.5360898971557617,0.5360898971557617,0.5934256315231323,0.5760742425918579,449.6143
4099,0.5359072089195251,0.5359072089195251,0.5932429432868958,0.5758897066116333,449.7176
4100,0.5357257723808289,0.5357257723808289,0.5930616855621338,0.5757065415382385,449.8144
4101,0.5355437994003296,0.5355437994003296,0.592880129814148,0.5755230784416199,449.9161
4102,0.5353611707687378,0.5353611707687378,0.5927001237869263,0.5753410458564758,450.0207
4103,0.5351787805557251,0.5351787805557251,0.5925194025039673,0.575158417224884,450.1173
4104,0.5349961519241333,0.5349961519241333,0.5923393368721008,0.5749767422676086,450.2157
4105,0.5348143577575684,0.5348143577575684,0.592157244682312,0.574792742729187,450.3108
4106,0.5346322655677795,0.5346322655677795,0.5919762849807739,0.5746099352836609,450.4197
4107,0.5344499349594116,0.5344499349594116,0.5917950868606567,0.5744267702102661,450.5386
4108,0.5342683792114258,0.5342683792114258,0.5916141271591187,0.5742438435554504,450.6533
4109,0.5340856313705444,0.5340856313705444,0.5914316177368164,0.5740593671798706,450.7735
4110,0.533903956413269,0.533903956413269,0.5912486910820007,0.5738743543624878,450.8824
4111,0.5337213277816772,0.5337213277816772,0.5910669565200806,0.5736907124519348,450.9847
4112,0.5335399508476257,0.5335399508476257,0.5908857583999634,0.5735077261924744,451.0895
4113,0.5333585143089294,0.5333585143089294,0.5907042622566223,0.5733242034912109,451.1877
4114,0.5331762433052063,0.5331762433052063,0.5905245542526245,0.573142409324646,451.2845
4115,0.5329939723014832,0.5329939723014832,0.590345025062561,0.572961151599884,451.3867
4116,0.5328122973442078,0.5328122973442078,0.5901669263839722,0.5727812051773071,451.4882
4117,0.5326305627822876,0.5326305627822876,0.5899876356124878,0.5725999474525452,451.6011
4118,0.5324482917785645,0.5324482917785645,0.5898079872131348,0.5724183320999146,451.7254
4119,0.5322669148445129,0.5322669148445129,0.589625358581543,0.5722337961196899,451.8338
4120,0.532084584236145,0.532084584236145,0.5894440412521362,0.5720505714416504,451.9462
4121,0.531902551651001,0.531902551651001,0.5892626047134399,0.5718671083450317,452.0809
4122,0.5317213535308838,0.5317213535308838,0.5890828371047974,0.571685254573822,452.2706
4123,0.5315398573875427,0.5315398573875427,0.5889036059379578,0.5715040564537048,452.4334
4124,0.5313584804534912,0.5313584804534912,0.5887246131896973,0.571323037147522,452.6501
4125,0.5311765670776367,0.5311765670776367,0.5885422229766846,0.571138858795166,452.7774
4126,0.5309950709342957,0.5309950709342957,0.5883618593215942,0.5709566473960876,452.8919
4127,0.5308130979537964,0.5308130979537964,0.5881839990615845,0.5707768201828003,453.1073
4128,0.530632495880127,0.530632495880127,0.5880057215690613,0.5705965161323547,453.2243
4129,0.5304509401321411,0.5304509401321411,0.5878263115882874,0.5704151391983032,453.3435
4130,0.5302684307098389,0.5302684307098389,0.5876448750495911,0.5702317357063293,453.6497
4131,0.5300880074501038,0.5300880074501038,0.5874632000923157,0.5700480341911316,453.9043
4132,0.5299066305160522,0.5299066305160522,0.5872858762741089,0.5698686838150024,454.0461
4133,0.5297250151634216,0.5297250151634216,0.5871062874794006,0.5696870684623718,454.1696
4134,0.5295436978340149,0.5295436978340149,0.5869256258010864,0.5695043802261353,454.2882
4135,0.5293620824813843,0.5293620824813843,0.5867457985877991,0.5693227648735046,454.4
4136,0.529180645942688,0.529180645942688,0.5865658521652222,0.5691409111022949,454.5033
4137,0.5289996266365051,0.5289996266365051,0.5863875150680542,0.5689606666564941,454.6073
4138,0.5288186073303223,0.5288186073303223,0.5862083435058594,0.5687793493270874,454.7168
4139,0.5286372900009155,0.5286372900009155,0.5860310792922974,0.5686001777648926,454.8249
4140,0.5284551978111267,0.5284551978111267,0.5858521461486816,0.5684190988540649,454.9433
4141,0.5282748937606812,0.5282748937606812,0.58567214012146,0.5682371258735657,455.0711
4142,0.5280932188034058,0.5280932188034058,0.5854901075363159,0.5680531859397888,455.2012
4143,0.5279121994972229,0.5279121994972229,0.5853102207183838,0.5678712129592896,455.74
4144,0.5277304649353027,0.5277304649353027,0.585131049156189,0.5676900148391724,455.9405
4145,0.5275499224662781,0.5275499224662781,0.5849539041519165,0.5675109624862671,456.4897
4146,0.5273699164390564,0.5273699164390564,0.5847756266593933,0.567330539226532,456.6441
4147,0.5271885991096497,0.5271885991096497,0.5845974683761597,0.5671504735946655,456.8008
4148,0.5270079970359802,0.5270079970359802,0.5844205617904663,0.566971480846405,456.9357
4149,0.5268265008926392,0.5268265008926392,0.5842403769493103,0.5667893290519714,457.0543
4150,0.526645839214325,0.526645839214325,0.5840615034103394,0.5666085481643677,457.2114
4151,0.526465117931366,0.526465117931366,0.5838820338249207,0.5664271116256714,457.3301
4152,0.5262840986251831,0.5262840986251831,0.5837030410766602,0.566245973110199,457.4508
4153,0.526103138923645,0.526103138923645,0.5835250616073608,0.5660659074783325,457.6183
4154,0.5259221792221069,0.5259221792221069,0.5833476185798645,0.5658863186836243,457.7365
4155,0.525741457939148,0.525741457939148,0.5831694602966309,0.565706193447113,457.8539
4156,0.5255616307258606,0.5255616307258606,0.5829888582229614,0.5655237436294556,457.9688
4157,0.525380551815033,0.525380551815033,0.5828097462654114,0.5653425455093384,458.2351
4158,0.5251995921134949,0.5251995921134949,0.5826333165168762,0.5651640892028809,458.3438
4159,0.5250190496444702,0.5250190496444702,0.5824556350708008,0.5649843215942383,458.445
4160,0.5248386263847351,0.5248386263847351,0.5822771787643433,0.564803957939148,458.5536
4161,0.5246578454971313,0.5246578454971313,0.582099974155426,0.5646246075630188,458.6682
4162,0.5244776606559753,0.5244776606559753,0.5819198489189148,0.5644424557685852,458.7793
4163,0.5242973566055298,0.5242973566055298,0.581741213798523,0.5642617344856262,458.8885
4164,0.5241171717643738,0.5241171717643738,0.5815613865852356,0.5640798807144165,458.9924
4165,0.5239359140396118,0.5239359140396118,0.5813854932785034,0.5639017820358276,459.0987
4166,0.5237559080123901,0.5237559080123901,0.5812081098556519,0.5637222528457642,459.206
4167,0.523575484752655,0.523575484752655,0.5810288190841675,0.5635408759117126,459.3083
4168,0.5233942270278931,0.5233942270278931,0.5808503031730652,0.5633606910705566,459.4173
4169,0.52321457862854,0.52321457862854,0.5806765556335449,0.5631846785545349,459.5238
4170,0.523033618927002,0.523033618927002,0.5804991722106934,0.563005268573761,459.6312
4171,0.5228534936904907,0.5228534936904907,0.5803235769271851,0.5628276467323303,459.7449
4172,0.5226737856864929,0.5226737856864929,0.5801454782485962,0.5626475214958191,459.8646
4173,0.5224927663803101,0.5224927663803101,0.5799659490585327,0.5624660849571228,459.9721
4174,0.5223130583763123,0.5223130583763123,0.5797890424728394,0.5622867345809937,460.0837
4175,0.5221332311630249,0.5221332311630249,0.5796114206314087,0.5621070265769958,460.2226
4176,0.5219522714614868,0.5219522714614868,0.5794349908828735,0.561928391456604,460.3513
4177,0.5217731595039368,0.5217731595039368,0.5792573690414429,0.5617488026618958,460.461
4178,0.5215928554534912,0.5215928554534912,0.5790804028511047,0.5615698099136353,460.5643
4179,0.5214138627052307,0.5214138627052307,0.5789052248001099,0.5613926649093628,460.6794
4180,0.5212332010269165,0.5212332010269165,0.5787281394004822,0.5612136125564575,460.7902
4181,0.5210537314414978,0.5210537314414978,0.5785508751869202,0.5610342025756836,460.8986
4182,0.5208722949028015,0.5208722949028015,0.5783752799034119,0.5608566403388977,461.0739
4183,0.5206931829452515,0.5206931829452515,0.5781970024108887,0.5606762170791626,461.2104
4184,0.5205144286155701,0.5205144286155701,0.5780187845230103,0.5604956746101379,461.3242
4185,0.5203335881233215,0.5203335881233215,0.5778406858444214,0.5603156089782715,461.4402
4186,0.5201533436775208,0.5201533436775208,0.5776631832122803,0.5601359605789185,461.5485
4187,0.519973874092102,0.519973874092102,0.577488124370575,0.5599586367607117,461.6568
4188,0.5197941064834595,0.5197941064834595,0.577313244342804,0.5597817301750183,461.7599
4189,0.5196141004562378,0.5196141004562378,0.5771368145942688,0.5596033334732056,461.8813
4190,0.5194346308708191,0.5194346308708191,0.5769594311714172,0.5594238042831421,462.0212
4191,0.5192553997039795,0.5192553997039795,0.5767824053764343,0.5592446327209473,462.1533
4192,0.5190762281417847,0.5190762281417847,0.5766056776046753,0.5590658783912659,462.2741
4193,0.5188959836959839,0.5188959836959839,0.5764271020889282,0.5588852167129517,462.3844
4194,0.5187159776687622,0.5187159776687622,0.5762525796890259,0.5587083697319031,462.4982
4195,0.5185381174087524,0.5185381174087524,0.5760787725448608,0.5585323572158813,462.6137
4196,0.5183579325675964,0.5183579325675964,0.5759007930755615,0.5583521723747253,462.7296
4197,0.5181782841682434,0.5181782841682434,0.5757237672805786,0.5581732392311096,462.853
4198,0.5179986357688904,0.5179986357688904,0.57554692029953,0.5579942464828491,462.9765
4199,0.5178197622299194,0.5178197622299194,0.5753704309463501,0.557815670967102,463.1011
4200,0.5176412463188171,0.5176412463188171,0.5751975774765015,0.5576406717300415,463.2161
4201,0.5174612998962402,0.5174612998962402,0.5750238299369812,0.5574647188186646,463.3478
4202,0.5172815322875977,0.5172815322875977,0.5748472213745117,0.5572861433029175,463.4627
4203,0.5171012282371521,0.5171012282371521,0.5746701955795288,0.5571069717407227,463.5751
4204,0.5169230103492737,0.5169230103492737,0.5744940042495728,0.5569284558296204,463.7065
4205,0.5167441964149475,0.5167441964149475,0.5743182897567749,0.5567506551742554,463.8249
4206,0.5165642499923706,0.5165642499923706,0.5741434693336487,0.5565736889839172,463.9284
4207,0.5163854360580444,0.5163854360580444,0.5739682912826538,0.5563963055610657,464.0444
4208,0.5162066221237183,0.5162066221237183,0.5737942457199097,0.5562201738357544,464.2184
4209,0.5160269737243652,0.5160269737243652,0.5736199617385864,0.5560435652732849,464.3359
4210,0.5158478617668152,0.5158478617668152,0.5734449625015259,0.5558666586875916,464.4515
4211,0.5156684517860413,0.5156684517860413,0.5732694864273071,0.5556890368461609,464.5625
4212,0.5154900550842285,0.5154900550842285,0.573093056678772,0.5555105209350586,464.6671
4213,0.5153115391731262,0.5153115391731262,0.5729170441627502,0.5553323030471802,464.7735
4214,0.5151324272155762,0.5151324272155762,0.572741687297821,0.5551548004150391,464.8772
4215,0.5149532556533813,0.5149532556533813,0.5725675225257874,0.5549782514572144,464.9809
4216,0.5147749185562134,0.5147749185562134,0.5723910927772522,0.5547996759414673,465.0909
4217,0.5145956873893738,0.5145956873893738,0.5722158551216125,0.5546221733093262,465.2046
4218,0.5144163370132446,0.5144163370132446,0.5720399618148804,0.5544441342353821,465.3161
4219,0.5142379999160767,0.5142379999160767,0.5718643069267273,0.5542665123939514,465.4188
4220,0.5140600204467773,0.5140600204467773,0.5716906189918518,0.5540904998779297,465.5248
4221,0.513880729675293,0.513880729675293,0.5715152025222778,0.5539127588272095,465.6346
4222,0.513702392578125,0.513702392578125,0.5713412165641785,0.5537367463111877,465.7433
4223,0.513524055480957,0.513524055480957,0.5711652040481567,0.5535586476325989,465.8469
4224,0.513344407081604,0.513344407081604,0.5709891319274902,0.5533803701400757,465.9557
4225,0.5131655931472778,0.5131655931472778,0.5708147287368774,0.5532037019729614,466.08
4226,0.5129877924919128,0.5129877924919128,0.5706403851509094,0.5530269145965576,466.1906
4227,0.5128086805343628,0.5128086805343628,0.5704649686813354,0.552849531173706,466.2945
4228,0.5126304030418396,0.5126304030418396,0.5702905654907227,0.5526729822158813,466.4005
4229,0.5124525427818298,0.5124525427818298,0.5701187252998352,0.5524986982345581,466.5066
4230,0.5122739672660828,0.5122739672660828,0.5699445009231567,0.5523223280906677,466.6137
4231,0.5120947957038879,0.5120947957038879,0.5697704553604126,0.5521460771560669,466.7276
4232,0.511916995048523,0.511916995048523,0.5695967674255371,0.5519703030586243,466.8345
4233,0.511738121509552,0.511738121509552,0.56942218542099,0.5517935156822205,466.9369
4234,0.5115604996681213,0.5115604996681213,0.5692482590675354,0.5516173243522644,467.043
4235,0.5113812685012817,0.5113812685012817,0.5690754652023315,0.5514424443244934,467.1476
4236,0.5112036466598511,0.5112036466598511,0.5689008831977844,0.5512655377388,467.2538
4237,0.511025607585907,0.511025607585907,0.5687270760536194,0.551089346408844,467.3746
4238,0.5108479261398315,0.5108479261398315,0.5685529708862305,0.5509130954742432,467.4883
4239,0.510670006275177,0.510670006275177,0.5683811902999878,0.5507391691207886,467.593
4240,0.5104910135269165,0.5104910135269165,0.5682070255279541,0.5505627393722534,467.7112
4241,0.5103133916854858,0.5103133916854858,0.5680340528488159,0.5503877997398376,467.8276
4242,0.5101346373558044,0.5101346373558044,0.5678595304489136,0.5502110719680786,467.9447
4243,0.5099568367004395,0.5099568367004395,0.5676854848861694,0.5500345826148987,468.0624
4244,0.5097792744636536,0.5097792744636536,0.567513644695282,0.5498603582382202,468.1715
4245,0.5096011161804199,0.5096011161804199,0.5673385858535767,0.5496832132339478,468.2755
4246,0.5094232559204102,0.5094232559204102,0.5671650171279907,0.5495073795318604,468.3799
4247,0.5092446208000183,0.5092446208000183,0.5669900178909302,0.5493301153182983,468.484
4248,0.5090669393539429,0.5090669393539429,0.5668158531188965,0.5491536855697632,468.5902
4249,0.5088897943496704,0.5088897943496704,0.5666432976722717,0.5489791035652161,468.6966
4250,0.5087121725082397,0.5087121725082397,0.566470742225647,0.5488041639328003,468.8009
4251,0.5085345506668091,0.5085345506668091,0.5662985444068909,0.548629641532898,468.9053
4252,0.5083574056625366,0.5083574056625366,0.5661231279373169,0.5484520792961121,469.0202
4253,0.508179247379303,0.508179247379303,0.5659493207931519,0.5482760071754456,469.155
4254,0.5080024003982544,0.5080024003982544,0.5657743215560913,0.548098623752594,469.2786
4255,0.5078244209289551,0.5078244209289551,0.5656032562255859,0.5479252934455872,469.3946
4256,0.5076459646224976,0.5076459646224976,0.5654312968254089,0.5477508306503296,469.5019
4257,0.5074691772460938,0.5074691772460938,0.5652562379837036,0.5475736856460571,469.6108
4258,0.5072914361953735,0.5072914361953735,0.5650832653045654,0.547398567199707,469.7187
4259,0.5071130990982056,0.5071130990982056,0.5649117231369019,0.547224760055542,469.8253
4260,0.5069355964660645,0.5069355964660645,0.5647405385971069,0.5470513105392456,469.9319
4261,0.5067586898803711,0.5067586898803711,0.5645682215690613,0.5468765497207642,470.0327
4262,0.50658118724823,0.50658118724823,0.5643945932388306,0.5467007160186768,470.1318
4263,0.5064038038253784,0.5064038038253784,0.5642212629318237,0.546525239944458,470.2367
4264,0.5062267184257507,0.5062267184257507,0.5640470385551453,0.5463486909866333,470.3422
4265,0.5060499906539917,0.5060499906539917,0.563875675201416,0.5461750030517578,470.4453
4266,0.5058718919754028,0.5058718919754028,0.5637049078941345,0.5460018515586853,470.5486
4267,0.5056953430175781,0.5056953430175781,0.5635334849357605,0.5458282232284546,470.6522
4268,0.5055179595947266,0.5055179595947266,0.5633624196052551,0.5456547737121582,470.7575
4269,0.5053402781486511,0.5053402781486511,0.5631905794143677,0.5454807877540588,470.8644
4270,0.5051639676094055,0.5051639676094055,0.5630175471305847,0.5453054904937744,470.9697
4271,0.5049859285354614,0.5049859285354614,0.5628442764282227,0.5451299548149109,471.0759
4272,0.5048099756240845,0.5048099756240845,0.5626717805862427,0.5449551343917847,471.1763
4273,0.5046330094337463,0.5046330094337463,0.5624995231628418,0.5447805523872375,471.2866
4274,0.5044547915458679,0.5044547915458679,0.5623273253440857,0.5446058511734009,471.3929
4275,0.5042780637741089,0.5042780637741089,0.5621557831764221,0.5444320440292358,471.5011
4276,0.5041014552116394,0.5041014552116394,0.5619838833808899,0.5442577600479126,471.6076
4277,0.5039254426956177,0.5039254426956177,0.5618118643760681,0.5440835356712341,471.7506
4278,0.5037477016448975,0.5037477016448975,0.5616410970687866,0.5439104437828064,471.8647
4279,0.503571629524231,0.503571629524231,0.5614694952964783,0.5437365770339966,471.9675
4280,0.503393828868866,0.503393828868866,0.5612962245941162,0.5435611009597778,472.0752
4281,0.5032172799110413,0.5032172799110413,0.561125636100769,0.5433880686759949,472.1767
4282,0.5030399560928345,0.5030399560928345,0.5609542727470398,0.5432143211364746,472.2816
4283,0.5028641819953918,0.5028641819953918,0.5607811212539673,0.5430389046669006,472.3975
4284,0.5026875734329224,0.5026875734329224,0.5606096982955933,0.5428650379180908,472.5209
4285,0.5025104880332947,0.5025104880332947,0.5604373216629028,0.5426904559135437,472.6299
4286,0.5023341178894043,0.5023341178894043,0.5602661371231079,0.5425170063972473,472.7394
4287,0.5021572113037109,0.5021572113037109,0.5600950121879578,0.5423436164855957,472.8507
4288,0.5019804239273071,0.5019804239273071,0.5599238872528076,0.5421701669692993,472.9605
4289,0.5018044710159302,0.5018044710159302,0.5597546696662903,0.5419984459877014,473.0703
4290,0.5016287565231323,0.5016287565231323,0.5595844984054565,0.5418258905410767,473.1777
4291,0.5014521479606628,0.5014521479606628,0.5594108700752258,0.5416498780250549,473.2824
4292,0.5012748837471008,0.5012748837471008,0.5592392683029175,0.5414761304855347,473.3934
4293,0.5010983943939209,0.5010983943939209,0.5590674877166748,0.5413019061088562,473.4972
4294,0.5009229183197021,0.5009229183197021,0.5588940382003784,0.5411262512207031,473.6027
4295,0.5007466077804565,0.5007466077804565,0.5587261915206909,0.5409559607505798,473.706
4296,0.5005697011947632,0.5005697011947632,0.5585566759109497,0.5407838821411133,473.8126
4297,0.5003935098648071,0.5003935098648071,0.558385968208313,0.5406109094619751,473.9159
4298,0.5002171993255615,0.5002171993255615,0.5582152605056763,0.5404379367828369,474.0315
4299,0.5000414252281189,0.5000414252281189,0.5580433011054993,0.5402635335922241,474.1465
4300,0.49986475706100464,0.49986475706100464,0.5578700304031372,0.5400879383087158,474.2512
4301,0.49968957901000977,0.49968957901000977,0.5576987266540527,0.5399143099784851,474.3523
4302,0.49951261281967163,0.49951261281967163,0.5575308799743652,0.5397440195083618,474.4589
4303,0.49933677911758423,0.49933677911758423,0.5573617219924927,0.5395724177360535,474.5681
4304,0.49916133284568787,0.49916133284568787,0.5571922063827515,0.5394005179405212,474.6801
4305,0.49898576736450195,0.49898576736450195,0.5570194125175476,0.5392254590988159,474.7852
4306,0.49880877137184143,0.49880877137184143,0.5568479299545288,0.5390516519546509,474.883
4307,0.4986340403556824,0.4986340403556824,0.5566796660423279,0.5388810634613037,474.9921
4308,0.49845680594444275,0.49845680594444275,0.5565096139907837,0.5387085676193237,475.1143
4309,0.49828124046325684,0.49828124046325684,0.5563403367996216,0.5385368466377258,475.2219
4310,0.4981050491333008,0.4981050491333008,0.5561708211898804,0.5383649468421936,475.3302
4311,0.497930109500885,0.497930109500885,0.5559996366500854,0.5381912589073181,475.4387
4312,0.497753769159317,0.497753769159317,0.5558282136917114,0.5380174517631531,475.5398
4313,0.49757829308509827,0.49757829308509827,0.5556572079658508,0.537844181060791,475.6403
4314,0.49740296602249146,0.49740296602249146,0.5554863214492798,0.5376707911491394,475.7454
4315,0.497227281332016,0.497227281332016,0.5553175806999207,0.537499725818634,475.8515
4316,0.4970511794090271,0.4970511794090271,0.5551499724388123,0.5373297929763794,475.9562
4317,0.4968765676021576,0.4968765676021576,0.5549814105033875,0.5371588468551636,476.0627
4318,0.4967007637023926,0.4967007637023926,0.554810643196106,0.5369856953620911,476.1644
4319,0.4965241551399231,0.4965241551399231,0.554639458656311,0.5368121862411499,476.2652
4320,0.49634966254234314,0.49634966254234314,0.5544682145118713,0.5366384983062744,476.3674
4321,0.4961741864681244,0.4961741864681244,0.5542978644371033,0.5364657640457153,476.4716
4322,0.49599844217300415,0.49599844217300415,0.5541298389434814,0.5362950563430786,476.5749
4323,0.4958225190639496,0.4958225190639496,0.553960919380188,0.5361237525939941,476.6756
4324,0.49564799666404724,0.49564799666404724,0.5537896156311035,0.5359500646591187,476.7784
4325,0.4954727590084076,0.4954727590084076,0.5536187887191772,0.5357769131660461,476.8846
4326,0.49529704451560974,0.49529704451560974,0.5534501671791077,0.5356059074401855,476.9936
4327,0.4951220452785492,0.4951220452785492,0.5532808303833008,0.5354341268539429,477.0985
4328,0.4949466586112976,0.4949466586112976,0.5531129837036133,0.53526371717453,477.1982
4329,0.49477142095565796,0.49477142095565796,0.5529423952102661,0.5350908041000366,477.2969
4330,0.49459585547447205,0.49459585547447205,0.5527716875076294,0.5349175333976746,477.3967
4331,0.49442100524902344,0.49442100524902344,0.5526021718978882,0.5347455739974976,477.4986
4332,0.4942464232444763,0.4942464232444763,0.5524333119392395,0.5345743894577026,477.599
4333,0.4940710663795471,0.4940710663795471,0.5522662997245789,0.5344050526618958,477.705
4334,0.49389633536338806,0.49389633536338806,0.5520992279052734,0.5342353582382202,477.8058
4335,0.49372196197509766,0.49372196197509766,0.5519277453422546,0.5340614914894104,477.9056
4336,0.493546724319458,0.493546724319458,0.5517590641975403,0.533890426158905,478.0103
4337,0.4933723509311676,0.4933723509311676,0.5515907406806946,0.5337196588516235,478.1164
4338,0.4931965470314026,0.4931965470314026,0.5514205694198608,0.533547043800354,478.2259
4339,0.49302130937576294,0.49302130937576294,0.5512523651123047,0.5333765149116516,478.329
4340,0.49284666776657104,0.49284666776657104,0.5510836839675903,0.5332053303718567,478.4343
4341,0.4926719665527344,0.4926719665527344,0.550916314125061,0.533035397529602,478.5614
4342,0.49249735474586487,0.49249735474586487,0.5507463812828064,0.5328630208969116,478.6803
4343,0.492323100566864,0.492323100566864,0.5505766868591309,0.5326908826828003,478.8385
4344,0.4921475350856781,0.4921475350856781,0.5504088997840881,0.5325207710266113,478.9443
4345,0.49197307229042053,0.49197307229042053,0.5502403974533081,0.5323495864868164,479.0555
4346,0.49179893732070923,0.49179893732070923,0.5500717759132385,0.5321784019470215,479.1583
4347,0.49162405729293823,0.49162405729293823,0.549902617931366,0.5320070385932922,479.2773
4348,0.4914495050907135,0.4914495050907135,0.5497337579727173,0.5318355560302734,479.4058
4349,0.4912751615047455,0.4912751615047455,0.5495660901069641,0.5316653847694397,479.5136
4350,0.49110037088394165,0.49110037088394165,0.5493994355201721,0.5314962267875671,479.6212
4351,0.49092596769332886,0.49092596769332886,0.5492318868637085,0.5313262343406677,479.7268
4352,0.4907519221305847,0.4907519221305847,0.549064040184021,0.5311560034751892,479.843
4353,0.49057722091674805,0.49057722091674805,0.5488960146903992,0.5309855341911316,479.996
4354,0.4904025197029114,0.4904025197029114,0.5487270355224609,0.5308140516281128,480.1138
4355,0.49022841453552246,0.49022841453552246,0.5485597848892212,0.5306443572044373,480.2221
4356,0.49005427956581116,0.49005427956581116,0.5483909845352173,0.5304729342460632,480.3278
4357,0.48988038301467896,0.48988038301467896,0.5482212901115417,0.5303007364273071,480.4476
4358,0.4897061288356781,0.4897061288356781,0.5480520129203796,0.530129075050354,480.5646
4359,0.4895312190055847,0.4895312190055847,0.547884464263916,0.5299590826034546,480.6703
4360,0.4893571436405182,0.4893571436405182,0.5477158427238464,0.5297880172729492,480.7764
4361,0.48918333649635315,0.48918333649635315,0.5475494861602783,0.529619038105011,480.8804
4362,0.48900899291038513,0.48900899291038513,0.5473818182945251,0.5294488072395325,480.9848
4363,0.4888359010219574,0.4888359010219574,0.5472130179405212,0.529277503490448,481.089
4364,0.48866209387779236,0.48866209387779236,0.5470440983772278,0.5291062593460083,481.1852
4365,0.48848757147789,0.48848757147789,0.5468766093254089,0.5289360284805298,481.2926
4366,0.48831310868263245,0.48831310868263245,0.5467115640640259,0.5287684202194214,481.4198
4367,0.4881393313407898,0.4881393313407898,0.5465438961982727,0.5285983681678772,481.5449
4368,0.4879658818244934,0.4879658818244934,0.5463747978210449,0.5284267663955688,481.6762
4369,0.48779135942459106,0.48779135942459106,0.54620760679245,0.5282572507858276,481.8047
4370,0.4876178801059723,0.4876178801059723,0.5460395812988281,0.5280866622924805,481.9167
4371,0.4874442517757416,0.4874442517757416,0.5458722114562988,0.5279167890548706,482.0317
4372,0.48727017641067505,0.48727017641067505,0.5457059144973755,0.5277479290962219,482.1429
4373,0.4870968759059906,0.4870968759059906,0.5455385446548462,0.5275779962539673,482.257
4374,0.48692283034324646,0.48692283034324646,0.5453712940216064,0.527408242225647,482.3754
4375,0.4867495894432068,0.4867495894432068,0.5452031493186951,0.5272375345230103,482.6666
4376,0.48657551407814026,0.48657551407814026,0.545034646987915,0.5270665884017944,482.7814
4377,0.48640164732933044,0.48640164732933044,0.5448686480522156,0.5268980860710144,482.8904
4378,0.4862278401851654,0.4862278401851654,0.5447025895118713,0.5267294645309448,483.0023
4379,0.48605450987815857,0.48605450987815857,0.5445351004600525,0.5265594124794006,483.1114
4380,0.48588114976882935,0.48588114976882935,0.544367790222168,0.526389479637146,483.2181
4381,0.4857080578804016,0.4857080578804016,0.5442001819610596,0.5262193083763123,483.3217
4382,0.48553362488746643,0.48553362488746643,0.5440326929092407,0.5260492563247681,483.424
4383,0.48536133766174316,0.48536133766174316,0.5438657999038696,0.5258797407150269,483.5248
4384,0.48518770933151245,0.48518770933151245,0.5437006950378418,0.5257121324539185,483.6292
4385,0.48501405119895935,0.48501405119895935,0.5435341596603394,0.5255431532859802,483.7356
4386,0.484841912984848,0.484841912984848,0.5433682203292847,0.525374710559845,483.8424
4387,0.48466819524765015,0.48466819524765015,0.5432024598121643,0.5252062678337097,483.9524
4388,0.4844950735569,0.4844950735569,0.5430353879928589,0.5250367522239685,484.0524
4389,0.48432159423828125,0.48432159423828125,0.542868971824646,0.524867832660675,484.1563
4390,0.48414844274520874,0.48414844274520874,0.5427011251449585,0.5246974229812622,484.2593
4391,0.48397526144981384,0.48397526144981384,0.5425351858139038,0.5245288610458374,484.3837
4392,0.4838017523288727,0.4838017523288727,0.5423682332038879,0.5243591666221619,484.4925
4393,0.4836285710334778,0.4836285710334778,0.5422018766403198,0.524190366268158,484.5953
4394,0.4834562838077545,0.4834562838077545,0.542035698890686,0.5240217447280884,484.7023
4395,0.4832824170589447,0.4832824170589447,0.5418691039085388,0.5238526463508606,484.8116
4396,0.48311057686805725,0.48311057686805725,0.5417027473449707,0.5236836671829224,484.917
4397,0.4829373359680176,0.4829373359680176,0.5415355563163757,0.5235140919685364,485.0191
4398,0.4827643930912018,0.4827643930912018,0.5413693189620972,0.5233451128005981,485.1205
4399,0.48259028792381287,0.48259028792381287,0.5412025451660156,0.5231755971908569,485.2245
4400,0.4824180603027344,0.4824180603027344,0.5410362482070923,0.5230067372322083,485.3263
4401,0.4822457432746887,0.4822457432746887,0.5408698320388794,0.5228374600410461,485.438
4402,0.48207345604896545,0.48207345604896545,0.5407042503356934,0.5226695537567139,485.5493
4403,0.4819003641605377,0.4819003641605377,0.5405373573303223,0.5225000381469727,485.6558
4404,0.4817269444465637,0.4817269444465637,0.5403726696968079,0.5223329663276672,485.7639
4405,0.4815545082092285,0.4815545082092285,0.540207028388977,0.5221647620201111,485.8647
4406,0.48138242959976196,0.48138242959976196,0.5400406718254089,0.5219958424568176,485.9639
4407,0.48120880126953125,0.48120880126953125,0.5398753881454468,0.5218278169631958,486.064
4408,0.4810371398925781,0.4810371398925781,0.5397089719772339,0.5216590166091919,486.1729
4409,0.48086410760879517,0.48086410760879517,0.5395428538322449,0.5214900970458984,486.2771
4410,0.4806918203830719,0.4806918203830719,0.5393764972686768,0.521321177482605,486.3798
4411,0.48051896691322327,0.48051896691322327,0.5392125844955444,0.5211546421051025,486.4808
4412,0.4803471565246582,0.4803471565246582,0.5390470027923584,0.5209864377975464,486.5831
4413,0.4801751971244812,0.4801751971244812,0.5388807058334351,0.5208176374435425,486.6912
4414,0.4800015091896057,0.4800015091896057,0.5387147068977356,0.5206490755081177,486.8042
4415,0.479829877614975,0.479829877614975,0.5385504961013794,0.5204821825027466,486.9077
4416,0.47965654730796814,0.47965654730796814,0.538384199142456,0.5203132629394531,487.0076
4417,0.4794851839542389,0.4794851839542389,0.5382182598114014,0.5201448202133179,487.1119
4418,0.4793131947517395,0.4793131947517395,0.538051962852478,0.5199758410453796,487.2196
4419,0.4791406989097595,0.4791406989097595,0.5378865003585815,0.5198075175285339,487.3216
4420,0.47896867990493774,0.47896867990493774,0.5377213358879089,0.5196399688720703,487.4281
4421,0.4787968695163727,0.4787968695163727,0.5375562906265259,0.5194721221923828,487.5372
4422,0.4786239564418793,0.4786239564418793,0.5373915433883667,0.5193048715591431,487.6422
4423,0.47845226526260376,0.47845226526260376,0.5372266173362732,0.519137442111969,487.7515
4424,0.47828036546707153,0.47828036546707153,0.5370603799819946,0.5189685821533203,487.8499
4425,0.478107750415802,0.478107750415802,0.5368950963020325,0.5188006162643433,487.9502
4426,0.4779353141784668,0.4779353141784668,0.5367298126220703,0.5186326503753662,488.0505
4427,0.4777638018131256,0.4777638018131256,0.536564826965332,0.5184649229049683,488.1519
4428,0.4775914251804352,0.4775914251804352,0.5363999605178833,0.5182974338531494,488.2599
4429,0.47742003202438354,0.47742003202438354,0.536234974861145,0.5181299448013306,488.3696
4430,0.47724828124046326,0.47724828124046326,0.5360689759254456,0.5179612636566162,488.4743
4431,0.4770764708518982,0.4770764708518982,0.5359042882919312,0.5177940130233765,488.5778
4432,0.4769043028354645,0.4769043028354645,0.5357393026351929,0.5176264047622681,488.7396
4433,0.47673290967941284,0.47673290967941284,0.5355738401412964,0.5174582004547119,488.8523
4434,0.4765607714653015,0.4765607714653015,0.535408616065979,0.5172902345657349,488.9627
4435,0.47638922929763794,0.47638922929763794,0.5352445840835571,0.5171235799789429,489.0659
4436,0.4762178957462311,0.4762178957462311,0.5350802540779114,0.5169566869735718,489.1657
4437,0.4760461449623108,0.4760461449623108,0.5349161028862,0.5167897939682007,489.2794
4438,0.47587427496910095,0.47587427496910095,0.5347521901130676,0.5166233777999878,489.4346
4439,0.47570228576660156,0.47570228576660156,0.5345882177352905,0.5164567232131958,489.5559
4440,0.4755309224128723,0.4755309224128723,0.5344246625900269,0.5162904262542725,489.6743
4441,0.47535887360572815,0.47535887360572815,0.5342591404914856,0.5161224007606506,489.8235
4442,0.47518762946128845,0.47518762946128845,0.5340949892997742,0.5159555077552795,490.0327
4443,0.47501689195632935,0.47501689195632935,0.533929169178009,0.5157870054244995,490.1796
4444,0.47484463453292847,0.47484463453292847,0.5337637066841125,0.5156189799308777,490.3045
4445,0.4746740758419037,0.4746740758419037,0.5335994958877563,0.5154519081115723,490.4147
4446,0.47450199723243713,0.47450199723243713,0.5334355235099792,0.5152853727340698,490.5291
4447,0.4743311405181885,0.4743311405181885,0.5332705974578857,0.5151177644729614,490.6488
4448,0.4741598069667816,0.4741598069667816,0.5331079363822937,0.5149524807929993,490.768
4449,0.4739891588687897,0.4739891588687897,0.5329431295394897,0.5147849321365356,490.8787
4450,0.4738166928291321,0.4738166928291321,0.5327779650688171,0.5146169662475586,490.9913
4451,0.47364574670791626,0.47364574670791626,0.5326130986213684,0.514449417591095,491.1004
4452,0.4734745919704437,0.4734745919704437,0.532448410987854,0.5142821073532104,491.203
4453,0.47330373525619507,0.47330373525619507,0.5322833061218262,0.514114260673523,491.3126
4454,0.473132461309433,0.473132461309433,0.5321207642555237,0.5139489769935608,491.4228
4455,0.4729611277580261,0.4729611277580261,0.5319572687149048,0.5137828588485718,491.5302
4456,0.47279033064842224,0.47279033064842224,0.531793475151062,0.5136166214942932,491.6373
4457,0.47262006998062134,0.47262006998062134,0.5316290855407715,0.5134495496749878,491.7431
4458,0.4724487364292145,0.4724487364292145,0.5314654111862183,0.5132830739021301,491.8484
4459,0.4722771644592285,0.4722771644592285,0.5313018560409546,0.5131168365478516,491.9797
4460,0.472106397151947,0.472106397151947,0.5311375856399536,0.5129498243331909,492.0927
4461,0.47193583846092224,0.47193583846092224,0.5309747457504272,0.5127843022346497,492.2091
4462,0.4717651307582855,0.4717651307582855,0.5308102369308472,0.5126169919967651,492.3174
4463,0.47159314155578613,0.47159314155578613,0.5306470990180969,0.512451171875,492.4347
4464,0.4714236259460449,0.4714236259460449,0.5304839015007019,0.5122854709625244,492.5641
4465,0.47125205397605896,0.47125205397605896,0.5303205251693726,0.5121192932128906,492.6893
4466,0.47108253836631775,0.47108253836631775,0.5301558375358582,0.5119518041610718,492.8184
4467,0.47091084718704224,0.47091084718704224,0.5299918055534363,0.5117851495742798,492.9427
4468,0.47074025869369507,0.47074025869369507,0.529827892780304,0.5116183757781982,493.2409
4469,0.470569372177124,0.470569372177124,0.5296618342399597,0.5114495158195496,493.4207
4470,0.47039881348609924,0.47039881348609924,0.5294997096061707,0.5112847089767456,493.5636
4471,0.47022849321365356,0.47022849321365356,0.5293357372283936,0.5111179947853088,493.6907
4472,0.470057874917984,0.470057874917984,0.5291725397109985,0.5109521746635437,493.8127
4473,0.4698868691921234,0.4698868691921234,0.5290082693099976,0.5107854008674622,493.9207
4474,0.4697163999080658,0.4697163999080658,0.5288461446762085,0.5106205940246582,494.03
4475,0.4695464074611664,0.4695464074611664,0.5286830067634583,0.5104546546936035,494.1389
4476,0.46937522292137146,0.46937522292137146,0.5285195112228394,0.5102882981300354,494.2449
4477,0.46920591592788696,0.46920591592788696,0.5283564329147339,0.5101224184036255,494.3533
4478,0.46903491020202637,0.46903491020202637,0.5281925201416016,0.5099557638168335,494.4594
4479,0.468865305185318,0.468865305185318,0.5280277132987976,0.5097883343696594,494.5672
4480,0.46869438886642456,0.46869438886642456,0.5278644561767578,0.50962233543396,494.6765
4481,0.46852439641952515,0.46852439641952515,0.527703583240509,0.509458601474762,494.788
4482,0.4683544635772705,0.4683544635772705,0.5275411605834961,0.5092934370040894,494.8984
4483,0.46818310022354126,0.46818310022354126,0.5273780822753906,0.5091277360916138,495.0086
4484,0.4680132269859314,0.4680132269859314,0.5272129774093628,0.5089600086212158,495.1197
4485,0.467843234539032,0.467843234539032,0.5270506739616394,0.508794903755188,495.2314
4486,0.4676721692085266,0.4676721692085266,0.5268868207931519,0.508628249168396,495.3386
4487,0.4675028324127197,0.4675028324127197,0.5267249345779419,0.5084635615348816,495.4499
4488,0.46733230352401733,0.46733230352401733,0.5265634655952454,0.5082992911338806,495.558
4489,0.4671630263328552,0.4671630263328552,0.5263996124267578,0.508132815361023,495.6654
4490,0.4669930040836334,0.4669930040836334,0.526236891746521,0.5079673528671265,495.7824
4491,0.4668227732181549,0.4668227732181549,0.5260727405548096,0.5078003406524658,495.8919
4492,0.4666532576084137,0.4666532576084137,0.5259084701538086,0.5076336860656738,496.0016
4493,0.4664832055568695,0.4664832055568695,0.5257475972175598,0.5074698328971863,496.1127
4494,0.46631354093551636,0.46631354093551636,0.5255845785140991,0.5073038339614868,496.2215
4495,0.46614259481430054,0.46614259481430054,0.5254229307174683,0.5071393847465515,496.3473
4496,0.46597355604171753,0.46597355604171753,0.5252602100372314,0.5069740414619446,496.5026
4497,0.4658030867576599,0.4658030867576599,0.5250949263572693,0.5068060159683228,496.6522
4498,0.4656342566013336,0.4656342566013336,0.524931788444519,0.5066400766372681,496.8491
4499,0.46546444296836853,0.46546444296836853,0.5247694849967957,0.5064749717712402,496.9979
4500,0.4652944505214691,0.4652944505214691,0.5246080160140991,0.5063105821609497,497.1465
4501,0.4651246666908264,0.4651246666908264,0.5244460105895996,0.5061457753181458,497.2803
4502,0.46495503187179565,0.46495503187179565,0.5242825746536255,0.5059796571731567,497.4571
4503,0.4647856652736664,0.4647856652736664,0.5241206884384155,0.5058150887489319,497.6188
4504,0.4646161198616028,0.4646161198616028,0.5239585638046265,0.5056501626968384,497.7534
4505,0.46444588899612427,0.46444588899612427,0.5237971544265747,0.505486011505127,497.8782
4506,0.46427711844444275,0.46427711844444275,0.523634135723114,0.5053203701972961,498.0353
4507,0.4641067385673523,0.4641067385673523,0.5234712362289429,0.505154550075531,498.219
4508,0.4639381468296051,0.4639381468296051,0.5233081579208374,0.5049886703491211,498.3659
4509,0.4637673497200012,0.4637673497200012,0.5231448411941528,0.5048225522041321,498.4978
4510,0.4635985493659973,0.4635985493659973,0.5229833126068115,0.5046582818031311,498.6234
4511,0.46342939138412476,0.46342939138412476,0.522819995880127,0.5044921040534973,498.7463
4512,0.4632601737976074,0.4632601737976074,0.52265864610672,0.5043280124664307,498.8711
4513,0.4630902409553528,0.4630902409553528,0.5224982500076294,0.5041648745536804,498.9965
4514,0.46292153000831604,0.46292153000831604,0.5223346948623657,0.5039986371994019,499.1253
4515,0.462751567363739,0.462751567363739,0.5221734642982483,0.5038343667984009,499.2543
4516,0.4625824987888336,0.4625824987888336,0.5220109224319458,0.5036688446998596,499.3802
4517,0.4624134600162506,0.4624134600162506,0.5218483805656433,0.5035035014152527,499.5072
4518,0.4622446596622467,0.4622446596622467,0.5216854214668274,0.5033378601074219,499.6416
4519,0.4620760381221771,0.4620760381221771,0.5215221643447876,0.5031718611717224,499.767
4520,0.4619068205356598,0.4619068205356598,0.5213598012924194,0.5030067563056946,499.9071
4521,0.46173620223999023,0.46173620223999023,0.521199643611908,0.5028437376022339,500.0364
4522,0.46156835556030273,0.46156835556030273,0.5210391283035278,0.5026804208755493,500.1613
4523,0.4613991677761078,0.4613991677761078,0.5208770036697388,0.502515435218811,500.2852
4524,0.46123018860816956,0.46123018860816956,0.5207154750823975,0.5023511052131653,500.4056
4525,0.4610612988471985,0.4610612988471985,0.5205519795417786,0.5021848678588867,500.5278
4526,0.46089181303977966,0.46089181303977966,0.5203890800476074,0.5020191073417664,500.6447
4527,0.4607221484184265,0.4607221484184265,0.520228385925293,0.5018555521965027,500.764
4528,0.46055394411087036,0.46055394411087036,0.5200666189193726,0.5016909837722778,501.034
4529,0.460385262966156,0.460385262966156,0.5199061632156372,0.5015276074409485,501.1862
4530,0.4602161943912506,0.4602161943912506,0.5197438597679138,0.501362681388855,501.3752
4531,0.4600476622581482,0.4600476622581482,0.519581139087677,0.5011971592903137,501.5365
4532,0.459878534078598,0.459878534078598,0.519418478012085,0.5010316371917725,501.6732
4533,0.4597094655036926,0.4597094655036926,0.5192579030990601,0.5008684396743774,501.8181
4534,0.459541380405426,0.459541380405426,0.5190953016281128,0.5007026791572571,501.9622
4535,0.4593725800514221,0.4593725800514221,0.5189335942268372,0.5005379915237427,502.111
4536,0.45920372009277344,0.45920372009277344,0.5187729597091675,0.5003746151924133,502.2489
4537,0.4590350091457367,0.4590350091457367,0.5186107754707336,0.500209629535675,502.3745
4538,0.4588668942451477,0.4588668942451477,0.5184489488601685,0.500045120716095,502.4979
4539,0.4586981236934662,0.4586981236934662,0.5182885527610779,0.4998820722103119,502.6231
4540,0.4585297703742981,0.4585297703742981,0.5181272029876709,0.4997178018093109,502.7551
4541,0.45836061239242554,0.45836061239242554,0.5179664492607117,0.499553918838501,502.887
4542,0.45819196105003357,0.45819196105003357,0.5178036093711853,0.49938830733299255,503.0285
4543,0.45802322030067444,0.45802322030067444,0.5176427364349365,0.4992244839668274,503.1653
4544,0.4578557014465332,0.4578557014465332,0.5174797773361206,0.49905872344970703,503.3092
4545,0.4576866030693054,0.4576866030693054,0.5173179507255554,0.4988941252231598,503.4558
4546,0.4575180113315582,0.4575180113315582,0.5171568393707275,0.4987300932407379,503.6125
4547,0.4573497772216797,0.4573497772216797,0.5169976949691772,0.49856796860694885,503.7761
4548,0.4571824073791504,0.4571824073791504,0.5168370008468628,0.4984045922756195,503.9379
4549,0.4570136070251465,0.4570136070251465,0.5166753530502319,0.4982401728630066,504.1013
4550,0.45684489607810974,0.45684489607810974,0.5165120363235474,0.4980739951133728,504.256
4551,0.45667630434036255,0.45667630434036255,0.5163518786430359,0.4979110360145569,504.3969
4552,0.4565078616142273,0.4565078616142273,0.5161895751953125,0.4977458119392395,504.6407
4553,0.456340491771698,0.456340491771698,0.5160298943519592,0.4975830912590027,504.7944
4554,0.45617151260375977,0.45617151260375977,0.5158677697181702,0.4974181056022644,504.9713
4555,0.4560038447380066,0.4560038447380066,0.5157051086425781,0.4972526431083679,505.1413
4556,0.4558359980583191,0.4558359980583191,0.5155434012413025,0.49708810448646545,505.2994
4557,0.45566821098327637,0.45566821098327637,0.5153834223747253,0.4969250559806824,505.4553
4558,0.4554990828037262,0.4554990828037262,0.5152211785316467,0.49676012992858887,505.6065
4559,0.4553317427635193,0.4553317427635193,0.5150606036186218,0.49659672379493713,505.7613
4560,0.4551631510257721,0.4551631510257721,0.5148988962173462,0.4964319169521332,505.9162
4561,0.4549959599971771,0.4549959599971771,0.5147392749786377,0.4962695240974426,506.0667
4562,0.4548278748989105,0.4548278748989105,0.5145790576934814,0.49610644578933716,506.2136
4563,0.4546598792076111,0.4546598792076111,0.5144183039665222,0.4959428906440735,506.3572
4564,0.454491525888443,0.454491525888443,0.5142561793327332,0.4957779049873352,506.5044
4565,0.454323947429657,0.454323947429657,0.5140940546989441,0.4956130087375641,506.657
4566,0.45415616035461426,0.45415616035461426,0.513933002948761,0.49544888734817505,506.8031
4567,0.4539879858493805,0.4539879858493805,0.5137718915939331,0.4952848553657532,507.0678
4568,0.4538200795650482,0.4538200795650482,0.5136125683784485,0.4951225221157074,507.2278
4569,0.45365118980407715,0.45365118980407715,0.513451874256134,0.49495887756347656,507.4119
4570,0.45348501205444336,0.45348501205444336,0.5132912397384644,0.4947955012321472,507.5695
4571,0.45331746339797974,0.45331746339797974,0.5131311416625977,0.4946325719356537,507.7313
4572,0.4531492292881012,0.4531492292881012,0.5129709839820862,0.49446946382522583,507.8801
4573,0.45298099517822266,0.45298099517822266,0.512809157371521,0.49430474638938904,508.0193
4574,0.45281362533569336,0.45281362533569336,0.5126487016677856,0.49414125084877014,508.145
4575,0.452646404504776,0.452646404504776,0.5124887228012085,0.4939784109592438,508.2752
4576,0.45247894525527954,0.45247894525527954,0.5123277902603149,0.49381452798843384,508.4201
4577,0.45231062173843384,0.45231062173843384,0.5121675133705139,0.49365130066871643,508.5563
4578,0.4521433711051941,0.4521433711051941,0.5120078325271606,0.4934888482093811,508.7016
4579,0.4519769549369812,0.4519769549369812,0.5118454098701477,0.4933236241340637,508.8466
4580,0.45180806517601013,0.45180806517601013,0.5116835832595825,0.4931589663028717,508.9898
4581,0.4516412615776062,0.4516412615776062,0.5115213990211487,0.49299389123916626,509.1368
4582,0.45147356390953064,0.45147356390953064,0.5113608837127686,0.49283042550086975,509.2847
4583,0.4513062834739685,0.4513062834739685,0.5112009644508362,0.49266737699508667,509.4442
4584,0.451138436794281,0.451138436794281,0.5110419988632202,0.49250537157058716,509.6101
4585,0.4509716033935547,0.4509716033935547,0.5108798742294312,0.49234047532081604,509.7462
4586,0.45080429315567017,0.45080429315567017,0.510718584060669,0.4921762943267822,509.8953
4587,0.4506368637084961,0.4506368637084961,0.5105583071708679,0.4920131266117096,510.0553
4588,0.4504691958427429,0.4504691958427429,0.5103972554206848,0.4918490946292877,510.2063
4589,0.45030227303504944,0.45030227303504944,0.5102382302284241,0.4916871190071106,510.3578
4590,0.45013532042503357,0.45013532042503357,0.5100784301757812,0.4915243983268738,510.6104
4591,0.44996708631515503,0.44996708631515503,0.5099172592163086,0.4913603365421295,510.7996
4592,0.4498000144958496,0.4498000144958496,0.5097566246986389,0.49119678139686584,510.9543
4593,0.44963303208351135,0.44963303208351135,0.5095941424369812,0.49103134870529175,511.0948
4594,0.4494659900665283,0.4494659900665283,0.5094338655471802,0.4908680319786072,511.2298
4595,0.4492989182472229,0.4492989182472229,0.509276270866394,0.4907076358795166,511.3549
4596,0.4491322934627533,0.4491322934627533,0.5091148614883423,0.49054303765296936,511.4796
4597,0.4489649832248688,0.4489649832248688,0.5089558362960815,0.4903813302516937,511.6078
4598,0.44879764318466187,0.44879764318466187,0.5087959170341492,0.49021825194358826,511.7462
4599,0.4486313462257385,0.4486313462257385,0.508635401725769,0.49005478620529175,511.9935
4600,0.4484640955924988,0.4484640955924988,0.5084740519523621,0.4898907244205475,512.1114
4601,0.4482971131801605,0.4482971131801605,0.5083140134811401,0.489727646112442,512.2448
4602,0.448129266500473,0.448129266500473,0.508154034614563,0.4895647168159485,512.4546
4603,0.44796285033226013,0.44796285033226013,0.5079944729804993,0.4894022047519684,512.6234
4604,0.44779619574546814,0.44779619574546814,0.5078350305557251,0.48923975229263306,512.784
4605,0.44762927293777466,0.44762927293777466,0.5076739192008972,0.4890759587287903,512.954
4606,0.44746169447898865,0.44746169447898865,0.507513165473938,0.48891210556030273,513.1082
4607,0.4472949504852295,0.4472949504852295,0.5073531270027161,0.48874911665916443,513.263
4608,0.4471275806427002,0.4471275806427002,0.5071935057640076,0.48858651518821716,513.4194
4609,0.4469614028930664,0.4469614028930664,0.5070338249206543,0.4884238839149475,513.5707
4610,0.44679513573646545,0.44679513573646545,0.5068725347518921,0.48825961351394653,513.7261
4611,0.4466279149055481,0.4466279149055481,0.5067111253738403,0.4880952835083008,513.877
4612,0.4464614987373352,0.4464614987373352,0.5065504908561707,0.48793157935142517,514.1584
4613,0.44629472494125366,0.44629472494125366,0.5063904523849487,0.4877685606479645,514.3175
4614,0.44612812995910645,0.44612812995910645,0.5062294006347656,0.48760461807250977,514.5159
4615,0.4459616541862488,0.4459616541862488,0.5060685873031616,0.487440824508667,514.6727
4616,0.44579505920410156,0.44579505920410156,0.5059104561805725,0.48727947473526,514.8305
4617,0.4456285536289215,0.4456285536289215,0.5057512521743774,0.48711737990379333,514.9858
4618,0.4454614520072937,0.4454614520072937,0.5055921673774719,0.4869554936885834,515.1471
4619,0.44529467821121216,0.44529467821121216,0.5054301619529724,0.48679056763648987,515.2939
4620,0.4451286792755127,0.4451286792755127,0.5052710771560669,0.4866284430027008,515.4406
4621,0.44496244192123413,0.44496244192123413,0.5051113367080688,0.48646560311317444,515.5886
4622,0.44479578733444214,0.44479578733444214,0.5049517154693604,0.48630309104919434,515.7307
4623,0.4446289539337158,0.4446289539337158,0.5047915577888489,0.486139714717865,515.8809
4624,0.44446390867233276,0.44446390867233276,0.5046292543411255,0.4859744906425476,516.027
4625,0.4442969262599945,0.4442969262599945,0.5044692754745483,0.4858117699623108,516.1661
4626,0.44412946701049805,0.44412946701049805,0.5043095350265503,0.4856489300727844,516.2942
4627,0.4439632296562195,0.4439632296562195,0.5041519403457642,0.48548832535743713,516.4295
4628,0.44379758834838867,0.44379758834838867,0.503993034362793,0.4853264391422272,516.5714
4629,0.44363170862197876,0.44363170862197876,0.5038336515426636,0.4851641058921814,516.7173
4630,0.443464457988739,0.443464457988739,0.5036731958389282,0.4850006103515625,516.8656
4631,0.4432990550994873,0.4432990550994873,0.5035126209259033,0.4848371148109436,517.0279
4632,0.4431324899196625,0.4431324899196625,0.5033513307571411,0.4846728444099426,517.179
4633,0.4429658055305481,0.4429658055305481,0.5031923055648804,0.48451071977615356,517.4275
4634,0.44279879331588745,0.44279879331588745,0.5030322074890137,0.4843476712703705,517.5915
4635,0.44263362884521484,0.44263362884521484,0.5028720498085022,0.4841845631599426,517.7796
4636,0.4424671232700348,0.4424671232700348,0.5027127861976624,0.4840222895145416,517.9333
4637,0.4423008859157562,0.4423008859157562,0.5025526285171509,0.4838590621948242,518.081
4638,0.44213542342185974,0.44213542342185974,0.5023910403251648,0.48369455337524414,518.227
4639,0.44196853041648865,0.44196853041648865,0.5022326707839966,0.4835330545902252,518.3712
4640,0.4418025612831116,0.4418025612831116,0.5020720958709717,0.4833693504333496,518.5147
4641,0.4416370987892151,0.4416370987892151,0.5019137263298035,0.483208030462265,518.651
4642,0.44146984815597534,0.44146984815597534,0.5017536282539368,0.48304492235183716,518.7903
4643,0.44130468368530273,0.44130468368530273,0.5015933513641357,0.48288172483444214,518.9264
4644,0.44113779067993164,0.44113779067993164,0.5014330148696899,0.48271846771240234,519.0747
4645,0.4409721791744232,0.4409721791744232,0.5012732148170471,0.48255568742752075,519.2171
4646,0.44080716371536255,0.44080716371536255,0.5011150240898132,0.4823943078517914,519.368
4647,0.4406411051750183,0.4406411051750183,0.5009549260139465,0.4822312295436859,519.5324
4648,0.44047433137893677,0.44047433137893677,0.500794529914856,0.48206788301467896,519.6896
4649,0.44030895829200745,0.44030895829200745,0.5006341934204102,0.4819045066833496,519.8431
4650,0.4401426315307617,0.4401426315307617,0.5004755854606628,0.4817427694797516,519.9896
4651,0.43997693061828613,0.43997693061828613,0.5003161430358887,0.48158034682273865,520.1533
4652,0.4398114085197449,0.4398114085197449,0.5001574754714966,0.48141855001449585,520.3075
4653,0.4396456182003021,0.4396456182003021,0.4999963641166687,0.4812544882297516,520.4584
4654,0.4394802153110504,0.4394802153110504,0.49983781576156616,0.4810929298400879,520.696
4655,0.4393130838871002,0.4393130838871002,0.49967679381370544,0.48092880845069885,520.8545
4656,0.43914780020713806,0.43914780020713806,0.4995178282260895,0.4807668626308441,521.0398
4657,0.43898239731788635,0.43898239731788635,0.4993587136268616,0.4806045889854431,521.2008
4658,0.4388173222541809,0.4388173222541809,0.49920058250427246,0.4804435670375824,521.3603
4659,0.43865132331848145,0.43865132331848145,0.49903935194015503,0.4802793562412262,521.536
4660,0.43848609924316406,0.43848609924316406,0.4988792836666107,0.4801162779331207,521.6838
4661,0.4383205473423004,0.4383205473423004,0.49871963262557983,0.4799535274505615,521.8372
4662,0.4381537437438965,0.4381537437438965,0.4985586106777191,0.4797895848751068,521.9877
4663,0.43798837065696716,0.43798837065696716,0.49840039014816284,0.4796279966831207,522.1455
4664,0.4378231167793274,0.4378231167793274,0.4982421398162842,0.47946667671203613,522.2909
4665,0.43765777349472046,0.43765777349472046,0.49807968735694885,0.4793013632297516,522.437
4666,0.4374924600124359,0.4374924600124359,0.4979209005832672,0.4791394770145416,522.5829
4667,0.4373266100883484,0.4373266100883484,0.49776139855384827,0.4789770245552063,522.7306
4668,0.4371606707572937,0.4371606707572937,0.4976031184196472,0.47881555557250977,522.8794
4669,0.4369956851005554,0.4369956851005554,0.4974439740180969,0.4786533713340759,523.0362
4670,0.4368300437927246,0.4368300437927246,0.49728459119796753,0.4784908890724182,523.1924
4671,0.43666404485702515,0.43666404485702515,0.4971240162849426,0.47832727432250977,523.343
4672,0.43649882078170776,0.43649882078170776,0.4969637989997864,0.47816410660743713,523.4978
4673,0.4363332688808441,0.4363332688808441,0.49680519104003906,0.4780023992061615,523.6421
4674,0.4361676573753357,0.4361676573753357,0.4966452717781067,0.47783946990966797,523.7894
4675,0.4360029101371765,0.4360029101371765,0.4964856207370758,0.4776768088340759,523.9338
4676,0.43583741784095764,0.43583741784095764,0.49632638692855835,0.4775143563747406,524.0775
4677,0.4356718957424164,0.4356718957424164,0.4961667060852051,0.477351576089859,524.3462
4678,0.4355068802833557,0.4355068802833557,0.4960063099861145,0.4771881103515625,524.5158
4679,0.43534165620803833,0.43534165620803833,0.49584704637527466,0.4770258069038391,524.7061
4680,0.43517598509788513,0.43517598509788513,0.49568766355514526,0.47686338424682617,524.8641
4681,0.4350108206272125,0.4350108206272125,0.49552807211875916,0.47670069336891174,525.0509
4682,0.43484607338905334,0.43484607338905334,0.49537014961242676,0.4765397012233734,525.2409
4683,0.43468016386032104,0.43468016386032104,0.4952097535133362,0.4763762354850769,525.4037
4684,0.43451565504074097,0.43451565504074097,0.49504947662353516,0.4762127995491028,525.5519
4685,0.4343496263027191,0.4343496263027191,0.49488934874534607,0.4760498106479645,525.6963
4686,0.434184730052948,0.434184730052948,0.4947294294834137,0.47588667273521423,525.8409
4687,0.43401986360549927,0.43401986360549927,0.4945707321166992,0.47572484612464905,526.0047
4688,0.4338544011116028,0.4338544011116028,0.49441298842430115,0.4755639433860779,526.1539
4689,0.43368977308273315,0.43368977308273315,0.4942530691623688,0.47540098428726196,526.3139
4690,0.4335247874259949,0.4335247874259949,0.4940938949584961,0.4752388000488281,526.4704
4691,0.4333597719669342,0.4333597719669342,0.49393144249916077,0.4750731885433197,526.6202
4692,0.43319448828697205,0.43319448828697205,0.49377337098121643,0.4749120771884918,526.7766
4693,0.4330291152000427,0.4330291152000427,0.4936143755912781,0.47474995255470276,526.9316
4694,0.4328647553920746,0.4328647553920746,0.4934564232826233,0.4745887815952301,527.0817
4695,0.4326992928981781,0.4326992928981781,0.49329695105552673,0.4744263291358948,527.2374
4696,0.4325350821018219,0.4325350821018219,0.49313774704933167,0.4742639660835266,527.5599
4697,0.43236979842185974,0.43236979842185974,0.49297720193862915,0.4741004407405853,527.7558
4698,0.4322047233581543,0.4322047233581543,0.49281826615333557,0.4739384055137634,527.9244
4699,0.43203940987586975,0.43203940987586975,0.49265822768211365,0.47377532720565796,528.0957
4700,0.43187466263771057,0.43187466263771057,0.492499440908432,0.4736135005950928,528.2468
4701,0.4317106604576111,0.4317106604576111,0.49233976006507874,0.47345060110092163,528.4064
4702,0.43154531717300415,0.43154531717300415,0.4921795725822449,0.4732871949672699,528.5573
4703,0.4313802719116211,0.4313802719116211,0.49201956391334534,0.47312402725219727,528.7026
4704,0.4312151074409485,0.4312151074409485,0.4918607771396637,0.47296229004859924,528.8424
4705,0.4310506284236908,0.4310506284236908,0.4917019307613373,0.47280019521713257,529.0057
4706,0.4308851361274719,0.4308851361274719,0.4915417730808258,0.47263699769973755,529.1659
4707,0.4307200014591217,0.4307200014591217,0.4913824200630188,0.47247448563575745,529.3241
4708,0.43055590987205505,0.43055590987205505,0.49122270941734314,0.4723118245601654,529.4825
4709,0.4303913116455078,0.4303913116455078,0.49106383323669434,0.47214967012405396,529.6386
4710,0.4302266240119934,0.4302266240119934,0.4909048080444336,0.4719875454902649,529.797
4711,0.43006181716918945,0.43006181716918945,0.4907429814338684,0.471822589635849,529.9467
4712,0.42989715933799744,0.42989715933799744,0.4905833601951599,0.47165995836257935,530.1051
4713,0.42973241209983826,0.42973241209983826,0.49042415618896484,0.4714975953102112,530.2686
4714,0.4295673370361328,0.4295673370361328,0.49026456475257874,0.47133487462997437,530.4199
4715,0.42940250039100647,0.42940250039100647,0.4901061952114105,0.4711732864379883,530.6726
4716,0.4292384088039398,0.4292384088039398,0.48994675278663635,0.471010684967041,530.8698
4717,0.4290735721588135,0.4290735721588135,0.48978742957115173,0.47084841132164,531.0369
4718,0.4289085865020752,0.4289085865020752,0.48962706327438354,0.47068482637405396,531.1906
4719,0.4287443161010742,0.4287443161010742,0.489467054605484,0.47052183747291565,531.3523
4720,0.4285794794559479,0.4285794794559479,0.4893088936805725,0.47036027908325195,531.5038
4721,0.42841511964797974,0.42841511964797974,0.48915010690689087,0.47019845247268677,531.6557
4722,0.4282500743865967,0.4282500743865967,0.4889906048774719,0.47003573179244995,531.8098
4723,0.42808666825294495,0.42808666825294495,0.48883000016212463,0.4698720872402191,531.9614
4724,0.42792168259620667,0.42792168259620667,0.48867011070251465,0.4697090685367584,532.1185
4725,0.42775726318359375,0.42775726318359375,0.4885101318359375,0.4695460796356201,532.2644
4726,0.42759284377098083,0.42759284377098083,0.4883497655391693,0.46938246488571167,532.4153
4727,0.4274287223815918,0.4274287223815918,0.4881916046142578,0.4692211151123047,532.579
4728,0.4272635579109192,0.4272635579109192,0.4880336821079254,0.4690600037574768,532.7386
4729,0.42709940671920776,0.42709940671920776,0.4878731667995453,0.4688963294029236,532.8926
4730,0.4269343316555023,0.4269343316555023,0.4877130389213562,0.4687332212924957,533.0352
4731,0.4267711043357849,0.4267711043357849,0.48755377531051636,0.46857085824012756,533.1905
4732,0.42660632729530334,0.42660632729530334,0.48739394545555115,0.4684077203273773,533.4475
4733,0.42644232511520386,0.42644232511520386,0.487234890460968,0.46824559569358826,533.6408
4734,0.4262772500514984,0.4262772500514984,0.4870753288269043,0.4680827260017395,533.7958
4735,0.42611369490623474,0.42611369490623474,0.4869176745414734,0.4679219126701355,533.9492
4736,0.4259478449821472,0.4259478449821472,0.486757755279541,0.46775883436203003,534.1015
4737,0.42578381299972534,0.42578381299972534,0.4865977168083191,0.4675957262516022,534.253
4738,0.42561978101730347,0.42561978101730347,0.4864358901977539,0.46743088960647583,534.4044
4739,0.42545589804649353,0.42545589804649353,0.4862756133079529,0.4672675132751465,534.5661
4740,0.4252914488315582,0.4252914488315582,0.4861169755458832,0.46710556745529175,534.7192
4741,0.42512694001197815,0.42512694001197815,0.48595982789993286,0.46694502234458923,534.864
4742,0.42496258020401,0.42496258020401,0.4858003258705139,0.46678242087364197,535.0112
4743,0.42479896545410156,0.42479896545410156,0.4856392443180084,0.46661844849586487,535.1552
4744,0.424633651971817,0.424633651971817,0.48547887802124023,0.4664548337459564,535.3017
4745,0.4244697690010071,0.4244697690010071,0.4853188991546631,0.46629172563552856,535.463
4746,0.42430558800697327,0.42430558800697327,0.48515957593917847,0.4661291241645813,535.6154
4747,0.4241417348384857,0.4241417348384857,0.4850004315376282,0.4659665524959564,535.7534
4748,0.4239777624607086,0.4239777624607086,0.4848395884037018,0.46580275893211365,535.9015
4749,0.42381325364112854,0.42381325364112854,0.484679639339447,0.46563974022865295,536.0483
4750,0.4236488342285156,0.4236488342285156,0.4845201075077057,0.4654769003391266,536.2141
4751,0.42348533868789673,0.42348533868789673,0.4843599200248718,0.46531352400779724,536.3734
4752,0.4233209192752838,0.4233209192752838,0.4842022955417633,0.46515265107154846,536.5274
4753,0.4231569170951843,0.4231569170951843,0.48404207825660706,0.4649893641471863,536.6837
4754,0.4229920506477356,0.4229920506477356,0.48388242721557617,0.46482640504837036,536.9262
4755,0.4228282868862152,0.4228282868862152,0.48372212052345276,0.464663028717041,537.1188
4756,0.4226641058921814,0.4226641058921814,0.48356181383132935,0.46449947357177734,537.2727
4757,0.4225009083747864,0.4225009083747864,0.4834023416042328,0.46433693170547485,537.4278
4758,0.4223363399505615,0.4223363399505615,0.48324424028396606,0.46417561173439026,537.5849
4759,0.4221719205379486,0.4221719205379486,0.4830858111381531,0.4640137553215027,537.7456
4760,0.42200833559036255,0.42200833559036255,0.48292598128318787,0.46385088562965393,537.8938
4761,0.42184391617774963,0.42184391617774963,0.48276567459106445,0.4636875092983246,538.036
4762,0.42167967557907104,0.42167967557907104,0.4826045036315918,0.4635232090950012,538.1791
4763,0.4215161204338074,0.4215161204338074,0.48244398832321167,0.463359534740448,538.3122
4764,0.4213526248931885,0.4213526248931885,0.4822847247123718,0.4631970524787903,538.439
4765,0.4211885333061218,0.4211885333061218,0.482125848531723,0.4630347788333893,538.5706
4766,0.4210245609283447,0.4210245609283447,0.48196539282798767,0.4628710150718689,538.6993
4767,0.42085951566696167,0.42085951566696167,0.48180657625198364,0.4627091884613037,538.8254
4768,0.420696884393692,0.420696884393692,0.4816463589668274,0.462545782327652,538.9651
4769,0.42053288221359253,0.42053288221359253,0.48148688673973083,0.46238309144973755,539.126
4770,0.42036867141723633,0.42036867141723633,0.48132580518722534,0.46221885085105896,539.2718
4771,0.4202037751674652,0.4202037751674652,0.48116645216941833,0.4620562493801117,539.4211
4772,0.4200406074523926,0.4200406074523926,0.48100757598876953,0.46189403533935547,539.5689
4773,0.41987699270248413,0.41987699270248413,0.4808477759361267,0.4617310166358948,539.7142
4774,0.4197126030921936,0.4197126030921936,0.480686753988266,0.4615669250488281,539.8471
4775,0.4195488393306732,0.4195488393306732,0.4805273115634918,0.46140438318252563,539.9755
4776,0.4193849563598633,0.4193849563598633,0.48036661744117737,0.4612404704093933,540.1017
4777,0.41922181844711304,0.41922181844711304,0.480207622051239,0.4610781669616699,540.2389
4778,0.4190576672554016,0.4190576672554016,0.480048805475235,0.460916131734848,540.3905
4779,0.4188935160636902,0.4188935160636902,0.47988709807395935,0.46075114607810974,540.53
4780,0.41873008012771606,0.41873008012771606,0.4797264635562897,0.4605872631072998,540.6817
4781,0.4185667037963867,0.4185667037963867,0.4795663356781006,0.46042400598526,540.8289
4782,0.4184022843837738,0.4184022843837738,0.4794071316719055,0.46026164293289185,541.0763
4783,0.4182385504245758,0.4182385504245758,0.47924676537513733,0.4600979685783386,541.2587
4784,0.41807445883750916,0.41807445883750916,0.4790876805782318,0.45993572473526,541.4189
4785,0.4179103970527649,0.4179103970527649,0.4789277911186218,0.459772527217865,541.5669
4786,0.4177468419075012,0.4177468419075012,0.47876739501953125,0.459608793258667,541.7212
4787,0.41758352518081665,0.41758352518081665,0.4786055088043213,0.4594438076019287,541.8729
4788,0.4174199104309082,0.4174199104309082,0.47844523191452026,0.45928019285202026,542.0321
4789,0.4172557294368744,0.4172557294368744,0.4782849848270416,0.45911669731140137,542.172
4790,0.4170922636985779,0.4170922636985779,0.47812619805336,0.4589546322822571,542.324
4791,0.41692835092544556,0.41692835092544556,0.47796744108200073,0.45879262685775757,542.5096
4792,0.41676458716392517,0.41676458716392517,0.4778079092502594,0.4586300849914551,542.6552
4793,0.4166014790534973,0.4166014790534973,0.4776465892791748,0.4584653973579407,542.7943
4794,0.4164377748966217,0.4164377748966217,0.4774862825870514,0.45830202102661133,542.9281
4795,0.4162735939025879,0.4162735939025879,0.4773256182670593,0.45813798904418945,543.0548
4796,0.416110098361969,0.416110098361969,0.4771655201911926,0.4579746723175049,543.1949
4797,0.4159458577632904,0.4159458577632904,0.4770051836967468,0.457811176776886,543.332
4798,0.4157823622226715,0.4157823622226715,0.4768458902835846,0.45764851570129395,543.4774
4799,0.41561880707740784,0.41561880707740784,0.4766850471496582,0.4574843943119049,543.6238
4800,0.41545557975769043,0.41545557975769043,0.4765261113643646,0.4573221802711487,543.7688
4801,0.4152914881706238,0.4152914881706238,0.4763637185096741,0.45715659856796265,543.9165
4802,0.4151284098625183,0.4151284098625183,0.476203978061676,0.45699357986450195,544.0716
4803,0.4149652421474457,0.4149652421474457,0.47604313492774963,0.4568295478820801,544.2311
4804,0.4148015081882477,0.4148015081882477,0.47588253021240234,0.45666560530662537,544.3796
4805,0.41463732719421387,0.41463732719421387,0.4757223129272461,0.4565020501613617,544.5359
4806,0.41447383165359497,0.41447383165359497,0.475563108921051,0.4563395380973816,544.7566
4807,0.4143105447292328,0.4143105447292328,0.47540283203125,0.45617619156837463,544.9354
4808,0.41414719820022583,0.41414719820022583,0.4752421975135803,0.4560122489929199,545.1002
4809,0.41398295760154724,0.41398295760154724,0.47508105635643005,0.4558480381965637,545.2795
4810,0.41381973028182983,0.41381973028182983,0.4749200940132141,0.45568370819091797,545.7417
4811,0.41365617513656616,0.41365617513656616,0.4747598171234131,0.4555201530456543,545.9341
4812,0.4134925305843353,0.4134925305843353,0.4746004045009613,0.45535749197006226,546.0805
4813,0.41332879662513733,0.41332879662513733,0.47444087266921997,0.4551945626735687,546.2085
4814,0.41316595673561096,0.41316595673561096,0.47427958250045776,0.45503005385398865,546.3231
4815,0.4130023121833801,0.4130023121833801,0.4741193354129791,0.4548664689064026,546.4354
4816,0.4128391146659851,0.4128391146659851,0.4739583432674408,0.4547022879123688,546.5558
4817,0.41267505288124084,0.41267505288124084,0.47379809617996216,0.4545389711856842,546.6705
4818,0.4125118851661682,0.4125118851661682,0.4736367166042328,0.454374223947525,546.7879
4819,0.41234809160232544,0.41234809160232544,0.473477303981781,0.4542114734649658,546.896
4820,0.4121851921081543,0.4121851921081543,0.4733167588710785,0.4540475904941559,547.0084
4821,0.4120209813117981,0.4120209813117981,0.47315430641174316,0.45388180017471313,547.1228
4822,0.41185808181762695,0.41185808181762695,0.47299498319625854,0.45371922850608826,547.235
4823,0.4116947650909424,0.4116947650909424,0.47283506393432617,0.45355600118637085,547.3439
4824,0.41153040528297424,0.41153040528297424,0.47267311811447144,0.4533909857273102,547.4509
4825,0.4113673269748688,0.4113673269748688,0.47251272201538086,0.45322728157043457,547.5552
4826,0.41120392084121704,0.41120392084121704,0.47235146164894104,0.4530625343322754,547.6657
4827,0.41103968024253845,0.41103968024253845,0.47219139337539673,0.45289915800094604,547.776
4828,0.4108768105506897,0.4108768105506897,0.4720293879508972,0.4527339041233063,547.8869
4829,0.4107140600681305,0.4107140600681305,0.4718678593635559,0.45256906747817993,547.9962
4830,0.41055020689964294,0.41055020689964294,0.4717084467411041,0.4524064064025879,548.1059
4831,0.41038718819618225,0.41038718819618225,0.47154921293258667,0.4522438943386078,548.2147
4832,0.41022342443466187,0.41022342443466187,0.4713888168334961,0.4520801603794098,548.3271
4833,0.4100601077079773,0.4100601077079773,0.4712281823158264,0.45191627740859985,548.4374
4834,0.4098970890045166,0.4098970890045166,0.4710651934146881,0.4517500400543213,548.5463
4835,0.409733384847641,0.409733384847641,0.470903217792511,0.4515848755836487,548.6568
4836,0.4095699191093445,0.4095699191093445,0.47074252367019653,0.45142069458961487,548.7699
4837,0.40940719842910767,0.40940719842910767,0.4705832004547119,0.45125800371170044,548.8831
4838,0.4092434346675873,0.4092434346675873,0.4704231321811676,0.45109471678733826,548.9968
4839,0.4090798497200012,0.4090798497200012,0.4702611565589905,0.4509294927120209,549.1079
4840,0.4089169502258301,0.4089169502258301,0.4700984060764313,0.45076361298561096,549.2173
4841,0.4087527394294739,0.4087527394294739,0.46993741393089294,0.4505992531776428,549.3225
4842,0.4085903763771057,0.4085903763771057,0.46977657079696655,0.45043498277664185,549.432
4843,0.4084264636039734,0.4084264636039734,0.469616174697876,0.4502710700035095,549.5419
4844,0.40826326608657837,0.40826326608657837,0.46945515275001526,0.4501068592071533,549.6549
4845,0.408099889755249,0.408099889755249,0.46929341554641724,0.4499417841434479,549.7654
4846,0.40793609619140625,0.40793609619140625,0.4691327214241028,0.44977784156799316,549.8813
4847,0.4077732563018799,0.4077732563018799,0.468972772359848,0.44961461424827576,549.9893
4848,0.40761008858680725,0.40761008858680725,0.4688105583190918,0.4494491517543793,550.1075
4849,0.4074467718601227,0.4074467718601227,0.4686508774757385,0.4492860436439514,550.2166
4850,0.4072827398777008,0.4072827398777008,0.46848806738853455,0.4491199553012848,550.3311
4851,0.4071202874183655,0.4071202874183655,0.4683261513710022,0.44895467162132263,550.4358
4852,0.40695619583129883,0.40695619583129883,0.46816492080688477,0.44879016280174255,550.5455
4853,0.4067935049533844,0.4067935049533844,0.46800512075424194,0.44862690567970276,550.655
4854,0.4066295623779297,0.4066295623779297,0.4678440988063812,0.44846248626708984,550.7662
4855,0.4064663052558899,0.4064663052558899,0.467681884765625,0.44829702377319336,550.8728
4856,0.4063027501106262,0.4063027501106262,0.4675193727016449,0.44813138246536255,550.9853
4857,0.4061407446861267,0.4061407446861267,0.4673565924167633,0.447965145111084,551.097
4858,0.4059770703315735,0.4059770703315735,0.46719568967819214,0.44780102372169495,551.2054
4859,0.4058137536048889,0.4058137536048889,0.4670344889163971,0.447636216878891,551.3134
4860,0.4056505560874939,0.4056505560874939,0.46687349677085876,0.4474720060825348,551.4253
4861,0.40548691153526306,0.40548691153526306,0.46671098470687866,0.44730615615844727,551.539
4862,0.4053240418434143,0.4053240418434143,0.46655020117759705,0.4471420645713806,551.6479
4863,0.40516072511672974,0.40516072511672974,0.466388076543808,0.44697675108909607,551.7597
4864,0.40499693155288696,0.40499693155288696,0.4662274420261383,0.44681262969970703,551.8683
4865,0.40483418107032776,0.40483418107032776,0.46606454253196716,0.446646511554718,551.9779
4866,0.4046702980995178,0.4046702980995178,0.4659038484096527,0.4464823305606842,552.0818
4867,0.4045076370239258,0.4045076370239258,0.46574124693870544,0.4463161826133728,552.1914
4868,0.40434378385543823,0.40434378385543823,0.4655783176422119,0.446150004863739,552.3011
4869,0.40418100357055664,0.40418100357055664,0.46541628241539,0.4459846019744873,552.4088
4870,0.40401750802993774,0.40401750802993774,0.46525460481643677,0.4458196759223938,552.521
4871,0.40385502576828003,0.40385502576828003,0.4650951325893402,0.4456568658351898,552.6311
4872,0.40369096398353577,0.40369096398353577,0.4649343490600586,0.44549283385276794,552.7429
4873,0.40352851152420044,0.40352851152420044,0.4647725224494934,0.44532766938209534,552.8527
4874,0.4033648371696472,0.4033648371696472,0.464608758687973,0.4451606273651123,552.9609
4875,0.40320128202438354,0.40320128202438354,0.46444812417030334,0.4449964463710785,553.0689
4876,0.4030377268791199,0.4030377268791199,0.4642842411994934,0.44482916593551636,553.176
4877,0.4028749465942383,0.4028749465942383,0.46412181854248047,0.44466346502304077,553.2801
4878,0.40271124243736267,0.40271124243736267,0.46395963430404663,0.4444980025291443,553.3891
4879,0.4025488793849945,0.4025488793849945,0.46379995346069336,0.44433489441871643,553.4981
4880,0.4023851752281189,0.4023851752281189,0.46363839507102966,0.4441700875759125,553.609
4881,0.4022221565246582,0.4022221565246582,0.4634762406349182,0.44400447607040405,553.7192
4882,0.40205875039100647,0.40205875039100647,0.46331366896629333,0.4438384473323822,553.8252
4883,0.4018961787223816,0.4018961787223816,0.46315136551856995,0.44367265701293945,553.9348
4884,0.4017323851585388,0.4017323851585388,0.4629867970943451,0.4435047209262848,554.0418
4885,0.4015691876411438,0.4015691876411438,0.46282488107681274,0.4433395266532898,554.1571
4886,0.4014059007167816,0.4014059007167816,0.4626625180244446,0.443173885345459,554.2717
4887,0.4012424349784851,0.4012424349784851,0.4625024199485779,0.4430103302001953,554.385
4888,0.40107959508895874,0.40107959508895874,0.46234017610549927,0.44284477829933167,554.495
4889,0.4009162485599518,0.4009162485599518,0.4621771275997162,0.4426783621311188,554.6017
4890,0.4007530212402344,0.4007530212402344,0.4620142877101898,0.4425120949745178,554.7129
4891,0.4005894660949707,0.4005894660949707,0.46185141801834106,0.4423459470272064,554.821
4892,0.4004264771938324,0.4004264771938324,0.4616880416870117,0.4421791434288025,554.9329
4893,0.4002630114555359,0.4002630114555359,0.4615267217159271,0.44201427698135376,555.0459
4894,0.40009984374046326,0.40009984374046326,0.46136602759361267,0.44185009598731995,555.1532
4895,0.3999367356300354,0.3999367356300354,0.46120157837867737,0.4416824281215668,555.265
4896,0.3997739851474762,0.3997739851474762,0.46103864908218384,0.4415162205696106,555.3719
4897,0.39960944652557373,0.39960944652557373,0.46087566018104553,0.44134998321533203,555.4781
4898,0.39944714307785034,0.39944714307785034,0.4607144892215729,0.4411852955818176,555.5858
4899,0.3992837071418762,0.3992837071418762,0.4605516791343689,0.4410189092159271,555.6949
4900,0.39912059903144836,0.39912059903144836,0.46038883924484253,0.44085273146629333,555.8056
4901,0.3989573121070862,0.3989573121070862,0.4602256715297699,0.4406861662864685,555.9176
4902,0.3987942636013031,0.3987942636013031,0.4600624442100525,0.4405195713043213,556.0296
4903,0.39863070845603943,0.39863070845603943,0.45990023016929626,0.44035404920578003,556.1406
4904,0.3984675705432892,0.3984675705432892,0.4597386419773102,0.44018906354904175,556.2508
4905,0.39830344915390015,0.39830344915390015,0.4595756530761719,0.44002261757850647,556.3603
4906,0.39814069867134094,0.39814069867134094,0.45941242575645447,0.4398561418056488,556.4667
4907,0.39797770977020264,0.39797770977020264,0.4592495858669281,0.4396896958351135,556.5703
4908,0.3978145718574524,0.3978145718574524,0.4590855538845062,0.43952232599258423,556.6771
4909,0.3976515233516693,0.3976515233516693,0.45892205834388733,0.4393553137779236,556.7881
4910,0.397488534450531,0.397488534450531,0.4587596356868744,0.4391893744468689,556.8995
4911,0.39732474088668823,0.39732474088668823,0.45859670639038086,0.4390231668949127,557.0094
4912,0.3971611559391022,0.3971611559391022,0.45843395590782166,0.43885698914527893,557.1192
4913,0.39699825644493103,0.39699825644493103,0.45827022194862366,0.4386899471282959,557.2262
4914,0.3968345522880554,0.3968345522880554,0.45810723304748535,0.4385235905647278,557.3443
4915,0.396672785282135,0.396672785282135,0.4579431414604187,0.4383560121059418,557.4514
4916,0.3965091109275818,0.3965091109275818,0.45777806639671326,0.4381875991821289,557.5573
4917,0.3963451683521271,0.3963451683521271,0.4576149582862854,0.43802088499069214,557.6687
4918,0.39618223905563354,0.39618223905563354,0.4574528634548187,0.4378555417060852,557.7781
4919,0.39601871371269226,0.39601871371269226,0.45729073882102966,0.437689870595932,557.8863
4920,0.39585551619529724,0.39585551619529724,0.45712709426879883,0.43752288818359375,557.9996
4921,0.3956920802593231,0.3956920802593231,0.4569637179374695,0.4373560845851898,558.1154
4922,0.3955289423465729,0.3955289423465729,0.4567994177341461,0.4371885359287262,558.2225
4923,0.3953656554222107,0.3953656554222107,0.4566360414028168,0.43702155351638794,558.3314
4924,0.39520174264907837,0.39520174264907837,0.45647233724594116,0.43685436248779297,558.4439
4925,0.3950387239456177,0.3950387239456177,0.4563082158565521,0.43668675422668457,558.5583
4926,0.394875705242157,0.394875705242157,0.4561445116996765,0.4365195631980896,558.6659
4927,0.39471203088760376,0.39471203088760376,0.4559814929962158,0.4363532066345215,558.7725
4928,0.39454907178878784,0.39454907178878784,0.455819308757782,0.4361876845359802,558.8829
4929,0.3943859934806824,0.3943859934806824,0.455655574798584,0.4360206127166748,558.994
4930,0.394222617149353,0.394222617149353,0.4554911255836487,0.43585270643234253,559.104
4931,0.39405888319015503,0.39405888319015503,0.45532840490341187,0.4356864094734192,559.2131
4932,0.39389538764953613,0.39389538764953613,0.4551633894443512,0.43551793694496155,559.3208
4933,0.39373278617858887,0.39373278617858887,0.45499879121780396,0.43534985184669495,559.4295
4934,0.3935696482658386,0.3935696482658386,0.45483455061912537,0.4351821541786194,559.5362
4935,0.3934060335159302,0.3934060335159302,0.45467033982276917,0.4350145757198334,559.6441
4936,0.39324191212654114,0.39324191212654114,0.4545067250728607,0.43484753370285034,559.7551
4937,0.3930792212486267,0.3930792212486267,0.4543437957763672,0.43468111753463745,559.8618
4938,0.3929165303707123,0.3929165303707123,0.4541788101196289,0.43451279401779175,559.968
4939,0.39275211095809937,0.39275211095809937,0.4540139138698578,0.4343443512916565,560.073
4940,0.39258912205696106,0.39258912205696106,0.4538496136665344,0.4341765344142914,560.1837
4941,0.3924257159233093,0.3924257159233093,0.45368608832359314,0.4340096116065979,560.2946
4942,0.39226195216178894,0.39226195216178894,0.4535214900970459,0.4338415563106537,560.407
4943,0.39209917187690735,0.39209917187690735,0.45335817337036133,0.43367481231689453,560.5137
4944,0.39193567633628845,0.39193567633628845,0.45319366455078125,0.43350696563720703,560.6173
4945,0.3917725682258606,0.3917725682258606,0.4530293047428131,0.43333905935287476,560.7273
4946,0.3916086256504059,0.3916086256504059,0.45286351442337036,0.43316999077796936,560.8367
4947,0.3914455771446228,0.3914455771446228,0.4526992440223694,0.43300217390060425,560.9438
4948,0.3912821412086487,0.3912821412086487,0.4525354504585266,0.4328349232673645,561.051
4949,0.3911190330982208,0.3911190330982208,0.4523717761039734,0.43266767263412476,561.1566
4950,0.39095526933670044,0.39095526933670044,0.45220747590065,0.4324997365474701,561.2685
4951,0.39079150557518005,0.39079150557518005,0.45204201340675354,0.43233099579811096,561.3798
4952,0.3906283378601074,0.3906283378601074,0.45187830924987793,0.432163804769516,561.4885
4953,0.39046502113342285,0.39046502113342285,0.45171529054641724,0.43199723958969116,561.5918
4954,0.3903014361858368,0.3903014361858368,0.4515519142150879,0.4318302571773529,561.7018
4955,0.39013808965682983,0.39013808965682983,0.4513855576515198,0.4316607415676117,561.8079
4956,0.3899746835231781,0.3899746835231781,0.4512195587158203,0.43149107694625854,561.9457
4957,0.3898114562034607,0.3898114562034607,0.4510534703731537,0.4313216805458069,562.0556
4958,0.3896481394767761,0.3896481394767761,0.45088839530944824,0.43115296959877014,562.1668
4959,0.3894844353199005,0.3894844353199005,0.4507218301296234,0.43098312616348267,562.2736
4960,0.38932111859321594,0.38932111859321594,0.4505586624145508,0.43081626296043396,562.3841
4961,0.38915809988975525,0.38915809988975525,0.4503942131996155,0.4306483268737793,562.4997
4962,0.3889940083026886,0.3889940083026886,0.4502283036708832,0.4304789900779724,562.6089
4963,0.3888304829597473,0.3888304829597473,0.4500630497932434,0.43031033873558044,562.7179
4964,0.388666570186615,0.388666570186615,0.449896901845932,0.4301406741142273,562.8289
4965,0.3885038495063782,0.3885038495063782,0.4497320055961609,0.42997226119041443,562.9362
4966,0.3883397579193115,0.3883397579193115,0.44956523180007935,0.42980194091796875,563.042
4967,0.3881765604019165,0.3881765604019165,0.44940099120140076,0.4296341836452484,563.1466
4968,0.38801291584968567,0.38801291584968567,0.4492366313934326,0.4294663071632385,563.2503
4969,0.3878491520881653,0.3878491520881653,0.4490717053413391,0.42929792404174805,563.361
4970,0.3876860737800598,0.3876860737800598,0.448905885219574,0.42912864685058594,563.467
4971,0.38752201199531555,0.38752201199531555,0.4487391412258148,0.4289584755897522,563.5707
4972,0.38735905289649963,0.38735905289649963,0.4485739767551422,0.4287899136543274,563.6727
4973,0.38719508051872253,0.38719508051872253,0.44840890169143677,0.42862123250961304,563.7816
4974,0.3870317339897156,0.3870317339897156,0.4482437074184418,0.42845240235328674,563.8948
4975,0.38686829805374146,0.38686829805374146,0.44807785749435425,0.42828312516212463,564.0002
4976,0.3867044150829315,0.3867044150829315,0.4479126036167145,0.42811423540115356,564.106
4977,0.38654109835624695,0.38654109835624695,0.4477469027042389,0.427945077419281,564.2132
4978,0.3863774538040161,0.3863774538040161,0.4475812315940857,0.4277760982513428,564.3197
4979,0.38621363043785095,0.38621363043785095,0.4474167823791504,0.427607923746109,564.4221
4980,0.386050283908844,0.386050283908844,0.44725102186203003,0.4274386763572693,564.5315
4981,0.3858864903450012,0.3858864903450012,0.4470847249031067,0.4272688925266266,564.6421
4982,0.3857232630252838,0.3857232630252838,0.4469183087348938,0.4270990490913391,564.7492
4983,0.3855593800544739,0.3855593800544739,0.4467506408691406,0.4269278645515442,564.8611
4984,0.38539543747901917,0.38539543747901917,0.4465838372707367,0.4267576336860657,564.9664
4985,0.3852316737174988,0.3852316737174988,0.44641953706741333,0.42658963799476624,565.0766
4986,0.3850685954093933,0.3850685954093933,0.44625353813171387,0.4264199733734131,565.1832
4987,0.38490456342697144,0.38490456342697144,0.4460868835449219,0.4262498915195465,565.2937
4988,0.3847412168979645,0.3847412168979645,0.4459196627140045,0.42607927322387695,565.4007
4989,0.38457661867141724,0.38457661867141724,0.4457533359527588,0.4259094297885895,565.5077
4990,0.38441312313079834,0.38441312313079834,0.44558650255203247,0.42573899030685425,565.6179
4991,0.3842490315437317,0.3842490315437317,0.44542044401168823,0.42556923627853394,565.7287
4992,0.38408565521240234,0.38408565521240234,0.44525471329689026,0.4254000186920166,565.8363
4993,0.38392239809036255,0.38392239809036255,0.44508829712867737,0.42523008584976196,565.9469
4994,0.3837586045265198,0.3837586045265198,0.44492149353027344,0.42505988478660583,566.0533
4995,0.3835937976837158,0.3835937976837158,0.4447552561759949,0.4248902201652527,566.1645
4996,0.38343048095703125,0.38343048095703125,0.44458848237991333,0.4247199594974518,566.2775
4997,0.38326722383499146,0.38326722383499146,0.4444228708744049,0.42455071210861206,566.3877
4998,0.3831033706665039,0.3831033706665039,0.44425544142723083,0.4243796467781067,566.4958
4999,0.38293981552124023,0.38293981552124023,0.4440881609916687,0.4242088198661804,566.6044
5000,0.38277631998062134,0.38277631998062134,0.44391947984695435,0.42403659224510193,566.7124
5001,0.38261181116104126,0.38261181116104126,0.4437534809112549,0.42386704683303833,566.8203
5002,0.38244789838790894,0.38244789838790894,0.44358769059181213,0.4236978590488434,566.9347
5003,0.3822839856147766,0.3822839856147766,0.4434225559234619,0.4235289990901947,567.046
5004,0.38211989402770996,0.38211989402770996,0.4432549476623535,0.4233579635620117,567.1531
5005,0.3819563686847687,0.3819563686847687,0.4430885314941406,0.4231879711151123,567.2645
5006,0.38179272413253784,0.38179272413253784,0.44291844964027405,0.42301425337791443,567.3737
5007,0.38162940740585327,0.38162940740585327,0.44275063276290894,0.4228430688381195,567.4859
5008,0.3814648985862732,0.3814648985862732,0.4425833821296692,0.42267218232154846,567.5968
5009,0.38130125403404236,0.38130125403404236,0.44241762161254883,0.4225025773048401,567.7065
5010,0.3811364769935608,0.3811364769935608,0.442251592874527,0.4223330020904541,567.8145
5011,0.38097280263900757,0.38097280263900757,0.44208383560180664,0.42216187715530396,567.9253
5012,0.38080888986587524,0.38080888986587524,0.4419158399105072,0.42199039459228516,568.0359
5013,0.3806453049182892,0.3806453049182892,0.4417484402656555,0.42181938886642456,568.1486
5014,0.3804817199707031,0.3804817199707031,0.4415804445743561,0.4216477870941162,568.3543
5015,0.38031700253486633,0.38031700253486633,0.4414123594760895,0.42147618532180786,568.4625
5016,0.3801534175872803,0.3801534175872803,0.4412449896335602,0.42130523920059204,568.5684
5017,0.3799895942211151,0.3799895942211151,0.4410764276981354,0.421132892370224,568.6778
5018,0.3798258602619171,0.3798258602619171,0.4409089684486389,0.420961856842041,568.7918
5019,0.3796614706516266,0.3796614706516266,0.44074076414108276,0.4207903742790222,568.9041
5020,0.37949734926223755,0.37949734926223755,0.440573126077652,0.4206191599369049,569.0163
5021,0.37933310866355896,0.37933310866355896,0.44040733575820923,0.42044955492019653,569.1282
5022,0.3791683614253998,0.3791683614253998,0.44023841619491577,0.42027729749679565,569.2373
5023,0.3790051341056824,0.3790051341056824,0.44007062911987305,0.42010587453842163,569.3446
5024,0.37884148955345154,0.37884148955345154,0.4399029612541199,0.41993457078933716,569.4534
5025,0.3786773085594177,0.3786773085594177,0.43973368406295776,0.4197617471218109,569.5651
5026,0.3785126209259033,0.3785126209259033,0.43956518173217773,0.4195896089076996,569.6725
5027,0.37834811210632324,0.37834811210632324,0.43939638137817383,0.4194170832633972,569.78
5028,0.3781852126121521,0.3781852126121521,0.4392293393611908,0.4192464351654053,569.8862
5029,0.37802037596702576,0.37802037596702576,0.4390619397163391,0.41907548904418945,569.9898
5030,0.3778562545776367,0.3778562545776367,0.43889331817626953,0.4189034402370453,570.097
5031,0.37769201397895813,0.37769201397895813,0.43872517347335815,0.41873177886009216,570.203
5032,0.3775278329849243,0.3775278329849243,0.43855705857276917,0.41856008768081665,570.3104
5033,0.3773638904094696,0.3773638904094696,0.43838804960250854,0.41838741302490234,570.4143
5034,0.3771999478340149,0.3771999478340149,0.43821853399276733,0.41821426153182983,570.5209
5035,0.3770357668399811,0.3770357668399811,0.4380502700805664,0.4180423617362976,570.6297
5036,0.37687140703201294,0.37687140703201294,0.4378805160522461,0.4178690016269684,570.7363
5037,0.37670689821243286,0.37670689821243286,0.43771106004714966,0.4176958203315735,570.8407
5038,0.37654295563697815,0.37654295563697815,0.4375433921813965,0.41752463579177856,570.948
5039,0.3763786256313324,0.3763786256313324,0.437375545501709,0.41735315322875977,571.0565
5040,0.37621432542800903,0.37621432542800903,0.43720707297325134,0.41718101501464844,571.1632
5041,0.37605032324790955,0.37605032324790955,0.4370373785495758,0.41700777411460876,571.2684
5042,0.375885933637619,0.375885933637619,0.43686699867248535,0.41683393716812134,571.3757
5043,0.37572145462036133,0.37572145462036133,0.4366969168186188,0.41666024923324585,571.4808
5044,0.3755572736263275,0.3755572736263275,0.4365272521972656,0.416486918926239,571.5873
5045,0.3753927946090698,0.3753927946090698,0.43635886907577515,0.41631484031677246,571.6952
5046,0.3752284646034241,0.3752284646034241,0.43619099259376526,0.4161432385444641,571.8006
5047,0.3750636875629425,0.3750636875629425,0.4360209107398987,0.4159695506095886,571.9102
5048,0.374899685382843,0.374899685382843,0.4358512759208679,0.4157964587211609,572.0198
5049,0.37473493814468384,0.37473493814468384,0.43568211793899536,0.4156237244606018,572.1302
5050,0.3745709955692291,0.3745709955692291,0.43551287055015564,0.4154508709907532,572.2408
5051,0.3744058609008789,0.3744058609008789,0.43534427881240845,0.41527849435806274,572.3528
5052,0.3742418587207794,0.3742418587207794,0.4351745545864105,0.41510504484176636,572.4751
5053,0.3740771412849426,0.3740771412849426,0.43500375747680664,0.4149307310581207,572.5881
5054,0.37391218543052673,0.37391218543052673,0.43483370542526245,0.4147570729255676,572.698
5055,0.37374863028526306,0.37374863028526306,0.4346644878387451,0.41458410024642944,572.8083
5056,0.37358397245407104,0.37358397245407104,0.4344960153102875,0.4144120216369629,572.9244
5057,0.3734193444252014,0.3734193444252014,0.4343259334564209,0.41423845291137695,573.0426
5058,0.3732546865940094,0.3732546865940094,0.43415623903274536,0.41406503319740295,573.1512
5059,0.3730900287628174,0.3730900287628174,0.4339865744113922,0.41389185190200806,573.263
5060,0.372925728559494,0.372925728559494,0.4338168203830719,0.41371840238571167,573.3775
5061,0.37276098132133484,0.37276098132133484,0.433645635843277,0.4135435223579407,573.4857
5062,0.3725964426994324,0.3725964426994324,0.4334746301174164,0.41336870193481445,573.5937
5063,0.3724318742752075,0.3724318742752075,0.43330448865890503,0.41319504380226135,573.6998
5064,0.37226778268814087,0.37226778268814087,0.43313318490982056,0.41302013397216797,573.8079
5065,0.3721022605895996,0.3721022605895996,0.43296366930007935,0.4128468632698059,573.9148
5066,0.37193870544433594,0.37193870544433594,0.4327933192253113,0.4126729965209961,574.0234
5067,0.37177300453186035,0.37177300453186035,0.43262386322021484,0.41249990463256836,574.1332
5068,0.37160855531692505,0.37160855531692505,0.4324529767036438,0.412325382232666,574.2401
5069,0.37144410610198975,0.37144410610198975,0.4322832226753235,0.4121518135070801,574.345
5070,0.3712790608406067,0.3712790608406067,0.4321121573448181,0.41197720170021057,574.4495
5071,0.3711145520210266,0.3711145520210266,0.4319400191307068,0.4118014872074127,574.5539
5072,0.3709498643875122,0.3709498643875122,0.431769460439682,0.4116272032260895,574.6611
5073,0.3707844614982605,0.3707844614982605,0.431598424911499,0.41145238280296326,574.7721
5074,0.3706199526786804,0.3706199526786804,0.4314284324645996,0.411278635263443,574.877
5075,0.3704550266265869,0.3704550266265869,0.4312567710876465,0.41110342741012573,574.9866
5076,0.3702901005744934,0.3702901005744934,0.43108636140823364,0.4109293818473816,575.0961
5077,0.3701253831386566,0.3701253831386566,0.43091529607772827,0.4107547402381897,575.2084
5078,0.36995992064476013,0.36995992064476013,0.43074554204940796,0.4105812609195709,575.3198
5079,0.3697960078716278,0.3697960078716278,0.43057459592819214,0.4104065001010895,575.4278
5080,0.36963051557540894,0.36963051557540894,0.4304024279117584,0.41023072600364685,575.533
5081,0.36946606636047363,0.36946606636047363,0.430230051279068,0.4100547432899475,575.6438
5082,0.3693005442619324,0.3693005442619324,0.43005862832069397,0.409879595041275,575.7505
5083,0.36913639307022095,0.36913639307022095,0.42988672852516174,0.40970396995544434,575.8586
5084,0.3689708709716797,0.3689708709716797,0.4297153055667877,0.40952882170677185,575.9626
5085,0.3688059449195862,0.3688059449195862,0.429543673992157,0.40935373306274414,576.0695
5086,0.36864084005355835,0.36864084005355835,0.42937391996383667,0.40918007493019104,576.177
5087,0.36847588419914246,0.36847588419914246,0.42920202016830444,0.4090045094490051,576.2859
5088,0.3683108687400818,0.3683108687400818,0.4290310740470886,0.4088299870491028,576.3966
5089,0.3681466281414032,0.3681466281414032,0.42885884642601013,0.4086540639400482,576.5046
5090,0.367981493473053,0.367981493473053,0.4286874830722809,0.40847891569137573,576.6135
5091,0.3678155541419983,0.3678155541419983,0.42851582169532776,0.4083036482334137,576.7231
5092,0.3676510751247406,0.3676510751247406,0.4283432066440582,0.4081273078918457,576.831
5093,0.36748582124710083,0.36748582124710083,0.42817145586013794,0.4079517722129822,576.9383
5094,0.3673202395439148,0.3673202395439148,0.4279978275299072,0.40777450799942017,577.0465
5095,0.36715513467788696,0.36715513467788696,0.42782631516456604,0.4075993597507477,577.1508
5096,0.3669903874397278,0.3669903874397278,0.4276530146598816,0.4074222147464752,577.2535
5097,0.3668254613876343,0.3668254613876343,0.42748212814331055,0.4072476029396057,577.3638
5098,0.3666597008705139,0.3666597008705139,0.4273093342781067,0.40707117319107056,577.4691
5099,0.36649444699287415,0.36649444699287415,0.42713722586631775,0.406895250082016,577.5742
5100,0.36632969975471497,0.36632969975471497,0.4269650876522064,0.406719446182251,577.6845
5101,0.3661642372608185,0.3661642372608185,0.4267910420894623,0.406541645526886,577.793
5102,0.3659985661506653,0.3659985661506653,0.42661944031715393,0.40636634826660156,577.9019
5103,0.36583346128463745,0.36583346128463745,0.42644691467285156,0.40619009733200073,578.0111
5104,0.3656681776046753,0.3656681776046753,0.4262741506099701,0.4060135781764984,578.1231
5105,0.36550259590148926,0.36550259590148926,0.4261012077331543,0.40583696961402893,578.2327
5106,0.36533695459365845,0.36533695459365845,0.42592859268188477,0.4056606888771057,578.337
5107,0.3651723265647888,0.3651723265647888,0.42575564980506897,0.4054841101169586,578.4435
5108,0.36500677466392517,0.36500677466392517,0.42558345198631287,0.4053080677986145,578.5549
5109,0.3648412227630615,0.3648412227630615,0.4254104495048523,0.40513142943382263,578.6589
5110,0.36467576026916504,0.36467576026916504,0.42523685097694397,0.4049539566040039,578.7674
5111,0.36450982093811035,0.36450982093811035,0.4250628352165222,0.40477633476257324,578.8745
5112,0.36434492468833923,0.36434492468833923,0.42488956451416016,0.40459927916526794,578.9791
5113,0.3641790449619293,0.3641790449619293,0.4247162342071533,0.4044221341609955,579.0888
5114,0.3640138506889343,0.3640138506889343,0.4245445728302002,0.4042467176914215,579.1998
5115,0.3638479709625244,0.3638479709625244,0.4243709146976471,0.40406936407089233,579.3082
5116,0.3636834919452667,0.3636834919452667,0.4241970181465149,0.40389174222946167,579.4186
5117,0.3635171949863434,0.3635171949863434,0.4240233302116394,0.40371450781822205,579.5335
5118,0.3633515238761902,0.3633515238761902,0.4238501489162445,0.4035376012325287,579.6429
5119,0.3631865382194519,0.3631865382194519,0.42367759346961975,0.40336108207702637,579.7496
5120,0.3630208969116211,0.3630208969116211,0.4235028326511383,0.40318259596824646,579.8578
5121,0.36285480856895447,0.36285480856895447,0.4233283996582031,0.40300440788269043,579.9643
5122,0.36268895864486694,0.36268895864486694,0.4231541156768799,0.4028263986110687,580.0707
5123,0.3625231683254242,0.3625231683254242,0.4229796528816223,0.40264806151390076,580.1785
5124,0.3623577654361725,0.3623577654361725,0.42280569672584534,0.4024704098701477,580.2898
5125,0.362191766500473,0.362191766500473,0.42263203859329224,0.4022929072380066,580.4016
5126,0.36202648282051086,0.36202648282051086,0.42245715856552124,0.40211448073387146,580.51
5127,0.3618602752685547,0.3618602752685547,0.4222840368747711,0.4019375741481781,580.6228
5128,0.3616947531700134,0.3616947531700134,0.4221104681491852,0.4017603397369385,580.7315
5129,0.3615291714668274,0.3615291714668274,0.4219363331794739,0.4015823304653168,580.8386
5130,0.36136287450790405,0.36136287450790405,0.42176204919815063,0.4014042317867279,580.9437
5131,0.36119675636291504,0.36119675636291504,0.4215860366821289,0.40122443437576294,581.0533
5132,0.3610316216945648,0.3610316216945648,0.42141133546829224,0.40104609727859497,581.1598
5133,0.3608650267124176,0.3608650267124176,0.421236127614975,0.4008670449256897,581.2634
5134,0.360699325799942,0.360699325799942,0.4210619330406189,0.400689035654068,581.3737
5135,0.360533744096756,0.360533744096756,0.42088747024536133,0.4005107879638672,581.4837
5136,0.3603675961494446,0.3603675961494446,0.42071375250816345,0.4003332257270813,581.5849
5137,0.3602018356323242,0.3602018356323242,0.4205387234687805,0.4001545011997223,581.6902
5138,0.36003535985946655,0.36003535985946655,0.42036470770835876,0.39997658133506775,581.8004
5139,0.3598700165748596,0.3598700165748596,0.4201895594596863,0.399797648191452,581.9083
5140,0.3597037196159363,0.3597037196159363,0.42001456022262573,0.3996189534664154,582.0144
5141,0.3595380187034607,0.3595380187034607,0.41984033584594727,0.3994410037994385,582.1189
5142,0.3593716025352478,0.3593716025352478,0.4196654260158539,0.39926233887672424,582.2281
5143,0.3592056930065155,0.3592056930065155,0.41948994994163513,0.39908307790756226,582.3373
5144,0.3590395152568817,0.3590395152568817,0.41931381821632385,0.3989031910896301,582.4523
5145,0.35887277126312256,0.35887277126312256,0.4191373884677887,0.39872288703918457,582.5631
5146,0.3587067127227783,0.3587067127227783,0.41896215081214905,0.3985438942909241,582.6727
5147,0.3585410714149475,0.3585410714149475,0.41878485679626465,0.3983626365661621,582.7875
5148,0.35837477445602417,0.35837477445602417,0.41861048340797424,0.3981844484806061,582.8952
5149,0.3582085967063904,0.3582085967063904,0.41843539476394653,0.3980056047439575,583.0012
5150,0.3580418527126312,0.3580418527126312,0.4182594418525696,0.39782577753067017,583.1084
5151,0.35787588357925415,0.35787588357925415,0.4180845320224762,0.3976471424102783,583.2152
5152,0.3577098250389099,0.3577098250389099,0.4179080128669739,0.39746689796447754,583.3237
5153,0.3575437664985657,0.3575437664985657,0.4177328944206238,0.39728808403015137,583.4314
5154,0.3573775887489319,0.3573775887489319,0.4175565838813782,0.3971077501773834,583.5387
5155,0.35721004009246826,0.35721004009246826,0.4173803925514221,0.39692777395248413,583.652
5156,0.35704460740089417,0.35704460740089417,0.41720396280288696,0.39674749970436096,583.7615
5157,0.35687801241874695,0.35687801241874695,0.41702693700790405,0.3965667486190796,583.8709
5158,0.3567114770412445,0.3567114770412445,0.4168502688407898,0.39638617634773254,583.9821
5159,0.3565450608730316,0.3565450608730316,0.4166744351387024,0.3962066173553467,584.0884
5160,0.35637879371643066,0.35637879371643066,0.41649943590164185,0.39602795243263245,584.1938
5161,0.3562127947807312,0.3562127947807312,0.4163237512111664,0.39584818482398987,584.3021
5162,0.35604625940322876,0.35604625940322876,0.41614779829978943,0.3956683576107025,584.4057
5163,0.355879008769989,0.355879008769989,0.41596898436546326,0.3954858183860779,584.5124
5164,0.3557128310203552,0.3557128310203552,0.4157920777797699,0.39530500769615173,584.6193
5165,0.3555462658405304,0.3555462658405304,0.4156160354614258,0.395125150680542,584.7285
5166,0.3553793430328369,0.3553793430328369,0.4154396057128906,0.39494484663009644,584.832
5167,0.35521289706230164,0.35521289706230164,0.41526326537132263,0.39476481080055237,584.9424
5168,0.3550463318824768,0.3550463318824768,0.41508588194847107,0.3945835530757904,585.0507
5169,0.35487931966781616,0.35487931966781616,0.4149084985256195,0.394402414560318,585.1608
5170,0.3547130525112152,0.3547130525112152,0.4147309362888336,0.3942209482192993,585.2658
5171,0.3545464873313904,0.3545464873313904,0.41455307602882385,0.39403924345970154,585.3769
5172,0.3543802797794342,0.3543802797794342,0.4143758714199066,0.3938581347465515,585.4869
5173,0.35421308875083923,0.35421308875083923,0.4141988754272461,0.3936771750450134,585.598
5174,0.35404595732688904,0.35404595732688904,0.4140215516090393,0.39349597692489624,585.7106
5175,0.3538796305656433,0.3538796305656433,0.4138447642326355,0.3933154344558716,585.8214
5176,0.3537127375602722,0.3537127375602722,0.41366782784461975,0.3931347727775574,585.9284
5177,0.353545606136322,0.353545606136322,0.4134908616542816,0.39295393228530884,586.0376
5178,0.3533787131309509,0.3533787131309509,0.4133118689060211,0.3927708864212036,586.146
5179,0.3532121777534485,0.3532121777534485,0.4131334722042084,0.3925885856151581,586.2501
5180,0.3530455231666565,0.3530455231666565,0.4129551351070404,0.3924064338207245,586.3608
5181,0.3528781831264496,0.3528781831264496,0.4127780795097351,0.39222562313079834,586.4688
5182,0.35271158814430237,0.35271158814430237,0.41260114312171936,0.39204487204551697,586.5789
5183,0.35254430770874023,0.35254430770874023,0.4124230444431305,0.3918629586696625,586.6911
5184,0.352377712726593,0.352377712726593,0.4122459292411804,0.391681969165802,586.7997
5185,0.35221049189567566,0.35221049189567566,0.41206780076026917,0.3914998769760132,586.9107
5186,0.35204339027404785,0.35204339027404785,0.4118892550468445,0.3913174569606781,587.0195
5187,0.35187602043151855,0.35187602043151855,0.4117101728916168,0.3911344110965729,587.1271
5188,0.35170939564704895,0.35170939564704895,0.41153162717819214,0.39095214009284973,587.2332
5189,0.3515428602695465,0.3515428602695465,0.4113541543483734,0.39077067375183105,587.3488
5190,0.35137495398521423,0.35137495398521423,0.41117554903030396,0.3905882239341736,587.4633
5191,0.3512080907821655,0.3512080907821655,0.41099756956100464,0.39040637016296387,587.5704
5192,0.3510410189628601,0.3510410189628601,0.41081827878952026,0.3902232050895691,587.6778
5193,0.35087329149246216,0.35087329149246216,0.41063910722732544,0.39004015922546387,587.8201
5194,0.3507063686847687,0.3507063686847687,0.4104599058628082,0.3898569643497467,587.9586
5195,0.35053887963294983,0.35053887963294983,0.41028112173080444,0.38967418670654297,588.075
5196,0.35037192702293396,0.35037192702293396,0.4101017117500305,0.38949090242385864,588.19
5197,0.3502049446105957,0.3502049446105957,0.4099234640598297,0.38930875062942505,588.3005
5198,0.3500376045703888,0.3500376045703888,0.40974512696266174,0.38912662863731384,588.4116
5199,0.3498704135417938,0.3498704135417938,0.409565269947052,0.3889428675174713,588.522
5200,0.3497026860713959,0.3497026860713959,0.4093874990940094,0.3887612223625183,588.6286
5201,0.34953543543815613,0.34953543543815613,0.40920931100845337,0.3885790705680847,588.7362
5202,0.34936758875846863,0.34936758875846863,0.4090287685394287,0.3883945047855377,588.8466
5203,0.3492002487182617,0.3492002487182617,0.40884724259376526,0.38820919394493103,588.959
5204,0.3490331768989563,0.3490331768989563,0.4086677134037018,0.38802576065063477,589.0672
5205,0.34886544942855835,0.34886544942855835,0.4084886908531189,0.38784289360046387,589.1758
5206,0.3486984968185425,0.3486984968185425,0.40831097960472107,0.38766130805015564,589.2832
5207,0.3485313057899475,0.3485313057899475,0.4081316888332367,0.3874780535697937,589.4996
5208,0.3483632206916809,0.3483632206916809,0.407951295375824,0.38729366660118103,589.6095
5209,0.3481956124305725,0.3481956124305725,0.4077705442905426,0.38710907101631165,589.7166
5210,0.3480280637741089,0.3480280637741089,0.40758925676345825,0.38692376017570496,589.8221
5211,0.3478602468967438,0.3478602468967438,0.4074088931083679,0.386739581823349,589.9291
5212,0.3476930260658264,0.3476930260658264,0.4072299003601074,0.38655638694763184,590.0391
5213,0.34752535820007324,0.34752535820007324,0.4070507884025574,0.3863733410835266,590.1501
5214,0.34735745191574097,0.34735745191574097,0.40687069296836853,0.38618946075439453,590.2576
5215,0.3471900522708893,0.3471900522708893,0.40668922662734985,0.38600414991378784,590.3634
5216,0.34702247381210327,0.34702247381210327,0.40650853514671326,0.38581952452659607,590.4689
5217,0.3468547761440277,0.3468547761440277,0.4063299298286438,0.3856368064880371,590.5831
5218,0.34668710827827454,0.34668710827827454,0.40614986419677734,0.3854527175426483,590.6947
5219,0.3465184271335602,0.3465184271335602,0.4059688448905945,0.38526779413223267,590.8054
5220,0.34635111689567566,0.34635111689567566,0.40578705072402954,0.3850821852684021,590.9139
5221,0.3461829125881195,0.3461829125881195,0.40560656785964966,0.38489779829978943,591.0204
5222,0.34601518511772156,0.34601518511772156,0.40542683005332947,0.38471412658691406,591.1314
5223,0.3458472788333893,0.3458472788333893,0.4052467346191406,0.38453003764152527,591.241
5224,0.3456798791885376,0.3456798791885376,0.4050663113594055,0.38434576988220215,591.3521
5225,0.3455117344856262,0.3455117344856262,0.40488505363464355,0.3841603398323059,591.4661
5226,0.34534353017807007,0.34534353017807007,0.4047032296657562,0.383974552154541,591.5784
5227,0.345175564289093,0.345175564289093,0.4045206904411316,0.38378816843032837,591.6901
5228,0.3450075089931488,0.3450075089931488,0.4043406844139099,0.38360410928726196,591.8027
5229,0.34483957290649414,0.34483957290649414,0.4041592478752136,0.3834187388420105,591.9147
5230,0.34467190504074097,0.34467190504074097,0.40397876501083374,0.3832343518733978,592.0231
5231,0.3445028066635132,0.3445028066635132,0.40379613637924194,0.3830477297306061,592.1312
5232,0.34433531761169434,0.34433531761169434,0.40361467003822327,0.38286224007606506,592.2412
5233,0.34416741132736206,0.34416741132736206,0.403433620929718,0.3826771378517151,592.349
5234,0.3439995348453522,0.3439995348453522,0.4032519459724426,0.38249149918556213,592.4533
5235,0.3438311517238617,0.3438311517238617,0.40307021141052246,0.3823058009147644,592.5604
5236,0.34366294741630554,0.34366294741630554,0.40288883447647095,0.3821205496788025,592.6672
5237,0.34349483251571655,0.34349483251571655,0.4027073383331299,0.3819350600242615,592.7759
5238,0.3433266580104828,0.3433266580104828,0.4025259017944336,0.3817497193813324,592.8858
5239,0.3431583344936371,0.3431583344936371,0.4023445248603821,0.38156431913375854,592.9889
5240,0.3429899215698242,0.3429899215698242,0.4021620750427246,0.38137778639793396,593.0948
5241,0.34282201528549194,0.34282201528549194,0.4019794464111328,0.3811912536621094,593.2048
5242,0.34265366196632385,0.34265366196632385,0.401796817779541,0.3810045123100281,593.3157
5243,0.3424850106239319,0.3424850106239319,0.4016144275665283,0.3808181583881378,593.4217
5244,0.34231624007225037,0.34231624007225037,0.401432603597641,0.3806324005126953,593.5246
5245,0.3421483635902405,0.3421483635902405,0.4012506604194641,0.38044628500938416,593.6307
5246,0.3419799208641052,0.3419799208641052,0.40106797218322754,0.38025981187820435,593.7351
5247,0.3418111801147461,0.3418111801147461,0.400886207818985,0.3800738751888275,593.8454
5248,0.3416430354118347,0.3416430354118347,0.40070217847824097,0.3798860013484955,593.9547
5249,0.3414744734764099,0.3414744734764099,0.4005192220211029,0.3796989321708679,594.0634
5250,0.34130609035491943,0.34130609035491943,0.4003371596336365,0.3795126974582672,594.1677
5251,0.3411373496055603,0.3411373496055603,0.400154173374176,0.3793257772922516,594.2727
5252,0.3409690260887146,0.3409690260887146,0.399971067905426,0.379138708114624,594.3851
5253,0.34080034494400024,0.34080034494400024,0.3997880816459656,0.37895193696022034,594.4987
5254,0.34063124656677246,0.34063124656677246,0.39960527420043945,0.3787649869918823,594.6076
5255,0.3404630720615387,0.3404630720615387,0.39942264556884766,0.37857821583747864,594.7199
5256,0.34029412269592285,0.34029412269592285,0.39923974871635437,0.3783910870552063,594.8288
5257,0.3401256799697876,0.3401256799697876,0.3990558087825775,0.3782031536102295,594.9365
5258,0.3399566113948822,0.3399566113948822,0.39887288212776184,0.37801632285118103,595.0446
5259,0.33978891372680664,0.33978891372680664,0.398689329624176,0.37782877683639526,595.1498
5260,0.3396199345588684,0.3396199345588684,0.3985080122947693,0.3776434063911438,595.2562
5261,0.339451402425766,0.339451402425766,0.3983249068260193,0.37745633721351624,595.3639
5262,0.33928224444389343,0.33928224444389343,0.3981406092643738,0.3772679567337036,595.4682
5263,0.33911311626434326,0.33911311626434326,0.39795541763305664,0.37707871198654175,595.5765
5264,0.33894428610801697,0.33894428610801697,0.3977718949317932,0.376891165971756,595.6989
5265,0.3387751579284668,0.3387751579284668,0.39758753776550293,0.37670278549194336,595.8188
5266,0.3386062979698181,0.3386062979698181,0.3974035680294037,0.376514732837677,595.9349
5267,0.33843815326690674,0.33843815326690674,0.39722031354904175,0.3763274550437927,596.0513
5268,0.3382689654827118,0.3382689654827118,0.39703595638275146,0.37613898515701294,596.17
5269,0.33810025453567505,0.33810025453567505,0.3968518376350403,0.3759509027004242,596.2827
5270,0.3379310071468353,0.3379310071468353,0.39666748046875,0.37576231360435486,596.3975
5271,0.3377620577812195,0.3377620577812195,0.39648309350013733,0.37557393312454224,596.509
5272,0.337592750787735,0.337592750787735,0.39629948139190674,0.3753860890865326,596.6164
5273,0.33742403984069824,0.33742403984069824,0.3961150050163269,0.37519770860671997,596.7311
5274,0.3372548222541809,0.3372548222541809,0.39593037962913513,0.3750090003013611,596.8427
5275,0.33708590269088745,0.33708590269088745,0.39574629068374634,0.37482085824012756,596.9559
5276,0.33691659569740295,0.33691659569740295,0.39556223154067993,0.37463292479515076,597.0662
5277,0.336747407913208,0.336747407913208,0.3953777849674225,0.37444421648979187,597.1781
5278,0.33657869696617126,0.33657869696617126,0.39519309997558594,0.3742554783821106,597.2859
5279,0.3364093005657196,0.3364093005657196,0.3950069546699524,0.3740651607513428,597.3969
5280,0.3362405598163605,0.3362405598163605,0.39482155442237854,0.3738756775856018,597.5066
5281,0.33607131242752075,0.33607131242752075,0.3946368098258972,0.37368685007095337,597.6145
5282,0.33590173721313477,0.33590173721313477,0.39445194602012634,0.37349802255630493,597.7207
5283,0.335732638835907,0.335732638835907,0.3942677080631256,0.3733096718788147,597.8277
5284,0.33556312322616577,0.33556312322616577,0.39408358931541443,0.3731215000152588,597.9316
5285,0.3353939950466156,0.3353939950466156,0.39389845728874207,0.37293216586112976,598.0424
5286,0.335224986076355,0.335224986076355,0.3937123715877533,0.3727419972419739,598.1531
5287,0.33505532145500183,0.33505532145500183,0.39352697134017944,0.3725525736808777,598.2619
5288,0.3348862826824188,0.3348862826824188,0.39334243535995483,0.372363805770874,598.3708
5289,0.3347162902355194,0.3347162902355194,0.39315661787986755,0.37217405438423157,598.478
5290,0.33454757928848267,0.33454757928848267,0.39297133684158325,0.3719845712184906,598.587
5291,0.3343771994113922,0.3343771994113922,0.39278560876846313,0.37179476022720337,598.6941
5292,0.33420810103416443,0.33420810103416443,0.39259928464889526,0.3716042935848236,598.8007
5293,0.33403879404067993,0.33403879404067993,0.39241278171539307,0.3714136481285095,598.9037
5294,0.3338686227798462,0.3338686227798462,0.39222580194473267,0.3712225556373596,599.0081
5295,0.33369970321655273,0.33369970321655273,0.3920409083366394,0.3710334897041321,599.1132
5296,0.3335300385951996,0.3335300385951996,0.3918547034263611,0.3708430230617523,599.2208
5297,0.33336055278778076,0.33336055278778076,0.3916683495044708,0.37065261602401733,599.3323
5298,0.33319100737571716,0.33319100737571716,0.39148229360580444,0.3704625964164734,599.4447
5299,0.3330210745334625,0.3330210745334625,0.39129695296287537,0.37027299404144287,599.5527
5300,0.332851380109787,0.332851380109787,0.3911115527153015,0.37008342146873474,599.66
5301,0.3326820731163025,0.3326820731163025,0.39092522859573364,0.36989307403564453,599.7738
5302,0.3325125277042389,0.3325125277042389,0.39073890447616577,0.36970263719558716,599.8917
5303,0.3323424458503723,0.3323424458503723,0.3905530571937561,0.369512677192688,600.0076
5304,0.3321724534034729,0.3321724534034729,0.39036670327186584,0.36932218074798584,600.1376
5305,0.332003116607666,0.332003116607666,0.3901805281639099,0.36913204193115234,600.2579
5306,0.33183351159095764,0.33183351159095764,0.3899933397769928,0.3689405918121338,600.3774
5307,0.3316635489463806,0.3316635489463806,0.38980597257614136,0.36874908208847046,600.4921
5308,0.33149364590644836,0.33149364590644836,0.38961848616600037,0.3685574233531952,600.5969
5309,0.3313239514827728,0.3313239514827728,0.3894314169883728,0.3683663010597229,600.7108
5310,0.3311544954776764,0.3311544954776764,0.38924428820610046,0.36817485094070435,600.823
5311,0.33098435401916504,0.33098435401916504,0.389057457447052,0.3679838180541992,600.9407
5312,0.3308144211769104,0.3308144211769104,0.38886988162994385,0.3677920997142792,601.0484
5313,0.330643892288208,0.330643892288208,0.38868236541748047,0.36760053038597107,601.1561
5314,0.3304745852947235,0.3304745852947235,0.38849544525146484,0.367409348487854,601.2646
5315,0.3303046226501465,0.3303046226501465,0.3883092403411865,0.36721885204315186,601.3749
5316,0.330134779214859,0.330134779214859,0.38812193274497986,0.3670274317264557,601.4878
5317,0.3299652934074402,0.3299652934074402,0.38793498277664185,0.36683645844459534,601.5971
5318,0.3297942280769348,0.3297942280769348,0.3877476155757904,0.36664503812789917,601.7139
5319,0.3296244740486145,0.3296244740486145,0.38756057620048523,0.36645370721817017,601.8263
5320,0.3294541537761688,0.3294541537761688,0.38737255334854126,0.36626145243644714,601.9385
5321,0.32928475737571716,0.32928475737571716,0.3871842920780182,0.36606889963150024,602.0585
5322,0.32911425828933716,0.32911425828933716,0.38699662685394287,0.3658772110939026,602.1647
5323,0.32894426584243774,0.32894426584243774,0.3868087828159332,0.3656851053237915,602.278
5324,0.3287738859653473,0.3287738859653473,0.38662081956863403,0.36549293994903564,602.4112
5325,0.328604131937027,0.328604131937027,0.38643336296081543,0.3653012812137604,602.531
5326,0.3284332752227783,0.3284332752227783,0.3862442076206207,0.3651078939437866,602.6555
5327,0.3282632529735565,0.3282632529735565,0.38605692982673645,0.36491644382476807,602.7769
5328,0.32809314131736755,0.32809314131736755,0.38586854934692383,0.36472398042678833,602.9069
5329,0.3279231786727905,0.3279231786727905,0.38568115234375,0.36453238129615784,603.024
5330,0.32775282859802246,0.32775282859802246,0.385492742061615,0.3643396496772766,603.1421
5331,0.32758235931396484,0.32758235931396484,0.38530436158180237,0.3641471266746521,603.2645
5332,0.32741260528564453,0.32741260528564453,0.38511648774147034,0.363955020904541,603.3854
5333,0.3272422254085541,0.3272422254085541,0.3849281668663025,0.3637624680995941,603.5034
5334,0.3270711302757263,0.3270711302757263,0.38474011421203613,0.3635702431201935,603.621
5335,0.3269011378288269,0.3269011378288269,0.38455134630203247,0.3633773922920227,603.7303
5336,0.32673102617263794,0.32673102617263794,0.3843623995780945,0.36318424344062805,603.8469
5337,0.32656025886535645,0.32656025886535645,0.38417258858680725,0.36299005150794983,603.9625
5338,0.3263900876045227,0.3263900876045227,0.38398295640945435,0.36279618740081787,604.0842
5339,0.32621949911117554,0.32621949911117554,0.3837938904762268,0.3626028895378113,604.2016
5340,0.3260490894317627,0.3260490894317627,0.3836057782173157,0.36241060495376587,604.3132
5341,0.32587870955467224,0.32587870955467224,0.3834174871444702,0.3622181713581085,604.427
5342,0.3257080912590027,0.3257080912590027,0.38322892785072327,0.36202535033226013,604.5385
5343,0.32553762197494507,0.32553762197494507,0.3830394446849823,0.3618314862251282,604.6502
5344,0.32536712288856506,0.32536712288856506,0.3828504681587219,0.36163824796676636,604.7638
5345,0.32519665360450745,0.32519665360450745,0.3826611340045929,0.3614446222782135,604.8739
5346,0.3250260055065155,0.3250260055065155,0.38247111439704895,0.3612503707408905,604.9892
5347,0.32485541701316833,0.32485541701316833,0.38228219747543335,0.3610573709011078,605.1008
5348,0.3246847987174988,0.3246847987174988,0.38209375739097595,0.36086469888687134,605.2132
5349,0.3245144188404083,0.3245144188404083,0.3819037973880768,0.36067044734954834,605.3279
5350,0.32434335350990295,0.32434335350990295,0.3817152976989746,0.3604777455329895,605.4468
5351,0.3241729140281677,0.3241729140281677,0.3815249800682068,0.3602831959724426,605.5624
5352,0.3240017294883728,0.3240017294883728,0.3813350796699524,0.360088974237442,605.6762
5353,0.3238314688205719,0.3238314688205719,0.38114601373672485,0.3598954677581787,605.7905
5354,0.3236605226993561,0.3236605226993561,0.38095545768737793,0.35970062017440796,605.9042
5355,0.32349011301994324,0.32349011301994324,0.3807653784751892,0.35950642824172974,606.0213
5356,0.323319673538208,0.323319673538208,0.3805754780769348,0.3593123257160187,606.1365
5357,0.3231489658355713,0.3231489658355713,0.3803863525390625,0.3591187596321106,606.2447
5358,0.32297787070274353,0.32297787070274353,0.38019633293151855,0.35892453789711,606.3622
5359,0.32280707359313965,0.32280707359313965,0.38000673055648804,0.3587304949760437,606.4795
5360,0.322636216878891,0.322636216878891,0.3798152506351471,0.35853490233421326,606.5914
5361,0.3224649429321289,0.3224649429321289,0.37962549924850464,0.35834091901779175,606.7114
5362,0.3222946524620056,0.3222946524620056,0.3794349133968353,0.35814613103866577,606.8316
5363,0.3221234381198883,0.3221234381198883,0.3792455196380615,0.35795241594314575,606.9471
5364,0.3219528794288635,0.3219528794288635,0.3790549635887146,0.3577575087547302,607.0653
5365,0.3217816650867462,0.3217816650867462,0.37886542081832886,0.3575636148452759,607.1852
5366,0.3216109871864319,0.3216109871864319,0.3786739408969879,0.35736799240112305,607.2979
5367,0.3214400112628937,0.3214400112628937,0.3784823417663574,0.3571719825267792,607.4156
5368,0.32126885652542114,0.32126885652542114,0.3782920837402344,0.3569774031639099,607.5316
5369,0.32109779119491577,0.32109779119491577,0.37810084223747253,0.35678187012672424,607.6457
5370,0.32092708349227905,0.32092708349227905,0.3779118061065674,0.3565883934497833,607.7612
5371,0.32075607776641846,0.32075607776641846,0.37771984934806824,0.3563922941684723,607.8751
5372,0.32058489322662354,0.32058489322662354,0.37752944231033325,0.3561975955963135,608.0183
5373,0.3204142153263092,0.3204142153263092,0.3773379325866699,0.3560017943382263,608.1777
5374,0.3202429711818695,0.3202429711818695,0.3771475851535797,0.3558070659637451,608.3062
5375,0.32007232308387756,0.32007232308387756,0.37695613503456116,0.35561123490333557,608.4412
5376,0.31990087032318115,0.31990087032318115,0.37676554918289185,0.3554162383079529,608.5829
5377,0.3197299838066101,0.3197299838066101,0.3765749931335449,0.35522133111953735,608.7109
5378,0.31955939531326294,0.31955939531326294,0.3763841688632965,0.35502633452415466,608.832
5379,0.31938761472702026,0.31938761472702026,0.376192182302475,0.3548303246498108,608.9575
5380,0.3192163109779358,0.3192163109779358,0.3760015368461609,0.3546353280544281,609.0807
5381,0.31904539465904236,0.31904539465904236,0.3758102059364319,0.3544393479824066,609.197
5382,0.3188742995262146,0.3188742995262146,0.3756179213523865,0.35424262285232544,609.3174
5383,0.31870314478874207,0.31870314478874207,0.37542635202407837,0.3540467619895935,609.4501
5384,0.3185320794582367,0.3185320794582367,0.37523433566093445,0.353850394487381,609.5689
5385,0.31836074590682983,0.31836074590682983,0.3750428557395935,0.35365456342697144,609.6918
5386,0.31818947196006775,0.31818947196006775,0.37485271692276,0.3534601628780365,609.8161
5387,0.3180178999900818,0.3180178999900818,0.3746599555015564,0.35326313972473145,609.9386
5388,0.31784695386886597,0.31784695386886597,0.3744678497314453,0.353066623210907,610.0694
5389,0.3176751732826233,0.3176751732826233,0.37427598237991333,0.35287028551101685,610.1858
5390,0.3175041079521179,0.3175041079521179,0.37408503890037537,0.35267505049705505,610.3074
5391,0.3173328638076782,0.3173328638076782,0.3738929331302643,0.3524784743785858,610.4276
5392,0.3171617388725281,0.3171617388725281,0.3737014830112457,0.3522826135158539,610.5487
5393,0.31699037551879883,0.31699037551879883,0.37350940704345703,0.35208624601364136,610.6738
5394,0.31681933999061584,0.31681933999061584,0.37331706285476685,0.3518897294998169,610.7888
5395,0.3166479468345642,0.3166479468345642,0.37312525510787964,0.3516935706138611,610.9108
5396,0.31647637486457825,0.31647637486457825,0.372933030128479,0.3514968156814575,611.0291
5397,0.3163050711154938,0.3163050711154938,0.37274089455604553,0.3513001799583435,611.1459
5398,0.31613415479660034,0.31613415479660034,0.3725472092628479,0.3511022925376892,611.2622
5399,0.31596243381500244,0.31596243381500244,0.3723542094230652,0.35090482234954834,611.3865
5400,0.3157910108566284,0.3157910108566284,0.37216296792030334,0.3507092595100403,611.5677
5401,0.3156198561191559,0.3156198561191559,0.37197086215019226,0.3505127727985382,611.7084
5402,0.31544798612594604,0.31544798612594604,0.37177878618240356,0.35031622648239136,611.8379
5403,0.31527620553970337,0.31527620553970337,0.37158510088920593,0.3501182198524475,612.0803
5404,0.31510505080223083,0.31510505080223083,0.3713911175727844,0.34991976618766785,612.1991
5405,0.3149338364601135,0.3149338364601135,0.37119928002357483,0.3497234880924225,612.3303
5406,0.3147619366645813,0.3147619366645813,0.37100744247436523,0.3495272994041443,612.451
5407,0.31459134817123413,0.31459134817123413,0.37081438302993774,0.34932979941368103,612.5926
5408,0.31441929936408997,0.31441929936408997,0.37062177062034607,0.3491328954696655,612.7119
5409,0.3142479956150055,0.3142479956150055,0.3704296052455902,0.34893637895584106,612.8597
5410,0.31407588720321655,0.31407588720321655,0.3702371120452881,0.3487394452095032,612.9811
5411,0.3139050304889679,0.3139050304889679,0.3700432777404785,0.34854114055633545,613.0991
5412,0.31373342871665955,0.31373342871665955,0.3698505759239197,0.34834378957748413,613.2213
5413,0.31356164813041687,0.31356164813041687,0.3696572482585907,0.34814614057540894,613.3429
5414,0.3133905529975891,0.3133905529975891,0.3694646954536438,0.3479493260383606,613.4929
5415,0.3132185935974121,0.3132185935974121,0.36927276849746704,0.3477529287338257,613.6197
5416,0.31304696202278137,0.31304696202278137,0.3690786361694336,0.34755441546440125,613.7365
5417,0.3128756880760193,0.3128756880760193,0.36888596415519714,0.34735727310180664,613.8749
5418,0.3127039074897766,0.3127039074897766,0.3686918318271637,0.3471587598323822,614.0804
5419,0.3125321865081787,0.3125321865081787,0.3684982657432556,0.3469606041908264,614.2321
5420,0.31236037611961365,0.31236037611961365,0.368304967880249,0.34676286578178406,614.3741
5421,0.3121888339519501,0.3121888339519501,0.36811119318008423,0.3465645909309387,614.511
5422,0.31201764941215515,0.31201764941215515,0.3679177165031433,0.346366822719574,614.6552
5423,0.3118460178375244,0.3118460178375244,0.3677234351634979,0.3461681008338928,614.7907
5424,0.31167444586753845,0.31167444586753845,0.3675318658351898,0.34597212076187134,614.9277
5425,0.31150224804878235,0.31150224804878235,0.3673382103443146,0.34577396512031555,615.0559
5426,0.3113308846950531,0.3113308846950531,0.36714428663253784,0.3455755114555359,615.1854
5427,0.3111591935157776,0.3111591935157776,0.3669492304325104,0.3453759551048279,615.3177
5428,0.3109874129295349,0.3109874129295349,0.36675596237182617,0.34517812728881836,615.4454
5429,0.31081587076187134,0.31081587076187134,0.3665618598461151,0.3449796438217163,615.6294
5430,0.3106440603733063,0.3106440603733063,0.36636894941329956,0.34478235244750977,615.7815
5431,0.3104725778102875,0.3104725778102875,0.36617621779441833,0.34458521008491516,615.9255
5432,0.3103007972240448,0.3103007972240448,0.3659821152687073,0.34438666701316833,616.0693
5433,0.3101290762424469,0.3101290762424469,0.3657887578010559,0.34418877959251404,616.2084
5434,0.3099576234817505,0.3099576234817505,0.36559319496154785,0.3439887762069702,616.3401
5435,0.30978530645370483,0.30978530645370483,0.3653993010520935,0.3437902331352234,616.4583
5436,0.30961355566978455,0.30961355566978455,0.3652040362358093,0.3435905873775482,616.5789
5437,0.3094419240951538,0.3094419240951538,0.36501049995422363,0.34339261054992676,616.6985
5438,0.3092704713344574,0.3092704713344574,0.3648165762424469,0.3431941866874695,616.8161
5439,0.3090988099575043,0.3090988099575043,0.36462298035621643,0.34299609065055847,616.9395
5440,0.3089270293712616,0.3089270293712616,0.36442801356315613,0.3427966237068176,617.0626
5441,0.3087552487850189,0.3087552487850189,0.3642334043979645,0.34259748458862305,617.2047
5442,0.3085837662220001,0.3085837662220001,0.3640400469303131,0.342399537563324,617.3616
5443,0.3084118962287903,0.3084118962287903,0.36384519934654236,0.3422001600265503,617.5389
5444,0.3082398474216461,0.3082398474216461,0.3636516034603119,0.3420020639896393,617.7082
5445,0.3080679476261139,0.3080679476261139,0.36345815658569336,0.3418040871620178,617.8513
5446,0.30789631605148315,0.30789631605148315,0.3632637560367584,0.34160536527633667,617.9998
5447,0.3077244162559509,0.3077244162559509,0.3630691170692444,0.3414062559604645,618.1485
5448,0.30755317211151123,0.30755317211151123,0.36287376284599304,0.3412063419818878,618.2931
5449,0.30738112330436707,0.30738112330436707,0.3626791834831238,0.34100714325904846,618.4378
5450,0.3072092533111572,0.3072092533111572,0.3624846339225769,0.3408080041408539,618.5807
5451,0.30703750252723694,0.30703750252723694,0.3622892498970032,0.3406081795692444,618.7259
5452,0.3068656623363495,0.3068656623363495,0.3620940148830414,0.34040841460227966,618.8775
5453,0.30669358372688293,0.30669358372688293,0.3618994355201721,0.34020939469337463,619.0244
5454,0.3065221905708313,0.3065221905708313,0.36170491576194763,0.34001025557518005,619.17
5455,0.306350439786911,0.306350439786911,0.3615102767944336,0.33981096744537354,619.3288
5456,0.3061784505844116,0.3061784505844116,0.3613151013851166,0.3396112322807312,619.4786
5457,0.3060067892074585,0.3060067892074585,0.36111992597579956,0.3394114077091217,619.6293
5458,0.30583491921424866,0.30583491921424866,0.36092495918273926,0.3392121195793152,619.7648
5459,0.30566340684890747,0.30566340684890747,0.36073049902915955,0.33901315927505493,619.911
5460,0.3054911494255066,0.3054911494255066,0.36053580045700073,0.338813841342926,620.053
5461,0.30531924962997437,0.30531924962997437,0.3603416979312897,0.3386151194572449,620.1971
5462,0.3051474094390869,0.3051474094390869,0.36014655232429504,0.3384154736995697,620.3434
5463,0.30497604608535767,0.30497604608535767,0.35995110869407654,0.33821552991867065,620.497
5464,0.3048040270805359,0.3048040270805359,0.3597554564476013,0.33801528811454773,620.6375
5465,0.3046322464942932,0.3046322464942932,0.35956087708473206,0.3378162086009979,620.7734
5466,0.30446070432662964,0.30446070432662964,0.3593672215938568,0.33761781454086304,620.9115
5467,0.30428868532180786,0.30428868532180786,0.3591722249984741,0.3374183177947998,621.0527
5468,0.3041168451309204,0.3041168451309204,0.3589768409729004,0.33721834421157837,621.1862
5469,0.3039446771144867,0.3039446771144867,0.3587798476219177,0.3370169997215271,621.3439
5470,0.3037732243537903,0.3037732243537903,0.358585387468338,0.33681780099868774,621.4961
5471,0.3036011755466461,0.3036011755466461,0.35839056968688965,0.3366183340549469,621.6402
5472,0.3034296929836273,0.3034296929836273,0.3581956923007965,0.3364187180995941,621.7829
5473,0.3032577931880951,0.3032577931880951,0.3579997420310974,0.3362182378768921,621.9325
5474,0.3030856251716614,0.3030856251716614,0.3578033745288849,0.336017370223999,622.0828
5475,0.30291426181793213,0.30291426181793213,0.35760825872421265,0.33581775426864624,622.2273
5476,0.30274227261543274,0.30274227261543274,0.35741329193115234,0.33561816811561584,622.3649
5477,0.3025707006454468,0.3025707006454468,0.35721755027770996,0.33541780710220337,622.4989
5478,0.30239880084991455,0.30239880084991455,0.3570213317871094,0.3352168798446655,622.6411
5479,0.3022267818450928,0.3022267818450928,0.3568252921104431,0.33501631021499634,622.7776
5480,0.3020549416542053,0.3020549416542053,0.3566296100616455,0.33481600880622864,622.9151
5481,0.3018830716609955,0.3018830716609955,0.35643473267555237,0.33461642265319824,623.0519
5482,0.3017117977142334,0.3017117977142334,0.35623899102211,0.33441615104675293,623.1899
5483,0.30153968930244446,0.30153968930244446,0.35604333877563477,0.33421581983566284,623.327
5484,0.3013680577278137,0.3013680577278137,0.35584789514541626,0.33401578664779663,623.465
5485,0.3011963367462158,0.3011963367462158,0.35565200448036194,0.333815336227417,623.6052
5486,0.30102449655532837,0.30102449655532837,0.3554570972919464,0.3336157500743866,623.7464
5487,0.30085280537605286,0.30085280537605286,0.35526180267333984,0.33341580629348755,623.8829
5488,0.30068114399909973,0.30068114399909973,0.355066180229187,0.333215594291687,624.0189
5489,0.3005087971687317,0.3005087971687317,0.3548709452152252,0.3330157399177551,624.1581
5490,0.30033737421035767,0.30033737421035767,0.35467517375946045,0.33281534910202026,624.2963
5491,0.3001658618450165,0.3001658618450165,0.35447922348976135,0.33261483907699585,624.4339
5492,0.2999936044216156,0.2999936044216156,0.3542829155921936,0.33241385221481323,624.5717
5493,0.2998219430446625,0.2998219430446625,0.35408633947372437,0.3322126269340515,624.7125
5494,0.2996503412723541,0.2996503412723541,0.3538908064365387,0.33201247453689575,624.8507
5495,0.2994789183139801,0.2994789183139801,0.3536950349807739,0.33181196451187134,624.9826
5496,0.2993074357509613,0.2993074357509613,0.3534988462924957,0.33161109685897827,625.1204
5497,0.2991355061531067,0.2991355061531067,0.3533021807670593,0.33140987157821655,625.2571
5498,0.29896360635757446,0.29896360635757446,0.3531075119972229,0.3312103748321533,625.3949
5499,0.29879194498062134,0.29879194498062134,0.3529122769832611,0.33101049065589905,625.5268
5500,0.29861995577812195,0.29861995577812195,0.35271626710891724,0.3308098018169403,625.6754
5501,0.2984485328197479,0.2984485328197479,0.3525194227695465,0.33060842752456665,625.8081
5502,0.29827675223350525,0.29827675223350525,0.35232308506965637,0.33040744066238403,625.9524
5503,0.29810529947280884,0.29810529947280884,0.35212716460227966,0.33020684123039246,626.0905
5504,0.2979336380958557,0.2979336380958557,0.3519318997859955,0.33000680804252625,626.2292
5505,0.2977617084980011,0.2977617084980011,0.35173559188842773,0.3298057019710541,626.3698
5506,0.29759079217910767,0.29759079217910767,0.35153916478157043,0.3296046853065491,626.5082
5507,0.2974182069301605,0.2974182069301605,0.35134318470954895,0.32940417528152466,626.6412
5508,0.29724687337875366,0.29724687337875366,0.35114747285842896,0.32920366525650024,626.7816
5509,0.2970752418041229,0.2970752418041229,0.35095155239105225,0.3290029466152191,626.9158
5510,0.2969035506248474,0.2969035506248474,0.35075536370277405,0.3288021981716156,627.0527
5511,0.29673218727111816,0.29673218727111816,0.35055920481681824,0.3286013901233673,627.2042
5512,0.296560674905777,0.296560674905777,0.3503625988960266,0.3284001350402832,627.3428
5513,0.2963891625404358,0.2963891625404358,0.3501669764518738,0.32819968461990356,627.4734
5514,0.2962171137332916,0.2962171137332916,0.34997090697288513,0.32799890637397766,627.6045
5515,0.29604586958885193,0.29604586958885193,0.3497743010520935,0.32779765129089355,627.7393
5516,0.2958744466304779,0.2958744466304779,0.34957802295684814,0.3275965750217438,627.8765
5517,0.29570287466049194,0.29570287466049194,0.34938254952430725,0.3273964524269104,628.0124
5518,0.2955312430858612,0.2955312430858612,0.3491869866847992,0.3271961212158203,628.1513
5519,0.2953602373600006,0.2953602373600006,0.3489908277988434,0.32699519395828247,628.29
5520,0.295188307762146,0.295188307762146,0.34879374504089355,0.3267934322357178,628.4283
5521,0.2950170934200287,0.2950170934200287,0.34859731793403625,0.32659226655960083,628.5629
5522,0.2948458790779114,0.2948458790779114,0.34840127825737,0.3263916075229645,628.6987
5523,0.2946741282939911,0.2946741282939911,0.3482053577899933,0.32619085907936096,628.8346
5524,0.2945025563240051,0.2945025563240051,0.34800925850868225,0.3259899616241455,628.9734
5525,0.29433098435401917,0.29433098435401917,0.3478124439716339,0.3257884383201599,629.1084
5526,0.2941593527793884,0.2941593527793884,0.347616970539093,0.325588196516037,629.2458
5527,0.29398873448371887,0.29398873448371887,0.3474207818508148,0.32538747787475586,629.3799
5528,0.2938166558742523,0.2938166558742523,0.347223699092865,0.3251856863498688,629.516
5529,0.29364529252052307,0.29364529252052307,0.34702709317207336,0.32498425245285034,629.6547
5530,0.29347410798072815,0.29347410798072815,0.3468307852745056,0.3247832655906677,629.7876
5531,0.2933027148246765,0.2933027148246765,0.34663480520248413,0.32458245754241943,629.9184
5532,0.29313182830810547,0.29313182830810547,0.34643808007240295,0.32438093423843384,630.0505
5533,0.2929603159427643,0.2929603159427643,0.34624186158180237,0.3241800367832184,630.1863
5534,0.2927893400192261,0.2927893400192261,0.3460453152656555,0.32397857308387756,630.3224
5535,0.2926176190376282,0.2926176190376282,0.3458487391471863,0.32377728819847107,630.4517
5536,0.2924465537071228,0.2924465537071228,0.3456524908542633,0.3235761523246765,630.5808
5537,0.2922755777835846,0.2922755777835846,0.3454567492008209,0.3233755826950073,630.7156
5538,0.2921040952205658,0.2921040952205658,0.34526023268699646,0.32317447662353516,630.8538
5539,0.2919328212738037,0.2919328212738037,0.3450644910335541,0.3229738473892212,630.9887
5540,0.2917617857456207,0.2917617857456207,0.3448689579963684,0.32277360558509827,631.1178
5541,0.29159078001976013,0.29159078001976013,0.3446725010871887,0.3225723206996918,631.2487
5542,0.29141974449157715,0.29141974449157715,0.3444758355617523,0.3223709464073181,631.3792
5543,0.2912481725215912,0.2912481725215912,0.34428083896636963,0.32217106223106384,631.5156
5544,0.291077196598053,0.291077196598053,0.3440839946269989,0.3219694197177887,631.6409
5545,0.2909056842327118,0.2909056842327118,0.3438873887062073,0.32176822423934937,631.7763
5546,0.29073506593704224,0.29073506593704224,0.34369102120399475,0.3215671181678772,631.9099
5547,0.2905639111995697,0.2905639111995697,0.3434954583644867,0.3213666081428528,632.0395
5548,0.2903931736946106,0.2903931736946106,0.3432988226413727,0.32116517424583435,632.172
5549,0.2902217507362366,0.2902217507362366,0.3431023955345154,0.3209637999534607,632.3051
5550,0.2900509238243103,0.2900509238243103,0.34290507435798645,0.32076162099838257,632.4872
5551,0.28987985849380493,0.28987985849380493,0.3427087366580963,0.3205605447292328,632.6233
5552,0.28970885276794434,0.28970885276794434,0.34251365065574646,0.3203606605529785,632.7602
5553,0.28953832387924194,0.28953832387924194,0.34231728315353394,0.32015955448150635,632.893
5554,0.28936734795570374,0.28936734795570374,0.34212103486061096,0.3199583888053894,633.0258
5555,0.2891964614391327,0.2891964614391327,0.3419254422187805,0.31975793838500977,633.156
5556,0.2890249788761139,0.2890249788761139,0.341728538274765,0.319556325674057,633.2866
5557,0.2888546288013458,0.2888546288013458,0.34153223037719727,0.31935515999794006,633.4197
5558,0.28868401050567627,0.28868401050567627,0.34133610129356384,0.31915420293807983,633.5608
5559,0.2885132133960724,0.2885132133960724,0.34114059805870056,0.3189539313316345,633.6903
5560,0.28834232687950134,0.28834232687950134,0.3409440517425537,0.3187525272369385,633.8227
5561,0.2881714403629303,0.2881714403629303,0.34074848890304565,0.318552166223526,633.9491
5562,0.28800055384635925,0.28800055384635925,0.3405519425868988,0.31835082173347473,634.0783
5563,0.2878299355506897,0.2878299355506897,0.3403552770614624,0.3181491792201996,634.2068
5564,0.28765973448753357,0.28765973448753357,0.34015947580337524,0.31794852018356323,634.3409
5565,0.28748831152915955,0.28748831152915955,0.33996209502220154,0.3177463412284851,634.4732
5566,0.2873181700706482,0.2873181700706482,0.3397659361362457,0.3175452649593353,634.6014
5567,0.28714776039123535,0.28714776039123535,0.3395701050758362,0.3173445761203766,634.7391
5568,0.28697672486305237,0.28697672486305237,0.33937400579452515,0.31714361906051636,634.8716
5569,0.2868064343929291,0.2868064343929291,0.3391786515712738,0.3169434666633606,635.0006
5570,0.2866355776786804,0.2866355776786804,0.33898335695266724,0.31674331426620483,635.1295
5571,0.28646570444107056,0.28646570444107056,0.3387860655784607,0.3165411353111267,635.2623
5572,0.2862946391105652,0.2862946391105652,0.33859044313430786,0.31634044647216797,635.3893
5573,0.2861239016056061,0.2861239016056061,0.33839479088783264,0.3161400556564331,635.5239
5574,0.2859540581703186,0.2859540581703186,0.33819907903671265,0.31593960523605347,635.6504
5575,0.28578343987464905,0.28578343987464905,0.3380036950111389,0.31573930382728577,635.782
5576,0.285613477230072,0.285613477230072,0.33780768513679504,0.3155384063720703,635.9155
5577,0.2854425609111786,0.2854425609111786,0.3376118540763855,0.3153376281261444,636.0444
5578,0.2852727472782135,0.2852727472782135,0.3374153673648834,0.3151363730430603,636.1767
5579,0.2851021885871887,0.2851021885871887,0.33721867203712463,0.31493473052978516,636.2965
5580,0.28493180871009827,0.28493180871009827,0.3370232582092285,0.3147343695163727,636.4127
5581,0.2847616672515869,0.2847616672515869,0.3368271291255951,0.31453338265419006,636.5229
5582,0.2845918834209442,0.2845918834209442,0.3366309106349945,0.3143323063850403,636.6302
5583,0.2844218313694,0.2844218313694,0.33643588423728943,0.3141322731971741,636.735
5584,0.284251868724823,0.284251868724823,0.3362397253513336,0.3139311671257019,636.8424
5585,0.2840813994407654,0.2840813994407654,0.3360440135002136,0.31373053789138794,636.954
5586,0.2839110791683197,0.2839110791683197,0.335848867893219,0.31353044509887695,637.0596
5587,0.2837410569190979,0.2837410569190979,0.3356533646583557,0.3133300840854645,637.1688
5588,0.28357118368148804,0.28357118368148804,0.33545780181884766,0.3131297528743744,637.2777
5589,0.28340092301368713,0.28340092301368713,0.3352622389793396,0.31292927265167236,637.3892
5590,0.28323113918304443,0.28323113918304443,0.33506694436073303,0.3127289414405823,637.5041
5591,0.2830614745616913,0.2830614745616913,0.33487120270729065,0.3125283122062683,637.6154
5592,0.28289157152175903,0.28289157152175903,0.33467546105384827,0.31232771277427673,637.7241
5593,0.28272172808647156,0.28272172808647156,0.3344796299934387,0.31212684512138367,637.8349
5594,0.2825517952442169,0.2825517952442169,0.334282785654068,0.31192511320114136,637.9479
5595,0.28238174319267273,0.28238174319267273,0.33408814668655396,0.3117254078388214,638.0576
5596,0.2822122871875763,0.2822122871875763,0.333893358707428,0.311525821685791,638.1644
5597,0.2820422053337097,0.2820422053337097,0.333698034286499,0.3113255500793457,638.2766
5598,0.2818731367588043,0.2818731367588043,0.3335024118423462,0.3111249506473541,638.3884
5599,0.28170308470726013,0.28170308470726013,0.3333060145378113,0.31092357635498047,638.5011
5600,0.2815331518650055,0.2815331518650055,0.33311134576797485,0.3107239305973053,638.6089
5601,0.28136393427848816,0.28136393427848816,0.33291560411453247,0.31052306294441223,638.8256
5602,0.28119415044784546,0.28119415044784546,0.3327205181121826,0.3103230893611908,638.9357
5603,0.2810250520706177,0.2810250520706177,0.3325255513191223,0.3101232945919037,639.0405
5604,0.28085535764694214,0.28085535764694214,0.33233118057250977,0.3099239766597748,639.1503
5605,0.2806858420372009,0.2806858420372009,0.33213573694229126,0.30972352623939514,639.2607
5606,0.28051620721817017,0.28051620721817017,0.331940233707428,0.30952316522598267,639.3724
5607,0.2803475260734558,0.2803475260734558,0.33174508810043335,0.30932286381721497,639.4869
5608,0.28017759323120117,0.28017759323120117,0.33154982328414917,0.30912265181541443,639.6002
5609,0.280008465051651,0.280008465051651,0.3313550055027008,0.3089228868484497,639.7106
5610,0.27983933687210083,0.27983933687210083,0.3311607837677002,0.3087238073348999,639.8218
5611,0.2796700894832611,0.2796700894832611,0.33096566796302795,0.30852359533309937,639.9335
5612,0.2795007526874542,0.2795007526874542,0.33077019453048706,0.3083231747150421,640.0499
5613,0.2793317437171936,0.2793317437171936,0.33057504892349243,0.3081229329109192,640.1579
5614,0.2791629433631897,0.2791629433631897,0.33037951588630676,0.30792251229286194,640.269
5615,0.27899372577667236,0.27899372577667236,0.33018532395362854,0.3077232837677002,640.3772
5616,0.27882441878318787,0.27882441878318787,0.32999059557914734,0.3075235188007355,640.4889
5617,0.27865511178970337,0.27865511178970337,0.32979562878608704,0.307323694229126,640.5969
5618,0.2784869968891144,0.2784869968891144,0.329600989818573,0.30712389945983887,640.7053
5619,0.2783178687095642,0.2783178687095642,0.3294059634208679,0.30692386627197266,640.8136
5620,0.2781488299369812,0.2781488299369812,0.32921233773231506,0.3067251741886139,640.9225
5621,0.2779798209667206,0.2779798209667206,0.3290180265903473,0.3065258860588074,641.0359
5622,0.2778109908103943,0.2778109908103943,0.3288241922855377,0.3063271641731262,641.1453
5623,0.2776425778865814,0.2776425778865814,0.32862958312034607,0.3061276078224182,641.2573
5624,0.2774740755558014,0.2774740755558014,0.32843488454818726,0.3059278130531311,641.3665
5625,0.2773050367832184,0.2773050367832184,0.3282398283481598,0.30572760105133057,641.479
5626,0.27713650465011597,0.27713650465011597,0.32804542779922485,0.3055282235145569,641.5875
5627,0.27696794271469116,0.27696794271469116,0.32785096764564514,0.30532875657081604,641.7
5628,0.2767992913722992,0.2767992913722992,0.3276572823524475,0.3051300644874573,641.8103
5629,0.27663081884384155,0.27663081884384155,0.3274630308151245,0.3049308657646179,641.9217
5630,0.276462584733963,0.276462584733963,0.32726815342903137,0.3047308325767517,642.0309
5631,0.27629417181015015,0.27629417181015015,0.32707396149635315,0.30453163385391235,642.142
5632,0.2761251628398895,0.2761251628398895,0.32687968015670776,0.3043324053287506,642.2536
5633,0.27595752477645874,0.27595752477645874,0.32668590545654297,0.3041335642337799,642.3661
5634,0.2757888436317444,0.2757888436317444,0.32649096846580505,0.3039334714412689,642.4785
5635,0.2756209075450897,0.2756209075450897,0.3262966275215149,0.30373403429985046,642.5912
5636,0.27545255422592163,0.27545255422592163,0.32610318064689636,0.3035355508327484,642.7013
5637,0.27528414130210876,0.27528414130210876,0.32590919733047485,0.30333659052848816,642.8122
5638,0.27511629462242126,0.27511629462242126,0.3257151246070862,0.3031373620033264,642.926
5639,0.27494844794273376,0.27494844794273376,0.3255215287208557,0.3029387891292572,643.0397
5640,0.2747802436351776,0.2747802436351776,0.3253290057182312,0.3027411103248596,643.1532
5641,0.27461233735084534,0.27461233735084534,0.32513588666915894,0.3025430142879486,643.2623
5642,0.2744444012641907,0.2744444012641907,0.3249422311782837,0.3023443818092346,643.3752
5643,0.2742764353752136,0.2742764353752136,0.32474929094314575,0.3021462559700012,643.4855
5644,0.2741089463233948,0.2741089463233948,0.3245556950569153,0.30194753408432007,643.5965
5645,0.27394065260887146,0.27394065260887146,0.3243619501590729,0.3017488121986389,643.7127
5646,0.2737736403942108,0.2737736403942108,0.324168860912323,0.3015505373477936,643.8241
5647,0.27360549569129944,0.27360549569129944,0.3239750564098358,0.30135178565979004,643.9369
5648,0.27343782782554626,0.27343782782554626,0.32378169894218445,0.3011533319950104,644.046
5649,0.27327027916908264,0.27327027916908264,0.32358798384666443,0.3009544909000397,644.1587
5650,0.2731029689311981,0.2731029689311981,0.3233947157859802,0.3007560670375824,644.2689
5651,0.2729354500770569,0.2729354500770569,0.32320165634155273,0.3005579113960266,644.3828
5652,0.27276796102523804,0.27276796102523804,0.32300814986228943,0.300359308719635,644.4964
5653,0.2726005017757416,0.2726005017757416,0.3228147029876709,0.3001607358455658,644.6076
5654,0.2724331021308899,0.2724331021308899,0.32262080907821655,0.29996180534362793,644.7229
5655,0.27226579189300537,0.27226579189300537,0.32242903113365173,0.2997649312019348,644.8387
5656,0.27209872007369995,0.27209872007369995,0.3222361207008362,0.29956692457199097,644.9573
5657,0.2719317078590393,0.2719317078590393,0.32204341888427734,0.29936933517456055,645.0667
5658,0.27176451683044434,0.27176451683044434,0.321850448846817,0.29917094111442566,645.175
5659,0.2715969681739807,0.2715969681739807,0.3216577172279358,0.2989731431007385,645.285
5660,0.2714300751686096,0.2714300751686096,0.3214649260044098,0.2987751066684723,645.3988
5661,0.271263062953949,0.271263062953949,0.32127314805984497,0.29857832193374634,645.5076
5662,0.27109622955322266,0.27109622955322266,0.3210812211036682,0.2983812391757965,645.616
5663,0.27092957496643066,0.27092957496643066,0.3208897113800049,0.2981848120689392,645.7267
5664,0.2707626223564148,0.2707626223564148,0.32069632411003113,0.2979862093925476,645.8356
5665,0.27059561014175415,0.27059561014175415,0.3205040395259857,0.2977887988090515,645.949
5666,0.2704290449619293,0.2704290449619293,0.32031121850013733,0.2975906729698181,646.0583
5667,0.27026239037513733,0.27026239037513733,0.32011932134628296,0.29739364981651306,646.1673
5668,0.2700958549976349,0.2700958549976349,0.3199276924133301,0.2971969246864319,646.2794
5669,0.269929438829422,0.269929438829422,0.31973618268966675,0.29700034856796265,646.3906
5670,0.26976290345191956,0.26976290345191956,0.3195435106754303,0.29680246114730835,646.4987
5671,0.26959657669067383,0.26959657669067383,0.3193514347076416,0.29660525918006897,646.6108
5672,0.269430011510849,0.269430011510849,0.3191591203212738,0.29640763998031616,646.724
5673,0.2692635655403137,0.2692635655403137,0.31896713376045227,0.29621046781539917,646.8349
5674,0.26909708976745605,0.26909708976745605,0.31877538561820984,0.29601365327835083,646.9425
5675,0.26893091201782227,0.26893091201782227,0.3185842037200928,0.29581743478775024,647.0532
5676,0.26876506209373474,0.26876506209373474,0.31839269399642944,0.29562073945999146,647.1658
5677,0.2685989737510681,0.2685989737510681,0.3181998133659363,0.2954227030277252,647.2853
5678,0.2684329152107239,0.2684329152107239,0.3180086016654968,0.295226126909256,647.3967
5679,0.2682667076587677,0.2682667076587677,0.3178175091743469,0.295029878616333,647.5102
5680,0.2681010365486145,0.2681010365486145,0.3176262080669403,0.2948334515094757,647.6229
5681,0.26793527603149414,0.26793527603149414,0.3174361288547516,0.2946383059024811,647.7351
5682,0.2677691578865051,0.2677691578865051,0.3172452449798584,0.29444223642349243,647.8463
5683,0.26760369539260864,0.26760369539260864,0.31705373525619507,0.29424554109573364,647.9605
5684,0.26743802428245544,0.26743802428245544,0.3168618083000183,0.29404833912849426,648.0751
5685,0.26727214455604553,0.26727214455604553,0.3166714310646057,0.29385265707969666,648.1851
5686,0.2671063542366028,0.2671063542366028,0.3164803981781006,0.29365652799606323,648.2969
5687,0.26694026589393616,0.26694026589393616,0.31629079580307007,0.29346179962158203,648.4048
5688,0.26677513122558594,0.26677513122558594,0.31610018014907837,0.2932659685611725,648.5157
5689,0.2666099965572357,0.2666099965572357,0.3159094452857971,0.2930700182914734,648.6267
5690,0.26644444465637207,0.26644444465637207,0.3157185912132263,0.29287394881248474,648.741
5691,0.2662796080112457,0.2662796080112457,0.3155270516872406,0.292677104473114,648.8552
5692,0.26611411571502686,0.26611411571502686,0.31533631682395935,0.29248112440109253,648.9678
5693,0.2659488618373871,0.2659488618373871,0.31514665484428406,0.2922864556312561,649.0768
5694,0.26578372716903687,0.26578372716903687,0.3149564862251282,0.2920912206172943,649.189
5695,0.2656186521053314,0.2656186521053314,0.3147662281990051,0.29189568758010864,649.3019
5696,0.2654540538787842,0.2654540538787842,0.31457599997520447,0.2917001247406006,649.414
5697,0.26528891921043396,0.26528891921043396,0.3143855929374695,0.2915043830871582,649.5248
5698,0.2651239335536957,0.2651239335536957,0.3141952455043793,0.29130882024765015,649.6314
5699,0.2649587094783783,0.2649587094783783,0.31400588154792786,0.2911143898963928,649.7438
5700,0.26479440927505493,0.26479440927505493,0.3138161301612854,0.29091930389404297,649.8575
5701,0.26462987065315247,0.26462987065315247,0.3136264383792877,0.29072442650794983,649.9673
5702,0.26446524262428284,0.26446524262428284,0.31343597173690796,0.2905287444591522,650.0767
5703,0.26430046558380127,0.26430046558380127,0.3132466673851013,0.2903340458869934,650.1877
5704,0.2641366124153137,0.2641366124153137,0.3130565285682678,0.2901388704776764,650.3033
5705,0.2639719843864441,0.2639719843864441,0.3128674626350403,0.28994446992874146,650.4143
5706,0.26380714774131775,0.26380714774131775,0.31267881393432617,0.2897506654262543,650.5324
5707,0.26364317536354065,0.26364317536354065,0.3124895989894867,0.28955623507499695,650.6517
5708,0.26347866654396057,0.26347866654396057,0.3123004734516144,0.2893618047237396,650.7674
5709,0.26331475377082825,0.26331475377082825,0.31211158633232117,0.2891676425933838,650.8887
5710,0.26315051317214966,0.26315051317214966,0.3119219243526459,0.2889727056026459,651.0122
5711,0.26298627257347107,0.26298627257347107,0.31173282861709595,0.28877830505371094,651.1302
5712,0.2628222107887268,0.2628222107887268,0.31154370307922363,0.2885839343070984,651.2488
5713,0.2626584470272064,0.2626584470272064,0.3113555312156677,0.28839045763015747,651.3644
5714,0.26249462366104126,0.26249462366104126,0.31116679310798645,0.2881966233253479,651.4781
5715,0.2623310089111328,0.2623310089111328,0.3109780251979828,0.2880024313926697,651.5928
5716,0.2621670663356781,0.2621670663356781,0.31078943610191345,0.2878086268901825,651.7078
5717,0.2620033621788025,0.2620033621788025,0.31060075759887695,0.2876145839691162,651.8437
5718,0.2618396580219269,0.2618396580219269,0.31041279435157776,0.28742140531539917,651.9855
5719,0.26167649030685425,0.26167649030685425,0.3102244734764099,0.2872278690338135,652.107
5720,0.2615126371383667,0.2615126371383667,0.3100360333919525,0.28703418374061584,652.2265
5721,0.2613496780395508,0.2613496780395508,0.3098483383655548,0.28684112429618835,652.3477
5722,0.26118654012680054,0.26118654012680054,0.309659868478775,0.28664731979370117,652.4691
5723,0.2610228657722473,0.2610228657722473,0.3094720244407654,0.2864540219306946,652.5836
5724,0.2608594298362732,0.2608594298362732,0.3092840611934662,0.2862609028816223,652.6965
5725,0.26069706678390503,0.26069706678390503,0.30909720063209534,0.2860688865184784,652.8086
5726,0.2605339288711548,0.2605339288711548,0.3089093565940857,0.28587570786476135,652.9229
5727,0.26037073135375977,0.26037073135375977,0.3087207078933716,0.28568172454833984,653.0384
5728,0.26020753383636475,0.26020753383636475,0.308533251285553,0.2854888141155243,653.1526
5729,0.26004475355148315,0.26004475355148315,0.3083459734916687,0.285296231508255,653.265
5730,0.25988250970840454,0.25988250970840454,0.3081587851047516,0.28510379791259766,653.3748
5731,0.25971946120262146,0.25971946120262146,0.3079732060432434,0.28491297364234924,653.4866
5732,0.2595566213130951,0.2595566213130951,0.3077860176563263,0.2847205698490143,653.5968
5733,0.25939425826072693,0.25939425826072693,0.3075985312461853,0.2845277190208435,653.7111
5734,0.2592318654060364,0.2592318654060364,0.30741119384765625,0.28433501720428467,653.8266
5735,0.25906994938850403,0.25906994938850403,0.3072238564491272,0.28414231538772583,653.9401
5736,0.2589070200920105,0.2589070200920105,0.3070373237133026,0.283950537443161,654.0524
5737,0.2587447762489319,0.2587447762489319,0.306850403547287,0.2837582230567932,654.163
5738,0.2585826516151428,0.2585826516151428,0.3066636621952057,0.2835663855075836,654.2728
5739,0.25842052698135376,0.25842052698135376,0.3064771592617035,0.2833743691444397,654.3862
5740,0.2582587003707886,0.2582587003707886,0.30629047751426697,0.28318238258361816,654.4993
5741,0.2580968141555786,0.2580968141555786,0.3061036467552185,0.2829902768135071,654.6051
5742,0.2579346299171448,0.2579346299171448,0.3059178292751312,0.2827989161014557,654.7191
5743,0.25777292251586914,0.25777292251586914,0.3057318329811096,0.2826076149940491,654.8287
5744,0.25761106610298157,0.25761106610298157,0.30554574728012085,0.28241613507270813,654.9391
5745,0.25744959712028503,0.25744959712028503,0.3053604066371918,0.2822255790233612,655.0506
5746,0.257287859916687,0.257287859916687,0.3051755726337433,0.28203532099723816,655.1627
5747,0.25712651014328003,0.25712651014328003,0.3049895167350769,0.28184401988983154,655.2751
5748,0.25696510076522827,0.25696510076522827,0.30480432510375977,0.2816533148288727,655.3864
5749,0.25680357217788696,0.25680357217788696,0.3046182096004486,0.2814618647098541,655.5052
5750,0.25664204359054565,0.25664204359054565,0.3044324517250061,0.2812708914279938,655.6164
5751,0.25648075342178345,0.25648075342178345,0.3042477071285248,0.28108078241348267,655.7317
5752,0.25631946325302124,0.25631946325302124,0.3040623664855957,0.2808900475502014,655.8474
5753,0.2561592161655426,0.2561592161655426,0.30387675762176514,0.28069907426834106,655.9613
5754,0.2559977173805237,0.2559977173805237,0.3036908209323883,0.28050777316093445,656.0739
5755,0.25583696365356445,0.25583696365356445,0.30350643396377563,0.28031784296035767,656.1895
5756,0.2556759715080261,0.2556759715080261,0.3033214807510376,0.28012755513191223,656.3
5757,0.255514919757843,0.255514919757843,0.3031367063522339,0.27993741631507874,656.4095
5758,0.2553543150424957,0.2553543150424957,0.3029520511627197,0.2797473967075348,656.5259
5759,0.25519388914108276,0.25519388914108276,0.3027673661708832,0.2795572876930237,656.6374
5760,0.2550332248210907,0.2550332248210907,0.30258285999298096,0.2793673872947693,656.7523
5761,0.25487250089645386,0.25487250089645386,0.30239948630332947,0.2791786193847656,656.8637
5762,0.2547120153903961,0.2547120153903961,0.30221545696258545,0.27898934483528137,656.9797
5763,0.25455212593078613,0.25455212593078613,0.3020308017730713,0.27879923582077026,657.0896
5764,0.2543916702270508,0.2543916702270508,0.30184775590896606,0.2786107659339905,657.2
5765,0.25423163175582886,0.25423163175582886,0.3016637861728668,0.27842146158218384,657.3075
5766,0.2540713846683502,0.2540713846683502,0.30148011445999146,0.27823227643966675,657.4211
5767,0.2539115846157074,0.2539115846157074,0.30129513144493103,0.2780420780181885,657.5377
5768,0.2537517249584198,0.2537517249584198,0.30111125111579895,0.2778525948524475,657.6454
5769,0.25359171628952026,0.25359171628952026,0.30092760920524597,0.2776636481285095,657.759
5770,0.2534320652484894,0.2534320652484894,0.3007444143295288,0.2774750590324402,657.8727
5771,0.25327247381210327,0.25327247381210327,0.300560861825943,0.2772860527038574,657.9885
5772,0.2531123757362366,0.2531123757362366,0.30037790536880493,0.2770977020263672,658.1014
5773,0.2529532015323639,0.2529532015323639,0.30019545555114746,0.27690964937210083,658.2146
5774,0.25279349088668823,0.25279349088668823,0.3000125288963318,0.27672141790390015,658.3269
5775,0.25263452529907227,0.25263452529907227,0.29982876777648926,0.27653220295906067,658.4381
5776,0.25247520208358765,0.25247520208358765,0.2996458411216736,0.27634376287460327,658.5501
5777,0.2523151636123657,0.2523151636123657,0.2994633615016937,0.27615588903427124,658.6647
5778,0.2521563470363617,0.2521563470363617,0.299281507730484,0.27596864104270935,658.7775
5779,0.25199779868125916,0.25199779868125916,0.2990994453430176,0.2757812440395355,658.8889
5780,0.25183868408203125,0.25183868408203125,0.29891687631607056,0.2755933403968811,659.001
5781,0.25167983770370483,0.25167983770370483,0.29873454570770264,0.2754054665565491,659.1098
5782,0.2515208125114441,0.2515208125114441,0.29855191707611084,0.2752174139022827,659.2237
5783,0.2513619065284729,0.2513619065284729,0.2983691096305847,0.2750290334224701,659.3382
5784,0.2512037456035614,0.2512037456035614,0.2981874346733093,0.2748419940471649,659.5497
5785,0.2510449290275574,0.2510449290275574,0.29800617694854736,0.27465522289276123,659.6574
5786,0.2508861720561981,0.2508861720561981,0.2978243827819824,0.27446800470352173,659.766
5787,0.25072795152664185,0.25072795152664185,0.29764261841773987,0.27428093552589417,659.8758
5788,0.2505700886249542,0.2505700886249542,0.29746127128601074,0.2740939259529114,659.9869
5789,0.250411719083786,0.250411719083786,0.2972804009914398,0.27390745282173157,660.1006
5790,0.25025326013565063,0.25025326013565063,0.2970990240573883,0.27372074127197266,660.213
5791,0.2500954568386078,0.2500954568386078,0.29691773653030396,0.2735341191291809,660.3284
5792,0.24993710219860077,0.24993710219860077,0.29673677682876587,0.2733476758003235,660.4381
5793,0.24977938830852509,0.24977938830852509,0.2965558171272278,0.27316129207611084,660.5493
5794,0.24962218105793,0.24962218105793,0.2963745594024658,0.2729746699333191,660.6616
5795,0.24946355819702148,0.24946355819702148,0.29619377851486206,0.27278828620910645,660.7794
5796,0.24930672347545624,0.24930672347545624,0.2960129380226135,0.2726019024848938,660.8982
5797,0.24914908409118652,0.24914908409118652,0.2958329916000366,0.2724164128303528,661.0062
5798,0.2489909678697586,0.2489909678697586,0.2956527769565582,0.27223074436187744,661.1183
5799,0.24883396923542023,0.24883396923542023,0.29547226428985596,0.2720448076725006,661.2284
5800,0.24867625534534454,0.24867625534534454,0.2952919900417328,0.27185899019241333,661.3456
5801,0.24851934611797333,0.24851934611797333,0.2951120436191559,0.2716735899448395,661.4553
5802,0.24836215376853943,0.24836215376853943,0.2949323356151581,0.2714883089065552,661.5632
5803,0.24820521473884583,0.24820521473884583,0.294752299785614,0.27130287885665894,661.6754
5804,0.24804823100566864,0.24804823100566864,0.2945731282234192,0.27111825346946716,661.7903
5805,0.2478908747434616,0.2478908747434616,0.29439324140548706,0.2709328234195709,661.9034
5806,0.24773430824279785,0.24773430824279785,0.2942133843898773,0.27074748277664185,662.0162
5807,0.24757781624794006,0.24757781624794006,0.29403358697891235,0.27056217193603516,662.132
5808,0.2474212646484375,0.2474212646484375,0.29385462403297424,0.2703778147697449,662.2442
5809,0.24726459383964539,0.24726459383964539,0.2936754524707794,0.270192950963974,662.3796
5810,0.2471081018447876,0.2471081018447876,0.2934960424900055,0.27000805735588074,662.5037
5811,0.24695169925689697,0.24695169925689697,0.2933173179626465,0.26982370018959045,662.6185
5812,0.24679522216320038,0.24679522216320038,0.29313895106315613,0.26963987946510315,662.7297
5813,0.2466394454240799,0.2466394454240799,0.29296064376831055,0.26945608854293823,662.8532
5814,0.24648308753967285,0.24648308753967285,0.29278284311294556,0.2692727744579315,662.9664
5815,0.246327206492424,0.246327206492424,0.2926032543182373,0.2690877318382263,663.0761
5816,0.24617119133472443,0.24617119133472443,0.29242464900016785,0.2689036428928375,663.1902
5817,0.24601581692695618,0.24601581692695618,0.29224616289138794,0.26871952414512634,663.3012
5818,0.24585965275764465,0.24585965275764465,0.2920687794685364,0.26853662729263306,663.4085
5819,0.2457042634487152,0.2457042634487152,0.29189106822013855,0.2683534324169159,663.5224
5820,0.2455483376979828,0.2455483376979828,0.29171332716941833,0.2681701183319092,663.6362
5821,0.2453926056623459,0.2453926056623459,0.2915353775024414,0.2679864764213562,663.7517
5822,0.24523749947547913,0.24523749947547913,0.29135772585868835,0.26780325174331665,663.8665
5823,0.2450820952653885,0.2450820952653885,0.2911803722381592,0.2676204741001129,663.9758
5824,0.2449270486831665,0.2449270486831665,0.2910025119781494,0.26743727922439575,664.0886
5825,0.2447715699672699,0.2447715699672699,0.29082557559013367,0.2672547399997711,664.2034
5826,0.24461650848388672,0.24461650848388672,0.29064831137657166,0.2670718729496002,664.3177
5827,0.24446216225624084,0.24446216225624084,0.29047074913978577,0.26688864827156067,664.4299
5828,0.24430696666240692,0.24430696666240692,0.29029417037963867,0.26670658588409424,664.5422
5829,0.24415209889411926,0.24415209889411926,0.2901175916194916,0.26652437448501587,664.6579
5830,0.24399778246879578,0.24399778246879578,0.289940744638443,0.26634204387664795,664.7749
5831,0.2438431978225708,0.2438431978225708,0.2897643744945526,0.26616010069847107,664.8883
5832,0.24368861317634583,0.24368861317634583,0.2895881235599518,0.26597824692726135,665.0078
5833,0.24353420734405518,0.24353420734405518,0.2894113063812256,0.2657957077026367,665.122
5834,0.24337992072105408,0.24337992072105408,0.2892356812953949,0.26561471819877625,665.2327
5835,0.2432253062725067,0.2432253062725067,0.2890591621398926,0.265432745218277,665.3458
5836,0.24307167530059814,0.24307167530059814,0.2888828217983246,0.2652505934238434,665.4576
5837,0.24291729927062988,0.24291729927062988,0.28870639204978943,0.26506856083869934,665.5746
5838,0.24276351928710938,0.24276351928710938,0.2885309159755707,0.26488757133483887,665.6855
5839,0.2426098883152008,0.2426098883152008,0.28835541009902954,0.26470667123794556,665.7963
5840,0.24245591461658478,0.24245591461658478,0.28818121552467346,0.26452693343162537,665.9073
5841,0.24230220913887024,0.24230220913887024,0.2880058288574219,0.2643457353115082,666.0188
5842,0.24214836955070496,0.24214836955070496,0.2878302037715912,0.26416444778442383,666.1307
5843,0.2419951856136322,0.2419951856136322,0.2876548767089844,0.26398366689682007,666.2402
5844,0.2418418675661087,0.2418418675661087,0.2874803841114044,0.2638035714626312,666.3487
5845,0.2416888028383255,0.2416888028383255,0.2873062491416931,0.2636238932609558,666.4607
5846,0.24153557419776917,0.24153557419776917,0.287131130695343,0.26344314217567444,666.5737
5847,0.2413821965456009,0.2413821965456009,0.28695550560951233,0.2632618844509125,666.6832
5848,0.2412291020154953,0.2412291020154953,0.2867802679538727,0.26308104395866394,666.7901
5849,0.24107596278190613,0.24107596278190613,0.2866066098213196,0.2629017233848572,666.9011
5850,0.24092333018779755,0.24092333018779755,0.28643324971199036,0.2627226710319519,667.0175
5851,0.24077096581459045,0.24077096581459045,0.28625941276550293,0.26254335045814514,667.1321
5852,0.2406177520751953,0.2406177520751953,0.2860852777957916,0.2623636722564697,667.2442
5853,0.24046537280082703,0.24046537280082703,0.2859102785587311,0.2621830105781555,667.3579
5854,0.24031300842761993,0.24031300842761993,0.2857359051704407,0.26200300455093384,667.4778
5855,0.24016043543815613,0.24016043543815613,0.28556227684020996,0.26182377338409424,667.5925
5856,0.24000844359397888,0.24000844359397888,0.28538987040519714,0.26164567470550537,667.708
5857,0.23985615372657776,0.23985615372657776,0.28521624207496643,0.26146650314331055,667.8251
5858,0.23970425128936768,0.23970425128936768,0.2850433886051178,0.26128801703453064,667.9411
5859,0.23955222964286804,0.23955222964286804,0.28487062454223633,0.2611096501350403,668.0546
5860,0.23940029740333557,0.23940029740333557,0.2846980690956116,0.2609313428401947,668.1676
5861,0.23924903571605682,0.23924903571605682,0.28452420234680176,0.260751873254776,668.2837
5862,0.23909659683704376,0.23909659683704376,0.2843518853187561,0.2605740427970886,668.4012
5863,0.2389449179172516,0.2389449179172516,0.28417855501174927,0.2603950798511505,668.5201
5864,0.23879393935203552,0.23879393935203552,0.284006267786026,0.26021718978881836,668.6353
5865,0.23864205181598663,0.23864205181598663,0.2838342785835266,0.26003941893577576,668.7509
5866,0.23849062621593475,0.23849062621593475,0.283661425113678,0.2598609924316406,668.8658
5867,0.23833957314491272,0.23833957314491272,0.2834896147251129,0.2596835196018219,668.9809
5868,0.23818819224834442,0.23818819224834442,0.2833186984062195,0.2595069408416748,669.0927
5869,0.2380373775959015,0.2380373775959015,0.28314605355262756,0.25932857394218445,669.2013
5870,0.23788666725158691,0.23788666725158691,0.2829737961292267,0.25915074348449707,669.3096
5871,0.2377355843782425,0.2377355843782425,0.2828022837638855,0.2589735984802246,669.4209
5872,0.23758463561534882,0.23758463561534882,0.2826305627822876,0.25879615545272827,669.5355
5873,0.2374344766139984,0.2374344766139984,0.2824586033821106,0.2586185932159424,669.6514
5874,0.237283855676651,0.237283855676651,0.2822878956794739,0.258442223072052,669.7666
5875,0.23713314533233643,0.23713314533233643,0.2821170687675476,0.2582656741142273,669.8827
5876,0.23698227107524872,0.23698227107524872,0.2819460928440094,0.25808900594711304,669.9944
5877,0.23683249950408936,0.23683249950408936,0.28177493810653687,0.25791221857070923,670.1141
5878,0.2366824597120285,0.2366824597120285,0.2816047668457031,0.2577364444732666,670.2203
5879,0.2365323007106781,0.2365323007106781,0.28143396973609924,0.25756001472473145,670.3312
5880,0.2363823652267456,0.2363823652267456,0.28126293420791626,0.25738319754600525,670.4413
5881,0.23623248934745789,0.23623248934745789,0.28109210729599,0.25720661878585815,670.5544
5882,0.236082524061203,0.236082524061203,0.2809215188026428,0.2570303976535797,670.6697
5883,0.23593290150165558,0.23593290150165558,0.28075194358825684,0.25685518980026245,670.7867
5884,0.23578374087810516,0.23578374087810516,0.28058305382728577,0.2566806375980377,670.9051
5885,0.23563429713249207,0.23563429713249207,0.28041380643844604,0.25650569796562195,671.0222
5886,0.23548486828804016,0.23548486828804016,0.28024396300315857,0.25633010268211365,671.1373
5887,0.23533520102500916,0.23533520102500916,0.28007403016090393,0.2561545968055725,671.2538
5888,0.23518605530261993,0.23518605530261993,0.2799040377140045,0.25597888231277466,671.3707
5889,0.2350369691848755,0.2350369691848755,0.27973464131355286,0.255803644657135,671.4905
5890,0.23488831520080566,0.23488831520080566,0.27956512570381165,0.2556285262107849,671.6056
5891,0.23473913967609406,0.23473913967609406,0.27939677238464355,0.25545454025268555,671.7236
5892,0.23459020256996155,0.23459020256996155,0.2792280316352844,0.255280077457428,671.8377
5893,0.23444178700447083,0.23444178700447083,0.2790597081184387,0.255106121301651,671.9533
5894,0.23429301381111145,0.23429301381111145,0.278890460729599,0.2549309730529785,672.0655
5895,0.23414447903633118,0.23414447903633118,0.2787221074104309,0.2547569274902344,672.1846
5896,0.2339962273836136,0.2339962273836136,0.27855271100997925,0.2545819580554962,672.3034
5897,0.2338479459285736,0.2338479459285736,0.27838507294654846,0.25440850853919983,672.4202
5898,0.2336994856595993,0.2336994856595993,0.2782166004180908,0.2542343735694885,672.5416
5899,0.2335517853498459,0.2335517853498459,0.278048574924469,0.25406068563461304,672.6603
5900,0.23340341448783875,0.23340341448783875,0.27788081765174866,0.2538871467113495,672.7793
5901,0.23325595259666443,0.23325595259666443,0.2777131497859955,0.2537138760089874,672.8909
5902,0.2331080436706543,0.2331080436706543,0.27754586935043335,0.2535408139228821,673.0036
5903,0.2329602986574173,0.2329602986574173,0.2773778438568115,0.2533670961856842,673.1218
5904,0.2328125685453415,0.2328125685453415,0.2772101163864136,0.2531936764717102,673.2386
5905,0.23266510665416718,0.23266510665416718,0.2770426869392395,0.2530204653739929,673.3507
5906,0.23251783847808838,0.23251783847808838,0.2768758237361908,0.25284796953201294,673.4623
5907,0.23237040638923645,0.23237040638923645,0.27670907974243164,0.25267544388771057,673.5758
5908,0.2322233021259308,0.2322233021259308,0.276541531085968,0.2525019943714142,673.6898
5909,0.23207633197307587,0.23207633197307587,0.2763751447200775,0.2523297965526581,673.8038
5910,0.2319289743900299,0.2319289743900299,0.2762087881565094,0.25215771794319153,673.9125
5911,0.231782466173172,0.231782466173172,0.27604278922080994,0.25198617577552795,674.0272
5912,0.23163564503192902,0.23163564503192902,0.27587610483169556,0.2518137991428375,674.1405
5913,0.2314891368150711,0.2314891368150711,0.27570995688438416,0.25164180994033813,674.2606
5914,0.23134222626686096,0.23134222626686096,0.2755436301231384,0.2514697015285492,674.3746
5915,0.23119604587554932,0.23119604587554932,0.27537792921066284,0.25129827857017517,674.4846
5916,0.2310495674610138,0.2310495674610138,0.27521294355392456,0.2511276602745056,674.6001
5917,0.2309029996395111,0.2309029996395111,0.27504807710647583,0.25095701217651367,674.7172
5918,0.2307569682598114,0.2307569682598114,0.2748814523220062,0.25078457593917847,674.8293
5919,0.23061099648475647,0.23061099648475647,0.2747159004211426,0.25061315298080444,674.9433
5920,0.230464905500412,0.230464905500412,0.27455058693885803,0.2504420876502991,675.0601
5921,0.2303190976381302,0.2303190976381302,0.2743857800960541,0.25027164816856384,675.1762
5922,0.23017355799674988,0.23017355799674988,0.2742210030555725,0.2501010596752167,675.2942
5923,0.23002800345420837,0.23002800345420837,0.2740561068058014,0.2499304711818695,675.4071
5924,0.22988204658031464,0.22988204658031464,0.2738913595676422,0.24975991249084473,675.5199
5925,0.22973641753196716,0.22973641753196716,0.27372637391090393,0.24958908557891846,675.6375
5926,0.2295912802219391,0.2295912802219391,0.2735612392425537,0.2494182139635086,675.7549
5927,0.22944584488868713,0.22944584488868713,0.27339667081832886,0.2492479532957077,675.8689
5928,0.2293010950088501,0.2293010950088501,0.2732320725917816,0.24907755851745605,675.9839
5929,0.22915592789649963,0.22915592789649963,0.27306824922561646,0.24890796840190887,676.0951
5930,0.2290109395980835,0.2290109395980835,0.2729046940803528,0.24873869121074677,676.2111
5931,0.2288660705089569,0.2288660705089569,0.27274125814437866,0.2485693395137787,676.3226
5932,0.22872141003608704,0.22872141003608704,0.27257704734802246,0.2483992874622345,676.4324
5933,0.22857682406902313,0.22857682406902313,0.272413432598114,0.24822993576526642,676.5394
5934,0.22843241691589355,0.22843241691589355,0.27225005626678467,0.24806079268455505,676.6563
5935,0.2282877266407013,0.2282877266407013,0.2720871567726135,0.24789214134216309,676.7683
5936,0.22814364731311798,0.22814364731311798,0.2719244062900543,0.24772365391254425,676.8774
5937,0.22799916565418243,0.22799916565418243,0.2717605233192444,0.24755387008190155,676.9904
5938,0.22785525023937225,0.22785525023937225,0.2715977728366852,0.24738529324531555,677.1027
5939,0.2277110069990158,0.2277110069990158,0.2714358866214752,0.24721761047840118,677.2184
5940,0.2275673896074295,0.2275673896074295,0.2712741494178772,0.24705009162425995,677.3367
5941,0.22742357850074768,0.22742357850074768,0.2711114287376404,0.24688167870044708,677.4592
5942,0.22728009521961212,0.22728009521961212,0.27094894647598267,0.24671335518360138,677.5803
5943,0.2271360456943512,0.2271360456943512,0.2707863748073578,0.24654486775398254,677.6978
5944,0.22699272632598877,0.22699272632598877,0.27062368392944336,0.24637643992900848,677.8186
5945,0.2268495112657547,0.2268495112657547,0.2704627215862274,0.24620981514453888,677.9359
5946,0.22670622169971466,0.22670622169971466,0.2703014314174652,0.24604277312755585,678.0492
5947,0.22656278312206268,0.22656278312206268,0.2701387405395508,0.24587416648864746,678.1598
5948,0.22641988098621368,0.22641988098621368,0.2699768543243408,0.24570627510547638,678.2755
5949,0.2262769490480423,0.2262769490480423,0.26981502771377563,0.24553878605365753,678.3912
5950,0.2261340618133545,0.2261340618133545,0.269654244184494,0.24537226557731628,678.5061
5951,0.2259911745786667,0.2259911745786667,0.2694927453994751,0.2452048361301422,678.618
5952,0.22584863007068634,0.22584863007068634,0.2693321108818054,0.24503834545612335,678.7347
5953,0.22570601105690002,0.22570601105690002,0.26917025446891785,0.24487073719501495,678.8495
5954,0.2255639284849167,0.2255639284849167,0.26901060342788696,0.24470528960227966,678.9813
5955,0.2254217118024826,0.2254217118024826,0.26885002851486206,0.24453897774219513,679.0978
5956,0.2252790480852127,0.2252790480852127,0.2686897814273834,0.24437279999256134,679.2149
5957,0.22513706982135773,0.22513706982135773,0.2685287594795227,0.24420595169067383,679.3302
5958,0.22499509155750275,0.22499509155750275,0.2683681845664978,0.24403949081897736,679.4448
5959,0.22485299408435822,0.22485299408435822,0.2682092785835266,0.24387474358081818,679.5558
5960,0.22471144795417786,0.22471144795417786,0.26805028319358826,0.24371004104614258,679.665
5961,0.22456982731819153,0.22456982731819153,0.2678903043270111,0.24354425072669983,679.7824
5962,0.22442801296710968,0.22442801296710968,0.26773005723953247,0.24337801337242126,679.8979
5963,0.22428631782531738,0.22428631782531738,0.2675703167915344,0.24321243166923523,680.0106
5964,0.22414520382881165,0.22414520382881165,0.2674112915992737,0.2430475652217865,680.1206
5965,0.22400407493114471,0.22400407493114471,0.26725274324417114,0.2428833544254303,680.2318
5966,0.2238631695508957,0.2238631695508957,0.2670927941799164,0.24271753430366516,680.3422
5967,0.2237216681241989,0.2237216681241989,0.266933798789978,0.24255266785621643,680.4572
5968,0.2235807627439499,0.2235807627439499,0.2667745053768158,0.24238741397857666,680.5726
5969,0.22343988716602325,0.22343988716602325,0.2666155695915222,0.2422225922346115,680.6897
5970,0.22329945862293243,0.22329945862293243,0.2664574086666107,0.24205860495567322,680.8043
5971,0.22315852344036102,0.22315852344036102,0.26629942655563354,0.24189475178718567,680.9163
5972,0.2230183333158493,0.2230183333158493,0.2661401629447937,0.24172969162464142,681.0332
5973,0.22287769615650177,0.22287769615650177,0.26598185300827026,0.24156537652015686,681.1467
5974,0.22273723781108856,0.22273723781108856,0.2658246159553528,0.24140223860740662,681.2594
5975,0.22259727120399475,0.22259727120399475,0.26566752791404724,0.2412395477294922,681.3743
5976,0.2224571257829666,0.2224571257829666,0.26551008224487305,0.2410762757062912,681.4907
5977,0.2223171889781952,0.2223171889781952,0.2653520703315735,0.2409122735261917,681.604
5978,0.22217726707458496,0.22217726707458496,0.2651941776275635,0.2407485544681549,681.721
5979,0.22203762829303741,0.22203762829303741,0.2650366723537445,0.24058516323566437,681.8335
5980,0.2218976765871048,0.2218976765871048,0.26487982273101807,0.24042248725891113,681.9454
5981,0.22175851464271545,0.22175851464271545,0.2647230625152588,0.2402600795030594,682.0565
5982,0.2216191589832306,0.2216191589832306,0.26456671953201294,0.24009771645069122,682.1658
5983,0.22147956490516663,0.22147956490516663,0.2644089162349701,0.23993396759033203,682.2775
5984,0.22134073078632355,0.22134073078632355,0.2642515301704407,0.23977065086364746,682.3899
5985,0.2212013304233551,0.2212013304233551,0.2640950083732605,0.23960833251476288,682.5033
5986,0.22106198966503143,0.22106198966503143,0.2639393210411072,0.2394467145204544,682.6214
5987,0.22092361748218536,0.22092361748218536,0.26378387212753296,0.23928555846214294,682.737
5988,0.22078461945056915,0.22078461945056915,0.2636280655860901,0.23912391066551208,682.8515
5989,0.22064606845378876,0.22064606845378876,0.2634707987308502,0.2389606535434723,682.9649
5990,0.22050771117210388,0.22050771117210388,0.26331430673599243,0.23879802227020264,683.0782
5991,0.22036883234977722,0.22036883234977722,0.2631590962409973,0.2386368215084076,683.1898
5992,0.22023054957389832,0.22023054957389832,0.2630044221878052,0.2384764850139618,683.3
5993,0.22009241580963135,0.22009241580963135,0.26284900307655334,0.23831531405448914,683.4102
5994,0.21995428204536438,0.21995428204536438,0.26269418001174927,0.23815467953681946,683.5238
5995,0.21981629729270935,0.21981629729270935,0.2625381052494049,0.23799271881580353,683.6382
5996,0.21967856585979462,0.21967856585979462,0.2623828053474426,0.23783135414123535,683.7547
5997,0.21954040229320526,0.21954040229320526,0.2622283101081848,0.23767101764678955,683.8665
5998,0.2194027155637741,0.2194027155637741,0.2620743215084076,0.23751115798950195,683.9821
5999,0.21926522254943848,0.21926522254943848,0.26192039251327515,0.23735132813453674,684.0973
6000,0.21912741661071777,0.21912741661071777,0.2617652416229248,0.23719027638435364,684.2138
6001,0.21899065375328064,0.21899065375328064,0.26161056756973267,0.23702967166900635,684.4423
6002,0.21885304152965546,0.21885304152965546,0.2614552974700928,0.23686853051185608,684.5522
6003,0.21871629357337952,0.21871629357337952,0.2613019645214081,0.23670928180217743,684.6625
6004,0.2185792475938797,0.2185792475938797,0.26114827394485474,0.23654966056346893,684.7869
6005,0.21844227612018585,0.21844227612018585,0.260995477437973,0.23639094829559326,684.9127
6006,0.21830525994300842,0.21830525994300842,0.2608416676521301,0.23623128235340118,685.0334
6007,0.21816864609718323,0.21816864609718323,0.26068782806396484,0.23607154190540314,685.1546
6008,0.2180320769548416,0.2180320769548416,0.2605341672897339,0.23591196537017822,685.2696
6009,0.21789565682411194,0.21789565682411194,0.26038113236427307,0.23575305938720703,685.3857
6010,0.21775908768177032,0.21775908768177032,0.2602280080318451,0.23559407889842987,685.5031
6011,0.21762263774871826,0.21762263774871826,0.2600756585597992,0.23543572425842285,685.6112
6012,0.2174866646528244,0.2174866646528244,0.25992247462272644,0.2352767288684845,685.7296
6013,0.21735043823719025,0.21735043823719025,0.2597702145576477,0.2351183444261551,685.8448
6014,0.21721455454826355,0.21721455454826355,0.25961753726005554,0.23495984077453613,685.9637
6015,0.21707889437675476,0.21707889437675476,0.2594643533229828,0.23480074107646942,686.0822
6016,0.21694307029247284,0.21694307029247284,0.2593112885951996,0.23464183509349823,686.2005
6017,0.2168075144290924,0.2168075144290924,0.25915995240211487,0.23448452353477478,686.3146
6018,0.21667206287384033,0.21667206287384033,0.2590080201625824,0.23432672023773193,686.4281
6019,0.2165367305278778,0.2165367305278778,0.2588565945625305,0.23416940867900848,686.5453
6020,0.2164018452167511,0.2164018452167511,0.2587057948112488,0.2340126484632492,686.6643
6021,0.2162664830684662,0.2162664830684662,0.25855499505996704,0.23385584354400635,686.7832
6022,0.21613147854804993,0.21613147854804993,0.25840288400650024,0.23369786143302917,686.8983
6023,0.21599633991718292,0.21599633991718292,0.258250892162323,0.23353993892669678,687.0136
6024,0.215861514210701,0.215861514210701,0.25809982419013977,0.23338285088539124,687.1253
6025,0.21572700142860413,0.21572700142860413,0.25794944167137146,0.2332267314195633,687.2373
6026,0.21559229493141174,0.21559229493141174,0.25779834389686584,0.23306973278522491,687.3498
6027,0.21545812487602234,0.21545812487602234,0.2576480507850647,0.232913538813591,687.4617
6028,0.2153232842683792,0.2153232842683792,0.2574978470802307,0.23275725543498993,687.5717
6029,0.21518906950950623,0.21518906950950623,0.2573465406894684,0.23260006308555603,687.6857
6030,0.2150551974773407,0.2150551974773407,0.2571955621242523,0.23244312405586243,687.8016
6031,0.2149209976196289,0.2149209976196289,0.25704526901245117,0.23228690028190613,687.919
6032,0.2147873342037201,0.2147873342037201,0.2568954527378082,0.23213109374046326,688.0372
6033,0.2146536409854889,0.2146536409854889,0.2567458748817444,0.23197560012340546,688.1498
6034,0.2145194113254547,0.2145194113254547,0.2565963864326477,0.23182013630867004,688.2649
6035,0.21438610553741455,0.21438610553741455,0.2564464211463928,0.23166432976722717,688.3799
6036,0.2142525613307953,0.2142525613307953,0.2562970519065857,0.23150885105133057,688.4946
6037,0.21411922574043274,0.21411922574043274,0.25614744424819946,0.23135337233543396,688.6089
6038,0.21398580074310303,0.21398580074310303,0.25599807500839233,0.23119807243347168,688.7218
6039,0.21385271847248077,0.21385271847248077,0.2558499276638031,0.23104409873485565,688.8341
6040,0.21371977031230927,0.21371977031230927,0.2557012140750885,0.23088955879211426,688.9449
6041,0.21358701586723328,0.21358701586723328,0.25555258989334106,0.23073486983776093,689.0598
6042,0.21345415711402893,0.21345415711402893,0.25540322065353394,0.23057952523231506,689.1745
6043,0.21332132816314697,0.21332132816314697,0.2552550733089447,0.23042535781860352,689.2909
6044,0.21318888664245605,0.21318888664245605,0.25510695576667786,0.2302713692188263,689.4095
6045,0.21305641531944275,0.21305641531944275,0.2549593448638916,0.23011772334575653,689.5237
6046,0.21292388439178467,0.21292388439178467,0.25481146574020386,0.2299639731645584,689.6422
6047,0.21279168128967285,0.21279168128967285,0.2546631991863251,0.22980976104736328,689.7583
6048,0.21265952289104462,0.21265952289104462,0.2545149028301239,0.2296554297208786,689.8714
6049,0.21252794563770294,0.21252794563770294,0.2543666958808899,0.22950132191181183,689.9858
6050,0.21239590644836426,0.21239590644836426,0.2542200982570648,0.2293487787246704,690.0996
6051,0.21226397156715393,0.21226397156715393,0.25407296419143677,0.22919559478759766,690.2152
6052,0.2121322602033615,0.2121322602033615,0.25392550230026245,0.22904226183891296,690.3299
6053,0.21200108528137207,0.21200108528137207,0.2537783682346344,0.22888918220996857,690.4389
6054,0.211869478225708,0.211869478225708,0.25363102555274963,0.22873587906360626,690.5525
6055,0.2117379903793335,0.2117379903793335,0.2534846067428589,0.22858354449272156,690.6689
6056,0.21160666644573212,0.21160666644573212,0.25333845615386963,0.22843141853809357,690.7842
6057,0.21147553622722626,0.21147553622722626,0.2531915307044983,0.22827863693237305,690.9012
6058,0.21134483814239502,0.21134483814239502,0.2530452013015747,0.22812624275684357,691.0186
6059,0.21121402084827423,0.21121402084827423,0.2528986930847168,0.22797374427318573,691.139
6060,0.21108312904834747,0.21108312904834747,0.25275254249572754,0.22782158851623535,691.2555
6061,0.21095256507396698,0.21095256507396698,0.2526068687438965,0.22766998410224915,691.3697
6062,0.2108219414949417,0.2108219414949417,0.2524608373641968,0.22751803696155548,691.4845
6063,0.21069161593914032,0.21069161593914032,0.25231537222862244,0.22736653685569763,691.5973
6064,0.21056146919727325,0.21056146919727325,0.2521694600582123,0.2272147238254547,691.7122
6065,0.21043118834495544,0.21043118834495544,0.25202417373657227,0.22706353664398193,691.8234
6066,0.21030087769031525,0.21030087769031525,0.25187939405441284,0.2269127368927002,691.9344
6067,0.21017122268676758,0.21017122268676758,0.2517341077327728,0.22676143050193787,692.0482
6068,0.2100410759449005,0.2100410759449005,0.25158947706222534,0.22661074995994568,692.1661
6069,0.2099115550518036,0.2099115550518036,0.25144433975219727,0.22645965218544006,692.279
6070,0.2097817361354828,0.2097817361354828,0.2513008117675781,0.22631029784679413,692.4122
6071,0.20965266227722168,0.20965266227722168,0.25115591287612915,0.22615952789783478,692.533
6072,0.20952293276786804,0.20952293276786804,0.2510111927986145,0.2260088175535202,692.6492
6073,0.2093936949968338,0.2093936949968338,0.2508663237094879,0.22585788369178772,692.7709
6074,0.20926471054553986,0.20926471054553986,0.2507219910621643,0.22570748627185822,692.8905
6075,0.20913560688495636,0.20913560688495636,0.2505779266357422,0.22555741667747498,693.0037
6076,0.2090066373348236,0.2090066373348236,0.25043433904647827,0.22540807723999023,693.1118
6077,0.20887741446495056,0.20887741446495056,0.25029119849205017,0.22525891661643982,693.2222
6078,0.20874910056591034,0.20874910056591034,0.2501475214958191,0.2251092493534088,693.3366
6079,0.20862069725990295,0.20862069725990295,0.25000324845314026,0.22495901584625244,693.4528
6080,0.20849201083183289,0.20849201083183289,0.24986040592193604,0.22481012344360352,693.5679
6081,0.2083636224269867,0.2083636224269867,0.24971751868724823,0.22466135025024414,693.6787
6082,0.2082352191209793,0.2082352191209793,0.24957513809204102,0.22451290488243103,693.7917
6083,0.20810739696025848,0.20810739696025848,0.24943289160728455,0.2243647575378418,693.9047
6084,0.2079794853925705,0.2079794853925705,0.24928998947143555,0.22421593964099884,694.0176
6085,0.2078513652086258,0.2078513652086258,0.2491469830274582,0.22406692802906036,694.129
6086,0.20772366225719452,0.20772366225719452,0.2490028589963913,0.2239166796207428,694.2418
6087,0.20759597420692444,0.20759597420692444,0.24886035919189453,0.2237681895494461,694.3565
6088,0.20746859908103943,0.20746859908103943,0.2487194836139679,0.22362127900123596,694.472
6089,0.20734091103076935,0.20734091103076935,0.248578742146492,0.22347474098205566,694.5921
6090,0.20721392333507538,0.20721392333507538,0.24843664467334747,0.22332659363746643,694.7088
6091,0.20708680152893066,0.20708680152893066,0.2482944279909134,0.22317834198474884,694.8181
6092,0.20695963501930237,0.20695963501930237,0.2481520175933838,0.22303004562854767,694.9306
6093,0.20683236420154572,0.20683236420154572,0.24801108241081238,0.2228831797838211,695.0462
6094,0.20670585334300995,0.20670585334300995,0.24787059426307678,0.22273674607276917,695.1644
6095,0.2065790891647339,0.2065790891647339,0.24773016571998596,0.22259032726287842,695.2767
6096,0.20645233988761902,0.20645233988761902,0.24758854508399963,0.22244277596473694,695.3916
6097,0.2063259780406952,0.2063259780406952,0.2474469393491745,0.22229528427124023,695.505
6098,0.20619983971118927,0.20619983971118927,0.2473054677248001,0.2221476137638092,695.6182
6099,0.20607343316078186,0.20607343316078186,0.24716439843177795,0.22200044989585876,695.7382
6100,0.20594775676727295,0.20594775676727295,0.2470245361328125,0.22185459733009338,695.8567
6101,0.20582127571105957,0.20582127571105957,0.24688419699668884,0.22170844674110413,695.9671
6102,0.205695241689682,0.205695241689682,0.24674460291862488,0.22156278789043427,696.0782
6103,0.20556974411010742,0.20556974411010742,0.2466053068637848,0.22141751646995544,696.194
6104,0.20544371008872986,0.20544371008872986,0.24646440148353577,0.22127068042755127,696.3072
6105,0.2053183615207672,0.2053183615207672,0.24632497131824493,0.22112517058849335,696.4217
6106,0.20519284904003143,0.20519284904003143,0.246185302734375,0.22097966074943542,696.5356
6107,0.205067440867424,0.205067440867424,0.24604730308055878,0.22083577513694763,696.6443
6108,0.20494230091571808,0.20494230091571808,0.24590878188610077,0.22069132328033447,696.7639
6109,0.2048170566558838,0.2048170566558838,0.24576906859874725,0.2205454409122467,696.8804
6110,0.20469215512275696,0.20469215512275696,0.24562892317771912,0.22039934992790222,696.9984
6111,0.20456735789775848,0.20456735789775848,0.24549011886119843,0.22025462985038757,697.1142
6112,0.20444297790527344,0.20444297790527344,0.24535150825977325,0.2201099842786789,697.2271
6113,0.20431871712207794,0.20431871712207794,0.2452126443386078,0.2199651002883911,697.3443
6114,0.20419391989707947,0.20419391989707947,0.2450747936964035,0.21982118487358093,697.4587
6115,0.20406922698020935,0.20406922698020935,0.24493686854839325,0.21967729926109314,697.5755
6116,0.203945130109787,0.203945130109787,0.24479785561561584,0.21953222155570984,697.6911
6117,0.2038208693265915,0.2038208693265915,0.24465973675251007,0.2193882167339325,697.8071
6118,0.20369720458984375,0.20369720458984375,0.2445220649242401,0.2192445993423462,697.92
6119,0.20357313752174377,0.20357313752174377,0.24438457190990448,0.21910127997398376,698.0321
6120,0.2034490406513214,0.2034490406513214,0.24424712359905243,0.2189578264951706,698.1434
6121,0.20332594215869904,0.20332594215869904,0.24411006271839142,0.21881480515003204,698.2597
6122,0.20320208370685577,0.20320208370685577,0.24397191405296326,0.2186705768108368,698.3717
6123,0.2030785083770752,0.2030785083770752,0.2438342571258545,0.21852700412273407,698.4818
6124,0.20295532047748566,0.20295532047748566,0.24369697272777557,0.21838364005088806,698.5934
6125,0.20283210277557373,0.20283210277557373,0.2435610294342041,0.21824172139167786,698.7097
6126,0.2027091532945633,0.2027091532945633,0.24342437088489532,0.21809902787208557,698.8268
6127,0.20258621871471405,0.20258621871471405,0.24328799545764923,0.21795685589313507,698.9357
6128,0.20246323943138123,0.20246323943138123,0.24315166473388672,0.21781453490257263,699.047
6129,0.2023405283689499,0.2023405283689499,0.2430150955915451,0.21767191588878632,699.1595
6130,0.2022179365158081,0.2022179365158081,0.24287918210029602,0.21752989292144775,699.2771
6131,0.20209529995918274,0.20209529995918274,0.24274401366710663,0.21738877892494202,699.39
6132,0.2019728124141693,0.2019728124141693,0.2426082342863083,0.21724700927734375,699.5075
6133,0.20185056328773499,0.20185056328773499,0.2424726039171219,0.21710555255413055,699.6229
6134,0.20172865688800812,0.20172865688800812,0.2423369437456131,0.21696388721466064,699.7383
6135,0.20160682499408722,0.20160682499408722,0.24220070242881775,0.2168215960264206,699.8532
6136,0.20148487389087677,0.20148487389087677,0.24206380546092987,0.21667876839637756,699.9661
6137,0.20136292278766632,0.20136292278766632,0.24192920327186584,0.2165381908416748,700.0821
6138,0.2012411653995514,0.2012411653995514,0.24179458618164062,0.21639761328697205,700.1957
6139,0.2011195421218872,0.2011195421218872,0.2416609823703766,0.21625801920890808,700.3091
6140,0.20099858939647675,0.20099858939647675,0.2415257692337036,0.21611686050891876,700.4267
6141,0.2008768618106842,0.2008768618106842,0.24139061570167542,0.21597564220428467,700.5413
6142,0.20075590908527374,0.20075590908527374,0.24125632643699646,0.21583537757396698,700.6572
6143,0.2006349116563797,0.2006349116563797,0.24112161993980408,0.21569471061229706,700.7726
6144,0.20051391422748566,0.20051391422748566,0.24098806083202362,0.21555523574352264,700.8862
6145,0.20039312541484833,0.20039312541484833,0.24085457623004913,0.21541579067707062,701.0044
6146,0.20027193427085876,0.20027193427085876,0.24072082340717316,0.21527621150016785,701.1135
6147,0.20015168190002441,0.20015168190002441,0.24058637022972107,0.2151358425617218,701.2292
6148,0.20003139972686768,0.20003139972686768,0.24045279622077942,0.21499605476856232,701.3408
6149,0.1999111920595169,0.1999111920595169,0.2403188943862915,0.21485617756843567,701.4558
6150,0.19979067146778107,0.19979067146778107,0.2401859313249588,0.21471726894378662,701.565
6151,0.19967013597488403,0.19967013597488403,0.2400532215833664,0.21457858383655548,701.6749
6152,0.1995503306388855,0.1995503306388855,0.23992058634757996,0.21443995833396912,701.7898
6153,0.19943082332611084,0.19943082332611084,0.23978812992572784,0.21430155634880066,701.9065
6154,0.19931070506572723,0.19931070506572723,0.2396547794342041,0.2141622006893158,702.022
6155,0.19919176399707794,0.19919176399707794,0.23952226340770721,0.21402373909950256,702.1386
6156,0.19907207787036896,0.19907207787036896,0.23938974738121033,0.21388530731201172,702.2534
6157,0.19895264506340027,0.19895264506340027,0.23925800621509552,0.21374769508838654,702.3665
6158,0.19883330166339874,0.19883330166339874,0.23912572860717773,0.21360938251018524,702.4876
6159,0.19871410727500916,0.19871410727500916,0.23899319767951965,0.2134709358215332,702.5969
6160,0.19859494268894196,0.19859494268894196,0.23886139690876007,0.21333308517932892,702.7105
6161,0.19847622513771057,0.19847622513771057,0.2387286126613617,0.21319445967674255,702.8245
6162,0.19835703074932098,0.19835703074932098,0.2385978251695633,0.21305754780769348,702.936
6163,0.198238804936409,0.198238804936409,0.23846721649169922,0.21292099356651306,703.0569
6164,0.19812020659446716,0.19812020659446716,0.2383354902267456,0.2127833366394043,703.1702
6165,0.19800187647342682,0.19800187647342682,0.23820459842681885,0.21264652907848358,703.2847
6166,0.1978832632303238,0.1978832632303238,0.2380736768245697,0.21250958740711212,703.4007
6167,0.19776499271392822,0.19776499271392822,0.2379419505596161,0.21237187087535858,703.5122
6168,0.19764702022075653,0.19764702022075653,0.2378120869398117,0.21223612129688263,703.6263
6169,0.1975291222333908,0.1975291222333908,0.2376812994480133,0.21209946274757385,703.7495
6170,0.19741162657737732,0.19741162657737732,0.23755156993865967,0.2119636982679367,703.8745
6171,0.1972939670085907,0.1972939670085907,0.23742122948169708,0.21182744204998016,703.9963
6172,0.19717571139335632,0.19717571139335632,0.23729078471660614,0.2116909921169281,704.1216
6173,0.19705840945243835,0.19705840945243835,0.23716004192829132,0.2115543633699417,704.2439
6174,0.19694140553474426,0.19694140553474426,0.23703083395957947,0.21141906082630157,704.3611
6175,0.19682416319847107,0.19682416319847107,0.23690123856067657,0.21128351986408234,704.4775
6176,0.19670723378658295,0.19670723378658295,0.23677226901054382,0.21114857494831085,704.594
6177,0.1965896189212799,0.1965896189212799,0.23664279282093048,0.21101310849189758,704.7098
6178,0.1964731514453888,0.1964731514453888,0.23651377856731415,0.21087828278541565,704.823
6179,0.19635653495788574,0.19635653495788574,0.23638494312763214,0.2107435166835785,704.9363
6180,0.19623956084251404,0.19623956084251404,0.23625493049621582,0.21060757339000702,705.0514
6181,0.196123406291008,0.196123406291008,0.23612594604492188,0.21047258377075195,705.1672
6182,0.1960066854953766,0.1960066854953766,0.23599784076213837,0.2103385478258133,705.2817
6183,0.19589033722877502,0.19589033722877502,0.23586979508399963,0.21020469069480896,705.3992
6184,0.19577424228191376,0.19577424228191376,0.2357407510280609,0.21006974577903748,705.5124
6185,0.19565846025943756,0.19565846025943756,0.23561206459999084,0.20993509888648987,705.6204
6186,0.19554252922534943,0.19554252922534943,0.23548360168933868,0.20980051159858704,705.7366
6187,0.19542653858661652,0.19542653858661652,0.2353554219007492,0.209666445851326,705.8519
6188,0.19531086087226868,0.19531086087226868,0.2352287322282791,0.20953384041786194,705.9611
6189,0.19519564509391785,0.19519564509391785,0.23510122299194336,0.20940038561820984,706.0739
6190,0.19508011639118195,0.19508011639118195,0.23497407138347626,0.20926737785339355,706.1864
6191,0.19496482610702515,0.19496482610702515,0.23484650254249573,0.2091337889432907,706.3011
6192,0.19484980404376984,0.19484980404376984,0.234718918800354,0.20900030434131622,706.4186
6193,0.19473442435264587,0.19473442435264587,0.23459196090698242,0.2088673859834671,706.5357
6194,0.1946195662021637,0.1946195662021637,0.23446591198444366,0.20873551070690155,706.6528
6195,0.1945047229528427,0.1945047229528427,0.23433884978294373,0.20860257744789124,706.7687
6196,0.194390207529068,0.194390207529068,0.23421227931976318,0.20847003161907196,706.8839
6197,0.19427554309368134,0.19427554309368134,0.23408512771129608,0.20833691954612732,707.0004
6198,0.19416111707687378,0.19416111707687378,0.23395827412605286,0.2082040011882782,707.1123
6199,0.1940467208623886,0.1940467208623886,0.23383159935474396,0.2080715149641037,707.2267
6200,0.19393238425254822,0.19393238425254822,0.23370639979839325,0.20794041454792023,707.3527
6201,0.19381830096244812,0.19381830096244812,0.23358051478862762,0.20780864357948303,707.484
6202,0.1937045156955719,0.1937045156955719,0.2334553748369217,0.20767751336097717,707.6042
6203,0.1935906708240509,0.1935906708240509,0.23332901298999786,0.20754528045654297,707.7257
6204,0.1934773027896881,0.1934773027896881,0.23320329189300537,0.20741364359855652,707.8485
6205,0.1933630406856537,0.1933630406856537,0.23307809233665466,0.2072823941707611,707.964
6206,0.19324985146522522,0.19324985146522522,0.23295244574546814,0.20715101063251495,708.0758
6207,0.19313648343086243,0.19313648343086243,0.2328278124332428,0.20702043175697327,708.1883
6208,0.19302356243133545,0.19302356243133545,0.23270270228385925,0.20688946545124054,708.2997
6209,0.1929103434085846,0.1929103434085846,0.2325781285762787,0.20675905048847198,708.4107
6210,0.19279703497886658,0.19279703497886658,0.23245255649089813,0.20662756264209747,708.524
6211,0.19268426299095154,0.19268426299095154,0.23232826590538025,0.20649728178977966,708.6378
6212,0.19257140159606934,0.19257140159606934,0.23220472037792206,0.20636777579784393,708.7547
6213,0.1924588978290558,0.1924588978290558,0.23208078742027283,0.20623798668384552,708.8747
6214,0.19234639406204224,0.19234639406204224,0.23195676505565643,0.20610804855823517,708.9978
6215,0.19223371148109436,0.19223371148109436,0.23183317482471466,0.20597846806049347,709.1149
6216,0.19212162494659424,0.19212162494659424,0.23170964419841766,0.20584912598133087,709.2254
6217,0.1920098215341568,0.1920098215341568,0.23158586025238037,0.20571956038475037,709.339
6218,0.1918976902961731,0.1918976902961731,0.2314620018005371,0.20558981597423553,709.4555
6219,0.1917855590581894,0.1917855590581894,0.2313385009765625,0.2054605484008789,709.5702
6220,0.19167375564575195,0.19167375564575195,0.23121485114097595,0.20533089339733124,709.6842
6221,0.19156230986118317,0.19156230986118317,0.23109202086925507,0.20520205795764923,709.7961
6222,0.19145086407661438,0.19145086407661438,0.2309695929288864,0.20507380366325378,709.9121
6223,0.19133929908275604,0.19133929908275604,0.23084691166877747,0.20494532585144043,710.0296
6224,0.19122782349586487,0.19122782349586487,0.23072409629821777,0.20481662452220917,710.1437
6225,0.19111695885658264,0.19111695885658264,0.23060064017772675,0.20468711853027344,710.2621
6226,0.1910058706998825,0.1910058706998825,0.23047849535942078,0.20455896854400635,710.3759
6227,0.19089503586292267,0.19089503586292267,0.2303575575351715,0.20443205535411835,710.4905
6228,0.19078418612480164,0.19078418612480164,0.2302362471818924,0.20430520176887512,710.6104
6229,0.19067354500293732,0.19067354500293732,0.23011350631713867,0.204176664352417,710.7272
6230,0.19056275486946106,0.19056275486946106,0.22999107837677002,0.20404836535453796,710.8368
6231,0.19045238196849823,0.19045238196849823,0.22986921668052673,0.2039203643798828,710.9545
6232,0.19034212827682495,0.19034212827682495,0.22974836826324463,0.20379383862018585,711.076
6233,0.1902318149805069,0.1902318149805069,0.22962817549705505,0.20366784930229187,711.1891
6234,0.1901220828294754,0.1901220828294754,0.22950658202171326,0.20354047417640686,711.3642
6235,0.19001233577728271,0.19001233577728271,0.22938494384288788,0.20341292023658752,711.538
6236,0.18990226089954376,0.18990226089954376,0.22926414012908936,0.20328612625598907,711.8635
6237,0.18979227542877197,0.18979227542877197,0.22914305329322815,0.2031591832637787,712.0669
6238,0.18968306481838226,0.18968306481838226,0.22902217507362366,0.20303252339363098,712.2151
6239,0.18957357108592987,0.18957357108592987,0.22890138626098633,0.20290589332580566,712.3496
6240,0.18946389853954315,0.18946389853954315,0.22878126800060272,0.2027798593044281,712.4817
6241,0.18935509026050568,0.18935509026050568,0.22866125404834747,0.20265400409698486,712.612
6242,0.18924573063850403,0.18924573063850403,0.228541299700737,0.2025281935930252,712.7275
6243,0.18913662433624268,0.18913662433624268,0.2284211665391922,0.20240232348442078,712.8505
6244,0.1890280693769455,0.1890280693769455,0.22830195724964142,0.20227737724781036,712.9672
6245,0.18891938030719757,0.18891938030719757,0.22818240523338318,0.20215201377868652,713.1857
6246,0.1888105422258377,0.1888105422258377,0.22806313633918762,0.20202676951885223,713.2957
6247,0.18870222568511963,0.18870222568511963,0.22794389724731445,0.20190152525901794,713.4061
6248,0.18859344720840454,0.18859344720840454,0.22782477736473083,0.20177674293518066,713.5182
6249,0.18848539888858795,0.18848539888858795,0.22770580649375916,0.20165202021598816,713.6294
6250,0.1883772611618042,0.1883772611618042,0.22758670151233673,0.20152702927589417,713.7358
6251,0.1882692575454712,0.1882692575454712,0.22746829688549042,0.20140275359153748,713.8546
6252,0.18816158175468445,0.18816158175468445,0.2273492068052292,0.20127777755260468,713.9689
6253,0.18805380165576935,0.18805380165576935,0.22723086178302765,0.20115363597869873,714.083
6254,0.1879463642835617,0.1879463642835617,0.22711244225502014,0.2010294497013092,714.2004
6255,0.1878388524055481,0.1878388524055481,0.22699443995952606,0.20090577006340027,714.311
6256,0.18773117661476135,0.18773117661476135,0.2268766462802887,0.20078206062316895,714.4198
6257,0.1876242458820343,0.1876242458820343,0.22675779461860657,0.20065732300281525,714.5334
6258,0.1875169277191162,0.1875169277191162,0.22663983702659607,0.2005334198474884,714.6501
6259,0.18740981817245483,0.18740981817245483,0.22652283310890198,0.20041079819202423,714.7683
6260,0.18730300664901733,0.18730300664901733,0.2264064997434616,0.20028868317604065,714.887
6261,0.18719613552093506,0.18719613552093506,0.22628962993621826,0.2001660317182541,715.0115
6262,0.1870896816253662,0.1870896816253662,0.2261720597743988,0.20004260540008545,715.1398
6263,0.1869831532239914,0.1869831532239914,0.22605398297309875,0.19991861283779144,715.2564
6264,0.18687647581100464,0.18687647581100464,0.22593684494495392,0.19979563355445862,715.3668
6265,0.18677034974098206,0.18677034974098206,0.22582049667835236,0.19967365264892578,715.4806
6266,0.18666401505470276,0.18666401505470276,0.22570490837097168,0.19955238699913025,715.6007
6267,0.18655818700790405,0.18655818700790405,0.22558793425559998,0.19942960143089294,715.7185
6268,0.1864522099494934,0.1864522099494934,0.22547109425067902,0.19930678606033325,715.8349
6269,0.18634654581546783,0.18634654581546783,0.2253551036119461,0.19918516278266907,715.9766
6270,0.18624067306518555,0.18624067306518555,0.2252393662929535,0.19906365871429443,716.1005
6271,0.18613533675670624,0.18613533675670624,0.225123792886734,0.1989423781633377,716.2242
6272,0.18602964282035828,0.18602964282035828,0.2250080108642578,0.19882071018218994,716.3444
6273,0.18592408299446106,0.18592408299446106,0.22489213943481445,0.19869904220104218,716.4671
6274,0.18581938743591309,0.18581938743591309,0.22477678954601288,0.19857795536518097,716.5794
6275,0.18571443855762482,0.18571443855762482,0.22466206550598145,0.1984575092792511,716.692
6276,0.18560898303985596,0.18560898303985596,0.2245466262102127,0.19833619892597198,716.8042
6277,0.18550463020801544,0.18550463020801544,0.2244308441877365,0.19821476936340332,716.9202
6278,0.18539993464946747,0.18539993464946747,0.22431616485118866,0.19809424877166748,717.0382
6279,0.1852951943874359,0.1852951943874359,0.2242010086774826,0.19797343015670776,717.157
6280,0.18519094586372375,0.18519094586372375,0.22408688068389893,0.1978534460067749,717.2708
6281,0.18508650362491608,0.18508650362491608,0.22397196292877197,0.19773277640342712,717.3841
6282,0.1849820911884308,0.1849820911884308,0.22385737299919128,0.197612464427948,717.5015
6283,0.18487824499607086,0.18487824499607086,0.22374367713928223,0.1974930614233017,717.6191
6284,0.18477407097816467,0.18477407097816467,0.22362986207008362,0.19737358391284943,717.739
6285,0.18467016518115997,0.18467016518115997,0.22351646423339844,0.19725434482097626,717.8563
6286,0.1845664381980896,0.1845664381980896,0.22340258955955505,0.19713476300239563,717.971
6287,0.18446305394172668,0.18446305394172668,0.2232894003391266,0.1970159113407135,718.086
6288,0.18435972929000854,0.18435972929000854,0.2231757640838623,0.196896493434906,718.2022
6289,0.1842561513185501,0.1842561513185501,0.22306232154369354,0.1967773735523224,718.3186
6290,0.18415296077728271,0.18415296077728271,0.22294826805591583,0.19665756821632385,718.4296
6291,0.18404993414878845,0.18404993414878845,0.2228350192308426,0.19653859734535217,718.5444
6292,0.18394675850868225,0.18394675850868225,0.22272224724292755,0.1964200884103775,718.6619
6293,0.18384410440921783,0.18384410440921783,0.2226097285747528,0.1963018923997879,718.7839
6294,0.18374113738536835,0.18374113738536835,0.2224975824356079,0.19618399441242218,718.9012
6295,0.18363867700099945,0.18363867700099945,0.2223847359418869,0.19606555998325348,719.0154
6296,0.18353582918643951,0.18353582918643951,0.2222723513841629,0.1959473192691803,719.1302
6297,0.18343353271484375,0.18343353271484375,0.22215962409973145,0.19582898914813995,719.245
6298,0.18333153426647186,0.18333153426647186,0.2220485508441925,0.1957121044397354,719.3631
6299,0.18322943150997162,0.18322943150997162,0.22193720936775208,0.19559510052204132,719.4868
6300,0.18312709033489227,0.18312709033489227,0.22182592749595642,0.19547812640666962,719.6028
6301,0.1830253154039383,0.1830253154039383,0.22171351313591003,0.19536006450653076,719.7199
6302,0.18292339146137238,0.18292339146137238,0.2216012179851532,0.1952420473098755,719.834
6303,0.18282219767570496,0.18282219767570496,0.22148966789245605,0.1951247900724411,719.9558
6304,0.18272002041339874,0.18272002041339874,0.22137901186943054,0.19500842690467834,720.0782
6305,0.18261902034282684,0.18261902034282684,0.22126802802085876,0.19489195942878723,720.1945
6306,0.18251772224903107,0.18251772224903107,0.2211572378873825,0.19477541744709015,720.3061
6307,0.18241634964942932,0.18241634964942932,0.22104568779468536,0.1946580708026886,720.4176
6308,0.18231552839279175,0.18231552839279175,0.22093503177165985,0.1945417821407318,720.5342
6309,0.1822141855955124,0.1822141855955124,0.2208249866962433,0.19442611932754517,720.652
6310,0.1821136176586151,0.1821136176586151,0.22071540355682373,0.19431082904338837,720.7683
6311,0.18201282620429993,0.18201282620429993,0.22060386836528778,0.19419369101524353,720.8803
6312,0.18191242218017578,0.18191242218017578,0.22049406170845032,0.1940782070159912,720.9983
6313,0.18181180953979492,0.18181180953979492,0.2203839272260666,0.19396239519119263,721.1119
6314,0.18171191215515137,0.18171191215515137,0.22027476131916046,0.19384770095348358,721.2261
6315,0.18161121010780334,0.18161121010780334,0.22016501426696777,0.19373230636119843,721.3475
6316,0.18151143193244934,0.18151143193244934,0.2200552523136139,0.19361676275730133,721.4603
6317,0.18141129612922668,0.18141129612922668,0.21994522213935852,0.1935010403394699,721.5733
6318,0.18131163716316223,0.18131163716316223,0.21983642876148224,0.19338670372962952,721.6849
6319,0.18121182918548584,0.18121182918548584,0.21972760558128357,0.19327227771282196,721.7969
6320,0.18111205101013184,0.18111205101013184,0.21961908042430878,0.19315820932388306,721.9084
6321,0.18101289868354797,0.18101289868354797,0.2195102721452713,0.1930435597896576,722.025
6322,0.1809132993221283,0.1809132993221283,0.21940167248249054,0.19292941689491272,722.1427
6323,0.18081407248973846,0.18081407248973846,0.2192925661802292,0.1928146928548813,722.2565
6324,0.18071480095386505,0.18071480095386505,0.21918416023254395,0.19270062446594238,722.3828
6325,0.18061599135398865,0.18061599135398865,0.21907642483711243,0.19258728623390198,722.5059
6326,0.18051716685295105,0.18051716685295105,0.21896763145923615,0.19247300922870636,722.6269
6327,0.18041834235191345,0.18041834235191345,0.21886053681373596,0.19236008822917938,722.7431
6328,0.18031975626945496,0.18031975626945496,0.21875250339508057,0.19224660098552704,722.8637
6329,0.18022151291370392,0.18022151291370392,0.21864482760429382,0.19213345646858215,722.9797
6330,0.18012267351150513,0.18012267351150513,0.21853654086589813,0.19201944768428802,723.0912
6331,0.18002457916736603,0.18002457916736603,0.218429297208786,0.19190660119056702,723.209
6332,0.17992649972438812,0.17992649972438812,0.2183215171098709,0.1917932629585266,723.3282
6333,0.17982858419418335,0.17982858419418335,0.21821479499340057,0.1916809380054474,723.4449
6334,0.17973031103610992,0.17973031103610992,0.2181079387664795,0.1915684938430786,723.5606
6335,0.17963290214538574,0.17963290214538574,0.2180008888244629,0.19145599007606506,723.6732
6336,0.17953500151634216,0.17953500151634216,0.21789459884166718,0.19134403765201569,723.7913
6337,0.17943736910820007,0.17943736910820007,0.21778735518455505,0.1912311315536499,723.9072
6338,0.17934004962444305,0.17934004962444305,0.21768097579479218,0.19111914932727814,724.0214
6339,0.17924268543720245,0.17924268543720245,0.21757468581199646,0.1910073459148407,724.1343
6340,0.17914538085460663,0.17914538085460663,0.21746858954429626,0.19089561700820923,724.2496
6341,0.17904843389987946,0.17904843389987946,0.21736279129981995,0.19078429043293,724.3704
6342,0.17895148694515228,0.17895148694515228,0.21725647151470184,0.1906726062297821,724.4852
6343,0.17885473370552063,0.17885473370552063,0.21714965999126434,0.1905602216720581,724.6009
6344,0.17875799536705017,0.17875799536705017,0.21704450249671936,0.19044938683509827,724.7144
6345,0.1786612570285797,0.1786612570285797,0.2169393002986908,0.19033868610858917,724.8289
6346,0.17856459319591522,0.17856459319591522,0.21683426201343536,0.19022813439369202,724.9393
6347,0.17846828699111938,0.17846828699111938,0.2167288064956665,0.19011719524860382,725.0541
6348,0.17837229371070862,0.17837229371070862,0.2166239321231842,0.19000668823719025,725.1637
6349,0.17827604711055756,0.17827604711055756,0.21651940047740936,0.1898966282606125,725.2736
6350,0.17818038165569305,0.17818038165569305,0.21641521155834198,0.1897868663072586,725.3868
6351,0.17808416485786438,0.17808416485786438,0.21630945801734924,0.1896757185459137,725.4993
6352,0.1779884397983551,0.1779884397983551,0.2162049561738968,0.18956562876701355,725.6205
6353,0.17789265513420105,0.17789265513420105,0.21610024571418762,0.18945537507534027,725.7392
6354,0.17779721319675446,0.17779721319675446,0.21599595248699188,0.1893455684185028,725.8538
6355,0.17770211398601532,0.17770211398601532,0.21589264273643494,0.18923678994178772,725.9682
6356,0.17760653793811798,0.17760653793811798,0.21578796207904816,0.18912672996520996,726.0838
6357,0.1775115430355072,0.1775115430355072,0.21568289399147034,0.18901607394218445,726.2022
6358,0.17741641402244568,0.17741641402244568,0.2155790776014328,0.1889067143201828,726.3229
6359,0.17732152342796326,0.17732152342796326,0.21547667682170868,0.18879875540733337,726.4356
6360,0.1772264838218689,0.1772264838218689,0.21537339687347412,0.18869006633758545,726.5489
6361,0.17713189125061035,0.17713189125061035,0.21526984870433807,0.1885809600353241,726.6609
6362,0.17703750729560852,0.17703750729560852,0.21516676247119904,0.18847247958183289,726.7773
6363,0.17694301903247833,0.17694301903247833,0.21506397426128387,0.18836426734924316,726.8948
6364,0.17684867978096008,0.17684867978096008,0.2149612456560135,0.18825599551200867,727.0104
6365,0.17675432562828064,0.17675432562828064,0.2148572951555252,0.18814656138420105,727.1235
6366,0.17666026949882507,0.17666026949882507,0.21475496888160706,0.18803879618644714,727.2401
6367,0.1765662431716919,0.1765662431716919,0.21465297043323517,0.1879313886165619,727.3559
6368,0.17647245526313782,0.17647245526313782,0.21455073356628418,0.18782371282577515,727.469
6369,0.1763787865638733,0.1763787865638733,0.21444833278656006,0.1877158135175705,727.5803
6370,0.17628498375415802,0.17628498375415802,0.21434549987316132,0.18760743737220764,727.6951
6371,0.1761918067932129,0.1761918067932129,0.21424336731433868,0.18749995529651642,727.8079
6372,0.17609789967536926,0.17609789967536926,0.21414172649383545,0.18739289045333862,727.9227
6373,0.17600473761558533,0.17600473761558533,0.2140396535396576,0.18728533387184143,728.0379
6374,0.17591163516044617,0.17591163516044617,0.21393835544586182,0.18717852234840393,728.1555
6375,0.1758185625076294,0.1758185625076294,0.21383707225322723,0.18707166612148285,728.2673
6376,0.1757258027791977,0.1757258027791977,0.21373598277568817,0.18696525692939758,728.3808
6377,0.17563281953334808,0.17563281953334808,0.21363475918769836,0.18685877323150635,728.495
6378,0.17554022371768951,0.17554022371768951,0.21353483200073242,0.18675336241722107,728.6066
6379,0.1754477322101593,0.1754477322101593,0.21343350410461426,0.18664662539958954,728.7254
6380,0.17535527050495148,0.17535527050495148,0.21333198249340057,0.1865396797657013,728.8429
6381,0.17526289820671082,0.17526289820671082,0.2132311314344406,0.18643344938755035,728.9625
6382,0.1751706451177597,0.1751706451177597,0.21313051879405975,0.1863275170326233,729.0802
6383,0.1750786006450653,0.1750786006450653,0.21303150057792664,0.18622303009033203,729.1939
6384,0.1749866008758545,0.1749866008758545,0.21292981505393982,0.18611595034599304,729.308
6385,0.17489448189735413,0.17489448189735413,0.2128298282623291,0.18601039052009583,729.4254
6386,0.17480279505252838,0.17480279505252838,0.21272945404052734,0.1859046369791031,729.5419
6387,0.1747114062309265,0.1747114062309265,0.21262958645820618,0.18579944968223572,729.6652
6388,0.17461998760700226,0.17461998760700226,0.21253056824207306,0.18569505214691162,729.7798
6389,0.17452844977378845,0.17452844977378845,0.21243076026439667,0.18558990955352783,729.8993
6390,0.1744370013475418,0.1744370013475418,0.21233037114143372,0.18548406660556793,730.0856
6391,0.17434583604335785,0.17434583604335785,0.21223123371601105,0.18537959456443787,730.1986
6392,0.17425458133220673,0.17425458133220673,0.21213364601135254,0.18527665734291077,730.311
6393,0.17416389286518097,0.17416389286518097,0.21203474700450897,0.18517255783081055,730.4212
6394,0.1740732491016388,0.1740732491016388,0.21193507313728333,0.18506738543510437,730.5369
6395,0.1739821583032608,0.1739821583032608,0.21183562278747559,0.18496260046958923,730.6537
6396,0.17389163374900818,0.17389163374900818,0.21173731982707977,0.18485888838768005,730.7702
6397,0.17380152642726898,0.17380152642726898,0.21163907647132874,0.1847553849220276,730.8857
6398,0.17371095716953278,0.17371095716953278,0.2115410566329956,0.1846519410610199,731.0009
6399,0.17362074553966522,0.17362074553966522,0.21144255995750427,0.18454813957214355,731.1205
6400,0.17353074252605438,0.17353074252605438,0.21134400367736816,0.18444421887397766,731.2354
6401,0.17344053089618683,0.17344053089618683,0.21124586462974548,0.18434076011180878,731.3507
6402,0.17335078120231628,0.17335078120231628,0.21114778518676758,0.18423739075660706,731.4668
6403,0.1732611209154129,0.1732611209154129,0.21105051040649414,0.184134840965271,731.5854
6404,0.1731712520122528,0.1731712520122528,0.21095235645771027,0.18403132259845734,731.706
6405,0.17308206856250763,0.17308206856250763,0.2108546793460846,0.1839282214641571,731.8191
6406,0.17299248278141022,0.17299248278141022,0.21075725555419922,0.18382568657398224,731.9342
6407,0.17290303111076355,0.17290303111076355,0.21066029369831085,0.1837235391139984,732.0501
6408,0.17281381785869598,0.17281381785869598,0.2105625569820404,0.1836203783750534,732.1644
6409,0.17272472381591797,0.17272472381591797,0.21046559512615204,0.18351797759532928,732.2823
6410,0.17263585329055786,0.17263585329055786,0.21036915481090546,0.18341626226902008,732.3973
6411,0.17254693806171417,0.17254693806171417,0.21027275919914246,0.18331460654735565,732.5111
6412,0.17245811223983765,0.17245811223983765,0.2101764976978302,0.18321314454078674,732.6292
6413,0.17236948013305664,0.17236948013305664,0.21007995307445526,0.1831112653017044,732.7469
6414,0.1722809374332428,0.1722809374332428,0.2099839150905609,0.18300989270210266,732.8597
6415,0.17219242453575134,0.17219242453575134,0.20988790690898895,0.18290868401527405,732.9735
6416,0.17210417985916138,0.17210417985916138,0.2097921073436737,0.1828075647354126,733.0867
6417,0.17201611399650574,0.17201611399650574,0.2096957266330719,0.18270595371723175,733.2052
6418,0.1719282567501068,0.1719282567501068,0.20959921181201935,0.18260423839092255,733.3231
6419,0.171840101480484,0.171840101480484,0.20950421690940857,0.18250396847724915,733.4392
6420,0.17175263166427612,0.17175263166427612,0.20940867066383362,0.18240323662757874,733.5546
6421,0.17166438698768616,0.17166438698768616,0.20931358635425568,0.1823028028011322,733.6703
6422,0.1715771108865738,0.1715771108865738,0.20921774208545685,0.18220169842243195,733.7922
6423,0.1714896261692047,0.1714896261692047,0.20912185311317444,0.18210053443908691,733.9115
6424,0.1714019626379013,0.1714019626379013,0.20902720093727112,0.18200066685676575,734.0298
6425,0.17131493985652924,0.17131493985652924,0.20893216133117676,0.18190042674541473,734.1427
6426,0.17122788727283478,0.17122788727283478,0.20883718132972717,0.1818002313375473,734.2573
6427,0.17114078998565674,0.17114078998565674,0.20874300599098206,0.18170085549354553,734.3747
6428,0.17105376720428467,0.17105376720428467,0.20864906907081604,0.18160155415534973,734.4939
6429,0.17096677422523499,0.17096677422523499,0.20855489373207092,0.18150226771831512,734.6067
6430,0.17088021337985992,0.17088021337985992,0.2084600180387497,0.18140223622322083,734.7211
6431,0.17079369723796844,0.17079369723796844,0.20836515724658966,0.18130216002464294,734.8336
6432,0.17070730030536652,0.17070730030536652,0.20827138423919678,0.18120309710502625,734.9535
6433,0.17062082886695862,0.17062082886695862,0.2081775963306427,0.1811041533946991,735.0713
6434,0.17053428292274475,0.17053428292274475,0.20808443427085876,0.18100576102733612,735.1843
6435,0.1704486608505249,0.1704486608505249,0.20799073576927185,0.1809069812297821,735.2988
6436,0.17036208510398865,0.17036208510398865,0.2078961879014969,0.18080724775791168,735.4139
6437,0.17027659714221954,0.17027659714221954,0.20780280232429504,0.1807086169719696,735.528
6438,0.1701907217502594,0.1701907217502594,0.2077091932296753,0.1806098222732544,735.6461
6439,0.17010489106178284,0.17010489106178284,0.2076161801815033,0.18051159381866455,735.7658
6440,0.1700197011232376,0.1700197011232376,0.20752282440662384,0.18041321635246277,735.8838
6441,0.16993407905101776,0.16993407905101776,0.2074303925037384,0.18031558394432068,735.9994
6442,0.16984862089157104,0.16984862089157104,0.20733848214149475,0.18021856248378754,736.1147
6443,0.16976334154605865,0.16976334154605865,0.20724575221538544,0.18012067675590515,736.2286
6444,0.1696782261133194,0.1696782261133194,0.20715324580669403,0.18002286553382874,736.3422
6445,0.16959324479103088,0.16959324479103088,0.20706024765968323,0.17992492020130157,736.4555
6446,0.16950839757919312,0.16950839757919312,0.20696881413459778,0.17982827126979828,736.5683
6447,0.1694236397743225,0.1694236397743225,0.20687708258628845,0.1797313243150711,736.6828
6448,0.16933880746364594,0.16933880746364594,0.20678408443927765,0.179633229970932,736.798
6449,0.16925404965877533,0.16925404965877533,0.2066916525363922,0.17953570187091827,736.9192
6450,0.16916993260383606,0.16916993260383606,0.20660023391246796,0.17943920195102692,737.0386
6451,0.16908536851406097,0.16908536851406097,0.20650887489318848,0.17934270203113556,737.1532
6452,0.1690012365579605,0.1690012365579605,0.2064172774553299,0.1792459785938263,737.2672
6453,0.16891725361347198,0.16891725361347198,0.20632536709308624,0.17914898693561554,737.396
6454,0.16883334517478943,0.16883334517478943,0.20623400807380676,0.17905248701572418,737.5142
6455,0.16874918341636658,0.16874918341636658,0.20614297688007355,0.17895632982254028,737.633
6456,0.16866526007652283,0.16866526007652283,0.20605166256427765,0.17885997891426086,737.7491
6457,0.16858160495758057,0.16858160495758057,0.2059611827135086,0.17876432836055756,737.8722
6458,0.16849826276302338,0.16849826276302338,0.2058703452348709,0.17866840958595276,737.9895
6459,0.16841450333595276,0.16841450333595276,0.20577916502952576,0.1785721778869629,738.1
6460,0.16833117604255676,0.16833117604255676,0.20568962395191193,0.17847757041454315,738.2165
6461,0.16824811697006226,0.16824811697006226,0.20559892058372498,0.17838194966316223,738.3329
6462,0.16816475987434387,0.16816475987434387,0.20550842583179474,0.1782861351966858,738.4481
6463,0.16808193922042847,0.16808193922042847,0.205418199300766,0.17819078266620636,738.566
6464,0.16799883544445038,0.16799883544445038,0.20532774925231934,0.17809535562992096,738.6841
6465,0.16791638731956482,0.16791638731956482,0.20523881912231445,0.17800143361091614,738.8041
6466,0.1678333878517151,0.1678333878517151,0.20514898002147675,0.17790654301643372,738.9253
6467,0.1677510291337967,0.1677510291337967,0.20505890250205994,0.1778114140033722,739.0382
6468,0.167668417096138,0.167668417096138,0.2049686461687088,0.1777161955833435,739.1481
6469,0.16758598387241364,0.16758598387241364,0.20488062500953674,0.177622988820076,739.2613
6470,0.16750378906726837,0.16750378906726837,0.20479074120521545,0.17752811312675476,739.3748
6471,0.1674216240644455,0.1674216240644455,0.20470109581947327,0.17743352055549622,739.4917
6472,0.1673397570848465,0.1673397570848465,0.20461168885231018,0.17733892798423767,739.6084
6473,0.1672576367855072,0.1672576367855072,0.20452360808849335,0.17724573612213135,739.721
6474,0.16717560589313507,0.16717560589313507,0.20443391799926758,0.1771511435508728,739.8353
6475,0.16709400713443756,0.16709400713443756,0.20434539020061493,0.17705774307250977,739.9519
6476,0.16701248288154602,0.16701248288154602,0.20425701141357422,0.17696428298950195,740.066
6477,0.16693106293678284,0.16693106293678284,0.20416808128356934,0.17687025666236877,740.178
6478,0.16684968769550323,0.16684968769550323,0.2040795534849167,0.1767769157886505,740.2933
6479,0.1667681634426117,0.1667681634426117,0.20399126410484314,0.17668357491493225,740.4109
6480,0.16668692231178284,0.16668692231178284,0.20390348136425018,0.1765907257795334,740.5209
6481,0.16660568118095398,0.16660568118095398,0.20381541550159454,0.1764976531267166,740.6441
6482,0.16652484238147736,0.16652484238147736,0.20372791588306427,0.17640511691570282,740.7629
6483,0.16644415259361267,0.16644415259361267,0.2036406546831131,0.17631307244300842,740.8839
6484,0.16636329889297485,0.16636329889297485,0.2035527229309082,0.1762200891971588,741.0018
6485,0.16628268361091614,0.16628268361091614,0.20346400141716003,0.17612633109092712,741.1182
6486,0.1662023961544037,0.1662023961544037,0.2033763825893402,0.17603373527526855,741.2281
6487,0.16612134873867035,0.16612134873867035,0.20328979194164276,0.17594221234321594,741.3429
6488,0.16604122519493103,0.16604122519493103,0.2032027244567871,0.17585015296936035,741.4571
6489,0.16596123576164246,0.16596123576164246,0.2031155377626419,0.17575807869434357,741.5694
6490,0.16588094830513,0.16588094830513,0.2030288279056549,0.17566637694835663,741.6848
6491,0.16580119729042053,0.16580119729042053,0.20294189453125,0.17557451128959656,741.8082
6492,0.16572126746177673,0.16572126746177673,0.20285630226135254,0.17548395693302155,741.9285
6493,0.16564132273197174,0.16564132273197174,0.2027689516544342,0.1753917932510376,742.0472
6494,0.16556178033351898,0.16556178033351898,0.20268240571022034,0.1753002405166626,742.1664
6495,0.16548198461532593,0.16548198461532593,0.20259514451026917,0.17520801723003387,742.2802
6496,0.1654028594493866,0.1654028594493866,0.20250892639160156,0.1751168966293335,742.3947
6497,0.16532325744628906,0.16532325744628906,0.20242364704608917,0.17502662539482117,742.5076
6498,0.16524401307106018,0.16524401307106018,0.20233774185180664,0.17493590712547302,742.6209
6499,0.16516496241092682,0.16516496241092682,0.2022509127855301,0.17484422028064728,742.737
6500,0.16508562862873077,0.16508562862873077,0.20216545462608337,0.17475371062755585,742.857
6501,0.16500690579414368,0.16500690579414368,0.20207980275154114,0.1746632158756256,742.9719
6502,0.16492798924446106,0.16492798924446106,0.2019951343536377,0.1745736002922058,743.0911
6503,0.16484931111335754,0.16484931111335754,0.20190930366516113,0.17448294162750244,743.2073
6504,0.16477084159851074,0.16477084159851074,0.20182374119758606,0.17439250648021698,743.3307
6505,0.16469193994998932,0.16469193994998932,0.20173898339271545,0.1743028610944748,743.4532
6506,0.16461357474327087,0.16461357474327087,0.2016538381576538,0.17421284317970276,743.5696
6507,0.16453537344932556,0.16453537344932556,0.20156900584697723,0.17412324249744415,743.6871
6508,0.16445723176002502,0.16445723176002502,0.20148460566997528,0.1740339994430542,743.8024
6509,0.16437891125679016,0.16437891125679016,0.20139870047569275,0.1739431470632553,743.9165
6510,0.16430100798606873,0.16430100798606873,0.2013145387172699,0.17385396361351013,744.054
6511,0.16422300040721893,0.16422300040721893,0.2012297660112381,0.1737643927335739,744.1778
6512,0.16414517164230347,0.16414517164230347,0.20114512741565704,0.17367497086524963,744.2945
6513,0.16406753659248352,0.16406753659248352,0.20106074213981628,0.1735856980085373,744.4144
6514,0.16398990154266357,0.16398990154266357,0.20097661018371582,0.17349660396575928,744.5328
6515,0.16391269862651825,0.16391269862651825,0.200892835855484,0.17340803146362305,744.6512
6516,0.16383524239063263,0.16383524239063263,0.200809508562088,0.17332002520561218,744.7712
6517,0.16375777125358582,0.16375777125358582,0.20072534680366516,0.1732310950756073,744.8901
6518,0.163680762052536,0.163680762052536,0.20064178109169006,0.17314250767230988,745.0009
6519,0.16360363364219666,0.16360363364219666,0.200557678937912,0.17305366694927216,745.1085
6520,0.16352657973766327,0.16352657973766327,0.20047402381896973,0.1729651689529419,745.2228
6521,0.16345003247261047,0.16345003247261047,0.20039144158363342,0.17287777364253998,745.3434
6522,0.16337308287620544,0.16337308287620544,0.2003086507320404,0.1727903187274933,745.4597
6523,0.16329659521579742,0.16329659521579742,0.20022504031658173,0.17270174622535706,745.572
6524,0.16322004795074463,0.16322004795074463,0.20014195144176483,0.17261381447315216,745.6877
6525,0.1631433516740799,0.1631433516740799,0.20005837082862854,0.17252548038959503,745.8044
6526,0.16306689381599426,0.16306689381599426,0.1999761313199997,0.17243853211402893,745.923
6527,0.16299061477184296,0.16299061477184296,0.19989335536956787,0.1723509132862091,746.0434
6528,0.16291444003582,0.16291444003582,0.19981038570404053,0.17226310074329376,746.1604
6529,0.16283851861953735,0.16283851861953735,0.19972793757915497,0.17217588424682617,746.2786
6530,0.16276238858699799,0.16276238858699799,0.19964653253555298,0.17208980023860931,746.395
6531,0.16268685460090637,0.16268685460090637,0.19956445693969727,0.17200292646884918,746.5095
6532,0.1626109480857849,0.1626109480857849,0.19948221743106842,0.1719159334897995,746.6267
6533,0.16253532469272614,0.16253532469272614,0.19940027594566345,0.1718292385339737,746.7433
6534,0.16245967149734497,0.16245967149734497,0.19931766390800476,0.1717417687177658,746.8552
6535,0.16238436102867126,0.16238436102867126,0.19923652708530426,0.17165590822696686,746.9722
6536,0.16230890154838562,0.16230890154838562,0.19915421307086945,0.17156890034675598,747.0849
6537,0.16223356127738953,0.16223356127738953,0.19907177984714508,0.17148171365261078,747.2019
6538,0.16215872764587402,0.16215872764587402,0.19899120926856995,0.17139632999897003,747.3184
6539,0.16208338737487793,0.16208338737487793,0.19891045987606049,0.1713109016418457,747.4386
6540,0.1620086282491684,0.1620086282491684,0.19882884621620178,0.17122459411621094,747.5576
6541,0.16193345189094543,0.16193345189094543,0.19874772429466248,0.1711387187242508,747.6805
6542,0.1618589162826538,0.1618589162826538,0.19866645336151123,0.17105267941951752,747.7993
6543,0.16178448498249054,0.16178448498249054,0.1985855996608734,0.17096710205078125,747.9259
6544,0.16170981526374817,0.16170981526374817,0.1985047161579132,0.17088155448436737,748.0462
6545,0.1616348773241043,0.1616348773241043,0.19842399656772614,0.170796200633049,748.1595
6546,0.1615610122680664,0.1615610122680664,0.19834333658218384,0.1707107573747635,748.2736
6547,0.1614868938922882,0.1614868938922882,0.19826358556747437,0.17062629759311676,748.3877
6548,0.16141249239444733,0.16141249239444733,0.1981831192970276,0.17054107785224915,748.5013
6549,0.16133853793144226,0.16133853793144226,0.19810286164283752,0.1704561412334442,748.61
6550,0.16126440465450287,0.16126440465450287,0.19802288711071014,0.17037148773670197,748.7304
6551,0.16119074821472168,0.16119074821472168,0.19794295728206635,0.17028680443763733,748.8511
6552,0.16111701726913452,0.16111701726913452,0.19786246120929718,0.17020174860954285,748.9678
6553,0.1610434502363205,0.1610434502363205,0.1977822482585907,0.17011690139770508,749.0781
6554,0.16096971929073334,0.16096971929073334,0.19770260155200958,0.1700325906276703,749.1941
6555,0.16089648008346558,0.16089648008346558,0.19762305915355682,0.16994833946228027,749.3098
6556,0.16082307696342468,0.16082307696342468,0.19754363596439362,0.169864222407341,749.4246
6557,0.16074959933757782,0.16074959933757782,0.19746418297290802,0.16978010535240173,749.5412
6558,0.16067640483379364,0.16067640483379364,0.19738498330116272,0.16969624161720276,749.6601
6559,0.16060347855091095,0.16060347855091095,0.19730621576309204,0.16961288452148438,749.7821
6560,0.16053035855293274,0.16053035855293274,0.19722698628902435,0.1695290207862854,749.9007
6561,0.1604577600955963,0.1604577600955963,0.19714751839637756,0.16944481432437897,750.0171
6562,0.160384863615036,0.160384863615036,0.19706860184669495,0.16936133801937103,750.1329
6563,0.16031190752983093,0.16031190752983093,0.19699063897132874,0.16927868127822876,750.2478
6564,0.16023966670036316,0.16023966670036316,0.19691216945648193,0.16919562220573425,750.3625
6565,0.16016724705696106,0.16016724705696106,0.19683396816253662,0.16911277174949646,750.4735
6566,0.16009490191936493,0.16009490191936493,0.19675536453723907,0.16902948915958405,750.5901
6567,0.16002264618873596,0.16002264618873596,0.1966775506734848,0.16894707083702087,750.7093
6568,0.15995019674301147,0.15995019674301147,0.19659921526908875,0.16886427998542786,750.8262
6569,0.15987828373908997,0.15987828373908997,0.19652096927165985,0.16878139972686768,750.946
6570,0.15980592370033264,0.15980592370033264,0.196442648768425,0.16869840025901794,751.0625
6571,0.15973442792892456,0.15973442792892456,0.19636401534080505,0.16861511766910553,751.1785
6572,0.15966247022151947,0.15966247022151947,0.1962859183549881,0.16853241622447968,751.2918
6573,0.15959084033966064,0.15959084033966064,0.19620895385742188,0.1684509813785553,751.4076
6574,0.15951912105083466,0.15951912105083466,0.19613108038902283,0.16836850345134735,751.5189
6575,0.15944796800613403,0.15944796800613403,0.19605402648448944,0.16828683018684387,751.6306
6576,0.15937620401382446,0.15937620401382446,0.19597606360912323,0.16820427775382996,751.7467
6577,0.1593049317598343,0.1593049317598343,0.19589880108833313,0.16812250018119812,751.8635
6578,0.15923358500003815,0.15923358500003815,0.19582273066043854,0.1680418998003006,751.9774
6579,0.15916259586811066,0.15916259586811066,0.19574588537216187,0.16796034574508667,752.0923
6580,0.15909135341644287,0.15909135341644287,0.19566765427589417,0.1678777039051056,752.207
6581,0.15902064740657806,0.15902064740657806,0.19559094309806824,0.16779640316963196,752.3248
6582,0.15894974768161774,0.15894974768161774,0.1955144703388214,0.16771534085273743,752.4646
6583,0.1588786542415619,0.1588786542415619,0.19543889164924622,0.1676352322101593,752.5827
6584,0.1588083952665329,0.1588083952665329,0.1953621655702591,0.1675538718700409,752.6915
6585,0.1587379425764084,0.1587379425764084,0.1952848881483078,0.16747216880321503,752.8138
6586,0.15866711735725403,0.15866711735725403,0.19520920515060425,0.16739194095134735,752.9334
6587,0.1585969179868698,0.1585969179868698,0.19513317942619324,0.1673113852739334,753.055
6588,0.15852639079093933,0.15852639079093933,0.19505652785301208,0.1672302782535553,753.1684
6589,0.15845637023448944,0.15845637023448944,0.19497953355312347,0.1671486347913742,753.2798
6590,0.15838651359081268,0.15838651359081268,0.19490393996238708,0.16706857085227966,753.3945
6591,0.15831626951694489,0.15831626951694489,0.1948290765285492,0.16698913276195526,753.5102
6592,0.15824642777442932,0.15824642777442932,0.19475243985652924,0.16690808534622192,753.6274
6593,0.15817657113075256,0.15817657113075256,0.1946767121553421,0.1668277084827423,753.7487
6594,0.158107191324234,0.158107191324234,0.1946018487215042,0.1667483150959015,753.8627
6595,0.1580372452735901,0.1580372452735901,0.19452732801437378,0.1666693389415741,753.9808
6596,0.1579679250717163,0.1579679250717163,0.19445231556892395,0.1665898561477661,754.0995
6597,0.15789827704429626,0.15789827704429626,0.19437597692012787,0.16650912165641785,754.2165
6598,0.15782901644706726,0.15782901644706726,0.1943003535270691,0.16642896831035614,754.3285
6599,0.15775981545448303,0.15775981545448303,0.19422566890716553,0.16634979844093323,754.4453
6600,0.15769048035144806,0.15769048035144806,0.19415143132209778,0.16627109050750732,754.5665
6601,0.15762148797512054,0.15762148797512054,0.1940774917602539,0.16619274020195007,754.6841
6602,0.15755227208137512,0.15755227208137512,0.19400247931480408,0.16611313819885254,754.802
6603,0.15748374164104462,0.15748374164104462,0.1939275562763214,0.16603374481201172,754.9188
6604,0.15741509199142456,0.15741509199142456,0.19385288655757904,0.16595472395420074,755.0355
6605,0.15734601020812988,0.15734601020812988,0.19377851486206055,0.16587591171264648,755.1513
6606,0.15727752447128296,0.15727752447128296,0.19370418787002563,0.16579708456993103,755.2697
6607,0.15720897912979126,0.15720897912979126,0.19362887740135193,0.1657172441482544,755.3867
6608,0.15714070200920105,0.15714070200920105,0.19355431199073792,0.1656382828950882,755.5028
6609,0.15707232058048248,0.15707232058048248,0.19348137080669403,0.16556096076965332,755.6292
6610,0.1570039540529251,0.1570039540529251,0.1934075951576233,0.1654827892780304,755.753
6611,0.15693578124046326,0.15693578124046326,0.1933339685201645,0.16540464758872986,755.8709
6612,0.15686766803264618,0.15686766803264618,0.19326035678386688,0.1653265506029129,755.9893
6613,0.15679976344108582,0.15679976344108582,0.1931868940591812,0.16524870693683624,756.1001
6614,0.15673190355300903,0.15673190355300903,0.19311435520648956,0.1651717722415924,756.2118
6615,0.15666399896144867,0.15666399896144867,0.1930411159992218,0.16509416699409485,756.328
6616,0.15659654140472412,0.15659654140472412,0.1929663121700287,0.16501490771770477,756.4436
6617,0.15652884542942047,0.15652884542942047,0.1928933560848236,0.16493754088878632,756.554
6618,0.15646132826805115,0.15646132826805115,0.19282075762748718,0.16486048698425293,756.6651
6619,0.15639381110668182,0.15639381110668182,0.1927480697631836,0.16478344798088074,756.7851
6620,0.15632662177085876,0.15632662177085876,0.1926756054162979,0.16470666229724884,756.9023
6621,0.15625905990600586,0.15625905990600586,0.1926024854183197,0.16462907195091248,757.0153
6622,0.15619218349456787,0.15619218349456787,0.19252972304821014,0.16455192863941193,757.138
6623,0.15612511336803436,0.15612511336803436,0.19245657324790955,0.1644744724035263,757.2509
6624,0.15605786442756653,0.15605786442756653,0.192384272813797,0.16439782083034515,757.3685
6625,0.155991330742836,0.155991330742836,0.19231128692626953,0.1643204391002655,757.4812
6626,0.1559247225522995,0.1559247225522995,0.19223849475383759,0.16424323618412018,757.6497
6627,0.15585772693157196,0.15585772693157196,0.19216658174991608,0.16416685283184052,757.7726
6628,0.1557912528514862,0.1557912528514862,0.19209441542625427,0.16409048438072205,757.8919
6629,0.15572451055049896,0.15572451055049896,0.19202344119548798,0.1640150249004364,758.0086
6630,0.1556580513715744,0.1556580513715744,0.19195111095905304,0.1639382541179657,758.1209
6631,0.15559172630310059,0.15559172630310059,0.19187912344932556,0.16386191546916962,758.2375
6632,0.15552563965320587,0.15552563965320587,0.1918077915906906,0.163786381483078,758.3524
6633,0.15545938909053802,0.15545938909053802,0.19173714518547058,0.16371145844459534,758.4679
6634,0.15539342164993286,0.15539342164993286,0.19166500866413116,0.1636349856853485,758.583
6635,0.15532752871513367,0.15532752871513367,0.19159308075904846,0.16355867683887482,758.6986
6636,0.1552615910768509,0.1552615910768509,0.19152125716209412,0.16348247230052948,758.8156
6637,0.15519550442695618,0.15519550442695618,0.19145087897777557,0.1634078025817871,758.9268
6638,0.15512965619564056,0.15512965619564056,0.1913803219795227,0.1633329838514328,759.046
6639,0.15506426990032196,0.15506426990032196,0.19130855798721313,0.16325683891773224,759.1597
6640,0.15499849617481232,0.15499849617481232,0.19123771786689758,0.16318154335021973,759.2765
6641,0.1549328863620758,0.1549328863620758,0.19116739928722382,0.16310696303844452,759.3938
6642,0.1548677384853363,0.1548677384853363,0.19109657406806946,0.16303181648254395,759.5143
6643,0.1548023670911789,0.1548023670911789,0.19102530181407928,0.1629563271999359,759.6259
6644,0.15473708510398865,0.15473708510398865,0.19095464050769806,0.1628812849521637,759.7452
6645,0.1546720564365387,0.1546720564365387,0.19088312983512878,0.16280558705329895,759.8626
6646,0.1546071618795395,0.1546071618795395,0.19081303477287292,0.1627310812473297,759.981
6647,0.15454205870628357,0.15454205870628357,0.1907433271408081,0.162657231092453,760.0956
6648,0.15447726845741272,0.15447726845741272,0.19067367911338806,0.16258326172828674,760.2096
6649,0.15441261231899261,0.15441261231899261,0.190603569149971,0.16250868141651154,760.3217
6650,0.15434792637825012,0.15434792637825012,0.19053368270397186,0.16243457794189453,760.4374
6651,0.15428315103054047,0.15428315103054047,0.19046370685100555,0.16236039996147156,760.5593
6652,0.15421882271766663,0.15421882271766663,0.19039466977119446,0.1622871607542038,760.697
6653,0.15415406227111816,0.15415406227111816,0.19032469391822815,0.16221296787261963,760.8198
6654,0.15408970415592194,0.15408970415592194,0.19025446474552155,0.16213849186897278,760.9395
6655,0.15402549505233765,0.15402549505233765,0.19018471240997314,0.16206441819667816,761.0605
6656,0.153961643576622,0.153961643576622,0.1901158094406128,0.16199129819869995,761.1712
6657,0.1538972556591034,0.1538972556591034,0.19004634022712708,0.1619175672531128,761.2848
6658,0.15383341908454895,0.15383341908454895,0.18997690081596375,0.16184376180171967,761.3983
6659,0.15376941859722137,0.15376941859722137,0.18990762531757355,0.16177015006542206,761.5118
6660,0.1537054032087326,0.1537054032087326,0.18983851373195648,0.16169694066047668,761.621
6661,0.15364176034927368,0.15364176034927368,0.18976972997188568,0.16162410378456116,761.7375
6662,0.1535782665014267,0.1535782665014267,0.18970075249671936,0.16155080497264862,761.8541
6663,0.1535143256187439,0.1535143256187439,0.18963207304477692,0.16147778928279877,761.9792
6664,0.15345104038715363,0.15345104038715363,0.18956293165683746,0.16140449047088623,762.0952
6665,0.1533876359462738,0.1533876359462738,0.1894942969083786,0.16133172810077667,762.211
6666,0.15332449972629547,0.15332449972629547,0.1894262135028839,0.16125936806201935,762.3237
6667,0.15326115489006042,0.15326115489006042,0.18935748934745789,0.16118638217449188,762.4415
6668,0.15319795906543732,0.15319795906543732,0.18928885459899902,0.1611134111881256,762.5585
6669,0.15313497185707092,0.15313497185707092,0.1892215758562088,0.16104212403297424,762.6699
6670,0.153071790933609,0.153071790933609,0.18915432691574097,0.1609705239534378,762.7861
6671,0.1530090868473053,0.1530090868473053,0.18908539414405823,0.16089746356010437,762.8998
6672,0.15294604003429413,0.15294604003429413,0.1890164315700531,0.16082432866096497,763.0129
6673,0.1528836488723755,0.1528836488723755,0.18895001709461212,0.16075369715690613,763.1324
6674,0.15282060205936432,0.15282060205936432,0.18888236582279205,0.16068200767040253,763.2527
6675,0.15275825560092926,0.15275825560092926,0.18881450593471527,0.16060999035835266,763.3667
6676,0.1526956558227539,0.1526956558227539,0.18874502182006836,0.1605362594127655,763.484
6677,0.1526334583759308,0.1526334583759308,0.18867865204811096,0.16046550869941711,763.5961
6678,0.15257102251052856,0.15257102251052856,0.18861189484596252,0.16039471328258514,763.7073
6679,0.15250857174396515,0.15250857174396515,0.1885446310043335,0.1603233814239502,763.8209
6680,0.1524464190006256,0.1524464190006256,0.18847717344760895,0.16025152802467346,763.9337
6681,0.15238434076309204,0.15238434076309204,0.18840941786766052,0.16017965972423553,764.0452
6682,0.1523224264383316,0.1523224264383316,0.18834249675273895,0.16010868549346924,764.2578
6683,0.15226051211357117,0.15226051211357117,0.1882760375738144,0.16003815829753876,764.3704
6684,0.15219855308532715,0.15219855308532715,0.18820858001708984,0.15996651351451874,764.486
6685,0.1521369218826294,0.1521369218826294,0.1881411373615265,0.15989473462104797,764.5997
6686,0.152074933052063,0.152074933052063,0.18807470798492432,0.15982425212860107,764.7199
6687,0.1520138531923294,0.1520138531923294,0.18800923228263855,0.1597547084093094,764.8352
6688,0.15195190906524658,0.15195190906524658,0.1879427134990692,0.15968415141105652,764.9509
6689,0.15189075469970703,0.15189075469970703,0.1878756582736969,0.15961287915706635,765.0651
6690,0.15182939171791077,0.15182939171791077,0.1878087818622589,0.15954171121120453,765.1785
6691,0.15176792442798615,0.15176792442798615,0.18774335086345673,0.1594720184803009,765.2938
6692,0.15170685946941376,0.15170685946941376,0.18767741322517395,0.15940232574939728,765.4098
6693,0.1516457051038742,0.1516457051038742,0.18761081993579865,0.15933164954185486,765.5256
6694,0.15158477425575256,0.15158477425575256,0.18754449486732483,0.1592610776424408,765.6441
6695,0.15152373909950256,0.15152373909950256,0.18747960031032562,0.1591920107603073,765.7711
6696,0.1514628827571869,0.1514628827571869,0.18741337954998016,0.15912188589572906,765.8853
6697,0.15140216052532196,0.15140216052532196,0.18734782934188843,0.15905223786830902,765.997
6698,0.15134140849113464,0.15134140849113464,0.18728217482566833,0.15898236632347107,766.1104
6699,0.15128061175346375,0.15128061175346375,0.18721655011177063,0.15891258418560028,766.2273
6700,0.15122029185295105,0.15122029185295105,0.1871507614850998,0.15884283185005188,766.3472
6701,0.15115976333618164,0.15115976333618164,0.1870855987071991,0.15877357125282288,766.4578
6702,0.1510993242263794,0.1510993242263794,0.18702086806297302,0.15870460867881775,766.5718
6703,0.1510390192270279,0.1510390192270279,0.18695476651191711,0.15863445401191711,766.6872
6704,0.1509787142276764,0.1509787142276764,0.18688972294330597,0.15856534242630005,766.8075
6705,0.15091875195503235,0.15091875195503235,0.18682506680488586,0.1584966629743576,766.9248
6706,0.15085890889167786,0.15085890889167786,0.18676039576530457,0.15842798352241516,767.0393
6707,0.1507987678050995,0.1507987678050995,0.18669545650482178,0.15835894644260406,767.1575
6708,0.15073880553245544,0.15073880553245544,0.1866295039653778,0.15828898549079895,767.2762
6709,0.15067893266677856,0.15067893266677856,0.1865653395652771,0.15822067856788635,767.418
6710,0.1506192684173584,0.1506192684173584,0.1865013986825943,0.15815268456935883,767.5408
6711,0.1505594700574875,0.1505594700574875,0.18643738329410553,0.15808460116386414,767.6586
6712,0.15049992501735687,0.15049992501735687,0.18637284636497498,0.15801605582237244,767.7816
6713,0.15044012665748596,0.15044012665748596,0.1863078773021698,0.15794704854488373,767.9135
6714,0.1503809690475464,0.1503809690475464,0.18624399602413177,0.15787899494171143,768.0396
6715,0.15032143890857697,0.15032143890857697,0.18617983162403107,0.15781083703041077,768.1713
6716,0.15026219189167023,0.15026219189167023,0.18611545860767365,0.15774257481098175,768.2974
6717,0.15020325779914856,0.15020325779914856,0.1860513836145401,0.15767452120780945,768.4159
6718,0.15014412999153137,0.15014412999153137,0.18598684668540955,0.15760591626167297,768.5421
6719,0.1500847339630127,0.1500847339630127,0.18592318892478943,0.15753808617591858,768.6573
6720,0.15002602338790894,0.15002602338790894,0.18586018681526184,0.15747112035751343,768.7847
6721,0.14996694028377533,0.14996694028377533,0.18579666316509247,0.1574036180973053,768.922
6722,0.1499081254005432,0.1499081254005432,0.18573229014873505,0.15733526647090912,769.0618
6723,0.1498495638370514,0.1498495638370514,0.18566933274269104,0.15726818144321442,769.1973
6724,0.1497907042503357,0.1497907042503357,0.18560625612735748,0.15720109641551971,769.3265
6725,0.1497320979833603,0.1497320979833603,0.18554218113422394,0.157133087515831,769.4498
6726,0.1496734619140625,0.1496734619140625,0.18547868728637695,0.15706567466259003,769.573
6727,0.149615079164505,0.149615079164505,0.1854163110256195,0.15699923038482666,769.6894
6728,0.14955690503120422,0.14955690503120422,0.18535180389881134,0.1569308489561081,769.8024
6729,0.14949867129325867,0.14949867129325867,0.1852891892194748,0.15686412155628204,769.9158
6730,0.1494404673576355,0.1494404673576355,0.18522626161575317,0.15679726004600525,770.0296
6731,0.1493823230266571,0.1493823230266571,0.18516458570957184,0.1567315310239792,770.1428
6732,0.1493242233991623,0.1493242233991623,0.18510161340236664,0.15666458010673523,770.2564
6733,0.14926621317863464,0.14926621317863464,0.18503877520561218,0.15659776329994202,770.3771
6734,0.14920811355113983,0.14920811355113983,0.18497687578201294,0.1565319299697876,770.4914
6735,0.1491503268480301,0.1491503268480301,0.18491527438163757,0.1564662903547287,770.6067
6736,0.14909280836582184,0.14909280836582184,0.18485280871391296,0.1563999503850937,770.7262
6737,0.1490349918603897,0.1490349918603897,0.1847895085811615,0.15633273124694824,770.838
6738,0.14897751808166504,0.14897751808166504,0.18472687900066376,0.15626606345176697,770.9509
6739,0.14891991019248962,0.14891991019248962,0.18466410040855408,0.15619952976703644,771.0661
6740,0.14886268973350525,0.14886268973350525,0.18460264801979065,0.1561339944601059,771.1856
6741,0.14880502223968506,0.14880502223968506,0.18454039096832275,0.1560676544904709,771.302
6742,0.14874771237373352,0.14874771237373352,0.1844780147075653,0.15600137412548065,771.4234
6743,0.14869049191474915,0.14869049191474915,0.18441656231880188,0.15593592822551727,771.5415
6744,0.1486334502696991,0.1486334502696991,0.18435512483119965,0.15587057173252106,771.6571
6745,0.14857634902000427,0.14857634902000427,0.18429329991340637,0.15580488741397858,771.7779
6746,0.14851927757263184,0.14851927757263184,0.18423104286193848,0.15573880076408386,771.8938
6747,0.148462176322937,0.148462176322937,0.18417072296142578,0.15567442774772644,772.0114
6748,0.14840562641620636,0.14840562641620636,0.18410983681678772,0.15560969710350037,772.1235
6749,0.14834892749786377,0.14834892749786377,0.1840473711490631,0.15554335713386536,772.2371
6750,0.14829203486442566,0.14829203486442566,0.1839861422777176,0.15547823905944824,772.3551
6751,0.14823539555072784,0.14823539555072784,0.1839251071214676,0.1554131954908371,772.4756
6752,0.14817866683006287,0.14817866683006287,0.18386392295360565,0.15534809231758118,772.5951
6753,0.14812254905700684,0.14812254905700684,0.18380305171012878,0.1552833616733551,772.7143
6754,0.1480657309293747,0.1480657309293747,0.1837424784898758,0.1552186906337738,772.8313
6755,0.14800970256328583,0.14800970256328583,0.1836816966533661,0.15515395998954773,772.9477
6756,0.14795342087745667,0.14795342087745667,0.18362125754356384,0.15508973598480225,773.0667
6757,0.1478971242904663,0.1478971242904663,0.1835598200559616,0.155024453997612,773.1807
6758,0.1478409767150879,0.1478409767150879,0.18349924683570862,0.15495988726615906,773.2962
6759,0.1477847844362259,0.1477847844362259,0.18343883752822876,0.15489569306373596,773.413
6760,0.14772914350032806,0.14772914350032806,0.18337814509868622,0.15483123064041138,773.5334
6761,0.14767326414585114,0.14767326414585114,0.18331709504127502,0.15476621687412262,773.648
6762,0.14761750400066376,0.14761750400066376,0.18325623869895935,0.15470151603221893,773.7637
6763,0.14756157994270325,0.14756157994270325,0.18319687247276306,0.15463827550411224,773.8778
6764,0.14750592410564423,0.14750592410564423,0.1831367313861847,0.1545742154121399,773.9935
6765,0.14745041728019714,0.14745041728019714,0.18307586014270782,0.154509499669075,774.1079
6766,0.14739477634429932,0.14739477634429932,0.18301594257354736,0.15444570779800415,774.2235
6767,0.1473391056060791,0.1473391056060791,0.1829572170972824,0.15438297390937805,774.3457
6768,0.1472838670015335,0.1472838670015335,0.1828978955745697,0.1543198823928833,774.4631
6769,0.14722856879234314,0.14722856879234314,0.1828373521566391,0.15425556898117065,774.5814
6770,0.14717315137386322,0.14717315137386322,0.1827787458896637,0.15419289469718933,774.6953
6771,0.14711812138557434,0.14711812138557434,0.18271860480308533,0.1541290581226349,774.8088
6772,0.14706307649612427,0.14706307649612427,0.1826590746641159,0.15406577289104462,774.9267
6773,0.14700809121131897,0.14700809121131897,0.18259891867637634,0.15400181710720062,775.0424
6774,0.146952822804451,0.146952822804451,0.18254005908966064,0.1539389193058014,775.1545
6775,0.14689810574054718,0.14689810574054718,0.1824806034564972,0.1538756787776947,775.2674
6776,0.14684319496154785,0.14684319496154785,0.18242110311985016,0.15381240844726562,775.3824
6777,0.14678823947906494,0.14678823947906494,0.18236182630062103,0.1537492722272873,775.4962
6778,0.14673367142677307,0.14673367142677307,0.18230338394641876,0.15368692576885223,775.6182
6779,0.14667929708957672,0.14667929708957672,0.18224482238292694,0.15362446010112762,775.7397
6780,0.14662472903728485,0.14662472903728485,0.1821853369474411,0.15356139838695526,775.8602
6781,0.1465701162815094,0.1465701162815094,0.1821267306804657,0.15349891781806946,775.9735
6782,0.14651542901992798,0.14651542901992798,0.1820680797100067,0.15343642234802246,776.0923
6783,0.14646141231060028,0.14646141231060028,0.18200898170471191,0.1533735990524292,776.2019
6784,0.14640697836875916,0.14640697836875916,0.18194971978664398,0.15331050753593445,776.3135
6785,0.1463531106710434,0.1463531106710434,0.18189135193824768,0.15324819087982178,776.4282
6786,0.14629872143268585,0.14629872143268585,0.18183323740959167,0.1531863659620285,776.5438
6787,0.1462448537349701,0.1462448537349701,0.18177473545074463,0.15312394499778748,776.6603
6788,0.1461908221244812,0.1461908221244812,0.18171539902687073,0.1530608832836151,776.7822
6789,0.14613685011863708,0.14613685011863708,0.18165841698646545,0.1530000865459442,776.9037
6790,0.14608296751976013,0.14608296751976013,0.181600421667099,0.1529383659362793,777.0154
6791,0.14602942764759064,0.14602942764759064,0.18154248595237732,0.15287664532661438,777.1345
6792,0.14597555994987488,0.14597555994987488,0.18148425221443176,0.1528145968914032,777.2464
6793,0.1459214985370636,0.1459214985370636,0.18142740428447723,0.15275391936302185,777.3591
6794,0.14586830139160156,0.14586830139160156,0.1813683807849884,0.1526913046836853,777.4738
6795,0.14581459760665894,0.14581459760665894,0.1813107579946518,0.15262985229492188,777.5846
6796,0.14576122164726257,0.14576122164726257,0.1812533587217331,0.15256857872009277,777.6968
6797,0.14570793509483337,0.14570793509483337,0.18119530379772186,0.1525067538022995,777.8174
6798,0.14565464854240417,0.14565464854240417,0.18113720417022705,0.15244480967521667,777.9411
6799,0.14560134708881378,0.14560134708881378,0.18108025193214417,0.1523842066526413,778.0586
6800,0.14554819464683533,0.14554819464683533,0.18102367222309113,0.1523238569498062,778.1745
6801,0.1454951912164688,0.1454951912164688,0.18096616864204407,0.1522626429796219,778.2914
6802,0.145441934466362,0.145441934466362,0.18090856075286865,0.15220122039318085,778.4057
6803,0.1453891545534134,0.1453891545534134,0.18085148930549622,0.15214034914970398,778.5208
6804,0.14533631503582,0.14533631503582,0.18079492449760437,0.15208002924919128,778.6356
6805,0.14528343081474304,0.14528343081474304,0.1807374656200409,0.1520189344882965,778.7532
6806,0.14523054659366608,0.14523054659366608,0.1806805431842804,0.15195831656455994,778.8733
6807,0.14517804980278015,0.14517804980278015,0.18062357604503632,0.151897594332695,778.9958
6808,0.14512553811073303,0.14512553811073303,0.18056583404541016,0.1518360674381256,779.113
6809,0.14507272839546204,0.14507272839546204,0.18050932884216309,0.15177586674690247,779.2267
6810,0.14502021670341492,0.14502021670341492,0.18045209348201752,0.15171492099761963,779.3458
6811,0.14496798813343048,0.14496798813343048,0.18039651215076447,0.15165559947490692,779.4642
6812,0.14491555094718933,0.14491555094718933,0.18033966422080994,0.15159489214420319,779.5816
6813,0.14486345648765564,0.14486345648765564,0.18028278648853302,0.15153439342975616,779.6915
6814,0.14481110870838165,0.14481110870838165,0.1802271157503128,0.1514749825000763,779.8093
6815,0.14475908875465393,0.14475908875465393,0.18017148971557617,0.15141561627388,779.9418
6816,0.1447068154811859,0.1447068154811859,0.18011480569839478,0.1513553112745285,780.0755
6817,0.1446547657251358,0.1446547657251358,0.18005907535552979,0.1512957662343979,780.1977
6818,0.14460286498069763,0.14460286498069763,0.18000288307666779,0.15123596787452698,780.3234
6819,0.14455115795135498,0.14455115795135498,0.17994682490825653,0.15117625892162323,780.4413
6820,0.14449918270111084,0.14449918270111084,0.17989036440849304,0.15111610293388367,780.5602
6821,0.14444765448570251,0.14444765448570251,0.17983439564704895,0.15105637907981873,780.6733
6822,0.14439570903778076,0.14439570903778076,0.1797788143157959,0.15099701285362244,780.7897
6823,0.144344300031662,0.144344300031662,0.179722860455513,0.15093745291233063,780.9033
6824,0.14429263770580292,0.14429263770580292,0.17966695129871368,0.1508779078722,781.0224
6825,0.14424100518226624,0.14424100518226624,0.1796119511127472,0.15081915259361267,781.135
6826,0.1441895067691803,0.1441895067691803,0.17955665290355682,0.15076009929180145,781.2537
6827,0.1441381275653839,0.1441381275653839,0.1795007735490799,0.15070055425167084,781.3671
6828,0.14408698678016663,0.14408698678016663,0.17944510281085968,0.1506413221359253,781.483
6829,0.14403586089611053,0.14403586089611053,0.1793908178806305,0.15058337152004242,781.5989
6830,0.14398467540740967,0.14398467540740967,0.17933538556098938,0.15052422881126404,781.7154
6831,0.14393329620361328,0.14393329620361328,0.17927983403205872,0.15046493709087372,781.8297
6832,0.14388243854045868,0.14388243854045868,0.17922371625900269,0.15040534734725952,781.9427
6833,0.14383137226104736,0.14383137226104736,0.1791699081659317,0.1503477841615677,782.0594
6834,0.14378038048744202,0.14378038048744202,0.1791144609451294,0.15028861165046692,782.1811
6835,0.14372973144054413,0.14372973144054413,0.1790592223405838,0.15022966265678406,782.3027
6836,0.14367897808551788,0.14367897808551788,0.1790047287940979,0.15017156302928925,782.4338
6837,0.14362823963165283,0.14362823963165283,0.1789514422416687,0.15011458098888397,782.5529
6838,0.14357751607894897,0.14357751607894897,0.1788959950208664,0.15005555748939514,782.6714
6839,0.14352713525295258,0.14352713525295258,0.1788402497768402,0.14999619126319885,782.7858
6840,0.1434764415025711,0.1434764415025711,0.1787874400615692,0.149939626455307,782.9078
6841,0.14342597126960754,0.14342597126960754,0.17873331904411316,0.14988194406032562,783.0235
6842,0.14337560534477234,0.14337560534477234,0.17867794632911682,0.14982298016548157,783.1375
6843,0.14332520961761475,0.14332520961761475,0.1786234974861145,0.14976488053798676,783.251
6844,0.1432749330997467,0.1432749330997467,0.17856957018375397,0.14970724284648895,783.3633
6845,0.1432245820760727,0.1432245820760727,0.17851516604423523,0.14964933693408966,783.4779
6846,0.1431744396686554,0.1431744396686554,0.17845988273620605,0.14959046244621277,783.593
6847,0.14312425255775452,0.14312425255775452,0.17840620875358582,0.14953306317329407,783.7115
6848,0.14307457208633423,0.14307457208633423,0.1783527433872223,0.14947593212127686,783.8283
6849,0.14302444458007812,0.14302444458007812,0.17829856276512146,0.14941811561584473,783.9453
6850,0.14297452569007874,0.14297452569007874,0.1782451570034027,0.14936120808124542,784.0601
6851,0.1429247409105301,0.1429247409105301,0.17819197475910187,0.1493043452501297,784.1744
6852,0.14287503063678741,0.14287503063678741,0.1781376451253891,0.1492464244365692,784.287
6853,0.14282521605491638,0.14282521605491638,0.17808404564857483,0.14918914437294006,784.4024
6854,0.14277565479278564,0.14277565479278564,0.17803123593330383,0.14913290739059448,784.5196
6855,0.14272595942020416,0.14272595942020416,0.17797787487506866,0.14907585084438324,784.6428
6856,0.1426764726638794,0.1426764726638794,0.17792344093322754,0.14901785552501678,784.7619
6857,0.14262714982032776,0.14262714982032776,0.177869513630867,0.14896038174629211,784.8793
6858,0.14257773756980896,0.14257773756980896,0.17781704664230347,0.14890430867671967,784.9971
6859,0.1425284892320633,0.1425284892320633,0.17776469886302948,0.14884832501411438,785.1138
6860,0.14247897267341614,0.14247897267341614,0.1777099370956421,0.14878997206687927,785.2305
6861,0.14242997765541077,0.14242997765541077,0.17765647172927856,0.1487329751253128,785.3485
6862,0.1423807442188263,0.1423807442188263,0.17760522663593292,0.14867815375328064,785.4657
6863,0.14233162999153137,0.14233162999153137,0.17755231261253357,0.1486215889453888,785.5839
6864,0.14228245615959167,0.14228245615959167,0.177497997879982,0.1485637128353119,785.7004
6865,0.14223380386829376,0.14223380386829376,0.17744579911231995,0.14850787818431854,785.818
6866,0.1421845406293869,0.1421845406293869,0.17739391326904297,0.14845240116119385,785.9359
6867,0.14213605225086212,0.14213605225086212,0.17734111845493317,0.14839603006839752,786.0535
6868,0.1420871615409851,0.1420871615409851,0.17728771269321442,0.1483391523361206,786.1694
6869,0.1420382708311081,0.1420382708311081,0.17723475396633148,0.1482824981212616,786.2844
6870,0.14198963344097137,0.14198963344097137,0.17718367278575897,0.14822793006896973,786.4006
6871,0.14194083213806152,0.14194083213806152,0.17713069915771484,0.14817148447036743,786.5172
6872,0.14189252257347107,0.14189252257347107,0.17707785964012146,0.1481151282787323,786.6313
6873,0.14184415340423584,0.14184415340423584,0.17702516913414001,0.14805881679058075,786.7471
6874,0.14179575443267822,0.14179575443267822,0.17697417736053467,0.14800427854061127,786.9721
6875,0.141747385263443,0.141747385263443,0.17692168056964874,0.14794830977916718,787.0845
6876,0.1416989266872406,0.1416989266872406,0.17686963081359863,0.147892564535141,787.2027
6877,0.1416507363319397,0.1416507363319397,0.1768186092376709,0.14783795177936554,787.3224
6878,0.1416025459766388,0.1416025459766388,0.17676594853401184,0.14778165519237518,787.4366
6879,0.14155441522598267,0.14155441522598267,0.17671412229537964,0.14772656559944153,787.5516
6880,0.14150655269622803,0.14150655269622803,0.17666257917881012,0.1476713865995407,787.671
6881,0.14145836234092712,0.14145836234092712,0.17661073803901672,0.1476159542798996,787.7852
6882,0.14141042530536652,0.14141042530536652,0.1765574812889099,0.1475592404603958,787.8992
6883,0.14136269688606262,0.14136269688606262,0.17650660872459412,0.14750483632087708,788.0126
6884,0.14131484925746918,0.14131484925746918,0.17645560204982758,0.1474502980709076,788.1331
6885,0.141266867518425,0.141266867518425,0.17640386521816254,0.147395059466362,788.2587
6886,0.14121921360492706,0.14121921360492706,0.1763511449098587,0.1473388373851776,788.3793
6887,0.14117184281349182,0.14117184281349182,0.17630024254322052,0.1472843885421753,788.4949
6888,0.14112411439418793,0.14112411439418793,0.17624998092651367,0.14723069965839386,788.6138
6889,0.14107665419578552,0.14107665419578552,0.17619863152503967,0.14717575907707214,788.7311
6890,0.14102889597415924,0.14102889597415924,0.1761460304260254,0.14711976051330566,788.848
6891,0.14098164439201355,0.14098164439201355,0.17609527707099915,0.14706537127494812,788.9652
6892,0.140934556722641,0.140934556722641,0.17604532837867737,0.1470118910074234,789.083
6893,0.140887051820755,0.140887051820755,0.17599444091320038,0.14695757627487183,789.1982
6894,0.14083974063396454,0.14083974063396454,0.1759418249130249,0.14690153300762177,789.3094
6895,0.14079253375530243,0.14079253375530243,0.17589202523231506,0.1468481570482254,789.4331
6896,0.14074549078941345,0.14074549078941345,0.1758417785167694,0.14679424464702606,789.5535
6897,0.14069846272468567,0.14069846272468567,0.1757902055978775,0.14673930406570435,789.6711
6898,0.1406513899564743,0.1406513899564743,0.17573940753936768,0.1466851532459259,789.789
6899,0.14060470461845398,0.14060470461845398,0.1756897270679474,0.14663192629814148,789.9061
6900,0.14055757224559784,0.14055757224559784,0.17563936114311218,0.1465780884027481,790.0321
6901,0.1405107080936432,0.1405107080936432,0.17558778822422028,0.14652304351329803,790.1478
6902,0.14046397805213928,0.14046397805213928,0.17553742229938507,0.14646929502487183,790.261
6903,0.14041708409786224,0.14041708409786224,0.17548803985118866,0.14641638100147247,790.375
6904,0.14037057757377625,0.14037057757377625,0.17543751001358032,0.1463623344898224,790.4951
6905,0.14032398164272308,0.14032398164272308,0.17538657784461975,0.14630794525146484,790.6117
6906,0.14027735590934753,0.14027735590934753,0.17533645033836365,0.146254301071167,790.7317
6907,0.1402309685945511,0.1402309685945511,0.17528684437274933,0.14620117843151093,790.8501
6908,0.14018480479717255,0.14018480479717255,0.17523685097694397,0.146147683262825,790.9679
6909,0.14013823866844177,0.14013823866844177,0.17518626153469086,0.14609363675117493,791.0898
6910,0.14009177684783936,0.14009177684783936,0.17513684928417206,0.14604073762893677,791.205
6911,0.14004555344581604,0.14004555344581604,0.17508721351623535,0.14598779380321503,791.3287
6912,0.13999943435192108,0.13999943435192108,0.1750374585390091,0.14593465626239777,791.4436
6913,0.13995316624641418,0.13995316624641418,0.1749868392944336,0.14588060975074768,791.5565
6914,0.1399071365594864,0.1399071365594864,0.17493735253810883,0.14582756161689758,791.668
6915,0.13986103236675262,0.13986103236675262,0.17488738894462585,0.14577431976795197,791.7881
6916,0.13981512188911438,0.13981512188911438,0.1748381108045578,0.14572152495384216,791.9039
6917,0.13976922631263733,0.13976922631263733,0.17478811740875244,0.14566802978515625,792.0277
6918,0.13972334563732147,0.13972334563732147,0.17473971843719482,0.1456160843372345,792.1501
6919,0.13967755436897278,0.13967755436897278,0.17469041049480438,0.14556345343589783,792.2653
6920,0.13963191211223602,0.13963191211223602,0.1746407449245453,0.14551040530204773,792.3819
6921,0.13958609104156494,0.13958609104156494,0.1745912730693817,0.1454574167728424,792.4998
6922,0.13954046368598938,0.13954046368598938,0.17454273998737335,0.14540544152259827,792.6188
6923,0.13949468731880188,0.13949468731880188,0.17449341714382172,0.14535269141197205,792.7346
6924,0.13944926857948303,0.13944926857948303,0.1744440495967865,0.1453000009059906,792.85
6925,0.13940376043319702,0.13940376043319702,0.1743953973054886,0.14524781703948975,792.9647
6926,0.13935858011245728,0.13935858011245728,0.17434635758399963,0.1451953798532486,793.0862
6927,0.13931278884410858,0.13931278884410858,0.1742975264787674,0.14514318108558655,793.2035
6928,0.1392677128314972,0.1392677128314972,0.17424803972244263,0.14509041607379913,793.3203
6929,0.13922250270843506,0.13922250270843506,0.17419937252998352,0.14503826200962067,793.4427
6930,0.13917729258537292,0.13917729258537292,0.17415142059326172,0.14498677849769592,793.5561
6931,0.13913209736347198,0.13913209736347198,0.17410160601139069,0.14493374526500702,793.6707
6932,0.1390870213508606,0.1390870213508606,0.17405393719673157,0.14488252997398376,793.7874
6933,0.13904203474521637,0.13904203474521637,0.17400625348091125,0.1448313295841217,793.8977
6934,0.13899728655815125,0.13899728655815125,0.1739567369222641,0.1447785198688507,794.0125
6935,0.1389523148536682,0.1389523148536682,0.17390818893909454,0.14472652971744537,794.1279
6936,0.13890746235847473,0.13890746235847473,0.17386095225811005,0.1446758508682251,794.2449
6937,0.13886243104934692,0.13886243104934692,0.17381246387958527,0.14462406933307648,794.3611
6938,0.13881760835647583,0.13881760835647583,0.1737629920244217,0.14457130432128906,794.4784
6939,0.13877326250076294,0.13877326250076294,0.17371578514575958,0.14452067017555237,794.5984
6940,0.13872826099395752,0.13872826099395752,0.17366786301136017,0.14446935057640076,794.7199
6941,0.13868388533592224,0.13868388533592224,0.1736186295747757,0.14441677927970886,794.8331
6942,0.13863900303840637,0.13863900303840637,0.17357106506824493,0.14436575770378113,794.9458
6943,0.1385945975780487,0.1385945975780487,0.17352336645126343,0.14431461691856384,795.0625
6944,0.13855019211769104,0.13855019211769104,0.17347505688667297,0.14426299929618835,795.1806
6945,0.13850577175617218,0.13850577175617218,0.1734272539615631,0.14421196281909943,795.3028
6946,0.13846158981323242,0.13846158981323242,0.1733802855014801,0.1441614329814911,795.4225
6947,0.1384171098470688,0.1384171098470688,0.1733318269252777,0.14410963654518127,795.542
6948,0.13837315142154694,0.13837315142154694,0.17328383028507233,0.14405831694602966,795.6581
6949,0.1383287012577057,0.1383287012577057,0.17323657870292664,0.14400772750377655,795.7779
6950,0.13828463852405548,0.13828463852405548,0.1731891930103302,0.14395694434642792,795.8977
6951,0.1382407695055008,0.1382407695055008,0.173141211271286,0.14390559494495392,796.0194
6952,0.13819654285907745,0.13819654285907745,0.17309358716011047,0.14385464787483215,796.1392
6953,0.13815248012542725,0.13815248012542725,0.17304754257202148,0.14380522072315216,796.2573
6954,0.13810892403125763,0.13810892403125763,0.17300045490264893,0.143754780292511,796.3797
6955,0.13806481659412384,0.13806481659412384,0.172952339053154,0.14370325207710266,796.503
6956,0.13802097737789154,0.13802097737789154,0.1729058474302292,0.14365343749523163,796.62
6957,0.1379774808883667,0.1379774808883667,0.17285940051078796,0.14360365271568298,796.7362
6958,0.13793352246284485,0.13793352246284485,0.17281101644039154,0.1435520350933075,796.857
6959,0.1378897726535797,0.1378897726535797,0.17276355624198914,0.14350128173828125,796.977
6960,0.13784638047218323,0.13784638047218323,0.17271754145622253,0.1434517800807953,797.0967
6961,0.13780291378498077,0.13780291378498077,0.1726703941822052,0.14340123534202576,797.2162
6962,0.13775911927223206,0.13775911927223206,0.17262282967567444,0.14335043728351593,797.3454
6963,0.13771583139896393,0.13771583139896393,0.17257654666900635,0.14330071210861206,797.4921
6964,0.13767245411872864,0.13767245411872864,0.17253045737743378,0.14325137436389923,797.6133
6965,0.13762924075126648,0.13762924075126648,0.17248348891735077,0.14320102334022522,797.7387
6966,0.13758596777915955,0.13758596777915955,0.17243599891662598,0.1431502252817154,797.866
6967,0.13754260540008545,0.13754260540008545,0.17239029705524445,0.14310124516487122,797.9918
6968,0.13749945163726807,0.13749945163726807,0.1723438799381256,0.14305150508880615,798.1212
6969,0.13745629787445068,0.13745629787445068,0.1722967028617859,0.1430010050535202,798.2471
6970,0.13741323351860046,0.13741323351860046,0.17225053906440735,0.14295156300067902,798.3755
6971,0.1373702436685562,0.1373702436685562,0.17220497131347656,0.14290264248847961,798.4991
6972,0.13732707500457764,0.13732707500457764,0.1721581518650055,0.14285247027873993,798.6237
6973,0.13728433847427368,0.13728433847427368,0.17211195826530457,0.1428031027317047,798.7487
6974,0.13724151253700256,0.13724151253700256,0.17206604778766632,0.14275380969047546,798.8768
6975,0.1371985673904419,0.1371985673904419,0.17201969027519226,0.14270412921905518,799.0011
6976,0.13715586066246033,0.13715586066246033,0.17197354137897491,0.142654687166214,799.1217
6977,0.13711297512054443,0.13711297512054443,0.1719275414943695,0.14260536432266235,799.2421
6978,0.1370704025030136,0.1370704025030136,0.17188163101673126,0.14255614578723907,799.3619
6979,0.137027770280838,0.137027770280838,0.17183524370193481,0.14250651001930237,799.4813
6980,0.136985182762146,0.136985182762146,0.17178961634635925,0.14245755970478058,799.6058
6981,0.13694265484809875,0.13694265484809875,0.17174461483955383,0.14240911602973938,799.7421
6982,0.13690030574798584,0.13690030574798584,0.17169740796089172,0.14235885441303253,799.8739
6983,0.1368575543165207,0.1368575543165207,0.1716519594192505,0.14231009781360626,800.1583
6984,0.1368156373500824,0.1368156373500824,0.17160725593566895,0.14226213097572327,800.2861
6985,0.13677307963371277,0.13677307963371277,0.17156177759170532,0.14221322536468506,800.4255
6986,0.13673098385334015,0.13673098385334015,0.17151615023612976,0.14216439425945282,800.5513
6987,0.13668839633464813,0.13668839633464813,0.17147144675254822,0.14211638271808624,800.676
6988,0.1366463601589203,0.1366463601589203,0.1714247763156891,0.14206650853157043,800.7976
6989,0.1366041600704193,0.1366041600704193,0.17137938737869263,0.1420178860425949,800.9177
6990,0.13656234741210938,0.13656234741210938,0.17133519053459167,0.14197036623954773,801.0341
6991,0.13652034103870392,0.13652034103870392,0.17128963768482208,0.14192143082618713,801.1518
6992,0.1364782154560089,0.1364782154560089,0.1712440550327301,0.14187264442443848,801.2698
6993,0.13643643260002136,0.13643643260002136,0.17119906842708588,0.14182443916797638,801.3867
6994,0.1363946497440338,0.1363946497440338,0.17115429043769836,0.14177639782428741,801.5036
6995,0.13635268807411194,0.13635268807411194,0.17110855877399445,0.14172744750976562,801.6198
6996,0.1363111436367035,0.1363111436367035,0.17106376588344574,0.1416793316602707,801.7364
6997,0.13626894354820251,0.13626894354820251,0.17101910710334778,0.14163139462471008,801.854
6998,0.13622760772705078,0.13622760772705078,0.170974463224411,0.14158356189727783,801.9702
6999,0.13618555665016174,0.13618555665016174,0.17092978954315186,0.14153559505939484,802.093
7000,0.13614428043365479,0.13614428043365479,0.17088453471660614,0.14148704707622528,802.2126
7001,0.13610294461250305,0.13610294461250305,0.1708396077156067,0.14143897593021393,802.3324
7002,0.13606134057044983,0.13606134057044983,0.1707955151796341,0.14139153063297272,802.4527
7003,0.13601991534233093,0.13601991534233093,0.17075017094612122,0.14134304225444794,802.5839
7004,0.13597829639911652,0.13597829639911652,0.17070600390434265,0.14129549264907837,802.7058
7005,0.13593707978725433,0.13593707978725433,0.1706615835428238,0.14124798774719238,802.8226
7006,0.1358957290649414,0.1358957290649414,0.17061752080917358,0.14120063185691833,802.9418
7007,0.1358545869588852,0.1358545869588852,0.17057208716869354,0.14115190505981445,803.067
7008,0.13581326603889465,0.13581326603889465,0.17052820324897766,0.1411048322916031,803.1822
7009,0.13577209413051605,0.13577209413051605,0.1704845130443573,0.14105792343616486,803.3015
7010,0.13573086261749268,0.13573086261749268,0.17044003307819366,0.14101019501686096,803.4182
7011,0.13568998873233795,0.13568998873233795,0.1703958809375763,0.1409628838300705,803.5342
7012,0.13564929366111755,0.13564929366111755,0.17035220563411713,0.14091597497463226,803.6536
7013,0.13560828566551208,0.13560828566551208,0.17030782997608185,0.14086827635765076,803.7759
7014,0.13556727766990662,0.13556727766990662,0.1702628880739212,0.1408202052116394,803.8945
7015,0.13552644848823547,0.13552644848823547,0.17021869122982025,0.140772745013237,804.0138
7016,0.13548529148101807,0.13548529148101807,0.17017582058906555,0.14072661101818085,804.1353
7017,0.13544471561908722,0.13544471561908722,0.17013071477413177,0.14067848026752472,804.2569
7018,0.13540415465831757,0.13540415465831757,0.17008772492408752,0.1406322717666626,804.3807
7019,0.13536331057548523,0.13536331057548523,0.17004349827766418,0.1405847817659378,804.6394
7020,0.1353226602077484,0.1353226602077484,0.17000040411949158,0.14053836464881897,804.7676
7021,0.13528218865394592,0.13528218865394592,0.16995632648468018,0.1404910534620285,804.8926
7022,0.13524159789085388,0.13524159789085388,0.16991306841373444,0.14044475555419922,805.0159
7023,0.135201096534729,0.135201096534729,0.1698702573776245,0.14039869606494904,805.1392
7024,0.13516059517860413,0.13516059517860413,0.16982583701610565,0.14035101234912872,805.2606
7025,0.13512031733989716,0.13512031733989716,0.16978129744529724,0.14030340313911438,805.3816
7026,0.13507990539073944,0.13507990539073944,0.16973939538002014,0.1402582824230194,805.5061
7027,0.13503974676132202,0.13503974676132202,0.1696963757276535,0.1402120590209961,805.6297
7028,0.13499927520751953,0.13499927520751953,0.16965100169181824,0.14016354084014893,805.7507
7029,0.13495919108390808,0.13495919108390808,0.16960853338241577,0.14011788368225098,805.8718
7030,0.13491901755332947,0.13491901755332947,0.1695670336484909,0.1400730311870575,805.9935
7031,0.13487890362739563,0.13487890362739563,0.1695227324962616,0.14002563059329987,806.1125
7032,0.13483893871307373,0.13483893871307373,0.16947895288467407,0.13997866213321686,806.232
7033,0.13479886949062347,0.13479886949062347,0.16943711042404175,0.13993355631828308,806.3504
7034,0.13475903868675232,0.13475903868675232,0.16939429938793182,0.13988758623600006,806.4754
7035,0.1347190886735916,0.1347190886735916,0.16935014724731445,0.13984039425849915,806.6024
7036,0.13467903435230255,0.13467903435230255,0.16930794715881348,0.13979491591453552,806.7268
7037,0.13463936746120453,0.13463936746120453,0.1692659854888916,0.13974972069263458,806.8448
7038,0.1345997303724289,0.1345997303724289,0.16922149062156677,0.13970224559307098,806.9651
7039,0.13455992937088013,0.13455992937088013,0.16917915642261505,0.139656662940979,807.0879
7040,0.13452021777629852,0.13452021777629852,0.1691373884677887,0.13961175084114075,807.2072
7041,0.13448061048984528,0.13448061048984528,0.16909344494342804,0.13956443965435028,807.3237
7042,0.1344408243894577,0.1344408243894577,0.1690509021282196,0.1395188868045807,807.4466
7043,0.1344010829925537,0.1344010829925537,0.16900961101055145,0.13947448134422302,807.5691
7044,0.13436177372932434,0.13436177372932434,0.1689671277999878,0.1394287794828415,807.6899
7045,0.13432225584983826,0.13432225584983826,0.16892406344413757,0.13938258588314056,807.82
7046,0.1342829018831253,0.1342829018831253,0.16888177394866943,0.13933709263801575,807.9437
7047,0.13424348831176758,0.13424348831176758,0.16883918642997742,0.13929137587547302,808.0594
7048,0.13420410454273224,0.13420410454273224,0.16879776120185852,0.1392468363046646,808.181
7049,0.13416488468647003,0.13416488468647003,0.16875453293323517,0.13920047879219055,808.2977
7050,0.134125754237175,0.134125754237175,0.16871149837970734,0.13915430009365082,808.4173
7051,0.13408634066581726,0.13408634066581726,0.16867046058177948,0.13911008834838867,808.5315
7052,0.1340470314025879,0.1340470314025879,0.16862773895263672,0.13906411826610565,808.6533
7053,0.13400812447071075,0.13400812447071075,0.16858519613742828,0.13901853561401367,808.7781
7054,0.13396909832954407,0.13396909832954407,0.16854414343833923,0.1389743834733963,808.9019
7055,0.1339300125837326,0.1339300125837326,0.16850201785564423,0.13892905414104462,809.0178
7056,0.13389094173908234,0.13389094173908234,0.16846010088920593,0.138884037733078,809.138
7057,0.1338522583246231,0.1338522583246231,0.16841919720172882,0.13883991539478302,809.2571
7058,0.1338135004043579,0.1338135004043579,0.16837629675865173,0.13879401981830597,809.3773
7059,0.13377447426319122,0.13377447426319122,0.16833439469337463,0.13874903321266174,809.4967
7060,0.1337357461452484,0.1337357461452484,0.1682930886745453,0.13870444893836975,809.6174
7061,0.13369673490524292,0.13369673490524292,0.16825060546398163,0.13865891098976135,809.7409
7062,0.13365809619426727,0.13365809619426727,0.16820958256721497,0.1386147141456604,809.8638
7063,0.13361956179141998,0.13361956179141998,0.16816869378089905,0.1385706216096878,809.9832
7064,0.13358093798160553,0.13358093798160553,0.16812732815742493,0.13852614164352417,810.1034
7065,0.1335422694683075,0.1335422694683075,0.16808469593524933,0.13848046958446503,810.2249
7066,0.13350355625152588,0.13350355625152588,0.16804370284080505,0.13843636214733124,810.3424
7067,0.13346517086029053,0.13346517086029053,0.1680036336183548,0.13839313387870789,810.4687
7068,0.13342681527137756,0.13342681527137756,0.1679609715938568,0.13834749162197113,810.586
7069,0.13338835537433624,0.13338835537433624,0.16791932284832,0.13830271363258362,810.7045
7070,0.1333502233028412,0.1333502233028412,0.16787774860858917,0.1382579207420349,810.8244
7071,0.13331179320812225,0.13331179320812225,0.1678372025489807,0.13821423053741455,810.9436
7072,0.13327355682849884,0.13327355682849884,0.16779544949531555,0.13816949725151062,811.0626
7073,0.133235365152359,0.133235365152359,0.1677553355693817,0.1381261795759201,811.1835
7074,0.1331968456506729,0.1331968456506729,0.1677144318819046,0.13808223605155945,811.304
7075,0.13315889239311218,0.13315889239311218,0.16767260432243347,0.13803741335868835,811.4224
7076,0.13312092423439026,0.13312092423439026,0.1676323413848877,0.1379939615726471,811.5456
7077,0.13308268785476685,0.13308268785476685,0.16759130358695984,0.1379498988389969,811.6623
7078,0.13304457068443298,0.13304457068443298,0.16754981875419617,0.1379052698612213,811.7811
7079,0.13300681114196777,0.13300681114196777,0.16750909388065338,0.13786141574382782,811.9163
7080,0.13296887278556824,0.13296887278556824,0.1674685776233673,0.13781777024269104,812.0423
7081,0.13293097913265228,0.13293097913265228,0.1674274504184723,0.13777358829975128,812.1649
7082,0.13289299607276917,0.13289299607276917,0.1673872470855713,0.13773038983345032,812.2925
7083,0.13285520672798157,0.13285520672798157,0.16734734177589417,0.13768723607063293,812.433
7084,0.132817342877388,0.132817342877388,0.16730599105358124,0.13764293491840363,812.5996
7085,0.1327795684337616,0.1327795684337616,0.16726502776145935,0.137598916888237,812.7431
7086,0.13274213671684265,0.13274213671684265,0.16722515225410461,0.1375560164451599,812.8675
7087,0.13270434737205505,0.13270434737205505,0.16718444228172302,0.1375122219324112,812.9963
7088,0.1326666921377182,0.1326666921377182,0.16714300215244293,0.13746768236160278,813.1252
7089,0.1326291561126709,0.1326291561126709,0.16710379719734192,0.1374252736568451,813.2524
7090,0.13259170949459076,0.13259170949459076,0.1670631617307663,0.13738174736499786,813.3758
7091,0.132554292678833,0.132554292678833,0.16702277958393097,0.1373383104801178,813.5036
7092,0.13251681625843048,0.13251681625843048,0.16698256134986877,0.1372949331998825,813.6175
7093,0.13247959315776825,0.13247959315776825,0.1669432669878006,0.13725252449512482,813.7347
7094,0.1324423849582672,0.1324423849582672,0.16690297424793243,0.13720932602882385,813.855
7095,0.13240471482276917,0.13240471482276917,0.1668621003627777,0.1371653527021408,813.9768
7096,0.13236775994300842,0.13236775994300842,0.16682222485542297,0.13712219893932343,814.0965
7097,0.13233044743537903,0.13233044743537903,0.16678205132484436,0.13707907497882843,814.2183
7098,0.13229316473007202,0.13229316473007202,0.1667417287826538,0.1370358169078827,814.3391
7099,0.13225601613521576,0.13225601613521576,0.166702538728714,0.1369934380054474,814.4611
7100,0.13221882283687592,0.13221882283687592,0.16666242480278015,0.13695022463798523,814.5761
7101,0.13218161463737488,0.13218161463737488,0.16662296652793884,0.13690778613090515,814.6932
7102,0.13214485347270966,0.13214485347270966,0.16658391058444977,0.13686570525169373,814.8098
7103,0.13210773468017578,0.13210773468017578,0.1665433943271637,0.13682220876216888,814.9293
7104,0.13207098841667175,0.13207098841667175,0.16650278866291046,0.13677848875522614,815.052
7105,0.13203421235084534,0.13203421235084534,0.16646425426006317,0.13673695921897888,815.1769
7106,0.1319972425699234,0.1319972425699234,0.1664247065782547,0.13669438660144806,815.2954
7107,0.1319604068994522,0.1319604068994522,0.16638457775115967,0.13665121793746948,815.4071
7108,0.13192348182201385,0.13192348182201385,0.16634497046470642,0.13660860061645508,815.5282
7109,0.13188694417476654,0.13188694417476654,0.16630622744560242,0.13656672835350037,815.6587
7110,0.1318504512310028,0.1318504512310028,0.16626600921154022,0.13652364909648895,815.7797
7111,0.1318136602640152,0.1318136602640152,0.16622675955295563,0.13648131489753723,815.8993
7112,0.13177721202373505,0.13177721202373505,0.16618749499320984,0.13643904030323029,816.0192
7113,0.13174036145210266,0.13174036145210266,0.16614742577075958,0.13639597594738007,816.1434
7114,0.1317037045955658,0.1317037045955658,0.16610948741436005,0.13635484874248505,816.264
7115,0.13166752457618713,0.13166752457618713,0.16606953740119934,0.13631191849708557,816.3827
7116,0.1316307783126831,0.1316307783126831,0.16603052616119385,0.1362699568271637,816.5045
7117,0.13159477710723877,0.13159477710723877,0.1659916341304779,0.13622798025608063,816.6213
7118,0.13155803084373474,0.13155803084373474,0.16595244407653809,0.1361856907606125,816.7381
7119,0.13152168691158295,0.13152168691158295,0.16591335833072662,0.13614365458488464,816.8542
7120,0.13148550689220428,0.13148550689220428,0.16587495803833008,0.1361023634672165,816.9739
7121,0.13144923746585846,0.13144923746585846,0.1658356636762619,0.13606002926826477,817.0942
7122,0.13141325116157532,0.13141325116157532,0.1657966822385788,0.13601809740066528,817.2161
7123,0.13137681782245636,0.13137681782245636,0.1657584011554718,0.13597659766674042,817.3353
7124,0.13134104013442993,0.13134104013442993,0.16571873426437378,0.1359340399503708,817.4536
7125,0.13130483031272888,0.13130483031272888,0.16568021476268768,0.13589249551296234,817.5764
7126,0.13126865029335022,0.13126865029335022,0.16564221680164337,0.13585147261619568,817.6946
7127,0.13123276829719543,0.13123276829719543,0.16560301184654236,0.1358093023300171,817.8136
7128,0.13119661808013916,0.13119661808013916,0.16556374728679657,0.13576705753803253,817.9335
7129,0.1311606913805008,0.1311606913805008,0.16552579402923584,0.13572606444358826,818.0515
7130,0.13112497329711914,0.13112497329711914,0.16548757255077362,0.13568483293056488,818.1676
7131,0.13108880817890167,0.13108880817890167,0.16544696688652039,0.135641410946846,818.2885
7132,0.13105322420597076,0.13105322420597076,0.1654098927974701,0.1356012523174286,818.4097
7133,0.13101741671562195,0.13101741671562195,0.1653720587491989,0.13556034862995148,818.5291
7134,0.13098163902759552,0.13098163902759552,0.16533330082893372,0.13551846146583557,818.6492
7135,0.13094595074653625,0.13094595074653625,0.16529448330402374,0.13547687232494354,818.7732
7136,0.13091042637825012,0.13091042637825012,0.16525724530220032,0.1354365050792694,818.8909
7137,0.1308748722076416,0.1308748722076416,0.16521893441677094,0.13539540767669678,819.0076
7138,0.13083936274051666,0.13083936274051666,0.16517934203147888,0.13535289466381073,819.1299
7139,0.13080379366874695,0.13080379366874695,0.16514377295970917,0.1353139728307724,819.2517
7140,0.13076820969581604,0.13076820969581604,0.16510418057441711,0.1352715790271759,819.3705
7141,0.1307327300310135,0.1307327300310135,0.16506509482860565,0.1352296769618988,819.4899
7142,0.1306973546743393,0.1306973546743393,0.165027916431427,0.13518938422203064,819.6072
7143,0.13066169619560242,0.13066169619560242,0.16499030590057373,0.1351487636566162,819.729
7144,0.13062651455402374,0.13062651455402374,0.1649511158466339,0.13510671257972717,819.8476
7145,0.13059118390083313,0.13059118390083313,0.16491317749023438,0.13506574928760529,819.9709
7146,0.13055604696273804,0.13055604696273804,0.1648768037557602,0.13502638041973114,820.0899
7147,0.1305207461118698,0.1305207461118698,0.16483831405639648,0.13498497009277344,820.2087
7148,0.1304854452610016,0.1304854452610016,0.16479942202568054,0.13494332134723663,820.3283
7149,0.1304502785205841,0.1304502785205841,0.16476385295391083,0.13490456342697144,820.4459
7150,0.13041549921035767,0.13041549921035767,0.1647254228591919,0.13486310839653015,820.5654
7151,0.13038000464439392,0.13038000464439392,0.164686918258667,0.13482177257537842,820.6815
7152,0.13034513592720032,0.13034513592720032,0.16464975476264954,0.13478171825408936,820.801
7153,0.13031014800071716,0.13031014800071716,0.1646130084991455,0.13474181294441223,820.9222
7154,0.13027523458003998,0.13027523458003998,0.16457371413707733,0.13469970226287842,821.0392
7155,0.13024023175239563,0.13024023175239563,0.1645362824201584,0.13465936481952667,821.1586
7156,0.13020536303520203,0.13020536303520203,0.16450083255767822,0.13462084531784058,821.2808
7157,0.13017037510871887,0.13017037510871887,0.16446247696876526,0.1345795840024948,821.4031
7158,0.13013547658920288,0.13013547658920288,0.1644241064786911,0.13453836739063263,821.5197
7159,0.13010092079639435,0.13010092079639435,0.16438810527324677,0.13449932634830475,821.6427
7160,0.1300661563873291,0.1300661563873291,0.16435076296329498,0.13445904850959778,821.7654
7161,0.13003148138523102,0.13003148138523102,0.16431276500225067,0.13441810011863708,821.8869
7162,0.12999698519706726,0.12999698519706726,0.16427560150623322,0.1343778669834137,822.0064
7163,0.12996207177639008,0.12996207177639008,0.16423889994621277,0.13433833420276642,822.1295
7164,0.12992748618125916,0.12992748618125916,0.16420066356658936,0.13429716229438782,822.246
7165,0.1298929899930954,0.1298929899930954,0.16416463255882263,0.1342581957578659,822.3656
7166,0.12985847890377045,0.12985847890377045,0.16412793099880219,0.13421863317489624,822.4858
7167,0.12982389330863953,0.12982389330863953,0.16409054398536682,0.1341783106327057,822.6062
7168,0.12978948652744293,0.12978948652744293,0.16405320167541504,0.1341381072998047,822.7294
7169,0.12975504994392395,0.12975504994392395,0.16401706635951996,0.13409893214702606,822.847
7170,0.12972082197666168,0.12972082197666168,0.1639803647994995,0.13405923545360565,822.9638
7171,0.12968632578849792,0.12968632578849792,0.1639421284198761,0.13401824235916138,823.0807
7172,0.12965209782123566,0.12965209782123566,0.16390593349933624,0.13397908210754395,823.2017
7173,0.12961778044700623,0.12961778044700623,0.1638701856136322,0.1339402198791504,823.3173
7174,0.12958364188671112,0.12958364188671112,0.1638312190771103,0.1338985413312912,823.4345
7175,0.12954933941364288,0.12954933941364288,0.16379475593566895,0.13385923206806183,823.5524
7176,0.12951529026031494,0.12951529026031494,0.16376027464866638,0.13382169604301453,823.6697
7177,0.12948130071163177,0.12948130071163177,0.16372212767601013,0.13378067314624786,823.7905
7178,0.12944713234901428,0.12944713234901428,0.16368475556373596,0.13374033570289612,823.9083
7179,0.12941303849220276,0.12941303849220276,0.1636507362127304,0.1337032914161682,824.0292
7180,0.12937888503074646,0.12937888503074646,0.16361355781555176,0.13366329669952393,824.1459
7181,0.12934517860412598,0.12934517860412598,0.16357509791851044,0.13362213969230652,824.2623
7182,0.12931117415428162,0.12931117415428162,0.16354070603847504,0.1335846334695816,824.384
7183,0.12927721440792084,0.12927721440792084,0.16350409388542175,0.1335451304912567,824.5055
7184,0.12924320995807648,0.12924320995807648,0.16346698999404907,0.1335051953792572,824.6258
7185,0.129209503531456,0.129209503531456,0.16343095898628235,0.13346630334854126,824.7505
7186,0.1291758120059967,0.1291758120059967,0.16339585185050964,0.1334281712770462,824.8728
7187,0.12914198637008667,0.12914198637008667,0.16335853934288025,0.13338808715343475,824.992
7188,0.12910829484462738,0.12910829484462738,0.1633230745792389,0.13334961235523224,825.1146
7189,0.12907469272613525,0.12907469272613525,0.16328701376914978,0.13331067562103271,825.2337
7190,0.12904086709022522,0.12904086709022522,0.1632501631975174,0.13327090442180634,825.3519
7191,0.12900757789611816,0.12900757789611816,0.16321414709091187,0.13323195278644562,825.4715
7192,0.1289738118648529,0.1289738118648529,0.16317841410636902,0.13319352269172668,825.6027
7193,0.1289401650428772,0.1289401650428772,0.16314242780208588,0.1331545114517212,825.7202
7194,0.12890668213367462,0.12890668213367462,0.16310562193393707,0.13311484456062317,825.8378
7195,0.12887327373027802,0.12887327373027802,0.163070410490036,0.1330767571926117,825.9542
7196,0.1288396418094635,0.1288396418094635,0.1630348265171051,0.13303841650485992,826.0741
7197,0.12880635261535645,0.12880635261535645,0.16299846768379211,0.13299915194511414,826.1999
7198,0.12877309322357178,0.12877309322357178,0.16296303272247314,0.13296060264110565,826.3244
7199,0.12873974442481995,0.12873974442481995,0.16292662918567657,0.1329215168952942,826.4461
7200,0.12870632112026215,0.12870632112026215,0.16289210319519043,0.13288405537605286,826.5643
7201,0.12867307662963867,0.12867307662963867,0.1628561168909073,0.1328452229499817,826.684
7202,0.1286398023366928,0.1286398023366928,0.1628204882144928,0.1328066736459732,826.8051
7203,0.12860675156116486,0.12860675156116486,0.1627844274044037,0.13276781141757965,826.9257
7204,0.12857341766357422,0.12857341766357422,0.16274955868721008,0.13273002207279205,827.0457
7205,0.12854048609733582,0.12854048609733582,0.16271421313285828,0.1326918601989746,827.1659
7206,0.12850713729858398,0.12850713729858398,0.16267850995063782,0.13265326619148254,827.2841
7207,0.1284743845462799,0.1284743845462799,0.16264311969280243,0.13261494040489197,827.4017
7208,0.12844133377075195,0.12844133377075195,0.16260682046413422,0.1325758993625641,827.5448
7209,0.128408282995224,0.128408282995224,0.1625724583864212,0.1325385868549347,827.6744
7210,0.12837523221969604,0.12837523221969604,0.16253662109375,0.13249994814395905,827.7925
7211,0.12834247946739197,0.12834247946739197,0.16250064969062805,0.13246116042137146,827.9102
7212,0.12830956280231476,0.12830956280231476,0.16246753931045532,0.13242506980895996,828.0336
7213,0.12827670574188232,0.12827670574188232,0.1624312400817871,0.13238604366779327,828.1592
7214,0.1282438486814499,0.1282438486814499,0.16239520907402039,0.13234716653823853,828.2822
7215,0.12821105122566223,0.12821105122566223,0.16236059367656708,0.13230963051319122,828.4057
7216,0.12817838788032532,0.12817838788032532,0.16232602298259735,0.13227221369743347,828.527
7217,0.12814545631408691,0.12814545631408691,0.16229009628295898,0.13223358988761902,828.6424
7218,0.1281128227710724,0.1281128227710724,0.16225485503673553,0.132195383310318,828.7649
7219,0.12808015942573547,0.12808015942573547,0.16222073137760162,0.13215824961662292,828.8843
7220,0.12804773449897766,0.12804773449897766,0.16218510270118713,0.13211996853351593,829.0045
7221,0.12801513075828552,0.12801513075828552,0.16215038299560547,0.13208237290382385,829.1227
7222,0.1279827356338501,0.1279827356338501,0.16211538016796112,0.13204464316368103,829.2378
7223,0.12795022130012512,0.12795022130012512,0.16208061575889587,0.13200689852237701,829.3604
7224,0.12791773676872253,0.12791773676872253,0.16204623878002167,0.13196969032287598,829.4796
7225,0.12788502871990204,0.12788502871990204,0.16201171278953552,0.1319323033094406,829.5946
7226,0.12785270810127258,0.12785270810127258,0.16197757422924042,0.13189545273780823,829.7104
7227,0.12782049179077148,0.12782049179077148,0.16194219887256622,0.1318572461605072,829.8303
7228,0.12778815627098083,0.12778815627098083,0.16190730035305023,0.13181954622268677,829.9517
7229,0.12775583565235138,0.12775583565235138,0.1618727743625641,0.1317821443080902,830.071
7230,0.12772373855113983,0.12772373855113983,0.1618386059999466,0.13174505531787872,830.193
7231,0.12769131362438202,0.12769131362438202,0.16180367767810822,0.1317073404788971,830.313
7232,0.12765921652317047,0.12765921652317047,0.16176855564117432,0.1316695213317871,830.4383
7233,0.1276269555091858,0.1276269555091858,0.1617347002029419,0.13163281977176666,830.5628
7234,0.12759487330913544,0.12759487330913544,0.16170033812522888,0.1315954625606537,830.684
7235,0.12756291031837463,0.12756291031837463,0.16166433691978455,0.13155683875083923,830.7993
7236,0.1275305300951004,0.1275305300951004,0.1616327464580536,0.1315222978591919,830.9203
7237,0.1274985820055008,0.1274985820055008,0.16159741580486298,0.1314842253923416,831.0408
7238,0.12746645510196686,0.12746645510196686,0.16156235337257385,0.1314462423324585,831.1678
7239,0.12743473052978516,0.12743473052978516,0.16152912378311157,0.13141024112701416,831.2889
7240,0.12740281224250793,0.12740281224250793,0.161495178937912,0.13137367367744446,831.4081
7241,0.127370685338974,0.127370685338974,0.16145995259284973,0.13133558630943298,831.5272
7242,0.12733875215053558,0.12733875215053558,0.16142582893371582,0.13129858672618866,831.6477
7243,0.1273072063922882,0.1273072063922882,0.16139183938503265,0.13126185536384583,831.7671
7244,0.12727531790733337,0.12727531790733337,0.16135844588279724,0.1312255859375,831.8879
7245,0.12724347412586212,0.12724347412586212,0.16132359206676483,0.13118797540664673,832.0068
7246,0.12721170485019684,0.12721170485019684,0.16128981113433838,0.13115130364894867,832.1248
7247,0.12717992067337036,0.12717992067337036,0.16125597059726715,0.13111476600170135,832.2441
7248,0.12714844942092896,0.12714844942092896,0.16122186183929443,0.13107779622077942,832.3638
7249,0.1271168291568756,0.1271168291568756,0.16118773818016052,0.13104085624217987,832.4844
7250,0.12708505988121033,0.12708505988121033,0.1611546277999878,0.13100497424602509,832.6036
7251,0.12705358862876892,0.12705358862876892,0.16112038493156433,0.13096800446510315,832.726
7252,0.12702205777168274,0.12702205777168274,0.16108712553977966,0.13093189895153046,832.8537
7253,0.12699076533317566,0.12699076533317566,0.16105329990386963,0.13089527189731598,832.9708
7254,0.12695914506912231,0.12695914506912231,0.16101963818073273,0.13085877895355225,833.0931
7255,0.12692749500274658,0.12692749500274658,0.16098591685295105,0.13082237541675568,833.2053
7256,0.12689611315727234,0.12689611315727234,0.16095256805419922,0.13078631460666656,833.3223
7257,0.1268647015094757,0.1268647015094757,0.1609186828136444,0.13074955344200134,833.4437
7258,0.12683318555355072,0.12683318555355072,0.16088441014289856,0.13071253895759583,833.5678
7259,0.126801997423172,0.126801997423172,0.16085171699523926,0.1306770145893097,833.6872
7260,0.12677070498466492,0.12677070498466492,0.16081734001636505,0.13063986599445343,833.8069
7261,0.12673938274383545,0.12673938274383545,0.160783588886261,0.1306033581495285,833.9226
7262,0.12670835852622986,0.12670835852622986,0.16075126826763153,0.13056816160678864,834.0408
7263,0.12667734920978546,0.12667734920978546,0.16071727871894836,0.13053147494792938,834.1619
7264,0.12664595246315002,0.12664595246315002,0.16068455576896667,0.13049593567848206,834.2818
7265,0.12661489844322205,0.12661489844322205,0.16065171360969543,0.1304602473974228,834.4006
7266,0.12658356130123138,0.12658356130123138,0.16061720252037048,0.13042303919792175,834.5231
7267,0.12655267119407654,0.12655267119407654,0.1605844497680664,0.1303875744342804,834.6473
7268,0.12652184069156647,0.12652184069156647,0.16055235266685486,0.13035261631011963,834.7668
7269,0.12649066746234894,0.12649066746234894,0.1605178862810135,0.13031549751758575,834.8872
7270,0.1264597624540329,0.1264597624540329,0.16048449277877808,0.13027939200401306,835.0076
7271,0.12642863392829895,0.12642863392829895,0.1604524701833725,0.13024450838565826,835.1268
7272,0.12639784812927246,0.12639784812927246,0.1604192703962326,0.13020867109298706,835.2501
7273,0.12636688351631165,0.12636688351631165,0.16038554906845093,0.13017216324806213,835.3742
7274,0.12633608281612396,0.12633608281612396,0.16035303473472595,0.13013668358325958,835.5004
7275,0.12630513310432434,0.12630513310432434,0.16032002866268158,0.1301010549068451,835.6256
7276,0.12627451121807098,0.12627451121807098,0.1602865606546402,0.13006481528282166,835.7458
7277,0.1262435019016266,0.1262435019016266,0.16025397181510925,0.13002948462963104,835.8634
7278,0.1262131631374359,0.1262131631374359,0.16022077202796936,0.12999345362186432,835.9862
7279,0.12618236243724823,0.12618236243724823,0.16018828749656677,0.12995827198028564,836.1053
7280,0.12615172564983368,0.12615172564983368,0.16015565395355225,0.12992295622825623,836.2216
7281,0.12612123787403107,0.12612123787403107,0.16012322902679443,0.12988777458667755,836.3465
7282,0.12609025835990906,0.12609025835990906,0.1600901335477829,0.1298520565032959,836.4661
7283,0.12605980038642883,0.12605980038642883,0.16005761921405792,0.1298166960477829,836.5973
7284,0.12602922320365906,0.12602922320365906,0.16002511978149414,0.12978143990039825,836.749
7285,0.12599869072437286,0.12599869072437286,0.1599918156862259,0.1297455132007599,836.9253
7286,0.12596845626831055,0.12596845626831055,0.15995922684669495,0.12971018254756927,837.0812
7287,0.1259378343820572,0.1259378343820572,0.15992701053619385,0.12967512011528015,837.2393
7288,0.1259077489376068,0.1259077489376068,0.15989485383033752,0.12964022159576416,837.4014
7289,0.12587697803974152,0.12587697803974152,0.1598614752292633,0.12960410118103027,837.5424
7290,0.1258467137813568,0.1258467137813568,0.15982963144779205,0.12956947088241577,837.6741
7291,0.12581634521484375,0.12581634521484375,0.1597973108291626,0.12953443825244904,837.8072
7292,0.12578603625297546,0.12578603625297546,0.15976430475711823,0.12949879467487335,837.9317
7293,0.12575574219226837,0.12575574219226837,0.15973256528377533,0.1294643133878708,838.0612
7294,0.12572558224201202,0.12572558224201202,0.15970094501972198,0.1294299066066742,838.1963
7295,0.12569542229175568,0.12569542229175568,0.1596679389476776,0.12939421832561493,838.3207
7296,0.1256650984287262,0.1256650984287262,0.15963557362556458,0.1293591558933258,838.4431
7297,0.12563510239124298,0.12563510239124298,0.15960417687892914,0.1293250322341919,838.5613
7298,0.12560492753982544,0.12560492753982544,0.15957142412662506,0.12928959727287292,838.6842
7299,0.12557485699653625,0.12557485699653625,0.15953877568244934,0.12925413250923157,838.8048
7300,0.12554489076137543,0.12554489076137543,0.15950748324394226,0.1292201280593872,838.9257
7301,0.12551501393318176,0.12551501393318176,0.15947496891021729,0.1291847974061966,839.0499
7302,0.12548470497131348,0.12548470497131348,0.15944187343120575,0.12914903461933136,839.1703
7303,0.12545478343963623,0.12545478343963623,0.15941163897514343,0.1291160136461258,839.2882
7304,0.12542478740215302,0.12542478740215302,0.15937869250774384,0.1290806531906128,839.4057
7305,0.12539497017860413,0.12539497017860413,0.15934717655181885,0.12904641032218933,839.5302
7306,0.1253652572631836,0.1253652572631836,0.15931566059589386,0.12901198863983154,839.6563
7307,0.1253354847431183,0.1253354847431183,0.1592825949192047,0.12897638976573944,839.8754
7308,0.12530550360679626,0.12530550360679626,0.15925195813179016,0.1289430409669876,839.9918
7309,0.1252755969762802,0.1252755969762802,0.15921998023986816,0.12890827655792236,840.1103
7310,0.12524592876434326,0.12524592876434326,0.15918652713298798,0.1288721114397049,840.236
7311,0.1252162754535675,0.1252162754535675,0.15915535390377045,0.12883827090263367,840.3565
7312,0.12518644332885742,0.12518644332885742,0.15912458300590515,0.1288047730922699,840.4794
7313,0.12515667080879211,0.12515667080879211,0.15909183025360107,0.1287693977355957,840.6024
7314,0.1251273900270462,0.1251273900270462,0.15906086564064026,0.12873561680316925,840.7327
7315,0.12509770691394806,0.12509770691394806,0.15903055667877197,0.12870267033576965,840.8655
7316,0.12506787478923798,0.12506787478923798,0.15899768471717834,0.12866708636283875,840.9887
7317,0.1250387728214264,0.1250387728214264,0.15896716713905334,0.12863388657569885,841.1046
7318,0.12500889599323273,0.12500889599323273,0.15893548727035522,0.12859949469566345,841.2308
7319,0.12497945874929428,0.12497945874929428,0.1589023768901825,0.1285638064146042,841.3546
7320,0.12495019286870956,0.12495019286870956,0.1588725596666336,0.12853117287158966,841.4765
7321,0.12492071092128754,0.12492071092128754,0.1588408648967743,0.12849681079387665,841.5966
7322,0.12489098310470581,0.12489098310470581,0.15880855917930603,0.12846192717552185,841.7188
7323,0.12486173957586288,0.12486173957586288,0.1587776392698288,0.12842829525470734,841.8386
7324,0.12483243644237518,0.12483243644237518,0.15874633193016052,0.12839433550834656,841.9587
7325,0.12480318546295166,0.12480318546295166,0.15871486067771912,0.12836021184921265,842.0814
7326,0.12477396428585052,0.12477396428585052,0.15868379175662994,0.1283264011144638,842.2033
7327,0.12474473565816879,0.12474473565816879,0.15865230560302734,0.1282922476530075,842.3315
7328,0.12471552938222885,0.12471552938222885,0.15862195193767548,0.12825916707515717,842.4781
7329,0.12468641996383667,0.12468641996383667,0.15858951210975647,0.1282239854335785,842.6065
7330,0.12465716898441315,0.12465716898441315,0.15855953097343445,0.12819144129753113,842.7371
7331,0.12462802231311798,0.12462802231311798,0.15852776169776917,0.1281570941209793,842.8825
7332,0.12459905445575714,0.12459905445575714,0.15849658846855164,0.1281232088804245,843.0356
7333,0.12456975877285004,0.12456975877285004,0.1584659218788147,0.12808987498283386,843.1797
7334,0.12454061210155487,0.12454061210155487,0.15843485295772552,0.1280560940504074,843.5141
7335,0.12451164424419403,0.12451164424419403,0.1584039181470871,0.12802250683307648,843.7231
7336,0.12448258697986603,0.12448258697986603,0.15837359428405762,0.1279894858598709,843.8698
7337,0.12445349991321564,0.12445349991321564,0.158342644572258,0.12795588374137878,844.0136
7338,0.12442467361688614,0.12442467361688614,0.1583113968372345,0.12792201340198517,844.1445
7339,0.12439578771591187,0.12439578771591187,0.15828129649162292,0.12788920104503632,844.2707
7340,0.12436676025390625,0.12436676025390625,0.1582498848438263,0.12785515189170837,844.4004
7341,0.12433803081512451,0.12433803081512451,0.15821854770183563,0.1278211772441864,844.5249
7342,0.12430915981531143,0.12430915981531143,0.15818817913532257,0.12778814136981964,844.6481
7343,0.12428063154220581,0.12428063154220581,0.15815696120262146,0.1277543604373932,844.7729
7344,0.12425166368484497,0.12425166368484497,0.158126562833786,0.12772122025489807,844.8967
7345,0.12422312796115875,0.12422312796115875,0.15809673070907593,0.12768873572349548,845.021
7346,0.12419412285089493,0.12419412285089493,0.1580653190612793,0.1276548057794571,845.1466
7347,0.12416549772024155,0.12416549772024155,0.15803579986095428,0.12762252986431122,845.2719
7348,0.12413688004016876,0.12413688004016876,0.15800471603870392,0.1275888979434967,845.3907
7349,0.12410837411880493,0.12410837411880493,0.1579735428094864,0.1275550127029419,845.5126
7350,0.12407954037189484,0.12407954037189484,0.1579432487487793,0.1275220513343811,845.6331
7351,0.12405101209878922,0.12405101209878922,0.15791290998458862,0.12748916447162628,845.7579
7352,0.12402238696813583,0.12402238696813583,0.15788313746452332,0.1274566948413849,845.8803
7353,0.12399408966302872,0.12399408966302872,0.157851904630661,0.12742280960083008,846.0048
7354,0.12396557629108429,0.12396557629108429,0.1578226536512375,0.12739086151123047,846.1281
7355,0.12393711507320404,0.12393711507320404,0.15779104828834534,0.12735670804977417,846.2534
7356,0.12390848249197006,0.12390848249197006,0.15776100754737854,0.12732413411140442,846.3786
7357,0.12388010323047638,0.12388010323047638,0.1577305793762207,0.1272909939289093,846.5022
7358,0.12385165691375732,0.12385165691375732,0.1576996147632599,0.12725745141506195,846.6264
7359,0.12382326275110245,0.12382326275110245,0.1576710045337677,0.12722614407539368,846.7514
7360,0.12379501014947891,0.12379501014947891,0.1576409637928009,0.12719348073005676,846.8725
7361,0.12376685440540314,0.12376685440540314,0.15760934352874756,0.12715932726860046,847.0012
7362,0.12373833358287811,0.12373833358287811,0.15758009254932404,0.12712731957435608,847.1204
7363,0.12371033430099487,0.12371033430099487,0.15755096077919006,0.1270955502986908,847.2409
7364,0.12368204444646835,0.12368204444646835,0.15751954913139343,0.12706157565116882,847.3665
7365,0.12365376949310303,0.12365376949310303,0.15749004483222961,0.1270293891429901,847.4897
7366,0.12362589687108994,0.12362589687108994,0.15746009349822998,0.12699690461158752,847.6132
7367,0.1235973984003067,0.1235973984003067,0.15742996335029602,0.12696407735347748,847.7334
7368,0.12356952577829361,0.12356952577829361,0.1574006974697113,0.12693224847316742,847.8521
7369,0.12354149669408798,0.12354149669408798,0.15737038850784302,0.12689921259880066,847.9772
7370,0.1235131248831749,0.1235131248831749,0.15734001994132996,0.12686631083488464,848.0996
7371,0.12348518520593643,0.12348518520593643,0.15731103718280792,0.12683476507663727,848.2578
7372,0.1234574094414711,0.1234574094414711,0.1572813093662262,0.12680235505104065,848.3853
7373,0.12342925369739532,0.12342925369739532,0.1572498083114624,0.12676844000816345,848.5102
7374,0.12340132892131805,0.12340132892131805,0.1572219878435135,0.12673789262771606,848.6364
7375,0.12337315082550049,0.12337315082550049,0.15719129145145416,0.1267046183347702,848.764
7376,0.12334556877613068,0.12334556877613068,0.1571618765592575,0.126672625541687,848.891
7377,0.1233176738023758,0.1233176738023758,0.15713338553905487,0.12664130330085754,849.0143
7378,0.12328968942165375,0.12328968942165375,0.1571020781993866,0.1266075074672699,849.1378
7379,0.12326212227344513,0.12326212227344513,0.15707296133041382,0.12657570838928223,849.2601
7380,0.12323429435491562,0.12323429435491562,0.15704333782196045,0.12654367089271545,849.384
7381,0.12320636212825775,0.12320636212825775,0.15701375901699066,0.12651145458221436,849.5093
7382,0.12317860126495361,0.12317860126495361,0.15698471665382385,0.12647980451583862,849.6333
7383,0.12315090000629425,0.12315090000629425,0.15695452690124512,0.1264471709728241,849.7578
7384,0.12312333285808563,0.12312333285808563,0.15692676603794098,0.12641659379005432,849.8817
7385,0.12309564650058746,0.12309564650058746,0.15689623355865479,0.12638358771800995,850.02
7386,0.1230679526925087,0.1230679526925087,0.15686659514904022,0.12635132670402527,850.1624
7387,0.12304060161113739,0.12304060161113739,0.15683797001838684,0.12632009387016296,850.2899
7388,0.12301301956176758,0.12301301956176758,0.1568080633878708,0.12628760933876038,850.4127
7389,0.12298526614904404,0.12298526614904404,0.15677867829799652,0.12625561654567719,850.5345
7390,0.12295784801244736,0.12295784801244736,0.15674988925457,0.1262243241071701,850.6561
7391,0.12293026596307755,0.12293026596307755,0.15671996772289276,0.12619183957576752,850.7781
7392,0.12290267646312714,0.12290267646312714,0.15669159591197968,0.1261608898639679,850.9027
7393,0.12287542968988419,0.12287542968988419,0.15666183829307556,0.12612853944301605,851.0254
7394,0.12284799665212631,0.12284799665212631,0.1566331833600998,0.12609727680683136,851.1484
7395,0.12282057851552963,0.12282057851552963,0.1566038578748703,0.12606535851955414,851.2716
7396,0.12279317528009415,0.12279317528009415,0.1565745323896408,0.12603339552879333,851.3932
7397,0.12276603281497955,0.12276603281497955,0.15654601156711578,0.12600228190422058,851.515
7398,0.12273840606212616,0.12273840606212616,0.15651725232601166,0.1259710192680359,851.6355
7399,0.12271125614643097,0.12271125614643097,0.15648800134658813,0.1259392499923706,851.758
7400,0.12268388271331787,0.12268388271331787,0.15645846724510193,0.12590718269348145,851.8791
7401,0.12265682220458984,0.12265682220458984,0.15643024444580078,0.12587633728981018,851.9991
7402,0.12262959778308868,0.12262959778308868,0.15640056133270264,0.12584419548511505,852.1237
7403,0.12260254472494125,0.12260254472494125,0.15637223422527313,0.1258133053779602,852.2396
7404,0.1225753054022789,0.1225753054022789,0.1563427448272705,0.1257811039686203,852.3636
7405,0.12254828214645386,0.12254828214645386,0.156314879655838,0.1257506161928177,852.4858
7406,0.12252110242843628,0.12252110242843628,0.15628531575202942,0.12571868300437927,852.6145
7407,0.12249374389648438,0.12249374389648438,0.15625762939453125,0.12568823993206024,852.7358
7408,0.12246687710285187,0.12246687710285187,0.15622805058956146,0.12565629184246063,852.8571
7409,0.12243976444005966,0.12243976444005966,0.1561991423368454,0.1256248652935028,852.9795
7410,0.12241286039352417,0.12241286039352417,0.15617144107818604,0.1255945861339569,853.1005
7411,0.12238585948944092,0.12238585948944092,0.15614160895347595,0.1255621612071991,853.2239
7412,0.12235884368419647,0.12235884368419647,0.15611346065998077,0.12553144991397858,853.3469
7413,0.12233223021030426,0.12233223021030426,0.15608522295951843,0.12550058960914612,853.4703
7414,0.12230511009693146,0.12230511009693146,0.15605612099170685,0.12546899914741516,853.5963
7415,0.12227821350097656,0.12227821350097656,0.15602824091911316,0.12543854117393494,853.7167
7416,0.12225130945444107,0.12225130945444107,0.15600070357322693,0.12540845572948456,853.8364
7417,0.12222454696893692,0.12222454696893692,0.1559711992740631,0.12537652254104614,853.9592
7418,0.1221979483962059,0.1221979483962059,0.15594294667243958,0.1253456175327301,854.085
7419,0.1221708431839943,0.1221708431839943,0.15591557323932648,0.12531563639640808,854.2073
7420,0.1221441775560379,0.1221441775560379,0.15588553249835968,0.1252831518650055,854.3275
7421,0.12211751937866211,0.12211751937866211,0.1558574140071869,0.12525248527526855,854.45
7422,0.1220909133553505,0.1220909133553505,0.15583012998104095,0.1252225637435913,854.5725
7423,0.12206421792507172,0.12206421792507172,0.1557997316122055,0.12518969178199768,854.6969
7424,0.12203750759363174,0.12203750759363174,0.15577332675457,0.12516076862812042,854.8214
7425,0.12201094627380371,0.12201094627380371,0.1557454913854599,0.12513050436973572,854.9444
7426,0.12198414653539658,0.12198414653539658,0.15571622550487518,0.12509870529174805,855.0702
7427,0.12195763736963272,0.12195763736963272,0.15568873286247253,0.1250685751438141,855.1977
7428,0.12193123996257782,0.12193123996257782,0.15566077828407288,0.1250379979610443,855.32
7429,0.12190474569797516,0.12190474569797516,0.1556306779384613,0.1250055879354477,855.4433
7430,0.12187814712524414,0.12187814712524414,0.155604749917984,0.1249769777059555,855.5657
7431,0.12185172736644745,0.12185172736644745,0.15557512640953064,0.12494494765996933,855.6834
7432,0.12182526290416718,0.12182526290416718,0.15554754436016083,0.12491482496261597,855.8038
7433,0.12179861217737198,0.12179861217737198,0.15551972389221191,0.12488444894552231,855.9266
7434,0.12177232652902603,0.12177232652902603,0.15549123287200928,0.12485356628894806,856.0492
7435,0.12174610793590546,0.12174610793590546,0.15546450018882751,0.12482427060604095,856.1713
7436,0.12171974033117294,0.12171974033117294,0.15543587505817413,0.1247931718826294,856.2923
7437,0.12169356644153595,0.12169356644153595,0.15540853142738342,0.12476327270269394,856.4129
7438,0.12166719138622284,0.12166719138622284,0.15538130700588226,0.12473336607217789,856.5341
7439,0.12164084613323212,0.12164084613323212,0.1553521752357483,0.12470177561044693,856.6543
7440,0.1216142326593399,0.1216142326593399,0.155325248837471,0.12467239052057266,856.7804
7441,0.12158830463886261,0.12158830463886261,0.15529659390449524,0.12464132159948349,856.9027
7442,0.12156227976083755,0.12156227976083755,0.1552688330411911,0.12461091578006744,857.0249
7443,0.12153591215610504,0.12153591215610504,0.1552414447069168,0.1245810016989708,857.1482
7444,0.12150963395833969,0.12150963395833969,0.15521402657032013,0.1245512142777443,857.2742
7445,0.12148366123437881,0.12148366123437881,0.1551860272884369,0.1245206817984581,857.4073
7446,0.12145768105983734,0.12145768105983734,0.15515835583209991,0.12449042499065399,857.5325
7447,0.12143164873123169,0.12143164873123169,0.15513083338737488,0.1244603618979454,857.6588
7448,0.12140543758869171,0.12140543758869171,0.1551031619310379,0.12443028390407562,857.7828
7449,0.12137935310602188,0.12137935310602188,0.15507635474205017,0.12440095096826553,857.9154
7450,0.12135352194309235,0.12135352194309235,0.15504880249500275,0.12437097728252411,858.0402
7451,0.12132743746042252,0.12132743746042252,0.1550203114748001,0.12434007227420807,858.1604
7452,0.12130153179168701,0.12130153179168701,0.15499421954154968,0.12431125342845917,858.2833
7453,0.12127558887004852,0.12127558887004852,0.15496528148651123,0.12427997589111328,858.4054
7454,0.12124969065189362,0.12124969065189362,0.15493886172771454,0.12425103038549423,858.5276
7455,0.1212238222360611,0.1212238222360611,0.15491172671318054,0.12422142922878265,858.6526
7456,0.12119779735803604,0.12119779735803604,0.15488319098949432,0.12419041246175766,858.7741
7457,0.12117204815149307,0.12117204815149307,0.15485696494579315,0.12416152656078339,858.8974
7458,0.12114626169204712,0.12114626169204712,0.15482935309410095,0.12413153797388077,859.0241
7459,0.12112046778202057,0.12112046778202057,0.15480180084705353,0.12410161644220352,859.153
7460,0.12109474837779999,0.12109474837779999,0.15477588772773743,0.12407305091619492,859.2769
7461,0.12106897681951523,0.12106897681951523,0.15474623441696167,0.12404104322195053,859.4007
7462,0.12104330956935883,0.12104330956935883,0.1547209471464157,0.12401324510574341,859.5213
7463,0.12101757526397705,0.12101757526397705,0.15469437837600708,0.12398415803909302,859.6438
7464,0.12099190801382065,0.12099190801382065,0.15466421842575073,0.12395159900188446,859.7693
7465,0.1209661215543747,0.1209661215543747,0.1546396017074585,0.12392433732748032,859.894
7466,0.12094052135944366,0.12094052135944366,0.1546119749546051,0.1238943561911583,860.0226
7467,0.12091515213251114,0.12091515213251114,0.15458406507968903,0.12386398017406464,860.1455
7468,0.12088941037654877,0.12088941037654877,0.15455898642539978,0.12383632361888885,860.267
7469,0.12086399644613266,0.12086399644613266,0.1545301377773285,0.12380524724721909,860.3894
7470,0.1208382099866867,0.1208382099866867,0.15450458228588104,0.12377705425024033,860.5128
7471,0.1208128109574318,0.1208128109574318,0.15447787940502167,0.12374784797430038,860.6409
7472,0.12078730016946793,0.12078730016946793,0.15444955229759216,0.12371712923049927,860.7642
7473,0.12076190859079361,0.12076190859079361,0.15442383289337158,0.12368889153003693,860.8824
7474,0.12073653936386108,0.12073653936386108,0.15439604222774506,0.12365871667861938,861.0041
7475,0.12071116268634796,0.12071116268634796,0.15436951816082,0.12362978607416153,861.1249
7476,0.1206856518983841,0.1206856518983841,0.1543435901403427,0.12360130250453949,861.2483
7477,0.12066023051738739,0.12066023051738739,0.1543159782886505,0.1235712543129921,861.3688
7478,0.12063483893871307,0.12063483893871307,0.15428976714611053,0.12354259192943573,861.4912
7479,0.12060947716236115,0.12060947716236115,0.1542639434337616,0.12351427227258682,861.6142
7480,0.12058447301387787,0.12058447301387787,0.15423548221588135,0.12348337471485138,861.7365
7481,0.12055907398462296,0.12055907398462296,0.15421052277088165,0.12345582246780396,861.8568
7482,0.12053368985652924,0.12053368985652924,0.15418270230293274,0.12342569977045059,861.9784
7483,0.12050861120223999,0.12050861120223999,0.1541561782360077,0.12339676916599274,862.1085
7484,0.12048324197530746,0.12048324197530746,0.15412995219230652,0.12336798757314682,862.2337
7485,0.1204579621553421,0.1204579621553421,0.15410222113132477,0.12333796173334122,862.3538
7486,0.12043306976556778,0.12043306976556778,0.1540772020816803,0.12331042438745499,862.4804
7487,0.12040786445140839,0.12040786445140839,0.15404970943927765,0.12328056991100311,862.6041
7488,0.12038277089595795,0.12038277089595795,0.15402400493621826,0.1232522502541542,862.7284
7489,0.12035775184631348,0.12035775184631348,0.15399689972400665,0.12322275340557098,862.8541
7490,0.12033255398273468,0.12033255398273468,0.15397071838378906,0.12319408357143402,862.9791
7491,0.12030786275863647,0.12030786275863647,0.15394452214241028,0.12316546589136124,863.101
7492,0.12028272449970245,0.12028272449970245,0.15391755104064941,0.12313617765903473,863.2315
7493,0.12025753408670425,0.12025753408670425,0.15389227867126465,0.12310840934515,863.3592
7494,0.12023277580738068,0.12023277580738068,0.1538645476102829,0.1230783686041832,863.483
7495,0.12020751088857651,0.12020751088857651,0.15383990108966827,0.12305114418268204,863.6048
7496,0.1201828271150589,0.1201828271150589,0.1538134515285492,0.12302229553461075,863.7301
7497,0.12015803158283234,0.12015803158283234,0.15378589928150177,0.12299244105815887,863.8524
7498,0.1201329454779625,0.1201329454779625,0.15376128256320953,0.12296517193317413,863.9766
7499,0.12010814994573593,0.12010814994573593,0.15373454988002777,0.12293608486652374,864.2044
7500,0.12008330971002579,0.12008330971002579,0.15370754897594452,0.12290672212839127,864.3219
7501,0.12005861103534698,0.12005861103534698,0.15368299186229706,0.12287978827953339,864.4446
7502,0.12003403902053833,0.12003403902053833,0.15365548431873322,0.12284982204437256,864.57
7503,0.12000882625579834,0.12000882625579834,0.15362927317619324,0.12282116711139679,864.7
7504,0.11998417228460312,0.11998417228460312,0.15360493957996368,0.1227942705154419,864.8233
7505,0.11995973438024521,0.11995973438024521,0.15357574820518494,0.12276294082403183,864.9524
7506,0.11993475258350372,0.11993475258350372,0.15355277061462402,0.12273731082677841,865.0803
7507,0.11991006135940552,0.11991006135940552,0.1535263955593109,0.1227085217833519,865.203
7508,0.11988548189401627,0.11988548189401627,0.15349838137626648,0.12267831712961197,865.3251
7509,0.11986081302165985,0.11986081302165985,0.1534760296344757,0.12265334278345108,865.4459
7510,0.11983606964349747,0.11983606964349747,0.15344765782356262,0.12262269109487534,865.5706
7511,0.11981155723333359,0.11981155723333359,0.1534220427274704,0.12259460985660553,865.6963
7512,0.11978697776794434,0.11978697776794434,0.1533980518579483,0.12256813049316406,865.8213
7513,0.11976253986358643,0.11976253986358643,0.1533692181110382,0.12253711372613907,865.9441
7514,0.1197378858923912,0.1197378858923912,0.15334536135196686,0.1225106492638588,866.0676
7515,0.11971347033977509,0.11971347033977509,0.1533200889825821,0.1224830374121666,866.1949
7516,0.11968891322612762,0.11968891322612762,0.15329253673553467,0.12245317548513412,866.3191
7517,0.1196645051240921,0.1196645051240921,0.15326866507530212,0.1224268227815628,866.4441
7518,0.1196400374174118,0.1196400374174118,0.15324173867702484,0.1223975196480751,866.5682
7519,0.11961577087640762,0.11961577087640762,0.15321624279022217,0.12236950546503067,866.6927
7520,0.11959145218133926,0.11959145218133926,0.1531912386417389,0.1223420724272728,866.817
7521,0.11956683546304703,0.11956683546304703,0.15316486358642578,0.12231343984603882,866.9409
7522,0.11954255402088165,0.11954255402088165,0.15313999354839325,0.1222861036658287,867.0667
7523,0.11951842159032822,0.11951842159032822,0.15311485528945923,0.1222585067152977,867.1897
7524,0.11949416249990463,0.11949416249990463,0.1530892550945282,0.12223069369792938,867.3152
7525,0.11946962773799896,0.11946962773799896,0.15306326746940613,0.12220227718353271,867.4399
7526,0.11944568157196045,0.11944568157196045,0.1530381441116333,0.12217481434345245,867.5651
7527,0.11942112445831299,0.11942112445831299,0.15301291644573212,0.12214706838130951,867.6879
7528,0.11939699947834015,0.11939699947834015,0.15298613905906677,0.12211797386407852,867.8078
7529,0.11937272548675537,0.11937272548675537,0.1529618799686432,0.12209127098321915,867.9313
7530,0.11934846639633179,0.11934846639633179,0.15293557941913605,0.12206266075372696,868.055
7531,0.11932425200939178,0.11932425200939178,0.15291181206703186,0.12203633785247803,868.1782
7532,0.1193004697561264,0.1193004697561264,0.15288615226745605,0.12200846523046494,868.3005
7533,0.11927624046802521,0.11927624046802521,0.15286007523536682,0.12197990715503693,868.4222
7534,0.11925218999385834,0.11925218999385834,0.15283596515655518,0.12195340543985367,868.5453
7535,0.11922820657491684,0.11922820657491684,0.15280942618846893,0.12192471325397491,868.6686
7536,0.11920404434204102,0.11920404434204102,0.15278510749340057,0.1218978762626648,868.7931
7537,0.11918018758296967,0.11918018758296967,0.15275923907756805,0.1218695193529129,868.9158
7538,0.11915583908557892,0.11915583908557892,0.15273332595825195,0.12184157222509384,869.0348
7539,0.1191321611404419,0.1191321611404419,0.1527111530303955,0.12181669473648071,869.1498
7540,0.11910822242498398,0.11910822242498398,0.15268202126026154,0.12178536504507065,869.267
7541,0.11908421665430069,0.11908421665430069,0.15266022086143494,0.12176106870174408,869.3884
7542,0.11906038224697113,0.11906038224697113,0.15263506770133972,0.12173376232385635,869.5175
7543,0.11903639137744904,0.11903639137744904,0.152608260512352,0.12170445919036865,869.6375
7544,0.11901255697011948,0.11901255697011948,0.15258535742759705,0.12167910486459732,869.7591
7545,0.11898861080408096,0.11898861080408096,0.15255962312221527,0.12165111303329468,869.8809
7546,0.11896494776010513,0.11896494776010513,0.15253329277038574,0.12162252515554428,870.0028
7547,0.1189410537481308,0.1189410537481308,0.1525103747844696,0.1215970516204834,870.1251
7548,0.11891724169254303,0.11891724169254303,0.1524832397699356,0.12156765162944794,870.2444
7549,0.11889352649450302,0.11889352649450302,0.15245887637138367,0.12154090404510498,870.3716
7550,0.11886969953775406,0.11886969953775406,0.1524353325366974,0.12151485681533813,870.4982
7551,0.11884592473506927,0.11884592473506927,0.15240861475467682,0.12148600816726685,870.6273
7552,0.11882227659225464,0.11882227659225464,0.1523863822221756,0.12146129459142685,870.7555
7553,0.1187986508011818,0.1187986508011818,0.15235967934131622,0.12143228948116302,870.8756
7554,0.11877493560314178,0.11877493560314178,0.1523362249135971,0.12140639871358871,871.0006
7555,0.1187514215707779,0.1187514215707779,0.1523112803697586,0.12137917429208755,871.1241
7556,0.11872782558202744,0.11872782558202744,0.15228529274463654,0.12135100364685059,871.251
7557,0.11870411783456802,0.11870411783456802,0.15226273238658905,0.12132592499256134,871.373
7558,0.11868065595626831,0.11868065595626831,0.15223628282546997,0.12129716575145721,871.4972
7559,0.11865682899951935,0.11865682899951935,0.15221209824085236,0.12127067893743515,871.6186
7560,0.11863361299037933,0.11863361299037933,0.15218870341777802,0.12124494463205338,871.745
7561,0.1186099499464035,0.1186099499464035,0.15216213464736938,0.12121610343456268,871.8656
7562,0.11858652532100677,0.11858652532100677,0.1521380990743637,0.12118969112634659,871.9868
7563,0.11856316030025482,0.11856316030025482,0.1521153450012207,0.12116430699825287,872.111
7564,0.11853954941034317,0.11853954941034317,0.1520867496728897,0.12113378196954727,872.2374
7565,0.1185159906744957,0.1185159906744957,0.15206648409366608,0.12111097574234009,872.377
7566,0.11849261820316315,0.11849261820316315,0.15204036235809326,0.12108254432678223,872.5036
7567,0.11846937984228134,0.11846937984228134,0.15201517939567566,0.12105512619018555,872.6334
7568,0.11844585835933685,0.11844585835933685,0.15199311077594757,0.12103060632944107,872.762
7569,0.11842262744903564,0.11842262744903564,0.15196678042411804,0.12100205570459366,872.8908
7570,0.11839940398931503,0.11839940398931503,0.15194326639175415,0.12097611278295517,873.0204
7571,0.11837587505578995,0.11837587505578995,0.15191960334777832,0.1209501400589943,873.1459
7572,0.11835269629955292,0.11835269629955292,0.15189318358898163,0.1209215372800827,873.2677
7573,0.11832952499389648,0.11832952499389648,0.15187104046344757,0.12089679390192032,873.3892
7574,0.11830649524927139,0.11830649524927139,0.15184521675109863,0.12086884677410126,873.5096
7575,0.11828309297561646,0.11828309297561646,0.15182216465473175,0.12084341049194336,873.637
7576,0.11825990676879883,0.11825990676879883,0.15179766714572906,0.12081661075353622,873.7596
7577,0.11823643743991852,0.11823643743991852,0.15177211165428162,0.12078876793384552,873.8786
7578,0.11821334064006805,0.11821334064006805,0.15175031125545502,0.12076449394226074,874.0008
7579,0.11819040775299072,0.11819040775299072,0.15172454714775085,0.12073661386966705,874.1235
7580,0.11816725879907608,0.11816725879907608,0.1517007052898407,0.12071041762828827,874.2453
7581,0.11814409494400024,0.11814409494400024,0.15167780220508575,0.12068512290716171,874.3708
7582,0.1181209459900856,0.1181209459900856,0.15165287256240845,0.12065784633159637,874.4917
7583,0.11809787899255753,0.11809787899255753,0.15162913501262665,0.12063181400299072,874.6159
7584,0.11807485669851303,0.11807485669851303,0.15160542726516724,0.12060582637786865,874.7409
7585,0.11805188655853271,0.11805188655853271,0.15158122777938843,0.12057937681674957,874.8645
7586,0.11802877485752106,0.11802877485752106,0.15155735611915588,0.12055323272943497,874.9858
7587,0.1180058941245079,0.1180058941245079,0.15153296291828156,0.12052638828754425,875.1082
7588,0.11798284947872162,0.11798284947872162,0.1515086442232132,0.12049980461597443,875.2324
7589,0.11796015501022339,0.11796015501022339,0.15148591995239258,0.12047483026981354,875.3504
7590,0.11793706566095352,0.11793706566095352,0.15146136283874512,0.12044801563024521,875.4754
7591,0.11791428178548813,0.11791428178548813,0.15143747627735138,0.12042176723480225,875.5954
7592,0.11789137125015259,0.11789137125015259,0.1514139622449875,0.12039589881896973,875.7211
7593,0.1178685873746872,0.1178685873746872,0.15139015018939972,0.12036983668804169,875.8448
7594,0.11784559488296509,0.11784559488296509,0.1513667106628418,0.1203441396355629,875.9667
7595,0.1178228110074997,0.1178228110074997,0.1513420045375824,0.1203172355890274,876.091
7596,0.1178000420331955,0.1178000420331955,0.15131929516792297,0.1202923059463501,876.2154
7597,0.11777718365192413,0.11777718365192413,0.15129594504833221,0.12026653438806534,876.3414
7598,0.11775435507297516,0.11775435507297516,0.1512703001499176,0.12023861706256866,876.4653
7599,0.11773169040679932,0.11773169040679932,0.1512487828731537,0.12021468579769135,876.5932
7600,0.11770904064178467,0.11770904064178467,0.151223823428154,0.12018747627735138,876.7243
7601,0.11768628656864166,0.11768628656864166,0.151200070977211,0.12016145884990692,876.8498
7602,0.11766381561756134,0.11766381561756134,0.15117862820625305,0.12013759464025497,876.9736
7603,0.11764071136713028,0.11764071136713028,0.15115253627300262,0.12010948359966278,877.0938
7604,0.11761842668056488,0.11761842668056488,0.1511305272579193,0.12008507549762726,877.2167
7605,0.11759565025568008,0.11759565025568008,0.151107519865036,0.12005971372127533,877.3399
7606,0.11757306754589081,0.11757306754589081,0.1510814130306244,0.12003152072429657,877.4664
7607,0.11755044758319855,0.11755044758319855,0.1510607898235321,0.12000852823257446,877.5895
7608,0.11752784252166748,0.11752784252166748,0.15103666484355927,0.11998210102319717,877.713
7609,0.11750549077987671,0.11750549077987671,0.1510118991136551,0.11995510756969452,877.837
7610,0.11748292297124863,0.11748292297124863,0.15099121630191803,0.11993207782506943,877.9601
7611,0.11746053397655487,0.11746053397655487,0.15096566081047058,0.11990425735712051,878.0828
7612,0.11743791401386261,0.11743791401386261,0.15094313025474548,0.11987942457199097,878.2043
7613,0.11741544306278229,0.11741544306278229,0.150919571518898,0.11985369026660919,878.3263
7614,0.117392897605896,0.117392897605896,0.1508965641260147,0.11982841789722443,878.4484
7615,0.11737062782049179,0.11737062782049179,0.1508733630180359,0.11980293691158295,878.5709
7616,0.1173480749130249,0.1173480749130249,0.15084978938102722,0.11977709829807281,878.6973
7617,0.11732582747936249,0.11732582747936249,0.15082599222660065,0.11975105851888657,878.8261
7618,0.11730322986841202,0.11730322986841202,0.1508048176765442,0.11972756683826447,878.9502
7619,0.11728105694055557,0.11728105694055557,0.15077988803386688,0.11970040947198868,879.07
7620,0.11725866794586182,0.11725866794586182,0.15075698494911194,0.11967521905899048,879.1919
7621,0.11723647266626358,0.11723647266626358,0.15073516964912415,0.1196511760354042,879.313
7622,0.1172141581773758,0.1172141581773758,0.1507100760936737,0.11962392181158066,879.4372
7623,0.11719173192977905,0.11719173192977905,0.15068821609020233,0.11959968507289886,879.5635
7624,0.11716959625482559,0.11716959625482559,0.1506653130054474,0.11957462131977081,879.6891
7625,0.11714742332696915,0.11714742332696915,0.15064075589179993,0.1195480078458786,879.8123
7626,0.11712521314620972,0.11712521314620972,0.1506185382604599,0.11952333152294159,879.9402
7627,0.11710305511951447,0.11710305511951447,0.15059635043144226,0.11949880421161652,880.0691
7628,0.11708079278469086,0.11708079278469086,0.15057189762592316,0.11947224289178848,880.1899
7629,0.11705873161554337,0.11705873161554337,0.15055076777935028,0.11944886296987534,880.3111
7630,0.11703647673130035,0.11703647673130035,0.15052667260169983,0.11942257732152939,880.4372
7631,0.11701425164937973,0.11701425164937973,0.15050284564495087,0.11939656734466553,880.5599
7632,0.1169922798871994,0.1169922798871994,0.15048350393772125,0.11937467008829117,880.683
7633,0.11697034537792206,0.11697034537792206,0.15045678615570068,0.11934588849544525,880.8101
7634,0.11694806814193726,0.11694806814193726,0.1504366099834442,0.11932337284088135,880.9389
7635,0.1169261485338211,0.1169261485338211,0.15041273832321167,0.11929748207330704,881.0613
7636,0.11690410226583481,0.11690410226583481,0.1503896415233612,0.11927203834056854,881.1885
7637,0.11688206344842911,0.11688206344842911,0.15036912262439728,0.11924910545349121,881.3141
7638,0.11686009168624878,0.11686009168624878,0.15034258365631104,0.11922065913677216,881.434
7639,0.11683819442987442,0.11683819442987442,0.1503240168094635,0.11919955164194107,881.5571
7640,0.11681593954563141,0.11681593954563141,0.1502993404865265,0.11917277425527573,881.7776
7641,0.11679432541131973,0.11679432541131973,0.15027573704719543,0.1191469207406044,881.8939
7642,0.11677242815494537,0.11677242815494537,0.15025562047958374,0.11912443488836288,882.0165
7643,0.11675034463405609,0.11675034463405609,0.15023116767406464,0.1190980076789856,882.1408
7644,0.1167285293340683,0.1167285293340683,0.15020880103111267,0.11907343566417694,882.2709
7645,0.11670656502246857,0.11670656502246857,0.15018689632415771,0.11904923617839813,882.3956
7646,0.11668474972248077,0.11668474972248077,0.1501632183790207,0.119023397564888,882.5215
7647,0.11666301637887955,0.11666301637887955,0.15014174580574036,0.1189996749162674,882.644
7648,0.11664114147424698,0.11664114147424698,0.15011848509311676,0.11897416412830353,882.7701
7649,0.11661946773529053,0.11661946773529053,0.15009662508964539,0.11895005404949188,882.8924
7650,0.11659785360097885,0.11659785360097885,0.15007388591766357,0.1189250722527504,883.0149
7651,0.11657583713531494,0.11657583713531494,0.15005238354206085,0.11890137195587158,883.1373
7652,0.11655431985855103,0.11655431985855103,0.1500285565853119,0.11887528747320175,883.2619
7653,0.11653248965740204,0.11653248965740204,0.1500074416399002,0.11885204166173935,883.3872
7654,0.11651074886322021,0.11651074886322021,0.14998337626457214,0.1188259869813919,883.5108
7655,0.11648911237716675,0.11648911237716675,0.1499631702899933,0.11880321800708771,883.6342
7656,0.11646758019924164,0.11646758019924164,0.14993879199028015,0.11877678334712982,883.7564
7657,0.11644581705331802,0.11644581705331802,0.14991775155067444,0.11875353008508682,883.8757
7658,0.11642424762248993,0.11642424762248993,0.1498948633670807,0.11872844398021698,883.9987
7659,0.11640267074108124,0.11640267074108124,0.14987263083457947,0.11870402097702026,884.1231
7660,0.11638100445270538,0.11638100445270538,0.14985167980194092,0.11868077516555786,884.2486
7661,0.11635956913232803,0.11635956913232803,0.14982783794403076,0.11865482479333878,884.3742
7662,0.1163380965590477,0.1163380965590477,0.14980804920196533,0.1186327338218689,884.4996
7663,0.11631648242473602,0.11631648242473602,0.14978399872779846,0.11860644817352295,884.6227
7664,0.11629492044448853,0.11629492044448853,0.14976230263710022,0.11858264356851578,884.7481
7665,0.11627340316772461,0.11627340316772461,0.1497405767440796,0.11855872720479965,884.8751
7666,0.11625214666128159,0.11625214666128159,0.14971718192100525,0.1185331791639328,885.0008
7667,0.11623053252696991,0.11623053252696991,0.14969664812088013,0.11851038038730621,885.1313
7668,0.11620894819498062,0.11620894819498062,0.14967408776283264,0.11848566681146622,885.2546
7669,0.11618773639202118,0.11618773639202118,0.14965158700942993,0.11846107244491577,885.3748
7670,0.11616619676351547,0.11616619676351547,0.1496305614709854,0.1184377670288086,885.503
7671,0.11614491045475006,0.11614491045475006,0.1496065855026245,0.11841168254613876,885.6251
7672,0.11612335592508316,0.11612335592508316,0.14958684146404266,0.11838968098163605,885.7492
7673,0.11610200256109238,0.11610200256109238,0.1495634764432907,0.11836415529251099,885.8716
7674,0.11608092486858368,0.11608092486858368,0.14954252541065216,0.11834100633859634,885.9961
7675,0.11605974286794662,0.11605974286794662,0.14952018857002258,0.11831655353307724,886.1172
7676,0.1160382479429245,0.1160382479429245,0.14949870109558105,0.1182929053902626,886.2425
7677,0.11601702868938446,0.11601702868938446,0.14947743713855743,0.11826930195093155,886.3654
7678,0.11599574238061905,0.11599574238061905,0.14945395290851593,0.11824383586645126,886.4908
7679,0.11597447097301483,0.11597447097301483,0.14943404495716095,0.11822168529033661,886.6134
7680,0.11595320701599121,0.11595320701599121,0.14941120147705078,0.11819668114185333,886.7397
7681,0.11593222618103027,0.11593222618103027,0.14938852190971375,0.11817183345556259,886.8642
7682,0.11591090261936188,0.11591090261936188,0.1493699848651886,0.11815094947814941,886.9871
7683,0.11588971316814423,0.11588971316814423,0.149343341588974,0.11812242120504379,887.1105
7684,0.11586859077215195,0.11586859077215195,0.1493263989686966,0.11810300499200821,887.2399
7685,0.1158473938703537,0.1158473938703537,0.14930173754692078,0.11807648837566376,887.3756
7686,0.11582627147436142,0.11582627147436142,0.14928162097930908,0.11805399507284164,887.5062
7687,0.11580535024404526,0.11580535024404526,0.14925889670848846,0.11802928149700165,887.6315
7688,0.11578419059515,0.11578419059515,0.1492372304201126,0.11800535023212433,887.7601
7689,0.1157630905508995,0.1157630905508995,0.14921793341636658,0.11798377335071564,887.8892
7690,0.11574210226535797,0.11574210226535797,0.14919352531433105,0.11795737594366074,888.017
7691,0.11572100222110748,0.11572100222110748,0.14917540550231934,0.117936871945858,888.1435
7692,0.11569975316524506,0.11569975316524506,0.14915040135383606,0.11791010946035385,888.2729
7693,0.11567927896976471,0.11567927896976471,0.14913055300712585,0.11788791418075562,888.3958
7694,0.11565808206796646,0.11565808206796646,0.1491091549396515,0.11786441504955292,888.5181
7695,0.11563725769519806,0.11563725769519806,0.14908501505851746,0.11783812940120697,888.6423
7696,0.11561606824398041,0.11561606824398041,0.14906802773475647,0.11781875789165497,888.7695
7697,0.11559529602527618,0.11559529602527618,0.1490427702665329,0.1177915558218956,888.8921
7698,0.11557409912347794,0.11557409912347794,0.1490241289138794,0.11777064949274063,889.0166
7699,0.11555325984954834,0.11555325984954834,0.149001806974411,0.11774630844593048,889.1381
7700,0.11553262174129486,0.11553262174129486,0.14898011088371277,0.11772241443395615,889.2671
7701,0.11551173031330109,0.11551173031330109,0.14896038174629211,0.1177004799246788,889.3889
7702,0.11549077928066254,0.11549077928066254,0.14893727004528046,0.11767534166574478,889.5087
7703,0.11547019332647324,0.11547019332647324,0.14891661703586578,0.11765258014202118,889.6317
7704,0.1154492050409317,0.1154492050409317,0.148896723985672,0.11763045936822891,889.7559
7705,0.11542850732803345,0.11542850732803345,0.1488713026046753,0.11760298907756805,889.8815
7706,0.1154080182313919,0.1154080182313919,0.1488550305366516,0.11758430302143097,890.0132
7707,0.11538698524236679,0.11538698524236679,0.14883026480674744,0.11755762249231339,890.1632
7708,0.11536626517772675,0.11536626517772675,0.14881153404712677,0.11753668636083603,890.2986
7709,0.11534541845321655,0.11534541845321655,0.1487889140844345,0.11751201003789902,890.4246
7710,0.11532485485076904,0.11532485485076904,0.1487688422203064,0.11748979240655899,890.5552
7711,0.11530415713787079,0.11530415713787079,0.1487484723329544,0.11746720224618912,890.6789
7712,0.1152835264801979,0.1152835264801979,0.14872445166110992,0.11744119226932526,890.8049
7713,0.1152629405260086,0.1152629405260086,0.1487065702676773,0.11742103099822998,890.9307
7714,0.11524222046136856,0.11524222046136856,0.14868269860744476,0.11739522218704224,891.055
7715,0.11522159725427628,0.11522159725427628,0.14866340160369873,0.11737358570098877,891.1795
7716,0.11520097404718399,0.11520097404718399,0.14864258468151093,0.11735065281391144,891.3049
7717,0.11518027633428574,0.11518027633428574,0.14862008392810822,0.11732620000839233,891.4257
7718,0.11515979468822479,0.11515979468822479,0.14860224723815918,0.11730603873729706,891.5516
7719,0.11513930559158325,0.11513930559158325,0.14857657253742218,0.1172785609960556,891.6734
7720,0.11511890590190887,0.11511890590190887,0.14856059849262238,0.11726021766662598,891.7944
7721,0.11509831249713898,0.11509831249713898,0.14853544533252716,0.11723317205905914,891.9159
7722,0.11507769674062729,0.11507769674062729,0.148516446352005,0.11721191555261612,892.0402
7723,0.11505722999572754,0.11505722999572754,0.14849689602851868,0.11719021946191788,892.1644
7724,0.11503662914037704,0.11503662914037704,0.14847241342067719,0.11716382205486298,892.2892
7725,0.11501632630825043,0.11501632630825043,0.1484569013118744,0.11714588105678558,892.4122
7726,0.11499597877264023,0.11499597877264023,0.14843140542507172,0.11711857467889786,892.5376
7727,0.11497559398412704,0.11497559398412704,0.14841318130493164,0.1170981377363205,892.6623
7728,0.11495516449213028,0.11495516449213028,0.1483922004699707,0.11707504093647003,892.786
7729,0.11493458598852158,0.11493458598852158,0.14836999773979187,0.11705078929662704,892.9104
7730,0.11491446197032928,0.11491446197032928,0.14835205674171448,0.11703062057495117,893.0335
7731,0.11489405483007431,0.11489405483007431,0.14832703769207,0.1170036792755127,893.1597
7732,0.11487346887588501,0.11487346887588501,0.14831127226352692,0.11698558181524277,893.2884
7733,0.11485335975885391,0.11485335975885391,0.14828647673130035,0.1169588714838028,893.4137
7734,0.11483313888311386,0.11483313888311386,0.14826902747154236,0.1169392317533493,893.5379
7735,0.11481274664402008,0.11481274664402008,0.14824765920639038,0.11691578477621078,893.6624
7736,0.11479254066944122,0.11479254066944122,0.1482253223657608,0.11689139902591705,893.7872
7737,0.1147722601890564,0.1147722601890564,0.1482081115245819,0.11687201261520386,893.9141
7738,0.11475206911563873,0.11475206911563873,0.14818352460861206,0.1168455109000206,894.0397
7739,0.11473172903060913,0.11473172903060913,0.14816732704639435,0.11682705581188202,894.1665
7740,0.11471156775951385,0.11471156775951385,0.14814279973506927,0.11680062115192413,894.2902
7741,0.11469147354364395,0.11469147354364395,0.14812536537647247,0.11678095161914825,894.4135
7742,0.11467121541500092,0.11467121541500092,0.14810389280319214,0.1167573556303978,894.5365
7743,0.11465102434158325,0.11465102434158325,0.14808155596256256,0.11673307418823242,894.6636
7744,0.11463110148906708,0.11463110148906708,0.1480659395456314,0.11671517044305801,894.7877
7745,0.11461102962493896,0.11461102962493896,0.14803847670555115,0.11668602377176285,894.9109
7746,0.11459082365036011,0.11459082365036011,0.1480257362127304,0.11667070537805557,895.0337
7747,0.1145707368850708,0.1145707368850708,0.14799824357032776,0.11664147675037384,895.1533
7748,0.11455049365758896,0.11455049365758896,0.14798352122306824,0.11662442982196808,895.2825
7749,0.11453045904636383,0.11453045904636383,0.14796030521392822,0.11659934371709824,895.4088
7750,0.11451053619384766,0.11451053619384766,0.147939994931221,0.11657700687646866,895.5311
7751,0.11449040472507477,0.11449040472507477,0.1479220688343048,0.11655689775943756,895.6579
7752,0.11447043716907501,0.11447043716907501,0.14789852499961853,0.11653146892786026,895.7818
7753,0.11445051431655884,0.11445051431655884,0.14788156747817993,0.11651215702295303,895.9088
7754,0.11443060636520386,0.11443060636520386,0.14785884320735931,0.11648748815059662,896.0314
7755,0.11441067606210709,0.11441067606210709,0.14784035086631775,0.11646683514118195,896.1558
7756,0.11439068615436554,0.11439068615436554,0.14781829714775085,0.11644284427165985,896.2808
7757,0.11437086760997772,0.11437086760997772,0.1478005200624466,0.1164228767156601,896.4067
7758,0.11435093730688095,0.11435093730688095,0.14777772128582,0.11639814078807831,896.5312
7759,0.11433074623346329,0.11433074623346329,0.14776094257831573,0.11637916415929794,896.6582
7760,0.11431121826171875,0.11431121826171875,0.14773835241794586,0.11635468155145645,896.782
7761,0.11429128795862198,0.11429128795862198,0.14771802723407745,0.1163322925567627,896.9074
7762,0.1142713874578476,0.1142713874578476,0.14770041406154633,0.11631236225366592,897.0359
7763,0.1142515316605568,0.1142515316605568,0.14767685532569885,0.11628691852092743,897.1595
7764,0.11423169076442719,0.11423169076442719,0.14766111969947815,0.11626903712749481,897.2842
7765,0.11421187967061996,0.11421187967061996,0.14763721823692322,0.11624328792095184,897.4127
7766,0.11419208347797394,0.11419208347797394,0.14761972427368164,0.11622367054224014,897.5415
7767,0.11417239904403687,0.11417239904403687,0.1475987732410431,0.11620070785284042,897.6659
7768,0.11415256559848785,0.11415256559848785,0.14757834374904633,0.11617828905582428,897.7937
7769,0.11413279920816422,0.11413279920816422,0.14755985140800476,0.1161576509475708,897.9181
7770,0.11411312967538834,0.11411312967538834,0.14753809571266174,0.11613388359546661,898.0442
7771,0.11409316956996918,0.11409316956996918,0.1475202590227127,0.11611385643482208,898.1673
7772,0.11407365649938583,0.11407365649938583,0.14749908447265625,0.11609075218439102,898.296
7773,0.11405404657125473,0.11405404657125473,0.14748036861419678,0.11606993526220322,898.4197
7774,0.11403453350067139,0.11403453350067139,0.1474594622850418,0.11604710668325424,898.5459
7775,0.11401474475860596,0.11401474475860596,0.147440105676651,0.11602568626403809,898.6705
7776,0.11399514973163605,0.11399514973163605,0.14742079377174377,0.11600427329540253,898.7963
7777,0.11397570371627808,0.11397570371627808,0.14739927649497986,0.11598088592290878,898.919
7778,0.11395587027072906,0.11395587027072906,0.14738275110721588,0.11596224457025528,899.0412
7779,0.11393620818853378,0.11393620818853378,0.14735887944698334,0.11593632400035858,899.1672
7780,0.1139167994260788,0.1139167994260788,0.14734385907649994,0.11591899394989014,899.2918
7781,0.11389710754156113,0.11389710754156113,0.14731945097446442,0.11589298397302628,899.4184
7782,0.11387763172388077,0.11387763172388077,0.14730407297611237,0.11587542295455933,899.5432
7783,0.1138581782579422,0.1138581782579422,0.14728207886219025,0.11585143953561783,899.675
7784,0.11383847892284393,0.11383847892284393,0.14726261794567108,0.11582992970943451,899.8068
7785,0.1138191968202591,0.1138191968202591,0.14724424481391907,0.11580948531627655,899.9389
7786,0.113799549639225,0.113799549639225,0.14722201228141785,0.11578526347875595,900.0644
7787,0.11378021538257599,0.11378021538257599,0.14720487594604492,0.11576604843139648,900.1864
7788,0.11376093327999115,0.11376093327999115,0.14718413352966309,0.11574342101812363,900.3136
7789,0.11374165862798691,0.11374165862798691,0.14716526865959167,0.11572249233722687,900.4381
7790,0.11372212320566177,0.11372212320566177,0.14714613556861877,0.11570131778717041,900.5656
7791,0.11370277404785156,0.11370277404785156,0.147125706076622,0.11567890644073486,900.692
7792,0.11368308216333389,0.11368308216333389,0.14710743725299835,0.11565861850976944,900.8196
7793,0.11366371810436249,0.11366371810436249,0.1470857411623001,0.11563493311405182,900.9446
7794,0.11364448070526123,0.11364448070526123,0.14706966280937195,0.11561665683984756,901.0667
7795,0.11362520605325699,0.11362520605325699,0.1470472812652588,0.11559251695871353,901.1924
7796,0.11360590159893036,0.11360590159893036,0.14703114330768585,0.11557407677173615,901.3146
7797,0.11358626186847687,0.11358626186847687,0.147008016705513,0.11554916948080063,901.4398
7798,0.11356731504201889,0.11356731504201889,0.14699238538742065,0.11553148925304413,901.5655
7799,0.11354820430278778,0.11354820430278778,0.1469697505235672,0.11550692468881607,901.6885
7800,0.11352882534265518,0.11352882534265518,0.14695243537425995,0.11548738181591034,901.8145
7801,0.11350931972265244,0.11350931972265244,0.14693281054496765,0.11546580493450165,901.9347
7802,0.113490030169487,0.113490030169487,0.14691215753555298,0.11544330418109894,902.0589
7803,0.11347093433141708,0.11347093433141708,0.14689595997333527,0.11542491614818573,902.1865
7804,0.11345181614160538,0.11345181614160538,0.14687219262123108,0.11539952456951141,902.3116
7805,0.11343254894018173,0.11343254894018173,0.14685854315757751,0.11538352817296982,902.4533
7806,0.11341351270675659,0.11341351270675659,0.14683403074741364,0.11535727977752686,902.5821
7807,0.11339447647333145,0.11339447647333145,0.14681871235370636,0.11533977836370468,902.7075
7808,0.11337516456842422,0.11337516456842422,0.14679670333862305,0.11531595885753632,902.8374
7809,0.11335615813732147,0.11335615813732147,0.14677882194519043,0.11529605090618134,902.9672
7810,0.11333700269460678,0.11333700269460678,0.14676111936569214,0.11527607589960098,903.0886
7811,0.1133178249001503,0.1133178249001503,0.14673864841461182,0.11525194346904755,903.2119
7812,0.11329898983240128,0.11329898983240128,0.1467246413230896,0.11523579061031342,903.3315
7813,0.1132798045873642,0.1132798045873642,0.14669950306415558,0.11520888656377792,903.453
7814,0.11326078325510025,0.11326078325510025,0.14668679237365723,0.11519376933574677,903.5742
7815,0.11324147880077362,0.11324147880077362,0.14666081964969635,0.11516628414392471,903.6961
7816,0.11322257667779922,0.11322257667779922,0.1466490775346756,0.11515220254659653,903.8145
7817,0.11320354789495468,0.11320354789495468,0.14662325382232666,0.11512468755245209,903.9428
7818,0.11318464577198029,0.11318464577198029,0.14660951495170593,0.11510872840881348,904.0687
7819,0.11316557228565216,0.11316557228565216,0.14658838510513306,0.11508574336767197,904.1853
7820,0.11314650624990463,0.11314650624990463,0.1465686559677124,0.11506415903568268,904.3021
7821,0.11312784999608994,0.11312784999608994,0.1465526968240738,0.11504612118005753,904.4267
7822,0.11310865730047226,0.11310865730047226,0.14653001725673676,0.11502154171466827,904.5523
7823,0.11308974027633667,0.11308974027633667,0.14651630818843842,0.11500557512044907,904.6725
7824,0.11307104676961899,0.11307104676961899,0.14649085700511932,0.11497849225997925,904.7951
7825,0.11305191367864609,0.11305191367864609,0.14647920429706573,0.11496458202600479,904.9214
7826,0.11303333193063736,0.11303333193063736,0.14645257592201233,0.11493642628192902,905.0449
7827,0.1130143254995346,0.1130143254995346,0.1464417278766632,0.11492316424846649,905.1677
7828,0.11299552768468857,0.11299552768468857,0.14641502499580383,0.11489488929510117,905.2942
7829,0.11297665536403656,0.11297665536403656,0.1464042216539383,0.11488179862499237,905.4143
7830,0.11295785754919052,0.11295785754919052,0.14637644588947296,0.11485252529382706,905.5393
7831,0.1129390150308609,0.1129390150308609,0.1463683396577835,0.11484190076589584,905.6647
7832,0.11292032897472382,0.11292032897472382,0.1463383436203003,0.11481056362390518,905.7886
7833,0.11290162801742554,0.11290162801742554,0.14633169770240784,0.11480126529932022,905.9087
7834,0.11288267374038696,0.11288267374038696,0.1463002860546112,0.11476852744817734,906.0309
7835,0.11286385357379913,0.11286385357379913,0.1462944597005844,0.11476004123687744,906.1536
7836,0.11284510046243668,0.11284510046243668,0.14626377820968628,0.11472821235656738,906.278
7837,0.11282636970281601,0.11282636970281601,0.14625589549541473,0.11471768468618393,906.4027
7838,0.11280769109725952,0.11280769109725952,0.14622724056243896,0.11468758434057236,906.5258
7839,0.11278919875621796,0.11278919875621796,0.14621798694133759,0.11467599868774414,906.6526
7840,0.11277041584253311,0.11277041584253311,0.14619167149066925,0.11464814096689224,906.7776
7841,0.11275169998407364,0.11275169998407364,0.14618031680583954,0.11463441699743271,906.9148
7842,0.11273316293954849,0.11273316293954849,0.1461559534072876,0.11460842937231064,907.053
7843,0.11271464824676514,0.11271464824676514,0.14614003896713257,0.11459050327539444,907.1822
7844,0.11269564926624298,0.11269564926624298,0.14612150192260742,0.11456992477178574,907.3118
7845,0.11267707496881485,0.11267707496881485,0.14610138535499573,0.11454810947179794,907.4371
7846,0.11265857517719269,0.11265857517719269,0.1460869312286377,0.11453143507242203,907.5622
7847,0.11264012008905411,0.11264012008905411,0.14606213569641113,0.11450503021478653,907.6867
7848,0.11262136697769165,0.11262136697769165,0.14605137705802917,0.11449198424816132,907.8171
7849,0.11260294914245605,0.11260294914245605,0.14602454006671906,0.11446364223957062,907.9367
7850,0.11258433014154434,0.11258433014154434,0.14601540565490723,0.11445207893848419,908.0586
7851,0.11256586015224457,0.11256586015224457,0.14598679542541504,0.11442206054925919,908.1807
7852,0.1125473603606224,0.1125473603606224,0.14597949385643005,0.11441230773925781,908.308
7853,0.11252886056900024,0.11252886056900024,0.14594945311546326,0.1143808588385582,908.4416
7854,0.11251050233840942,0.11251050233840942,0.14594271779060364,0.11437170207500458,908.5727
7855,0.11249178647994995,0.11249178647994995,0.14591333270072937,0.11434099823236465,908.6946
7856,0.11247356981039047,0.11247356981039047,0.14590582251548767,0.11433102935552597,908.8173
7857,0.11245501041412354,0.11245501041412354,0.14587748050689697,0.11430114507675171,908.9394
7858,0.11243636906147003,0.11243636906147003,0.14587004482746124,0.11429131031036377,909.0621
7859,0.1124182939529419,0.1124182939529419,0.14583973586559296,0.11425964534282684,909.1818
7860,0.11239989101886749,0.11239989101886749,0.1458352506160736,0.11425258964300156,909.3062
7861,0.11238149553537369,0.11238149553537369,0.1458010971546173,0.11421730369329453,909.4309
7862,0.11236314475536346,0.11236314475536346,0.1458021104335785,0.11421547085046768,909.5553
7863,0.11234456300735474,0.11234456300735474,0.14576126635074615,0.11417382955551147,909.68
7864,0.11232633888721466,0.11232633888721466,0.14576967060565948,0.1141790896654129,909.8051
7865,0.11230800300836563,0.11230800300836563,0.1457197517156601,0.11412887275218964,909.9331
7866,0.11228971183300018,0.11228971183300018,0.14573974907398224,0.1141449436545372,910.0498
7867,0.1122712641954422,0.1122712641954422,0.1456761360168457,0.11408164352178574,910.1793
7868,0.11225317418575287,0.11225317418575287,0.1457126885652542,0.1141136884689331,910.3002
7869,0.11223496496677399,0.11223496496677399,0.14562927186489105,0.11403174698352814,910.4213
7870,0.11221681535243988,0.11221681535243988,0.14569005370140076,0.1140865907073021,910.5425
7871,0.11219827085733414,0.11219827085733414,0.14557655155658722,0.11397596448659897,910.6621
7872,0.11218023300170898,0.11218023300170898,0.1456761658191681,0.11406771093606949,910.7861
7873,0.1121620312333107,0.1121620312333107,0.14551231265068054,0.11390942335128784,910.9134
7874,0.11214413493871689,0.11214413493871689,0.14567632973194122,0.11406232416629791,911.0387
7875,0.11212630569934845,0.11212630569934845,0.1454307734966278,0.11382649093866348,911.1626
7876,0.11210861057043076,0.11210861057043076,0.14570048451423645,0.11407961696386337,911.2827
7877,0.11209110915660858,0.11209110915660858,0.14531953632831573,0.11371530592441559,911.4043
7878,0.1120740994811058,0.1120740994811058,0.1457670032978058,0.11413741111755371,911.5713
7879,0.11205806583166122,0.11205806583166122,0.14515800774097443,0.11355660110712051,911.716
7880,0.11204330623149872,0.11204330623149872,0.14590585231781006,0.11426381766796112,911.8401
7881,0.11203120648860931,0.11203120648860931,0.14491239190101624,0.11331827938556671,911.9611
7882,0.11202280223369598,0.11202280223369598,0.1461733877658844,0.11451312154531479,912.0863
7883,0.11202166229486465,0.11202166229486465,0.14452871680259705,0.11294987052679062,912.2045
7884,0.1120322197675705,0.1120322197675705,0.14667963981628418,0.1149907112121582,912.3266
7885,0.11206288635730743,0.11206288635730743,0.1439257562160492,0.11237601935863495,912.4439
7886,0.11212886869907379,0.11212886869907379,0.1476408690214157,0.11590472608804703,912.6356
7887,0.11225327104330063,0.11225327104330063,0.14301443099975586,0.11151707172393799,912.7664
7888,0.11247763782739639,0.11247763782739639,0.14946535229682922,0.1176522746682167,912.8946
7889,0.11285070329904556,0.11285070329904556,0.14180508255958557,0.11039630323648453,913.0235
7890,0.11345431953668594,0.11345431953668594,0.15279296040534973,0.12086117267608643,913.1485
7891,0.1142951250076294,0.1142951250076294,0.14066916704177856,0.10938765853643417,913.2718
7892,0.11535909026861191,0.11535909026861191,0.15764793753623962,0.12557263672351837,913.4225
7893,0.11622867733240128,0.11622867733240128,0.14022573828697205,0.10905516147613525,913.5409
7894,0.11653079092502594,0.11653079092502594,0.16025397181510925,0.12811505794525146,913.6653
7895,0.11567201465368271,0.11567201465368271,0.14022167026996613,0.10900505632162094,913.7878
7896,0.11403276771306992,0.11403276771306992,0.154563307762146,0.12258026748895645,913.9119
7897,0.11240482330322266,0.11240482330322266,0.1421145647764206,0.11063964664936066,914.0323
7898,0.1117144376039505,0.1117144376039505,0.14539745450019836,0.11372949928045273,914.1612
7899,0.1121174693107605,0.1121174693107605,0.1485496312379837,0.11675228923559189,914.2917
7900,0.11302430927753448,0.11302430927753448,0.1411294937133789,0.10972549766302109,914.4167
7901,0.11362957954406738,0.11362957954406738,0.15359315276145935,0.12162022292613983,914.5356
7902,0.11341746151447296,0.11341746151447296,0.14075887203216553,0.10938964039087296,914.6579
7903,0.11261209100484848,0.11261209100484848,0.1506684273481369,0.11879225075244904,914.7831
7904,0.11182613670825958,0.11182613670825958,0.14312878251075745,0.11156122386455536,914.9069
7905,0.11159930378198624,0.11159930378198624,0.14456896483898163,0.11292101442813873,915.0281
7906,0.11193190515041351,0.11193190515041351,0.14816677570343018,0.11636602878570557,915.159
7907,0.11238753795623779,0.11238753795623779,0.1416405737400055,0.1101621612906456,915.2863
7908,0.11252646148204803,0.11252646148204803,0.1505919247865677,0.11869613826274872,915.4189
7909,0.11222527176141739,0.11222527176141739,0.14178267121315002,0.11029189825057983,915.5919
7910,0.11176274716854095,0.11176274716854095,0.14755339920520782,0.11577014625072479,915.7297
7911,0.1114920824766159,0.1114920824766159,0.14446045458316803,0.1128029078245163,915.8585
7912,0.11155238002538681,0.11155238002538681,0.143611341714859,0.11199551820755005,915.9901
7913,0.11178984493017197,0.11178984493017197,0.14793288707733154,0.11612461507320404,916.1206
7914,0.11193611472845078,0.11193611472845078,0.1421031951904297,0.1105671375989914,916.2447
7915,0.11185459792613983,0.11185459792613983,0.14838935434818268,0.11655287444591522,916.3722
7916,0.11161544173955917,0.11161544173955917,0.14288724958896637,0.11129994690418243,916.4955
7917,0.11141213029623032,0.11141213029623032,0.14571714401245117,0.11398731172084808,916.6193
7918,0.11137102544307709,0.11137102544307709,0.1453077793121338,0.11359087377786636,916.7469
7919,0.11146511882543564,0.11146511882543564,0.14326930046081543,0.1116524189710617,916.8683
7920,0.11156626790761948,0.11156626790761948,0.14726340770721436,0.11546428501605988,916.9913
7921,0.1115645170211792,0.1115645170211792,0.14264973998069763,0.11105962097644806,917.1111
7922,0.1114569902420044,0.1114569902420044,0.14678634703159332,0.1149960309267044,917.2377
7923,0.11132480949163437,0.11132480949163437,0.14369253814220428,0.1120411604642868,917.3738
7924,0.11125443130731583,0.11125443130731583,0.14477702975273132,0.11306969821453094,917.505
7925,0.11126793920993805,0.11126793920993805,0.14553146064281464,0.11378665268421173,917.636
7926,0.11131785064935684,0.11131785064935684,0.14331117272377014,0.11167208850383759,917.7629
7927,0.11133885383605957,0.11133885383605957,0.14648965001106262,0.11470241844654083,917.8863
7928,0.11130090802907944,0.11130090802907944,0.1431615799665451,0.11152279376983643,918.13
7929,0.11122594028711319,0.11122594028711319,0.14578011631965637,0.11401468515396118,918.2498
7930,0.11116019636392593,0.11116019636392593,0.1441117525100708,0.11242053657770157,918.37
7931,0.11113419383764267,0.11113419383764267,0.1443568915128708,0.11265067011117935,918.4909
7932,0.11114320904016495,0.11114320904016495,0.14536145329475403,0.11360683292150497,918.6157
7933,0.11115770041942596,0.11115770041942596,0.14346429705619812,0.11179832369089127,918.7461
7934,0.11115007102489471,0.11115007102489471,0.14581748843193054,0.11404009163379669,918.8766
7935,0.11111452430486679,0.11111452430486679,0.1435094177722931,0.11183382570743561,919.0041
7936,0.11106759309768677,0.11106759309768677,0.1452046036720276,0.11344681680202484,919.128
7937,0.11103061586618423,0.11103061586618423,0.14424577355384827,0.11252985149621964,919.2479
7938,0.11101343482732773,0.11101343482732773,0.14421896636486053,0.1125008836388588,919.3709
7939,0.11101087182760239,0.11101087182760239,0.14505985379219055,0.11330108344554901,919.4915
7940,0.11100788414478302,0.11100788414478302,0.1436256468296051,0.11193275451660156,919.6154
7941,0.11099360138177872,0.11099360138177872,0.14529713988304138,0.11352431774139404,919.7409
7942,0.110966756939888,0.110966756939888,0.14368322491645813,0.11198107898235321,919.8692
7943,0.11093506962060928,0.11093506962060928,0.14485915005207062,0.11309971660375595,919.9942
7944,0.11090835183858871,0.11090835183858871,0.1441992223262787,0.11246733367443085,920.1193
7945,0.1108912006020546,0.1108912006020546,0.14418649673461914,0.11245173215866089,920.2425
7946,0.11088067293167114,0.11088067293167114,0.1447468101978302,0.11298427730798721,920.3698
7947,0.11087069660425186,0.11087069660425186,0.14375407993793488,0.1120363250374794,920.4994
7948,0.11085579544305801,0.11085579544305801,0.14491577446460724,0.11314171552658081,920.624
7949,0.1108345240354538,0.1108345240354538,0.1437525898218155,0.1120290756225586,920.7516
7950,0.11081068217754364,0.11081068217754364,0.14463970065116882,0.11287295818328857,920.8767
7951,0.1107882633805275,0.1107882633805275,0.14407184720039368,0.11232839524745941,921.0057
7952,0.11077003180980682,0.11077003180980682,0.14417943358421326,0.1124277114868164,921.1314
7953,0.11075514554977417,0.11075514554977417,0.1444464474916458,0.11268003284931183,921.2593
7954,0.11074171215295792,0.11074171215295792,0.1438390463590622,0.11209875345230103,921.3847
7955,0.11072653532028198,0.11072653532028198,0.14460861682891846,0.11283030360937119,921.5119
7956,0.1107090562582016,0.1107090562582016,0.143769770860672,0.11202754080295563,921.6358
7957,0.11068928241729736,0.11068928241729736,0.1444733887910843,0.11269645392894745,921.7596
7958,0.11066927760839462,0.11066927760839462,0.14393295347690582,0.11217793077230453,921.8849
7959,0.11065051704645157,0.11065051704645157,0.14416979253292084,0.11240093410015106,922.0093
7960,0.11063365638256073,0.11063365638256073,0.14417774975299835,0.11240637302398682,922.1348
7961,0.11061786115169525,0.11061786115169525,0.14389033615589142,0.11212988197803497,922.2584
7962,0.11060229688882828,0.11060229688882828,0.14433228969573975,0.11254878342151642,922.3867
7963,0.11058610677719116,0.11058610677719116,0.14376695454120636,0.11200706660747528,922.515
7964,0.11056844890117645,0.11056844890117645,0.1443074345588684,0.1125204935669899,922.6417
7965,0.11055032908916473,0.11055032908916473,0.14381015300750732,0.11204332113265991,922.7675
7966,0.11053218692541122,0.11053218692541122,0.14413543045520782,0.11235089600086212,922.8948
7967,0.11051447689533234,0.11051447689533234,0.14394770562648773,0.11216920614242554,923.0188
7968,0.11049749702215195,0.11049749702215195,0.14392197132110596,0.11214232444763184,923.1433
7969,0.11048121750354767,0.11048121750354767,0.14407658576965332,0.11228737980127335,923.2695
7970,0.11046469211578369,0.11046469211578369,0.14376984536647797,0.1119922399520874,923.3968
7971,0.11044826358556747,0.11044826358556747,0.1441158950328827,0.11232004314661026,923.5222
7972,0.1104314774274826,0.1104314774274826,0.14372257888317108,0.11194221675395966,923.6503
7973,0.11041410267353058,0.11041410267353058,0.14405031502246857,0.11225235462188721,923.7778
7974,0.11039654910564423,0.11039654910564423,0.14376525580883026,0.11197783797979355,923.9065
7975,0.1103794202208519,0.1103794202208519,0.1439160406589508,0.11211912333965302,924.0294
7976,0.11036226898431778,0.11036226898431778,0.14384588599205017,0.11204955726861954,924.1544
7977,0.11034556478261948,0.11034556478261948,0.1437760889530182,0.11198079586029053,924.2783
7978,0.11032907664775848,0.11032907664775848,0.1439049392938614,0.11210131645202637,924.4041
7979,0.11031235754489899,0.11031235754489899,0.14367984235286713,0.1118839755654335,924.5304
7980,0.11029595136642456,0.11029595136642456,0.14390698075294495,0.11209821701049805,924.6596
7981,0.11027886718511581,0.11027886718511581,0.14364509284496307,0.11184592545032501,924.788
7982,0.11026203632354736,0.11026203632354736,0.14384984970092773,0.11203873157501221,924.9112
7983,0.11024506390094757,0.11024506390094757,0.1436609923839569,0.11185600608587265,925.04
7984,0.11022786051034927,0.11022786051034927,0.14375707507133484,0.11194519698619843,925.1624
7985,0.1102113351225853,0.1102113351225853,0.14369657635688782,0.1118849664926529,925.2839
7986,0.1101946085691452,0.1101946085691452,0.1436607390642166,0.11184847354888916,925.4079
7987,0.11017800867557526,0.11017800867557526,0.14372143149375916,0.11190390586853027,925.5334
7988,0.11016114801168442,0.11016114801168442,0.1435859650373459,0.11177210509777069,925.6602
7989,0.11014480888843536,0.11014480888843536,0.14371664822101593,0.11189435422420502,925.7874
7990,0.11012797057628632,0.11012797057628632,0.14354395866394043,0.11172711849212646,925.9122
7991,0.11011123657226562,0.11011123657226562,0.14368000626564026,0.11185455322265625,926.038
7992,0.11009452491998672,0.11009452491998672,0.14353099465370178,0.11170995235443115,926.1692
7993,0.1100776419043541,0.1100776419043541,0.14361950755119324,0.11179192364215851,926.2894
7994,0.11006112396717072,0.11006112396717072,0.14353546500205994,0.11170916259288788,926.4174
7995,0.11004430055618286,0.11004430055618286,0.14354963600635529,0.11172032356262207,926.5451
7996,0.1100279837846756,0.1100279837846756,0.14354118704795837,0.11170985549688339,926.6685
7997,0.11001129448413849,0.11001129448413849,0.1434849202632904,0.11165358126163483,926.7941
7998,0.10999488830566406,0.10999488830566406,0.1435360610485077,0.11170009523630142,926.9167
7999,0.10997806489467621,0.10997806489467621,0.14343500137329102,0.11160127818584442,927.0408
8000,0.10996168851852417,0.10996168851852417,0.14351506531238556,0.11167516559362411,927.1634
8001,0.10994520038366318,0.10994520038366318,0.14340192079544067,0.11156477779150009,927.2877
8002,0.10992856323719025,0.10992856323719025,0.14347872138023376,0.11163558810949326,927.4091
8003,0.10991187393665314,0.10991187393665314,0.14338180422782898,0.11154063045978546,927.533
8004,0.10989531129598618,0.10989531129598618,0.14343076944351196,0.11158494651317596,927.6609
8005,0.10987876355648041,0.10987876355648041,0.14337053894996643,0.11152498424053192,927.7857
8006,0.10986237227916718,0.10986237227916718,0.14337900280952454,0.11153068393468857,927.9123
8007,0.10984577238559723,0.10984577238559723,0.1433604508638382,0.11151053756475449,928.0345
8008,0.10982930660247803,0.10982930660247803,0.14332763850688934,0.11147695779800415,928.1597
8009,0.10981287807226181,0.10981287807226181,0.1433458775281906,0.11149191856384277,928.2803
8010,0.10979654639959335,0.10979654639959335,0.1432831883430481,0.11142964661121368,928.4084
8011,0.10978002846240997,0.10978002846240997,0.14332397282123566,0.11146605014801025,928.5328
8012,0.10976364463567734,0.10976364463567734,0.14324569702148438,0.11138913780450821,928.6542
8013,0.10974714905023575,0.10974714905023575,0.14329591393470764,0.11143450438976288,928.7771
8014,0.10973045974969864,0.10973045974969864,0.14321546256542206,0.11135532706975937,928.8989
8015,0.10971428453922272,0.10971428453922272,0.14326195418834686,0.11139734089374542,929.0252
8016,0.10969783365726471,0.10969783365726471,0.14318902790546417,0.11132536083459854,929.1539
8017,0.10968146473169327,0.10968146473169327,0.14322462677955627,0.11135689914226532,929.2772
8018,0.10966505110263824,0.10966505110263824,0.14316599071025848,0.11129847913980484,929.4007
8019,0.10964884608983994,0.10964884608983994,0.14318470656871796,0.11131398379802704,929.5301
8020,0.10963241010904312,0.10963241010904312,0.14314515888690948,0.11127398163080215,929.6585
8021,0.10961596667766571,0.10961596667766571,0.1431431770324707,0.11126961559057236,929.7872
8022,0.10959982872009277,0.10959982872009277,0.14312410354614258,0.11124906688928604,929.9146
8023,0.10958340018987656,0.10958340018987656,0.14310307800769806,0.11122653633356094,930.0384
8024,0.10956716537475586,0.10956716537475586,0.14310085773468018,0.11122198402881622,930.1664
8025,0.1095508486032486,0.1095508486032486,0.14306692779064178,0.11118729412555695,930.2951
8026,0.10953447967767715,0.10953447967767715,0.14307498931884766,0.11119260638952255,930.4221
8027,0.10951817035675049,0.10951817035675049,0.14303115010261536,0.11114835739135742,930.5516
8028,0.109501913189888,0.109501913189888,0.14304819703102112,0.11116234213113785,930.676
8029,0.10948548465967178,0.10948548465967178,0.14299869537353516,0.11111269146203995,930.8036
8030,0.10946960747241974,0.10946960747241974,0.14301809668540955,0.1111287921667099,930.932
8031,0.10945314168930054,0.10945314168930054,0.14296820759773254,0.11107870191335678,931.0525
8032,0.10943710803985596,0.10943710803985596,0.14298713207244873,0.11109443008899689,931.1789
8033,0.10942094027996063,0.10942094027996063,0.14293815195560455,0.11104543507099152,931.302
8034,0.10940457880496979,0.10940457880496979,0.1429557353258133,0.11105992645025253,931.4338
8035,0.10938836634159088,0.10938836634159088,0.1429072469472885,0.11101124435663223,931.5576
8036,0.1093720942735672,0.1093720942735672,0.14292596280574799,0.11102670431137085,931.6783
8037,0.10935604572296143,0.10935604572296143,0.14287571609020233,0.11097633838653564,931.8041
8038,0.10933999717235565,0.10933999717235565,0.14289668202400208,0.11099402606487274,931.9285
8039,0.10932382196187973,0.10932382196187973,0.14284351468086243,0.11094097048044205,932.0479
8040,0.10930772125720978,0.10930772125720978,0.14286813139915466,0.11096210777759552,932.1755
8041,0.10929141193628311,0.10929141193628311,0.1428111493587494,0.11090531200170517,932.3093
8042,0.1092754378914833,0.1092754378914833,0.1428394466638565,0.11093010753393173,932.4723
8043,0.10925929248332977,0.10925929248332977,0.14277882874011993,0.11086983978748322,932.6059
8044,0.10924339294433594,0.10924339294433594,0.14281302690505981,0.1109001636505127,932.7371
8045,0.10922722518444061,0.10922722518444061,0.14274398982524872,0.11083171516656876,932.8684
8046,0.10921110957860947,0.10921110957860947,0.14279019832611084,0.11087365448474884,932.9992
8047,0.10919519513845444,0.10919519513845444,0.14270468056201935,0.11078977584838867,933.1266
8048,0.10917884111404419,0.10917884111404419,0.142769455909729,0.11084924638271332,933.2516
8049,0.10916296392679214,0.10916296392679214,0.14266268908977509,0.11074493080377579,933.3778
8050,0.10914678871631622,0.10914678871631622,0.14275118708610535,0.11082711070775986,933.5025
8051,0.1091308444738388,0.1091308444738388,0.1426188200712204,0.11069836467504501,933.6323
8052,0.10911482572555542,0.10911482572555542,0.14273658394813538,0.11080856621265411,933.7677
8053,0.10909914970397949,0.10909914970397949,0.14257211983203888,0.11064901202917099,933.8884
8054,0.10908329486846924,0.10908329486846924,0.14272689819335938,0.11079461872577667,934.0132
8055,0.10906728357076645,0.10906728357076645,0.1425180435180664,0.11059293895959854,934.1387
8056,0.1090514287352562,0.1090514287352562,0.1427278369665146,0.11079099029302597,934.2644
8057,0.10903561115264893,0.10903561115264893,0.14245164394378662,0.11052487045526505,934.3928
8058,0.1090201884508133,0.1090201884508133,0.14274218678474426,0.11080010235309601,934.5153
8059,0.10900469869375229,0.10900469869375229,0.14236852526664734,0.1104409247636795,934.6411
8060,0.10898946225643158,0.10898946225643158,0.14277823269367218,0.11083000898361206,934.7686
8061,0.10897447913885117,0.10897447913885117,0.1422608345746994,0.11033351719379425,934.8928
8062,0.10896031558513641,0.10896031558513641,0.1428484469652176,0.1108926311135292,935.0202
8063,0.10894627869129181,0.10894627869129181,0.14211484789848328,0.11018972098827362,935.1479
8064,0.10893378406763077,0.10893378406763077,0.14297249913215637,0.11100675910711288,935.2755
8065,0.10892270505428314,0.10892270505428314,0.14191024005413055,0.10998990386724472,935.4056
8066,0.1089143306016922,0.1089143306016922,0.14318430423736572,0.11120514571666718,935.5303
8067,0.10890966653823853,0.10890966653823853,0.1416141241788864,0.10970332473516464,935.6555
8068,0.10891120135784149,0.10891120135784149,0.1435411274433136,0.11154273897409439,935.7816
8069,0.10892238467931747,0.10892238467931747,0.1411830633878708,0.10928884893655777,935.9069
8070,0.10894827544689178,0.10894827544689178,0.14414560794830322,0.11211893707513809,936.0328
8071,0.10899756103754044,0.10899756103754044,0.14055566489696503,0.10868988186120987,936.1564
8072,0.10908490419387817,0.10908490419387817,0.14518463611602783,0.1131148561835289,936.2845
8073,0.1092291921377182,0.1092291921377182,0.13967804610729218,0.1078585609793663,936.4105
8074,0.10946601629257202,0.10946601629257202,0.1469918042421341,0.11485596001148224,936.5412
8075,0.10983595997095108,0.10983595997095108,0.1385616511106491,0.10681597143411636,936.6691
8076,0.11041571199893951,0.11041571199893951,0.15013480186462402,0.11789985001087189,936.79
8077,0.11125481128692627,0.11125481128692627,0.1374567151069641,0.10582001507282257,936.9127
8078,0.11245293915271759,0.11245293915271759,0.15523996949195862,0.12286943197250366,937.0379
8079,0.1139029860496521,0.1139029860496521,0.13696973025798798,0.10546670109033585,937.1596
8080,0.1155102476477623,0.1155102476477623,0.16155211627483368,0.1290421485900879,937.2814
8081,0.11659751832485199,0.11659751832485199,0.1372741162776947,0.10586482286453247,937.401
8082,0.11674688756465912,0.11674688756465912,0.16385361552238464,0.1313028186559677,937.5256
8083,0.11529795080423355,0.11529795080423355,0.13705188035964966,0.1055811196565628,937.6518
8084,0.11279992014169693,0.11279992014169693,0.1560242474079132,0.12364108860492706,937.7823
8085,0.11020383983850479,0.11020383983850479,0.13791273534297943,0.1061825305223465,937.9042
8086,0.10872497409582138,0.10872497409582138,0.14407627284526825,0.1120181530714035,938.0252
8087,0.10878553241491318,0.10878553241491318,0.14452767372131348,0.11245188862085342,938.1504
8088,0.1099180206656456,0.1099180206656456,0.13802793622016907,0.10627271234989166,938.2762
8089,0.1111728698015213,0.1111728698015213,0.15237319469451904,0.12006284296512604,938.4026
8090,0.11165859550237656,0.11165859550237656,0.13702675700187683,0.10538937896490097,938.5262
8091,0.11112570762634277,0.11112570762634277,0.15231257677078247,0.12000937759876251,938.649
8092,0.1099202036857605,0.1099202036857605,0.1379607617855072,0.10620491206645966,938.7717
8093,0.10884032398462296,0.10884032398462296,0.14526470005512238,0.1131535992026329,938.8959
8094,0.1084563359618187,0.1084563359618187,0.1421656608581543,0.1101640909910202,939.0194
8095,0.108802929520607,0.108802929520607,0.13955537974834442,0.10767173767089844,939.1411
8096,0.10944583266973495,0.10944583266973495,0.14772947132587433,0.1155293732881546,939.2679
8097,0.10984165966510773,0.10984165966510773,0.13781864941120148,0.10605510324239731,939.3895
8098,0.10972391068935394,0.10972391068935394,0.1486736536026001,0.116452157497406,939.5182
8099,0.10919252783060074,0.10919252783060074,0.138551265001297,0.1067298874258995,939.642
8100,0.10862608253955841,0.10862608253955841,0.14457270503044128,0.11247444152832031,939.7647
8101,0.10835240036249161,0.10835240036249161,0.14158961176872253,0.1095985621213913,939.8885
8102,0.10845182090997696,0.10845182090997696,0.14040835201740265,0.10846374183893204,940.0137
8103,0.10874658823013306,0.10874658823013306,0.1453753411769867,0.11323456466197968,940.1364
8104,0.1089683398604393,0.1089683398604393,0.13872602581977844,0.10687460005283356,940.2597
8105,0.1089545264840126,0.1089545264840126,0.14634180068969727,0.11417315155267715,940.385
8106,0.10872142016887665,0.10872142016887665,0.13915418088436127,0.1072765365242958,940.5107
8107,0.10843269526958466,0.10843269526958466,0.1439412534236908,0.1118520051240921,940.635
8108,0.10825502872467041,0.10825502872467041,0.1412384808063507,0.109249547123909,940.7655
8109,0.10825462639331818,0.10825462639331818,0.14100319147109985,0.10901786386966705,940.89
8110,0.10837377607822418,0.10837377607822418,0.14381402730941772,0.11171422153711319,941.0182
8111,0.10849086940288544,0.10849086940288544,0.1395108997821808,0.10759525001049042,941.1473
8112,0.1085134968161583,0.1085134968161583,0.1447833925485611,0.11264930665493011,941.2767
8113,0.10842376947402954,0.10842376947402954,0.13961943984031677,0.10769786685705185,941.4054
8114,0.10828026384115219,0.10828026384115219,0.1435367912054062,0.11144671589136124,941.5313
8115,0.1081623062491417,0.1081623062491417,0.14093343913555145,0.1089433878660202,941.6549
8116,0.10811921209096909,0.10811921209096909,0.14152850210666656,0.10950767993927002,941.7829
8117,0.10814651101827621,0.10814651101827621,0.14267614483833313,0.11060662567615509,941.9091
8118,0.10819949954748154,0.10819949954748154,0.14020013809204102,0.1082344800233841,942.033
8119,0.10822738707065582,0.10822738707065582,0.1436324566602707,0.11152467876672745,942.1621
8120,0.10820531845092773,0.10820531845092773,0.13998380303382874,0.10802768170833588,942.4026
8121,0.10814249515533447,0.10814249515533447,0.1431949883699417,0.11110274493694305,942.5242
8122,0.10806944221258163,0.10806944221258163,0.14068232476711273,0.10868855565786362,942.6509
8123,0.10801724344491959,0.10801724344491959,0.14194977283477783,0.10989771783351898,942.784
8124,0.1079990491271019,0.1079990491271019,0.14181895554065704,0.10976960510015488,942.9088
8125,0.10800745338201523,0.10800745338201523,0.1408272087574005,0.1088176742196083,943.0335
8126,0.10802152007818222,0.10802152007818222,0.14269666373729706,0.11060918867588043,943.1572
8127,0.10802247375249863,0.10802247375249863,0.14035245776176453,0.10836303234100342,943.2816
8128,0.10800280421972275,0.10800280421972275,0.14279085397720337,0.11069933325052261,943.4124
8129,0.10796642303466797,0.10796642303466797,0.1405552625656128,0.1085529774427414,943.5347
8130,0.10792627185583115,0.10792627185583115,0.14218679070472717,0.11011248826980591,943.6591
8131,0.10789413750171661,0.10789413750171661,0.14119812846183777,0.10916109383106232,943.7831
8132,0.10787560790777206,0.10787560790777206,0.141365647315979,0.10931873321533203,943.9088
8133,0.10786887258291245,0.10786887258291245,0.1419014036655426,0.10983087867498398,944.0344
8134,0.1078665629029274,0.1078665629029274,0.14077980816364288,0.10875558853149414,944.1544
8135,0.10786017030477524,0.10786017030477524,0.14227040112018585,0.11018381267786026,944.2776
8136,0.10784661769866943,0.10784661769866943,0.14061693847179413,0.10859676450490952,944.4088
8137,0.10782494395971298,0.10782494395971298,0.14216461777687073,0.11007757484912872,944.536
8138,0.10779941082000732,0.10779941082000732,0.14083224534988403,0.10879729688167572,944.6614
8139,0.10777521133422852,0.10777521133422852,0.1417241245508194,0.10964886844158173,944.783
8140,0.10775528103113174,0.10775528103113174,0.14126214385032654,0.10920362174510956,944.9096
8141,0.10774043947458267,0.10774043947458267,0.14122185111045837,0.10916396230459213,945.0369
8142,0.10772950947284698,0.10772950947284698,0.14166495203971863,0.10958759486675262,945.1652
8143,0.10771918296813965,0.10771918296813965,0.14087747037410736,0.10883085429668427,945.2914
8144,0.10770753771066666,0.10770753771066666,0.14185616374015808,0.10976706445217133,945.4185
8145,0.10769297182559967,0.10769297182559967,0.14077261090278625,0.10872600227594376,945.5447
8146,0.1076754555106163,0.1076754555106163,0.1417829990386963,0.10969183593988419,945.6718
8147,0.10765669494867325,0.10765669494867325,0.14088791608810425,0.10883140563964844,945.803
8148,0.10763802379369736,0.10763802379369736,0.14152470231056213,0.10944008827209473,945.9288
8149,0.10762039572000504,0.10762039572000504,0.14112599194049835,0.10905627906322479,946.0537
8150,0.10760488361120224,0.10760488361120224,0.14121763408184052,0.10914208739995956,946.1789
8151,0.10759074985980988,0.10759074985980988,0.14136502146720886,0.10928132385015488,946.2971
8152,0.1075776070356369,0.1075776070356369,0.1409720480442047,0.10890223830938339,946.4225
8153,0.10756423324346542,0.10756423324346542,0.14150682091712952,0.1094125360250473,946.5487
8154,0.10755030810832977,0.10755030810832977,0.14085054397583008,0.10878150165081024,946.6758
8155,0.10753533989191055,0.10753533989191055,0.1415109932422638,0.10941281169652939,946.8065
8156,0.10751964896917343,0.10751964896917343,0.14085586369037628,0.10878290235996246,946.9471
8157,0.10750335454940796,0.10750335454940796,0.1414002925157547,0.10930299758911133,947.071
8158,0.10748715698719025,0.10748715698719025,0.14095047116279602,0.10886971652507782,947.1959
8159,0.10747120529413223,0.10747120529413223,0.14122509956359863,0.10913069546222687,947.3224
8160,0.10745580494403839,0.10745580494403839,0.14107969403266907,0.10898880660533905,947.4706
8161,0.10744114220142365,0.10744114220142365,0.14104828238487244,0.10895669460296631,947.6011
8162,0.1074267253279686,0.1074267253279686,0.14118897914886475,0.10908973217010498,947.7338
8163,0.10741225630044937,0.10741225630044937,0.14091388881206512,0.10882405191659927,947.8638
8164,0.10739807784557343,0.10739807784557343,0.1412443220615387,0.10913901031017303,947.9952
8165,0.10738351196050644,0.10738351196050644,0.140839621424675,0.10874919593334198,948.1254
8166,0.1073688492178917,0.1073688492178917,0.1412365436553955,0.10912752151489258,948.2497
8167,0.10735390335321426,0.10735390335321426,0.14082524180412292,0.10873095691204071,948.3752
8168,0.10733862221240997,0.10733862221240997,0.14117427170276642,0.10906355082988739,948.4998
8169,0.10732345283031464,0.10732345283031464,0.14085285365581512,0.10875321924686432,948.6258
8170,0.10730825364589691,0.10730825364589691,0.14108142256736755,0.10897048562765121,948.7499
8171,0.10729308426380157,0.10729308426380157,0.14090175926685333,0.10879649966955185,948.8801
8172,0.1072782501578331,0.1072782501578331,0.14097782969474792,0.10886730998754501,949.0138
8173,0.10726366937160492,0.10726366937160492,0.14095063507556915,0.10883913934230804,949.1423
8174,0.10724886506795883,0.10724886506795883,0.14088314771652222,0.10877247154712677,949.2663
8175,0.10723412036895752,0.10723412036895752,0.14098210632801056,0.10886522382497787,949.3955
8176,0.10721974074840546,0.10721974074840546,0.14081056416034698,0.10869850963354111,949.5236
8177,0.10720521211624146,0.10720521211624146,0.14099152386188507,0.10887034237384796,949.6528
8178,0.10719040781259537,0.10719040781259537,0.140762060880661,0.10864841938018799,949.7759
8179,0.10717590898275375,0.10717590898275375,0.14097854495048523,0.10885386168956757,949.9028
8180,0.10716132819652557,0.10716132819652557,0.1407351940870285,0.1086185947060585,950.0306
8181,0.10714654624462128,0.10714654624462128,0.14094626903533936,0.10881893336772919,950.1568
8182,0.1071314811706543,0.1071314811706543,0.14072255790233612,0.10860224813222885,950.2868
8183,0.1071169525384903,0.1071169525384903,0.14090009033679962,0.10877051204442978,950.4124
8184,0.10710207372903824,0.10710207372903824,0.14072033762931824,0.10859628766775131,950.5424
8185,0.10708758980035782,0.10708758980035782,0.14084739983081818,0.10871614515781403,950.6666
8186,0.10707277059555054,0.10707277059555054,0.14072220027446747,0.10859417915344238,950.7896
8187,0.10705827176570892,0.10705827176570892,0.14079275727272034,0.10865981876850128,950.911
8188,0.10704352706670761,0.10704352706670761,0.14072468876838684,0.10859240591526031,951.0355
8189,0.10702881962060928,0.10702881962060928,0.14074020087718964,0.10860536247491837,951.1639
8190,0.10701432079076767,0.10701432079076767,0.14072246849536896,0.10858631134033203,951.2894
8191,0.10699949413537979,0.10699949413537979,0.14069323241710663,0.10855629295110703,951.4137
8192,0.10698503255844116,0.10698503255844116,0.1407160460948944,0.10857629776000977,951.5381
8193,0.10697042942047119,0.10697042942047119,0.14065073430538177,0.10851166397333145,951.6624
8194,0.10695608705282211,0.10695608705282211,0.1407053917646408,0.10856214910745621,951.7864
8195,0.10694140195846558,0.10694140195846558,0.1406109780073166,0.10846960544586182,951.9067
8196,0.10692695528268814,0.10692695528268814,0.1406918317079544,0.10854510962963104,952.032
8197,0.10691239684820175,0.10691239684820175,0.1405746042728424,0.10843080282211304,952.1621
8198,0.10689791291952133,0.10689791291952133,0.14067496359348297,0.10852501541376114,952.2903
8199,0.10688356310129166,0.10688356310129166,0.14054134488105774,0.10839489847421646,952.4192
8200,0.10686905682086945,0.10686905682086945,0.1406555026769638,0.10850256681442261,952.5504
8201,0.10685454308986664,0.10685454308986664,0.14050960540771484,0.10836069285869598,952.6841
8202,0.10684014856815338,0.10684014856815338,0.14063608646392822,0.10847990214824677,952.8175
8203,0.10682554543018341,0.10682554543018341,0.1404775083065033,0.10832586139440536,952.9444
8204,0.10681100189685822,0.10681100189685822,0.14061716198921204,0.10845775902271271,953.0701
8205,0.10679665952920914,0.10679665952920914,0.14044272899627686,0.10828854143619537,953.1941
8206,0.10678194463253021,0.10678194463253021,0.1406022012233734,0.1084396094083786,953.3217
8207,0.10676783323287964,0.10676783323287964,0.14040394127368927,0.10824747383594513,953.4492
8208,0.10675331205129623,0.10675331205129623,0.14059153199195862,0.10842549800872803,953.577
8209,0.10673896968364716,0.10673896968364716,0.14036163687705994,0.10820305347442627,953.7062
8210,0.1067247986793518,0.1067247986793518,0.14058686792850494,0.10841701179742813,953.8331
8211,0.10671047866344452,0.10671047866344452,0.14031146466732025,0.10815099626779556,953.962
8212,0.10669610649347305,0.10669610649347305,0.1405906081199646,0.10841679573059082,954.0894
8213,0.10668207705020905,0.10668207705020905,0.1402519941329956,0.10809008777141571,954.2153
8214,0.10666783154010773,0.10666783154010773,0.14060619473457336,0.1084280014038086,954.3437
8215,0.10665416717529297,0.10665416717529297,0.14017954468727112,0.10801676660776138,954.4694
8216,0.10664062201976776,0.10664062201976776,0.14063838124275208,0.10845498740673065,954.5953
8217,0.10662700235843658,0.10662700235843658,0.14008687436580658,0.10792410373687744,954.7229
8218,0.1066138744354248,0.1066138744354248,0.14069771766662598,0.1085081472992897,954.8497
8219,0.10660137981176376,0.10660137981176376,0.1399647742509842,0.10780318081378937,954.9749
8220,0.10658951848745346,0.10658951848745346,0.14079567790031433,0.10859854519367218,955.1031
8221,0.10657884925603867,0.10657884925603867,0.13980108499526978,0.10764257609844208,955.2326
8222,0.10656942427158356,0.10656942427158356,0.1409560889005661,0.10874881595373154,955.3612
8223,0.10656265169382095,0.10656265169382095,0.13957247138023376,0.107419952750206,955.4898
8224,0.10655894130468369,0.10655894130468369,0.1412125825881958,0.10899180173873901,955.618
8225,0.1065608486533165,0.1065608486533165,0.1392507553100586,0.107108473777771,955.7479
8226,0.10657006502151489,0.10657006502151489,0.14162573218345642,0.10938604176044464,955.8768
8227,0.1065908893942833,0.1065908893942833,0.13879403471946716,0.10666881501674652,956.0053
8228,0.10662996768951416,0.10662996768951416,0.1423005759716034,0.11003311723470688,956.1324
8229,0.10669567435979843,0.10669567435979843,0.13814860582351685,0.10605128109455109,956.2607
8230,0.10680383443832397,0.10680383443832397,0.14342211186885834,0.1111137643456459,956.3909
8231,0.10697518289089203,0.10697518289089203,0.13727040588855743,0.10521725565195084,956.5194
8232,0.1072460189461708,0.1072460189461708,0.14533020555973053,0.11295969784259796,956.646
8233,0.10766115039587021,0.10766115039587021,0.13618165254592896,0.10419778525829315,956.7759
8234,0.10830052196979523,0.10830052196979523,0.14861920475959778,0.11615584045648575,956.9039
8235,0.10924027115106583,0.10924027115106583,0.13512656092643738,0.10324625670909882,957.0357
8236,0.11061751842498779,0.11061751842498779,0.15417273342609406,0.12157656997442245,957.1643
8237,0.11245550960302353,0.11245550960302353,0.13477149605751038,0.10303151607513428,957.2948
8238,0.11481070518493652,0.11481070518493652,0.1624145209789276,0.1296541392803192,957.4285
8239,0.11722864210605621,0.11722864210605621,0.13576385378837585,0.10416938364505768,957.559
8240,0.11923341453075409,0.11923341453075409,0.17008763551712036,0.13719764351844788,957.6838
8241,0.11955218017101288,0.11955218017101288,0.13655602931976318,0.10501277446746826,957.8094
8242,0.11774859577417374,0.11774859577417374,0.16755644977092743,0.13471132516860962,957.9363
8243,0.11384918540716171,0.11384918540716171,0.1348656713962555,0.10315734148025513,958.0634
8244,0.10957428067922592,0.10957428067922592,0.15191742777824402,0.11936686933040619,958.1902
8245,0.10674478858709335,0.10674478858709335,0.13711312413215637,0.10503154993057251,958.3168
8246,0.10636000335216522,0.10636000335216522,0.13829529285430908,0.10614631325006485,958.4449
8247,0.10793761909008026,0.10793761909008026,0.14787515997886658,0.11540844291448593,958.5696
8248,0.11003084480762482,0.11003084480762482,0.13463495671749115,0.10277462005615234,958.6936
8249,0.11119344085454941,0.11119344085454941,0.1555374562740326,0.12290425598621368,958.8217
8250,0.11066292226314545,0.11066292226314545,0.1345350444316864,0.10270923376083374,958.9483
8251,0.10889687389135361,0.10889687389135361,0.1504710614681244,0.11795036494731903,959.0752
8252,0.10702620446681976,0.10702620446681976,0.13633589446544647,0.10428933799266815,959.2028
8253,0.1061367392539978,0.1061367392539978,0.14049598574638367,0.1082429513335228,959.3307
8254,0.10648606717586517,0.10648606717586517,0.14309705793857574,0.1107502207159996,959.4606
8255,0.10749770700931549,0.10749770700931549,0.13564687967300415,0.1036304458975792,959.5887
8256,0.10829465091228485,0.10829465091228485,0.14903123676776886,0.11652565002441406,959.7163
8257,0.10828938335180283,0.10828938335180283,0.13501939177513123,0.10306838899850845,959.8456
8258,0.1075514405965805,0.1075514405965805,0.14704188704490662,0.11459466069936752,959.9741
8259,0.10661079734563828,0.10661079734563828,0.1367691457271576,0.10468228161334991,960.102
8260,0.10606162250041962,0.10606162250041962,0.14070887863636017,0.10843894630670547,960.2315
8261,0.10612575709819794,0.10612575709819794,0.14144453406333923,0.10914251953363419,960.4825
8262,0.1065819263458252,0.1065819263458252,0.1367020308971405,0.10460104793310165,960.6121
8263,0.10700295865535736,0.10700295865535736,0.14548708498477936,0.11306209862232208,960.7407
8264,0.10706621408462524,0.10706621408462524,0.13586990535259247,0.10382815450429916,960.867
8265,0.10675326734781265,0.10675326734781265,0.1446784883737564,0.11228366196155548,960.989
8266,0.10629192739725113,0.10629192739725113,0.1372145116329193,0.10509009659290314,961.1161
8267,0.10597262531518936,0.10597262531518936,0.1406983882188797,0.1084190383553505,961.4296
8268,0.1059373989701271,0.1059373989701271,0.14039069414138794,0.1081155315041542,961.6284
8269,0.10612078011035919,0.10612078011035919,0.13761158287525177,0.10544885694980621,961.7852
8270,0.10633422434329987,0.10633422434329987,0.14320442080497742,0.11083342880010605,961.9292
8271,0.10640902817249298,0.10640902817249298,0.13668818771839142,0.10457835346460342,962.0633
8272,0.10629954189062119,0.10629954189062119,0.1431523859500885,0.11078915745019913,962.1988
8273,0.1060829907655716,0.1060829907655716,0.13750818371772766,0.10535542666912079,962.3312
8274,0.10589113086462021,0.10589113086462021,0.14078707993030548,0.10849479585886002,962.4788
8275,0.1058148741722107,0.1058148741722107,0.13957223296165466,0.10731949657201767,962.607
8276,0.10585830360651016,0.10585830360651016,0.13845592737197876,0.10624521970748901,962.7345
8277,0.10595440864562988,0.10595440864562988,0.14159849286079407,0.10926902294158936,962.8671
8278,0.10601861774921417,0.10601861774921417,0.13742849230766296,0.10526658594608307,962.9954
8279,0.10600464046001434,0.10600464046001434,0.14206025004386902,0.10971903800964355,963.1263
8280,0.1059190034866333,0.1059190034866333,0.1377081274986267,0.10553194582462311,963.2531
8281,0.10581064224243164,0.10581064224243164,0.14086440205574036,0.10855764150619507,963.3805
8282,0.10573156923055649,0.10573156923055649,0.1389276683330536,0.10668937861919403,963.5116
8283,0.10570721328258514,0.10570721328258514,0.13920804858207703,0.10695505142211914,963.6365
8284,0.10572782903909683,0.10572782903909683,0.1403733491897583,0.10807526111602783,963.7663
8285,0.10576250404119492,0.10576250404119492,0.1381409615278244,0.10593283176422119,963.8973
8286,0.10577867925167084,0.10577867925167084,0.14111948013305664,0.10879745334386826,964.0218
8287,0.10576049983501434,0.10576049983501434,0.1379595547914505,0.10575947910547256,964.1537
8288,0.10571463406085968,0.10571463406085968,0.1407850980758667,0.10847070068120956,964.282
8289,0.10565970093011856,0.10565970093011856,0.13851800560951233,0.1062864288687706,964.4139
8290,0.10561653226613998,0.10561653226613998,0.1397927850484848,0.10750706493854523,964.5431
8291,0.1055954322218895,0.1055954322218895,0.13944879174232483,0.10717453807592392,964.669
8292,0.10559389740228653,0.10559389740228653,0.1388395130634308,0.1065894141793251,964.7946
8293,0.1056007519364357,0.1056007519364357,0.14022400975227356,0.107920803129673,964.9222
8294,0.10560289770364761,0.10560289770364761,0.13834725320339203,0.10611679404973984,965.0478
8295,0.10559253394603729,0.10559253394603729,0.1404382437467575,0.10812418162822723,965.172
8296,0.10556940734386444,0.10556940734386444,0.13838869333267212,0.10615091025829315,965.2953
8297,0.10553890466690063,0.10553890466690063,0.14007344841957092,0.10776658356189728,965.4216
8298,0.10550978034734726,0.10550978034734726,0.13883163034915924,0.10657072067260742,965.5497
8299,0.10548706352710724,0.10548706352710724,0.13943789899349213,0.10715241730213165,965.6776
8300,0.10547350347042084,0.10547350347042084,0.1394117772579193,0.10712696611881256,965.8051
8301,0.10546614229679108,0.10546614229679108,0.13887472450733185,0.10660986602306366,965.9318
8302,0.10546047985553741,0.10546047985553741,0.1398417055606842,0.10753743350505829,966.0563
8303,0.1054527536034584,0.1054527536034584,0.13858188688755035,0.10632431507110596,966.182
8304,0.10544034093618393,0.10544034093618393,0.13994410634040833,0.10763099044561386,966.3059
8305,0.10542328655719757,0.10542328655719757,0.13859973847866058,0.10633687674999237,966.4307
8306,0.1054033637046814,0.1054033637046814,0.1397346556186676,0.10742632299661636,966.5565
8307,0.10538343340158463,0.10538343340158463,0.13884778320789337,0.10657282918691635,966.683
8308,0.10536547750234604,0.10536547750234604,0.13936176896095276,0.10706541687250137,966.8089
8309,0.10535051673650742,0.10535051673650742,0.13918372988700867,0.10689230263233185,966.9336
8310,0.1053384393453598,0.1053384393453598,0.1389998495578766,0.10671327263116837,967.0603
8311,0.10532774031162262,0.10532774031162262,0.13945762813091278,0.10715101659297943,967.1865
8312,0.10531699657440186,0.10531699657440186,0.1387653648853302,0.10648411512374878,967.3129
8313,0.10530515015125275,0.10530515015125275,0.1395758092403412,0.10726197063922882,967.4378
8314,0.10529188811779022,0.10529188811779022,0.13869890570640564,0.1064179390668869,967.563
8315,0.10527696460485458,0.10527696460485458,0.13952171802520752,0.10720731317996979,967.6914
8316,0.1052614226937294,0.1052614226937294,0.13877631723880768,0.1064889207482338,967.8185
8317,0.1052456721663475,0.1052456721663475,0.1393425464630127,0.10703108459711075,967.9431
8318,0.10523031651973724,0.10523031651973724,0.13893663883209229,0.10663856565952301,968.0682
8319,0.10521596670150757,0.10521596670150757,0.13912120461463928,0.10681401193141937,968.1967
8320,0.1052025780081749,0.1052025780081749,0.1391080617904663,0.10680003464221954,968.3221
8321,0.10518993437290192,0.10518993437290192,0.13892599940299988,0.10662376880645752,968.4433
8322,0.10517732053995132,0.10517732053995132,0.13923339545726776,0.10691778361797333,968.5681
8323,0.10516466200351715,0.10516466200351715,0.13879889249801636,0.10649847984313965,968.6909
8324,0.10515163093805313,0.10515163093805313,0.13927948474884033,0.10695859044790268,968.8181
8325,0.10513858497142792,0.10513858497142792,0.13875165581703186,0.10644914954900742,968.9411
8326,0.10512465238571167,0.10512465238571167,0.13924945890903473,0.10692582279443741,969.0665
8327,0.10511082410812378,0.10511082410812378,0.1387694627046585,0.10646291077136993,969.1932
8328,0.10509689897298813,0.10509689897298813,0.139161616563797,0.10683850944042206,969.3215
8329,0.10508273541927338,0.10508273541927338,0.1388300657272339,0.10651817172765732,969.4511
8330,0.10506876558065414,0.10506876558065414,0.13904616236686707,0.10672418028116226,969.5764
8331,0.10505497455596924,0.10505497455596924,0.13890370726585388,0.10658534616231918,969.7006
8332,0.10504178702831268,0.10504178702831268,0.1389295607805252,0.1066083163022995,969.8284
8333,0.10502868890762329,0.10502868890762329,0.13896915316581726,0.10664457082748413,969.9627
8334,0.10501541197299957,0.10501541197299957,0.13883204758167267,0.10651123523712158,970.1002
8335,0.10500232130289078,0.10500232130289078,0.13901038467884064,0.10668108612298965,970.227
8336,0.10498911142349243,0.10498911142349243,0.13876405358314514,0.10644280910491943,970.3509
8337,0.10497615486383438,0.10497615486383438,0.1390220820903778,0.10668925195932388,970.4802
8338,0.10496272891759872,0.10496272891759872,0.1387234479188919,0.10640029609203339,970.608
8339,0.10494957119226456,0.10494957119226456,0.13900643587112427,0.10667047649621964,970.733
8340,0.10493626445531845,0.10493626445531845,0.13870656490325928,0.10638050734996796,970.8599
8341,0.10492279380559921,0.10492279380559921,0.1389705091714859,0.10663280636072159,971.0101
8342,0.10490927845239639,0.10490927845239639,0.13870540261268616,0.1063762679696083,971.1639
8343,0.10489598661661148,0.10489598661661148,0.13892227411270142,0.10658307373523712,971.2974
8344,0.10488252341747284,0.10488252341747284,0.13871262967586517,0.1063799262046814,971.4283
8345,0.1048692911863327,0.1048692911863327,0.13886813819408417,0.10652758926153183,971.5601
8346,0.10485589504241943,0.10485589504241943,0.13872234523296356,0.10638569295406342,971.6927
8347,0.1048424243927002,0.1048424243927002,0.13881534337997437,0.1064734011888504,971.8242
8348,0.10482911765575409,0.10482911765575409,0.13873152434825897,0.1063910722732544,971.9543
8349,0.10481604188680649,0.10481604188680649,0.13876453042030334,0.10642135143280029,972.081
8350,0.10480263084173203,0.10480263084173203,0.13873587548732758,0.1063922643661499,972.209
8351,0.10478947311639786,0.10478947311639786,0.13871757686138153,0.10637278854846954,972.337
8352,0.10477618873119354,0.10477618873119354,0.13873626291751862,0.10638916492462158,972.4665
8353,0.10476310551166534,0.10476310551166534,0.13867509365081787,0.10632877051830292,972.5979
8354,0.10474987328052521,0.10474987328052521,0.13873255252838135,0.10638217628002167,972.7276
8355,0.10473673045635223,0.10473673045635223,0.1386376917362213,0.10628922283649445,972.8571
8356,0.10472335666418076,0.10472335666418076,0.13872431218624115,0.1063709706068039,972.9823
8357,0.10471049696207047,0.10471049696207047,0.13860324025154114,0.10625305026769638,973.1094
8358,0.10469742864370346,0.10469742864370346,0.1387142837047577,0.10635809600353241,973.2379
8359,0.1046842560172081,0.1046842560172081,0.13857054710388184,0.10621824115514755,973.3626
8360,0.10467097908258438,0.10467097908258438,0.1387011706829071,0.10634215921163559,973.4874
8361,0.10465788841247559,0.10465788841247559,0.1385391801595688,0.10618467628955841,973.6156
8362,0.10464485734701157,0.10464485734701157,0.1386898159980774,0.10632793605327606,973.7465
8363,0.10463164001703262,0.10463164001703262,0.13850532472133636,0.10614893585443497,973.871
8364,0.10461859405040741,0.10461859405040741,0.13868096470832825,0.10631611198186874,974.005
8365,0.10460567474365234,0.10460567474365234,0.13846902549266815,0.10611073672771454,974.138
8366,0.10459257662296295,0.10459257662296295,0.1386757791042328,0.1063079833984375,974.271
8367,0.1045796126127243,0.1045796126127243,0.1384274959564209,0.10606751590967178,974.4014
8368,0.1045665293931961,0.1045665293931961,0.13867685198783875,0.10630552470684052,974.5303
8369,0.10455354303121567,0.10455354303121567,0.1383795291185379,0.10601816326379776,974.6533
8370,0.10454072803258896,0.10454072803258896,0.13868448138237,0.10630979388952255,974.7906
8371,0.10452806949615479,0.10452806949615479,0.1383233666419983,0.10596082359552383,974.9248
8372,0.10451529920101166,0.10451529920101166,0.1387055367231369,0.10632672160863876,975.0524
8373,0.10450269281864166,0.10450269281864166,0.13825206458568573,0.1058892235159874,975.1799
8374,0.10449056327342987,0.10449056327342987,0.13874337077140808,0.10635992139577866,975.3056
8375,0.10447827726602554,0.10447827726602554,0.13816209137439728,0.10579923540353775,975.4327
8376,0.10446667671203613,0.10446667671203613,0.1388082057237625,0.10641904175281525,975.5603
8377,0.10445543378591537,0.10445543378591537,0.13804061710834503,0.105679452419281,975.6815
8378,0.1044451966881752,0.1044451966881752,0.13891449570655823,0.1065182238817215,975.8096
8379,0.10443595796823502,0.10443595796823502,0.13787654042243958,0.10551875829696655,975.9382
8380,0.10442837327718735,0.10442837327718735,0.1390814483165741,0.10667596757411957,976.0666
8381,0.10442321002483368,0.10442321002483368,0.13764803111553192,0.10529609024524689,976.1959
8382,0.10442149639129639,0.10442149639129639,0.13934928178787231,0.10693099349737167,976.3249
8383,0.10442540794610977,0.10442540794610977,0.13732324540615082,0.10498169809579849,976.4534
8384,0.1044372171163559,0.1044372171163559,0.1397768259048462,0.10734047740697861,976.579
8385,0.10446109622716904,0.10446109622716904,0.13686223328113556,0.10453734546899796,976.7052
8386,0.10450343787670135,0.10450343787670135,0.140469029545784,0.108006551861763,976.8318
8387,0.10457400977611542,0.10457400977611542,0.1362110674381256,0.10391316562891006,976.9587
8388,0.1046881452202797,0.1046881452202797,0.14161822199821472,0.10911647975444794,977.0861
8389,0.10486838966608047,0.10486838966608047,0.13532289862632751,0.10306794941425323,977.2173
8390,0.10515254735946655,0.10515254735946655,0.1435781717300415,0.11101686954498291,977.3508
8391,0.10559231042861938,0.10559231042861938,0.1342165172100067,0.10202904045581818,977.4808
8392,0.10627375543117523,0.10627375543117523,0.14700928330421448,0.11435730755329132,977.6121
8393,0.1073024719953537,0.1073024719953537,0.13314099609851837,0.10105720907449722,977.7422
8394,0.10884837806224823,0.10884837806224823,0.15304765105247498,0.12026038020849228,977.8767
8395,0.11104552447795868,0.11104552447795868,0.1328798085451126,0.10094503313302994,978.0038
8396,0.11406823247671127,0.11406823247671127,0.16300323605537415,0.13003167510032654,978.135
8397,0.11771881580352783,0.11771881580352783,0.13464131951332092,0.10288821160793304,978.2553
8398,0.12159136682748795,0.12159136682748795,0.1754753291606903,0.14231152832508087,978.3786
8399,0.12424230575561523,0.12424230575561523,0.13746145367622375,0.1058422103524208,978.534
8400,0.12431663274765015,0.12431663274765015,0.17972426116466522,0.14650267362594604,978.6679
8401,0.12055326998233795,0.12055326998233795,0.13567909598350525,0.10398421436548233,978.8027
8402,0.11410162597894669,0.11410162597894669,0.16309942305088043,0.13012559711933136,978.9361
8403,0.10769063234329224,0.10769063234329224,0.13275665044784546,0.10068587958812714,979.0643
8404,0.10431480407714844,0.10431480407714844,0.14043359458446503,0.10793960094451904,979.1904
8405,0.10490377992391586,0.10490377992391586,0.14312417805194855,0.11054487526416779,979.3154
8406,0.10801352560520172,0.10801352560520172,0.1326237916946411,0.10055599361658096,979.4415
8407,0.11103875935077667,0.11103875935077667,0.15761016309261322,0.12472040951251984,979.569
8408,0.11180134117603302,0.11180134117603302,0.13266602158546448,0.10075334459543228,979.6927
8409,0.1099034994840622,0.1099034994840622,0.15542790293693542,0.12259317934513092,979.8225
8410,0.10672134160995483,0.10672134160995483,0.13290312886238098,0.10079233348369598,979.9474
8411,0.10441068559885025,0.10441068559885025,0.1412978321313858,0.1087736263871193,980.0703
8412,0.10417671501636505,0.10417671501636505,0.1400243490934372,0.10752648115158081,980.1975
8413,0.10558979213237762,0.10558979213237762,0.13350097835063934,0.1012943759560585,980.3208
8414,0.1071828156709671,0.1071828156709671,0.14962519705295563,0.116876982152462,980.4458
8415,0.10763613879680634,0.10763613879680634,0.13247017562389374,0.10039379447698593,980.57
8416,0.10668975114822388,0.10668975114822388,0.14848847687244415,0.11578458547592163,980.7009
8417,0.10512392222881317,0.10512392222881317,0.13387295603752136,0.10165808349847794,980.8281
8418,0.1040617972612381,0.1040617972612381,0.13964985311031342,0.1071692705154419,980.9586
8419,0.1040610522031784,0.1040610522031784,0.13972105085849762,0.10722634941339493,981.0834
8420,0.10481779277324677,0.10481779277324677,0.13418832421302795,0.1019241213798523,981.2117
8421,0.10555639117956161,0.10555639117956161,0.14560508728027344,0.11294493824243546,981.3371
8422,0.10566750913858414,0.10566750913858414,0.13323239982128143,0.1010495200753212,981.4614
8423,0.10511412471532822,0.10511412471532822,0.1443311721086502,0.1117187961935997,981.5874
8424,0.10434161126613617,0.10434161126613617,0.13493885099887848,0.10264793783426285,981.7125
8425,0.10387919098138809,0.10387919098138809,0.13861475884914398,0.10615964978933334,981.8339
8426,0.10393719375133514,0.10393719375133514,0.13934281468391418,0.10685155540704727,981.9598
8427,0.104322649538517,0.104322649538517,0.13484708964824677,0.10253343731164932,982.1628
8428,0.10465673357248306,0.10465673357248306,0.14293017983436584,0.11032972484827042,982.3073
8429,0.10467378050088882,0.10467378050088882,0.13412527740001678,0.10186352580785751,982.4507
8430,0.10438275337219238,0.10438275337219238,0.14196527004241943,0.10940514504909515,982.5852
8431,0.10400228202342987,0.10400228202342987,0.13562488555908203,0.10328762233257294,982.7127
8432,0.10377432405948639,0.10377432405948639,0.1382790356874466,0.10582731664180756,982.8376
8433,0.10379217565059662,0.10379217565059662,0.13872165977954865,0.10624603182077408,982.963
8434,0.1039675921201706,0.1039675921201706,0.1355801373720169,0.10322465002536774,983.0865
8435,0.10412853956222534,0.10412853956222534,0.14107556641101837,0.10852217674255371,983.2129
8436,0.10414782911539078,0.10414782911539078,0.13492265343666077,0.1026061549782753,983.3398
8437,0.10401765257120132,0.10401765257120132,0.1406330168247223,0.10810168087482452,983.4654
8438,0.10382834821939468,0.10382834821939468,0.13594113290309906,0.10357733070850372,983.5907
8439,0.10369141399860382,0.10369141399860382,0.13831305503845215,0.1058497205376625,983.7164
8440,0.1036650687456131,0.1036650687456131,0.13800480961799622,0.10554568469524384,983.843
8441,0.10372670739889145,0.10372670739889145,0.13629932701587677,0.10390336811542511,983.9718
8442,0.10380551964044571,0.10380551964044571,0.13970984518527985,0.10719031095504761,984.0964
8443,0.10383553802967072,0.10383553802967072,0.13557851314544678,0.103219173848629,984.2223
8444,0.10379397869110107,0.10379397869110107,0.1397874355316162,0.1072719469666481,984.3456
8445,0.1037057489156723,0.1037057489156723,0.1360812783241272,0.10370077937841415,984.4736
8446,0.10361862182617188,0.10361862182617188,0.13847707211971283,0.1059994250535965,984.6037
8447,0.1035706177353859,0.1035706177353859,0.13737091422080994,0.10492812097072601,984.7301
8448,0.10357002913951874,0.10357002913951874,0.1369897574186325,0.1045585498213768,984.8577
8449,0.10359743982553482,0.10359743982553482,0.13864842057228088,0.10615649074316025,984.9811
8450,0.10362160205841064,0.10362160205841064,0.13617995381355286,0.10378390550613403,985.1099
8451,0.10362017154693604,0.10362017154693604,0.13909246027469635,0.10658873617649078,985.2366
8452,0.10358943790197372,0.10358943790197372,0.13621529936790466,0.10381750762462616,985.3629
8453,0.10354235023260117,0.10354235023260117,0.13855478167533875,0.1060643419623375,985.492
8454,0.10349776595830917,0.10349776595830917,0.13689358532428741,0.10446014255285263,985.6194
8455,0.10347051918506622,0.10347051918506622,0.1375742107629776,0.10511207580566406,985.7465
8456,0.103462353348732,0.103462353348732,0.13779106736183167,0.1053207665681839,985.8779
8457,0.10346630960702896,0.10346630960702896,0.13678039610385895,0.10434980690479279,986.0056
8458,0.10347063839435577,0.10347063839435577,0.13839522004127502,0.10590521991252899,986.1338
8459,0.10346551239490509,0.10346551239490509,0.13647720217704773,0.10405813157558441,986.2621
8460,0.10344827175140381,0.10344827175140381,0.13841280341148376,0.10591795295476913,986.3835
8461,0.10342284291982651,0.10342284291982651,0.13666534423828125,0.10423226654529572,986.5088
8462,0.10339581966400146,0.10339581966400146,0.1379479616880417,0.10546395927667618,986.6341
8463,0.10337349027395248,0.10337349027395248,0.13716399669647217,0.10470819473266602,986.7605
8464,0.1033586636185646,0.1033586636185646,0.13733835518360138,0.1048760861158371,986.888
8465,0.1033506765961647,0.1033506765961647,0.13769575953483582,0.10522022098302841,987.0151
8466,0.10334521532058716,0.10334521532058716,0.13688521087169647,0.1044389009475708,987.1399
8467,0.10333879292011261,0.10333879292011261,0.1380029022693634,0.10551238059997559,987.267
8468,0.10332874953746796,0.10332874953746796,0.13672509789466858,0.10427989810705185,987.3927
8469,0.10331413894891739,0.10331413894891739,0.13798144459724426,0.10548720508813858,987.5226
8470,0.10329654067754745,0.10329654067754745,0.13684508204460144,0.10439246892929077,987.6528
8471,0.10327839851379395,0.10327839851379395,0.13770505785942078,0.10521967709064484,987.7773
8472,0.10326190292835236,0.10326190292835236,0.1371363252401352,0.10467156022787094,987.9005
8473,0.1032482162117958,0.1032482162117958,0.13733938336372375,0.10486571490764618,988.0259
8474,0.10323645919561386,0.10323645919561386,0.13744917511940002,0.1049690991640091,988.1502
8475,0.10322654247283936,0.10322654247283936,0.1370399445295334,0.1045728474855423,988.2763
8476,0.10321678966283798,0.10321678966283798,0.13765503466129303,0.10516321659088135,988.4021
8477,0.10320637375116348,0.10320637375116348,0.1368885189294815,0.10442451387643814,988.5256
8478,0.10319441556930542,0.10319441556930542,0.13769380748271942,0.10519907623529434,988.6495
8479,0.10318095982074738,0.10318095982074738,0.13689686357975006,0.10443101078271866,988.7739
8480,0.10316669940948486,0.10316669940948486,0.13758054375648499,0.10508763790130615,988.8992
8481,0.10315247625112534,0.10315247625112534,0.13701912760734558,0.1045452356338501,989.0271
8482,0.10313849151134491,0.10313849151134491,0.13738344609737396,0.10489380359649658,989.1531
8483,0.10312581062316895,0.10312581062316895,0.1371895670890808,0.10470566898584366,989.2784
8484,0.103113554418087,0.103113554418087,0.13717909157276154,0.10469440370798111,989.405
8485,0.103101946413517,0.103101946413517,0.13734030723571777,0.10484878718852997,989.535
8486,0.10309047996997833,0.10309047996997833,0.13702556490898132,0.10454480350017548,989.6591
8487,0.10307925939559937,0.10307925939559937,0.13742494583129883,0.10492782294750214,989.7868
8488,0.1030675619840622,0.1030675619840622,0.13694722950458527,0.10446609556674957,989.909
8489,0.10305535793304443,0.10305535793304443,0.13743014633655548,0.10492902994155884,990.0367
8490,0.1030428409576416,0.1030428409576416,0.13694211840629578,0.10445787757635117,990.1657
8491,0.10302989184856415,0.10302989184856415,0.13736680150032043,0.10486549139022827,990.2932
8492,0.10301733016967773,0.10301733016967773,0.13699179887771606,0.1045033186674118,990.4186
8493,0.103004589676857,0.103004589676857,0.1372637003660202,0.104763925075531,990.5398
8494,0.10299205780029297,0.10299205780029297,0.1370657980442047,0.10457197576761246,990.6631
8495,0.1029796376824379,0.1029796376824379,0.13714854419231415,0.10464994609355927,990.7878
8496,0.10296750068664551,0.10296750068664551,0.137140154838562,0.10464026033878326,990.9115
8497,0.1029554009437561,0.1029554009437561,0.13704687356948853,0.10454890877008438,991.0443
8498,0.10294358432292938,0.10294358432292938,0.13719311356544495,0.10468854010105133,991.1867
8499,0.10293179750442505,0.10293179750442505,0.13697168231010437,0.10447414219379425,991.3171
8500,0.10291995853185654,0.10291995853185654,0.1372157782316208,0.10470794141292572,991.4538
8501,0.10290779918432236,0.10290779918432236,0.13692887127399445,0.10443031787872314,991.583
8502,0.10289566218852997,0.10289566218852997,0.13720743358135223,0.10469682514667511,991.7126
8503,0.10288374125957489,0.10288374125957489,0.1369132101535797,0.1044120043516159,991.8386
8504,0.10287143290042877,0.10287143290042877,0.137174591422081,0.10466217994689941,991.9612
8505,0.10285917669534683,0.10285917669534683,0.13691668212413788,0.10441257804632187,992.0873
8506,0.10284686088562012,0.10284686088562012,0.13712668418884277,0.10461350530385971,992.2196
8507,0.10283461958169937,0.10283461958169937,0.13693125545978546,0.10442419350147247,992.3517
8508,0.10282237827777863,0.10282237827777863,0.13707058131694794,0.10455682128667831,992.4984
8509,0.10281039774417877,0.10281039774417877,0.13695107400417328,0.10444013774394989,992.6291
8510,0.10279835760593414,0.10279835760593414,0.1370144933462143,0.10449983179569244,992.758
8511,0.10278616100549698,0.10278616100549698,0.13696642220020294,0.10445217788219452,992.8937
8512,0.10277391970157623,0.10277391970157623,0.13696379959583282,0.10444831848144531,993.0247
8513,0.1027621179819107,0.1027621179819107,0.1369769275188446,0.10445958375930786,993.1543
8514,0.10274995863437653,0.10274995863437653,0.1369185745716095,0.10440216958522797,993.2846
8515,0.10273821651935577,0.10273821651935577,0.13697905838489532,0.10445898771286011,993.4074
8516,0.10272626578807831,0.10272626578807831,0.13688328862190247,0.10436501353979111,993.5364
8517,0.10271395742893219,0.10271395742893219,0.1369747370481491,0.10445177555084229,993.6612
8518,0.10270241647958755,0.10270241647958755,0.13685081899166107,0.10433124005794525,993.7834
8519,0.10269002616405487,0.10269002616405487,0.13696670532226562,0.10444140434265137,993.9021
8520,0.10267827659845352,0.10267827659845352,0.136823832988739,0.10430242866277695,994.0214
8521,0.1026662141084671,0.1026662141084671,0.1369551122188568,0.10442765057086945,994.1455
8522,0.10265415906906128,0.10265415906906128,0.1367977112531662,0.10427455604076385,994.2759
8523,0.10264221578836441,0.10264221578836441,0.13694320619106293,0.10441324859857559,994.4058
8524,0.10263022035360336,0.10263022035360336,0.13677220046520233,0.10424719005823135,994.5324
8525,0.10261861234903336,0.10261861234903336,0.1369304209947586,0.10439813137054443,994.6528
8526,0.10260645300149918,0.10260645300149918,0.13674619793891907,0.10421941429376602,994.7797
8527,0.10259465128183365,0.10259465128183365,0.13691926002502441,0.10438469797372818,994.9027
8528,0.10258249938488007,0.10258249938488007,0.1367179900407791,0.10418955236673355,995.0269
8529,0.10257067531347275,0.10257067531347275,0.13691012561321259,0.1043730229139328,995.1518
8530,0.10255870968103409,0.10255870968103409,0.1366882473230362,0.10415816307067871,995.2779
8531,0.10254698991775513,0.10254698991775513,0.1369040310382843,0.1043645367026329,995.4054
8532,0.10253514349460602,0.10253514349460602,0.1366538107395172,0.1041221171617508,995.5324
8533,0.10252323001623154,0.10252323001623154,0.1369033306837082,0.10436105728149414,995.6551
8534,0.1025114431977272,0.1025114431977272,0.13661286234855652,0.10408012568950653,995.7821
8535,0.10249967873096466,0.10249967873096466,0.13691209256649017,0.10436677932739258,995.9091
8536,0.10248798131942749,0.10248798131942749,0.1365615427494049,0.10402794182300568,996.0337
8537,0.10247638076543808,0.10247638076543808,0.13693274557590485,0.10438404232263565,996.1586
8538,0.10246513038873672,0.10246513038873672,0.13649633526802063,0.10396237671375275,996.2841
8539,0.10245390981435776,0.10245390981435776,0.13697119057178497,0.10441835224628448,996.4114
8540,0.1024429053068161,0.1024429053068161,0.13641051948070526,0.1038772314786911,996.5371
8541,0.10243203490972519,0.10243203490972519,0.1370360255241394,0.10447812080383301,996.6612
8542,0.1024220734834671,0.1024220734834671,0.13629589974880219,0.10376410186290741,996.7866
8543,0.10241273790597916,0.10241273790597916,0.1371413916349411,0.10457710921764374,996.9057
8544,0.10240457206964493,0.10240457206964493,0.13613668084144592,0.10360836982727051,997.0356
8545,0.10239759832620621,0.10239759832620621,0.13730771839618683,0.10473475605249405,997.2709
8546,0.10239287465810776,0.10239287465810776,0.13591566681861877,0.10339325666427612,997.4013
8547,0.10239173471927643,0.10239173471927643,0.1375679224729538,0.10498341172933578,997.5283
8548,0.10239563137292862,0.10239563137292862,0.13560262322425842,0.10309000313282013,997.654
8549,0.10240646451711655,0.10240646451711655,0.13798102736473083,0.10537992417812347,997.7805
8550,0.10242892801761627,0.10242892801761627,0.1351553201675415,0.10265868902206421,997.9026
8551,0.1024683490395546,0.1024683490395546,0.13864955306053162,0.10602419078350067,998.0244
8552,0.10253383219242096,0.10253383219242096,0.13451993465423584,0.10204870998859406,998.1449
8553,0.10263995081186295,0.10263995081186295,0.13975609838962555,0.10709431022405624,998.2656
8554,0.10280778259038925,0.10280778259038925,0.13364477455615997,0.10121402889490128,998.3857
8555,0.10307259857654572,0.10307259857654572,0.1416417956352234,0.10892432928085327,998.5061
8556,0.10348586738109589,0.10348586738109589,0.1325315535068512,0.10016468912363052,998.6292
8557,0.10413005203008652,0.10413005203008652,0.1449643075466156,0.1121610552072525,998.7551
8558,0.10512213408946991,0.10512213408946991,0.1313944309949875,0.09912745654582977,998.8826
8559,0.10663919150829315,0.10663919150829315,0.15095368027687073,0.1180187314748764,999.0026
8560,0.10889534652233124,0.10889534652233124,0.1310153603553772,0.09889805316925049,999.1204
8561,0.11215704679489136,0.11215704679489136,0.16152435541152954,0.12839844822883606,999.2406
8562,0.11654940992593765,0.11654940992593765,0.13304215669631958,0.10112687200307846,999.3621
8563,0.12194039672613144,0.12194039672613144,0.17753036320209503,0.14416804909706116,999.4862
8564,0.12733177840709686,0.12733177840709686,0.13809245824813843,0.10638196766376495,999.6023
8565,0.1308979094028473,0.1308979094028473,0.19095030426979065,0.15741781890392303,999.7252
8566,0.13012632727622986,0.13012632727622986,0.13952192664146423,0.10785961151123047,999.847
8567,0.12392743676900864,0.12392743676900864,0.1806589663028717,0.14725401997566223,999.982
8568,0.11420772224664688,0.11420772224664688,0.13192586600780487,0.0999632328748703,1000.1199
8569,0.10559558868408203,0.10559558868408203,0.14876416325569153,0.11586175113916397,1000.2455
8570,0.10210786014795303,0.10210786014795303,0.13573269546031952,0.10317409038543701,1000.3661
8571,0.10428162664175034,0.10428162664175034,0.1313759833574295,0.09904900938272476,1000.4866
8572,0.10921366512775421,0.10921366512775421,0.1563371866941452,0.12327463924884796,1000.6074
8573,0.1128276139497757,0.1128276139497757,0.131365105509758,0.09936394542455673,1000.7254
8574,0.11249735206365585,0.11249735206365585,0.16238157451152802,0.12924498319625854,1000.8508
8575,0.10861104726791382,0.10861104726791382,0.13049253821372986,0.09838955104351044,1000.969
8576,0.10412067174911499,0.10412067174911499,0.14526021480560303,0.11244229227304459,1001.0908
8577,0.10204460471868515,0.10204460471868515,0.13547198474407196,0.10291936248540878,1001.2142
8578,0.10313957929611206,0.10313957929611206,0.13212716579437256,0.09972040355205536,1001.3379
8579,0.10570935159921646,0.10570935159921646,0.14916090667247772,0.11621999740600586,1001.4599
8580,0.10730431228876114,0.10730431228876114,0.1303134709596634,0.09813426434993744,1001.582
8581,0.10665549337863922,0.10665549337863922,0.15127289295196533,0.1183205097913742,1001.7037
8582,0.10443279892206192,0.10443279892206192,0.13095924258232117,0.09867755323648453,1001.8256
8583,0.10244281589984894,0.10244281589984894,0.1399041712284088,0.10721403360366821,1001.9479
8584,0.10200874507427216,0.10200874507427216,0.13727329671382904,0.10464739799499512,1002.0712
8585,0.10301131010055542,0.10301131010055542,0.13209161162376404,0.09967972338199615,1002.1985
8586,0.10425829887390137,0.10425829887390137,0.14577050507068634,0.11290402710437775,1002.3228
8587,0.10461015999317169,0.10461015999317169,0.13078446686267853,0.09849313646554947,1002.4505
8588,0.10384219884872437,0.10384219884872437,0.1446983516216278,0.11188511550426483,1002.5783
8589,0.10264433920383453,0.10264433920383453,0.1325443536043167,0.10013540089130402,1002.7024
8590,0.101923368871212,0.101923368871212,0.13700905442237854,0.10439884662628174,1002.8374
8591,0.10205516964197159,0.10205516964197159,0.13822290301322937,0.10555658489465714,1002.9685
8592,0.10269568115472794,0.10269568115472794,0.13235048949718475,0.09991248697042465,1003.0981
8593,0.10318805277347565,0.10318805277347565,0.14287781715393066,0.11007437855005264,1003.2269
8594,0.10312239080667496,0.10312239080667496,0.13173063099384308,0.09934558719396591,1003.3481
8595,0.10259288549423218,0.10259288549423218,0.14092721045017242,0.10819854587316513,1003.4726
8596,0.10202570259571075,0.10202570259571075,0.13387437164783478,0.10138542950153351,1003.5991
8597,0.10179779678583145,0.10179779678583145,0.1358739137649536,0.10329394042491913,1003.7253
8598,0.10196666419506073,0.10196666419506073,0.1381172239780426,0.10544939339160919,1003.8526
8599,0.10229082405567169,0.10229082405567169,0.13293811678886414,0.10046609491109848,1003.9754
8600,0.10246790945529938,0.10246790945529938,0.14063118398189545,0.1078866720199585,1004.1
8601,0.1023644357919693,0.1023644357919693,0.13271459937095642,0.10026542097330093,1004.2286
8602,0.10207466781139374,0.10207466781139374,0.13898146152496338,0.10629968345165253,1004.3538
8603,0.10180729627609253,0.10180729627609253,0.13456325232982635,0.10203316062688828,1004.4802
8604,0.10171692073345184,0.10171692073345184,0.1356501281261444,0.10306815803050995,1004.6078
8605,0.10180648416280746,0.10180648416280746,0.1374671459197998,0.10481242835521698,1004.7345
8606,0.10195712745189667,0.10195712745189667,0.13361358642578125,0.1011023074388504,1004.8613
8607,0.10203365236520767,0.10203365236520767,0.1390209197998047,0.10631706565618515,1004.9847
8608,0.10197939723730087,0.10197939723730087,0.13345244526863098,0.1009579673409462,1005.1102
8609,0.10183636844158173,0.10183636844158173,0.13801667094230652,0.10535452514886856,1005.2351
8610,0.10169710218906403,0.10169710218906403,0.13476668298244476,0.10221822559833527,1005.3574
8611,0.10163408517837524,0.10163408517837524,0.13584209978580475,0.1032453179359436,1005.8678
8612,0.10165786743164062,0.10165786743164062,0.13672375679016113,0.10408897697925568,1005.9869
8613,0.10172250121831894,0.10172250121831894,0.1342988908290863,0.10175366699695587,1006.1032
8614,0.10176608711481094,0.10176608711481094,0.13789382576942444,0.10522036254405975,1006.2481
8615,0.10175372660160065,0.10175372660160065,0.13399407267570496,0.101468026638031,1006.4078
8616,0.10169156640768051,0.10169156640768051,0.13749782741069794,0.10484330356121063,1006.5911
8617,0.1016145572066307,0.1016145572066307,0.13474597036838531,0.10218806564807892,1006.7575
8618,0.10156045109033585,0.10156045109033585,0.1361466348171234,0.1035299152135849,1006.9174
8619,0.10154592990875244,0.10154592990875244,0.1360274851322174,0.10340990871191025,1007.0684
8620,0.10156184434890747,0.10156184434890747,0.1349371373653412,0.10235919803380966,1007.2227
8621,0.10158379375934601,0.10158379375934601,0.1370047777891159,0.10435380786657333,1007.4371
8622,0.10158941894769669,0.10158941894769669,0.1344577819108963,0.1019039899110794,1007.5952
8623,0.10157029330730438,0.10157029330730438,0.13708984851837158,0.10444013774394989,1007.7647
8624,0.10153317451477051,0.10153317451477051,0.13472971320152283,0.10216399282217026,1007.991
8625,0.10149367898702621,0.10149367898702621,0.1363973319530487,0.10376475006341934,1008.1241
8626,0.10146547853946686,0.10146547853946686,0.13548293709754944,0.10287947952747345,1008.2707
8627,0.10145334899425507,0.10145334899425507,0.13551130890846252,0.10290571302175522,1008.4303
8628,0.10145370662212372,0.10145370662212372,0.13625791668891907,0.1036260575056076,1008.6004
8629,0.10145685821771622,0.10145685821771622,0.13492944836616516,0.10234824568033218,1008.7637
8630,0.10145394504070282,0.10145394504070282,0.1366247832775116,0.1039816364645958,1008.9458
8631,0.10144118964672089,0.10144118964672089,0.13482888042926788,0.1022498607635498,1009.1253
8632,0.10142044723033905,0.10142044723033905,0.13645164668560028,0.10380887985229492,1009.2863
8633,0.10139711201190948,0.10139711201190948,0.13514095544815063,0.10254337638616562,1009.4634
8634,0.10137660801410675,0.10137660801410675,0.13594260811805725,0.1033143550157547,1009.6262
8635,0.10136164724826813,0.10136164724826813,0.13564562797546387,0.10302890837192535,1009.7793
8636,0.1013529896736145,0.1013529896736145,0.13541936874389648,0.10281167924404144,1009.9292
8637,0.10134746134281158,0.10134746134281158,0.1360771656036377,0.10344485938549042,1010.0868
8638,0.10134150832891464,0.10134150832891464,0.13510391116142273,0.10250574350357056,1010.2461
8639,0.10133261978626251,0.10133261978626251,0.13624057173728943,0.10359764099121094,1010.3968
8640,0.1013200506567955,0.1013200506567955,0.13507093489170074,0.10246896743774414,1010.5501
8641,0.10130482912063599,0.10130482912063599,0.13610947132110596,0.10346827656030655,1010.7012
8642,0.10128903388977051,0.10128903388977051,0.13526256382465363,0.10265250504016876,1010.8562
8643,0.10127411037683487,0.10127411037683487,0.13580389320850372,0.10317357629537582,1011.0027
8644,0.10126106441020966,0.10126106441020966,0.13555800914764404,0.10293593257665634,1011.1549
8645,0.10125050693750381,0.10125050693750381,0.1354801207780838,0.10285906493663788,1011.312
8646,0.10124120861291885,0.10124120861291885,0.13581645488739014,0.10318078100681305,1011.4644
8647,0.10123209655284882,0.10123209655284882,0.13526292145252228,0.10264606773853302,1011.6178
8648,0.10122255235910416,0.10122255235910416,0.13594095408916473,0.10329846292734146,1011.7749
8649,0.10121168196201324,0.10121168196201324,0.1351945996284485,0.1025794968008995,1011.9367
8650,0.10119978338479996,0.10119978338479996,0.1359085589647293,0.10326661914587021,1012.0902
8651,0.10118695348501205,0.10118695348501205,0.13525864481925964,0.10263963043689728,1012.2429
8652,0.10117417573928833,0.10117417573928833,0.1357606053352356,0.10312112420797348,1012.4021
8653,0.10116174072027206,0.10116174072027206,0.13540105521678925,0.10277281701564789,1012.5594
8654,0.10114991664886475,0.10114991664886475,0.135569766163826,0.1029338613152504,1012.7131
8655,0.10113883018493652,0.10113883018493652,0.13555607199668884,0.10291991382837296,1012.8692
8656,0.1011282429099083,0.1011282429099083,0.13540153205394745,0.10277054458856583,1013.024
8657,0.101117804646492,0.101117804646492,0.13566887378692627,0.10302736610174179,1013.1757
8658,0.1011074036359787,0.1011074036359787,0.1352941244840622,0.10266518592834473,1013.3285
8659,0.101096510887146,0.101096510887146,0.13571283221244812,0.10306680202484131,1013.4856
8660,0.10108544677495956,0.10108544677495956,0.13525792956352234,0.10262720286846161,1013.6395
8661,0.1010742038488388,0.1010742038488388,0.13568493723869324,0.10303716361522675,1013.8008
8662,0.10106275975704193,0.10106275975704193,0.13528215885162354,0.10264835506677628,1013.962
8663,0.1010512262582779,0.1010512262582779,0.1356053501367569,0.1029590591788292,1014.1153
8664,0.10103966295719147,0.10103966295719147,0.13534243404865265,0.10270486027002335,1014.2678
8665,0.10102810710668564,0.10102810710668564,0.1355055570602417,0.10286054760217667,1014.416
8666,0.10101699829101562,0.10101699829101562,0.13541202247142792,0.10276887565851212,1014.5667
8667,0.1010061725974083,0.1010061725974083,0.1354067325592041,0.10276243835687637,1014.719
8668,0.10099495947360992,0.10099495947360992,0.13546918332576752,0.10282144695520401,1014.8757
8669,0.10098432004451752,0.10098432004451752,0.1353294849395752,0.10268590599298477,1015.0283
8670,0.10097341239452362,0.10097341239452362,0.13550308346748352,0.10285244137048721,1015.1842
8671,0.10096260160207748,0.10096260160207748,0.13527634739875793,0.10263297706842422,1015.3384
8672,0.10095153003931046,0.10095153003931046,0.13551075756549835,0.1028573289513588,1015.4908
8673,0.10094066709280014,0.10094066709280014,0.13525038957595825,0.10260514914989471,1015.6444
8674,0.10092957317829132,0.10092957317829132,0.13549315929412842,0.10283777862787247,1015.7997
8675,0.10091841220855713,0.10091841220855713,0.1352469027042389,0.10259940475225449,1015.9532
8676,0.10090752691030502,0.10090752691030502,0.1354561150074005,0.10280005633831024,1016.1065
8677,0.10089626163244247,0.10089626163244247,0.13525715470314026,0.10260742902755737,1016.2586
8678,0.10088509321212769,0.10088509321212769,0.13540849089622498,0.10275206714868546,1016.4101
8679,0.10087388753890991,0.10087388753890991,0.13527336716651917,0.10262049734592438,1016.5651
8680,0.10086293518543243,0.10086293518543243,0.13535837829113007,0.1027011126279831,1016.7185
8681,0.10085220634937286,0.10085220634937286,0.13528934121131897,0.10263335704803467,1016.8696
8682,0.10084092617034912,0.10084092617034912,0.13531126081943512,0.102653369307518,1017.0194
8683,0.100830078125,0.100830078125,0.1353011131286621,0.10264265537261963,1017.1754
8684,0.10081926733255386,0.10081926733255386,0.13526970148086548,0.10261136293411255,1017.3285
8685,0.10080820322036743,0.10080820322036743,0.13530758023262024,0.10264672338962555,1017.4762
8686,0.10079728066921234,0.10079728066921234,0.1352330893278122,0.1025737076997757,1017.6288
8687,0.10078635066747665,0.10078635066747665,0.13530834019184113,0.10264482349157333,1017.7826
8688,0.10077562183141708,0.10077562183141708,0.1352018117904663,0.10254105180501938,1017.9276
8689,0.10076453536748886,0.10076453536748886,0.13530418276786804,0.10263878107070923,1018.0786
8690,0.10075364261865616,0.10075364261865616,0.13517466187477112,0.10251273959875107,1018.235
8691,0.1007426530122757,0.1007426530122757,0.1352965533733368,0.10262906551361084,1018.3903
8692,0.10073170810937881,0.10073170810937881,0.13515157997608185,0.10248830169439316,1018.5434
8693,0.10072090476751328,0.10072090476751328,0.1352856308221817,0.10261619091033936,1018.6957
8694,0.10070989280939102,0.10070989280939102,0.13513091206550598,0.1024659126996994,1018.8484
8695,0.1006990447640419,0.1006990447640419,0.13527360558509827,0.10260224342346191,1018.9999
8696,0.10068819671869278,0.10068819671869278,0.13510791957378387,0.10244157165288925,1019.153
8697,0.10067738592624664,0.10067738592624664,0.13526402413845062,0.10259083658456802,1019.3035
8698,0.10066644102334976,0.10066644102334976,0.13508297502994537,0.10241539776325226,1019.4571
8699,0.10065561532974243,0.10065561532974243,0.13525626063346863,0.10258122533559799,1019.6095
8700,0.10064473003149033,0.10064473003149033,0.13505688309669495,0.10238780826330185,1019.7646
8701,0.10063395649194717,0.10063395649194717,0.1352504938840866,0.10257325321435928,1019.9469
8702,0.10062314569950104,0.10062314569950104,0.13502748310565948,0.10235729068517685,1020.102
8703,0.10061226040124893,0.10061226040124893,0.13524959981441498,0.1025700569152832,1020.2589
8704,0.10060153156518936,0.10060153156518936,0.13499335944652557,0.1023220643401146,1020.4162
8705,0.10059060901403427,0.10059060901403427,0.13525477051734924,0.10257301479578018,1020.5643
8706,0.10058009624481201,0.10058009624481201,0.1349499225616455,0.1022779569029808,1020.718
8707,0.10056956112384796,0.10056956112384796,0.13527075946331024,0.10258589684963226,1020.8713
8708,0.10055895149707794,0.10055895149707794,0.13489636778831482,0.10222414880990982,1021.0207
8709,0.10054850578308105,0.10054850578308105,0.13529901206493378,0.10261096805334091,1021.176
8710,0.10053831338882446,0.10053831338882446,0.1348269283771515,0.10215499252080917,1021.3281
8711,0.1005280464887619,0.1005280464887619,0.1353478878736496,0.10265596956014633,1021.4808
8712,0.10051853954792023,0.10051853954792023,0.1347348988056183,0.10206425189971924,1021.6379
8713,0.10050906240940094,0.10050906240940094,0.1354266107082367,0.10272965580224991,1021.7917
8714,0.1005004420876503,0.1005004420876503,0.13460955023765564,0.10194121301174164,1021.9496
8715,0.10049284994602203,0.10049284994602203,0.13555149734020233,0.10284781455993652,1022.1035
8716,0.10048649460077286,0.10048649460077286,0.1344357132911682,0.10177179425954819,1022.2623
8717,0.10048174858093262,0.10048174858093262,0.1357453614473343,0.10303287208080292,1022.4646
8718,0.10048025846481323,0.10048025846481323,0.13419045507907867,0.10153375566005707,1022.6347
8719,0.1004827618598938,0.1004827618598938,0.13605007529258728,0.10332506895065308,1022.7939
8720,0.10049168020486832,0.10049168020486832,0.1338387429714203,0.10119392722845078,1022.9451
8721,0.10051050037145615,0.10051050037145615,0.13653627038002014,0.10379309952259064,1023.1026
8722,0.10054340213537216,0.10054340213537216,0.133335143327713,0.10070881992578506,1023.2574
8723,0.1005990132689476,0.1005990132689476,0.13732561469078064,0.10455560684204102,1023.4079
8724,0.10068897902965546,0.10068897902965546,0.1326219141483307,0.10002534091472626,1023.5635
8725,0.10083259642124176,0.10083259642124176,0.13864576816558838,0.10583452880382538,1023.7179
8726,0.10105898231267929,0.10105898231267929,0.1316501349210739,0.09910061210393906,1023.8734
8727,0.10141447931528091,0.10141447931528091,0.14092525839805603,0.10805082321166992,1024.0304
8728,0.10197199881076813,0.10197199881076813,0.13046050071716309,0.09798537194728851,1024.1884
8729,0.102840855717659,0.102840855717659,0.14501546323299408,0.11204183101654053,1024.3445
8730,0.10419020801782608,0.10419020801782608,0.12939997017383575,0.09704136103391647,1024.4979
8731,0.1062547117471695,0.1062547117471695,0.15254530310630798,0.11941881477832794,1024.6536
8732,0.10935614258050919,0.10935614258050919,0.1296265572309494,0.09744326025247574,1024.8066
8733,0.11382515728473663,0.11382515728473663,0.166122704744339,0.13277174532413483,1024.9686
8734,0.11989803612232208,0.11989803612232208,0.1334541290998459,0.10150843858718872,1025.1168
8735,0.12722505629062653,0.12722505629062653,0.18690049648284912,0.15327081084251404,1025.2713
8736,0.13452501595020294,0.13452501595020294,0.14132991433143616,0.1096235066652298,1025.4224
8737,0.13882866501808167,0.13882866501808167,0.20356354117393494,0.16974003612995148,1025.714
8738,0.13700012862682343,0.13700012862682343,0.14265133440494537,0.11099138110876083,1025.8652
8739,0.1275423765182495,0.1275423765182495,0.18754366040229797,0.15389950573444366,1026.0232
8740,0.11408667266368866,0.11408667266368866,0.13059177994728088,0.09854882955551147,1026.1809
8741,0.10330704599618912,0.10330704599618912,0.14629927277565002,0.11328144371509552,1026.3312
8742,0.10030417144298553,0.10030417144298553,0.13623449206352234,0.10346336662769318,1026.4827
8743,0.10469444841146469,0.10469444841146469,0.12881596386432648,0.09646684676408768,1026.6513
8744,0.11154453456401825,0.11154453456401825,0.16257154941558838,0.12924502789974213,1026.8052
8745,0.11516459286212921,0.11516459286212921,0.13080017268657684,0.09878236055374146,1026.9701
8746,0.11281310021877289,0.11281310021877289,0.16480231285095215,0.1314803659915924,1027.1279
8747,0.10656873881816864,0.10656873881816864,0.12856511771678925,0.09634356200695038,1027.2788
8748,0.10127945989370346,0.10127945989370346,0.14083310961723328,0.10795309394598007,1027.4359
8749,0.10040085017681122,0.10040085017681122,0.1371626853942871,0.10435833781957626,1027.5928
8750,0.10335011780261993,0.10335011780261993,0.12885849177837372,0.0964469239115715,1027.7473
8751,0.10667693614959717,0.10667693614959717,0.15365998446941376,0.12046919018030167,1027.9079
8752,0.10728927701711655,0.10728927701711655,0.12845320999622345,0.09622602164745331,1028.0561
8753,0.1048247367143631,0.1048247367143631,0.1498785763978958,0.11680463701486588,1028.2136
8754,0.10156682878732681,0.10156682878732681,0.12989017367362976,0.09742868691682816,1028.3709
8755,0.10010047256946564,0.10010047256946564,0.13466253876686096,0.10195346921682358,1028.5277
8756,0.1010688990354538,0.1010688990354538,0.14024367928504944,0.10734355449676514,1028.6858
8757,0.10298405587673187,0.10298405587673187,0.1288636475801468,0.09644091129302979,1028.8438
8758,0.10387478768825531,0.10387478768825531,0.14783483743667603,0.11476631462574005,1028.9993
8759,0.10301242023706436,0.10301242023706436,0.1288277804851532,0.0964432954788208,1029.1552
8760,0.10127214342355728,0.10127214342355728,0.14102622866630554,0.10814927518367767,1029.3104
8761,0.10012297332286835,0.10012297332286835,0.13293150067329407,0.10030057281255722,1029.4757
8762,0.10027811676263809,0.10027811676263809,0.13205714523792267,0.09943932294845581,1029.6313
8763,0.10124144703149796,0.10124144703149796,0.14098191261291504,0.10805396735668182,1029.7797
8764,0.10195565223693848,0.10195565223693848,0.12934403121471405,0.09686590731143951,1029.9131
8765,0.10178232192993164,0.10178232192993164,0.14265160262584686,0.10969634354114532,1030.0535
8766,0.10094206035137177,0.10094206035137177,0.1303810328245163,0.09786126017570496,1030.1985
8767,0.10015933215618134,0.10015933215618134,0.13656659424304962,0.10380125045776367,1030.3301
8768,0.09998056292533875,0.09998056292533875,0.1350012719631195,0.10227811336517334,1030.4598
8769,0.10036744922399521,0.10036744922399521,0.13146157562732697,0.09886373579502106,1030.5867
8770,0.10084401071071625,0.10084401071071625,0.13982436060905457,0.10692725330591202,1030.7126
8771,0.10096123069524765,0.10096123069524765,0.1302722990512848,0.09773269295692444,1030.8413
8772,0.1006452664732933,0.1006452664732933,0.13915400207042694,0.1062907725572586,1030.9694
8773,0.10017800331115723,0.10017800331115723,0.13190957903862,0.09930536150932312,1031.0967
8774,0.0999038815498352,0.0999038815498352,0.1347789317369461,0.10206130892038345,1031.2218
8775,0.09995522350072861,0.09995522350072861,0.13561302423477173,0.10285709798336029,1031.349
8776,0.10019675642251968,0.10019675642251968,0.13170675933361053,0.09908921271562576,1031.4727
8777,0.10037939250469208,0.10037939250469208,0.13822679221630096,0.10537093877792358,1031.603
8778,0.10034997761249542,0.10034997761249542,0.13121278584003448,0.09861816465854645,1031.732
8779,0.10014303028583527,0.10014303028583527,0.13718324899673462,0.1043718010187149,1031.8609
8780,0.09991716593503952,0.09991716593503952,0.13277368247509003,0.10012243688106537,1031.9876
8781,0.09981348365545273,0.09981348365545273,0.13425885140895844,0.10154875367879868,1032.1134
8782,0.09985984116792679,0.09985984116792679,0.13539046049118042,0.10263291746377945,1032.2329
8783,0.09997616708278656,0.09997616708278656,0.13225646317005157,0.0996098518371582,1032.3568
8784,0.10004931688308716,0.10004931688308716,0.13694022595882416,0.10412196815013885,1032.4801
8785,0.10002045333385468,0.10002045333385468,0.13197162747383118,0.09934017807245255,1032.601
8786,0.0999128669500351,0.0999128669500351,0.13620087504386902,0.1034163236618042,1032.7202
8787,0.0997983068227768,0.0997983068227768,0.13310983777046204,0.10043766349554062,1032.8425
8788,0.09973867982625961,0.09973867982625961,0.1342816799879074,0.10156156867742538,1032.9638
8789,0.09974926710128784,0.09974926710128784,0.13487303256988525,0.10212473571300507,1033.0901
8790,0.0997975543141365,0.0997975543141365,0.1328369379043579,0.10015972703695297,1033.2144
8791,0.09983343631029129,0.09983343631029129,0.13597743213176727,0.10318534076213837,1033.3338
8792,0.09982620179653168,0.09982620179653168,0.13250842690467834,0.09984840452671051,1033.455
8793,0.09977789968252182,0.09977789968252182,0.13568252325057983,0.10290832817554474,1033.5802
8794,0.09971589595079422,0.09971589595079422,0.13317961990833282,0.10049700736999512,1033.707
8795,0.09967032819986343,0.09967032819986343,0.1344945877790451,0.10175933688879013,1033.8317
8796,0.09965598583221436,0.09965598583221436,0.13433882594108582,0.10160394012928009,1033.9547
8797,0.09966675192117691,0.09966675192117691,0.1333974003791809,0.10069427639245987,1034.0773
8798,0.0996827632188797,0.0996827632188797,0.1352284848690033,0.10245861858129501,1034.2014
8799,0.09968622028827667,0.09968622028827667,0.13294866681098938,0.10026612132787704,1034.3234
8800,0.09967014938592911,0.09967014938592911,0.13531136512756348,0.10254331678152084,1034.4441
8801,0.09963962435722351,0.09963962435722351,0.13319604098796844,0.100505031645298,1034.5679
8802,0.09960658848285675,0.09960658848285675,0.13469234108924866,0.10194220393896103,1034.6886
8803,0.09958305954933167,0.09958305954933167,0.13388191163539886,0.1011573076248169,1034.8182
8804,0.09957237541675568,0.09957237541675568,0.1338970810174942,0.10116950422525406,1034.9528
8805,0.0995713546872139,0.0995713546872139,0.13458207249641418,0.10183008015155792,1035.0967
8806,0.0995725467801094,0.0995725467801094,0.1333758533000946,0.10067085176706314,1035.2394
8807,0.0995686799287796,0.0995686799287796,0.13490642607212067,0.1021459549665451,1035.3693
8808,0.09955713897943497,0.09955713897943497,0.13329818844795227,0.10059628635644913,1035.498
8809,0.09953884780406952,0.09953884780406952,0.13474397361278534,0.10198557376861572,1035.6151
8810,0.09951885044574738,0.09951885044574738,0.13359221816062927,0.10087325423955917,1035.7372
8811,0.09950155019760132,0.09950155019760132,0.13428069651126862,0.10153436660766602,1035.8609
8812,0.09948884695768356,0.09948884695768356,0.13405382633209229,0.1013161763548851,1035.9784
8813,0.09948085248470306,0.09948085248470306,0.133806973695755,0.10107948631048203,1036.1029
8814,0.09947513043880463,0.09947513043880463,0.13443514704704285,0.10168459266424179,1036.2316
8815,0.0994691476225853,0.0994691476225853,0.1335337907075882,0.10081533342599869,1036.3572
8816,0.09946057945489883,0.09946057945489883,0.13456827402114868,0.10180936753749847,1036.4802
8817,0.09944915026426315,0.09944915026426315,0.13351833820343018,0.10079606622457504,1036.6035
8818,0.09943537414073944,0.09943537414073944,0.1344400942325592,0.10168252140283585,1036.7252
8819,0.0994214415550232,0.0994214415550232,0.13370518386363983,0.10097513347864151,1036.8473
8820,0.09940852969884872,0.09940852969884872,0.13415846228599548,0.10141193866729736,1036.9746
8821,0.09939724206924438,0.09939724206924438,0.13397637009620667,0.1012360081076622,1037.0982
8822,0.09938777983188629,0.09938777983188629,0.13386988639831543,0.10113213211297989,1037.223
8823,0.09937919676303864,0.09937919676303864,0.1342051774263382,0.10145306587219238,1037.3525
8824,0.09937077760696411,0.09937077760696411,0.13367950916290283,0.10094533115625381,1037.4905
8825,0.09936152398586273,0.09936152398586273,0.13430815935134888,0.10154992341995239,1037.6138
8826,0.09935148060321808,0.09935148060321808,0.13362787663936615,0.10089470446109772,1037.739
8827,0.09934063255786896,0.09934063255786896,0.13426724076271057,0.10151036083698273,1037.8668
8828,0.09932921081781387,0.09932921081781387,0.13369598984718323,0.1009591594338417,1037.9867
8829,0.09931764751672745,0.09931764751672745,0.13412734866142273,0.10137307643890381,1038.1079
8830,0.09930649399757385,0.09930649399757385,0.13383236527442932,0.1010875254869461,1038.2352
8831,0.09929606318473816,0.09929606318473816,0.13395050168037415,0.10120000690221786,1038.3577
8832,0.09928601235151291,0.09928601235151291,0.1339758187532425,0.10122372955083847,1038.481
8833,0.09927652776241302,0.09927652776241302,0.13379867374897003,0.10105295479297638,1038.6042
8834,0.09926699101924896,0.09926699101924896,0.13407611846923828,0.10131967067718506,1038.7281
8835,0.09925737977027893,0.09925737977027893,0.1337060034275055,0.1009623259305954,1038.8523
8836,0.09924759715795517,0.09924759715795517,0.13410913944244385,0.10134905576705933,1038.9727
8837,0.09923744201660156,0.09923744201660156,0.13368180394172668,0.1009361520409584,1039.0938
8838,0.09922681748867035,0.09922681748867035,0.13407547771930695,0.10131426900625229,1039.2161
8839,0.09921666979789734,0.09921666979789734,0.13371218740940094,0.10096362978219986,1039.3384
8840,0.09920606762170792,0.09920606762170792,0.13399693369865417,0.10123749077320099,1039.4618
8841,0.09919564425945282,0.09919564425945282,0.1337725818157196,0.10102067142724991,1039.5849
8842,0.09918554127216339,0.09918554127216339,0.13390016555786133,0.10114236176013947,1039.7091
8843,0.09917530417442322,0.09917530417442322,0.13384097814559937,0.1010841354727745,1039.833
8844,0.09916514903306961,0.09916514903306961,0.13380952179431915,0.10105274617671967,1039.9588
8845,0.09915535151958466,0.09915535151958466,0.13389535248279572,0.10113446414470673,1040.0821
8846,0.0991453304886818,0.0991453304886818,0.13373969495296478,0.10098381340503693,1040.2088
8847,0.09913531690835953,0.09913531690835953,0.13392385840415955,0.10116054862737656,1040.3296
8848,0.09912534803152084,0.09912534803152084,0.1336967647075653,0.10094107687473297,1040.4514
8849,0.09911563247442245,0.09911563247442245,0.13392634689807892,0.10116084665060043,1040.5726
8850,0.0991055816411972,0.0991055816411972,0.13367868959903717,0.10092119872570038,1040.6923
8851,0.09909547865390778,0.09909547865390778,0.1339055746793747,0.10113871097564697,1040.8118
8852,0.09908519685268402,0.09908519685268402,0.13367816805839539,0.10091881453990936,1040.9402
8853,0.09907526522874832,0.09907526522874832,0.13387075066566467,0.10110342502593994,1041.0639
8854,0.09906512498855591,0.09906512498855591,0.13368959724903107,0.10092828422784805,1041.1841
8855,0.09905488789081573,0.09905488789081573,0.13382534682750702,0.10105808079242706,1041.3064
8856,0.09904491901397705,0.09904491901397705,0.13370797038078308,0.10094382613897324,1041.4277
8857,0.09903484582901001,0.09903484582901001,0.13377860188484192,0.10101082175970078,1041.549
8858,0.09902487695217133,0.09902487695217133,0.1337246149778366,0.1009579747915268,1041.6723
8859,0.09901468455791473,0.09901468455791473,0.1337340623140335,0.10096605122089386,1041.7926
8860,0.09900494664907455,0.09900494664907455,0.1337386816740036,0.10096973180770874,1041.9101
8861,0.09899497032165527,0.09899497032165527,0.13369396328926086,0.10092590004205704,1042.041
8862,0.09898481518030167,0.09898481518030167,0.13374559581279755,0.10097458213567734,1042.1647
8863,0.09897492825984955,0.09897492825984955,0.1336616575717926,0.1008925661444664,1042.2887
8864,0.09896518290042877,0.09896518290042877,0.13374662399291992,0.10097339004278183,1042.4083
8865,0.09895497560501099,0.09895497560501099,0.1336350440979004,0.10086510330438614,1042.5302
8866,0.09894522279500961,0.09894522279500961,0.13374167680740356,0.10096683353185654,1042.6546
8867,0.0989350825548172,0.0989350825548172,0.13361409306526184,0.100843146443367,1042.7771
8868,0.0989251360297203,0.0989251360297203,0.13373243808746338,0.10095620155334473,1042.8968
8869,0.09891537576913834,0.09891537576913834,0.13359513878822327,0.10082294046878815,1043.0188
8870,0.09890531003475189,0.09890531003475189,0.13372203707695007,0.1009441390633583,1043.1536
8871,0.09889532625675201,0.09889532625675201,0.13357685506343842,0.1008034497499466,1043.2749
8872,0.09888540208339691,0.09888540208339691,0.13370928168296814,0.10093003511428833,1043.3948
8873,0.0988755002617836,0.0988755002617836,0.133560910820961,0.10078608989715576,1043.5206
8874,0.09886552393436432,0.09886552393436432,0.13369712233543396,0.1009165495634079,1043.6409
8875,0.0988556519150734,0.0988556519150734,0.13354244828224182,0.1007666364312172,1043.7639
8876,0.09884583204984665,0.09884583204984665,0.13368728756904602,0.10090503841638565,1043.888
8877,0.09883590042591095,0.09883590042591095,0.1335231065750122,0.10074587911367416,1044.0091
8878,0.09882590919733047,0.09882590919733047,0.13367831707000732,0.10089465230703354,1044.204
8879,0.09881596267223358,0.09881596267223358,0.13350017368793488,0.10072202980518341,1044.325
8880,0.09880606830120087,0.09880606830120087,0.13367395102977753,0.10088851302862167,1044.4434
8881,0.09879626333713531,0.09879626333713531,0.13347408175468445,0.1006951555609703,1044.5614
8882,0.0987863540649414,0.0987863540649414,0.1336740255355835,0.10088683664798737,1044.6799
8883,0.09877653419971466,0.09877653419971466,0.13344033062458038,0.10066065937280655,1044.8026
8884,0.09876684844493866,0.09876684844493866,0.1336836814880371,0.10089409351348877,1044.9254
8885,0.0987570732831955,0.0987570732831955,0.13339626789093018,0.100616455078125,1045.0484
8886,0.09874740988016129,0.09874740988016129,0.13370373845100403,0.10091159492731094,1045.173
8887,0.09873802959918976,0.09873802959918976,0.13334190845489502,0.10056207329034805,1045.2909
8888,0.09872837364673615,0.09872837364673615,0.1337379515171051,0.10094296932220459,1045.4119
8889,0.09871919453144073,0.09871919453144073,0.133269801735878,0.10049091279506683,1045.5322
8890,0.09871038049459457,0.09871038049459457,0.1337956339120865,0.1009964793920517,1045.6514
8891,0.09870172291994095,0.09870172291994095,0.13317233324050903,0.10039512813091278,1045.7734
8892,0.0986933633685112,0.0986933633685112,0.13388529419898987,0.10108127444982529,1045.8964
8893,0.09868593513965607,0.09868593513965607,0.1330375373363495,0.10026364028453827,1046.0228
8894,0.09867982566356659,0.09867982566356659,0.13402774930000305,0.10121693462133408,1046.1461
8895,0.09867487847805023,0.09867487847805023,0.13284672796726227,0.10007832944393158,1046.2664
8896,0.09867257624864578,0.09867257624864578,0.13425186276435852,0.1014314666390419,1046.3847
8897,0.09867378324270248,0.09867378324270248,0.1325724720954895,0.09981279075145721,1046.5055
8898,0.09868047386407852,0.09868047386407852,0.13460716605186462,0.10177300125360489,1046.622
8899,0.09869525581598282,0.09869525581598282,0.13217496871948242,0.09942946583032608,1046.7404
8900,0.09872280061244965,0.09872280061244965,0.13518169522285461,0.10232691466808319,1046.8589
8901,0.09876976907253265,0.09876976907253265,0.13159823417663574,0.09887544065713882,1046.9762
8902,0.0988469272851944,0.0988469272851944,0.1361313760280609,0.10324539244174957,1047.0962
8903,0.09897191822528839,0.09897191822528839,0.13077859580516815,0.09809161722660065,1047.2188
8904,0.09917144477367401,0.09917144477367401,0.1377551257610321,0.10482048988342285,1047.3407
8905,0.09948913007974625,0.09948913007974625,0.12967586517333984,0.09704664349555969,1047.4634
8906,0.09999267011880875,0.09999267011880875,0.14063961803913116,0.10762828588485718,1047.5861
8907,0.1007927656173706,0.1007927656173706,0.1284029185771942,0.09586562216281891,1047.7021
8908,0.10205288231372833,0.10205288231372833,0.14598052203655243,0.11284742504358292,1047.8227
8909,0.10403735935688019,0.10403735935688019,0.12758029997348785,0.09518835693597794,1047.9436
8910,0.10709446668624878,0.10709446668624878,0.15615133941173553,0.12282662093639374,1048.0641
8911,0.11173149198293686,0.11173149198293686,0.12910500168800354,0.09693301469087601,1048.1799
8912,0.11837059259414673,0.11837059259414673,0.1749131977558136,0.14130635559558868,1048.2966
8913,0.12731710076332092,0.12731710076332092,0.13641004264354706,0.10453274101018906,1048.4173
8914,0.13756191730499268,0.13756191730499268,0.20298242568969727,0.16903439164161682,1048.5453
8915,0.1468055546283722,0.1468055546283722,0.14827103912830353,0.11667020618915558,1048.6671
8916,0.1498749703168869,0.1498749703168869,0.22001779079437256,0.1858825385570526,1048.7887
8917,0.14306418597698212,0.14306418597698212,0.1455184519290924,0.11390018463134766,1048.9095
8918,0.12657800316810608,0.12657800316810608,0.1875963658094406,0.15381011366844177,1049.0287
8919,0.10864116251468658,0.10864116251468658,0.1275726705789566,0.09536342322826385,1049.1449
8920,0.09894420951604843,0.09894420951604843,0.13709327578544617,0.10415337234735489,1049.2674
8921,0.10115581750869751,0.10115581750869751,0.14402106404304504,0.11088456958532333,1049.3871
8922,0.11042355000972748,0.11042355000972748,0.12795336544513702,0.0957527607679367,1049.5095
8923,0.11784076690673828,0.11784076690673828,0.17466911673545837,0.14103473722934723,1049.6348
8924,0.11718191206455231,0.11718191206455231,0.1303337663412094,0.09834311157464981,1049.76
8925,0.10921502113342285,0.10921502113342285,0.1603998839855194,0.12702485918998718,1049.8857
8926,0.10087935626506805,0.10087935626506805,0.1274946630001068,0.09502702951431274,1050.0151
8927,0.09851987659931183,0.09851987659931183,0.13125701248645782,0.09851925075054169,1050.14
8928,0.10236430168151855,0.10236430168151855,0.14692051708698273,0.11370866000652313,1050.2577
8929,0.10731633752584457,0.10731633752584457,0.12681250274181366,0.0945311039686203,1050.3791
8930,0.10827325284481049,0.10827325284481049,0.15872254967689514,0.1253243386745453,1050.5044
8931,0.1045830249786377,0.1045830249786377,0.12651795148849487,0.09420591592788696,1050.6276
8932,0.09995179623365402,0.09995179623365402,0.14076854288578033,0.10777144134044647,1050.7489
8933,0.09839107096195221,0.09839107096195221,0.13372376561164856,0.10091080516576767,1050.8765
8934,0.10039534419775009,0.10039534419775009,0.12761296331882477,0.09505925327539444,1050.9996
8935,0.10311172157526016,0.10311172157526016,0.14864668250083923,0.1153976172208786,1051.1214
8936,0.10359601676464081,0.10359601676464081,0.1264619082212448,0.0940764769911766,1051.2398
8937,0.10154102742671967,0.10154102742671967,0.14507515728473663,0.11195938289165497,1051.356
8938,0.09907588362693787,0.09907588362693787,0.12910258769989014,0.09650500118732452,1051.4727
8939,0.09833993762731552,0.09833993762731552,0.13180360198020935,0.09907134622335434,1051.5932
8940,0.09949008375406265,0.09949008375406265,0.1394520103931427,0.10644885152578354,1051.716
8941,0.10092824697494507,0.10092824697494507,0.12717334926128387,0.09464794397354126,1051.8386
8942,0.10110922902822495,0.10110922902822495,0.14405827224254608,0.11091168224811554,1051.9609
8943,0.09995289891958237,0.09995289891958237,0.12780916690826416,0.09524877369403839,1052.0807
8944,0.09863559901714325,0.09863559901714325,0.1361687183380127,0.1032729372382164,1052.2049
8945,0.09826256334781647,0.09826256334781647,0.13342638313770294,0.10062400996685028,1052.3419
8946,0.09887842833995819,0.09887842833995819,0.12923458218574524,0.09659907221794128,1052.4628
8947,0.09964402765035629,0.09964402765035629,0.14008724689483643,0.10705526173114777,1052.5869
8948,0.09975908696651459,0.09975908696651459,0.12797270715236664,0.09538278728723526,1052.7173
8949,0.09915982186794281,0.09915982186794281,0.13855256140232086,0.10555443912744522,1052.854
8950,0.09843571484088898,0.09843571484088898,0.13037367165088654,0.0976724699139595,1052.9847
8951,0.09817463159561157,0.09817463159561157,0.1323852837085724,0.09961064159870148,1053.1179
8952,0.09845078736543655,0.09845078736543655,0.13561296463012695,0.10272562503814697,1053.2385
8953,0.09886840730905533,0.09886840730905533,0.12911050021648407,0.09646961838006973,1053.3652
8954,0.09899639338254929,0.09899639338254929,0.13808634877204895,0.10510114580392838,1053.4878
8955,0.09873564541339874,0.09873564541339874,0.1293436586856842,0.0966707244515419,1053.609
8956,0.09833407402038574,0.09833407402038574,0.13513515889644623,0.10223899781703949,1053.7344
8957,0.09811212867498398,0.09811212867498398,0.1322210282087326,0.09943747520446777,1053.8612
8958,0.0981811136007309,0.0981811136007309,0.13124458491802216,0.09850426018238068,1053.9854
8959,0.09839601814746857,0.09839601814746857,0.1356808841228485,0.1027783527970314,1054.1083
8960,0.098528191447258,0.098528191447258,0.12973059713840485,0.09704834222793579,1054.2298
8961,0.09846161305904388,0.09846161305904388,0.13611817359924316,0.10318648815155029,1054.3503
8962,0.0982607901096344,0.0982607901096344,0.13057103753089905,0.09784041345119476,1054.472
8963,0.09808355569839478,0.09808355569839478,0.13361617922782898,0.10077229887247086,1054.5957
8964,0.09803928434848785,0.09803928434848785,0.13296058773994446,0.10014679282903671,1054.7115
8965,0.098115935921669,0.098115935921669,0.13119396567344666,0.09844984114170074,1054.8275
8966,0.09821426868438721,0.09821426868438721,0.1349972039461136,0.10210864245891571,1054.9448
8967,0.09824029356241226,0.09824029356241226,0.13043978810310364,0.09771764278411865,1055.0565
8968,0.09817290306091309,0.09817290306091309,0.13484826683998108,0.10195276886224747,1055.1738
8969,0.09806344658136368,0.09806344658136368,0.13128790259361267,0.0985240638256073,1055.2923
8970,0.09798391163349152,0.09798391163349152,0.13308517634868622,0.10025622695684433,1055.4105
8971,0.09797105938196182,0.09797105938196182,0.13299891352653503,0.10017683357000351,1055.5367
8972,0.09800849854946136,0.09800849854946136,0.13150133192539215,0.09873665124177933,1055.6585
8973,0.09804894775152206,0.09804894775152206,0.13426657021045685,0.10139558464288712,1055.7803
8974,0.09805329889059067,0.09805329889059067,0.13102009892463684,0.09826850891113281,1055.8988
8975,0.09801522642374039,0.09801522642374039,0.13413868844509125,0.10126564651727676,1056.0235
8976,0.09795798361301422,0.09795798361301422,0.1316206455230713,0.09884276986122131,1056.14
8977,0.09791278839111328,0.09791278839111328,0.13299638032913208,0.10016848891973495,1056.2552
8978,0.09789768606424332,0.09789768606424332,0.13277503848075867,0.09995616972446442,1056.3765
8979,0.09790787845849991,0.09790787845849991,0.1318887174129486,0.09910203516483307,1056.502
8980,0.09792337566614151,0.09792337566614151,0.13366270065307617,0.10080653429031372,1056.6231
8981,0.09792596101760864,0.09792596101760864,0.13145041465759277,0.09867582470178604,1056.7416
8982,0.0979088544845581,0.0979088544845581,0.1337103545665741,0.10084877163171768,1056.862
8983,0.09787865728139877,0.09787865728139877,0.13174891471862793,0.0989629253745079,1056.9853
8984,0.09784892946481705,0.09784892946481705,0.13304677605628967,0.10021264851093292,1057.1046
8985,0.09782995283603668,0.09782995283603668,0.13248176872730255,0.09966859966516495,1057.2224
8986,0.09782420098781586,0.09782420098781586,0.1322593241930008,0.09945281594991684,1057.3381
8987,0.09782574325799942,0.09782574325799942,0.13315944373607635,0.10031671822071075,1057.4529
8988,0.09782629460096359,0.09782629460096359,0.1318107545375824,0.09901796281337738,1057.5708
8989,0.09781947731971741,0.09781947731971741,0.13337799906730652,0.10052555799484253,1057.6957
8990,0.09780476242303848,0.09780476242303848,0.13184228539466858,0.09904934465885162,1057.8211
8991,0.0977858304977417,0.0977858304977417,0.13308997452259064,0.10025002807378769,1057.9456
8992,0.09776794910430908,0.09776794910430908,0.13223469257354736,0.09942595660686493,1058.0736
8993,0.09775477647781372,0.09775477647781372,0.13257090747356415,0.09974731504917145,1058.2446
8994,0.09774686396121979,0.09774686396121979,0.13272055983543396,0.0998893454670906,1058.4287
8995,0.09774221479892731,0.09774221479892731,0.13214275240898132,0.09933255612850189,1058.567
8996,0.09773752093315125,0.09773752093315125,0.13302791118621826,0.100184366106987,1058.7007
8997,0.09772995859384537,0.09772995859384537,0.13198335468769073,0.09918040037155151,1058.8425
8998,0.09771899878978729,0.09771899878978729,0.13302317261695862,0.10018060356378555,1058.9772
8999,0.09770593792200089,0.09770593792200089,0.13209979236125946,0.09929125010967255,1059.1008
9000,0.09769274294376373,0.09769274294376373,0.132772296667099,0.09993644803762436,1059.2235
9001,0.09768088907003403,0.09768088907003403,0.1323782056570053,0.0995558351278305,1059.3463
9002,0.09767095744609833,0.09767095744609833,0.13244624435901642,0.0996205285191536,1059.4685
9003,0.09766308963298798,0.09766308963298798,0.1326596438884735,0.09982596337795258,1059.5899
9004,0.09765590727329254,0.09765590727329254,0.1322023570537567,0.0993862971663475,1059.7108
9005,0.09764812141656876,0.09764812141656876,0.13281214237213135,0.09997226297855377,1059.8357
9006,0.09763950109481812,0.09763950109481812,0.13211971521377563,0.09930495917797089,1059.9552
9007,0.0976293534040451,0.0976293534040451,0.1327911764383316,0.09994950145483017,1060.0831
9008,0.09761878848075867,0.09761878848075867,0.13218899071216583,0.09936902672052383,1060.2032
9009,0.09760792553424835,0.09760792553424835,0.13263937830924988,0.09980182349681854,1060.3259
9010,0.0975976288318634,0.0975976288318634,0.13234606385231018,0.09951972216367722,1060.4475
9011,0.09758791327476501,0.09758791327476501,0.13244283199310303,0.09961257129907608,1060.5715
9012,0.0975789800286293,0.0975789800286293,0.13251063227653503,0.09967686235904694,1060.6942
9013,0.09757062047719955,0.09757062047719955,0.1322820633649826,0.09945595264434814,1060.8214
9014,0.09756197780370712,0.09756197780370712,0.13261346518993378,0.09977365285158157,1060.9431
9015,0.09755315631628036,0.09755315631628036,0.13220195472240448,0.09937682002782822,1061.0652
9016,0.0975438803434372,0.0975438803434372,0.1326267570257187,0.09978519380092621,1061.2012
9017,0.09753434360027313,0.09753434360027313,0.13220539689064026,0.09937947988510132,1061.3243
9018,0.0975249782204628,0.0975249782204628,0.132562518119812,0.0997224822640419,1061.4451
9019,0.09751514345407486,0.09751514345407486,0.1322697401046753,0.09943981468677521,1061.5678
9020,0.09750543534755707,0.09750543534755707,0.13245470821857452,0.09961677342653275,1061.6893
9021,0.09749621152877808,0.09749621152877808,0.1323576718568802,0.09952226281166077,1061.8097
9022,0.0974869430065155,0.0974869430065155,0.13234460353851318,0.09950900077819824,1061.9302
9023,0.09747792035341263,0.09747792035341263,0.1324329674243927,0.09959366917610168,1062.0509
9024,0.09746912121772766,0.09746912121772766,0.1322612315416336,0.09942802786827087,1062.1732
9025,0.09746009111404419,0.09746009111404419,0.13247406482696533,0.0996318906545639,1062.2981
9026,0.0974511131644249,0.0974511131644249,0.13221821188926697,0.0993848592042923,1062.4133
9027,0.09744180738925934,0.09744180738925934,0.1324721872806549,0.0996282547712326,1062.5347
9028,0.0974326878786087,0.0974326878786087,0.13221421837806702,0.09937911480665207,1062.6534
9029,0.09742331504821777,0.09742331504821777,0.13243547081947327,0.09959141910076141,1062.7802
9030,0.09741415083408356,0.09741415083408356,0.13223686814308167,0.09939984232187271,1062.8987
9031,0.09740473330020905,0.09740473330020905,0.1323775202035904,0.09953437000513077,1063.015
9032,0.09739551693201065,0.09739551693201065,0.13227488100528717,0.09943482279777527,1063.1372
9033,0.0973864197731018,0.0973864197731018,0.13231271505355835,0.0994703620672226,1063.2556
9034,0.09737727791070938,0.09737727791070938,0.13231134414672852,0.09946805238723755,1063.3792
9035,0.09736829996109009,0.09736829996109009,0.13225652277469635,0.09941450506448746,1063.4954
9036,0.09735901653766632,0.09735901653766632,0.1323363184928894,0.09949073940515518,1063.6187
9037,0.09735007584095001,0.09735007584095001,0.13221320509910583,0.09937170892953873,1063.7433
9038,0.09734100103378296,0.09734100103378296,0.13234728574752808,0.09949980676174164,1063.8652
9039,0.09733189642429352,0.09733189642429352,0.13218653202056885,0.0993444174528122,1063.9832
9040,0.0973227322101593,0.0973227322101593,0.132340669631958,0.09949187189340591,1064.1031
9041,0.0973137840628624,0.0973137840628624,0.13217420876026154,0.09933064132928848,1064.2218
9042,0.09730450063943863,0.09730450063943863,0.1323222517967224,0.09947244077920914,1064.3441
9043,0.0972953662276268,0.0972953662276268,0.1321721076965332,0.09932755678892136,1064.4669
9044,0.09728638082742691,0.09728638082742691,0.132294163107872,0.09944398701190948,1064.5919
9045,0.09727709740400314,0.09727709740400314,0.1321779191493988,0.09933137893676758,1064.7141
9046,0.09726807475090027,0.09726807475090027,0.13226249814033508,0.09941208362579346,1064.8491
9047,0.0972587913274765,0.0972587913274765,0.1321820765733719,0.0993337407708168,1064.9829
9048,0.09724986553192139,0.09724986553192139,0.13223402202129364,0.09938273578882217,1065.1072
9049,0.09724061191082001,0.09724061191082001,0.13218605518341064,0.09933619946241379,1065.2255
9050,0.09723170101642609,0.09723170101642609,0.13220378756523132,0.09935255348682404,1065.3457
9051,0.09722261130809784,0.09722261130809784,0.13218918442726135,0.09933754056692123,1065.4704
9052,0.0972134917974472,0.0972134917974472,0.1321793496608734,0.09932730346918106,1065.5951
9053,0.09720434248447418,0.09720434248447418,0.13218596577644348,0.0993330329656601,1065.7137
9054,0.09719525277614594,0.09719525277614594,0.13215725123882294,0.09930423647165298,1065.837
9055,0.09718642383813858,0.09718642383813858,0.1321827918291092,0.09932811558246613,1065.956
9056,0.09717712551355362,0.09717712551355362,0.13213594257831573,0.09928268194198608,1066.0803
9057,0.09716819226741791,0.09716819226741791,0.13217580318450928,0.09932012110948563,1066.2005
9058,0.09715919196605682,0.09715919196605682,0.13211750984191895,0.0992630124092102,1066.3245
9059,0.09715010970830917,0.09715010970830917,0.13216905295848846,0.09931211173534393,1066.4434
9060,0.09714095294475555,0.09714095294475555,0.13209819793701172,0.09924304485321045,1066.5632
9061,0.09713190793991089,0.09713190793991089,0.1321624219417572,0.09930382668972015,1066.6839
9062,0.097122922539711,0.097122922539711,0.1320803165435791,0.0992242768406868,1066.8052
9063,0.09711389243602753,0.09711389243602753,0.13215398788452148,0.099294513463974,1066.927
9064,0.097105011343956,0.097105011343956,0.13206353783607483,0.09920656681060791,1067.0471
9065,0.09709582477807999,0.09709582477807999,0.13214582204818726,0.09928502142429352,1067.1713
9066,0.09708678722381592,0.09708678722381592,0.13204462826251984,0.09918694198131561,1067.2907
9067,0.09707783162593842,0.09707783162593842,0.13213805854320526,0.09927594661712646,1067.4303
9068,0.09706876426935196,0.09706876426935196,0.1320260763168335,0.09916747361421585,1067.554
9069,0.09705957025289536,0.09705957025289536,0.13213226199150085,0.09926906228065491,1067.6779
9070,0.09705084562301636,0.09705084562301636,0.13200445473194122,0.09914512932300568,1067.809
9071,0.09704168140888214,0.09704168140888214,0.13213081657886505,0.0992659479379654,1067.9318
9072,0.09703265130519867,0.09703265130519867,0.13197731971740723,0.09911759942770004,1068.0529
9073,0.09702366590499878,0.09702366590499878,0.13213393092155457,0.09926746785640717,1068.1736
9074,0.09701504558324814,0.09701504558324814,0.13194593787193298,0.09908567368984222,1068.2974
9075,0.09700598567724228,0.09700598567724228,0.1321432739496231,0.0992751345038414,1068.4184
9076,0.09699715673923492,0.09699715673923492,0.1319034993648529,0.09904356300830841,1068.5354
9077,0.09698831290006638,0.09698831290006638,0.13216614723205566,0.09929541498422623,1068.6558
9078,0.09697955846786499,0.09697955846786499,0.1318490207195282,0.09898968786001205,1068.776
9079,0.09697090089321136,0.09697090089321136,0.13220319151878357,0.09932975471019745,1068.904
9080,0.09696279466152191,0.09696279466152191,0.13177716732025146,0.09891877323389053,1069.0212
9081,0.09695438295602798,0.09695438295602798,0.13226544857025146,0.09938816726207733,1069.1335
9082,0.09694674611091614,0.09694674611091614,0.1316758394241333,0.09882014989852905,1069.252
9083,0.09693951904773712,0.09693951904773712,0.13236311078071594,0.09948080778121948,1069.3678
9084,0.09693276882171631,0.09693276882171631,0.13153435289859772,0.09868250042200089,1069.4888
9085,0.09692785143852234,0.09692785143852234,0.13251788914203644,0.09962872415781021,1069.6096
9086,0.09692423045635223,0.09692423045635223,0.13132980465888977,0.09848431497812271,1069.7323
9087,0.09692360460758209,0.09692360460758209,0.1327679604291916,0.09986823797225952,1069.8553
9088,0.09692709147930145,0.09692709147930145,0.13102610409259796,0.09819144755601883,1069.9753
9089,0.09693771600723267,0.09693771600723267,0.133174866437912,0.10025990009307861,1070.0954
9090,0.09695840626955032,0.09695840626955032,0.13057741522789001,0.09775970131158829,1070.2107
9091,0.09699578583240509,0.09699578583240509,0.13384857773780823,0.10090984404087067,1070.3286
9092,0.09705917537212372,0.09705917537212372,0.1299116611480713,0.09712175279855728,1070.4466
9093,0.09716431051492691,0.09716431051492691,0.13499818742275238,0.10202165693044662,1070.5661
9094,0.09733624756336212,0.09733624756336212,0.12895841896533966,0.09621351957321167,1070.6819
9095,0.09761544317007065,0.09761544317007065,0.1370280236005783,0.10399176925420761,1070.7991
9096,0.09806902706623077,0.09806902706623077,0.12769588828086853,0.09502416849136353,1070.9197
9097,0.09880316257476807,0.09880316257476807,0.14078670740127563,0.10765279829502106,1071.0427
9098,0.09999426454305649,0.09999426454305649,0.12637582421302795,0.09382347017526627,1071.1604
9099,0.10190916061401367,0.10190916061401367,0.1480674296617508,0.1147749200463295,1071.282
9100,0.10498235374689102,0.10498235374689102,0.1261492669582367,0.09378780424594879,1071.401
9101,0.10978579521179199,0.10978579521179199,0.16257497668266296,0.12902840971946716,1071.5237
9102,0.11713681370019913,0.11713681370019913,0.1303253471851349,0.0982559323310852,1071.6447
9103,0.12757667899131775,0.12757667899131775,0.19002953171730042,0.15610606968402863,1071.7705
9104,0.14120371639728546,0.14120371639728546,0.14398476481437683,0.11229775846004486,1071.8936
9105,0.15537132322788239,0.15537132322788239,0.2284735143184662,0.19412286579608917,1072.0166
9106,0.16504080593585968,0.16504080593585968,0.15993206202983856,0.12855151295661926,1072.1358
9107,0.16193506121635437,0.16193506121635437,0.2375032901763916,0.2030426263809204,1072.2559
9108,0.14348936080932617,0.14348936080932617,0.14469368755817413,0.11312253773212433,1072.3746
9109,0.11741729080677032,0.11741729080677032,0.17529776692390442,0.1415368616580963,1072.4959
9110,0.09928686916828156,0.09928686916828156,0.12598976492881775,0.09343942254781723,1072.6114
9111,0.09862362593412399,0.09862362593412399,0.12645959854125977,0.0938306599855423,1072.7296
9112,0.11092128604650497,0.11092128604650497,0.16509287059307098,0.1314183473587036,1072.8494
9113,0.12265360355377197,0.12265360355377197,0.1318361759185791,0.09991225600242615,1072.9704
9114,0.12273530662059784,0.12273530662059784,0.18390610814094543,0.1500457227230072,1073.0911
9115,0.11138986051082611,0.11138986051082611,0.12662220001220703,0.09455814957618713,1073.2097
9116,0.09953798353672028,0.09953798353672028,0.14290958642959595,0.10975722968578339,1073.3312
9117,0.09722365438938141,0.09722365438938141,0.1354856789112091,0.10249844938516617,1073.4525
9118,0.10384304821491241,0.10384304821491241,0.1247478500008583,0.09236283600330353,1073.5689
9119,0.11039759963750839,0.11039759963750839,0.1643490046262741,0.13067331910133362,1073.6899
9120,0.10952714830636978,0.10952714830636978,0.12569864094257355,0.09353313595056534,1073.8169
9121,0.10268771648406982,0.10268771648406982,0.15003584325313568,0.11672887951135635,1073.943
9122,0.09720008075237274,0.09720008075237274,0.12815576791763306,0.09548073261976242,1074.0693
9123,0.09786030650138855,0.09786030650138855,0.12681686878204346,0.09418294578790665,1074.193
9124,0.10226698219776154,0.10226698219776154,0.14915810525417328,0.11579068005084991,1074.3137
9125,0.10459788143634796,0.10459788143634796,0.12461479008197784,0.09225776046514511,1074.4382
9126,0.10233417898416519,0.10233417898416519,0.14934316277503967,0.11598055064678192,1074.5593
9127,0.09827477484941483,0.09827477484941483,0.1261950135231018,0.09362617880105972,1074.6773
9128,0.0966763123869896,0.0966763123869896,0.13059751689434052,0.0978156328201294,1074.7982
9129,0.0984080582857132,0.0984080582857132,0.13989420235157013,0.10679350793361664,1074.9211
9130,0.10069885104894638,0.10069885104894638,0.12481914460659027,0.09235017001628876,1075.0412
9131,0.10075950622558594,0.10075950622558594,0.14591524004936218,0.11260999739170074,1075.1649
9132,0.09867794811725616,0.09867794811725616,0.12581296265125275,0.0932045504450798,1075.2865
9133,0.09682220220565796,0.09682220220565796,0.1337839812040329,0.10082964599132538,1075.4053
9134,0.09688816964626312,0.09688816964626312,0.1342037171125412,0.10126342624425888,1075.5274
9135,0.09825152158737183,0.09825152158737183,0.12611103057861328,0.09353163093328476,1075.649
9136,0.099082812666893,0.099082812666893,0.14183728396892548,0.1086631789803505,1075.7674
9137,0.09847305715084076,0.09847305715084076,0.12589797377586365,0.09330214560031891,1075.8875
9138,0.09718732535839081,0.09718732535839081,0.13587740063667297,0.10283581167459488,1076.0081
9139,0.09653671830892563,0.09653671830892563,0.13091252744197845,0.09804491698741913,1076.1302
9140,0.09694848209619522,0.09694848209619522,0.12819655239582062,0.09547080844640732,1076.2514
9141,0.09770593792200089,0.09770593792200089,0.1379205286502838,0.10485652834177017,1076.3672
9142,0.09789338707923889,0.09789338707923889,0.12648364901542664,0.09386534988880157,1076.4852
9143,0.09735166281461716,0.09735166281461716,0.1367148607969284,0.10366804897785187,1076.6086
9144,0.09667588025331497,0.09667588025331497,0.1290123015642166,0.09622933715581894,1076.7285
9145,0.09648008644580841,0.09648008644580841,0.130522683262825,0.0976666808128357,1076.845
9146,0.0967976450920105,0.0967976450920105,0.134399875998497,0.1014116182923317,1076.9643
9147,0.09717155992984772,0.09717155992984772,0.1274835169315338,0.09479294717311859,1077.0863
9148,0.09718569368124008,0.09718569368124008,0.13623882830142975,0.10320989042520523,1077.2073
9149,0.09684665501117706,0.09684665501117706,0.12823334336280823,0.09550001472234726,1077.3248
9150,0.09649436175823212,0.09649436175823212,0.13262015581130981,0.09969462454319,1077.445
9151,0.09641573578119278,0.09641573578119278,0.1316922903060913,0.09879247099161148,1077.5678
9152,0.09659316390752792,0.09659316390752792,0.12904633581638336,0.0962563008069992,1077.6917
9153,0.09678502380847931,0.09678502380847931,0.13469254970550537,0.10169722884893417,1077.8132
9154,0.09678772836923599,0.09678772836923599,0.1282709389925003,0.09553743898868561,1077.9326
9155,0.09660663455724716,0.09660663455724716,0.1338219940662384,0.10086331516504288,1078.0558
9156,0.0964084267616272,0.0964084267616272,0.1299552321434021,0.09713675081729889,1078.1768
9157,0.09634402394294739,0.09634402394294739,0.1308496743440628,0.09798631072044373,1078.2918
9158,0.09642042219638824,0.09642042219638824,0.13267230987548828,0.09973352402448654,1078.4086
9159,0.09652528166770935,0.09652528166770935,0.129063218832016,0.09627249091863632,1078.5316
9160,0.09654692560434341,0.09654692560434341,0.13374145328998566,0.10077421367168427,1078.6527
9161,0.09646598249673843,0.09646598249673843,0.1292535811662674,0.09646590799093246,1078.7751
9162,0.09635107219219208,0.09635107219219208,0.1323409080505371,0.0994257852435112,1078.9975
9163,0.0962858647108078,0.0962858647108078,0.1309104710817337,0.09804648160934448,1079.1197
9164,0.09629849344491959,0.09629849344491959,0.1303633153438568,0.09751681983470917,1079.245
9165,0.0963505208492279,0.0963505208492279,0.1326238512992859,0.09968692064285278,1079.3668
9166,0.09638043493032455,0.09638043493032455,0.12949049472808838,0.09668277204036713,1079.485
9167,0.09635765850543976,0.09635765850543976,0.13285088539123535,0.09991373121738434,1079.6026
9168,0.09629835188388824,0.09629835188388824,0.12996049225330353,0.09713758528232574,1079.7222
9169,0.09624286741018295,0.09624286741018295,0.13167670369148254,0.0987815335392952,1079.8446
9170,0.09622175991535187,0.09622175991535187,0.1312301903963089,0.09834881126880646,1079.961
9171,0.0962340384721756,0.0962340384721756,0.13039061427116394,0.0975397452712059,1080.0803
9172,0.09625496715307236,0.09625496715307236,0.13226646184921265,0.09934137761592865,1080.1993
9173,0.09625892341136932,0.09625892341136932,0.1299065351486206,0.0970795750617981,1080.3155
9174,0.09623797982931137,0.09623797982931137,0.13226571679115295,0.09934668242931366,1080.4352
9175,0.09620322287082672,0.09620322287082672,0.1303236186504364,0.09748091548681259,1080.561
9176,0.09617309272289276,0.09617309272289276,0.1314423829317093,0.0985521674156189,1080.6779
9177,0.09616006910800934,0.09616006910800934,0.131211519241333,0.09832736104726791,1080.8043
9178,0.09616208076477051,0.09616208076477051,0.13058236241340637,0.09772167354822159,1080.9252
9179,0.09616754949092865,0.09616754949092865,0.1318933069705963,0.09898172318935394,1081.0498
9180,0.09616550803184509,0.09616550803184509,0.13023659586906433,0.09739413112401962,1081.1718
9181,0.09615206718444824,0.09615206718444824,0.13191211223602295,0.0990033894777298,1081.2935
9182,0.09613142907619476,0.09613142907619476,0.13048891723155975,0.09763580560684204,1081.4156
9183,0.09611181914806366,0.09611181914806366,0.1313864290714264,0.09849505126476288,1081.5424
9184,0.09609931707382202,0.09609931707382202,0.13106879591941833,0.09818734973669052,1081.666
9185,0.09609423577785492,0.09609423577785492,0.13078805804252625,0.09791684150695801,1081.7878
9186,0.09609218686819077,0.09609218686819077,0.1315600723028183,0.0986594557762146,1081.9092
9187,0.09608830511569977,0.09608830511569977,0.13047794997692108,0.09762217849493027,1082.0297
9188,0.09607972204685211,0.09607972204685211,0.1316632777452469,0.09875992685556412,1082.1462
9189,0.0960671529173851,0.0960671529173851,0.13056305050849915,0.09770289808511734,1082.2681
9190,0.09605281054973602,0.09605281054973602,0.13138338923454285,0.09848848730325699,1082.4097
9191,0.09604046493768692,0.09604046493768692,0.1309102475643158,0.09803254902362823,1082.544
9192,0.09603150188922882,0.09603150188922882,0.13097092509269714,0.09809084236621857,1082.6713
9193,0.09602530300617218,0.09602530300617218,0.13127277791500092,0.09838145226240158,1082.7991
9194,0.09601970762014389,0.09601970762014389,0.1306779831647873,0.09781090915203094,1082.9294
9195,0.09601292759180069,0.09601292759180069,0.13144293427467346,0.09854473173618317,1083.0525
9196,0.0960041731595993,0.0960041731595993,0.13062505424022675,0.09775830805301666,1083.176
9197,0.09599389135837555,0.09599389135837555,0.13135568797588348,0.09845805168151855,1083.2932
9198,0.0959828570485115,0.0959828570485115,0.13078120350837708,0.09790574014186859,1083.4096
9199,0.09597267210483551,0.09597267210483551,0.13110974431037903,0.09822104871273041,1083.5247
9200,0.09596389532089233,0.09596389532089233,0.13102063536643982,0.0981360375881195,1083.6402
9201,0.09595626592636108,0.09595626592636108,0.13086029887199402,0.09798210114240646,1083.758
9202,0.09594924747943878,0.09594924747943878,0.13120809197425842,0.09831514954566956,1083.8806
9203,0.09594156593084335,0.09594156593084335,0.13072320818901062,0.09784854203462601,1083.9997
9204,0.09593333303928375,0.09593333303928375,0.13125517964363098,0.09835813194513321,1084.1211
9205,0.09592445194721222,0.09592445194721222,0.13073042035102844,0.09785379469394684,1084.2424
9206,0.09591519087553024,0.09591519087553024,0.13116289675235748,0.09826897829771042,1084.3664
9207,0.09590579569339752,0.09590579569339752,0.1308424174785614,0.09796138852834702,1084.4884
9208,0.09589662402868271,0.09589662402868271,0.13099901378154755,0.09811119735240936,1084.6096
9209,0.09588851034641266,0.09588851034641266,0.130986750125885,0.09809839725494385,1084.7246
9210,0.09588045626878738,0.09588045626878738,0.1308470070362091,0.09796325117349625,1084.8442
9211,0.09587256610393524,0.09587256610393524,0.13108888268470764,0.09819474071264267,1084.9609
9212,0.09586471319198608,0.09586471319198608,0.13076481223106384,0.09788308292627335,1085.0813
9213,0.09585626423358917,0.09585626423358917,0.1311086118221283,0.0982130914926529,1085.2017
9214,0.09584776312112808,0.09584776312112808,0.13076317310333252,0.09788122773170471,1085.3223
9215,0.09583894908428192,0.09583894908428192,0.13105197250843048,0.09815769642591476,1085.4484
9216,0.09583021700382233,0.09583021700382233,0.1308232843875885,0.09793721139431,1085.5686
9217,0.09582163393497467,0.09582163393497467,0.1309535950422287,0.09806168079376221,1085.6923
9218,0.09581325948238373,0.09581325948238373,0.13090381026268005,0.09801293909549713,1085.8156
9219,0.09580489248037338,0.09580489248037338,0.13085468113422394,0.09796562045812607,1085.937
9220,0.09579674899578094,0.09579674899578094,0.1309676170349121,0.09807376563549042,1086.06
9221,0.0957886129617691,0.0957886129617691,0.13078761100769043,0.09790012985467911,1086.1801
9222,0.09578055143356323,0.09578055143356323,0.1309933364391327,0.09809698164463043,1086.2999
9223,0.09577220678329468,0.09577220678329468,0.13076047599315643,0.09787268936634064,1086.4216
9224,0.09576376527547836,0.09576376527547836,0.13097736239433289,0.09807997941970825,1086.547
9225,0.09575532376766205,0.09575532376766205,0.13077259063720703,0.09788278490304947,1086.6713
9226,0.09574701637029648,0.09574701637029648,0.1309289187192917,0.09803280979394913,1086.7919
9227,0.0957384780049324,0.0957384780049324,0.1308060735464096,0.0979141816496849,1086.9121
9228,0.09573002904653549,0.09573002904653549,0.13086919486522675,0.09797407686710358,1087.0368
9229,0.09572168439626694,0.09572168439626694,0.13084343075752258,0.09794880449771881,1087.161
9230,0.09571360796689987,0.09571360796689987,0.13081343472003937,0.09791908413171768,1087.2803
9231,0.09570511430501938,0.09570511430501938,0.1308714598417282,0.09797406196594238,1087.3977
9232,0.09569700062274933,0.09569700062274933,0.130772665143013,0.09787876904010773,1087.5208
9233,0.09568886458873749,0.09568886458873749,0.1308804601430893,0.09798182547092438,1087.6414
9234,0.0956803560256958,0.0956803560256958,0.13075116276741028,0.09785692393779755,1087.7621
9235,0.09567219018936157,0.09567219018936157,0.1308724582195282,0.09797272086143494,1087.8761
9236,0.09566390514373779,0.09566390514373779,0.13074365258216858,0.0978483110666275,1087.997
9237,0.09565572440624237,0.09565572440624237,0.1308501660823822,0.09794988483190536,1088.1188
9238,0.09564703702926636,0.09564703702926636,0.13074982166290283,0.09785278141498566,1088.2405
9239,0.09563900530338287,0.09563900530338287,0.13081857562065125,0.09791847318410873,1088.3604
9240,0.09563086926937103,0.09563086926937103,0.13076075911521912,0.09786240011453629,1088.6381
9241,0.09562217444181442,0.09562217444181442,0.13078522682189941,0.0978851318359375,1088.7951
9242,0.09561396390199661,0.09561396390199661,0.13077159225940704,0.09787144511938095,1088.9876
9243,0.0956057459115982,0.0956057459115982,0.13075289130210876,0.09785281121730804,1089.1284
9244,0.0955975204706192,0.0955975204706192,0.13077911734580994,0.09787718206644058,1089.2546
9245,0.09558935463428497,0.09558935463428497,0.13072648644447327,0.0978260487318039,1089.3792
9246,0.0955810695886612,0.0955810695886612,0.13078096508979797,0.09787794202566147,1089.5048
9247,0.09557296335697174,0.09557296335697174,0.13070456683635712,0.09780384600162506,1089.6232
9248,0.09556455910205841,0.09556455910205841,0.13077779114246368,0.09787343442440033,1089.744
9249,0.09555639326572418,0.09555639326572418,0.13068847358226776,0.09778708219528198,1089.8664
9250,0.09554799646139145,0.09554799646139145,0.13076798617839813,0.09786278009414673,1089.9907
9251,0.09553972631692886,0.09553972631692886,0.13067981600761414,0.09777732193470001,1090.1173
9252,0.09553169459104538,0.09553169459104538,0.13075226545333862,0.09784649312496185,1090.2358
9253,0.09552332013845444,0.09552332013845444,0.1306738555431366,0.09777061641216278,1090.3537
9254,0.09551508724689484,0.09551508724689484,0.13073347508907318,0.09782712161540985,1090.4742
9255,0.09550683200359344,0.09550683200359344,0.13067114353179932,0.09776665270328522,1090.5983
9256,0.09549867361783981,0.09549867361783981,0.13071361184120178,0.09780683368444443,1090.7214
9257,0.09549044072628021,0.09549044072628021,0.13066837191581726,0.09776262938976288,1090.845
9258,0.09548209607601166,0.09548209607601166,0.13069406151771545,0.09778670966625214,1090.9613
9259,0.09547385573387146,0.09547385573387146,0.13066466152668,0.09775795042514801,1091.0793
9260,0.09546554088592529,0.09546554088592529,0.13067582249641418,0.09776786714792252,1091.1945
9261,0.09545734524726868,0.09545734524726868,0.13066042959690094,0.09775258600711823,1091.3116
9262,0.09544901549816132,0.09544901549816132,0.13065743446350098,0.09774906933307648,1091.4268
9263,0.09544108808040619,0.09544108808040619,0.13065467774868011,0.09774581342935562,1091.5435
9264,0.09543267637491226,0.09543267637491226,0.1306408792734146,0.09773185849189758,1091.6609
9265,0.09542453289031982,0.09542453289031982,0.13064880669116974,0.0977388471364975,1091.7845
9266,0.09541629999876022,0.09541629999876022,0.1306239664554596,0.09771448373794556,1091.9028
9267,0.09540809690952301,0.09540809690952301,0.1306404173374176,0.09772960841655731,1092.0177
9268,0.09539979696273804,0.09539979696273804,0.13061024248600006,0.09769990295171738,1092.1367
9269,0.09539145976305008,0.09539145976305008,0.13063105940818787,0.0977194756269455,1092.2571
9270,0.09538345783948898,0.09538345783948898,0.130595400929451,0.09768450260162354,1092.377
9271,0.09537509828805923,0.09537509828805923,0.13062310218811035,0.09771041572093964,1092.5031
9272,0.09536701440811157,0.09536701440811157,0.13057997822761536,0.09766854345798492,1092.6225
9273,0.09535890072584152,0.09535890072584152,0.13061510026454926,0.09770161658525467,1092.7445
9274,0.0953504666686058,0.0953504666686058,0.1305648535490036,0.09765265882015228,1092.8683
9275,0.09534242004156113,0.09534242004156113,0.1306074857711792,0.09769310802221298,1092.9854
9276,0.09533438086509705,0.09533438086509705,0.13054759800434113,0.09763497114181519,1093.1057
9277,0.09532611817121506,0.09532611817121506,0.1306018829345703,0.09768639504909515,1093.2276
9278,0.09531773626804352,0.09531773626804352,0.13052880764007568,0.09761576354503632,1093.346
9279,0.09530964493751526,0.09530964493751526,0.1305978000164032,0.09768141061067581,1093.4654
9280,0.09530148655176163,0.09530148655176163,0.1305069476366043,0.09759337455034256,1093.5846
9281,0.09529326111078262,0.09529326111078262,0.1305980235338211,0.09768044948577881,1093.7072
9282,0.09528528153896332,0.09528528153896332,0.1304808408021927,0.09756724536418915,1093.8253
9283,0.09527710825204849,0.09527710825204849,0.13060270249843597,0.09768369048833847,1093.9469
9284,0.0952688530087471,0.0952688530087471,0.1304481327533722,0.09753458201885223,1094.0734
9285,0.09526070952415466,0.09526070952415466,0.13061611354351044,0.09769551455974579,1094.1981
9286,0.09525278955698013,0.09525278955698013,0.13040503859519958,0.09749196469783783,1094.3169
9287,0.09524472057819366,0.09524472057819366,0.13064387440681458,0.09772080183029175,1094.4346
9288,0.09523694217205048,0.09523694217205048,0.1303453892469406,0.09743368625640869,1094.5527
9289,0.09522933512926102,0.09522933512926102,0.1306910216808319,0.09776505082845688,1094.669
9290,0.09522189944982529,0.09522189944982529,0.13026195764541626,0.09735220670700073,1094.7885
9291,0.09521453827619553,0.09521453827619553,0.13077017664909363,0.09784019738435745,1094.9097
9292,0.09520809352397919,0.09520809352397919,0.13013991713523865,0.09723390638828278,1095.0297
9293,0.09520241618156433,0.09520241618156433,0.13090240955352783,0.0979660153388977,1095.1566
9294,0.09519791603088379,0.09519791603088379,0.1299581676721573,0.0970584899187088,1095.2733
9295,0.09519560635089874,0.09519560635089874,0.13111889362335205,0.09817342460155487,1095.3898
9296,0.09519658982753754,0.09519658982753754,0.12968555092811584,0.09679578244686127,1095.5173
9297,0.09520278126001358,0.09520278126001358,0.13147768378257751,0.09851796925067902,1095.6368
9298,0.095217265188694,0.095217265188694,0.12926772236824036,0.0963946133852005,1095.7598
9299,0.09524530172348022,0.09524530172348022,0.1320890188217163,0.09910639375448227,1095.8805
9300,0.09529580920934677,0.09529580920934677,0.12862926721572876,0.09578368812799454,1096.001
9301,0.09538248926401138,0.09538248926401138,0.13315518200397491,0.10013578087091446,1096.1262
9302,0.09552924335002899,0.09552924335002899,0.12767885625362396,0.09487871825695038,1096.2482
9303,0.09577560424804688,0.09577560424804688,0.13509008288383484,0.10200993716716766,1096.3676
9304,0.09618887305259705,0.09618887305259705,0.12636211514472961,0.09363830089569092,1096.4847
9305,0.09687919169664383,0.09687919169664383,0.1387774497270584,0.10559491813182831,1096.6087
9306,0.09803552180528641,0.09803552180528641,0.12489233165979385,0.0922965481877327,1096.7319
9307,0.0999641865491867,0.0999641865491867,0.146204873919487,0.11285044997930527,1096.8544
9308,0.10317137092351913,0.10317137092351913,0.12449689209461212,0.09211353957653046,1096.9782
9309,0.10841826349496841,0.10841826349496841,0.16186164319515228,0.1282190978527069,1097.1029
9310,0.1168183907866478,0.1168183907866478,0.12925776839256287,0.09721539914608002,1097.2239
9311,0.1295579969882965,0.1295579969882965,0.19416774809360504,0.16006997227668762,1097.3457
9312,0.14735427498817444,0.14735427498817444,0.1472807228565216,0.11572037637233734,1097.4733
9313,0.16820189356803894,0.16820189356803894,0.24655719101428986,0.21188020706176758,1097.5978
9314,0.18530245125293732,0.18530245125293732,0.17398931086063385,0.14288830757141113,1097.7198
9315,0.1867257058620453,0.1867257058620453,0.27088722586631775,0.23594491183757782,1097.85
9316,0.16391411423683167,0.16391411423683167,0.15760712325572968,0.12639087438583374,1097.9899
9317,0.12679331004619598,0.12679331004619598,0.19097253680229187,0.15686790645122528,1098.1313
9318,0.09903956949710846,0.09903956949710846,0.12365572154521942,0.09119958430528641,1098.2637
9319,0.09803164005279541,0.09803164005279541,0.12409160286188126,0.09150918573141098,1098.3852
9320,0.11684706062078476,0.11684706062078476,0.17649045586585999,0.14247648417949677,1098.5102
9321,0.13266079127788544,0.13266079127788544,0.13611848652362823,0.10442624241113663,1098.6278
9322,0.12908706068992615,0.12908706068992615,0.195074662566185,0.16093504428863525,1098.7564
9323,0.1099272146821022,0.1099272146821022,0.1246238723397255,0.09261398017406464,1098.8808
9324,0.09590427577495575,0.09590427577495575,0.13552165031433105,0.10249489545822144,1099.004
9325,0.09917424619197845,0.09917424619197845,0.14467398822307587,0.1113547831773758,1099.1236
9326,0.11128465086221695,0.11128465086221695,0.12482164055109024,0.09269539266824722,1099.245
9327,0.11576671898365021,0.11576671898365021,0.175065279006958,0.141077920794487,1099.365
9328,0.10728160291910172,0.10728160291910172,0.12339093536138535,0.09126658737659454,1099.4818
9329,0.09699032455682755,0.09699032455682755,0.13908830285072327,0.1059650406241417,1099.6011
9330,0.09612401574850082,0.09612401574850082,0.13632366061210632,0.10325554758310318,1099.7242
9331,0.1029428020119667,0.1029428020119667,0.12263987958431244,0.09034676104784012,1099.8432
9332,0.10700217634439468,0.10700217634439468,0.16037487983703613,0.12665583193302155,1099.9578
9333,0.10297717899084091,0.10297717899084091,0.12260540574789047,0.09025518596172333,1100.0731
9334,0.09660834819078445,0.09660834819078445,0.13793055713176727,0.10477179288864136,1100.1963
9335,0.09544271230697632,0.09544271230697632,0.13335315883159637,0.10038785636425018,1100.3185
9336,0.09932245314121246,0.09932245314121246,0.12288682162761688,0.09048900753259659,1100.4385
9337,0.10199139267206192,0.10199139267206192,0.15090522170066833,0.11744649708271027,1100.5545
9338,0.0998617485165596,0.0998617485165596,0.122744120657444,0.09031736850738525,1100.6787
9339,0.09607096761465073,0.09607096761465073,0.13627329468727112,0.1031142920255661,1100.8011
9340,0.09517447650432587,0.09517447650432587,0.13203756511211395,0.09902379661798477,1100.9219
9341,0.09737472981214523,0.09737472981214523,0.12377611547708511,0.09122428297996521,1101.0399
9342,0.09908760339021683,0.09908760339021683,0.14457444846630096,0.1112586036324501,1101.1547
9343,0.09799601137638092,0.09799601137638092,0.1233619824051857,0.09086927026510239,1101.2698
9344,0.09571537375450134,0.09571537375450134,0.1349758356809616,0.1019098162651062,1101.3877
9345,0.09499650448560715,0.09499650448560715,0.1308240294456482,0.09787146747112274,1101.507
9346,0.09619791060686111,0.09619791060686111,0.12494637817144394,0.09226230531930923,1101.6279
9347,0.09732730686664581,0.09732730686664581,0.14025822281837463,0.10700719058513641,1101.7515
9348,0.09687397629022598,0.09687397629022598,0.12418878078460693,0.09160515666007996,1101.875
9349,0.09552490711212158,0.09552490711212158,0.13446977734565735,0.1014183983206749,1101.9977
9350,0.09488340467214584,0.09488340467214584,0.12977205216884613,0.09688682109117508,1102.2213
9351,0.0954379066824913,0.0954379066824913,0.12620463967323303,0.09347353130578995,1102.3389
9352,0.09620579332113266,0.09620579332113266,0.13703839480876923,0.10386774688959122,1102.4566
9353,0.09615299850702286,0.09615299850702286,0.12493796646595001,0.09226598590612411,1102.5766
9354,0.09540282189846039,0.09540282189846039,0.1341160535812378,0.10105357319116592,1102.6992
9355,0.09484516084194183,0.09484516084194183,0.12878161668777466,0.09592868387699127,1102.8212
9356,0.09498785436153412,0.09498785436153412,0.12757624685764313,0.0947793647646904,1102.9442
9357,0.09546593576669693,0.09546593576669693,0.13451799750328064,0.10144513845443726,1103.0631
9358,0.09562329947948456,0.09562329947948456,0.12573213875293732,0.09301571547985077,1103.185
9359,0.09529127180576324,0.09529127180576324,0.1338854730129242,0.10080714523792267,1103.3022
9360,0.09486358612775803,0.09486358612775803,0.12807166576385498,0.09522932767868042,1103.4226
9361,0.0947669968008995,0.0947669968008995,0.12892408668994904,0.096055768430233,1103.5471
9362,0.09499512612819672,0.09499512612819672,0.13246369361877441,0.09946109354496002,1103.6691
9363,0.09520313143730164,0.09520313143730164,0.1265699714422226,0.0938233882188797,1103.7917
9364,0.09514130651950836,0.09514130651950836,0.1333800107240677,0.10033722221851349,1103.9095
9365,0.09488867223262787,0.09488867223262787,0.12765061855316162,0.0948260948061943,1104.0282
9366,0.09470711648464203,0.09470711648464203,0.13015763461589813,0.09721885621547699,1104.1483
9367,0.09473560005426407,0.09473560005426407,0.13080132007598877,0.09784410893917084,1104.273
9368,0.09487847983837128,0.09487847983837128,0.12757351994514465,0.09476381540298462,1104.3963
9369,0.09494728595018387,0.09494728595018387,0.13260139524936676,0.09958554804325104,1104.5152
9370,0.09486451745033264,0.09486451745033264,0.12754479050636292,0.09473931789398193,1104.6376
9371,0.0947178304195404,0.0947178304195404,0.1310272514820099,0.098061203956604,1104.7641
9372,0.09464006125926971,0.09464006125926971,0.12954005599021912,0.09662900120019913,1104.8879
9373,0.09467245638370514,0.09467245638370514,0.12866106629371643,0.09579180181026459,1105.006
9374,0.09474595636129379,0.09474595636129379,0.13154825568199158,0.09856416285037994,1105.126
9375,0.09476804733276367,0.09476804733276367,0.12783470749855042,0.09501258283853531,1105.2444
9376,0.09471264481544495,0.09471264481544495,0.13141024112701416,0.09843543916940689,1105.3673
9377,0.09463006258010864,0.09463006258010864,0.12875355780124664,0.09588529169559479,1105.4898
9378,0.09458670020103455,0.09458670020103455,0.12971937656402588,0.09680254757404327,1105.607
9379,0.09460075944662094,0.09460075944662094,0.13042357563972473,0.09747664630413055,1105.7273
9380,0.09463617205619812,0.09463617205619812,0.12842674553394318,0.09556996077299118,1105.8511
9381,0.09464679658412933,0.09464679658412933,0.1311856359243393,0.0982145294547081,1105.971
9382,0.09461682289838791,0.09461682289838791,0.12845492362976074,0.09560203552246094,1106.0891
9383,0.09456922113895416,0.09456922113895416,0.13045081496238708,0.09751032292842865,1106.2069
9384,0.09453790634870529,0.09453790634870529,0.12949033081531525,0.09658560901880264,1106.3267
9385,0.09453599154949188,0.09453599154949188,0.129228413105011,0.09633225202560425,1106.4461
9386,0.09455084800720215,0.09455084800720215,0.13054117560386658,0.0975903868675232,1106.5658
9387,0.09455759823322296,0.09455759823322296,0.12864139676094055,0.09577484428882599,1106.6864
9388,0.09454438835382462,0.09454438835382462,0.13067588210105896,0.09772445261478424,1106.8057
9389,0.09451683610677719,0.09451683610677719,0.12895014882087708,0.09607318788766861,1106.9281
9390,0.09449217468500137,0.09449217468500137,0.12993872165679932,0.09701678901910782,1107.0467
9391,0.09448114782571793,0.09448114782571793,0.12976795434951782,0.0968499556183815,1107.164
9392,0.0944826677441597,0.0944826677441597,0.12915202975273132,0.09625979512929916,1107.2834
9393,0.09448546171188354,0.09448546171188354,0.1303654909133911,0.09742222726345062,1107.4018
9394,0.0944804698228836,0.0944804698228836,0.12889255583286285,0.09601374715566635,1107.5262
9395,0.09446591883897781,0.09446591883897781,0.1302834302186966,0.09734635055065155,1107.6498
9396,0.09444796293973923,0.09444796293973923,0.12922024726867676,0.09632809460163116,1107.7714
9397,0.09443388134241104,0.09443388134241104,0.12973026931285858,0.09681376069784164,1107.8852
9398,0.09442690759897232,0.09442690759897232,0.1297932118177414,0.09687267243862152,1108.0077
9399,0.09442456066608429,0.09442456066608429,0.1292104572057724,0.09631530940532684,1108.1265
9400,0.09442138671875,0.09442138671875,0.13014133274555206,0.0972069501876831,1108.2431
9401,0.09441415965557098,0.09441415965557098,0.12907874584197998,0.09619123488664627,1108.3613
9402,0.0944022387266159,0.0944022387266159,0.13004431128501892,0.097115658223629,1108.4793
9403,0.09438987821340561,0.09438987821340561,0.12932661175727844,0.09642703831195831,1108.5977
9404,0.09437928348779678,0.09437928348779678,0.12965655326843262,0.09674100577831268,1108.7187
9405,0.09437201917171478,0.09437201917171478,0.1297113299369812,0.09679289907217026,1108.8406
9406,0.09436686336994171,0.09436686336994171,0.12930360436439514,0.09640263020992279,1108.9562
9407,0.09436148405075073,0.09436148405075073,0.12994541227817535,0.09701762348413467,1109.0745
9408,0.09435423463582993,0.09435423463582993,0.12919527292251587,0.09630060940980911,1109.1911
9409,0.09434504061937332,0.09434504061937332,0.12988711893558502,0.09696223586797714,1109.3116
9410,0.09433484077453613,0.09433484077453613,0.12934494018554688,0.09644173830747604,1109.4357
9411,0.09432555735111237,0.09432555735111237,0.12963862717151642,0.09672190248966217,1109.5593
9412,0.0943177193403244,0.0943177193403244,0.12960104644298553,0.09668546169996262,1109.6788
9413,0.09431102126836777,0.09431102126836777,0.12938401103019714,0.09647764265537262,1109.799
9414,0.09430457651615143,0.09430457651615143,0.1297779232263565,0.09685524553060532,1109.9187
9415,0.09429752081632614,0.09429752081632614,0.12927238643169403,0.09637156873941422,1110.0425
9416,0.09428950399160385,0.09428950399160385,0.12977835536003113,0.09685485064983368,1110.1622
9417,0.09428094327449799,0.09428094327449799,0.12933342158794403,0.0964280217885971,1110.2827
9418,0.09427227079868317,0.09427227079868317,0.12963023781776428,0.0967114120721817,1110.4014
9419,0.09426416456699371,0.09426416456699371,0.12948958575725555,0.0965762734413147,1110.5211
9420,0.09425653517246246,0.09425653517246246,0.12944917380809784,0.09653768688440323,1110.6379
9421,0.09424947947263718,0.09424947947263718,0.1296294629573822,0.0967104509472847,1110.7554
9422,0.09424228966236115,0.09424228966236115,0.12933258712291718,0.0964256078004837,1110.8731
9423,0.09423483908176422,0.09423483908176422,0.12967267632484436,0.09675039350986481,1110.9936
9424,0.0942271500825882,0.0942271500825882,0.1293259561061859,0.09641778469085693,1111.1097
9425,0.09421905130147934,0.09421905130147934,0.12961003184318542,0.0966891497373581,1111.2308
9426,0.0942109003663063,0.0942109003663063,0.12940430641174316,0.09649191796779633,1111.3542
9427,0.09420327097177505,0.09420327097177505,0.12948882579803467,0.09657301753759384,1111.4734
9428,0.09419567137956619,0.09419567137956619,0.1295032948255539,0.0965864509344101,1111.5942
9429,0.09418834745883942,0.09418834745883942,0.12938302755355835,0.09647048264741898,1111.7153
9430,0.09418093413114548,0.09418093413114548,0.1295672357082367,0.09664618968963623,1111.8355
9431,0.0941733866930008,0.0941733866930008,0.1293315440416336,0.09641987085342407,1111.9519
9432,0.09416594356298447,0.09416594356298447,0.1295655071735382,0.09664338827133179,1112.0662
9433,0.09415808320045471,0.09415808320045471,0.12934307754039764,0.09643026441335678,1112.1847
9434,0.09415034204721451,0.09415034204721451,0.12950865924358368,0.09658844769001007,1112.3042
9435,0.0941426008939743,0.0941426008939743,0.12939581274986267,0.09647998958826065,1112.4357
9436,0.09413482248783112,0.09413482248783112,0.12942853569984436,0.0965106189250946,1112.5577
9437,0.09412747621536255,0.09412747621536255,0.12945301830768585,0.09653322398662567,1112.6824
9438,0.09412004798650742,0.09412004798650742,0.12936246395111084,0.09644607454538345,1112.8094
9439,0.09411241859197617,0.09411241859197617,0.1294848918914795,0.0965629443526268,1112.9341
9440,0.09410499781370163,0.09410499781370163,0.12932956218719482,0.09641377627849579,1113.0562
9441,0.09409752488136292,0.09409752488136292,0.12947967648506165,0.09655708074569702,1113.1711
9442,0.09408982843160629,0.09408982843160629,0.12933091819286346,0.09641410410404205,1113.2878
9443,0.09408225119113922,0.09408225119113922,0.12944422662258148,0.09652195870876312,1113.4068
9444,0.0940745621919632,0.0940745621919632,0.12935766577720642,0.09643828868865967,1113.5285
9445,0.09406711161136627,0.09406711161136627,0.12939348816871643,0.09647226333618164,1113.6525
9446,0.0940595492720604,0.0940595492720604,0.12938657402992249,0.0964653491973877,1113.7738
9447,0.09405192732810974,0.09405192732810974,0.12934842705726624,0.09642840921878815,1113.8931
9448,0.09404446929693222,0.09404446929693222,0.12940701842308044,0.09648378193378448,1114.0103
9449,0.0940367802977562,0.0940367802977562,0.1293177306652069,0.09639783948659897,1114.1294
9450,0.09402946382761002,0.09402946382761002,0.12940888106822968,0.0964844599366188,1114.2445
9451,0.09402177482843399,0.09402177482843399,0.1293063461780548,0.09638556092977524,1114.3639
9452,0.09401430934667587,0.09401430934667587,0.1293928325176239,0.09646812826395035,1114.4805
9453,0.0940065011382103,0.0940065011382103,0.12930957973003387,0.09638796001672745,1114.6046
9454,0.09399911761283875,0.09399911761283875,0.12936469912528992,0.09644009172916412,1114.7318
9455,0.09399164468050003,0.09399164468050003,0.12932172417640686,0.09639853239059448,1114.8578
9456,0.09398416429758072,0.09398416429758072,0.1293307989835739,0.09640660136938095,1114.9843
9457,0.09397653490304947,0.09397653490304947,0.1293356865644455,0.0964105948805809,1115.1102
9458,0.09396898746490479,0.09396898746490479,0.12930144369602203,0.09637735038995743,1115.2353
9459,0.09396141767501831,0.09396141767501831,0.12934164702892303,0.09641540050506592,1115.3592
9460,0.09395421296358109,0.09395421296358109,0.12928089499473572,0.09635660797357559,1115.4794
9461,0.09394669532775879,0.09394669532775879,0.1293371617794037,0.09641017764806747,1115.6038
9462,0.0939391478896141,0.0939391478896141,0.12927034497261047,0.09634560346603394,1115.7269
9463,0.0939316526055336,0.0939316526055336,0.12932541966438293,0.09639763087034225,1115.8513
9464,0.09392423927783966,0.09392423927783966,0.1292659342288971,0.09634023904800415,1115.9773
9465,0.09391669929027557,0.09391669929027557,0.12930738925933838,0.09637944400310516,1116.0981
9466,0.09390895068645477,0.09390895068645477,0.12926504015922546,0.09633833169937134,1116.2238
9467,0.09390149265527725,0.09390149265527725,0.12928912043571472,0.09636099636554718,1116.3459
9468,0.09389400482177734,0.09389400482177734,0.1292635202407837,0.09633595496416092,1116.4686
9469,0.09388653934001923,0.09388653934001923,0.12927086651325226,0.09634225070476532,1116.5918
9470,0.09387916326522827,0.09387916326522827,0.12926176190376282,0.09633313864469528,1116.7179
9471,0.09387165307998657,0.09387165307998657,0.12925219535827637,0.09632356464862823,1116.8442
9472,0.09386405348777771,0.09386405348777771,0.12925858795642853,0.09632901847362518,1116.9698
9473,0.093856580555439,0.093856580555439,0.12923729419708252,0.09630818665027618,1117.0936
9474,0.0938490778207779,0.0938490778207779,0.1292523592710495,0.0963221937417984,1117.2138
9475,0.09384167194366455,0.09384167194366455,0.12922343611717224,0.09629382193088531,1117.3354
9476,0.0938340574502945,0.0938340574502945,0.129245325922966,0.09631425142288208,1117.4614
9477,0.0938267633318901,0.0938267633318901,0.12921255826950073,0.0962824895977974,1117.5835
9478,0.09381921589374542,0.09381921589374542,0.1292349100112915,0.0963033139705658,1117.7102
9479,0.09381174296140671,0.09381174296140671,0.1292029321193695,0.0962720736861229,1117.8333
9480,0.09380421787500381,0.09380421787500381,0.1292245239019394,0.09629251807928085,1117.9557
9481,0.0937967374920845,0.0937967374920845,0.1291922926902771,0.09626101702451706,1118.0779
9482,0.09378921985626221,0.09378921985626221,0.12921422719955444,0.09628140181303024,1118.195
9483,0.09378189593553543,0.09378189593553543,0.12918305397033691,0.09625128656625748,1118.3111
9484,0.09377443790435791,0.09377443790435791,0.12920057773590088,0.09626747667789459,1118.4366
9485,0.09376692771911621,0.09376692771911621,0.1291767656803131,0.09624402225017548,1118.5589
9486,0.09375937283039093,0.09375937283039093,0.12918786704540253,0.0962543711066246,1118.679
9487,0.09375210851430893,0.09375210851430893,0.12916788458824158,0.0962347760796547,1118.7995
9488,0.09374457597732544,0.09374457597732544,0.12917587161064148,0.09624166786670685,1118.9202
9489,0.09373687207698822,0.09373687207698822,0.12915757298469543,0.09622372686862946,1119.0417
9490,0.09372977912425995,0.09372977912425995,0.12916553020477295,0.09623096138238907,1119.1648
9491,0.09372217953205109,0.09372217953205109,0.129146546125412,0.09621213376522064,1119.3407
9492,0.093714639544487,0.093714639544487,0.12915535271167755,0.09622027724981308,1119.4614
9493,0.0937073677778244,0.0937073677778244,0.12913432717323303,0.09619966894388199,1119.5844
9494,0.0936998799443245,0.0936998799443245,0.12914642691612244,0.09621062129735947,1119.7102
9495,0.0936923399567604,0.0936923399567604,0.12912149727344513,0.09618636220693588,1119.8317
9496,0.09368482977151871,0.09368482977151871,0.1291380226612091,0.09620167315006256,1119.9543
9497,0.09367731958627701,0.09367731958627701,0.12910804152488708,0.09617237001657486,1120.0779
9498,0.09366990625858307,0.09366990625858307,0.1291300356388092,0.0961930900812149,1120.1965
9499,0.09366258233785629,0.09366258233785629,0.12909409403800964,0.09615816920995712,1120.314
9500,0.093655064702034,0.093655064702034,0.12912240624427795,0.09618473052978516,1120.4357
9501,0.09364768117666245,0.09364768117666245,0.12907955050468445,0.09614329040050507,1120.553
9502,0.09364031255245209,0.09364031255245209,0.12911516427993774,0.09617692977190018,1120.6757
9503,0.09363281726837158,0.09363281726837158,0.12906475365161896,0.09612803161144257,1120.7967
9504,0.09362532198429108,0.09362532198429108,0.12910807132720947,0.09616927802562714,1120.9167
9505,0.09361794590950012,0.09361794590950012,0.1290489137172699,0.09611211717128754,1121.0446
9506,0.09361043572425842,0.09361043572425842,0.12910196185112,0.09616245329380035,1121.1671
9507,0.09360311180353165,0.09360311180353165,0.12903180718421936,0.09609483182430267,1121.2959
9508,0.09359560161828995,0.09359560161828995,0.12909860908985138,0.09615828096866608,1121.4172
9509,0.09358815103769302,0.09358815103769302,0.12901154160499573,0.09607426822185516,1121.5445
9510,0.0935807004570961,0.0935807004570961,0.12909886240959167,0.09615765511989594,1121.6683
9511,0.09357357025146484,0.09357357025146484,0.12898564338684082,0.09604869782924652,1121.7878
9512,0.09356614947319031,0.09356614947319031,0.1291046440601349,0.09616224467754364,1121.9084
9513,0.09355879575014114,0.09355879575014114,0.12895402312278748,0.09601748734712601,1122.0262
9514,0.09355132281780243,0.09355132281780243,0.1291181594133377,0.09617435932159424,1122.1444
9515,0.09354405105113983,0.09354405105113983,0.12891213595867157,0.09597649425268173,1122.2672
9516,0.09353689849376678,0.09353689849376678,0.12914498150348663,0.09619905054569244,1122.3892
9517,0.09352944046258926,0.09352944046258926,0.12885411083698273,0.09591998904943466,1122.5113
9518,0.09352265298366547,0.09352265298366547,0.12919268012046814,0.0962439477443695,1122.6293
9519,0.09351588040590286,0.09351588040590286,0.12877172231674194,0.09584011137485504,1122.7507
9520,0.09350959956645966,0.09350959956645966,0.12927190959453583,0.09631919860839844,1122.8666
9521,0.09350352734327316,0.09350352734327316,0.12865117192268372,0.09572382271289825,1122.9859
9522,0.09349852055311203,0.09349852055311203,0.1294039934873581,0.09644488990306854,1123.1087
9523,0.09349487721920013,0.09349487721920013,0.12847061455249786,0.09555025398731232,1123.2257
9524,0.09349284321069717,0.09349284321069717,0.12962087988853455,0.09665229171514511,1123.3432
9525,0.09349436312913895,0.09349436312913895,0.12819644808769226,0.09528712928295135,1123.4633
9526,0.09350114315748215,0.09350114315748215,0.12998417019844055,0.09700080752372742,1123.583
9527,0.09351646155118942,0.09351646155118942,0.1277729719877243,0.09488185495138168,1123.7067
9528,0.09354536980390549,0.09354536980390549,0.13060665130615234,0.09759888797998428,1123.8273
9529,0.09359726309776306,0.09359726309776306,0.12712088227272034,0.09425997734069824,1123.9491
9530,0.0936863124370575,0.0936863124370575,0.13169914484024048,0.09865148365497589,1124.0706
9531,0.09383706003427505,0.09383706003427505,0.1261444240808487,0.09333357959985733,1124.1868
9532,0.09409177303314209,0.09409177303314209,0.13369014859199524,0.10057644546031952,1124.31
9533,0.09451939165592194,0.09451939165592194,0.12478774785995483,0.09206072986125946,1124.4309
9534,0.09523957967758179,0.09523957967758179,0.13751237094402313,0.10428659617900848,1124.5517
9535,0.09645019471645355,0.09645019471645355,0.1232764720916748,0.09069107472896576,1124.6739
9536,0.09848936647176743,0.09848936647176743,0.14529354870319366,0.11187732219696045,1124.7944
9537,0.10189419984817505,0.10189419984817505,0.12293579429388046,0.0905873030424118,1124.9134
9538,0.10754982382059097,0.10754982382059097,0.1619475781917572,0.12820933759212494,1125.0343
9539,0.11665097624063492,0.11665097624063492,0.12829379737377167,0.09632913768291473,1125.1525
9540,0.13082310557365417,0.13082310557365417,0.19721126556396484,0.1629548966884613,1125.2749
9541,0.15082544088363647,0.15082544088363647,0.14893190562725067,0.11752387136220932,1125.3908
9542,0.17564600706100464,0.17564600706100464,0.2573879063129425,0.22244589030742645,1125.5082
9543,0.19683077931404114,0.19683077931404114,0.18201185762882233,0.1511683166027069,1125.6265
9544,0.20231890678405762,0.20231890678405762,0.2918718755245209,0.25655776262283325,1125.7534
9545,0.1775846928358078,0.1775846928358078,0.16663114726543427,0.13573142886161804,1125.874
9546,0.13442179560661316,0.13442179560661316,0.2033456265926361,0.16895467042922974,1125.9899
9547,0.09934460371732712,0.09934460371732712,0.12166342884302139,0.08935312181711197,1126.1044
9548,0.09625683724880219,0.09625683724880219,0.12254786491394043,0.08997192233800888,1126.2194
9549,0.11836333572864532,0.11836333572864532,0.1805192530155182,0.14630962908267975,1126.3432
9550,0.13735325634479523,0.13735325634479523,0.13785524666309357,0.10635165870189667,1126.4596
9551,0.1331997811794281,0.1331997811794281,0.20267371833324432,0.1682978719472885,1126.5812
9552,0.10984375327825546,0.10984375327825546,0.12321384251117706,0.09131220728158951,1126.7044
9553,0.09400106966495514,0.09400106966495514,0.1329604834318161,0.09996841847896576,1126.8326
9554,0.09955541789531708,0.09955541789531708,0.147965669631958,0.11449398845434189,1126.9618
9555,0.11406451463699341,0.11406451463699341,0.12454893440008163,0.09257672727108002,1127.0905
9556,0.11738021671772003,0.11738021671772003,0.17933475971221924,0.14517435431480408,1127.2213
9557,0.10539181530475616,0.10539181530475616,0.12140195071697235,0.08934372663497925,1127.3442
9558,0.09439285844564438,0.09439285844564438,0.1345113068819046,0.10145916789770126,1127.4677
9559,0.09625695645809174,0.09625695645809174,0.1404488980770111,0.10720167309045792,1127.5851
9560,0.10496220737695694,0.10496220737695694,0.12131206691265106,0.08918824046850204,1127.7063
9561,0.10730606317520142,0.10730606317520142,0.1628675013780594,0.1289863884449005,1127.8263
9562,0.10022392123937607,0.10022392123937607,0.12076332420110703,0.08841214329004288,1127.9481
9563,0.09385175257921219,0.09385175257921219,0.13203245401382446,0.09901703894138336,1128.0697
9564,0.09541640430688858,0.09541640430688858,0.13798344135284424,0.10481119155883789,1128.1958
9565,0.10060930252075195,0.10060930252075195,0.12073858082294464,0.08850870281457901,1128.3086
9566,0.10139048099517822,0.10139048099517822,0.15182235836982727,0.11827193200588226,1128.4315
9567,0.09689293056726456,0.09689293056726456,0.12149935960769653,0.08901596069335938,1128.5472
9568,0.09351591765880585,0.09351591765880585,0.13005900382995605,0.09703302383422852,1128.6671
9569,0.09492458403110504,0.09492458403110504,0.13665008544921875,0.10342864692211151,1128.7883
9570,0.09794042259454727,0.09794042259454727,0.12115694582462311,0.0887601226568222,1128.9119
9571,0.09801195561885834,0.09801195561885834,0.14464184641838074,0.11124944686889648,1129.037
9572,0.09518368542194366,0.09518368542194366,0.12259252369403839,0.09004906564950943,1129.1593
9573,0.09337006509304047,0.09337006509304047,0.12882545590400696,0.09591491520404816,1129.2756
9574,0.0944107323884964,0.0944107323884964,0.1349797248840332,0.1018010824918747,1129.3922
9575,0.09616457670927048,0.09616457670927048,0.12197115272283554,0.08942635357379913,1129.5111
9576,0.09606415033340454,0.09606415033340454,0.1399449110031128,0.10664091259241104,1129.6317
9577,0.0943509042263031,0.0943509042263031,0.12372680008411407,0.09107088297605515,1129.7559
9578,0.0932922512292862,0.0932922512292862,0.12872625887393951,0.095822773873806,1129.8755
9579,0.09389777481555939,0.09389777481555939,0.13317513465881348,0.1000981554389,1129.997
9580,0.09494341909885406,0.09494341909885406,0.12297582626342773,0.09035483747720718,1130.112
9581,0.09493531286716461,0.09493531286716461,0.13684168457984924,0.10360158979892731,1130.2318
9582,0.09393688291311264,0.09393688291311264,0.12437407672405243,0.0916552022099495,1130.3531
9583,0.09322855621576309,0.09322855621576309,0.12897498905658722,0.09603720903396606,1130.4708
9584,0.09349139779806137,0.09349139779806137,0.13141965866088867,0.09839431196451187,1130.5891
9585,0.09412667900323868,0.09412667900323868,0.12402717769145966,0.09135717153549194,1130.7137
9586,0.09423722326755524,0.09423722326755524,0.1347200572490692,0.10156352818012238,1130.8404
9587,0.09370874613523483,0.09370874613523483,0.12488553673028946,0.09212273359298706,1130.9596
9588,0.09320075064897537,0.09320075064897537,0.12956297397613525,0.09657749533653259,1131.0746
9589,0.09321918338537216,0.09321918338537216,0.12990304827690125,0.09691289812326431,1131.1981
9590,0.09358254820108414,0.09358254820108414,0.12514865398406982,0.09239475429058075,1131.3207
9591,0.09376619756221771,0.09376619756221771,0.13306207954883575,0.09997542202472687,1131.4367
9592,0.09354612976312637,0.09354612976312637,0.1251811683177948,0.09243078529834747,1131.5542
9593,0.09319810569286346,0.09319810569286346,0.13011233508586884,0.09711088985204697,1131.6794
9594,0.09308061748743057,0.09308061748743057,0.12864717841148376,0.09570116549730301,1131.8002
9595,0.09323672950267792,0.09323672950267792,0.1262931376695633,0.09346141666173935,1131.9175
9596,0.09341395646333694,0.09341395646333694,0.13168498873710632,0.09862351417541504,1132.0378
9597,0.09338853508234024,0.09338853508234024,0.12559092044830322,0.09281212091445923,1132.1596
9598,0.09319648146629333,0.09319648146629333,0.13048973679542542,0.09748595952987671,1132.283
9599,0.09303923696279526,0.09303923696279526,0.12768888473510742,0.09479530900716782,1132.4023
9600,0.09304554015398026,0.09304554015398026,0.1274046003818512,0.09451880306005478,1132.5207
9601,0.09315470606088638,0.09315470606088638,0.13033609092235565,0.09732319414615631,1132.6422
9602,0.09321529418230057,0.09321529418230057,0.1261129081249237,0.09329531341791153,1132.7684
9603,0.09315790981054306,0.09315790981054306,0.13053885102272034,0.09752581268548965,1132.8895
9604,0.09304194152355194,0.09304194152355194,0.1270924210548401,0.09423571079969406,1133.007
9605,0.09297321736812592,0.09297321736812592,0.12843571603298187,0.09551037847995758,1133.1217
9606,0.09299274533987045,0.09299274533987045,0.12915293872356415,0.09619003534317017,1133.2437
9607,0.09304960072040558,0.09304960072040558,0.12682653963565826,0.09397061169147491,1133.361
9608,0.09306925535202026,0.09306925535202026,0.13017022609710693,0.09716354310512543,1133.4771
9609,0.09302715957164764,0.09302715957164764,0.12687654793262482,0.09402261674404144,1133.5942
9610,0.0929611474275589,0.0929611474275589,0.12914954125881195,0.09619589895009995,1133.7153
9611,0.09292380511760712,0.09292380511760712,0.12816718220710754,0.09525613486766815,1133.8374
9612,0.09293193370103836,0.09293193370103836,0.12764857709407806,0.09475697576999664,1133.9585
9613,0.09295910596847534,0.09295910596847534,0.1294640600681305,0.09648843109607697,1134.0772
9614,0.09296735376119614,0.09296735376119614,0.12705175578594208,0.09418527781963348,1134.1943
9615,0.09294366836547852,0.09294366836547852,0.1294422447681427,0.09646739065647125,1134.3185
9616,0.09290511906147003,0.09290511906147003,0.12757441401481628,0.09468884766101837,1134.4409
9617,0.09287873655557632,0.09287873655557632,0.12841729819774628,0.09549429267644882,1134.5586
9618,0.09287604689598083,0.09287604689598083,0.12864693999290466,0.0957113653421402,1134.6758
9619,0.09288637340068817,0.09288637340068817,0.12751519680023193,0.09463047981262207,1134.7986
9620,0.09289087355136871,0.09289087355136871,0.12921467423439026,0.09625071287155151,1134.9198
9621,0.09287923574447632,0.09287923574447632,0.1273997724056244,0.0945180207490921,1135.0372
9622,0.0928567498922348,0.0928567498922348,0.12889257073402405,0.0959448590874672,1135.1507
9623,0.09283646196126938,0.09283646196126938,0.1279892474412918,0.09508438408374786,1135.2672
9624,0.09282700717449188,0.09282700717449188,0.12811505794525146,0.09520314633846283,1135.3853
9625,0.09282732009887695,0.09282732009887695,0.1286848485469818,0.09574608504772186,1135.5044
9626,0.0928286463022232,0.0928286463022232,0.12760326266288757,0.09471295773983002,1135.6211
9627,0.09282340109348297,0.09282340109348297,0.1289263516664505,0.0959743857383728,1135.7418
9628,0.0928107351064682,0.0928107351064682,0.12766866385936737,0.09477593749761581,1135.8599
9629,0.09279537200927734,0.09279537200927734,0.12856808304786682,0.09563597291707993,1135.9818
9630,0.09278357028961182,0.09278357028961182,0.12812142074108124,0.09520945698022842,1136.1004
9631,0.0927770733833313,0.0927770733833313,0.12803296744823456,0.0951242446899414,1136.2208
9632,0.09277456253767014,0.09277456253767014,0.12858141958713531,0.0956464409828186,1136.3392
9633,0.0927710086107254,0.0927710086107254,0.12773804366588593,0.09484009444713593,1136.4588
9634,0.09276369959115982,0.09276369959115982,0.12867480516433716,0.09573451429605484,1136.5878
9635,0.0927535891532898,0.0927535891532898,0.12780630588531494,0.09490716457366943,1136.7081
9636,0.09274250268936157,0.09274250268936157,0.12840606272220612,0.09547983109951019,1136.8257
9637,0.09273338317871094,0.09273338317871094,0.128135547041893,0.09522141516208649,1136.9444
9638,0.09272689372301102,0.09272689372301102,0.12803776562213898,0.09512732923030853,1137.0627
9639,0.09272228926420212,0.09272228926420212,0.12842929363250732,0.09549945592880249,1137.1794
9640,0.09271661937236786,0.09271661937236786,0.12782779335975647,0.09492506086826324,1137.2962
9641,0.09270963817834854,0.09270963817834854,0.12849700450897217,0.09556452184915543,1137.4124
9642,0.0927012711763382,0.0927012711763382,0.12787501513957977,0.09497127681970596,1137.5334
9643,0.09269236028194427,0.09269236028194427,0.128324493765831,0.09540024399757385,1137.6595
9644,0.09268422424793243,0.09268422424793243,0.12807944416999817,0.0951659232378006,1137.7808
9645,0.09267693758010864,0.09267693758010864,0.12806716561317444,0.09515295177698135,1137.8979
9646,0.09267113357782364,0.09267113357782364,0.128291055560112,0.09536602348089218,1138.015
9647,0.09266503155231476,0.09266503155231476,0.1279018372297287,0.09499486535787582,1138.1353
9648,0.09265828877687454,0.09265828877687454,0.1283586621284485,0.09543105214834213,1138.2544
9649,0.0926508754491806,0.0926508754491806,0.12789423763751984,0.09498778730630875,1138.3718
9650,0.09264274686574936,0.09264274686574936,0.1282651424407959,0.09534167498350143,1138.4891
9651,0.09263499826192856,0.09263499826192856,0.12801814079284668,0.09510479122400284,1138.606
9652,0.09262780845165253,0.09262780845165253,0.12809935212135315,0.09518128633499146,1138.7317
9653,0.09262111783027649,0.09262111783027649,0.1281616985797882,0.09524085372686386,1138.8547
9654,0.09261451661586761,0.09261451661586761,0.12795747816562653,0.09504580497741699,1138.9718
9655,0.09260789304971695,0.09260789304971695,0.12823688983917236,0.09531265497207642,1139.0919
9656,0.09260095655918121,0.09260095655918121,0.12791459262371063,0.09500516951084137,1139.2103
9657,0.09259383380413055,0.09259383380413055,0.12821093201637268,0.09528721868991852,1139.3323
9658,0.09258634597063065,0.09258634597063065,0.1279628723859787,0.0950494334101677,1139.4514
9659,0.09257899224758148,0.09257899224758148,0.12810993194580078,0.09518959373235703,1139.5729
9660,0.09257197380065918,0.09257197380065918,0.12805557250976562,0.09513723850250244,1139.6899
9661,0.09256508946418762,0.09256508946418762,0.12800264358520508,0.09508643299341202,1139.8155
9662,0.09255832433700562,0.09255832433700562,0.1281290054321289,0.0952073484659195,1139.9369
9663,0.09255174547433853,0.09255174547433853,0.12793278694152832,0.09501950442790985,1140.0598
9664,0.09254471957683563,0.09254471957683563,0.1281471848487854,0.09522326290607452,1140.1831
9665,0.09253766387701035,0.09253766387701035,0.12792836129665375,0.09501396864652634,1140.303
9666,0.09253060817718506,0.09253060817718506,0.12810643017292023,0.09518355131149292,1140.4242
9667,0.09252340346574783,0.09252340346574783,0.12797020375728607,0.09505324065685272,1140.5429
9668,0.09251657873392105,0.09251657873392105,0.12803328037261963,0.09511333703994751,1140.6621
9669,0.0925096720457077,0.0925096720457077,0.12802362442016602,0.09510383754968643,1140.7815
9670,0.0925026535987854,0.0925026535987854,0.12796692550182343,0.09504900872707367,1140.8994
9671,0.09249576181173325,0.09249576181173325,0.12806303799152374,0.09514015913009644,1141.0213
9672,0.09248895943164825,0.09248895943164825,0.12792572379112244,0.09500878304243088,1141.1407
9673,0.09248192608356476,0.09248192608356476,0.12806612253189087,0.09514230489730835,1141.2538
9674,0.09247507899999619,0.09247507899999619,0.12791994214057922,0.09500255435705185,1141.3705
9675,0.09246811270713806,0.09246811270713806,0.12803933024406433,0.09511637687683105,1141.4888
9676,0.09246103465557098,0.09246103465557098,0.12794017791748047,0.09502105414867401,1141.6102
9677,0.09245415031909943,0.09245415031909943,0.1279931515455246,0.09507100284099579,1141.7335
9678,0.09244726598262787,0.09244726598262787,0.1279701441526413,0.0950486809015274,1141.8538
9679,0.09244021028280258,0.09244021028280258,0.12794749438762665,0.09502655267715454,1141.9739
9680,0.09243359416723251,0.09243359416723251,0.1279940903186798,0.09507059305906296,1142.0918
9681,0.09242657572031021,0.09242657572031021,0.12791386246681213,0.09499387443065643,1142.2118
9682,0.0924195796251297,0.0924195796251297,0.1279991865158081,0.09507506340742111,1142.3414
9683,0.09241284430027008,0.09241284430027008,0.12789829075336456,0.09497777372598648,1142.4769
9684,0.09240587055683136,0.09240587055683136,0.12798871099948883,0.09506389498710632,1142.6004
9685,0.09239910542964935,0.09239910542964935,0.1279001086950302,0.09497879445552826,1142.7277
9686,0.09239204227924347,0.09239204227924347,0.12796223163604736,0.09503762423992157,1142.8521
9687,0.0923851877450943,0.0923851877450943,0.1279114931821823,0.09498903900384903,1142.9682
9688,0.09237833321094513,0.09237833321094513,0.12793001532554626,0.09500627219676971,1143.0809
9689,0.092371366918087,0.092371366918087,0.12792673707008362,0.09500250220298767,1143.1965
9690,0.09236450493335724,0.09236450493335724,0.12790054082870483,0.09497714787721634,1143.3108
9691,0.09235767275094986,0.09235767275094986,0.12793388962745667,0.09500844031572342,1143.4297
9692,0.0923507958650589,0.0923507958650589,0.12787899374961853,0.09495554864406586,1143.5472
9693,0.09234385192394257,0.09234385192394257,0.1279323548078537,0.0950063094496727,1143.669
9694,0.09233687818050385,0.09233687818050385,0.12786737084388733,0.09494394063949585,1143.793
9695,0.09233007580041885,0.09233007580041885,0.1279219686985016,0.09499538689851761,1143.9139
9696,0.09232308715581894,0.09232308715581894,0.12786325812339783,0.09493894875049591,1144.031
9697,0.09231626987457275,0.09231626987457275,0.12790513038635254,0.09497860819101334,1144.1515
9698,0.09230956435203552,0.09230956435203552,0.12786424160003662,0.09493888169527054,1144.2686
9699,0.09230263531208038,0.09230263531208038,0.12788568437099457,0.09495909512042999,1144.3855
9700,0.09229572117328644,0.09229572117328644,0.1278650015592575,0.09493903815746307,1144.5069
9701,0.09228868037462234,0.09228868037462234,0.127865269780159,0.09493880718946457,1144.6412
9702,0.09228192269802094,0.09228192269802094,0.12786562740802765,0.0949387401342392,1144.7961
9703,0.09227513521909714,0.09227513521909714,0.12784793972969055,0.09492147713899612,1144.9325
9704,0.09226806461811066,0.09226806461811066,0.127863809466362,0.0949360728263855,1145.055
9705,0.09226129949092865,0.09226129949092865,0.12783288955688477,0.09490610659122467,1145.1748
9706,0.09225447475910187,0.09225447475910187,0.12785851955413818,0.09493033587932587,1145.2951
9707,0.09224753081798553,0.09224753081798553,0.12782134115695953,0.09489433467388153,1145.4135
9708,0.09224079549312592,0.09224079549312592,0.12785083055496216,0.09492206573486328,1145.5301
9709,0.09223387390375137,0.09223387390375137,0.12781113386154175,0.09488391876220703,1145.6527
9710,0.0922270268201828,0.0922270268201828,0.1278398483991623,0.09491069614887238,1145.7776
9711,0.09222030639648438,0.09222030639648438,0.12780454754829407,0.09487660974264145,1145.8991
9712,0.09221328794956207,0.09221328794956207,0.12782636284828186,0.09489728510379791,1146.0197
9713,0.09220649302005768,0.09220649302005768,0.1277996301651001,0.09487111866474152,1146.14
9714,0.09219972044229507,0.09219972044229507,0.12781235575675964,0.09488288313150406,1146.2559
9715,0.09219270199537277,0.09219270199537277,0.12779387831687927,0.09486494958400726,1146.3806
9716,0.0921858698129654,0.0921858698129654,0.12779808044433594,0.09486851841211319,1146.5045
9717,0.09217910468578339,0.09217910468578339,0.1277896761894226,0.09485994279384613,1146.6255
9718,0.09217233955860138,0.09217233955860138,0.12778429687023163,0.09485466778278351,1146.7493
9719,0.0921652540564537,0.0921652540564537,0.1277821958065033,0.09485228359699249,1146.8677
9720,0.0921584889292717,0.0921584889292717,0.12777170538902283,0.0948415994644165,1146.9873
9721,0.09215167909860611,0.09215167909860611,0.12777480483055115,0.09484435617923737,1147.105
9722,0.09214487671852112,0.09214487671852112,0.12775938212871552,0.09482933580875397,1147.2284
9723,0.09213799983263016,0.09213799983263016,0.12776806950569153,0.0948370099067688,1147.3511
9724,0.09213118255138397,0.09213118255138397,0.12774644792079926,0.0948161706328392,1147.4749
9725,0.09212405979633331,0.09212405979633331,0.12775957584381104,0.09482826292514801,1147.599
9726,0.09211753308773041,0.09211753308773041,0.12773537635803223,0.09480468928813934,1147.7221
9727,0.09211057424545288,0.09211057424545288,0.1277519166469574,0.09482020139694214,1147.8442
9728,0.09210360050201416,0.09210360050201416,0.1277228146791458,0.09479208290576935,1147.9665
9729,0.09209693223237991,0.09209693223237991,0.1277427226305008,0.09481055289506912,1148.0885
9730,0.09209015220403671,0.09209015220403671,0.1277114301919937,0.09478036314249039,1148.2105
9731,0.09208337217569351,0.09208337217569351,0.12773357331752777,0.09480123221874237,1148.327
9732,0.09207645803689957,0.09207645803689957,0.12770001590251923,0.09476862847805023,1148.4445
9733,0.09206952899694443,0.09206952899694443,0.12772585451602936,0.09479307383298874,1148.5686
9734,0.09206273406744003,0.09206273406744003,0.12768635153770447,0.09475501626729965,1148.6934
9735,0.09205587953329086,0.09205587953329086,0.12771938741207123,0.09478599578142166,1148.8171
9736,0.0920490100979805,0.0920490100979805,0.12767159938812256,0.09474007785320282,1148.9402
9737,0.09204219281673431,0.09204219281673431,0.1277145892381668,0.09478084743022919,1149.0589
9738,0.09203556925058365,0.09203556925058365,0.12765449285507202,0.09472296386957169,1149.1797
9739,0.09202872216701508,0.09202872216701508,0.12771110236644745,0.09477683156728745,1149.3004
9740,0.09202174842357635,0.09202174842357635,0.12763579189777374,0.09470455348491669,1149.4192
9741,0.09201499074697495,0.09201499074697495,0.127710223197937,0.09477517008781433,1149.5382
9742,0.09200836718082428,0.09200836718082428,0.1276136189699173,0.09468259662389755,1149.6567
9743,0.0920013040304184,0.0920013040304184,0.12771296501159668,0.09477706998586655,1149.7783
9744,0.09199471026659012,0.09199471026659012,0.127588152885437,0.09465755522251129,1149.8941
9745,0.09198792278766632,0.09198792278766632,0.12772038578987122,0.09478364139795303,1150.028
9746,0.09198099374771118,0.09198099374771118,0.1275559365749359,0.09462600946426392,1150.1564
9747,0.09197437763214111,0.09197437763214111,0.1277361661195755,0.09479797631502151,1150.2789
9748,0.09196768701076508,0.09196768701076508,0.12751397490501404,0.09458517283201218,1150.4086
9749,0.09196098893880844,0.09196098893880844,0.12776437401771545,0.09482427686452866,1150.5396
9750,0.09195440262556076,0.09195440262556076,0.12745502591133118,0.09452829509973526,1150.6608
9751,0.0919482633471489,0.0919482633471489,0.1278143674135208,0.09487131983041763,1150.7801
9752,0.09194208681583405,0.09194208681583405,0.1273711621761322,0.0944475531578064,1150.8943
9753,0.0919363796710968,0.0919363796710968,0.12789790332317352,0.09495072066783905,1151.0096
9754,0.09193116426467896,0.09193116426467896,0.12724794447422028,0.09432896971702576,1151.1255
9755,0.09192700684070587,0.09192700684070587,0.12803490459918976,0.09508123248815536,1151.2397
9756,0.09192396700382233,0.09192396700382233,0.12706394493579865,0.0941527709364891,1151.3562
9757,0.09192303568124771,0.09192303568124771,0.12825807929039001,0.0952942818403244,1151.4721
9758,0.091925710439682,0.091925710439682,0.12678499519824982,0.09388624131679535,1151.5878
9759,0.0919334664940834,0.0919334664940834,0.12862977385520935,0.09564991295337677,1151.7069
9760,0.09195002168416977,0.09195002168416977,0.1263570636510849,0.09347812831401825,1151.8319
9761,0.09198015928268433,0.09198015928268433,0.12925899028778076,0.09625354409217834,1151.9534
9762,0.09203324466943741,0.09203324466943741,0.12570378184318542,0.0928569808602333,1152.0707
9763,0.09212356805801392,0.09212356805801392,0.13035555183887482,0.09730800241231918,1152.1929
9764,0.09227494150400162,0.09227494150400162,0.12473025172948837,0.09193688631057739,1152.3127
9765,0.09252849966287613,0.09252849966287613,0.132340669631958,0.0992233082652092,1152.4268
9766,0.09295077621936798,0.09295077621936798,0.12338049709796906,0.0906757041811943,1152.5429
9767,0.09365963935852051,0.09365963935852051,0.1361231654882431,0.10288850963115692,1152.6612
9768,0.09484092146158218,0.09484092146158218,0.1218688040971756,0.08931227028369904,1152.7843
9769,0.09682971239089966,0.09682971239089966,0.14377006888389587,0.11033675819635391,1152.9079
9770,0.1001233458518982,0.1001233458518982,0.12145199626684189,0.08914349973201752,1153.0307
9771,0.1056203618645668,0.1056203618645668,0.16006019711494446,0.12629063427448273,1153.2567
9772,0.11441490799188614,0.11441490799188614,0.1264723837375641,0.09456615149974823,1153.3729
9773,0.12836961448192596,0.12836961448192596,0.1947503536939621,0.16043730080127716,1153.4977
9774,0.14817985892295837,0.14817985892295837,0.14665396511554718,0.11533983796834946,1153.6156
9775,0.17433969676494598,0.17433969676494598,0.2566262483596802,0.22156831622123718,1153.739
9776,0.1983967274427414,0.1983967274427414,0.18282318115234375,0.1521541178226471,1153.8554
9777,0.2108190953731537,0.2108190953731537,0.3033825755119324,0.26782140135765076,1153.9785
9778,0.19118306040763855,0.19118306040763855,0.17633238434791565,0.14574190974235535,1154.0982
9779,0.14846563339233398,0.14846563339233398,0.2238202840089798,0.18907690048217773,1154.2227
9780,0.10488182306289673,0.10488182306289673,0.12120600044727325,0.08924797922372818,1154.3442
9781,0.092368945479393,0.092368945479393,0.12387523800134659,0.09111692011356354,1154.4637
9782,0.11166445910930634,0.11166445910930634,0.17134222388267517,0.13721589744091034,1154.5883
9783,0.13553181290626526,0.13553181290626526,0.13602910935878754,0.10461082309484482,1154.7192
9784,0.13834430277347565,0.13834430277347565,0.2113090455532074,0.17668691277503967,1154.8405
9785,0.11553541570901871,0.11553541570901871,0.12450313568115234,0.09285582602024078,1154.9555
9786,0.09446519613265991,0.09446519613265991,0.1383211761713028,0.10515107214450836,1155.071
9787,0.09543941915035248,0.09543941915035248,0.14093144237995148,0.10760559886693954,1155.1887
9788,0.11096326261758804,0.11096326261758804,0.12227282673120499,0.09033721685409546,1155.3074
9789,0.11847474426031113,0.11847474426031113,0.18245728313922882,0.14817626774311066,1155.4286
9790,0.10785593837499619,0.10785593837499619,0.12088032066822052,0.088999442756176,1155.5513
9791,0.09436473995447159,0.09436473995447159,0.13811606168746948,0.10491089522838593,1155.6716
9792,0.09354666620492935,0.09354666620492935,0.1357313096523285,0.10261137783527374,1155.7939
9793,0.10270533710718155,0.10270533710718155,0.1196756511926651,0.08758903294801712,1155.9167
9794,0.10731720924377441,0.10731720924377441,0.16459977626800537,0.13061125576496124,1156.0359
9795,0.10081245750188828,0.10081245750188828,0.11926534026861191,0.08706406503915787,1156.1546
9796,0.09298873692750931,0.09298873692750931,0.13361643254756927,0.10050727427005768,1156.271
9797,0.09330122172832489,0.09330122172832489,0.1348266303539276,0.10170711576938629,1156.3949
9798,0.09894333779811859,0.09894333779811859,0.11923246085643768,0.08706901967525482,1156.5151
9799,0.10085119307041168,0.10085119307041168,0.15266971290111542,0.11905801296234131,1156.6337
9800,0.09642773866653442,0.09642773866653442,0.11966870725154877,0.08727483451366425,1156.755
9801,0.09221756458282471,0.09221756458282471,0.130314439535141,0.09724503755569458,1156.8725
9802,0.09314777702093124,0.09314777702093124,0.13457103073596954,0.10137935727834702,1156.9938
9803,0.09652817249298096,0.09652817249298096,0.11977706104516983,0.08741339296102524,1157.1128
9804,0.09709714353084564,0.09709714353084564,0.14486610889434814,0.11143361032009125,1157.2346
9805,0.09417136013507843,0.09417136013507843,0.12074707448482513,0.08829180151224136,1157.3639
9806,0.09192051738500595,0.09192051738500595,0.12835653126239777,0.0954161062836647,1157.4948
9807,0.09281332790851593,0.09281332790851593,0.13344576954841614,0.10028165578842163,1157.6185
9808,0.09479345381259918,0.09479345381259918,0.1205526739358902,0.08806146681308746,1157.742
9809,0.09489703923463821,0.09489703923463821,0.13970839977264404,0.10636184364557266,1157.8676
9810,0.09308125823736191,0.09308125823736191,0.12202185392379761,0.08942413330078125,1157.9821
9811,0.09180565178394318,0.09180565178394318,0.12785577774047852,0.09495894610881805,1158.1024
9812,0.09237156808376312,0.09237156808376312,0.13193444907665253,0.09885044395923615,1158.2246
9813,0.09354285895824432,0.09354285895824432,0.12158925831317902,0.08899854123592377,1158.3468
9814,0.09361861646175385,0.09361861646175385,0.13624060153961182,0.10298500210046768,1158.4672
9815,0.09255167096853256,0.09255167096853256,0.12280412018299103,0.09012376517057419,1158.5841
9816,0.09173061698675156,0.09173061698675156,0.12794926762580872,0.09501516073942184,1158.7046
9817,0.09197919070720673,0.09197919070720673,0.13019496202468872,0.09718857705593109,1158.8293
9818,0.09268094599246979,0.09268094599246979,0.12265940010547638,0.0900171771645546,1158.9543
9819,0.0928356721997261,0.0928356721997261,0.13393540680408478,0.10075560957193375,1159.0729
9820,0.09227130562067032,0.09227130562067032,0.12339107692241669,0.09066711366176605,1159.1888
9821,0.0916985273361206,0.0916985273361206,0.12849394977092743,0.09550788253545761,1159.3075
9822,0.09170284867286682,0.09170284867286682,0.12870652973651886,0.09572074562311172,1159.4265
9823,0.09209953248500824,0.09209953248500824,0.1238013505935669,0.09108263999223709,1159.5516
9824,0.09231320768594742,0.09231320768594742,0.13211338222026825,0.09901943057775497,1159.6694
9825,0.09208253026008606,0.09208253026008606,0.12374170124530792,0.09101490676403046,1159.7908
9826,0.09169743955135345,0.09169743955135345,0.1290093958377838,0.09601237624883652,1159.9066
9827,0.09156127274036407,0.09156127274036407,0.12739059329032898,0.0944557934999466,1160.0285
9828,0.0917276069521904,0.0917276069521904,0.1250195950269699,0.09220312535762787,1160.152
9829,0.09192761778831482,0.09192761778831482,0.1306215524673462,0.0975651666522026,1160.2704
9830,0.09190783649682999,0.09190783649682999,0.1241820827126503,0.09143418073654175,1160.3894
9831,0.09169911593198776,0.09169911593198776,0.12941902875900269,0.09640984237194061,1160.5087
9832,0.09152394533157349,0.09152394533157349,0.12638597190380096,0.09350842237472534,1160.6302
9833,0.091526098549366,0.091526098549366,0.1261795461177826,0.09330688416957855,1160.7529
9834,0.0916459932923317,0.0916459932923317,0.12918329238891602,0.09617148339748383,1160.8691
9835,0.09171800315380096,0.09171800315380096,0.12473499774932861,0.09194735437631607,1160.9881
9836,0.091660276055336,0.091660276055336,0.1294316053390503,0.09642572700977325,1161.1054
9837,0.09153398126363754,0.09153398126363754,0.1257677525281906,0.09292744100093842,1161.228
9838,0.09145531803369522,0.09145531803369522,0.1272689402103424,0.09435093402862549,1161.3471
9839,0.09147398173809052,0.09147398173809052,0.12789788842201233,0.09494532644748688,1161.4651
9840,0.09153789281845093,0.09153789281845093,0.12552225589752197,0.09268171340227127,1161.5816
9841,0.09156398475170135,0.09156398475170135,0.12901802361011505,0.09601856768131256,1161.7015
9842,0.09152267873287201,0.09152267873287201,0.12554322183132172,0.09271515905857086,1161.8302
9843,0.09145116060972214,0.09145116060972214,0.12801814079284668,0.09506995975971222,1161.9493
9844,0.09140793979167938,0.09140793979167938,0.12684355676174164,0.09394942969083786,1162.096
9845,0.0914149209856987,0.0914149209856987,0.1263962984085083,0.0935199186205864,1162.2236
9846,0.09144560247659683,0.09144560247659683,0.12823882699012756,0.09527043253183365,1162.3462
9847,0.091458760201931,0.091458760201931,0.12575554847717285,0.09290891140699387,1162.4677
9848,0.09143669903278351,0.09143669903278351,0.12828925251960754,0.09532523155212402,1162.5853
9849,0.09139617532491684,0.09139617532491684,0.12622997164726257,0.09336508810520172,1162.7031
9850,0.0913659855723381,0.0913659855723381,0.12722399830818176,0.09431181848049164,1162.8227
9851,0.09136132895946503,0.09136132895946503,0.1273382008075714,0.09441905468702316,1162.9428
9852,0.09137328714132309,0.09137328714132309,0.12627454102039337,0.0934031754732132,1163.068
9853,0.0913807600736618,0.0913807600736618,0.12800098955631256,0.09504745900630951,1163.1855
9854,0.09137193858623505,0.09137193858623505,0.1260659396648407,0.09320812672376633,1163.307
9855,0.09134946018457413,0.09134946018457413,0.12770704925060272,0.09477103501558304,1163.4279
9856,0.09132703393697739,0.09132703393697739,0.12664587795734406,0.0937613993883133,1163.5498
9857,0.0913158655166626,0.0913158655166626,0.12692265212535858,0.09402401745319366,1163.6681
9858,0.09131573140621185,0.09131573140621185,0.12739236652851105,0.09446797519922256,1163.7874
9859,0.09131879359483719,0.09131879359483719,0.1263335794210434,0.09345977008342743,1163.9051
9860,0.09131582081317902,0.09131582081317902,0.12768498063087463,0.09474840015172958,1164.0249
9861,0.09130452573299408,0.09130452573299408,0.12634491920471191,0.09347404539585114,1164.1452
9862,0.09128905087709427,0.09128905087709427,0.12738022208213806,0.09446106851100922,1164.2631
9863,0.09127604216337204,0.09127604216337204,0.12678420543670654,0.09389342367649078,1164.3794
9864,0.0912691131234169,0.0912691131234169,0.1268080174922943,0.09391339123249054,1164.498
9865,0.09126655757427216,0.09126655757427216,0.12727874517440796,0.09436027705669403,1164.6177
9866,0.0912645012140274,0.0912645012140274,0.12646213173866272,0.09358347952365875,1164.7378
9867,0.09125883877277374,0.09125883877277374,0.12744171917438507,0.09451683610677719,1164.8547
9868,0.09124954044818878,0.09124954044818878,0.12648369371891022,0.09360623359680176,1164.969
9869,0.09123866260051727,0.09123866260051727,0.1271882951259613,0.09427757561206818,1165.0895
9870,0.0912289246916771,0.0912289246916771,0.12679532170295715,0.09390198439359665,1165.2135
9871,0.09122221171855927,0.09122221171855927,0.12681229412555695,0.09391693770885468,1165.3328
9872,0.09121765196323395,0.09121765196323395,0.1271287351846695,0.09421803802251816,1165.4508
9873,0.09121305495500565,0.09121305495500565,0.12655392289161682,0.09367090463638306,1165.5694
9874,0.09120746701955795,0.09120746701955795,0.1272331029176712,0.09431852400302887,1165.6931
9875,0.09119962900876999,0.09119962900876999,0.12655633687973022,0.09367479383945465,1165.8212
9876,0.0911911278963089,0.0911911278963089,0.12709581851959229,0.09418751299381256,1165.9426
9877,0.09118283540010452,0.09118283540010452,0.12675638496875763,0.09386315196752548,1166.0615
9878,0.09117583185434341,0.09117583185434341,0.1268301010131836,0.09393301606178284,1166.1781
9879,0.0911698192358017,0.0911698192358017,0.12697413563728333,0.09407000243663788,1166.2931
9880,0.0911644771695137,0.0911644771695137,0.12663215398788452,0.09374500811100006,1166.4119
9881,0.09115873277187347,0.09115873277187347,0.12708286941051483,0.09417503327131271,1166.5417
9882,0.09115210175514221,0.09115210175514221,0.12659168243408203,0.09370668232440948,1166.6583
9883,0.09114467352628708,0.09114467352628708,0.12701940536499023,0.09411294758319855,1166.7806
9884,0.09113723039627075,0.09113723039627075,0.12668919563293457,0.09379775822162628,1166.8985
9885,0.09113015234470367,0.09113015234470367,0.12685829401016235,0.09395841509103775,1167.0125
9886,0.09112364798784256,0.09112364798784256,0.1268463283777237,0.09394711256027222,1167.1292
9887,0.0911175087094307,0.0911175087094307,0.12669737637043,0.09380589425563812,1167.245
9888,0.09111139923334122,0.09111139923334122,0.126943439245224,0.09404022991657257,1167.3647
9889,0.09110526740550995,0.09110526740550995,0.12662115693092346,0.09373251348733902,1167.4871
9890,0.09109848737716675,0.09109848737716675,0.1269470453262329,0.09404237568378448,1167.6119
9891,0.09109170734882355,0.09109170734882355,0.12664982676506042,0.09375879913568497,1167.7366
9892,0.09108481556177139,0.09108481556177139,0.12686316668987274,0.09396159648895264,1167.8542
9893,0.09107819944620132,0.09107819944620132,0.126733660697937,0.09383856505155563,1167.9716
9894,0.09107159823179245,0.09107159823179245,0.12674640119075775,0.0938505083322525,1168.0871
9895,0.09106530249118805,0.09106530249118805,0.12682250142097473,0.09392257034778595,1168.205
9896,0.09105897694826126,0.09105897694826126,0.12666241824626923,0.09376946836709976,1168.3185
9897,0.09105276316404343,0.09105276316404343,0.12686066329479218,0.09395789355039597,1168.4374
9898,0.0910462886095047,0.0910462886095047,0.1266326904296875,0.09374038130044937,1168.5536
9899,0.09103947877883911,0.09103947877883911,0.12683813273906708,0.09393610060214996,1168.6737
9900,0.09103310108184814,0.09103310108184814,0.1266610473394394,0.09376733750104904,1168.8
9901,0.0910261943936348,0.0910261943936348,0.12677565217018127,0.09387615323066711,1168.9213
9902,0.09101980924606323,0.09101980924606323,0.12671387195587158,0.09381666034460068,1169.0434
9903,0.09101337939500809,0.09101337939500809,0.12670333683490753,0.09380610287189484,1169.1611
9904,0.09100715816020966,0.09100715816020966,0.12676016986370087,0.09385998547077179,1169.2787
9905,0.09100063890218735,0.09100063890218735,0.12665238976478577,0.0937570258975029,1169.4012
9906,0.09099432080984116,0.09099432080984116,0.1267787665128708,0.0938773900270462,1169.5231
9907,0.09098776429891586,0.09098776429891586,0.12662984430789948,0.09373529255390167,1169.6408
9908,0.09098143875598907,0.09098143875598907,0.12676505744457245,0.09386354684829712,1169.7639
9909,0.0909748375415802,0.0909748375415802,0.1266392022371292,0.0937432199716568,1169.8843
9910,0.09096832573413849,0.09096832573413849,0.12672853469848633,0.0938277617096901,1170.007
9911,0.09096180647611618,0.09096180647611618,0.1266668140888214,0.0937686413526535,1170.1279
9912,0.09095542132854462,0.09095542132854462,0.12668034434318542,0.09378145635128021,1170.2476
9913,0.09094909578561783,0.09094909578561783,0.12669342756271362,0.09379364550113678,1170.3651
9914,0.09094253927469254,0.09094253927469254,0.12664134800434113,0.09374355524778366,1170.4863
9915,0.09093620628118515,0.09093620628118515,0.1267092227935791,0.09380774199962616,1170.6054
9916,0.09092991054058075,0.09092991054058075,0.12661714851856232,0.09371984004974365,1170.7275
9917,0.09092322736978531,0.09092322736978531,0.12670646607875824,0.09380441159009933,1170.8465
9918,0.09091687202453613,0.09091687202453613,0.12661023437976837,0.0937124639749527,1170.9676
9919,0.09091061353683472,0.09091061353683472,0.12668821215629578,0.09378659725189209,1171.0871
9920,0.090904101729393,0.090904101729393,0.12661674618721008,0.09371795505285263,1171.2098
9921,0.09089772403240204,0.09089772403240204,0.12666180729866028,0.09376057982444763,1171.3344
9922,0.0908912867307663,0.0908912867307663,0.1266276240348816,0.09372767806053162,1171.4503
9923,0.0908847451210022,0.0908847451210022,0.12663167715072632,0.09373098611831665,1171.5684
9924,0.09087838232517242,0.09087838232517242,0.12663991749286652,0.0937386006116867,1171.6935
9925,0.09087203443050385,0.09087203443050385,0.12660539150238037,0.09370552003383636,1171.8204
9926,0.09086555242538452,0.09086555242538452,0.12664516270160675,0.09374308586120605,1171.9394
9927,0.09085913002490997,0.09085913002490997,0.126585453748703,0.09368570148944855,1172.0552
9928,0.090852752327919,0.090852752327919,0.1266423761844635,0.09373976290225983,1172.1735
9929,0.09084630012512207,0.09084630012512207,0.1265753209590912,0.09367521107196808,1172.2989
9930,0.09084004163742065,0.09084004163742065,0.12663313746452332,0.09372987598180771,1172.433
9931,0.09083361178636551,0.09083361178636551,0.12657102942466736,0.09367077052593231,1172.5553
9932,0.09082724153995514,0.09082724153995514,0.12661509215831757,0.09371228516101837,1172.6722
9933,0.09082084894180298,0.09082084894180298,0.1265728920698166,0.09367159754037857,1172.7918
9934,0.09081444144248962,0.09081444144248962,0.12659505009651184,0.0936926007270813,1172.9062
9935,0.09080799669027328,0.09080799669027328,0.12657496333122253,0.09367293119430542,1173.0306
9936,0.09080159664154053,0.09080159664154053,0.12657618522644043,0.09367358684539795,1173.1513
9937,0.09079518169164658,0.09079518169164658,0.12657466530799866,0.09367212653160095,1173.2751
9938,0.09078885614871979,0.09078885614871979,0.12655989825725555,0.09365763515233994,1173.3922
9939,0.09078244119882584,0.09078244119882584,0.12657181918621063,0.0936686173081398,1173.5114
9940,0.09077607840299606,0.09077607840299606,0.1265467405319214,0.09364451467990875,1173.6275
9941,0.09076978266239166,0.09076978266239166,0.12656477093696594,0.09366121143102646,1173.7463
9942,0.09076328575611115,0.09076328575611115,0.12653684616088867,0.093634232878685,1173.8632
9943,0.09075696766376495,0.09075696766376495,0.12655556201934814,0.09365195035934448,1173.9796
9944,0.09075058251619339,0.09075058251619339,0.1265287846326828,0.09362603724002838,1174.1026
9945,0.09074399620294571,0.09074399620294571,0.12654432654380798,0.09364042431116104,1174.225
9946,0.09073776006698608,0.09073776006698608,0.12652243673801422,0.09361936897039413,1174.3461
9947,0.09073140472173691,0.09073140472173691,0.12653188407421112,0.09362801164388657,1174.4642
9948,0.09072515368461609,0.09072515368461609,0.12651684880256653,0.09361324459314346,1174.5803
9949,0.09071854501962662,0.09071854501962662,0.12651963531970978,0.09361572563648224,1174.7013
9950,0.09071225672960281,0.09071225672960281,0.12650923430919647,0.09360557794570923,1174.8192
9951,0.09070595353841782,0.09070595353841782,0.12650850415229797,0.09360434859991074,1174.9393
9952,0.09069950133562088,0.09069950133562088,0.1265016347169876,0.09359768778085709,1175.0553
9953,0.090693399310112,0.090693399310112,0.12649711966514587,0.09359298646450043,1175.1755
9954,0.09068696945905685,0.09068696945905685,0.1264943778514862,0.09359000623226166,1175.299
9955,0.09068041294813156,0.09068041294813156,0.12648510932922363,0.09358103573322296,1175.4208
9956,0.09067416191101074,0.09067416191101074,0.12648598849773407,0.09358152002096176,1175.5383
9957,0.09066770225763321,0.09066770225763321,0.1264750212430954,0.09357069432735443,1175.6552
9958,0.09066127240657806,0.09066127240657806,0.12647686898708344,0.09357226639986038,1175.7743
9959,0.0906548947095871,0.0906548947095871,0.126465305685997,0.09356085956096649,1176.0017
9960,0.09064847230911255,0.09064847230911255,0.12646803259849548,0.09356310218572617,1176.1145
9961,0.09064213186502457,0.09064213186502457,0.12645430862903595,0.09354983270168304,1176.2297
9962,0.0906357616186142,0.0906357616186142,0.12645888328552246,0.093553826212883,1176.3452
9963,0.09062923491001129,0.09062923491001129,0.12644505500793457,0.09354045242071152,1176.4647
9964,0.09062307327985764,0.09062307327985764,0.12644840776920319,0.09354332834482193,1176.5796
9965,0.09061674773693085,0.09061674773693085,0.12643614411354065,0.09353134781122208,1176.696
9966,0.09061036258935928,0.09061036258935928,0.1264362633228302,0.09353113919496536,1176.8148
9967,0.09060397744178772,0.09060397744178772,0.12642765045166016,0.09352269023656845,1176.9383
9968,0.09059754014015198,0.09059754014015198,0.1264258623123169,0.09352067112922668,1177.0599
9969,0.09059129655361176,0.09059129655361176,0.12641820311546326,0.09351310133934021,1177.1763
9970,0.09058494865894318,0.09058494865894318,0.12641461193561554,0.0935094803571701,1177.2955
9971,0.09057845920324326,0.09057845920324326,0.12640894949436188,0.09350366145372391,1177.416
9972,0.09057208150625229,0.09057208150625229,0.12640534341335297,0.09350000321865082,1177.5371
9973,0.09056586027145386,0.09056586027145386,0.12639781832695007,0.0934925526380539,1177.6529
9974,0.09055940806865692,0.09055940806865692,0.12639585137367249,0.09349044412374496,1177.7735
9975,0.0905531495809555,0.0905531495809555,0.12638801336288452,0.09348247945308685,1177.8921
9976,0.09054668992757797,0.09054668992757797,0.12638525664806366,0.09347990900278091,1178.0134
9977,0.09054030478000641,0.09054030478000641,0.12637662887573242,0.09347132593393326,1178.1349
9978,0.09053393453359604,0.09053393453359604,0.12637630105018616,0.09347070753574371,1178.2566
9979,0.09052757918834686,0.09052757918834686,0.12636558711528778,0.09346029907464981,1178.3736
9980,0.09052111953496933,0.09052111953496933,0.12636664509773254,0.09346093237400055,1178.4929
9981,0.09051491320133209,0.09051491320133209,0.12635430693626404,0.09344886243343353,1178.6152
9982,0.09050844609737396,0.09050844609737396,0.12635938823223114,0.09345360845327377,1178.7345
9983,0.090502068400383,0.090502068400383,0.12633982300758362,0.09343459457159042,1178.8536
9984,0.09049583971500397,0.09049583971500397,0.1263522207736969,0.09344618022441864,1178.9708
9985,0.0904894769191742,0.0904894769191742,0.12632504105567932,0.09342001378536224,1179.089
9986,0.09048310667276382,0.09048310667276382,0.1263464242219925,0.09344010055065155,1179.2088
9987,0.09047667682170868,0.09047667682170868,0.12630869448184967,0.09340393543243408,1179.329
9988,0.09047035872936249,0.09047035872936249,0.12634475529193878,0.0934380441904068,1179.4468
9989,0.09046389907598495,0.09046389907598495,0.12628769874572754,0.0933833047747612,1179.5677
9990,0.09045761823654175,0.09045761823654175,0.12634731829166412,0.09344013035297394,1179.6882
9991,0.09045135974884033,0.09045135974884033,0.12626118957996368,0.09335754066705704,1179.8099
9992,0.09044499695301056,0.09044499695301056,0.12635669112205505,0.0934484452009201,1179.9312
9993,0.09043876826763153,0.09043876826763153,0.12622575461864471,0.09332330524921417,1180.0473
9994,0.09043250977993011,0.09043250977993011,0.1263774335384369,0.09346780925989151,1180.1696
9995,0.09042619168758392,0.09042619168758392,0.12617376446723938,0.09327318519353867,1180.2909
9996,0.09042014181613922,0.09042014181613922,0.12642130255699158,0.09350914508104324,1180.4158
9997,0.09041436016559601,0.09041436016559601,0.12609508633613586,0.0931975468993187,1180.5373
9998,0.09040870517492294,0.09040870517492294,0.12650147080421448,0.0935852900147438,1180.6561
9999,0.09040392190217972,0.09040392190217972,0.12596920132637024,0.093077152967453,1180.7771
