0.277816542147476
0.2579163292276512
0.23814165082491826
0.21880805025343028
0.2001658792048803
0.1825061714608692
0.16612350354436262
0.15145597330823285
0.13910972780337014
0.12935280037164268
0.12181827106629414
0.11579033455118246
0.11063624974839592
0.10596369540754327
0.10157006994716881
0.0973597013025697
0.09329058872820872
0.08934764466718093
0.08552966633926964
0.08184249283934339
0.07829502491403159
0.07489691282105168
0.07165721150890778
0.06858359468470825
0.06568207524077166
0.06295683520956886
0.0604101156774585
0.058042541792619994
0.05585293605562467
0.053838684797271386
0.051995721190166266
0.05031875656131336
0.048801429397779
0.047436502822072325
0.046215975801815454
0.04513089326172798
0.04417150874290883
0.043327584757590305
0.04258918871129021
0.04194848185991151
0.041401684684549384
0.04094973764763389
0.04059407622464784
0.0403249836034886
0.040111458431959936
0.03991473103973823
0.03971657848457967
0.039524427895253816
0.03935560121264083
0.0392223559364599
0.03912614453126892
0.03905960935012202
0.03901177867944604
0.03897253789966433
0.03893451516233381
0.03889314347909543
0.0388458945051748
0.038791407516814286
0.038728352466050976
0.038654669044936876
0.038567090941164
0.038461845017056594
0.03833617876248706
0.038189908740431114
0.038025671582705096
0.03784766371229258
0.037659625076314485
0.03746328378140125
0.037257929958788724
0.0370411469491423
0.03681004855622315
0.03656246506661008
0.03629750469331616
0.03601546069399265
0.035717162671986394
0.03540278781713882
0.03507104443959442
0.03471954664235118
0.03434691307188601
0.0339548785870662
0.033547907614080386
0.033130516488359095
0.03270491649231829
0.032271361011759
0.03183050067003285
0.03138473547138136
0.03093713032929015
0.030489125784587855
0.03004021200292963
0.02959016749050921
0.029140421363393232
0.028693357298346885
0.02824958205139782
0.027808999114697013
0.027371602638359176
0.026938723263983687
0.026511766648848932
0.026090929651403034
0.025675966941662444
0.025267430095333377
0.024866298068563802
0.024473140725957316
0.024087606674296557
0.023709407485289297
0.02333893902788589
0.02297636918274331
0.022621340462452535
0.02227347800005409
0.02193286282628636
0.02159950184253293
0.0212732959135293
0.020953924374907732
0.02064141102815421
0.02033574002868138
0.02003696554485935
0.019744889412562333
0.01945918015723644
0.019179991225131136
0.018907283711604394
0.01864059463383825
0.018379855510190564
0.018124866600653978
0.01787572955453643
0.017631825545988022
0.017393572347928446
0.01716038005292945
0.016932312913912
0.016709512172217153
0.01649137209451252
0.016278401031071674
0.016070366713379015
0.015867272112837366
0.01566895927592891
0.01547524783147004
0.015286122744272431
0.01510203256999433
0.014921902526186397
0.01474605096273852
0.014574464713132002
0.014406997526110544
0.014243371971387258
0.014083492276738229
0.01392739353471959
0.013774848777350034
0.013625786565638346
0.013480153321886673
0.013337654011622313
0.013198291544584457
0.013062120196845545
0.012928937452576733
0.012798439848081706
0.012670697704473668
0.012545730818306174
0.012423400190444994
0.012303464809754652
0.01218622655143671
0.01207103987602048
0.011958292884468343
0.011847747722889976
0.01173935398171579
0.011632978424416551
0.011528634872598994
0.011426360407631578
0.011325704185259664
0.01122692642606891
0.011129941490634575
0.01103456478195224
0.010940798486152337
0.010848690061268122
0.010758057308265461
0.01066891419561361
0.010581186595793272
0.01049495522884104
0.010409912872317979
0.010325933661976686
0.010243654356322376
0.01016224294053241
0.010082006812473803
0.01000320943839913
0.00992533097688947
0.009848524365754938
0.009772794122536847
0.009698174126490674
0.009624173196184737
0.009551375784625619
0.009479413626717437
0.009408526876940479
0.009338380343091075
0.009269010545924094
0.009200359582439066
0.009132749129402744
0.009065704458322218
0.008999346232652316
0.008933927450133794
0.008869079428737459
0.008805084314209134
0.008741328930446223
0.008678434327030044
0.008616229612684111
0.008554500618980441
0.008493254074550894
0.008432709801867371
0.008372888502936705
0.008313087160174133
0.008254231419238754
0.008195724535467321
0.008137464884068597
0.008079873770215098
0.008022687776732077
0.007965755935722324
0.007909378715145932
0.007853425908231394
0.007797822153747716
0.007742647448774958
0.00768779565689399
0.007633306050291269
0.007579147965393064
0.00752534164031349
0.007472012535020724
0.007418770497938735
0.007365992894623622
0.007313577437835494
0.007261442300898778
0.007209537825797393
0.007158221853889779
0.007107091115825312
0.007056211057030487
0.007005721647299594
0.006955710270289198
0.00690591446410425
0.00685635456983034
0.0068073025596873575
0.00675849868935024
0.006710355420922002
0.0066623599403878905
0.00661498085429859
0.00656766407263931
0.006521186929244162
0.00647449145701562
0.006428856726906164
0.006383641357212777
0.006338748852272998
0.00629428552286673
0.006250306588245931
0.006206930005735716
0.006163529179909618
0.00612147125190875
0.006079428829582704
0.006037991149797554
0.005996795430194351
0.005956354267927897
0.005916206957462049
0.005876337775882951
0.005837871130293606
0.0057990926763161876
0.005760780865515031
0.00572287894735041
0.005686003554872294
0.005649303953454078
0.005612536061882559
0.005576569108224965
0.005541498308677596
0.005505720988265197
0.005471094810931338
0.005437216558698439
0.0054027920330140655
0.005368710056155957
0.005335544034693833
0.0053029948789638974
0.005270111441432013
0.005237970530622913
0.005206132272998265
0.005174477686405506
0.005143129035991666
0.005112924378581135
0.005082095537037956
0.005051632859554578
0.005021687113447582
0.004991872664232506
0.004963012852668825
0.004934459301764452
0.004906424438836035
0.004878001905763899
0.004849801810633792
0.004822044792355979
0.004795092257786201
0.0047680328521601326
0.0047417012214645785
0.004715176053259958
0.004689174582626616
0.004664155449129279
0.004638357420143541
0.004612861579222866
0.004588908195512427
0.004564147601961406
0.004539591767566941
0.004516064050932031
0.004492474929595373
0.004469575490892621
0.004446507185485322
0.004422975902848784
0.004400812051346987
0.004378485646144315
0.004356571352528931
0.004334305742636088
0.004312883950652543
0.004291770711699306
0.004269966824464905
0.004249393968603989
0.004229321296767933
0.0042086286075420235
0.0041880495437607735
0.004168111975679228
0.0041492167879541
0.004129288857951007
0.004110012539358573
0.0040911831919045166
0.004072355103090616
0.004052807725888082
0.004034417666652487
0.004016821989259499
0.003998756347004275
0.003981414263043075
0.003963327868123633
0.003946173212508164
0.003928701094526473
0.003911837471077276
0.003894586566520153
0.00387748498307298
0.00386135553611043
0.00384499802719342
0.0038282566342909274
0.003812422146736023
0.003796398173148133
0.003780679368065159
0.0037642941294015785
0.003749227363812945
0.0037333062875832745
0.0037187510732283454
0.0037035827628282897
0.0036891058722553103
0.003673807556416332
0.0036595719318472443
0.0036453452500931696
0.0036307866277410774
0.003616205075412834
0.003602597307298364
0.00358904191234026
0.0035746268990817275
0.0035615228582680284
0.0035472500863408035
0.0035336252927134658
0.003520434558457229
0.0035076119289116593
0.003494602289496411
0.0034816046451973137
0.0034690170663504148
0.003456392243170526
0.003444010916880554
0.0034314398701889926
0.003418793644391206
0.0034066982354946755
0.00339373499796129
0.003382023324182859
0.003370735334113429
0.0033586663406317044
0.0033471049382250003
0.0033354204183222635
0.003323858765159297
0.0033123741008315626
0.0033010262675857312
0.0032898157283566118
0.0032786248560282894
0.003267395381373573
0.0032568527887904875
0.003245690149525812
0.0032345911832614856
0.0032243955485548696
0.0032137538793788846
0.0032032754276651878
0.0031923048105560086
0.00318278305867766
0.0031725257087576167
0.0031621952660572184
0.003151732104887385
0.0031419902012256784
0.003132600628257769
0.00312233153622899
0.0031125664693953323
0.0031031280578818457
0.0030930858314821706
0.0030837734851438528
0.0030749452674853164
0.003065022419603849
0.003055832124585471
0.003046263400988858
0.003037697296125225
0.0030282217309284777
0.003019056370254625
0.0030105252068864533
0.0030015179978314876
0.0029931693220474104
0.002984186743452679
0.0029754587967926044
0.0029672115758077404
0.002958254620348244
0.0029498488356329315
0.002941615081962028
0.0029332586884374574
0.0029249633285817834
0.0029168704515636
0.0029092525527934653
0.002901282063339764
0.00289316753561929
0.002885519467163416
0.0028771502737119895
0.0028692263124811116
0.0028614253330996103
0.0028537762031848137
0.002846134545639354
0.0028385787400744458
0.002831637621015514
0.0028240303546296698
0.002816423469685022
0.0028093293141887602
0.0028017933380291514
0.0027949871389015743
0.002787439802317082
0.0027800706101885697
0.0027730469733629106
0.002766494332409493
0.002759319187053609
0.00275201880080915
0.0027453892235468377
0.002738485634277054
0.002731391918493721
0.0027246912876039454
0.002717958881368587
0.0027118379399584717
0.0027047503705036058
0.0026984322809231265
0.002691910925405317
0.002685380430304537
0.002679157263094534
0.0026724948311319737
0.0026661894441401784
0.0026599959400179863
0.002653832844387422
0.0026476101691931464
0.00264145502855121
0.002635109898736951
0.002628940749256097
0.0026231913774766805
0.002617032387754929
0.0026111682600400187
0.0026054861636537834
0.002599339449739302
0.002593513182854581
0.0025876556918509085
0.002581823652915967
0.0025762491746358154
0.0025706365138042533
0.0025647540736914
0.002559354877882592
0.002553719436183009
0.0025482862363740864
0.0025425540675079665
0.0025370680550655575
0.002531790113591221
0.002526154004151023
0.002520893161010476
0.0025155011599006147
0.0025104389320627562
0.0025050460444166938
0.002499528820695283
0.0024942310223821365
0.0024891895260098123
0.002483975999229302
0.002478990627734209
0.0024737855436095997
0.002468748850790137
0.00246368047095145
0.002458913843634122
0.0024539427732850746
0.00244859116363395
0.0024436753122144815
0.0024389078093739166
0.002433947513595243
0.0024292353638135566
0.0024244910469108497
0.0024195455661732883
0.0024146080995517518
0.0024100299554982913
0.0024054030045215285
0.002400503777737209
0.002395856894399738
0.0023912901534558035
0.0023865379901600097
0.002381986548806481
0.0023773363322033966
0.002373216802887589
0.0023684761725692198
0.002363605481602642
0.002359407851351496
0.0023546020636716803
0.0023504483665659657
0.002345785129595781
0.0023415220717583284
0.002337068789629166
0.0023327245029520533
0.0023282949045329926
0.002324120898369622
0.002319879198454212
0.0023153817471966605
0.002311099297610728
0.0023069702738004088
0.002302757396472133
0.0022984993481749705
0.0022943262809492597
0.0022902887905488266
0.002285994057553942
0.002281747030994599
0.0022776475694301296
0.0022734245057126415
0.002269688891431081
0.002265535261593464
0.0022612144167670776
0.0022572520832223925
0.002253630389302954
0.0022492532773532147
0.002245194104965748
0.0022413683391748333
0.002237452245676207
0.0022334815673989055
0.0022293799560488005
0.002225417500342329
0.0022217543567165554
0.0022179419186749627
0.002214176116973524
0.0022099149215248984
0.002206429201046844
0.0022023484252539508
0.002198409204412454
0.0021947301107217167
0.00219071751656169
0.00218698604268227
0.0021833340094763545
0.0021795788868499612
0.0021759502497193358
0.002172029155226254
0.0021684201218522166
0.002164647260262006
0.002161066181200529
0.0021572238819925886
0.0021537063677210424
0.002150059843560908
0.0021464224179747297
0.002142669108547041
0.002139018580805328
0.002135536159353384
0.002131889034058972
0.0021283524742962646
0.0021247280214113902
0.002121143364125229
0.002117614119865999
0.002113857880410973
0.002110431108645271
0.0021068570260017417
0.002103346552371952
0.002099891735632976
0.002096309995809751
0.0020928891638369125
0.0020894515812388066
0.002085892581914453
0.002082405810029893
0.0020790071838392983
0.0020755313340008285
0.0020719907106613224
0.0020687080036109564
0.00206524277030104
0.0020619115224235285
0.002058425598269628
0.0020550269578667405
0.0020516790330456615
0.002048341999663104
0.0020448290467776297
0.0020415679061085695
0.0020382822932168898
0.0020348738871084583
0.0020314499935391917
0.002028382428348713
0.002024823267356185
0.002021496523473303
0.0020182391177546613
0.0020151296970314894
0.00201163982801574
0.0020082868777791096
0.002005218194351823
0.0020019402500732718
0.0019986127637002748
0.001995292841442287
0.00199204804264263
0.0019887386940462487
0.0019854839715443585
0.0019824198747659004
0.001979302058998126
0.001975849874949763
0.0019728569182598426
0.0019695074587685935
0.0019662562073524768
0.001963270980975424
0.0019600104337395645
0.001956776240905316
0.0019536562184176093
0.0019508075915656265
0.0019475831347668302
0.0019441579643406717
0.0019413282120707503
0.0019379470543328802
0.0019347147534040632
0.001931693040314588
0.0019285865685938393
0.0019254576053572663
0.001922511785955328
0.001919255818719824
0.00191624323347491
0.001913095526324701
0.0019099590501252723
0.001907040921069902
0.001903880488510215
0.0019008901953243662
0.0018978320442625415
0.0018948277172617558
0.0018917966707089544
0.0018888522888902027
0.0018855651869023372
0.0018825855338251867
0.0018796684690248727
0.00187678805100494
0.0018736774246373555
0.0018706922460298473
0.001867829383721745
0.0018645369217260396
0.0018616263927525804
0.0018585946812787885
0.0018556741387305363
0.0018528526118067208
0.001849790409627421
0.0018469312512329114
0.0018440028770387036
0.0018409954775804693
0.0018379640499020789
0.001835054516163102
0.0018320635629059576
0.0018292199929814484
0.001826276128387432
0.0018235470407674428
0.0018206204860466966
0.0018178362166956369
0.001814903153867695
0.0018118232490490532
0.0018088628229894666
0.0018060421299641524
0.0018032941623556107
0.001800371024154819
0.001797693861888047
0.0017945617440897036
0.0017917815174086592
0.0017889870863468014
0.001786154281627329
0.0017832816455838438
0.0017805651619321942
0.0017775888780066644
0.0017749421388078602
0.001771843604191116
0.0017693060516310918
0.0017664258107367328
0.001763588202263323
0.001760758007824683
0.0017580713216230302
0.0017553526350825952
0.001752413258192077
0.001749756608904868
0.0017470516158912981
0.001744043945366763
0.0017415209083459133
0.0017386375128830612
0.0017360022626027806
0.001733140520903927
0.001730250402069913
0.0017277574084595515
0.0017249917015749138
0.0017223401011253296
0.0017194541166417874
0.0017168165014967772
0.0017140986932333655
0.0017113835828872954
0.0017085858513750409
0.0017060108831803318
0.0017032664237573432
0.0017005894121620295
0.001697780345959275
0.0016950589223568347
0.0016925228503459656
0.001689832567128849
0.0016871220474796804
0.0016845829231977917
0.0016818890238218397
0.0016791520918754254
0.001676583965805814
0.0016738860949082938
0.0016712675225857173
0.0016686396948417382
0.0016659943450631532
0.0016633652964621998
0.0016606913271983049
0.0016581254269873408
0.0016554297835609886
0.0016528475113129514
0.001650178866942159
0.0016476703354841842
0.001645008553013284
0.001642376706467177
0.0016398421830161596
0.001637228868125976
0.0016345760702714065
0.0016320324120375068
0.001629451491074563
0.001626917381675507
0.0016242834220807855
0.0016217363160293235
0.0016191385066926718
0.001616535856722699
0.0016140310016950397
0.0016114072206132736
0.0016089153477047153
0.0016063202718030495
0.0016037841110193394
0.0016012810014934392
0.0015986551005772102
0.0015961336316583463
0.0015936448805155268
0.0015911060709280444
0.0015884673200242112
0.0015860038365823098
0.001583505294286173
0.0015810007732687485
0.0015784170607419795
0.0015759076156208348
0.0015734376557556677
0.0015709377861058242
0.0015684278028267567
0.0015659354655430373
0.0015634278159327257
0.0015609019075361135
0.0015584340055430303
0.0015558914066465476
0.0015534254625915542
0.0015509027093321194
0.0015484089706219012
0.0015459314128046914
0.001543469346643901
0.0015409917886361414
0.0015385105757892764
0.0015360269992606204
0.0015335501570502138
0.001531038076605315
0.00152861047722741
0.0015261702620546938
0.001523701118756914
0.001521178124457425
0.001518745030913573
0.001516315387311385
0.001513855815871474
0.0015114257993042418
0.001508943241826671
0.001506494527391198
0.0015040486536984931
0.0015016190478616815
0.0014991940121458348
0.001496735415137197
0.0014943303425445599
0.0014918388112082806
0.0014894175543421887
0.0014869783076625002
0.0014845717895587863
0.0014821108687910543
0.001479674090871154
0.0014772478723409802
0.0014748469300167142
0.0014724331991523023
0.0014700068092076879
0.0014675876767805305
0.0014651853914225423
0.0014627608831162037
0.0014603397437516154
0.0014579051856808288
0.001455519015201895
0.0014531396248329497
0.0014507292193690125
0.0014482999258880397
0.0014458881555030514
0.001443474708997095
0.0014411103338466918
0.0014386727826900566
0.001436300339325542
0.0014339371004664218
0.001431541384930782
0.0014291403613476742
0.0014267529042547775
0.001424312548214767
0.0014219468768499467
0.0014195675991467006
0.0014171972663389158
0.0014147774619989028
0.001412379862488226
0.0014100299384026526
0.0014076773122920507
0.00140526025892472
0.001402896390217354
0.0014005172860481758
0.001398137946009659
0.0013957781682766388
0.0013934265365877427
0.0013909888244524812
0.0013886872988130821
0.0013863006151316605
0.0013839267275869223
0.0013815639556398799
0.0013791759392857577
0.001376817014732477
0.001374444784212469
0.0013720764995604313
0.001369717647576856
0.001367354899754649
0.0013649821685921722
0.0013626428517165032
0.0013602319139468454
0.001357955653112494
0.0013556041014776536
0.0013532562478436798
0.0013508482392229023
0.0013485046907238743
0.0013461885733170962
0.0013438316554465226
0.0013414931472163377
0.0013391349444637705
0.001336808258608537
0.001334437204542119
0.0013321155111408363
0.0013297780074517692
0.001327412014348954
0.0013250718154701807
0.001322766898418061
0.0013203726008289211
0.0013180492351625704
0.001315720446334439
0.001313388494059457
0.0013110331188246444
0.0013087384787645955
0.0013063732345583653
0.0013040240128384354
0.001301683848121919
0.001299357266273446
0.0012970498666894257
0.0012947121728393428
0.0012923584434057452
0.0012900502963436138
0.0012877184170272302
0.0012854040479387916
0.001283075460100936
0.0012807397223484204
0.0012784120481445864
0.0012760962986839849
0.001273770616071162
0.0012714594031697749
0.0012691364243487943
0.0012668169821766627
0.0012644964659771362
0.0012621940630938835
0.0012598807594510326
0.001257555090970589
0.0012552466234082868
0.0012529286302503505
0.0012506007011679387
0.0012483078391072352
0.0012459864904229912
0.0012436843112233744
0.0012413711076377446
0.0012390645415118965
0.0012367692771143063
0.0012344596956034134
0.00123215645336085
0.0012298626949942592
0.0012275549270394422
0.0012252604948452931
0.0012229472237317092
0.0012206692759325279
0.0012183636222743177
0.0012160729388050683
0.0012137879390053054
0.0012114860612445068
0.0012091886365272321
0.001206912407201006
0.0012046022408847392
0.00120232875205102
0.0012000484974388273
0.001197761980061338
0.0011954761257813597
0.0011931855586759747
0.0011908980595389932
0.0011886317689791925
0.0011863516051229875
0.0011840813690680097
0.0011817960593900345
0.0011795359574729802
0.0011772637944674484
0.0011749764161225445
0.0011727185579821233
0.0011704642785484414
0.0011681854157790657
0.0011659172646962734
0.0011636620781347985
0.0011613953914866994
0.0011591531743810315
0.0011568691294212116
0.0011546328455075397
0.0011523833246458483
0.0011501422796807378
0.0011478698111424504
0.0011456461709075934
0.0011433984231263236
0.0011411633919691225
0.0011389054616608011
0.0011366852711458398
0.0011344497103802748
0.0011322173699685235
0.0011299980686167326
0.0011277637463758955
0.001125536828260909
0.0011233091361131234
0.0011210810758762635
0.0011188662103805615
0.0011166577229267684
0.0011144327061397758
0.001112217949032695
0.001110002601348823
0.00110779343283769
0.0011055969896609891
0.0011033876697054351
0.0011011935519832936
0.0010989890043430893
0.0010967932285006635
0.0010945808637702905
0.0010924003096579515
0.0010902111665848852
0.0010880220417945096
0.0010858364422446822
0.0010836647534771533
0.0010814718049602591
0.0010793036958346078
0.0010771271239189543
0.0010749505385628882
0.0010727853392004073
0.001070617110197457
0.001068446868179427
0.0010662905029352218
0.0010641308504740295
0.001061976595582615
0.0010598303590029887
0.001057682642957327
0.0010555460665473836
0.0010533910433075911
0.0010512508882445603
0.0010491169495987955
0.0010469866381683632
0.0010448585199100534
0.0010427256922343488
0.0010406050905461502
0.0010384821449086162
0.0010363676315466412
0.0010342550359902596
0.0010321431333980514
0.0010300316795641797
0.0010279232661816863
0.0010258246062918408
0.0010237257396534037
0.0010216378541851837
0.0010195379329364274
0.001017447513104879
0.0010153666192303987
0.0010132820993034063
0.0010111942871764436
0.001009127711573077
0.0010070524376455847
0.0010049868344838213
0.001002920337395925
0.0010008693682100954
0.0009988153889905
0.0009967521079255472
0.0009946937807208747
0.0009926497949462733
0.0009906210049573894
0.000988564654434199
0.000986525477266584
0.000984501130016274
0.0009824537755125746
0.000980454091696376
0.0009784235397441497
0.0009764113355811123
0.0009743938141897783
0.0009723974093469425
0.0009703797141781583
0.0009683728196284352
0.0009663996371611213
0.0009643943690323604
0.0009623915863362792
0.0009604114416173484
0.0009584241118339683
0.0009564512550028729
0.0009544728263758465
0.0009525115380291353
0.000950541996132801
0.0009485698497771011
0.0009466086490259173
0.0009446579741766433
0.0009427137644996804
0.0009407583229228914
0.0009388230221055559
0.000936878051751361
0.0009349360469699719
0.0009330057560725379
0.0009310857352141958
0.0009291498249770009
0.000927242442725864
0.0009253237865531977
0.0009234183581734673
0.0009215032474981693
0.0009195969057756997
0.0009176846472943622
0.0009157917492743381
0.0009139070867303324
0.0009120171949814212
0.0009101402517792091
0.0009082558997749735
0.0009063724068495106
0.0009045217229465663
0.000902646737551785
0.0009007854502799416
0.0008989330500616396
0.000897068616760422
0.0008952334045219882
0.000893389716514859
0.0008915495226642601
0.0008897134736273913
0.0008878910482002228
0.0008860569508774273
0.000884230395271399
0.0008824131973032055
0.0008805982198659054
0.0008787962290166198
0.0008769868652680196
0.0008751865470999227
0.0008733942302631597
0.0008716159676410345
0.0008698123928606557
0.0008680343844610243
0.0008662618789019765
0.0008644919047303748
0.0008627263386338346
0.0008609583302356591
0.0008591964257599387
0.0008574492877526681
0.0008556933123080991
0.0008539522623543693
0.0008522097762582693
0.0008504708302658617
0.0008487448315571093
0.0008470213616167642
0.0008452902446667752
0.0008435776131455429
0.0008418633771598457
0.0008401558052255496
0.0008384586505584671
0.0008367527856299323
0.0008350586288649939
0.0008333678660414819
0.0008316872961715066
0.0008300047554660273
0.0008283300056089503
0.0008266586073184164
0.0008249879023679383
0.0008233290142692897
0.0008216762371611212
0.0008200213216443635
0.0008183766846668767
0.0008167359258069677
0.0008150914259711086
0.0008134511241280484
0.000811839836479244
0.0008102404531433576
0.000808674772671883
0.0008072008441047131
0.0008059810458069869
0.0008053888801092316
0.0008064430108237552
0.0008111512862171804
0.0008214480314650737
0.0008304656960342095
0.0008213245183843027
0.0007987156729108701
0.0007957808312022852
0.0008087176874683067
0.0008043889448125669
0.0007892675235047627
0.0007914824286077438
0.0007978871684577217
0.0007888288222744217
0.0007824895826072642
0.0007880507008992141
0.0007859186052775914
0.0007779400214522934
0.0007794147423194884
0.0007807962441556239
0.0007744981754678645
0.0007727134838359741
0.0007746781532356399
0.0007709291637512317
0.0007674591777575848
0.0007685241030790277
0.0007668422889850783
0.0007630970238357957
0.0007627962614464288
0.0007622742059833589
0.0007591403845159172
0.0007576400348064627
0.0007574224104798334
0.0007552125010350495
0.0007530580881981964
0.000752508986294337
0.0007511257294707952
0.0007488677922923628
0.0007477582150487956
0.0007468125278828103
0.0007448775972448419
0.0007433003930653959
0.0007423707686520027
0.0007408820824055239
0.0007391175906648818
0.0007379497061127808
0.000736763054084606
0.0007351315210641185
0.0007336876213131215
0.0007325545575920659
0.0007311665967246746
0.0007296277891354611
0.0007283625086868292
0.000727138679290597
0.0007256941853227637
0.0007242881836805341
0.0007230618647165533
0.0007217662527845806
0.0007203556543011996
0.0007190384591872457
0.0007178028514732646
0.0007164862024029995
0.0007151249832817322
0.0007138477431132904
0.0007126021494812675
0.0007112921419734046
0.0007099754505344978
0.0007087212680280354
0.0007074725791461065
0.0007061824085421801
0.0007048966569996926
0.0007036533743659045
0.0007024130322090974
0.0007011479190807969
0.00069988580882181
0.0006986536785945862
0.0006974257555119221
0.0006961829868666678
0.0006949438915063103
0.0006937215582306908
0.0006925059088511107
0.0006912871950137295
0.0006900641702679178
0.0006888583785071386
0.0006876559743252344
0.0006864551368315524
0.0006852543102357552
0.0006840641306727711
0.0006828717417812419
0.0006816940607858119
0.0006805045812504052
0.0006793279182781552
0.0006781592939019783
0.0006769875477079668
0.0006758310717503797
0.0006746616557304987
0.000673505442494818
0.0006723479454846534
0.0006712023221957136
0.000670060149384407
0.0006689172608054061
0.0006677780604643444
0.000666652902440029
0.0006655287218928667
0.0006643999894577414
0.0006632824237333306
0.0006621667316773686
0.0006610474475732962
0.0006599419813236711
0.0006588325299756368
0.0006577348619094405
0.0006566344220903745
0.0006555462144298659
0.0006544551626093065
0.0006533677579641328
0.0006522762237873355
0.0006512067401366862
0.0006501295139305236
0.0006490565863196005
0.0006479881332592178
0.0006469131429262429
0.0006458640611980089
0.0006448029563923582
0.0006437593776767247
0.0006427067144568231
0.0006416639308851431
0.0006406106984529233
0.0006395826256932265
0.0006385441676948513
0.0006375147915401269
0.0006364923450328292
0.0006354635241506012
0.0006344475114546031
0.0006334370821053037
0.0006324201997620283
0.0006314028015877292
0.0006303993644467298
0.0006293970732170419
0.0006284024691788752
0.0006274088003737856
0.0006264209960626857
0.0006254240765720846
0.0006244460741675669
0.0006234609317650258
0.0006224868042776721
0.0006215106719629189
0.0006205401329519606
0.0006195756886934617
0.0006186070840396581
0.000617642774122802
0.0006166967208711779
0.0006157424753821972
0.0006147932682793362
0.0006138394170368451
0.0006128906700580768
0.0006119584190666592
0.0006110279297288648
0.0006100907549066849
0.0006091487615660693
0.0006082285007704858
0.0006073054159385901
0.0006063873275349371
0.0006054582043099894
0.0006045440317336959
0.0006036332515226012
0.0006027375035576748
0.0006018333394277324
0.0006009375674131633
0.0006000335862875872
0.0005991352084058386
0.0005982468614630441
0.0005973642016617723
0.0005964689829064966
0.0005955921489674448
0.0005947031103589281
0.0005938294616379564
0.0005929521723555712
0.0005920905985172498
0.0005912237497899305
0.0005903715872138534
0.0005895188729329621
0.0005886787448059863
0.0005878404071229284
0.0005870640500040715
0.0005863345233982247
0.0005857423561313165
0.0005854595985183119
0.0005857527553688015
0.0005872053699285939
0.000590882126373744
0.0005976779570461839
0.0006072043563323215
0.0006121436187561198
0.000604523942777836
0.0005865190635708164
0.00057705798172364
0.0005835529281166728
0.0005919867671163288
0.000587896660239567
0.0005764921799275514
0.0005739246495281688
0.0005801815125617363
0.0005814449576796036
0.0005744662648302874
0.0005699785375293026
0.000572889818831332
0.0005750667031811785
0.0005710117610563571
0.0005668900504538356
0.0005679403694814269
0.000569606314904105
0.0005672660883298673
0.0005639805225087994
0.0005639363398410667
0.0005650492228231245
0.0005636025257070976
0.0005610611613560743
0.0005604426578181608
0.000560977815671898
0.0005601291706534253
0.0005581534594592365
0.0005572262796068503
0.00055733597454262
0.000556762420421406
0.0005552857819102507
0.000554199108071374
0.0005539385619924774
0.0005535299468286377
0.0005524173573741644
0.0005513172811942807
0.0005507762517278136
0.0005503629578255725
0.0005495418795013145
0.0005485135152863815
0.000547795225124173
0.000547297924187818
0.0005466455823869028
0.0005457644325803206
0.0005449424417846734
0.0005443462785069546
0.000543762620062297
0.0005430088219823692
0.0005421967851853021
0.0005414975187276725
0.0005408911398206131
0.0005402430402958044
0.0005394978193645975
0.0005387599834443279
0.0005381061081429109
0.000537471759322042
0.0005368073288802273
0.0005360907596240637
0.0005354002536725095
0.0005347505645048561
0.0005341093834328838
0.0005334458611937884
0.0005327623187535635
0.0005320875527578523
0.0005314399094024608
0.0005308016294178671
0.0005301517717992955
0.000529489082669567
0.0005288170555599179
0.0005281765153952931
0.0005275450643181295
0.000526913098968815
0.00052626400976074
0.0005256110237259533
0.0005249746307194967
0.0005243470272635126
0.0005237126129936042
0.0005230848676122176
0.0005224560886086669
0.0005218228027411176
0.0005211926839953167
0.0005205771771624411
0.0005199493575649279
0.0005193356391715384
0.0005187111914694144
0.0005180937206379811
0.0005174900005624498
0.0005168764095819826
0.0005162642122043622
0.0005156569895380676
0.0005150460614995624
0.000514428423930505
0.0005138285045086762
0.000513236327276066
0.0005126398657381778
0.0005120366588688527
0.0005114360249560848
0.0005108411008318479
0.0005102456935472761
0.0005096621239414109
0.000509065820011799
0.0005084834266690781
0.0005078971603211025
0.0005073063031002087
0.0005067226279880938
0.0005061358881713934
0.0005055681394209655
0.0005049903904747674
0.0005044099487595318
0.0005038352387913299
0.0005032567338062303
0.000502686877748909
0.00050211726140011
0.0005015405707861919
0.0005009879539381336
0.0005004154715317496
0.0004998489221627493
0.0004992953927145706
0.0004987327458171695
0.0004981624080784719
0.0004976134884986965
0.0004970460777719563
0.0004965026834434191
0.0004959551975422035
0.0004953970663765461
0.0004948395976586131
0.0004943013452652624
0.0004937434326613423
0.0004932083644469512
0.0004926608338060997
0.0004921199087050866
0.0004915767309738251
0.0004910320730872107
0.0004905017558475344
0.0004899552941580296
0.0004894218127192625
0.000488886057964172
0.0004883581595058809
0.00048782648796286035
0.0004872957239389698
0.00048676192629858563
0.00048623869608591526
0.0004857035712997913
0.0004851888660581566
0.00048467393652465137
0.00048414640307396073
0.0004836291330993751
0.00048310743175908577
0.0004825902946352221
0.0004820752231773632
0.00048155751140173224
0.00048104362763807623
0.00048053359534408106
0.00048002002882680287
0.0004795196720021212
0.00047900349962129294
0.00047849398728624676
0.00047798652020542384
0.00047748406373735494
0.00047698672716882287
0.00047649014943537953
0.0004759879003465296
0.0004754916025160487
0.00047500560626523476
0.0004745302395530021
0.00047406994060795007
0.0004736327618539396
0.0004732692550267468
0.00047300790264792787
0.00047292959579032606
0.0004732613495604762
0.00047425073485244854
0.00047661255837520367
0.00048096088766266603
0.000488334273291057
0.0004973107869250795
0.0005041533548919924
0.0004998993741417799
0.00048496315395021525
0.0004701429070170777
0.0004680142501588641
0.00047675550508832776
0.0004831271098256998
0.0004783244484231408
0.0004681082464386686
0.0004647429522297893
0.00046958895808629195
0.0004734640110410454
0.00047018108800075075
0.0004639160665194226
0.0004626129400614054
0.00046596113367271784
0.0004672097835342408
0.0004640029066987089
0.0004605701366533946
0.00046075295691568095
0.0004626730700939115
0.0004623703319099106
0.0004597738841253216
0.0004580760181026126
0.0004586733833687569
0.00045945555575145305
0.00045848262198768945
0.00045669607664411275
0.0004559387114950808
0.0004563088179709864
0.00045639941792068473
0.0004553989928569863
0.0004541894320508888
0.0004537872060890613
0.0004538870345379484
0.0004536208509960009
0.0004527755894453463
0.0004519352187348738
0.0004515823304333315
0.0004514921882018726
0.0004511184936576825
0.0004503938654571814
0.00044975444192880195
0.0004493958878732039
0.0004491464064846208
0.00044875647446291
0.0004481781710127789
0.0004476136327385247
0.0004472161861971909
0.0004469089678093577
0.0004465093827502203
0.0004460114134282827
0.00044549325460521905
0.00044507124247755773
0.00044472822818027516
0.0004443302334354516
0.00044389373379201316
0.00044339464296361107
0.00044296541183809187
0.00044259745689658977
0.0004422069651215376
0.0004417873957630033
0.00044133595458822314
0.00044091123633950254
0.0004404977080091705
0.0004401166340441256
0.00043970136202267824
0.00043929157752708195
0.00043888084414503653
0.0004384551637050224
0.0004380602183150584
0.00043765669816622993
0.0004372432936600252
0.0004368475819529078
0.0004364422804443143
0.0004360228142517023
0.00043561185496268043
0.0004352486741760862
0.00043484293735833397
0.0004344424773629378
0.000434046902404301
0.00043364576089293045
0.00043324518882300364
0.0004328501716574116
0.00043246471606993775
0.00043205527110372024
0.00043167336502164706
0.00043127717884956177
0.00043088364654350245
0.00043049499937730906
0.00043010700666093905
0.00042971756373825576
0.0004293254416315749
0.0004289222772354778
0.0004285503590887343
0.00042818367860848023
0.0004277833655217852
0.0004273916316325984
0.00042701705850252647
0.0004266234619505169
0.0004262564694994886
0.00042587112909159535
0.0004254870623610174
0.00042510804852969025
0.00042473349902927136
0.00042436153040058386
0.00042398388587536054
0.00042360673158894186
0.00042321537694998534
0.0004228370632071189
0.0004224747302609252
0.0004221124325924673
0.0004217305177940499
0.0004213387169491725
0.00042098602581241973
0.0004206071796775089
0.00042024848580892485
0.00041987410704253086
0.00041950417100723004
0.00041913012698032196
0.00041877117466534053
0.00041838938593424574
0.00041804084456515116
0.0004176707731603185
0.0004173020393451363
0.00041693767184954706
0.0004165669244122905
0.00041621149027911976
0.00041585820473708765
0.0004154884509218708
0.00041513041648046187
0.000414760656560348
0.00041441701278873203
0.0004140613346577266
0.0004136963334068
0.00041332212841535163
0.00041298595884491985
0.00041264102231727714
0.0004122693196859114
0.0004119249026576977
0.0004115481340193753
0.0004112125631625871
0.00041086715974324097
0.0004104939530112001
0.00041013994241370416
0.0004097981261363164
0.00040946149532483715
0.0004091078603655096
0.00040875032802307744
0.00040842029095333515
0.00040805428628278354
0.0004077249875274797
0.000407371446189647
0.00040701746351868315
0.00040667516927885147
0.0004063288175383441
0.00040597884503060206
0.00040563670884833915
0.0004052809310678928
0.00040495975876547947
0.00040463104705531865
0.0004042869785326317
0.0004039301094745213
0.0004036187507591052
0.0004032962676190161
0.0004029703255314759
0.00040266848750361936
0.00040239404798256056
0.0004021665878310345
0.000402008480462253
0.0004020295630479975
0.00040228639464843336
0.0004030388069846959
0.0004045921230388831
0.00040760484418746
0.00041280069080146785
0.00042107619128395725
0.0004316952601840822
0.00044092637805271724
0.00044043463215845445
0.00042589462503580405
0.00040601547087648556
0.00039735147498695954
0.0004043297705376858
0.0004151219778001019
0.0004158329171186596
0.00040529550400351987
0.00039629462909573736
0.00039802157755209933
0.000404961766804543
0.0004061203166336088
0.0003997085258093098
0.0003943638587851895
0.0003958510778182373
0.0003998632169074863
0.000399591327448639
0.0003952098528538843
0.00039261141318614406
0.00039416035652387364
0.00039616621365253104
0.00039507844872708353
0.0003922072071199271
0.00039113552115160383
0.0003923110242677275
0.0003930941940626046
0.00039188882323052434
0.0003900886589493782
0.0003896675635149839
0.00039037914355643974
0.00039051421108621416
0.0003895113594980945
0.000388370966411215
0.0003881419124156728
0.0003884635953048336
0.00038833210406834554
0.0003875768232368199
0.00038680723960843593
0.0003865879736751815
0.0003866542782642713
0.00038644643816702174
0.00038587070106385006
0.0003852826194941485
0.0003850241840897503
0.0003849436586810476
0.00038471215875511376
0.00038425739823187016
0.0003838055130632523
0.00038348203226984005
0.0003833036557540939
0.00038307397932747116
0.0003827273394353599
0.0003823115532026741
0.0003819899163039509
0.00038175402449916473
0.0003815027749994581
0.0003812120455383335
0.0003808542384576335
0.0003805146032682723
0.00038021999797197323
0.00037997832111931137
0.00037970593413849224
0.0003793832326239775
0.00037906117711828264
0.0003787456397128777
0.0003784687694903079
0.0003782067451055524
0.0003779258763645296
0.0003776308453763839
0.00037730577520514355
0.0003770195738209478
0.00037674577276269454
0.0003764616626958378
0.00037618133959635506
0.000375885274899337
0.00037559625769453294
0.00037528212753980327
0.0003750173838220071
0.0003747346753286545
0.00037446171887637713
0.0003741643794497489
0.00037387927798002206
0.00037358839941895175
0.0003733221165896341
0.00037303131477902534
0.0003727640242711198
0.0003724645116777431
0.0003722016130560323
0.00037189804150490873
0.0003716305248082154
0.00037134746944897
0.00037107967301064197
0.00037078535011906297
0.00037050700119580627
0.00037022646163605916
0.0003699562106667812
0.0003696832022272039
0.000369399697903507
0.00036912960894355053
0.00036884340227534183
0.0003685850394765846
0.00036830388737602314
0.00036802084265407823
0.00036774334512710075
0.0003674738656529645
0.0003672119119110628
0.00036692325965214783
0.0003666480309469231
0.0003663888022960765
0.00036611512167812984
0.0003658428739721773
0.000365577216808643
0.0003653054307517805
0.00036503328130151026
0.0003647584265250792
0.0003644756238050044
0.00036421526433972294
0.00036395695963902143
0.0003636860054373852
0.00036342079424887325
0.00036316381587781746
0.0003628805643326584
0.00036262075330598093
0.0003623492364123067
0.0003620838924362552
0.0003618112426716049
0.000361549695034956
0.00036128788602176216
0.00036101952371682324
0.00036076540941989266
0.0003604961565853658
0.0003602359257830598
0.00035996318031152123
0.0003597006052497935
0.0003594432962138411
0.0003591809109873453
0.000358927409123303
0.0003586533329325031
0.0003583900510554778
0.0003581327400290596
0.0003578833843591723
0.000357624839170478
0.00035735194124185334
0.00035710065097451204
0.0003568424874101121
0.00035658797299504495
0.0003563258155838489
0.00035607285218274226
0.0003558263806094031
0.00035556076929182576
0.00035530905097543074
0.000355061051513273
0.0003548188151246119
0.00035458018795663833
0.00035437735388238933
0.0003541964998718296
0.00035410558884580394
0.000354109237828925
0.00035435563644422484
0.00035506364766093164
0.0003565773737835117
0.00035955912827419266
0.0003648251774975149
0.0003731779347628714
0.0003825532554864889
0.0003879488847550208
0.00037984014307304034
0.0003627359537314743
0.0003515791540691181
0.00035592330594868475
0.0003659868068267236
0.00036695628190468686
0.00035692585580343166
0.00034988692772100895
0.0003535236619017138
0.00035931703143429614
0.0003570121780808441
0.0003503024574086477
0.00034894235939987394
0.0003529866824999913
0.0003543116532684626
0.00035040909784403554
0.00034756121886983
0.00034924495497787745
0.00035124379797118007
0.0003496405030789621
0.00034699273842470323
0.0003470338468927863
0.0003486104461438955
0.0003483641013159682
0.0003464818691534643
0.0003456988615309962
0.00034654433300239807
0.00034694143030671195
0.0003459792438260774
0.0003449992336229885
0.0003451909114467049
0.0003457682863295986
0.00034553892898407987
0.0003448791662328928
0.0003447829591052058
0.00034531660513685255
0.00034578901153105166
0.000345655782293614
0.00034567404798584915
0.00034602736462373176
0.00034639946495919485
0.0003462495964913401
0.0003455119201596593
0.00034452375462291847
0.00034359216077046247
0.00034249816334466635
0.00034137850285226887
0.0003404589090755604
0.00034004919952191135
0.0003400616355993201
0.0003402258591899665
0.00034032790896326823
0.00034030229843664314
0.00034021412259734816
0.00033999964713021287
0.00033958407058208264
0.0003390144313956716
0.0003384286376841326
0.00033795078877610807
0.0003376213633461495
0.0003373738342066677
0.00033717518589885875
0.000337010077776938
0.0003369037107155518
0.0003367996226150649
0.0003366574003177855
0.000336458240834224
0.0003361985906267095
0.0003359149221473351
0.00033563302919570873
0.00033532891129295405
0.0003350426632050306
0.00033472855863072036
0.0003344591268749467
0.00033419578042183406
0.00033396730735717856
0.00033374617711670466
0.0003335229454791401
0.0003333120408900439
0.00033309980116486937
0.0003328924078843036
0.0003327008508678945
0.00033250524114597035
0.00033231788469459004
0.000332119295816617
0.0003319326123267428
0.0003317546180855027
0.0003315874104344549
0.0003314334029005212
0.00033128864007690245
0.000331193231912275
0.00033112179010040673
0.00033110519210036583
0.0003311636753987413
0.0003313127320114572
0.0003316059816285726
0.00033200235951253554
0.00033263073080909455
0.0003332960209424244
0.000334242667122176
0.0003348223265930609
0.00033545150368293614
0.00033502004922607553
0.0003342713480108122
0.00033242117729771016
0.00033058460187206833
0.000328782636371621
0.00032761470042112745
0.00032708386923602944
0.0003270591067231248
0.00032730076939835155
0.0003275939185626606
0.00032782110931776513
0.00032781293681444993
0.00032769499807673997
0.000327285720622351
0.0003267652056877132
0.0003260866036059357
0.0003254024786058773
0.00032480090269690955
0.0003243448774865224
0.00032407916376217365
0.00032394773019156985
0.00032392864881716137
0.00032392467435343346
0.0003239009294399127
0.00032383260477155773
0.0003237283053850051
0.0003235803495720399
0.00032344353254872753
0.0003232687408951416
0.00032310945708721695
0.0003229079627926533
0.0003227256771967685
0.0003225119704617451
0.0003223378536371336
0.00032214900859154515
0.00032203074322812656
0.000321921124825385
0.0003218943589318842
0.00032189619221828313
0.0003220142361265747
0.00032215894696938
0.00032250074997139286
0.0003228842172506624
0.0003236056675015776
0.00032430882333641227
0.00032552435924187046
0.00032644762967602335
0.00032796861335163146
0.000328518262904001
0.0003293865526129879
0.0003284457093433859
0.0003273504691205635
0.0003246134088822053
0.00032193860791784434
0.00031922982431137
0.00031740943097151715
0.0003165968325605737
0.0003167183139499472
0.00031744223845323787
0.00031831361433218487
0.00031906267378090694
0.0003192597447568145
0.0003190761643412663
0.0003182782870922928
0.0003173044798840765
0.00031619992159877345
0.00031527739954426945
0.00031461329636503293
0.00031425696610012845
0.0003141569603051156
0.00031422705443321394
0.0003143882589934666
0.00031450590886116
0.0003145895882522718
0.0003145486490508272
0.0003144427697893418
0.00031419452725927146
0.0003139226673223561
0.0003135668058641799
0.00031320640384509073
0.00031282423571881796
0.00031247120941777027
0.0003121247781675814
0.0003118040110984442
0.0003115157879704768
0.00031123683443140445
0.00031098823222506996
0.00031075953392606403
0.0003105357822965114
0.00031032758489084095
0.0003101266422759619
0.0003099334269487311
0.00030974386555911285
0.0003095658815965853
0.0003094005414740257
0.00030924662091272065
0.00030912332860726495
0.00030903608304685715
0.000309001523276163
0.0003090622404737613
0.00030927064357395286
0.00030976324256747604
0.00031063718291108477
0.0003123190497345374
0.00031493467407901277
0.0003197314013279879
0.00032591607409950847
0.0003362586657237249
0.0003437616674129316
0.00035228467110553396
0.00034387943708314496
0.00033091891711289716
0.0003130206171804415
0.00030601709850145624
0.00031128926246264815
0.00032049287724253655
0.00032533136379596665
0.00031815675170641076
0.00030894825049517937
0.00030484865908501246
0.00030847324001228145
0.00031410757692243397
0.0003139004298052351
0.0003092930728201016
0.0003045218515855891
0.00030443139438941373
0.0003075878334640521
0.00030917712650388755
0.00030765570083409984
0.0003044068388698512
0.0003029642271825812
0.00030398651721641283
0.0003054628962204084
0.0003055386998393897
0.0003039101030730221
0.00030232396597455356
0.0003020025584971011
0.00030273959099479564
0.00030334952906323724
0.0003029325252828743
0.0003018454828509297
0.0003009909406100174
0.00030093888593106294
0.0003013520979451204
0.0003015224200240384
0.00030112127737783815
0.00030040737835264103
0.0002999083852503104
0.0002998289586623146
0.0002999598979829887
0.00029997182389193504
0.0002997024029623591
0.0002992707874829346
0.00029889154925577565
0.00029869729687492265
0.00029865232963136306
0.0002986195981264451
0.00029847952003482893
0.00029820017891952393
0.0002978874334057215
0.0002976373455269892
0.00029748072387483944
0.00029738115881244073
0.0002972772512525565
0.0002971117133117177
0.0002968926220040059
0.0002966542138518573
0.00029644042444796227
0.0002962576803130687
0.000296108507958834
0.0002959706708430585
0.0002958201593317419
0.00029565231049661223
0.0002954584315178021
0.00029526022907582904
0.0002950645921849501
0.0002948872210893433
0.00029472255524130777
0.0002945629363289896
0.00029440501558800227
0.00029424383445347455
0.00029407713256109373
0.0002939026643197866
0.0002937233408623327
0.00029354219070799707
0.00029336291183259763
0.00029319114774314426
0.00029302284737155453
0.0002928569131744337
0.0002926903064327075
0.00029252534489013584
0.0002923617673166303
0.0002921951248432848
0.0002920327498546052
0.0002918663666903667
0.000291700564958361
0.00029153155968849513
0.00029136314966251724
0.00029119574745702933
0.0002910292697249015
0.0002908616257296582
0.0002906973353561428
0.00029053445614411923
0.0002903713338647313
0.0002902071208397486
0.00029005011210536506
0.00028989287444237965
0.00028974046541732786
0.0002895945431418827
0.00028946064108610565
0.0002893459941006191
0.00028926004807570244
0.00028921825615556117
0.00028925345437443354
0.0002894163070229996
0.0002898061896334049
0.0002905509294565086
0.00029199888738190235
0.0002943877936508114
0.0002988222350917424
0.0003051986024051813
0.0003162410689179655
0.0003268785044727215
0.0003408333145965494
0.00033735943457700076
0.0003271445957877679
0.000302381583039993
0.0002878896178298084
0.0002898811446811395
0.00030179672030143743
0.00031120903211219355
0.0003044367781657826
0.00029265738811862674
0.00028571915391371427
0.0002897141788287218
0.0002974209419838743
0.0002973882197193484
0.00029140876935855283
0.00028556489661977884
0.00028609738804805405
0.0002904207693663926
0.00029182216168216176
0.00028909718441640406
0.00028514107944049535
0.0002843514715492318
0.00028655359791221463
0.00028810597184163986
0.00028702076270774215
0.0002844193975824562
0.00028326840137038066
0.000284233349484566
0.0002854345329262918
0.00028518746654385954
0.0002836737122772181
0.00028257616141348326
0.00028268958942913384
0.00028338126336118673
0.0002835776937903945
0.0002829028635351782
0.0002820148524497058
0.0002816224943676613
0.0002818297213204702
0.00028211801720501686
0.0002819669346418768
0.0002814227616792684
0.0002809014890432055
0.00028072849847586795
0.00028082705287849817
0.00028087135238917153
0.0002806778198172698
0.0002803103682974625
0.0002799732665862292
0.0002798050464668128
0.00027977247021521525
0.00027973964739252976
0.0002795965756335524
0.00027934160587112086
0.00027907363179197514
0.0002788799377717148
0.0002787741809979646
0.00027869505386916615
0.0002785795859770987
0.00027840700087758175
0.0002781996743289793
0.0002780002442210391
0.0002778321360378421
0.00027770585696768534
0.0002775918671453043
0.0002774634601794464
0.0002773078351832035
0.0002771326114966651
0.0002769580771969265
0.0002767963676995758
0.00027664566115388837
0.00027650962372610227
0.00027637632063342774
0.00027623625082591415
0.0002760875728446036
0.0002759294313405008
0.0002757685757610288
0.00027561491632053137
0.00027546223479808275
0.0002753155817689458
0.000275172876243542
0.00027503303716257184
0.0002748896883246055
0.00027474514133071163
0.00027459934896751454
0.00027444617828611273
0.00027429768387612723
0.0002741478683100433
0.00027399844637519995
0.00027385068048774923
0.0002737049306882947
0.0002735620130910276
0.0002734162802523144
0.000273274183678845
0.0002731324496648367
0.0002729856060808534
0.00027284138733829925
0.0002726989946915084
0.0002725546922830043
0.00027241308210412227
0.00027227026962934985
0.0002721256003041195
0.0002719816818662882
0.0002718419918490239
0.00027170193061921657
0.0002715603382488479
0.00027142338027381186
0.0002712863345153317
0.00027115453970748363
0.00027103133061862224
0.0002709150245758633
0.00027081585848873137
0.000270739717769685
0.000270704614109881
0.00027074197902167044
0.0002708805839339812
0.00027123180935713636
0.00027188187890929655
0.00027316700076501316
0.00027529791293787333
0.0002793245420958237
0.000285310247440904
0.00029617828113052855
0.000308137985672437
0.00032629601629494706
0.00032929106658071024
0.0003264775241332577
0.0002979684190682075
0.00027493531426198484
0.0002689135877155509
0.000280644207343531
0.00029559078747669006
0.00029322930588934315
0.0002809219669964849
0.0002688167851366567
0.00027007086425689583
0.00027947441556481833
0.0002824358406515109
0.00027698448947013497
0.00026871741428677787
0.00026763929059148384
0.0002727656069819436
0.0002756176149431442
0.00027293296390055126
0.000267737502990877
0.0002664833379777909
0.00026931517667164574
0.00027134099229937994
0.00026997513279447777
0.00026679271981730745
0.00026566878388424944
0.00026708011030273174
0.00026844163550659913
0.0002679188371549581
0.0002659985754012535
0.00026495901651448135
0.0002655008627526935
0.00026641408934533286
0.00026636107679228955
0.00026526708541738244
0.0002643567487491378
0.00026435870827068187
0.00026485893470830135
0.0002650392622168988
0.00026452994095580763
0.00026383575217840753
0.00026351831328135666
0.0002636594800259467
0.00026385010007417815
0.0002637172581960155
0.0002632987948555645
0.00026289889978248286
0.0002627482420088772
0.0002628057164993754
0.0002628235389024333
0.0002626518229302576
0.0002623555211868816
0.00026208869172063677
0.00026196022486042227
0.00026192605223796975
0.00026187676999287873
0.00026173195182405536
0.0002615243742216185
0.0002613104493930757
0.00026116165655307936
0.0002610672959547225
0.00026098277659705965
0.0002608720328637019
0.00026072576163524674
0.0002605515165376981
0.0002603823630782168
0.0002602564941786415
0.00026014333061046555
0.00026003948719153727
0.00025992506630291893
0.0002597739339884683
0.00025963306022446994
0.0002594861585352748
0.00025934859616889616
0.00025922416163478765
0.0002591063923877251
0.00025898365873114657
0.00025885685106455506
0.00025872939580285075
0.0002585860893246984
0.0002584456982398442
0.00025833022634007
0.00025819322874117627
0.00025805914997953047
0.00025794421946861306
0.00025782335274312227
0.00025769493502667896
0.0002575653084950454
0.0002574289961599048
0.00025730677835776236
0.0002571728091766986
0.00025705144295966987
0.0002569180240385194
0.0002567880287478171
0.000256667294348256
0.0002565491586229526
0.00025641075500432826
0.0002562936515284089
0.00025617387257737765
0.00025604496638406915
0.00025591532084033385
0.00025578011714070793
0.00025565120115932387
0.0002555377610062973
0.00025540677779039965
0.0002552691980413426
0.000255160409285296
0.00025502882087983565
0.0002549032456932678
0.00025478741639566537
0.0002546592332108067
0.00025453096894908307
0.00025441201078981433
0.0002542836691714817
0.0002541688651191197
0.0002540427224351695
0.00025392159725439275
0.0002537976488737186
0.000253689599069527
0.0002535763226916346
0.00025346683984868115
0.0002533684346935396
0.00025331143352215035
0.00025329146720113726
0.000253325472753471
0.0002534890797848023
0.0002538900175970183
0.0002546626508660287
0.00025620612439780405
0.00025890998060938496
0.00026423552635844157
0.00027255187254912074
0.00028848626969405405
0.00030635232534592774
0.0003345478252976522
0.0003356426391092043
0.00032608224739640246
0.00028079364846707197
0.0002532094767019662
0.0002585789619036502
0.0002813609863537848
0.000294739348303357
0.00027471379002119787
0.0002540849970455795
0.0002535911146068113
0.0002677471438176354
0.0002748161152076226
0.00026208633836050414
0.00025096261853514246
0.00025406288100144096
0.0002626241324038288
0.00026300987002009257
0.00025396378094818465
0.0002498764342508409
0.0002544470642706352
0.0002582213090045321
0.00025541574308556535
0.00025014928521892955
0.00025006655940739423
0.0002536163056002858
0.0002541759941965936
0.0002511523384741758
0.000248834226089857
0.00025001420294229834
0.00025195630421758343
0.000251190146101252
0.0002490360780571518
0.0002483180688858389
0.0002494413430924162
0.0002501986047465367
0.00024923766500920306
0.0002479752903141649
0.00024785394404135667
0.00024857544582610315
0.0002487652348891415
0.00024800299473102416
0.0002472666871217486
0.00024729147300098963
0.00024768757112895204
0.0002476595213158475
0.00024713157534480526
0.00024667190178703004
0.0002466613282036261
0.0002468570087783627
0.0002467944627693281
0.0002464353105616422
0.0002461103467552093
0.0002460397394486621
0.00024610660050784094
0.0002460523260886274
0.00024581065849552493
0.00024555053752175517
0.00024542438835227444
0.0002454122432510984
0.0002453641730547875
0.00024520471168295346
0.0002450009191730671
0.00024484834443957564
0.00024477311631159246
0.00024471391141319814
0.0002446173681605679
0.0002444598977683667
0.0002442993984566554
0.00024417970884396136
0.00024408903710967803
0.00024401006024016622
0.00024389753798863015
0.00024374674268636573
0.0002436127025450493
0.0002434988692149672
0.00024340781271690211
0.00024330388843326025
0.0002431813072728215
0.00024307028738557312
0.00024294662026202776
0.00024282457262164784
0.00024273055066224405
0.00024262160897596963
0.00024251810067060735
0.00024239954155403786
0.0002422754629315711
0.0002421632129442558
0.00024205125604716865
0.00024194653402440726
0.00024184175046108769
0.00024171805283420295
0.0002416194919186578
0.00024149952579844173
0.00024138864009552757
0.00024128281370861307
0.00024116589377490435
0.00024106241088599008
0.0002409553950509132
0.00024083372700499944
0.00024073410373458577
0.00024062813240215944
0.0002405018387330697
0.00024039398435901394
0.0002402889481881333
0.0002401743772034824
0.00024006918180131
0.00023995792743206583
0.0002398507759073548
0.00023974159379741835
0.0002396348104178946
0.00023952909254706524
0.0002394177628789335
0.0002393031168614365
0.000239196550281681
0.0002390890355796739
0.00023898002565307333
0.00023886871622393088
0.00023876699293123881
0.00023866051312553213
0.00023854859969275064
0.0002384424649788104
0.00023833374935438564
0.0002382247664173025
0.00023812008161275597
0.00023801041407211045
0.00023790309892227773
0.0002377875198197878
0.00023768176686611285
0.00023756883406845673
0.00023747081029480468
0.00023736113501574477
0.00023724517554618807
0.000237144509323954
0.0002370410476897158
0.00023693136703834103
0.0002368262852185294
0.00023672095759602463
0.00023661528402853325
0.00023650983201911597
0.00023639921696387293
0.0002362943851930628
0.0002361935645681167
0.00023608041401391747
0.00023597939275869106
0.00023587304686218847
0.00023576646023476308
0.00023566293392132012
0.00023556028157597917
0.0002354561804421177
0.00023536940808822419
0.00023528390055448822
0.0002352239897837359
0.00023519452951017346
0.0002352290694407907
0.00023537711596393422
0.0002357701744799728
0.00023660205962905092
0.00023826057227430787
0.0002416977623916587
0.00024791048463826187
0.0002608436237543801
0.00028022854394965614
0.00031763767909062706
0.00034406649585786017
0.00037340538660090005
0.0003204069934820253
0.00026188841830427457
0.00023392490756946532
0.00026124483241272555
0.0002991714938322076
0.0002799444998204612
0.0002440777782566327
0.00023541708101456493
0.00025871722196334294
0.0002717052637340114
0.0002480070875849091
0.00023308771013459236
0.00024516808008987894
0.0002552927367817797
0.00024595803903222754
0.00023303881157188752
0.00023832223635091715
0.0002478650587264113
0.00024176752684729495
0.000232809905929959
0.00023519026260086345
0.00024125559655848724
0.0002390785520626464
0.0002325845921373959
0.00023335716594048134
0.00023785661102153555
0.000236422827335661
0.0002321613145097828
0.0002321391747797007
0.00023497222830586492
0.00023479381706100285
0.00023183974496137922
0.0002313066244376352
0.00023318077303732706
0.0002333201946219645
0.00023146210636276553
0.00023070223738240117
0.00023177113180591208
0.0002322191211258733
0.00023106494763562368
0.00023025708325381716
0.00023076304110896664
0.0002312188672089675
0.00023064276172083846
0.0002299075174983651
0.00023000304327908848
0.0002303886945475482
0.0002301709757871416
0.0002295921323043824
0.00022943094750653648
0.00022966039579571553
0.00022965369624416125
0.0002292752097166771
0.00022899731017513117
0.00022904301451547789
0.00022910895956923869
0.00022891834319588322
0.00022864016953686546
0.00022853832035997864
0.00022857149186926087
0.00022850748906285632
0.00022830603562509966
0.00022812325049399937
0.0002280787951605068
0.00022804926747712912
0.00022794445840845553
0.00022776907570158403
0.00022765043561643437
0.0002275913771937074
0.00022753004647291076
0.00022740748208907209
0.00022726792946656024
0.00022716989370643003
0.0002270909438977648
0.00022701465520605086
0.00022690887988962224
0.00022678516852756955
0.00022668781537693635
0.00022660973505034802
0.00022652228268306402
0.00022642026791775443
0.0002263071089982919
0.0002262075597196557
0.00022612194535323783
0.00022603402498538842
0.00022593052784879324
0.0002258280992088611
0.00022573055691069876
0.00022563768839690593
0.0002255468878063709
0.00022545415644702795
0.00022535538872039645
0.00022525095465609292
0.00022515541921588165
0.00022507286343992718
0.00022497536674556478
0.00022488166644257183
0.00022477815963102692
0.00022468557474449483
0.0002245929950169007
0.00022450322162308637
0.00022440649926622997
0.00022431476481596821
0.00022420060932604839
0.00022412357953561783
0.0002240258962018618
0.00022393694890121755
0.0002238404532778248
0.00022375572958471357
0.0002236498738744307
0.00022355927151045406
0.00022346712768248604
0.00022337536995069084
0.00022328010687183058
0.00022319199439713882
0.00022309496357073895
0.00022299742845488226
0.0002229043529833608
0.00022280744244234594
0.0002227180404965637
0.00022262377026176754
0.0002225379329797605
0.00022244655801634852
0.00022234977090458105
0.0002222518125017682
0.00022215204479260898
0.00022207568582914886
0.0002219763159692677
0.00022188697990614524
0.00022179656321170347
0.00022169635348957974
0.0002216044052249439
0.000221516578264851
0.00022142616188729168
0.00022133175545440767
0.00022124184150607465
0.00022114611121806598
0.00022105943973116672
0.0002209653879884477
0.00022087152925612583
0.00022078383103453516
0.000220687732264992
0.00022059843727698114
0.00022050577344347012
0.0002204191815051467
0.0002203251630290358
0.00022023519154542492
0.0002201434835644691
0.00022005155386381053
0.00021996184243743819
0.00021986649551767316
0.00021977518595912377
0.00021968584399389453
0.00021959749323428147
0.00021949933945957022
0.00021941647946640118
0.0002193266617908372
0.00021923110621712384
0.00021914822343159336
0.00021905301769187914
0.00021896214349156093
0.0002188699606246661
0.00021877994431949017
0.0002186926794007649
0.0002185956367615967
0.00021850932323790381
0.00021842247975694022
0.0002183304272912513
0.00021823988665461747
0.0002181508083484135
0.00021806315191689064
0.00021797021620129477
0.00021787956560009687
0.00021779099366483616
0.00021770165852117636
0.00021761161041984953
0.00021752394421130844
0.0002174304577976946
0.00021734432782196848
0.00021725828566222216
0.0002171696126870094
0.0002170786764371043
0.00021699395122200623
0.00021690945478453237
0.00021682922754229445
0.0002167614719986247
0.00021670504287731122
0.00021667512385097938
0.0002166971072940495
0.0002168179511413633
0.00021712379155201878
0.00021777784235536038
0.00021916023416873714
0.00022180765603778586
0.00022736417246454398
0.00023708887006750209
0.00025754820854720237
0.00028541239688333536
0.0003375957969078092
0.0003565413505865648
0.00036591574564547095
0.00028173644519332886
0.00022176452816566623
0.00022722822239331129
0.0002713126155863263
0.00029315845206813825
0.00024599154220821754
0.00021543863070251575
0.00023410525516402302
0.0002561463333797209
0.0002457071564023332
0.00021783937446388473
0.00022196939080258954
0.00024230274741756505
0.0002355828021087199
0.00021755396700551036
0.0002177916123346782
0.00023017054583017332
0.0002295178406630411
0.00021671133373122909
0.00021625070279842105
0.00022505740201264786
0.00022348315913268846
0.00021555559713372572
0.00021510378866344357
0.0002205332982478315
0.00022036922880280842
0.0002148283208130022
0.0002143790053731962
0.00021812382904963715
0.0002177348999972315
0.0002142033588390841
0.00021370039296627735
0.0002160409222730961
0.00021614994121821698
0.00021373054792941292
0.00021317518692829987
0.00021469261303628463
0.00021482785530775638
0.00021330441692271493
0.00021270724715933184
0.00021361256066608947
0.00021391290150910946
0.00021291786527290876
0.00021233323262453773
0.0002128164491567692
0.00021310728445501443
0.00021254278054064226
0.00021200181305563605
0.00021218045660555918
0.00021245419704298877
0.00021215633465295549
0.00021170684041985983
0.0002116798133379234
0.00021186966914640108
0.00021176564960362744
0.00021142216404168674
0.00021127227227770392
0.00021135936880208663
0.00021134691664242752
0.00021112918922521848
0.0002109322331217823
0.00021091164363474176
0.00021092845444511005
0.0002108101292799584
0.00021062667656556355
0.000210530893012776
0.00021051403009719668
0.00021046089332753997
0.00021032453743225122
0.0002101970652285458
0.0002101312602766069
0.00021009313817671026
0.00021000622365231536
0.00020988393450176076
0.00020978708625102744
0.00020972413035527426
0.00020966434758842414
0.00020957287849900937
0.00020946780925319388
0.0002093791373841442
0.00020931024571750313
0.0002092439731062846
0.00020915172193262873
0.00020905870287292195
0.0002089767610128925
0.0002089023109087553
0.00020882668111918984
0.00020874246263391212
0.0002086538777953846
0.0002085718498596101
0.00020849424318857506
0.00020841850052134516
0.00020833520273896852
0.00020824913114487987
0.0002081654257769407
0.00020808859961895265
0.00020801097020456595
0.0002079302163394003
0.00020784684712644693
0.00020776568440252532
0.0002076885970691633
0.00020760885176409396
0.00020752659161624173
0.0002074467754082029
0.000207367920592677
0.0002072843992753422
0.0002072043060628725
0.00020712907453020583
0.00020704941648525048
0.00020696861317798715
0.00020688559596607962
0.00020680535416279502
0.00020672797482837105
0.00020665249846326506
0.00020656750250844713
0.00020648938168599823
0.00020641406549577607
0.0002063322158852277
0.00020625101852049117
0.00020617250913713758
0.00020609864993153425
0.0002060156455793194
0.00020593480194444343
0.0002058561241476894
0.00020577705407728028
0.00020569813698388429
0.00020562052099094825
0.00020554109658039473
0.0002054601967429618
0.00020538030296495148
0.0002053046707895649
0.00020522688952268351
0.00020514653412212141
0.00020506918661088055
0.0002049920930683188
0.00020491008620333555
0.0002048309512441714
0.00020475316377328176
0.00020467688412558575
0.00020459906640307398
0.0002045235781727646
0.00020444505116329705
0.0002043604829688843
0.00020428581945285633
0.00020420997726365366
0.00020412899272617365
0.00020405306282341985
0.00020397598849658129
0.00020389504275526656
0.00020381915834647557
0.0002037387829759083
0.00020366391059719108
0.00020358618712343983
0.0002035067079312771
0.00020342755466654328
0.0002033532319784715
0.00020327367343362981
0.00020319901220180818
0.0002031206414223634
0.0002030446074562447
0.00020296645031767113
0.00020289186154888377
0.000202810756727584
0.00020273252988316855
0.0002026565240256337
0.00020258497002131778
0.0002025028517037003
0.00020242786094804916
0.0002023502164930807
0.0002022727901862407
0.00020219734137767506
0.00020211690650138062
0.0002020410163337231
0.0002019673511858037
0.00020189167165924167
0.00020181301678289068
0.00020173899358092
0.00020165892538201655
0.0002015834017484466
0.00020150831852169712
0.00020143230897503393
0.00020135449801780185
0.0002012769764386099
0.00020120184990651732
0.0002011257767064182
0.00020105065054298448
0.0002009744693868981
0.00020089701304224552
0.00020082045156284857
0.00020074617980454226
0.00020067025404250046
0.00020059340741816162
0.00020051846553002057
0.00020044139564352905
0.0002003688081921154
0.00020029287223509968
0.00020021534301592183
0.00020014325283416605
0.000200065646212226
0.00019998960129397335
0.000199915702750933
0.00019983742885840784
0.00019976306887921537
0.00019969261934840618
0.00019961550226671823
0.00019954337829770655
0.00019947595725240252
0.00019941264254594052
0.0001993648174609874
0.00019934042818885162
0.00019936939155060213
0.00019949864553641438
0.00019983339673857112
0.00020063812582364577
0.00020232781617247103
0.00020612169344732409
0.0002135669368242584
0.0002304627901677256
0.0002588189926063128
0.00032033632755128834
0.00037252144801234874
0.0004453285357327396
0.0003479679462402447
0.00024083820078424405
0.00020102998487987254
0.0002638336948274183
0.00032279178878853135
0.00025177179282563395
0.00019895013802628038
0.00023072482524778273
0.0002605997223837847
0.00023355703855248503
0.0001984942474541567
0.00022256463809053055
0.000245799042277716
0.00021339719770240885
0.0001994177689685726
0.0002224037334475128
0.00022226903554841554
0.00020134381098673663
0.00020218103488298618
0.00021607494787910937
0.00021032639268913047
0.0001977517946793534
0.00020483493653337013
0.0002117470033345512
0.00020147178618970456
0.0001979703687590048
0.00020558381505744668
0.00020432747134850813
0.00019763026982707243
0.00019912452301454317
0.00020310097046149757
0.00020009025574387295
0.00019675001350779372
0.0001995195599706568
0.00020088586505236542
0.00019753878995902572
0.0001968551093401275
0.00019917657440452494
0.00019854553399544997
0.00019641385461385404
0.00019696082315376196
0.00019814623823477697
0.0001970875134966944
0.00019599271789748707
0.00019680849390348796
0.00019723282128112943
0.00019615973327404465
0.0001957897362901343
0.00019646233257605687
0.00019636580621760642
0.00019561388925370165
0.00019558076802128664
0.00019597970828571918
0.00019573925567239857
0.00019524538890403753
0.00019532343464062412
0.00019552687597075975
0.00019525044854484772
0.00019494808567563647
0.00019503669792531324
0.00019509953671141347
0.00019485978491486715
0.00019466660029980983
0.00019472156115441742
0.0001947232064069767
0.00019452873941815595
0.0001943934971321374
0.00019440651748340408
0.00019437499649600464
0.00019421946970840016
0.00019411144164652785
0.00019410115337917616
0.00019405218852299816
0.0001939269208692984
0.000193830086681999
0.00019380077857133088
0.0001937517354996615
0.0001936446751909661
0.00019355338437670064
0.00019350250250172013
0.00019345658943096356
0.00019336570946423929
0.00019328053759810342
0.00019322272731370094
0.00019316382711652397
0.00019308519652120535
0.00019299997580114254
0.00019293999475805738
0.00019287658374449832
0.00019280487132281794
0.0001927248348179885
0.00019265748305081495
0.0001925959439558187
0.00019253160335211907
0.00019245477254193133
0.00019238263262697067
0.0001923197830041995
0.000192252541275924
0.00019218232479022198
0.00019210649329305074
0.00019204624252097848
0.00019197488267951856
0.00019190538779321288
0.00019184237349947913
0.00019176997204458363
0.00019170280867900126
0.00019163254720330265
0.00019156672738385554
0.00019150042111814943
0.00019143205393348813
0.0001913640244783924
0.00019129293349618223
0.0001912265475332456
0.0001911570447289283
0.00019108727039135115
0.00019101743824307405
0.0001909506633988172
0.00019088370840443668
0.00019081997235135902
0.00019075006457155495
0.00019068685897568978
0.0001906181718297412
0.0001905490669350494
0.0001904834740265197
0.00019041760081762828
0.0001903504913323702
0.00019027965183150344
0.0001902129194219619
0.00019015012880460748
0.0001900814425089992
0.00019001034012999983
0.00018994629518070356
0.00018987408487773817
0.00018981190229340757
0.00018974031150093435
0.0001896740409894503
0.0001896116182703977
0.00018954511995710995
0.00018947312045732652
0.00018940764892163073
0.00018934211867489023
0.00018927760146720754
0.00018921187979250355
0.00018914860720319727
0.00018908219636504594
0.0001890104346380696
0.00018894577318642847
0.0001888827811134429
0.00018880537813525472
0.00018874610561817997
0.00018867683002295118
0.00018860789951971282
0.0001885478947772648
0.00018847412936382981
0.00018840872593605938
0.00018834576688205694
0.0001882803101487466
0.00018820918385526272
0.0001881442875552872
0.00018807486136925299
0.0001880198455089816
0.00018794916493574637
0.00018788185216947687
0.00018781984014285642
0.0001877529783603549
0.00018768527016868093
0.00018762383099657859
0.0001875498333235482
0.00018748812209085235
0.00018742544216369258
0.00018735637619583242
0.0001872923925555229
0.00018722590967858272
0.000187163656142795
0.0001870937114190772
0.00018702760799135467
0.00018696338674219036
0.00018689959729391244
0.0001868283286089579
0.00018676554016943005
0.0001867050524570452
0.0001866387667335363
0.00018656646259687152
0.00018650876610431068
0.00018643461077035215
0.00018637831386566833
0.0001863060948172068
0.0001862473323867625
0.00018618095739715486
0.0001861091947286611
0.00018605136339203083
0.00018598769113767466
0.00018592041360195987
0.0001858583188554191
0.00018579621563866047
0.00018572766273320843
0.00018566103424980674
0.00018559591548463844
0.000185532214220624
0.00018546879693630473
0.00018540587091577036
0.00018534433239646432
0.00018527424400692
0.00018521335632998935
0.00018514632218898856
0.000185077720056068
0.00018502001492553985
0.00018495678614031627
0.00018488822924587724
0.00018482504169931092
0.00018475159891319853
0.0001846927665123785
0.00018463260680100382
0.0001845696796338228
0.0001845043366195172
0.0001844408616361839
0.00018436853854631122
0.00018431469744207126
0.00018424973083057544
0.00018418769070190321
0.0001841159215150374
0.0001840541873764536
0.00018399216371728692
0.0001839254304379549
0.00018386716485955067
0.00018380017677578457
0.00018372972455347097
0.0001836686055014129
0.00018361136465633177
0.00018354382785664542
0.0001834799355268478
0.0001834158120104774
0.00018335570738658898
0.00018329025143201726
0.00018322874619298583
0.00018316434701452945
0.00018310402807670146
0.0001830359983764339
0.00018297645076656544
0.00018290399725631254
0.0001828472810856124
0.00018278214206855377
0.00018272076716243624
0.00018265620580523902
0.00018259741819969227
0.0001825370555232451
0.00018247753316088963
0.00018242059688801843
0.00018237592707063456
0.0001823351681417039
0.00018232005486601882
0.00018234034029051947
0.00018242244079961017
0.00018262440025454012
0.00018307614724173135
0.00018393050069178757
0.0001856994578416952
0.00018888866004796603
0.00019551075227163374
0.00020654269000853934
0.000229733454298694
0.00025996284654676647
0.0003188399577497946
0.0003422557384964081
0.00036570669355288595
0.00027556935742699705
0.00020029226321879477
0.00018563248652109734
0.00023103895742273298
0.00027303834395837195
0.00023406620007146954
0.0001885940688881494
0.0001883055205676354
0.0002197491539004281
0.00023008893778161968
0.0001970089763321936
0.0001815431425329082
0.00019970940800556405
0.00021063485930815622
0.0001971122386717213
0.00018131926631978346
0.0001889183969754653
0.0002012304027157777
0.0001929913931575536
0.00018145285046943226
0.00018431215987210991
0.0001922545175060405
0.00019017314746943662
0.0001816807615586143
0.00018196345100044144
0.0001879081480218516
0.00018697070520281108
0.00018155171869887874
0.00018069491957151782
0.00018435622671126938
0.00018504931768512144
0.00018139776675644403
0.00018004856839705434
0.00018228893486987955
0.00018313314627173795
0.00018111821112194284
0.0001796967334661179
0.00018083363722299603
0.00018187237788067325
0.00018074370570039518
0.00017950233998107728
0.00017991172016241678
0.00018074132491944958
0.00018035099875027798
0.00017937100861650305
0.00017931019361896905
0.00017990006595379994
0.00017987906767294234
0.00017923929148753643
0.00017892977417408997
0.00017924469029231087
0.00017941268928013752
0.00017905916678529634
0.0001786982516028918
0.00017875517654516312
0.00017892647376272413
0.00017881905819544283
0.00017852186581322912
0.0001784048976004386
0.0001784995765643922
0.00017851036488459446
0.000178332223136107
0.00017815345063279523
0.00017813769276951908
0.00017817350733653688
0.0001781097396338388
0.0001779524911092998
0.00017785273308570243
0.00017784295427610686
0.00017783661624117973
0.00017775758884385737
0.00017763658394878305
0.00017756721889209182
0.00017753601120459222
0.00017750688696735025
0.0001774122580249076
0.00017733210548849605
0.00017727429940041125
0.00017723752754194474
0.00017719082226963175
0.00017711377718978338
0.0001770353202495921
0.00017697895299050424
0.00017694379439468384
0.0001768720237210729
0.000176806390323486
0.0001767388089223893
0.00017668050027725858
0.00017662734189070626
0.00017656844338649708
0.00017651352623118715
0.0001764429400457627
0.00017638726320153567
0.0001763349466260123
0.00017628009926959362
0.00017622597760128797
0.00017615877911284595
0.0001760970693189257
0.00017604662087718545
0.00017598088329515534
0.00017592049957647417
0.0001758660278098198
0.0001758063797727291
0.00017574192966250785
0.00017569005332108867
0.00017563433130293938
0.00017558312274966898
0.00017552364053472007
0.00017545995024926994
0.00017540400496453274
0.00017535070904646006
0.00017529325904839496
0.00017523090661262722
0.00017517111900572732
0.00017510768272149403
0.00017505220071381994
0.00017499578499821213
0.00017493634314013295
0.00017487174528340628
0.00017482052182576018
0.00017476030857832984
0.0001747031180726697
0.0001746525878471261
0.00017459977454141587
0.00017453929173077504
0.00017449026483496493
0.00017442512873209318
0.00017435360658841364
0.00017432126709370464
0.00017425974413543777
0.00017420443902684343
0.00017414291421424054
0.0001740766800748301
0.0001740200451760512
0.00017396541035138126
0.000173903496216279
0.0001738560256044155
0.00017378349168248658
0.00017373794376092643
0.00017368245441584695
0.00017361867929470103
0.00017356614403702045
0.00017350784434704448
0.0001734612513691572
0.00017339454194307627
0.00017334774811231783
0.0001732820916387749
0.00017322798848561826
0.00017316923943313855
0.0001731161754589494
0.0001730581329942945
0.0001729989812964118
0.00017294574139437174
0.0001728950239504799
0.00017282576832228002
0.00017277153184311594
0.00017272025067321226
0.0001726581916881669
0.0001726112415893794
0.00017254472314097094
0.00017249164493424646
0.00017243734378247653
0.00017238367311494553
0.00017231769761024454
0.00017227672959030442
0.0001722087953951384
0.00017216470021972903
0.00017209732686518692
0.0001720421338707523
0.0001719902859442397
0.00017192935898714074
0.00017187966376642838
0.000171827084534252
0.0001717653322984069
0.00017170242625324923
0.0001716514243112026
0.00017159047415567021
0.00017154906616969308
0.00017148931165654826
0.00017143834877545944
0.0001713693779140534
0.0001713165310394854
0.00017126503033794134
0.00017121197531332926
0.00017114537099128445
0.00017110244350299593
0.00017103778695445808
0.00017098258011533364
0.00017093825836173466
0.00017086826906777554
0.00017080904658944672
0.00017077086848380713
0.00017070584027418725
0.00017065090704341542
0.00017059988924333965
0.0001705466423423628
0.00017049335119964664
0.00017042457738712896
0.00017037529983137135
0.0001703248724064501
0.00017027663770861808
0.0001702065650212598
0.00017015809565960107
0.00017009984369972106
0.00017004973735490944
0.00016998860758833298
0.0001699383499667278
0.00016988278634307084
0.00016983815877505038
0.0001697863581814949
0.00016973931259707376
0.00016970296272771784
0.00016968845454490313
0.00016970427736813891
0.0001697845061036164
0.00016994409734890904
0.00017030503221007818
0.00017103369191308015
0.00017236240722805638
0.00017508602786327443
0.00017984746423343236
0.0001897297673807341
0.00020530124328544124
0.00023790166238190532
0.00027421204592708307
0.0003420474915978945
0.0003437140731082299
0.0003332451029646543
0.00022936922579135764
0.00017132600943182828
0.00019043222147252224
0.00023977585427384252
0.0002597119302400947
0.00020391093137137896
0.00016937137128275706
0.00018942182615217272
0.00021649883176298135
0.00020996655964368398
0.00017581259608559317
0.0001727526902687106
0.00019588601790616723
0.000197424134862337
0.00017859420385145396
0.0001687857792208727
0.00018095356576189146
0.00018990276555451663
0.0001777065782417766
0.00016835319391757573
0.00017443043321075828
0.00018093932709719506
0.00017632218040174256
0.0001685351933449845
0.00017066551037234383
0.00017637723292228738
0.00017416408886406528
0.00016873043193755521
0.0001687208793624582
0.0001724692392927678
0.00017257730014652475
0.00016884479037074693
0.00016783219228165439
0.0001702016063368261
0.0001708597332577037
0.00016875280374846257
0.00016741715654150084
0.00016861507048257648
0.00016963680391689537
0.00016850059485950885
0.00016724153989658278
0.0001676466487213026
0.00016850517931602936
0.00016816949063343706
0.00016717537168501256
0.00016705282719638135
0.00016767191058533753
0.00016771412945931394
0.00016709807892960194
0.00016673102532347464
0.00016700448985354027
0.00016724985065693328
0.00016694827237583926
0.0001665720260384582
0.0001665571258444971
0.000166752727198051
0.00016672839996746078
0.00016641910293418934
0.00016625938870952058
0.00016634373049273981
0.00016639786144436518
0.0001662768429819968
0.00016607494742942479
0.00016601102309378609
0.0001660688688058141
0.0001660453733926364
0.00016590883750417
0.00016580204967031161
0.0001657870819800682
0.0001657821587665641
0.00016570789968149867
0.0001656224052052991
0.00016553554932491273
0.0001655091149022914
0.00016549427246777057
0.00016542440727552757
0.0001653495074831444
0.0001652768340564245
0.00016525473950990377
0.0001652282502248961
0.0001651570070911151
0.00016508054025107574
0.00016501441689808333
0.0001649865566404331
0.00016494398816800578
0.0001648751860652712
0.00016482154361486577
0.00016476978770817911
0.00016472806217100632
0.00016467877179319172
0.00016462886805028332
0.00016457965395542582
0.0001645087660507746
0.0001644638260075473
0.0001644132228191009
0.00016436407713496645
0.00016432333585739739
0.00016425629804288803
0.00016419739451785695
0.0001641581573269894
0.00016411518456075144
0.0001640533926985744
0.0001639990785918424
0.0001639511430355698
0.000163910814713426
0.00016384456453314558
0.00016379995349917941
0.00016374808217213917
0.00016370266533680879
0.00016363530333959373
0.0001636009492797062
0.00016355977475711125
0.0001635056570951081
0.0001634385244046581
0.00016340170466164124
0.00016334449302180895
0.00016330637056605887
0.00016324356146747704
0.00016319922117703154
0.00016313637025865184
0.00016310224511167622
0.00016304464347337888
0.00016299425740868735
0.00016294317806269843
0.00016288378587149004
0.0001628316052330345
0.00016279993034225854
0.0001627590068505926
0.000162681398515178
0.00016265129156878462
0.000162596503069297
0.0001625506316001469
0.0001624939593238571
0.00016243712331291213
0.0001623833283446187
0.00016235163037593852
0.0001622975399808713
0.000162244981939064
0.0001621843896087703
0.00016214704467306415
0.0001620871047427662
0.0001620399362458996
0.00016199483502242137
0.00016194774428696953
0.0001618952580750049
0.00016183173922323149
0.00016179355076596867
0.00016175299942666966
0.00016170317490942616
0.00016164692528220648
0.00016158960463208543
0.00016155927532695815
0.00016148729575150202
0.00016145482952340518
0.00016140633383925383
0.00016134051202107498
0.00016129879292265984
0.0001612547248756928
0.00016118800930244682
0.000161149469781732
0.0001611083964378961
0.00016106620860586782
0.0001610121759334884
0.0001609626754948316
0.00016090545646592344
0.00016084618048061518
0.00016081185306582207
0.00016076774650744803
0.0001607080932124045
0.00016066592908117538
0.00016059998156831004
0.00016055755315774143
0.00016049891142432446
0.0001604606629545556
0.00016042296956845017
0.00016038042044825315
0.0001603181754202229
0.00016025467414093996
0.00016022030717530573
0.0001601658424529745
0.00016012563874414216
0.00016008002648257804
0.00016002602532348473
0.00015998035534675484
0.0001599254698398572
0.0001598747173658416
0.00015983500195495528
0.00015977289007384408
0.0001597300504979938
0.0001596825340156661
0.00015964017155049653
0.00015958313696463856
0.0001595371287133154
0.00015949732871713363
0.0001594333345559282
0.0001594028026672968
0.00015934726196757638
0.000159276708062547
0.00015925312326702418
0.00015919223081907208
0.00015916116932103655
0.0001591058429628454
0.00015905976619867273
0.0001590172688608517
0.0001589574088657376
0.0001589083106741554
0.00015884700265012138
0.00015880599458402132
0.00015876743014273776
0.0001587170282761948
0.00015867446859517222
0.00015863234953840166
0.0001585650898449301
0.00015853005148880434
0.00015847693842566585
0.00015844890737304454
0.00015839384545406356
0.00015834531299245
0.00015831106041226044
0.0001582823379666257
0.0001582569809828193
0.00015829373035853553
0.00015834369079147402
0.00015851951437716101
0.0001588926235009986
0.0001596546480666649
0.0001610540059680195
0.0001639979346313953
0.0001692422237368024
0.00018037782902300295
0.00019825817199457143
0.00023668740170297982
0.00027979555080559547
0.00036266339566511216
0.0003609386220072326
0.00034450779700550833
0.0002190479471017193
0.00015850514220398573
0.00019318291562734241
0.00024817102923300056
0.0002575551452536012
0.0001855731392377663
0.00015931745155471337
0.00019757061193297052
0.00021672577594313366
0.00019177322996976335
0.00015881666501527003
0.00017301098037355453
0.00019950782567594144
0.0001833808091906411
0.0001596389694910212
0.00016420499907568114
0.00018065131008915026
0.00017717607318896715
0.00015965208774953036
0.0001609092359262165
0.00017323960619895125
0.00016981501858304832
0.00015885494324532407
0.00015888884289978013
0.00016632407896962964
0.00016604123596839797
0.00015843788540177071
0.00015778439014175523
0.00016304406199338123
0.0001626345775650701
0.0001579021675574085
0.0001570765033391742
0.00016029871621189813
0.0001607365972254675
0.00015749358753737894
0.0001566558142422412
0.00015877870349325144
0.00015911734613866714
0.00015714169376904074
0.00015631611736499016
0.00015759350379322074
0.0001581239882778654
0.000156824207046935
0.00015607206995506073
0.000156797631346681
0.00015727335929893504
0.00015656406206396637
0.00015587640294071432
0.00015621164804241263
0.00015665890456479883
0.00015629446866052973
0.00015574936408814245
0.0001558173270787186
0.00015612328394982127
0.0001559995861152294
0.00015560182823033276
0.00015550088563661806
0.0001557093421208903
0.0001557135606014449
0.0001554573755632738
0.0001552916114680067
0.00015536738428216152
0.00015543333084706184
0.00015528103997557104
0.0001551104872456237
0.00015509237127085798
0.00015513779912040165
0.00015509835412695866
0.00015494333110554654
0.00015487559579955272
0.00015488998077867753
0.0001548709080783064
0.00015479436767361232
0.00015468703847949233
0.00015465911091384112
0.00015466257160423605
0.00015461913045147971
0.00015454141672839348
0.00015446658035355769
0.0001544438635842123
0.00015441165715335555
0.00015436858913715494
0.00015429117597759944
0.0001542448642378614
0.00015419998760400868
0.0001541810695655898
0.00015411523378140436
0.00015407052222280452
0.00015403140602932898
0.0001539960161129311
0.00015394665185871332
0.0001538891659739446
0.00015384499347827956
0.00015378240545319265
0.00015376298750116024
0.000153733812934702
0.0001536743129405313
0.000153620387114408
0.00015359158872899618
0.00015352786537241905
0.0001535003712889445
0.00015343561002741183
0.00015339466655547073
0.00015335275664850721
0.00015329324858691896
0.00015326583922842742
0.0001532245813592747
0.00015317274760093467
0.00015311720218006314
0.00015307533455395864
0.0001530428470980747
0.0001529831475794075
0.00015294885227686733
0.0001529068265830949
0.00015285424793995333
0.00015280099814399633
0.00015276738978626728
0.00015272381968661346
0.0001526807860594376
0.00015263693850722288
0.00015260885623680673
0.00015257728380343956
0.000152518836871918
0.00015246384483351977
0.00015242029194354332
0.00015235414563169878
0.00015232830848526462
0.00015230391967712518
0.00015225861261644063
0.00015220173427057715
0.00015215558105605945
0.0001521108361572779
0.00015206779212818968
0.00015203702947936512
0.00015199684212303748
0.0001519466078135976
0.0001518845333293957
0.00015184638819658726
0.00015181914013971865
0.00015177165368656257
0.0001517230888618208
0.00015169195678668994
0.00015165575008390682
0.00015159068553699106
0.00015155982865971144
0.00015149062939075105
0.00015145112809015132
0.0001514043253862253
0.00015135694880948454
0.00015133516080031433
0.00015129663934076158
0.0001512417246820378
0.00015120688456518304
0.0001511490784613622
0.00015114089000890768
0.00015106972439181873
0.0001510209561778619
0.00015099068278395618
0.0001509545773753889
0.00015091644849788067
0.00015087029798457392
0.0001508024841117065
0.00015076271554916666
0.0001507415518524295
0.00015068860276492882
0.00015064148866400468
0.00015060782389333336
0.0001505587883811317
0.00015052172722405667
0.00015047317774718324
0.00015042825162160024
0.00015038812560592003
0.0001503540257525024
0.00015029937447777535
0.00015026125929843315
0.00015021260184867454
0.00015018122404121108
0.00015012808873624404
0.00015008481522908967
0.00015004059481172577
0.00014999477996333733
0.00014996211515043076
0.00014992322315200587
0.00014989333579692215
0.0001498431469192001
0.00014980232996352204
0.00014974241483231842
0.00014968960334170423
0.0001496483806746912
0.0001496296827661956
0.0001495873984044813
0.00014952590926616417
0.00014948279406175045
0.00014945042470666608
0.00014942038792860058
0.00014937482964310058
0.00014931392665118361
0.00014929302533489685
0.00014924594437471214
0.00014918888248941376
0.00014913831845822251
0.00014911999816053612
0.00014906385870568808
0.00014902257360678502
0.00014898094424825375
0.0001489392708259028
0.00014889634171367714
0.00014884993989934382
0.0001488084941761007
0.00014876912118251632
0.00014873298905738005
0.00014869138597239394
0.00014864856974422465
0.00014861321831333184
0.0001485715026207241
0.00014852411210136723
0.0001484685414213504
0.0001484417494413703
0.0001484058141825004
0.0001483349488727098
0.00014831506924027106
0.0001482707528373163
0.00014824149481275345
0.00014818817622279962
0.0001481390614031484
0.00014810453203121634
0.00014806719889721252
0.00014802266195381702
0.00014797163730366223
0.00014793586202707955
0.00014790347796993504
0.00014786216035240265
0.0001478235420097219
0.0001477691280017296
0.0001477041437907722
0.00014768677946241243
0.00014763145491470197
0.00014758818932677158
0.0001475562961027254
0.00014752664572417908
0.0001474992093645071
0.00014745045980280508
0.00014741131291710487
0.00014735472735105947
0.0001473402664325944
0.0001473128522664159
0.0001473131232445277
0.00014736882962480962
0.00014746518870398397
0.0001477192894334964
0.0001482285845910559
0.00014933790213065098
0.00015139482947141512
0.0001558417035146255
0.00016381201327112869
0.00018125287198579937
0.00020855182920139306
0.00026832607729243373
0.0003233391333416291
0.0004234202938616493
0.00036591945260566804
0.0002831569288167815
0.00016368691347059218
0.00016508905398023187
0.0002492044849116037
0.0002583444035775246
0.00020348475234583519
0.00014810473029155214
0.0001807878952922023
0.00023081007436868262
0.00019309066644428968
0.00014982970998786386
0.00016334456299788743
0.00019208164067828726
0.00018257585057690492
0.0001500572864166368
0.00015638087622414399
0.00017987100582911986
0.00016732031917112415
0.00014791556547843937
0.00015374898316751766
0.00016618321493455413
0.0001602304822616028
0.00014700243052384522
0.00015192935115356096
0.00016086572302833452
0.00015397877762761915
0.00014636204878489513
0.00015049038476440754
0.00015498771399879193
0.00015078912144199868
0.00014613750288918636
0.00014913645583525161
0.00015221734771699312
0.0001486522921747478
0.00014593888302747045
0.0001483496215041853
0.0001497496201292629
0.0001474357467902959
0.00014579377484281837
0.00014743070088683912
0.00014838081070751285
0.00014659212762383047
0.00014564862349781746
0.00014675810887880954
0.00014724225954659804
0.00014611057597270434
0.00014546643081798043
0.00014618725979945575
0.00014655108583137646
0.00014575178076192658
0.0001453044549148527
0.0001457564058499917
0.0001459674056507779
0.00014549419990104981
0.0001451425534064183
0.00014539896031666468
0.00014559210826530292
0.0001452567804361865
0.0001449844442651394
0.00014508318954421909
0.0001452183255345383
0.00014504103940982723
0.00014483211759675683
0.00014484395107742707
0.00014495175157894433
0.00014484839847966806
0.00014467764440347495
0.00014463656433977564
0.00014468759004261582
0.00014465521335684854
0.00014453577918194265
0.0001444583335018118
0.00014447589208310197
0.00014445946790108468
0.00014437934003328306
0.00014428534505207482
0.00014428080928737582
0.00014430006515779153
0.00014420868298371158
0.00014415896568473527
0.00014411304300507045
0.00014409122103281298
0.00014405773092812383
0.0001440085982096531
0.00014394788935864894
0.00014391233315475376
0.0001439039180016581
0.0001438456234063526
0.00014379558224359123
0.00014375269365437263
0.00014373106938355963
0.0001436832311656389
0.000143630117301905
0.00014360205725773593
0.00014356170772005203
0.0001435318953481587
0.00014348975923758503
0.00014344499710783413
0.00014342450532384133
0.00014336227783229836
0.00014332881707313806
0.0001433004855230066
0.00014324847785719195
0.00014321771687386516
0.0001431666953254213
0.00014315038195133984
0.00014309898370396505
0.00014305916619657605
0.00014301466854536258
0.0001429738103116353
0.0001429394552226421
0.0001428948354101567
0.00014287680920677904
0.00014281738716979736
0.00014277725754751664
0.00014274834467677768
0.00014270965044371918
0.00014266701842809452
0.0001426382025208194
0.0001425975379262712
0.00014255967974472595
0.0001425341675410117
0.00014248219142787549
0.00014243957819795754
0.00014239224509217795
0.00014236532524438292
0.00014234053874398028
0.000142289746345559
0.00014225641575735143
0.00014223497586265667
0.00014218224415101156
0.0001421506455680991
0.00014210526383165605
0.00014207026581742756
0.0001420386296974632
0.0001419863096096085
0.00014196419038885432
0.00014192660031850808
0.00014188881479824475
0.00014184310487472344
0.00014178709316309826
0.0001417662136270015
0.0001417246781010131
0.00014168378462774313
0.00014165935946485578
0.0001415983493509734
0.00014157749089195566
0.00014152680113253154
0.000141503239751076
0.00014148169067786415
0.0001414473216285142
0.00014139109559747646
0.00014135804776863406
0.00014131370819573817
0.00014128465787091878
0.0001412276186730088
0.00014121196739688891
0.00014117048657624076
0.00014113250438882276
0.00014108289907024916
0.00014107069344300533
0.00014100089564041978
0.00014096864519803096
0.0001409591846956016
0.0001409112181387266
0.0001408770310990627
0.0001408395396088317
0.00014078918439278514
0.00014074025685733275
0.00014072103922398293
0.00014068878359743995
0.00014064949114461528
0.00014060603284388678
0.0001405759043089755
0.00014053687348855067
0.0001405199361405068
0.00014046706698991724
0.00014042790668287872
0.00014038247022293693
0.00014035088373201614
0.00014030694513515545
0.00014026659163853157
0.00014023790253622867
0.00014019990703861195
0.00014017310796991014
0.00014012970114292276
0.00014011139011446528
0.00014006446835984412
0.000140013350773054
0.00013998707338278867
0.00013995595372303472
0.00013991778729606375
0.000139863629860416
0.00013984388096596222
0.00013981068837175048
0.00013977499331006615
0.0001397350428104763
0.00013969815757914762
0.0001396558816355567
0.00013962532004608517
0.00013957732270272492
0.00013952937952347463
0.00013950815046134287
0.00013946473827384284
0.00013944070397560842
0.00013940026671222205
0.00013937075349806328
0.00013933135002948562
0.00013928350917651942
0.00013925282245729528
0.00013921267396487628
0.0001391813378912136
0.00013914823231925416
0.0001391024710144131
0.00013906573350715818
0.00013903657021487834
0.0001390077018251558
0.00013896648124731841
0.00013891836707105929
0.00013888766385603433
0.00013884551180195072
0.0001388142801465575
0.00013878147000515867
0.0001387519897881122
0.00013869175506718096
0.00013865964351302107
0.00013864183794647716
0.00013859981188029806
0.00013856754732416584
0.00013852898689334681
0.00013848231962475504
0.0001384578801218616
0.00013841704346195135
0.00013839269318101396
0.00013834250438431988
0.00013830734221890147
0.00013826846799998115
0.00013823038781900871
0.00013821130095454583
0.00013815932676336314
0.00013813004920909094
0.0001380986146070267
0.00013807204021967762
0.00013801606309485917
0.00013798153490500762
0.0001379495086729228
0.00013791703095937646
0.00013786637351118853
0.00013785115284757537
0.00013782174166779198
0.00013777546900438088
0.00013773198795603768
0.00013771596531817913
0.00013766729939363863
0.00013762291719578455
0.00013759577669673713
0.00013756189878154853
0.00013751819770666196
0.00013747808437738357
0.00013744361136950353
0.00013743668723378483
0.00013739706799393677
0.00013736727312572215
0.00013735317016373328
0.00013733968983815204
0.00013736216768744252
0.00013743084815950359
0.0001375476589388162
0.00013780478384907584
0.00013829723115691182
0.00013933923881334468
0.00014109638806187143
0.00014472615320791328
0.00015088653907798408
0.00016376486043962108
0.0001833195511894053
0.00022477367627400736
0.0002678186083129331
0.0003509623188853153
0.0003459823737995074
0.0003310931962454658
0.00020617023219892641
0.0001395870674704865
0.00016379529357566275
0.00022148695893977976
0.0002453970845572908
0.00017845272460109875
0.00013775874424433785
0.0001618366462022343
0.00019425787158297542
0.00018911812675541584
0.0001469729499049983
0.0001412153694675856
0.00016920942969346887
0.0001734909571750347
0.00015200479665098557
0.000136934433164092
0.00015023667851257947
0.00016385237403352082
0.00015123114902887305
0.00013722850552916387
0.00014207594667464915
0.00015189673155607206
0.0001493905372706699
0.00013848916167178031
0.0001380634653644772
0.00014593414490918525
0.0001456669425590243
0.00013910980413200276
0.0001365444416116124
0.00014090694982515358
0.00014329191942660574
0.00013914496647238472
0.00013619903617236305
0.00013832420475061894
0.00014051780217462433
0.00013884731383394125
0.00013625840034387542
0.0001367678342183458
0.00013874444338686365
0.00013819909206686792
0.0001363318642229379
0.000136039458833831
0.0001372389984509476
0.00013758779175195758
0.00013638181894181576
0.00013572814339124213
0.00013632188676025725
0.00013682351960165234
0.00013632143908764494
0.0001356241836236226
0.0001357341604494637
0.00013619380873707004
0.00013610990875450305
0.00013562294548648645
0.00013540704265265592
0.0001356560101088428
0.0001358425892039982
0.0001355481436911164
0.00013527731494262222
0.00013530121905360408
0.00013546545006962957
0.00013541861261872124
0.00013520275075158407
0.00013508880345453853
0.00013517272707439925
0.00013519714503468748
0.0001351239982675826
0.00013497690988502564
0.00013493042945262823
0.0001349660274204328
0.0001349567164767559
0.00013487304837888145
0.0001347987756480912
0.00013477072230372279
0.00013474492521530108
0.00013474285425758715
0.00013468277698115661
0.00013460133343568383
0.00013458314307932304
0.0001345748444914417
0.00013453715919628937
0.00013447751182146757
0.00013444887227274558
0.0001344088167369897
0.00013439741781504124
0.00013436646668712272
0.00013429567558452253
0.000134269541515358
0.00013422354717540242
0.00013420842869018803
0.00013419361551625814
0.00013413977247954607
0.00013411463159954573
0.00013406636136181955
0.000134044138115856
0.00013401177505585905
0.000133971026592286
0.00013393554335589124
0.00013390067574791637
0.00013386523271173724
0.00013383765459758988
0.00013381873453530458
0.00013376090473977888
0.00013373594776351947
0.00013370758554477242
0.0001336735907335552
0.00013363859546971824
0.00013360930723040293
0.0001335794482801682
0.0001335330560003153
0.00013349778177099662
0.00013345847710475786
0.0001334461827271947
0.00013341939984443262
0.00013337317742933148
0.00013333227116038882
0.00013331240133966057
0.00013328048287783768
0.00013324974908359666
0.00013319196817333488
0.00013318970761777395
0.00013313258064330844
0.00013310579714792173
0.00013306815610456983
0.00013304481419632505
0.00013300611920560897
0.00013297209019164148
0.0001329544226967786
0.00013291211342998907
0.0001328708881370116
0.00013285228270354035
0.00013281606343487032
0.0001327823595143307
0.00013274944686376839
0.0001327218325935552
0.00013269204232444913
0.00013265588102880088
0.0001326384530710624
0.00013258846202603277
0.00013254221326596292
0.0001325202410725985
0.0001324895685946116
0.0001324474750283257
0.0001324140710144052
0.0001323852365888009
0.00013234224753988215
0.000132331257369659
0.00013229790345291792
0.00013225516300435395
0.00013223108045959877
0.00013219477551645553
0.00013217189183070273
0.00013212578870132455
0.0001321006375459472
0.00013206389452941782
0.00013201971866165044
0.00013200065721049909
0.00013196632126820655
0.00013193133593875238
0.0001319103979838376
0.00013186013777492762
0.00013185246278438193
0.00013178126964443366
0.0001317525178195087
0.00013171985653278822
0.00013172269184164097
0.0001316687721570735
0.00013165245925312203
0.00013160505450189223
0.0001315902848311293
0.00013152737938022753
0.00013151714333411378
0.0001314967776562408
0.00013145949367936665
0.00013141913383473702
0.00013139246000349372
0.0001313642376332738
0.00013131937341426893
0.00013130236745335035
0.00013126441274766905
0.0001312273383599135
0.00013119624033974895
0.000131160840261049
0.00013113076418685797
0.0001311125743849025
0.0001310760353618815
0.00013103124966464008
0.00013100481784746604
0.0001309666021174242
0.00013095708326509833
0.0001309088736115055
0.0001308767236952042
0.00013084831448107644
0.00013082733394718737
0.000130780261330402
0.0001307534346037119
0.00013072159030314226
0.00013068598617997607
0.00013067037541419883
0.0001306352091519372
0.0001305905261714034
0.00013054846261917634
0.00013052443796011061
0.0001304953052732582
0.00013047436489825413
0.00013042770237498444
0.00013040076013607203
0.0001303701269535171
0.00013035435360602045
0.00013031682808406345
0.00013029191017912726
0.00013024082573827151
0.0001302106508951518
0.00013018655338121617
0.00013015194774756923
0.00013012628039303263
0.00013009846226348792
0.00013005565235467314
0.00013002302684323564
0.0001299880182333483
0.00012996485606470528
0.00012991727688210444
0.00012991172842081599
0.00012987098798198103
0.0001298441735613674
0.00012981541812147286
0.00012974674572426782
0.00012974516403823646
0.000129712856786444
0.00012968621067104499
0.00012965768905817148
0.00012962856663503814
0.00012958187053148173
0.00012958361619897938
0.00012953501572016954
0.00012951345234368363
0.00012950760490849537
0.00012948412510948627
0.00012949226621966362
0.00012952078241109597
0.00012959812463642607
0.00012974563968410328
0.0001300724401156421
0.00013064523169211738
0.00013173920191052022
0.0001336311985487867
0.00013742335974713417
0.0001436198498715391
0.0001563424506942004
0.00017506410279681956
0.00021396217364089975
0.00025360761265320403
0.00032939406514261504
0.0003291587749964103
0.00032288272708728125
0.00020844659475928486
0.00013684720036684302
0.0001435609986343473
0.00019745239614884277
0.00023462402392002705
0.00018435055964635428
0.0001359137516786591
0.00013825491644230126
0.00017302400056417092
0.00018877678007224514
0.00015338635877952536
0.0001296151981140946
0.0001429625680328367
0.00016217031445287737
0.00015878779960736605
0.00013512153054164646
0.00013085985963315555
0.00014616462601245206
0.0001505971142964909
0.00013939622060059098
0.0001291534146657989
0.0001344485825553234
0.00014358435722055233
0.00013946668175887655
0.00013056164662499477
0.00012970127475553833
0.0001354980820886884
0.00013780388762642658
0.00013220537192305703
0.00012856272858635724
0.00013114208900528854
0.00013395938601495794
0.00013254189018335996
0.0001289745365619384
0.00012894083318924538
0.00013135038968204363
0.00013162051298114388
0.00012952159599248595
0.00012829687880498247
0.00012936141591636646
0.00013052022609716024
0.0001296619351270855
0.00012832442364819324
0.00012836799470197603
0.00012923536498169196
0.00012942319944430182
0.00012854031488771393
0.0001280061982878239
0.0001283812856584992
0.0001288051676913226
0.0001286035278263797
0.00012801856537812055
0.00012788551756224997
0.0001281880990908332
0.00012832486186175343
0.00012808278269962756
0.00012773209054725074
0.00012776512448360407
0.00012795626973866885
0.0001279531493042076
0.00012774366511500456
0.0001275778159088357
0.00012760083179419495
0.00012770714659745538
0.00012767368146805332
0.00012751635588362315
0.00012741638123688284
0.0001274185711265281
0.00012749496315956233
0.00012744966902304542
0.000127341883791307
0.00012727107950290205
0.0001272678135603098
0.0001272816943068968
0.00012724907596218274
0.00012718944758143423
0.00012711422311374872
0.00012709962150335544
0.0001271171800917925
0.00012706987949437238
0.00012702625267745234
0.0001269786518180583
0.00012693011502063438
0.00012692583528119825
0.00012690647749631325
0.00012687071809551047
0.0001268270767021583
0.00012678482122918655
0.00012677152918427626
0.00012673519385245812
0.00012669845224245509
0.00012668682466396248
0.0001266498048514934
0.00012663434638710518
0.0001266012736156102
0.0001265664668856148
0.00012652269835315894
0.00012650550667249648
0.00012646025861979177
0.00012645509780707912
0.00012642078099651182
0.00012637822683148804
0.0001263650607227244
0.00012631447265424033
0.00012628738069639486
0.0001262688910065337
0.00012623810752036325
0.00012619395091210923
0.00012617023104560154
0.00012615823499369176
0.00012613121614011598
0.00012608856803367278
0.00012604262935747367
0.0001260188446253113
0.0001259999647156997
0.00012597953582632116
0.00012594317655293538
0.0001259046966007474
0.00012589855023123521
0.00012585570054099367
0.00012583151060578584
0.00012580209122988972
0.00012576537123398134
0.0001257382160771581
0.00012571716265633332
0.00012568487056551354
0.00012565583264754026
0.00012561537716544323
0.00012560287656108098
0.00012558031846709772
0.00012554420210873662
0.00012552510948288443
0.0001254769729771042
0.00012544836028261538
0.0001254205636100872
0.00012539814966834863
0.0001253503709521616
0.00012533975520991175
0.00012531179707981398
0.0001252897853176685
0.00012526660535981015
0.00012523529388638494
0.00012518986774522019
0.00012517792999723956
0.0001251256983807475
0.00012510299728968463
0.0001250714047232894
0.00012505755808201285
0.0001250283588154007
0.00012497843839536453
0.00012497334243823135
0.00012494179234729695
0.00012490215947528457
0.00012486968843595532
0.00012486231021743008
0.00012484020397000734
0.00012479812903894654
0.0001247665891234957
0.00012473625109664084
0.00012470229382194445
0.00012469989789124742
0.00012464303009975154
0.0001246086504875709
0.00012458454337430352
0.00012456596804054566
0.00012453721553297358
0.00012451757161674205
0.00012449057070658144
0.00012445666794418114
0.00012440520689068656
0.00012436855116649425
0.00012435827838697046
0.00012432903329449076
0.00012431649428123055
0.00012429103573435212
0.00012425185606923915
0.0001242220469060804
0.0001241980318142592
0.00012417847919339388
0.00012413413727352588
0.00012410784544137377
0.00012408007258009787
0.00012408598598662263
0.00012403762292425592
0.00012401173114449243
0.00012399021143280446
0.00012394532817463138
0.00012393136465231182
0.00012389191424114435
0.00012386079915767525
0.00012385803801902995
0.00012380278828257247
0.00012377647094599875
0.00012376400539688748
0.0001237271322782841
0.0001237022192411011
0.00012367898393652715
0.00012364012403045114
0.00012361904919647523
0.0001235935011496923
0.00012355557488008453
0.000123531880797207
0.00012350733911837454
0.00012347246906033329
0.0001234254047870835
0.0001234312453375326
0.00012339245920142455
0.00012337302547033588
0.00012332284768811706
0.00012331551702351383
0.00012329580839594704
0.00012324641998939212
0.00012321665905678348
0.00012318877757876756
0.0001231682696694973
0.0001231426125616933
0.00012310437351154398
0.00012309312027398208
0.00012305382508046367
0.00012302184766352012
0.00012299727782082552
0.00012296890847686672
0.00012294553518561507
0.0001229215485681713
0.00012289416325492268
0.00012286893799942327
0.00012284679854956046
0.00012278820319227402
0.00012279056366938505
0.00012275613213315228
0.000122729565891726
0.00012270709768247556
0.00012267371694247605
0.00012263813169121083
0.00012263370063010895
0.00012261125119821924
0.00012257782011955724
0.00012257179708095864
0.00012255149955802959
0.00012257426067221897
0.00012261853345235755
0.00012274884155511495
0.00012305252639747646
0.00012367348929062219
0.00012482620166637438
0.00012733048058925921
0.00013195927251996367
0.00014213863742118928
0.00015963874401534557
0.00019860235621158186
0.00025127127791528504
0.00036069214593327005
0.0004016410126865479
0.00044667679165383164
0.00026791711577166927
0.0001395998049098532
0.0001458274970260679
0.0002365717685123951
0.00028247844747591
0.00017723116327308472
0.00012461150921576437
0.00017867272234084559
0.0002111938659925683
0.00017517574510413683
0.0001260511169722582
0.00015381978133934926
0.00019138362019794107
0.0001560422162803505
0.0001252595755358126
0.00014346788390971467
0.0001595694998399076
0.00014475960250053623
0.0001257557374414618
0.00013706041301345378
0.00014965589366020704
0.00013428326123156434
0.0001249729473823334
0.000132853457961219
0.00013778419473589465
0.00013013999551306934
0.00012353552752324072
0.00012956045244492576
0.00013411114085805777
0.00012635826987756024
0.0001226620069941193
0.00012819428897010968
0.00012882684555317152
0.0001236036699370116
0.00012256423764978698
0.0001264224977852926
0.00012600448335982966
0.00012227529723611702
0.0001230197801137034
0.00012524391682098215
0.0001238061043357796
0.00012203285416135918
0.00012291155068109758
0.00012372195154034595
0.00012291155573070667
0.00012197190746487157
0.0001223354844304893
0.00012296116404536897
0.00012239651526053697
0.0001217185993834718
0.00012194348653342448
0.00012239186357277453
0.0001220559720294464
0.00012146740727735192
0.00012165333329625428
0.00012205025168357743
0.00012168083204051007
0.00012128234134745799
0.00012150910507930999
0.00012169809351694633
0.00012143734375603236
0.00012120468374221531
0.00012131457706388788
0.00012141947502412532
0.00012123806434721821
0.00012111378665676533
0.00012112585358629551
0.0001211672129350979
0.00012111430185558906
0.00012098021522786739
0.00012098340751185792
0.00012101925960520748
0.0001209614333103356
0.00012087934625975992
0.00012083958019631375
0.00012085875490051951
0.00012084949266565605
0.00012073890392689237
0.00012070878632401854
0.00012073172928999667
0.00012071200541679992
0.00012063837538136421
0.00012059662772313787
0.00012059933599905361
0.0001205995915321509
0.00012054712903339089
0.0001205233078403602
0.00012048247201716872
0.00012046927867138946
0.00012046083760510213
0.00012039772431364994
0.00012036295225275001
0.00012034700361136883
0.00012032215953636126
0.00012031050057650903
0.00012027310401520048
0.00012023973402335059
0.00012023170224171617
0.00012018702101844487
0.00012016968373850007
0.00012014317976808313
0.0001201076805196671
0.00012009093035805496
0.00012006059398568278
0.00012003271714309861
0.00011999389577978283
0.0001199896708355607
0.00011994336624777942
0.00011994060150742714
0.00011990466508393345
0.0001198824998628541
0.00011985996262062109
0.00011984176810494048
0.00011981566912619892
0.0001197607600168789
0.00011974274186110391
0.00011974042492190017
0.00011971242000794998
0.00011965499849616042
0.00011965967416523153
0.00011964037471324637
0.0001195813301257082
0.0001195673816792073
0.0001195524181211471
0.00011953026507123493
0.00011951151967876004
0.00011947838975317798
0.00011946503019338887
0.0001194019784083304
0.00011939053166404327
0.00011934345971887053
0.00011933289343298268
0.0001193096717992843
0.00011929177229907505
0.0001192708661074746
0.0001192555954752179
0.00011922587161774247
0.0001191978035459668
0.00011917718200794359
0.00011916145219549191
0.0001191151273373163
0.0001191010203723294
0.00011906410624076546
0.00011905380149971644
0.00011902862445855634
0.00011899403091195893
0.00011897970722603156
0.00011893237719025614
0.00011891078143193587
0.00011889527264211531
0.00011886393618531921
0.00011885265704929253
0.00011883569009663287
0.00011878816757340672
0.00011878101653717561
0.00011875739229231167
0.00011871207326496541
0.00011870727356683203
0.00011868836952317146
0.00011865538422470116
0.00011862261300995213
0.00011859063971595735
0.00011851004114591702
0.00011855963347044132
0.00011850569407475591
0.00011850168368095328
0.00011849217589815348
0.00011841605607241096
0.00011844021618655235
0.00011840927268994307
0.00011837150404360152
0.00011835449501211058
0.00011833579405937137
0.00011831946164924542
0.00011826789851250936
0.00011826264256288642
0.00011823552164107592
0.00011817676963055011
0.0001181791926884021
0.00011815764539606457
0.00011813924881674176
0.00011811352311957614
0.00011808005383988219
0.00011806526942161914
0.00011803676919919913
0.0001180085909993891
0.00011799887949519887
0.00011794899324800727
0.00011795043550507152
0.00011791600542084529
0.0001178847051420496
0.00011786949224830777
0.00011782470791829288
0.00011780599137663932
0.00011779014233813021
0.00011776982816449674
0.00011773993196126892
0.00011770313836603099
0.00011767577878413497
0.00011766750235169302
0.000117620756093948
0.00011760902435349371
0.00011758404282106552
0.0001175820205187583
0.00011755851619158853
0.00011752478985628259
0.00011748735918979474
0.00011746734353115217
0.00011745198843586625
0.00011742482296671865
0.00011738712730862465
0.00011738729529770456
0.00011736220501963588
0.00011729052605405636
0.00011730162371358866
0.00011728317867996134
0.00011728201671257464
0.00011720153210341296
0.00011718596981828935
0.0001171615161361533
0.0001171682313649803
0.00011713152437871691
0.00011710882423504319
0.00011707797177334981
0.0001170630059255854
0.00011704854270354402
0.00011700960471045393
0.00011699439122024595
0.00011697124143515244
0.00011694234114300225
0.00011690553976184316
0.00011687092370398652
0.00011687856491772214
0.00011683305536248529
0.0001168150565178731
0.00011679003710273358
0.00011676680753411617
0.00011675059515035575
0.00011673105707449443
0.00011668460074442888
0.00011667172414589579
0.00011662979755536459
0.00011662295726862912
0.00011662361587725959
0.00011656114011955429
0.00011654692497901048
0.00011652160106712154
0.00011651818339461243
0.00011648377580159486
0.00011642771342652595
0.00011641152049103175
0.00011641395773492736
0.0001163736050001869
0.00011636829070945501
0.00011631551643253985
0.00011630555680471372
0.00011630212369893404
0.00011626813240457163
0.00011621397096068286
0.00011620373460706349
0.00011618549415042014
0.00011617912001169167
0.00011613684129765203
0.00011612935844903905
0.00011611519987708039
0.00011604542420756382
0.00011601059808058897
0.0001160161374207169
0.00011599694236287654
0.00011595922969228306
0.00011593931320220034
0.00011593427783353143
0.0001159173414628453
0.0001158778602856252
0.00011585912872738536
0.00011582433208915542
0.00011580259290536563
0.00011577615077145768
0.00011576544678550988
0.00011573708430613868
0.0001157121861842582
0.00011569240129427714
0.0001156611023116297
0.00011565572258202886
0.00011563949746866385
0.00011559615270887127
0.00011554732821287487
0.00011555035778305423
0.00011553484026121271
0.00011551153391474683
0.0001155009348169999
0.00011553068407749085
0.00011557668926201684
0.000115616954503809
0.0001157692976610503
0.00011603649875570042
0.00011665885669435748
0.00011753836587677854
0.00011954916083580866
0.0001228092218133948
0.0001296127008561374
0.00014033439195518124
0.00016280033379891288
0.00019340514740253534
0.0002553635984218731
0.00030106344605313785
0.00037454553553745217
0.0003126106038858815
0.00023206999889502952
0.00013215669161886003
0.00012666394220591055
0.00019128643762962688
0.00021808790029123208
0.00018960452609445962
0.00012614623786972706
0.00012487839143822564
0.00016855170241729335
0.00017507393903790644
0.00014494878800752576
0.0001162740614604545
0.0001314727883383774
0.00015743362816642289
0.0001451482576369586
0.00012132508469255219
0.00011814175448237457
0.00013483952762183526
0.00014193596783173922
0.00012535486725359012
0.0001156799552456537
0.00012349141980178637
0.00013122349493958972
0.00012695374284204064
0.00011659252306729317
0.00011736722107958284
0.0001247149882676195
0.00012441800809964194
0.00011800324242004158
0.00011516096631103315
0.00011910570761909175
0.00012196551365746097
0.000118313134744041
0.00011488641690417833
0.00011650222447581191
0.00011881561537790978
0.00011808785173773317
0.00011521054058488505
0.00011513448586522865
0.00011708721159698287
0.000117082318599474
0.0001155443582241957
0.00011469369404845629
0.000115554785452178
0.00011637933878031628
0.00011560376604272998
0.00011468752680869783
0.0001148422171818226
0.00011538924196833505
0.00011547331705463665
0.00011478186292514906
0.00011445184567494373
0.00011478533838698451
0.00011504382641800817
0.00011483471162212668
0.0001144046443424266
0.00011436650598918275
0.00011460623101752672
0.00011464121484699901
0.00011440308757579825
0.00011422415821218093
0.00011429244361150118
0.00011442699931153892
0.00011433899401157802
0.00011412871176414284
0.00011407696795399076
0.00011413300967365101
0.00011419307982575905
0.00011407663310838657
0.00011397249235059852
0.00011395287075904963
0.0001140104844673841
0.00011401093277006223
0.00011391829079858064
0.00011387252817275177
0.00011383273065729692
0.00011383153611575436
0.00011385404780389361
0.00011376465760627422
0.00011370704409705323
0.00011370729961120382
0.00011369576639876222
0.00011369406633090194
0.00011364633408046325
0.00011360185463891808
0.00011358877105512702
0.00011358176204709666
0.00011355239362631526
0.00011348907179572037
0.00011350002852742239
0.0001134482369827374
0.00011342362971150503
0.00011338760524849389
0.00011341243833142677
0.0001133330852771929
0.00011334974228672848
0.00011333897810389729
0.00011330425356473499
0.00011328695741505922
0.00011322453154311257
0.00011320699147750599
0.00011320425270540597
0.00011319685612861243
0.00011313965984642343
0.00011315782296328944
0.00011308886049290513
0.00011305791701728205
0.00011303532938889594
0.00011302923984529422
0.00011300548005654538
0.00011297099586450591
0.00011294394588585767
0.00011294886183563411
0.00011292103961878064
0.00011291413740800709
0.00011285707961019584
0.00011284473936404402
0.00011279017904613378
0.00011282543713916507
0.00011273369089662379
0.00011272766813232263
0.0001127182528095393
0.0001127058610254738
0.00011268109664746187
0.00011264707100481473
0.00011261482868933824
0.00011254759306933285
0.00011258125107460021
0.00011255915932598947
0.00011250205968865155
0.0001125069674389031
0.00011248896000936161
0.00011241945577617529
0.00011244982878884961
0.00011236614400687213
0.00011239156623723081
0.00011235181991831138
0.00011231421853881234
0.00011226391217317202
0.00011225217006884346
0.00011228193639507104
0.00011223898786705361
0.00011220806890083067
0.00011215969890910815
0.00011216499129929297
0.00011212520661562115
0.00011206981851026427
0.00011208837611154593
0.00011209316151793534
0.00011202737642430337
0.00011205045990575874
0.00011201784387675283
0.00011195160527659295
0.00011195248559546949
0.00011192270084218762
0.00011190718557960173
0.00011189800227000937
0.00011187970471234522
0.00011179506862144378
0.00011178920285033435
0.00011178011778783864
0.00011175711662097169
0.00011175180216464922
0.00011170370772857884
0.00011170367283845685
0.00011165867517412839
0.0001116077823239596
0.00011162160437443282
0.00011157336072078062
0.00011152272570790354
0.00011156009612709777
0.00011154667226044282
0.00011150487558061396
0.0001114671412035945
0.00011138137929806896
0.00011141976107486491
0.00011137535709440809
0.00011136819943250306
0.0001113703304205822
0.00011130691761312254
0.00011128430664358933
0.00011125793324428724
0.0001112493759760122
0.00011122182322505557
0.00011118479504598065
0.00011115537244740662
0.0001111470406310653
0.00011104671098103185
0.00011107641001264033
0.0001110726841047635
0.000111050587046728
0.00011102499170138721
0.00011098380424309205
0.00011099923973883437
0.00011094283112240634
0.00011090808090753091
0.00011086494868094737
0.00011088438907799169
0.00011088120958890356
0.00011077259354007254
0.00011078132135005359
0.00011080073328425192
0.000110782877824967
0.00011072477756227037
0.00011065307726104144
0.00011066816369883523
0.00011064161796153409
0.00011055030802380815
0.00011060450659549173
0.00011061010482512814
0.0001105031871399111
0.0001105289276725727
0.00011048979056420055
0.00011046475845868161
0.00011047763221641929
0.00011041973042839816
0.00011038150737790846
0.00011039674443533943
0.00011033997340741614
0.00011033576519680912
0.0001102301753009383
0.00011027609040330089
0.00011030630803909956
0.00011025891493665827
0.00011015320409684705
0.00011019701785178479
0.00011016398926168956
0.00011014143179494924
0.00011009403533306602
0.00011006087066693356
0.00011005709693812828
0.00011000226836061755
0.00010994112003852397
0.0001099717920665442
0.00010995910797712512
0.00010995328627733144
0.00010986940673968287
0.0001098791161935442
0.00010981397436999486
0.0001097927684830476
0.00010979167686831096
0.00010973024964377644
0.00010978184990366017
0.00010967703236106682
0.00010971633882790484
0.00010969023707279517
0.00010965515897103923
0.00010963070990926938
0.00010960947038397658
0.00010960108439651524
0.00010957041648910633
0.00010952828812116717
0.00010951760371383792
0.00010956636469262387
0.00010959239875338459
0.0001096569227648363
0.00010984296509270238
0.00011020665239678897
0.00011095429923754267
0.00011226023638842722
0.00011518752828760417
0.00012020039634834147
0.0001310971414977333
0.00014937177125216028
0.0001881903543996348
0.00024023962388065151
0.0003392879558619257
0.0003812544964585445
0.00041481911629535976
0.0002569070722535797
0.000133969992898457
0.00012463041774689253
0.00020628372017443197
0.00026051632500335585
0.00017749617565165964
0.00011328289843105655
0.00014142527778797956
0.00018816692596244412
0.00017987008308309986
0.00012173711927353293
0.00012185304654243993
0.00016181672201420234
0.00015519187275791195
0.00012372833908831773
0.00011510432712031687
0.00013740331776078632
0.00014575723702549775
0.00012206972763299593
0.00011312699945948332
0.00012659837144529895
0.00013022684607140946
0.00012017601324174008
0.00011153276938951074
0.00011840638184297963
0.00012520095088880518
0.0001164929584244968
0.00011032885897936881
0.00011475667540114319
0.00011885282835675398
0.00011416511765235714
0.00010925937204110362
0.0001127539049523542
0.00011616116437925851
0.00011179406676294361
0.00010890329059676574
0.00011196921353448794
0.00011301835348213151
0.000110502529843558
0.00010906291757572126
0.00011069386760632919
0.00011140182440069196
0.00010973009150507974
0.00010902522034791191
0.00010999733487031926
0.00011017779726403546
0.00010936696492549387
0.00010893308539026804
0.00010920290762693862
0.0001094916915550647
0.00010919892039039478
0.00010867747107878078
0.00010878383959054096
0.00010911413540191411
0.0001089588990476187
0.00010852186647786195
0.00010844116507470738
0.00010868805351138039
0.00010873103285923462
0.00010832601473897087
0.00010830222686900575
0.00010851754512624723
0.00010852016106644162
0.00010818888162929653
0.00010818855475620572
0.00010831466930650438
0.00010828948487764255
0.00010814489561015264
0.00010807640029796779
0.00010798215664221774
0.00010810093574563778
0.00010805822686854583
0.00010797650885962296
0.00010788169016713455
0.00010790101863561213
0.00010795489647556684
0.00010783725447026545
0.0001077743986469013
0.00010773708930125259
0.0001078188075274215
0.00010778292520779
0.00010771618325619383
0.00010766138029134709
0.0001077186358139829
0.00010760372151961376
0.00010756827254931047
0.00010757067184535944
0.00010741544887966755
0.00010754438890286469
0.00010753531531211287
0.00010748800451908225
0.000107368918041752
0.00010744421076982073
0.00010737824485850217
0.00010730580686145047
0.0001073842482880666
0.00010733310055024
0.00010733236693180803
0.00010729976442177892
0.00010718762913577344
0.00010719403074105696
0.00010717474749141985
0.00010717030242191701
0.00010716309582430204
0.00010712021936989979
0.00010711277880186699
0.0001070737695879534
0.00010708552224289975
0.00010703484050369849
0.00010700202870882003
0.00010700844133957973
0.00010686810788735394
0.00010694218930979063
0.0001068977262725437
0.00010690700114610074
0.0001068594343226777
0.00010687050819649712
0.00010674692502117298
0.00010675911181283401
0.00010673144910936582
0.00010669831539671924
0.00010666498358436136
0.00010668626526744213
0.00010653787012635904
0.00010666202876171713
0.00010662353071988704
0.00010657324117839232
0.00010652372333072756
0.00010648798263165966
0.00010648250721758637
0.0001064022094004933
0.00010641330539005228
0.00010643333097854453
0.00010641442354489283
0.00010637841671191052
0.00010637281113042168
0.0001062319184464516
0.00010627598255741864
0.00010631485295233398
0.00010628188809497891
0.00010617039045033494
0.00010614643240836077
0.00010620618549892688
0.00010617485322256155
0.00010603958640730304
0.00010613744521073441
0.00010609548320431079
0.00010604130483063726
0.00010605487716770132
0.0001059852159265574
0.00010605366342482633
0.00010599704236032618
0.00010587717776077664
0.000105916744927289
0.00010590369264071276
0.00010589465339810538
0.00010587426946726988
0.00010583861773460044
0.00010580870347614053
0.00010580688474298217
0.00010568880790077992
0.00010578135444978015
0.00010575813019044143
0.00010572511676908367
0.00010569452409776074
0.00010566212455576923
0.00010566180815919483
0.0001056077560260238
0.0001055992922692821
0.00010555881084753436
0.00010548519760069373
0.00010551906707029447
0.00010547943612742462
0.00010553550684900362
0.00010546403025743106
0.00010545261539783388
0.00010534874668887465
0.00010531720867877818
0.00010535182741527279
0.00010535270807699956
0.000105201004580866
0.00010530699052154431
0.00010514545140947229
0.0001050886006021601
0.00010525124466037863
0.00010519213943697297
0.00010514574557015642
0.00010517348624189347
0.00010502122380462765
0.00010512423799917247
0.00010508262715512587
0.00010510223917158527
0.00010504341192344234
0.00010497097669699355
0.00010503470951707184
0.00010496219544255866
0.00010489416880440919
0.00010489897493495251
0.00010470155076259115
0.00010486748850598536
0.00010482358821135446
0.00010485105278391978
0.00010474439755892205
0.00010478773774297828
0.00010467826242386194
0.00010465761410602368
0.00010464742293506952
0.00010472056051663671
0.00010453512563721203
0.00010460639406955396
0.00010455145703208676
0.000104525792316808
0.00010461669900492491
0.00010449259941957452
0.00010458873604852643
0.00010436831756818522
0.0001044519907100029
0.00010438744383734588
0.00010442325699857279
0.00010441715706217269
0.0001042718387430119
0.00010432276496382558
0.00010422073427692763
0.00010431996888820795
0.00010425592154192365
0.00010428343508274631
0.00010424537461650607
0.00010416624892601971
0.00010421719574154234
0.00010410537770115217
0.00010406631742979034
0.0001040813277920732
0.00010407545055316334
0.00010407508828106137
0.0001039848325805831
0.00010405877030082036
0.00010403632328060716
0.0001039247059990369
0.00010389838052059038
0.00010393909973168993
0.00010393542967961498
0.00010391335551838308
0.00010393740901402763
0.00010393546442892009
0.00010384350005024476
0.000103901457454969
0.0001037115636889165
0.00010367897957004475
0.00010372763910360706
0.00010361265556197204
0.00010365188085350067
0.00010372563925557671
0.00010352084927210503
0.00010367675631028407
0.00010363234084699178
0.00010351425215408675
0.00010356085491190848
0.0001035240466693294
0.0001034531346313497
0.00010342138084749654
0.00010353207711537775
0.00010345589040352701
0.00010341651457909757
0.00010341562721034932
0.00010347494129152028
0.00010326035949166208
0.0001031832760525733
0.00010315452953697038
0.00010333201345222957
0.00010318280476633952
0.00010330938766032886
0.00010334949874198085
0.0001033015706842522
0.00010323717135810625
0.0001032044929239461
0.00010313724411709477
0.00010308717947144711
0.00010297115849385819
0.00010303360934636745
0.0001030298330355761
0.00010308611113705734
0.00010298833036773477
0.0001029637895927644
0.00010284889223040295
0.0001029043811467917
0.00010291525693742368
0.00010282631062086611
0.00010292562990080078
0.00010292099389747341
0.00010283579561104978
0.00010289140921226406
0.00010277560380233503
0.0001029317888387868
0.00010293244107420525
0.00010316341855111635
0.00010343315097189247
0.00010416443792253512
0.00010530127109138765
0.00010799287876966932
0.00011262854015366773
0.00012217947977436716
0.00013835740674132663
0.0001724021775598871
0.0002201631839535667
0.00031094025763780215
0.00036400062127833966
0.0004183436692020997
0.0002831121106358958
0.00015286513523023963
0.00010719562850954129
0.00017665501186919536
0.0002513313694327113
0.00019294720315609777
0.00011664006113044
0.0001174852357807996
0.00017103074665515656
0.00018675551408698756
0.00012724412922599914
0.00010620656744727299
0.00014213165390237974
0.00015417203313030135
0.00012888088603005306
0.000104608756181281
0.00012290481628000828
0.00014246328613708373
0.0001228184307876384
0.00010532660487094718
0.00011382500591189043
0.00012568264734381536
0.00011979873885712374
0.00010576094031668158
0.00010844708103078984
0.0001188790511823573
0.00011411178886598541
0.00010538451451957589
0.00010543410829356225
0.00011186466978568709
0.0001113960418149235
0.00010439321484602986
0.0001039964918947259
0.0001089944229086124
0.0001080568107503602
0.0001034713993128468
0.00010348349577337247
0.00010638441321368221
0.00010631571165187958
0.00010306971060230223
0.00010307825463002952
0.00010521912690037421
0.00010474981153499755
0.00010285427187537535
0.00010277985937274599
0.00010403652459805553
0.00010408978719301996
0.00010268741529617173
0.00010243082991559964
0.00010329956420007068
0.00010332927993034976
0.00010266252003663767
0.00010238924212160691
0.00010267198806536792
0.00010263365234998755
0.00010248732020799178
0.00010227363409716138
0.00010244503336477827
0.00010261164146220007
0.00010216141122341602
0.00010206640526893409
0.00010203916352953344
0.00010212286850547318
0.00010229373089445473
0.00010203686128259976
0.00010195005399266789
0.00010198654047778024
0.00010212726979526769
0.00010202195048591783
0.00010162954873346054
0.0001017992292032957
0.00010193328200427748
0.00010181051499935068
0.00010166354756121465
0.0001016763351724714
0.00010172766602882366
0.00010176669054966782
0.00010167012466781049
0.00010169838028744809
0.00010158044558980191
0.0001016556885810838
0.00010158357094801312
0.00010150736977871357
0.00010156171041452778
0.00010148069180674322
0.00010156043068986593
0.00010144677883166902
0.00010138969499457532
0.00010149591105905261
0.0001013184365292044
0.00010133142225607343
0.00010133916519101291
0.00010128053925192201
0.00010131402785432558
0.00010133831086947278
0.00010134218747631135
0.0001012594473254195
0.00010111588238040923
0.00010131816440508303
0.00010115235785712197
0.00010119174464291786
0.00010119556287162795
0.00010110827699908903
0.00010111421230157643
0.00010104513477624266
0.00010089321567633759
0.00010104162927986794
0.00010094995567893222
0.00010109793061124827
0.00010088085541244099
0.00010105572616428613
0.00010094513559914045
0.00010077322936564593
0.00010097952136354828
0.00010079495438367518
0.00010099803775763072
0.00010096243984802691
0.00010082593605158536
0.00010079124294038095
0.00010061534352829786
0.00010061805665251969
0.00010069331134783862
0.00010064994349041174
0.00010080730029957198
0.00010050892236076724
0.00010060503587193486
0.00010047644370897182
0.00010044110733844919
0.00010052190937248202
0.00010056344464099719
0.00010049579546247275
0.00010054651332434575
0.00010048637105915935
0.0001005526517944687
0.00010036827105465661
0.00010043839245814175
0.00010027707537518873
0.00010044844150654535
0.00010034230191578814
0.00010025719125517274
0.00010032622037365155
0.00010038617224844574
0.00010022383497426477
0.00010019392325677559
0.00010018788795322693
0.00010009773674485374
0.00010025334599906327
0.00010012283773207003
0.0001000312379148925
0.0001002158008004116
9.977839461884129e-5
0.00010012846429706263
0.00010006065416775449
9.987431619839571e-5
0.00010005855982412816
0.0001000229847647191
0.00010011940315173358
9.987198816877304e-5
9.998262556598042e-5
9.999343803518015e-5
9.985831745259486e-5
9.997946589297315e-5
0.00010000414214299219
9.976630366479201e-5
9.979329796364888e-5
9.982373592913939e-5
9.977797963744489e-5
9.987266650165829e-5
9.974913858479782e-5
9.9835204702457e-5
9.981842188693259e-5
9.982828693961541e-5
9.966979249643859e-5
9.965669960851458e-5
9.973788659783822e-5
9.96422051484345e-5
9.9431321227505e-5
9.935116585195624e-5
9.954692141165645e-5
9.95536146834556e-5
9.94131121923112e-5
9.951151361682006e-5
9.957471248772964e-5
9.945088980001675e-5
9.938454753689258e-5
9.963727235555923e-5
9.939835910716288e-5
9.906417540488648e-5
9.922710133429976e-5
9.932026716608852e-5
9.931394720549037e-5
9.931302037753152e-5
9.927078225320904e-5
9.924576599847043e-5
9.932861594870095e-5
9.903626554376422e-5
9.911535754652924e-5
9.918256347306678e-5
9.89626881876059e-5
9.918092471768451e-5
9.919790055962169e-5
9.913893981317384e-5
9.908119096048939e-5
9.914758931710533e-5
9.910073125236581e-5
9.911900469613549e-5
9.911570798733411e-5
9.905966402649395e-5
9.903422930761252e-5
9.90011156567278e-5
9.881049203843593e-5
9.88821253606409e-5
9.87474589071325e-5
9.885695035173405e-5
9.89620162194933e-5
9.895417624940109e-5
9.884407346954103e-5
9.888195492833266e-5
9.887245283374893e-5
9.87632889933915e-5
9.87753805575311e-5
9.855215192564829e-5
9.856364854798521e-5
9.872839430169879e-5
9.857373381160785e-5
9.851203911206483e-5
9.834525429899021e-5
9.854183780187238e-5
9.853452969139555e-5
9.83850006949149e-5
9.830434322935329e-5
9.852668741377901e-5
9.843452508262191e-5
9.855816931540852e-5
9.843579748557029e-5
9.827919040109314e-5
9.827817791557051e-5
9.826482528848446e-5
9.820414465173549e-5
9.83921440446813e-5
9.831562637932335e-5
9.83802047871825e-5
9.825777798441245e-5
9.8280107758645e-5
9.821863950629716e-5
9.805317646635506e-5
9.81030404931266e-5
9.822472354262493e-5
9.817381026910115e-5
9.812205088511041e-5
9.804968208808077e-5
9.813209733670117e-5
9.789954633549977e-5
9.801898786871232e-5
9.797796427959348e-5
9.815010099029223e-5
9.792201407055844e-5
9.798415575165058e-5
9.799932927291809e-5
9.793626789252237e-5
9.794173323540191e-5
9.79607159372248e-5
9.791680660531593e-5
9.800731333918049e-5
9.767536988065063e-5
9.772749398563643e-5
9.758255425706567e-5
9.778256569176042e-5
9.760517873865896e-5
9.777765426402764e-5
9.749963378328929e-5
9.767352451877569e-5
9.760838894879681e-5
9.75826493991636e-5
9.770213544432814e-5
9.762749105372042e-5
9.759688166305394e-5
9.762924089558298e-5
9.734355131870405e-5
9.747603432369018e-5
9.757753378099836e-5
9.752534177601257e-5
9.762489621968756e-5
9.740386436650506e-5
9.761675066662895e-5
9.773318795973638e-5
9.799002271665142e-5
9.8102006214589e-5
9.893673909265103e-5
0.0001001599622138774
0.00010231707793829643
0.00010706613392027788
0.00011477105132059955
0.00013078666906368906
0.00015533271280263657
0.00020520295416387194
0.00025978312744064184
0.0003547591695094159
0.00035453315058890314
0.00032714426262049823
0.0001791121741036688
0.00010049440443567586
0.00013346805957628082
0.00020280517196533376
0.0002207789710439438
0.00013996415779339246
9.886695334858566e-5
0.00013445049794023463
0.0001691140228719269
0.00015298179841037674
0.00010459876004573839
0.00010718365773438735
0.00014050841718645136
0.00013870761933496283
0.00011098523616911546
9.960101332905511e-5
0.00011831744971094287
0.00012896688409141962
0.00011154447656562513
9.960973307947022e-5
0.00010790402814728068
0.00011587582412710218
0.00011067984818380161
0.00010057125411599907
0.00010271178913623699
0.00010889064243863854
0.0001064837294266681
0.00010143358451911366
0.00010016579346728729
0.00010355346883574067
0.00010419576173858002
0.00010086595723896305
9.944066584229524e-5
0.00010047083524797795
0.00010130183609931859
0.00010075644893688635
9.856240891075803e-5
9.892345641219966e-5
0.00010017415916692036
9.975086530587116e-5
9.87803595418811e-5
9.796011774457081e-5
9.873108147008521e-5
9.919489149400717e-5
9.819425819468117e-5
9.747054979945043e-5
9.785101808801769e-5
9.838212350080325e-5
9.836178508597728e-5
9.697665388598392e-5
9.728056796057682e-5
9.812661690401512e-5
9.774470029438743e-5
9.73221012960394e-5
9.706191631948827e-5
9.743652440127965e-5
9.775441965784927e-5
9.71066744057773e-5
9.675307347090488e-5
9.728264153935968e-5
9.731019267112989e-5
9.708314884185797e-5
9.694316439436304e-5
9.688239998235084e-5
9.702773455686849e-5
9.696946191327475e-5
9.684865947311032e-5
9.68767746834703e-5
9.669503707924013e-5
9.676206024934171e-5
9.670723752955189e-5
9.666676721712181e-5
9.666782669977289e-5
9.65827568277294e-5
9.678566959003379e-5
9.662459692347133e-5
9.633395098821588e-5
9.65660724356178e-5
9.634930989131628e-5
9.658067410833122e-5
9.642123446011296e-5
9.659622500130453e-5
9.63264862604739e-5
9.646339924804106e-5
9.646267841499177e-5
9.644731349696803e-5
9.614524783687394e-5
9.637463581721108e-5
9.612159151275071e-5
9.60690443401045e-5
9.621939451809409e-5
9.616108969370116e-5
9.615114680966572e-5
9.625845164981631e-5
9.611310057606021e-5
9.624854741874132e-5
9.624602826327383e-5
9.604420838396574e-5
9.601231619287517e-5
9.58142929504962e-5
9.611490202429239e-5
9.617765382766508e-5
9.587005860352529e-5
9.574471509742878e-5
9.597760889184243e-5
9.591064938699483e-5
9.599826296225142e-5
9.597033065102906e-5
9.589362267669064e-5
9.580030258142688e-5
9.580593801575167e-5
9.584205443964646e-5
9.585545571660574e-5
9.573577908689963e-5
9.56880813719697e-5
9.560684310227577e-5
9.576392073296331e-5
9.568602842349341e-5
9.564571075034657e-5
9.541018217530107e-5
9.546776735688051e-5
9.532012588476259e-5
9.548788155999624e-5
9.549165547748697e-5
9.540632559286731e-5
9.550168721030245e-5
9.56261753496178e-5
9.537438414858437e-5
9.547897360376141e-5
9.552238338305073e-5
9.538200077263272e-5
9.521670161777514e-5
9.517247839713513e-5
9.533932802946801e-5
9.535553086696037e-5
9.535291416795961e-5
9.529325805095217e-5
9.533023484734912e-5
9.509997488794104e-5
9.534484930075467e-5
9.520577566380662e-5
9.517340568519577e-5
9.508761777294491e-5
9.514175391099463e-5
9.506911579928284e-5
9.505431041080078e-5
9.498525795106718e-5
9.504703416997548e-5
9.493617130251322e-5
9.475178377636518e-5
9.508618255534679e-5
9.481111390336215e-5
9.51535221148733e-5
9.480704209261484e-5
9.492962980037176e-5
9.495269595766927e-5
9.496192650634734e-5
9.478798571555929e-5
9.491692917546773e-5
9.487685290245646e-5
9.495839581924765e-5
9.476438963454108e-5
9.488761762419769e-5
9.483115721769913e-5
9.48255407241949e-5
9.452072449526129e-5
9.455310095569586e-5
9.449571961034861e-5
9.42629123701692e-5
9.477073131260602e-5
9.448769688891006e-5
9.437543168347566e-5
9.445753722904063e-5
9.436566879947859e-5
9.449431365596481e-5
9.466802600204211e-5
9.44550534093545e-5
9.424636795911605e-5
9.457830829117777e-5
9.44019025876689e-5
9.449337831243622e-5
9.440116210796177e-5
9.432022573880091e-5
9.435503913441542e-5
9.430707204667642e-5
9.42465891807821e-5
9.411339966682584e-5
9.41720284358428e-5
9.42950669478809e-5
9.420838921514793e-5
9.416244468060213e-5
9.41560539488793e-5
9.42222430625944e-5
9.401133255426477e-5
9.396801355169276e-5
9.404045531322073e-5
9.406923214014352e-5
9.395741349901191e-5
9.391823431043553e-5
9.408524858035003e-5
9.394128919320478e-5
9.380813721200584e-5
9.405163224267171e-5
9.372241557234644e-5
9.372730241468066e-5
9.39164181851194e-5
9.378439887169892e-5
9.376188711723343e-5
9.376669883186565e-5
9.368442883248404e-5
9.381999379214774e-5
9.362109066250382e-5
9.388494223142023e-5
9.343452201892121e-5
9.373152566181428e-5
9.372543641825935e-5
9.380628290374847e-5
9.363999408549642e-5
9.355530362299276e-5
9.349143239714618e-5
9.376771370276977e-5
9.355837582644448e-5
9.363748974114885e-5
9.356009530675483e-5
9.352178427092021e-5
9.367735251250602e-5
9.337285270413236e-5
9.359536042168307e-5
9.362044606885781e-5
9.327507017107296e-5
9.332729780552636e-5
9.317925108716725e-5
9.335914783024666e-5
9.32946913854504e-5
9.328673546978584e-5
9.333232472098451e-5
9.319395080488528e-5
9.294806758033269e-5
9.334889869495491e-5
9.336012358828396e-5
9.310977573071756e-5
9.310077697953267e-5
9.336006892716644e-5
9.32041303753729e-5
9.311635506454926e-5
9.279470692665813e-5
9.300238414672745e-5
9.278960878501247e-5
9.302481408511102e-5
9.299339815133691e-5
9.294814231102427e-5
9.314254138833652e-5
9.29052549026497e-5
9.306668383378802e-5
9.267455797458432e-5
9.276470183209543e-5
9.308973514772194e-5
9.295503492773034e-5
9.281312715539656e-5
9.303916840881325e-5
9.337849460833508e-5
9.348621681375986e-5
9.383924789132167e-5
9.471846702307291e-5
9.614003094326047e-5
9.861546578805436e-5
0.00010218515643495532
0.00010983963048382815
0.00012105258989784638
0.0001428191275730311
0.00016971167299250622
0.00022159439565686093
0.00025601847278762204
0.00030854304081610775
0.00026564112874887826
0.00020588217638646363
0.00011932641812806443
9.448897270216901e-5
0.00013200623698943895
0.00017093685356353426
0.00017431642126192803
0.00012429396095056417
9.392728881822747e-5
0.0001071206584197916
0.00013425594388296694
0.00014072533727592387
0.00011214077230484957
9.347249162282261e-5
0.00010111400949257209
0.0001173643421298849
0.00011967442884576723
0.00010254110381343407
9.31136909991046e-5
9.927765015948482e-5
0.0001081070638488901
0.00010741511845128009
9.737831681199736e-5
9.372915091003976e-5
9.764218162067333e-5
0.00010202574161678706
0.00010030422207639961
9.490040782218515e-5
9.356288049151017e-5
9.640305575429166e-5
9.807215953907397e-5
9.622543431955278e-5
9.337213774490366e-5
9.354337854708228e-5
9.510604101956423e-5
9.541633468824784e-5
9.436003948436051e-5
9.286305548724649e-5
9.334539790490517e-5
9.393898615213926e-5
9.39167342708214e-5
9.314773741807202e-5
9.28493919628185e-5
9.341384103162335e-5
9.309921405842902e-5
9.307107512193392e-5
9.279605336098547e-5
9.279154875027143e-5
9.275858531224754e-5
9.28029138508402e-5
9.247317423668794e-5
9.247706178089133e-5
9.239838059019438e-5
9.273660164633917e-5
9.251272207693261e-5
9.235422901329902e-5
9.217014446020945e-5
9.19812521850522e-5
9.209948497351079e-5
9.194524610636e-5
9.190138886459986e-5
9.200244548094512e-5
9.204659775676137e-5
9.208230887318215e-5
9.174256962846133e-5
9.181568492243741e-5
9.196386106655008e-5
9.168641353163794e-5
9.206534150485717e-5
9.172117029648747e-5
9.150824009770648e-5
9.149673480123226e-5
9.158814149266573e-5
9.18262784407111e-5
9.154321388140049e-5
9.172973556481965e-5
9.161494939991907e-5
9.176155809440196e-5
9.149220444798234e-5
9.168957716617055e-5
9.129714834448587e-5
9.133867944729985e-5
9.13721931411583e-5
9.123670992712771e-5
9.114498584481936e-5
9.153136235750498e-5
9.103951692107956e-5
9.122784090155195e-5
9.150522660595995e-5
9.12461200273978e-5
9.131504078674066e-5
9.145675686777092e-5
9.092630127782775e-5
9.119412200309692e-5
9.118941888173184e-5
9.11306486599466e-5
9.099587819773401e-5
9.092527850127054e-5
9.086083691814216e-5
9.08203803670999e-5
9.099909921218903e-5
9.085211940997188e-5
9.08687340963139e-5
9.102123654714367e-5
9.065870567356266e-5
9.08523418666032e-5
9.065407969142798e-5
9.087212218208264e-5
9.062797584708354e-5
9.074220764006129e-5
9.078012637711311e-5
9.06508273983812e-5
9.064789160513021e-5
9.088081369899254e-5
9.070688382775215e-5
9.046600992532515e-5
9.08150660584639e-5
9.046518638210148e-5
9.045687647374408e-5
9.044734990762231e-5
9.069803911967982e-5
9.053675892564383e-5
9.038449004950341e-5
9.040091484634667e-5
9.053761783411849e-5
9.019768471167094e-5
9.041186325448975e-5
9.034029894875126e-5
9.015571193705784e-5
9.013606969657117e-5
9.029207845788743e-5
9.020140710529666e-5
9.019111852535181e-5
9.018160414700924e-5
9.010853589232894e-5
8.992590739837847e-5
9.000437486061141e-5
9.009802027151891e-5
8.998137415798764e-5
9.013565108395885e-5
8.981147812088269e-5
8.999319924923138e-5
8.997486837960766e-5
9.007571422264487e-5
8.976553099413171e-5
8.97295327259979e-5
8.977408512901707e-5
8.987752079549343e-5
8.98563643192989e-5
8.980544622402066e-5
8.97206269215577e-5
8.977004856497876e-5
8.996110944187473e-5
8.984766758750349e-5
8.978814730801102e-5
8.96896217665886e-5
8.960876316435625e-5
8.959994913477303e-5
8.94916202252672e-5
8.954848631107355e-5
8.943278566359396e-5
8.952642016638013e-5
8.944825944856684e-5
8.953009829179262e-5
8.94063442616539e-5
8.947055676044124e-5
8.94431679340685e-5
8.934515426733107e-5
8.931950424127054e-5
8.927558003483863e-5
8.938418584206611e-5
8.92354290604121e-5
8.916432469492522e-5
8.922326240770942e-5
8.939757339486612e-5
8.920233098401315e-5
8.92745811776765e-5
8.912335782387942e-5
8.909906542380175e-5
8.920234967410631e-5
8.897245909247961e-5
8.906027016093422e-5
8.905184980361497e-5
8.901733245544262e-5
8.899487167258502e-5
8.899082096162186e-5
8.8852113433375e-5
8.904269134255553e-5
8.887734368547421e-5
8.892262794460109e-5
8.880064183999567e-5
8.8723433227466e-5
8.879118069281573e-5
8.876917594303249e-5
8.877912673990229e-5
8.867951522488485e-5
8.869269519928113e-5
8.879492116258527e-5
8.876516532666946e-5
8.862928655792646e-5
8.869874760029532e-5
8.859988780550469e-5
8.861736758244756e-5
8.871513681298891e-5
8.850396363596123e-5
8.849332623045508e-5
8.846031949867196e-5
8.87165503177904e-5
8.843265810172985e-5
8.839184325097969e-5
8.845754648489393e-5
8.842404088202802e-5
8.833431732647915e-5
8.833445068158981e-5
8.826978526308766e-5
8.819930680654245e-5
8.828503253608635e-5
8.829787092208734e-5
8.841030223862055e-5
8.839668419053704e-5
8.858306020414542e-5
8.871330390741783e-5
8.947296658957403e-5
9.005376346317006e-5
9.182184979240051e-5
9.404332731349728e-5
9.901103210283461e-5
0.00010637530711656877
0.00012143035310836553
0.00014232488228013845
0.00018319363244454078
0.00022502793026161068
0.0002944069005775126
0.0002982222100515229
0.0002830594179747502
0.00017464428184203322
0.00010003723676839314
9.872522094852387e-5
0.0001506654476668911
0.00019016642680560154
0.00015148152703834387
0.00010193769364491841
9.191444605898328e-5
0.00012263868778811872
0.00014564659330184912
0.00012153350127917982
9.370918665320775e-5
9.285120636354821e-5
0.00011259958778632468
0.00011978325715100936
0.00010201561239826574
8.999275185276516e-5
9.496705121285115e-5
0.00010540905911943098
0.00010361643310193784
9.263983510129903e-5
9.053916679712529e-5
9.551502231938158e-5
9.833877308049261e-5
9.411210016282647e-5
8.961666067662329e-5
9.149421370804018e-5
9.371282993425416e-5
9.241686880389855e-5
8.989567785980569e-5
8.929000630690252e-5
9.128799542435764e-5
9.099848721304455e-5
8.945976499797125e-5
8.893738084358161e-5
8.936505282572349e-5
8.988744761583809e-5
8.881884663030422e-5
8.821043837350668e-5
8.91066325939507e-5
8.880981034010079e-5
8.881058688851794e-5
8.795291481441155e-5
8.807809653504273e-5
8.870521011219447e-5
8.797929414164334e-5
8.771152054935437e-5
8.780814411176516e-5
8.791919862839949e-5
8.816300874462504e-5
8.749470130706738e-5
8.720832424761641e-5
8.768275790333518e-5
8.753210053190644e-5
8.772252440603983e-5
8.72345187893636e-5
8.715468522863647e-5
8.742097051589587e-5
8.73979007489276e-5
8.724720770915723e-5
8.715620163034896e-5
8.693654163981877e-5
8.711014868295227e-5
8.688240693614395e-5
8.709979006101754e-5
8.678574929371551e-5
8.696805002754347e-5
8.693062413366497e-5
8.686632913889773e-5
8.666122712981996e-5
8.692968494888722e-5
8.700847342978082e-5
8.677003022013188e-5
8.679731304175406e-5
8.654525617291309e-5
8.662930139511881e-5
8.664734284902917e-5
8.656851627570768e-5
8.647495711148687e-5
8.655202915404484e-5
8.659603820906018e-5
8.639546486339204e-5
8.642000451741883e-5
8.638056586214792e-5
8.636927058581104e-5
8.628481682298335e-5
8.636473471215148e-5
8.652416644671602e-5
8.62914785174653e-5
8.636765967053689e-5
8.622574690131561e-5
8.616855900046433e-5
8.624046149439297e-5
8.613777288197602e-5
8.614599270809462e-5
8.610881189033775e-5
8.621172783227494e-5
8.599322322366121e-5
8.620143462258095e-5
8.607291988587163e-5
8.608628519532103e-5
8.590383207188952e-5
8.587352353661446e-5
8.603581742190906e-5
8.591601520665185e-5
8.579073193148683e-5
8.595223083480927e-5
8.590908245958351e-5
8.585942296186449e-5
8.58520234189186e-5
8.563213776454738e-5
8.584982206069484e-5
8.573854516384381e-5
8.564677691047798e-5
8.548488476747594e-5
8.561601467728074e-5
8.557473365362263e-5
8.562681205781293e-5
8.566630558807519e-5
8.551066742293961e-5
8.546386397063114e-5
8.546713688206864e-5
8.540203540847435e-5
8.531797701072273e-5
8.540064135480833e-5
8.518858801814742e-5
8.535174176612354e-5
8.522249056058711e-5
8.522392338329074e-5
8.513488598071445e-5
8.521184092207386e-5
8.514842689259964e-5
8.51583049757293e-5
8.540010523844311e-5
8.516765554073645e-5
8.516917642043764e-5
8.531262204232948e-5
8.517218086273819e-5
8.52355235520839e-5
8.505282990708305e-5
8.506616034464449e-5
8.4977849530658e-5
8.508662635075354e-5
8.498364690718491e-5
8.473205819464179e-5
8.502252143762917e-5
8.4912447252244e-5
8.477424189439876e-5
8.472552167855944e-5
8.489108551837699e-5
8.46953211701333e-5
8.492749813100882e-5
8.483641615685922e-5
8.461546291298731e-5
8.469277122099906e-5
8.49207390516619e-5
8.471973659267713e-5
8.452988370937379e-5
8.44397858648339e-5
8.460868313303775e-5
8.449057038608447e-5
8.43857078425935e-5
8.436464829049095e-5
8.466893937751766e-5
8.463221405450612e-5
8.42567355813378e-5
8.469197727640899e-5
8.440330657135604e-5
8.419780072453374e-5
8.436259811210096e-5
8.437329753035405e-5
8.417063650195057e-5
8.41093775693737e-5
8.416717373992887e-5
8.408505513674953e-5
8.412788420838833e-5
8.404281995831025e-5
8.400777672529646e-5
8.430148155805532e-5
8.425533076246832e-5
8.408142721345736e-5
8.399782100546891e-5
8.406224808762173e-5
8.386913339665857e-5
8.408186655928181e-5
8.405574861694611e-5
8.380069857614608e-5
8.393026251777124e-5
8.398061278823962e-5
8.375725007620148e-5
8.392259282763414e-5
8.387782048489188e-5
8.385042616341672e-5
8.363315842378233e-5
8.356871763713084e-5
8.381343452358948e-5
8.378484044306818e-5
8.381251304540349e-5
8.356760336529284e-5
8.372279402288865e-5
8.340136827095161e-5
8.354490195142083e-5
8.353183637901265e-5
8.343973912003686e-5
8.356864533202805e-5
8.343295938078183e-5
8.338330800351958e-5
8.333067478169962e-5
8.351562593402107e-5
8.327800055796055e-5
8.323539245622122e-5
8.349933800299932e-5
8.329905851373234e-5
8.327619769489732e-5
8.336780187488014e-5
8.338702249394134e-5
8.329740156400309e-5
8.313994553836132e-5
8.311956439238869e-5
8.317684352861636e-5
8.321340124426621e-5
8.314170487982944e-5
8.290944373375569e-5
8.28628466277184e-5
8.297340773255348e-5
8.306739998295741e-5
8.274543846480512e-5
8.305834447158323e-5
8.305178128938359e-5
8.274698001017647e-5
8.291516546513502e-5
8.296075372549249e-5
8.27452664730142e-5
8.255786899352581e-5
8.284108864382046e-5
8.279533436493965e-5
8.271414761322261e-5
8.266573046288307e-5
8.278478387561673e-5
8.288256705432599e-5
8.26099271542333e-5
8.278268150509378e-5
8.281364630168622e-5
8.363482266936067e-5
8.407030077621603e-5
8.523231211991196e-5
8.666120828433158e-5
8.98933256231607e-5
9.446601112953935e-5
0.00010373549118346996
0.00011590608107989742
0.00014014888263818779
0.00016702346024273637
0.00021434920450685282
0.0002397828082525981
0.0002669327826402901
0.00021587621400958836
0.00015386511793708237
9.286944455815127e-5
8.815486181691545e-5
0.00012559076847195783
0.0001524514986624939
0.00014863693130978648
0.00010628874821534366
8.350331753527675e-5
9.385868905213655e-5
0.00011594494689290743
0.00012401305684970023
0.00010211287125627913
8.52167655715159e-5
8.595582853556439e-5
9.855550072672656e-5
0.00010528937125399844
9.42221070168913e-5
8.480981736176296e-5
8.418707685400241e-5
9.104649087717346e-5
9.472874086931958e-5
8.890640206327644e-5
8.38700733933226e-5
8.319496233431612e-5
8.684605368301427e-5
8.900337286246931e-5
8.583585526294679e-5
8.365797259572897e-5
8.21854858935049e-5
8.427101899168761e-5
8.57825982441681e-5
8.399206220668765e-5
8.272916893847896e-5
8.180902304025823e-5
8.292433205405435e-5
8.437064897972148e-5
8.297527379690466e-5
8.206349303572812e-5
8.167406481074472e-5
8.198334453125982e-5
8.29024163282144e-5
8.195718229141115e-5
8.173184504070681e-5
8.103310023596491e-5
8.143559071378963e-5
8.206599717863525e-5
8.145494873225778e-5
8.177914277070027e-5
8.099576109006352e-5
8.105565853034882e-5
8.175031543250379e-5
8.118704712673443e-5
8.112325278885964e-5
8.099025654773951e-5
8.065072212848023e-5
8.116249573523923e-5
8.088200736118362e-5
8.136839183372187e-5
8.056146709742772e-5
8.0584012083004e-5
8.085109123002882e-5
8.059733277491056e-5
8.077909269056979e-5
8.066439488165783e-5
8.073773234872097e-5
8.060906210713439e-5
8.076965592217066e-5
8.073294420271842e-5
8.035470548305825e-5
8.036594173956111e-5
8.043177789980486e-5
8.049125220862692e-5
8.074006177043275e-5
8.050873548207059e-5
8.019502202527977e-5
8.025011519065722e-5
7.993763413155997e-5
8.020131375074168e-5
7.993506494179776e-5
7.995751411841732e-5
8.021717057484728e-5
8.033753989914626e-5
8.0010954107358e-5
7.984086469555625e-5
8.004035882518072e-5
7.994550918913733e-5
7.997650366689299e-5
7.964678470441785e-5
7.975400060652211e-5
7.964025183777914e-5
7.998886965041679e-5
7.991404020757924e-5
7.979670909714951e-5
7.948368747041157e-5
7.969957127890097e-5
7.96618523317437e-5
7.966252980681888e-5
7.95629126344793e-5
7.9747424766453e-5
7.967096569100313e-5
7.954886616539497e-5
7.958368551110304e-5
7.959906540642501e-5
7.95759598823431e-5
7.934367001283776e-5
7.931876638680543e-5
7.918779440145312e-5
7.938088873327826e-5
7.924657666952585e-5
7.940831716310635e-5
7.932143655268004e-5
7.954014303065018e-5
7.937224124874196e-5
7.934917010511485e-5
7.906122581616826e-5
7.934266478120078e-5
7.93282819086883e-5
7.910045769791817e-5
7.905020873624825e-5
7.92041066318629e-5
7.886908218043255e-5
7.893540182966433e-5
7.875395802685228e-5
7.881510720640362e-5
7.877731088616117e-5
7.892132716302494e-5
7.887526279403974e-5
7.885819583945865e-5
7.889187855405984e-5
7.89921967634608e-5
7.848860540417784e-5
7.857349572103393e-5
7.880015326734889e-5
7.877310373710333e-5
7.87494895475097e-5
7.846241969091992e-5
7.879705686466685e-5
7.872260925148967e-5
7.864268865924783e-5
7.834430362073025e-5
7.851341503519965e-5
7.869812270317047e-5
7.83777245908732e-5
7.814636896814596e-5
7.829891408377132e-5
7.842501782947444e-5
7.840927255510056e-5
7.834464914583998e-5
7.833629879655011e-5
7.83545957549626e-5
7.826277153461318e-5
7.819234920465417e-5
7.817175311765957e-5
7.805833766137403e-5
7.813431203883847e-5
7.807844371381206e-5
7.814356037908493e-5
7.803717068448435e-5
7.791490115486175e-5
7.804503608523285e-5
7.802738222840373e-5
7.777900763584001e-5
7.775648331776652e-5
7.784339129692994e-5
7.777592905551407e-5
7.78810944377847e-5
7.760111758394163e-5
7.761280700896084e-5
7.770329874743744e-5
7.768024334643065e-5
7.768642557753857e-5
7.775437818362016e-5
7.763303368530808e-5
7.74840183329726e-5
7.736017085706435e-5
7.742196934739593e-5
7.753993177495517e-5
7.737359007833945e-5
7.725243891257539e-5
7.727811615035851e-5
7.730654961535665e-5
7.734583736929265e-5
7.714880373831126e-5
7.711123840076536e-5
7.731816201858569e-5
7.735217196343759e-5
7.708865693393488e-5
7.725453656719499e-5
7.701147307249335e-5
7.715067803514946e-5
7.709236599895274e-5
7.690322216534602e-5
7.705659852683836e-5
7.701711848975848e-5
7.701578486246358e-5
7.700918846897408e-5
7.70346040473069e-5
7.693638162290775e-5
7.66374594151807e-5
7.661833213577581e-5
7.691914665786837e-5
7.687838965080982e-5
7.671749967127466e-5
7.668050293565024e-5
7.676245816975342e-5
7.662657695463318e-5
7.660638883936162e-5
7.664286234365661e-5
7.659387439061474e-5
7.661326446499016e-5
7.662892937643365e-5
7.664954100139163e-5
7.669010256517535e-5
7.690460605312033e-5
7.718330764076626e-5
7.752593555484369e-5
7.814352716678814e-5
7.900112156105599e-5
8.070855904915193e-5
8.279023576659757e-5
8.679815363972563e-5
9.18975142504597e-5
0.00010067708866168278
0.00011106154530075901
0.00012606402616105857
0.0001398790539520259
0.00015421586118300766
0.00015533652421825355
0.0001516992515529897
0.00012637304974507586
0.00010512402648984311
8.301961790399324e-5
7.719657701621642e-5
8.449734086424995e-5
9.630463038458193e-5
0.00010763231794482164
0.00010282676358289977
9.441316990677134e-5
8.115225270551146e-5
7.58224449613448e-5
7.888415016713395e-5
8.473151164653114e-5
9.079942952320861e-5
8.818815055059492e-5
8.367057836966593e-5
7.772953006384612e-5
7.566039067920482e-5
7.796949578941222e-5
8.051997716555594e-5
8.288453620724586e-5
8.119189867110745e-5
7.915935274584648e-5
7.656015639114202e-5
7.568400030961506e-5
7.667823577858012e-5
7.771050222173843e-5
7.886944959924288e-5
7.799574678970206e-5
7.710638146449627e-5
7.569836028646401e-5
7.530656684471095e-5
7.57126518494879e-5
7.62810349136379e-5
7.702030280163369e-5
7.652777606878375e-5
7.607889074826265e-5
7.524822917702768e-5
7.49757381616714e-5
7.519662934972208e-5
7.551518623212172e-5
7.574964179541779e-5
7.555045686913388e-5
7.555188257870137e-5
7.491025065933731e-5
7.471162098322975e-5
7.469247255874183e-5
7.48469509067365e-5
7.5126317609209e-5
7.498932175833028e-5
7.49808888735689e-5
7.467077799496282e-5
7.463195446113117e-5
7.44298406028585e-5
7.449499007463418e-5
7.441604528431994e-5
7.45547881047402e-5
7.45841203142885e-5
7.441554173312e-5
7.454029702453195e-5
7.431391776693796e-5
7.434564932139954e-5
7.423240827449759e-5
7.429073711070377e-5
7.411097022894365e-5
7.426924003474354e-5
7.416207934038515e-5
7.410823235555391e-5
7.423542535789025e-5
7.401011589644769e-5
7.401353417920776e-5
7.401692456241688e-5
7.390800685651015e-5
7.392426637069282e-5
7.388704491964504e-5
7.39064338845706e-5
7.387880183619205e-5
7.387613801044881e-5
7.377607433404449e-5
7.377263113764064e-5
7.374657355407809e-5
7.373994760946181e-5
7.363682072435229e-5
7.364061686511119e-5
7.363820450971437e-5
7.365022274401835e-5
7.353788763065056e-5
7.357786468468399e-5
7.354835237643751e-5
7.347862892882249e-5
7.344268127545552e-5
7.350071210408644e-5
7.34151783608524e-5
7.33018692095645e-5
7.332260914567723e-5
7.336546907163184e-5
7.332350549592983e-5
7.33179603443947e-5
7.334014839295111e-5
7.334419420538128e-5
7.33409854460952e-5
7.368456280418457e-5
7.385086557241693e-5
7.469878625121688e-5
7.52600456137423e-5
7.754435262384594e-5
7.891817177952767e-5
8.301921747527359e-5
8.432172466343793e-5
8.651922574429457e-5
8.396238438696055e-5
8.070446859355506e-5
7.748152950552174e-5
7.629407478348736e-5
7.676407998216556e-5
7.897439540368495e-5
7.843442707730481e-5
7.75953177653625e-5
7.472135504117854e-5
7.298640899912497e-5
7.29404407929815e-5
7.366491140293457e-5
7.500450268411944e-5
7.519835690858093e-5
7.47353798281966e-5
7.381362910882891e-5
7.337557019650718e-5
7.328644987105729e-5
7.423644898711871e-5
7.440007088658815e-5
7.45886021780092e-5
7.400465573377062e-5
7.331198653970711e-5
7.289232832746498e-5
7.286869154617075e-5
7.271492413225047e-5
7.320400404849522e-5
7.307152486906579e-5
7.29385510631135e-5
7.252899998083079e-5
7.217932631044603e-5
7.223305501640861e-5
7.226091098044557e-5
7.224364951889028e-5
7.241538913174094e-5
7.236481298606089e-5
7.23251802413359e-5
7.215125146703828e-5
7.19522562958119e-5
7.192040635869493e-5
7.186397227389155e-5
7.194521802399522e-5
7.188652632606819e-5
7.19929765630646e-5
7.188778956877284e-5
7.195555863038033e-5
7.177266438618401e-5
7.194673840818653e-5
7.180533246296305e-5
7.183935228298019e-5
7.181635852363628e-5
7.198060413637546e-5
7.198839953770198e-5
7.223738635792525e-5
7.228554483130018e-5
7.290383024511932e-5
7.313571732610877e-5
7.416872227794137e-5
7.494445765866225e-5
7.70860432570911e-5
7.886389202699114e-5
8.322883290129189e-5
8.769382243592727e-5
9.644632030414947e-5
0.0001051012185322242
0.00011937297914619266
0.0001298463631297529
0.00014200863395965566
0.00014039056004533693
0.0001337016964811571
0.00011302272080332933
9.704023039605918e-5
8.330509262908786e-5
7.950980069409477e-5
8.151904644805969e-5
8.357800491445147e-5
8.696530757996912e-5
8.802502184017721e-5
9.041666001344405e-5
8.700248413508505e-5
8.233122204685857e-5
7.507070791585659e-5
7.15817765176475e-5
7.351189518480181e-5
7.82318357653374e-5
8.218989835945861e-5
8.003000614394633e-5
7.650068447924709e-5
7.236142263686022e-5
7.171152453905396e-5
7.314066238113549e-5
7.414363821505991e-5
7.466704977097996e-5
7.38441037792838e-5
7.368614697830127e-5
7.311543286211713e-5
7.296146001921887e-5
7.16590588065795e-5
7.101685387282886e-5
7.11389975941855e-5
7.17383133149893e-5
7.269652233358765e-5
7.234070290698404e-5
7.183623409812169e-5
7.072112760594122e-5
7.036942928407478e-5
7.067602352920198e-5
7.079997905703801e-5
7.127260260416032e-5
7.10398033936045e-5
7.096249143598631e-5
7.056955545765723e-5
7.056194525240164e-5
7.048568738768284e-5
7.034300090607566e-5
7.032055133592505e-5
7.013360189716656e-5
7.026852008009028e-5
7.028073676800748e-5
7.036913715933046e-5
7.023309816088849e-5
7.010776704886392e-5
7.006149229719252e-5
6.989479258122834e-5
6.989825853644838e-5
6.992168415269199e-5
6.997804298854835e-5
7.005078358865422e-5
6.996804566404904e-5
6.991460127998513e-5
6.985307413518455e-5
6.974772172266077e-5
6.968616766317273e-5
6.966228556693308e-5
6.972343341095858e-5
6.963815535410569e-5
6.963919046748091e-5
6.969986250922379e-5
6.952620532690657e-5
6.962107432937736e-5
6.950399639900645e-5
6.956412044612966e-5
6.94977262896711e-5
6.946600852365974e-5
6.939154854479745e-5
6.946867130488067e-5
6.933878660483672e-5
6.939311320378207e-5
6.934114978270969e-5
6.931105097894427e-5
6.9231861583909e-5
6.918234758672049e-5
6.925286420992054e-5
6.921655763562252e-5
6.918948896603352e-5
6.915080295370544e-5
6.914085232735276e-5
6.91445127528912e-5
6.90958813645058e-5
6.90246423866156e-5
6.90566858068708e-5
6.904573210671653e-5
6.894734670093875e-5
6.897846803893071e-5
6.89643109937102e-5
6.893567883422253e-5
6.898567888414232e-5
6.887528542754177e-5
6.888111237874533e-5
6.883792434959351e-5
6.89865737169422e-5
6.887449735278232e-5
6.89757369467061e-5
6.898808344443558e-5
6.932133223204489e-5
6.937044129771604e-5
7.021532945086719e-5
7.071376833084752e-5
7.279974223809192e-5
7.434555234683244e-5
7.887505125346578e-5
8.136444019780432e-5
8.583118953381955e-5
8.358222946076129e-5
7.966177124301606e-5
7.309974331742953e-5
6.895158148730085e-5
6.959393082838163e-5
7.242647425820854e-5
7.542751222961995e-5
7.549923630033298e-5
7.23445093955301e-5
6.931737183082327e-5
6.848122383914714e-5
6.98307341013773e-5
7.184258664686192e-5
7.21367837248055e-5
7.066392371334439e-5
6.911697047567855e-5
6.820993569107522e-5
6.88814767031052e-5
7.004105575342996e-5
7.032959391486962e-5
6.990521635277664e-5
6.877766183110923e-5
6.809102993737082e-5
6.837273841891276e-5
6.874915329182792e-5
6.928352277654122e-5
6.918266511241844e-5
6.86653820697413e-5
6.817852199941118e-5
6.808240615578036e-5
6.835939112303377e-5
6.887161722842699e-5
6.895515712324862e-5
6.917633976557845e-5
6.904812832508886e-5
6.951376021861702e-5
6.995457741470614e-5
7.157058345014599e-5
7.309572404976065e-5
7.664021671614718e-5
8.01069633979073e-5
8.77247656004018e-5
9.583554527559809e-5
0.0001112966711076375
0.00012629436014304431
0.00015032955231379026
0.00016124397361048953
0.0001723367049830011
0.00015009156293969576
0.00012190655802914214
8.526656682731183e-5
6.859756970095471e-5
7.391477244724699e-5
9.09569385513676e-5
0.00010753244480270598
0.00010411269451384041
9.155925549837298e-5
7.370254573614805e-5
6.744673446787201e-5
7.362853379871349e-5
8.2704145997466e-5
8.811584098438785e-5
8.149159787720217e-5
7.31871902192741e-5
6.76847191769224e-5
6.945256281161224e-5
7.544505390315269e-5
7.73482020146391e-5
7.60208137724841e-5
7.043391436869282e-5
6.753451430915576e-5
6.839624334969996e-5
7.072804263910055e-5
7.315147396047488e-5
7.148031978173863e-5
6.926056499767603e-5
6.720242146067444e-5
6.727545400864005e-5
6.914398160928557e-5
6.973701491250965e-5
6.983609902892884e-5
6.812209915401997e-5
6.722935358854214e-5
6.708765186555335e-5
6.772308051225431e-5
6.855133762141108e-5
6.823890514362954e-5
6.781643805700526e-5
6.690419772325098e-5
6.679230266369822e-5
6.709608083001344e-5
6.741286557226546e-5
6.760205018528713e-5
6.725633480412539e-5
6.69254279997539e-5
6.672540176366885e-5
6.6670717323026e-5
6.707359619396345e-5
6.697285214209923e-5
6.706517500851755e-5
6.671870219995998e-5
6.670681983681341e-5
6.659134624520376e-5
6.666373036892289e-5
6.678580628014796e-5
6.681308258315234e-5
6.67266269851036e-5
6.67372231557286e-5
6.666064634928902e-5
6.699457021441673e-5
6.691490551430967e-5
6.763951505518356e-5
6.763105889696192e-5
6.878824333211058e-5
6.914353398981536e-5
7.130229513279066e-5
7.220598143134471e-5
7.520035024374256e-5
7.546765199827975e-5
7.666486142472883e-5
7.390051080468922e-5
7.12455384382149e-5
6.77988919330338e-5
6.622454004391887e-5
6.667113389296528e-5
6.809233588748463e-5
6.98801438429625e-5
6.993913390587303e-5
6.916458360736674e-5
6.729177205141793e-5
6.629979885758192e-5
6.601920426803156e-5
6.663638379220947e-5
6.76598623583595e-5
6.776075657355407e-5
6.75885988889807e-5
6.664725713347991e-5
6.606260243220799e-5
6.590403055190158e-5
6.605788867823435e-5
6.661143985164243e-5
6.672256534373498e-5
6.675622041657354e-5
6.629825154398582e-5
6.605085496893317e-5
6.570943380531919e-5
6.57529623432997e-5
6.589286960441758e-5
6.605073728851262e-5
6.616042481213429e-5
6.60583933854845e-5
6.604444608445649e-5
6.57503464274351e-5
6.571948934051925e-5
6.557136808186613e-5
6.557061008435344e-5
6.56556257605756e-5
6.559817779124525e-5
6.577629655315454e-5
6.566000900746393e-5
6.565503300632475e-5
6.552143752101438e-5
6.552324151603893e-5
6.541170901019318e-5
6.546790215724412e-5
6.542501241706505e-5
6.540503277740991e-5
6.54081579090294e-5
6.534698745912825e-5
6.539404576181285e-5
6.533232282081902e-5
6.534140937227148e-5
6.527853550772662e-5
6.539061684609072e-5
6.519512729427285e-5
6.528928089137065e-5
6.51730016758717e-5
6.526909183002288e-5
6.512806584931232e-5
6.517706405214024e-5
6.505769987030723e-5
6.513739139141256e-5
6.50257406575933e-5
6.508208309889154e-5
6.502502223533572e-5
6.509046793741087e-5
6.49933146223344e-5
6.49846367110342e-5
6.497008751433582e-5
6.502122645669988e-5
6.492072670185532e-5
6.503347485163322e-5
6.493766440766747e-5
6.510513449397391e-5
6.502979390890355e-5
6.527945987887142e-5
6.528353760429636e-5
6.5982317227977e-5
6.615994672495048e-5
6.75596607827813e-5
6.842285790333879e-5
7.147847509458906e-5
7.354046400562008e-5
7.876941337798938e-5
8.051928173912501e-5
8.395399402693078e-5
8.008236706771707e-5
7.636898101014258e-5
7.131465024832613e-5
6.972841151290678e-5
7.088365230287429e-5
7.393474182196063e-5
7.448932256816444e-5
7.379754412912382e-5
6.947973101775774e-5
6.69108476473995e-5
6.575494689271417e-5
6.678934667444084e-5
6.801734084087364e-5
6.7908188063428e-5
6.651962698851311e-5
6.518417109034682e-5
6.434307313209884e-5
6.501849347615614e-5
6.607488558270698e-5
6.648437502273934e-5
6.663676344149743e-5
6.562757006242767e-5
6.539069696844109e-5
6.516078565193109e-5
6.584165334384706e-5
6.613325459768782e-5
6.644715106627473e-5
6.603281455345558e-5
6.593974214737531e-5
6.537829724741394e-5
6.579159320503145e-5
6.573046045855163e-5
6.633008569580559e-5
6.615725346003818e-5
6.640032341405477e-5
6.607847630277233e-5
6.635281787625002e-5
6.63113950305146e-5
6.717780606184292e-5
6.71020406279582e-5
6.812175828288083e-5
6.810026681272106e-5
6.918202691562487e-5
6.931029041472147e-5
7.077088766702543e-5
7.122561737299608e-5
7.32883708871776e-5
7.414715261123403e-5
7.680197364752302e-5
7.747259380545078e-5
8.01210214303118e-5
8.016278000303084e-5
8.219650180946654e-5
8.115583993355694e-5
8.166379408985336e-5
7.877080267601713e-5
7.734341157506137e-5
7.33970792440482e-5
7.09996616624269e-5
6.753069990368137e-5
6.569707119690763e-5
6.407713470446471e-5
6.369275648077138e-5
6.395234585059634e-5
6.445056252472055e-5
6.552597980856788e-5
6.616399007853968e-5
6.722972742076585e-5
6.708086306256933e-5
6.763327229437395e-5
6.686269865858797e-5
6.691232374453728e-5
6.578829574682971e-5
6.552489706833962e-5
6.457314895205878e-5
6.430617181270763e-5
6.377407621065827e-5
6.369184900613896e-5
6.351519863685313e-5
6.353303017680259e-5
6.355763147614141e-5
6.354326081912254e-5
6.375821571524209e-5
6.373907745866193e-5
6.396533768058933e-5
6.387069651232885e-5
6.421345451209603e-5
6.39915111799284e-5
6.431575133956178e-5
6.410351858962755e-5
6.448410547825527e-5
6.424959834855607e-5
6.467581623872909e-5
6.444596562207039e-5
6.517051898411362e-5
6.493310806882873e-5
6.561682040577015e-5
6.545740186504148e-5
6.647495982805188e-5
6.621951210947939e-5
6.736794015588026e-5
6.715345624915898e-5
6.847877829803986e-5
6.816525565077344e-5
6.945683892925195e-5
6.895352006468584e-5
7.009222549104606e-5
6.958408026064717e-5
7.067881306379434e-5
7.016583978846026e-5
7.140008654464106e-5
7.097539729869042e-5
7.222779203653926e-5
7.172399806011692e-5
7.270532403114297e-5
7.187656989961317e-5
7.243604572833195e-5
7.102398414004955e-5
7.083868448331898e-5
6.908413662152581e-5
6.846597992341383e-5
6.672709722477441e-5
6.603900117196831e-5
6.456015255530428e-5
6.402255102308727e-5
6.320951381613575e-5
6.30476930128504e-5
6.273031621886043e-5
6.286647201079845e-5
6.283795748942219e-5
6.315845688203934e-5
6.334696707312929e-5
6.351567626121534e-5
6.371561261054385e-5
6.372518676913797e-5
6.405241712562892e-5
6.40954624957261e-5
6.415146163537812e-5
6.419990545567376e-5
6.425026167798596e-5
6.423409414197028e-5
6.421307004672615e-5
6.414047445397626e-5
6.409238254757776e-5
6.405494911630929e-5
6.39816748507151e-5
6.40385375417252e-5
6.390201712376607e-5
6.417628541606764e-5
6.403982816518212e-5
6.447957062425049e-5
6.428421884455223e-5
6.498971977956467e-5
6.494783197074673e-5
6.609889246534216e-5
6.608961103318363e-5
6.778965153831378e-5
6.791491380713958e-5
7.040659339690303e-5
7.119947018414924e-5
7.460445625728616e-5
7.659441897583656e-5
8.175544887058995e-5
8.53308610083544e-5
9.28971945273706e-5
9.701764362959507e-5
0.00010478274808830325
0.00010467449094700364
0.00010623237509669551
9.662082366638478e-5
8.87562802387151e-5
7.545361233203009e-5
6.709564427071637e-5
6.256481882826106e-5
6.306896206311133e-5
6.766282009951884e-5
7.168742621172712e-5
7.60323579955383e-5
7.512799077257703e-5
7.358276399200075e-5
6.833497683111285e-5
6.476707761151196e-5
6.224463975553824e-5
6.200771683685357e-5
6.385873884581257e-5
6.533406152726493e-5
6.744000905798824e-5
6.690067162710042e-5
6.649179605540909e-5
6.42335285934574e-5
6.303608372766017e-5
6.179364612897356e-5
6.172098989833497e-5
6.236456317014378e-5
6.293091529999077e-5
6.393398811143061e-5
6.36137326106357e-5
6.369689009663286e-5
6.270038552245472e-5
6.24167447859376e-5
6.16839435018448e-5
6.164153175726282e-5
6.174595778580545e-5
6.195758762263451e-5
6.228831658442888e-5
6.240599023706758e-5
6.244965097306453e-5
6.221707036571424e-5
6.199481389909579e-5
6.186750264767173e-5
6.15565143700674e-5
6.169008366350996e-5
6.16504441394503e-5
6.20953525606748e-5
6.206452664326698e-5
6.269534005159627e-5
6.265288619803956e-5
6.36408684263151e-5
6.370317623601319e-5
6.529813471768721e-5
6.565172485867852e-5
6.819893517447174e-5
6.896396466611704e-5
7.174727457592317e-5
7.15886230750602e-5
7.221285334952865e-5
6.936496550081918e-5
6.680737716499264e-5
6.354555014380389e-5
6.18323185245832e-5
6.148980386997785e-5
6.235558961822026e-5
6.373808318299853e-5
6.462137602837083e-5
6.451624823699874e-5
6.368227462693165e-5
6.241563007361796e-5
6.147095198779977e-5
6.124603415041569e-5
6.14088068956514e-5
6.214432264497151e-5
6.262515388389505e-5
6.277946928964269e-5
6.230679156011626e-5
6.174665871448675e-5
6.126174810740416e-5
6.0926272470567185e-5
6.093468026008269e-5
6.115813291336597e-5
6.129117895344331e-5
6.162084903206768e-5
6.148702905595163e-5
6.139658567107765e-5
6.110004986246154e-5
6.083594311270615e-5
6.0838298809115014e-5
6.0675567247235326e-5
6.082505844737903e-5
6.087819994321577e-5
6.1017969033293e-5
6.1004579549148066e-5
6.094666089024108e-5
6.081429068389444e-5
6.087226214140152e-5
6.06328437892365e-5
6.078466183057249e-5
6.0622802781473184e-5
6.078887119181632e-5
6.0666761765278655e-5
6.084947288377653e-5
6.0828659682414456e-5
6.10401219638159e-5
6.092901017012755e-5
6.119175357290059e-5
6.115822542224165e-5
6.15862734136702e-5
6.155492462349012e-5
6.243022770574893e-5
6.267311309728168e-5
6.419899498077973e-5
6.501536862545854e-5
6.800508012999668e-5
7.011582014541864e-5
7.560854217291584e-5
8.019360380768808e-5
8.972641129618338e-5
9.721810283462126e-5
0.00010930035153812367
0.0001146489519623085
0.00012011537627164791
0.0001119216657789048
0.00010184445162483445
8.393842537275574e-5
7.284508685735591e-5
6.61238787131581e-5
6.683108872031118e-5
7.111892606649132e-5
7.35145757157437e-5
7.5381765922442e-5
7.29085527051095e-5
7.175626501456895e-5
6.889283749230862e-5
6.816068005546636e-5
6.630365787439917e-5
6.458194705125458e-5
6.324607400266678e-5
6.265357763963996e-5
6.414601337463382e-5
6.508721899083834e-5
6.650893057237353e-5
6.514054167365338e-5
6.334417483838827e-5
6.111083878996563e-5
6.010666062549235e-5
6.0754734722240975e-5
6.185499230297564e-5
6.323722671317272e-5
6.28772732593637e-5
6.222312647068191e-5
6.0838665386451974e-5
6.018416968866342e-5
6.004309094298175e-5
6.0440331385409514e-5
6.0983059793715046e-5
6.106266461670993e-5
6.0992902737718144e-5
6.0422455496547644e-5
6.030353213373696e-5
6.004522561992901e-5
6.026887521000085e-5
6.0156092684993874e-5
6.0251230368879886e-5
6.0093367288448416e-5
5.993518940009216e-5
5.993553402644765e-5
5.989281309035663e-5
6.0025519955853596e-5
5.989329510272064e-5
6.004602804710698e-5
5.9891594754352464e-5
5.9893109546028414e-5
5.9669364891788484e-5
5.955398914349554e-5
5.9618562361286516e-5
5.958804368951059e-5
5.973294996897988e-5
5.963789376818487e-5
5.977556805406783e-5
5.9600853374289655e-5
5.969212701775262e-5
5.950985921331941e-5
5.951181210619871e-5
5.95243930193091e-5
5.942653149828814e-5
5.9425007030932505e-5
5.932525995491152e-5
5.9465614239525414e-5
5.94085918072089e-5
5.947682835970191e-5
5.934473875653184e-5
5.9440425973655106e-5
5.927517350403601e-5
5.933256082527555e-5
5.933512363736213e-5
5.9336099311638275e-5
5.928280326640713e-5
5.927147180441035e-5
5.923741819268812e-5
5.93113852552226e-5
5.9168270992148636e-5
5.923920387894933e-5
5.9195626714182576e-5
5.918068417093738e-5
5.9188107129528755e-5
5.896647648259607e-5
5.9100596255892465e-5
5.906611899216816e-5
5.905019638979389e-5
5.9053958648757306e-5
5.908920172271526e-5
5.906214173410901e-5
5.9066836673230935e-5
5.906797674815613e-5
5.8990842902259034e-5
5.906151900853328e-5
5.8932618977911574e-5
5.8952386268419317e-5
5.892354679849796e-5
5.889643246450353e-5
5.8930460593773794e-5
5.889615745080463e-5
5.885908326904036e-5
5.8957732638947066e-5
5.885507536770022e-5
5.87786929498122e-5
5.8907630947193963e-5
5.883082182525243e-5
5.884727490575311e-5
5.885458343186912e-5
5.8813830678112295e-5
5.8780440154944186e-5
5.8860888509127535e-5
5.8707446421080263e-5
5.87017104861066e-5
5.8712316268663984e-5
5.873340129213139e-5
5.873151791486679e-5
5.876534916730574e-5
5.8742547512420236e-5
5.8843271939750766e-5
5.8760390374790476e-5
5.8877061267812044e-5
5.8857126803414065e-5
5.892752696063365e-5
5.9114003000990254e-5
5.955189745054802e-5
5.9828490478810524e-5
6.067942058880267e-5
6.14096272136796e-5
6.328944101518308e-5
6.506694150976137e-5
6.925991478986998e-5
7.359208260613299e-5
8.295085274117075e-5
9.176468811890547e-5
0.00011006154039605091
0.0001228942401668882
0.00014782854334316614
0.00015210421393817365
0.00016068291997229408
0.00014039941494033172
0.00012470041316364348
0.00010688403880700176
0.00011225735457516612
0.00010757511907882793
9.371814572898434e-5
8.663146000667567e-5
8.529386321306559e-5
9.299670542143829e-5
8.180487210314185e-5
7.154286020980546e-5
7.444681429910633e-5
7.479730854016998e-5
7.469368742250348e-5
7.215147172504147e-5
7.241002748521592e-5
7.026951603909373e-5
6.04441959421929e-5
6.297762687005947e-5
7.2471228827727e-5
6.908472167597783e-5
6.19743102097423e-5
6.021951768193527e-5
6.258474860968945e-5
6.480167167174347e-5
6.215066309737816e-5
6.172321282254353e-5
6.289982266286025e-5
5.9819999014570834e-5
5.98009800903303e-5
6.115509578024195e-5
6.032718716446005e-5
6.027194425092285e-5
5.9683384832587405e-5
6.000596312480802e-5
5.958344162603232e-5
5.8247680599796e-5
5.905526706514971e-5
6.020170169481739e-5
5.941411161137128e-5
5.8292684746252894e-5
5.853518091606797e-5
5.864397957247434e-5
5.8817073648979686e-5
5.875105916590898e-5
5.831947348401539e-5
5.868396953982673e-5
5.824215296140484e-5
5.8110508907722296e-5
5.8448562259269817e-5
5.802701379188482e-5
5.83014350078401e-5
5.825876224083402e-5
5.812717428144714e-5
5.8247359434958454e-5
5.783139793760763e-5
5.785213633677659e-5
5.821223372781834e-5
5.8002325719988705e-5
5.79560441864119e-5
5.788981206424929e-5
5.768274425767751e-5
5.7977046099126345e-5
5.77326670246381e-5
5.7823849462358864e-5
5.797200556905787e-5
5.7700029957925057e-5
5.7892130463398745e-5
5.768442647736248e-5
5.770601017995578e-5
5.768042366535573e-5
5.767016808469528e-5
5.760778360508346e-5
5.7701204628840425e-5
5.752159661037969e-5
5.768332101569419e-5
5.757968794158254e-5
5.756324577219031e-5
5.760256255228169e-5
5.746730750597771e-5
5.746023384028867e-5
5.7546755129586e-5
5.749921972390576e-5
5.758052406626601e-5
5.746345884996873e-5
5.752161209828333e-5
5.749390689211458e-5
5.749157651288631e-5
5.731759357568343e-5
5.7433232879602847e-5
5.7446698666250436e-5
5.73961203392903e-5
5.739833877026981e-5
5.733556617511024e-5
5.738459049268027e-5
5.7369999931998224e-5
5.735528675166401e-5
5.7411396957042333e-5
5.728692962633009e-5
5.734761474207934e-5
5.7068144092734614e-5
5.724161384644123e-5
5.728785032527118e-5
5.726276721126952e-5
5.7139213839738935e-5
5.72360186455237e-5
5.7225956798536716e-5
5.721741440036784e-5
5.722681996888102e-5
5.7131715354678575e-5
5.717609606406176e-5
5.7152741671701015e-5
5.713556076971198e-5
5.70596351489678e-5
5.713675302948212e-5
5.7124461628969273e-5
5.7080889493584626e-5
5.702616527717083e-5
5.696170779260783e-5
5.703997690925188e-5
5.6703729949285474e-5
5.704319887657539e-5
5.7070682174365025e-5
5.6923404624861805e-5
5.6958668015813116e-5
5.678277925829618e-5
5.6949980378703024e-5
5.68250871043524e-5
5.688096650858145e-5
5.68318798459012e-5
5.692808262744199e-5
5.688790451782175e-5
5.690620514133794e-5
5.687255717470897e-5
5.685911246458762e-5
5.6819229618508085e-5
5.6845387954670046e-5
5.6943534824314264e-5
5.6820219998329695e-5
5.664916871595603e-5
5.6757293667996874e-5
5.677692264996342e-5
5.6558669988106054e-5
5.675806541632909e-5
5.676470348138868e-5
5.6689330517353604e-5
5.664449496272911e-5
5.674505429020197e-5
5.6704087390708146e-5
5.6730810959521386e-5
5.65966887947981e-5
5.6520354311796286e-5
5.663203858148472e-5
5.6555029137045386e-5
5.655077029484986e-5
5.657732606749153e-5
5.6478228536822256e-5
5.6535766328497614e-5
5.6422271149838926e-5
5.660161953164128e-5
5.655226563556358e-5
5.6448472152079036e-5
5.653308845540664e-5
5.651085677843006e-5
5.6440930050084834e-5
5.639459838705436e-5
5.6428402154085534e-5
5.63972280320003e-5
5.6433494732351033e-5
5.652676509587631e-5
5.6472461338112864e-5
5.673726691003411e-5
5.678264468567046e-5
5.7186351496784205e-5
5.732701399978734e-5
5.8446580647344634e-5
5.914655783887955e-5
6.187026509916498e-5
6.456391517778985e-5
7.160629336562158e-5
7.999581876556684e-5
9.750744556907618e-5
0.00011775400349020644
0.00015080252981873113
0.00017608572154792067
0.00019386479523951045
0.00016830977111755556
0.0001224080428720548
7.242998120476282e-5
6.120853779596174e-5
8.335583644425348e-5
0.00010641880218051236
0.00011022428658200644
8.609523927831581e-5
6.772676129801922e-5
6.585804593832383e-5
7.617491058818098e-5
8.226211260927529e-5
7.33424495698002e-5
6.536374571577803e-5
6.49155264243398e-5
6.999194659414893e-5
7.022625516169944e-5
6.381956992814361e-5
5.9723931149607076e-5
6.203649202245304e-5
6.640569924519934e-5
6.527673778151697e-5
6.02211232448446e-5
5.685358981095351e-5
5.90295295606471e-5
6.275427837817375e-5
6.197614748566339e-5
5.852179279309972e-5
5.6105533474280876e-5
5.7349857940707155e-5
6.010019041630604e-5
5.960601443127563e-5
5.780223333643119e-5
5.60588305080991e-5
5.6771334195239085e-5
5.8066291122265735e-5
5.7967715911022456e-5
5.7012171323660434e-5
5.6138788135056326e-5
5.650354275467126e-5
5.7061388954298926e-5
5.702784469901064e-5
5.650949329561771e-5
5.6164423486176356e-5
5.637541368008458e-5
5.639383547805895e-5
5.6538426905838865e-5
5.616094566078327e-5
5.590958568168148e-5
5.583334995098272e-5
5.6173935318378106e-5
5.634373694267756e-5
5.602261620266195e-5
5.596418616381055e-5
5.575965488230837e-5
5.588499884432149e-5
5.61028400946804e-5
5.587595168945817e-5
5.595890934799284e-5
5.568886137946675e-5
5.567562831116406e-5
5.5907923478142526e-5
5.5785947065701086e-5
5.594706873080367e-5
5.56912716937974e-5
5.5571025786349144e-5
5.561236453673655e-5
5.559749584041841e-5
5.580011607196169e-5
5.559691431349099e-5
5.556084515987794e-5
5.5583286636426345e-5
5.551440592176238e-5
5.561896171805803e-5
5.5391150298682434e-5
5.5563962243937826e-5
5.556375256433631e-5
5.539921726023887e-5
5.5521372692896414e-5
5.5319915484430814e-5
5.547129683540222e-5
5.550309295251426e-5
5.5186594480806395e-5
5.532909757014971e-5
5.538903252427838e-5
5.5391374913598964e-5
5.534307391875532e-5
5.534714987621061e-5
5.540486983641607e-5
5.511448792602097e-5
5.525823458839415e-5
5.532258727815338e-5
5.521456668946191e-5
5.5201117793306375e-5
5.53816034687874e-5
5.530315583087806e-5
5.526678073858658e-5
5.53215295736186e-5
5.531578764967222e-5
5.5138246178341404e-5
5.523296742191892e-5
5.528660160869579e-5
5.4992746609880384e-5
5.504011939027271e-5
5.5123109485927507e-5
5.5011699999772345e-5
5.528234125897686e-5
5.509833216150225e-5
5.5124783326596536e-5
5.5003738124961884e-5
5.507654945761463e-5
5.502347549742035e-5
5.5071811785700674e-5
5.510437833937145e-5
5.500485352694386e-5
5.50678084587745e-5
5.4827689989397434e-5
5.481525168034747e-5
5.492086082958302e-5
5.4980271541010027e-5
5.498704874507638e-5
5.486526032598925e-5
5.477415640490641e-5
5.4775527550099576e-5
5.487904161077991e-5
5.497594842976619e-5
5.496672256431963e-5
5.470833198327897e-5
5.48630638235266e-5
5.480518973080623e-5
5.4899533118226625e-5
5.479396492914341e-5
5.4625543682433275e-5
5.4693599950759035e-5
5.476023434667958e-5
5.4882390564502486e-5
5.467435394098459e-5
5.485334439801356e-5
5.4851733926863565e-5
5.471016554175372e-5
5.454773213097118e-5
5.4736971882080855e-5
5.472813547418636e-5
5.461382744511837e-5
5.472542745018292e-5
5.471700611315139e-5
5.4479949390251187e-5
5.439803997295777e-5
5.448181180657615e-5
5.460359549405131e-5
5.46829319144904e-5
5.469821823090116e-5
5.462766862793559e-5
5.436020602077095e-5
5.4390364189541953e-5
5.446628593820446e-5
5.4568448806581265e-5
5.464647383966776e-5
5.4397944697125636e-5
5.434703113395309e-5
5.4536558608938736e-5
5.42714919254429e-5
5.451707706360035e-5
5.4470673519643816e-5
5.437361034629207e-5
5.4259439676318096e-5
5.439088104140694e-5
5.418491023798066e-5
5.4439702611171526e-5
5.420037606902032e-5
5.434720490668631e-5
5.4268171280176114e-5
5.449837421733752e-5
5.439848268928213e-5
5.496050194439236e-5
5.484309872764259e-5
5.552026665347177e-5
5.539089029507699e-5
5.686122625648003e-5
5.702481734935068e-5
5.9946200267987244e-5
6.06949220210323e-5
6.529031660286214e-5
6.715238416122782e-5
7.265259341814024e-5
7.289190239757038e-5
7.529921235992766e-5
7.092716357102751e-5
6.87668911669913e-5
6.52669570989767e-5
6.58150605052094e-5
6.77395063292679e-5
7.19679781959599e-5
7.31852847066676e-5
7.64949822949426e-5
7.359605770560309e-5
7.527081570629186e-5
7.050625034602542e-5
7.042487645088198e-5
6.434432357628697e-5
6.303222290201819e-5
5.990172840192933e-5
5.916844408565838e-5
5.884560148232102e-5
5.6471703807015463e-5
5.583709530331603e-5
5.4366994944513056e-5
5.518657764638463e-5
5.6615872431574106e-5
5.7887308030422326e-5
5.861912613059902e-5
5.827116602319628e-5
5.7368952212777585e-5
5.7413333703518744e-5
5.6137589552585585e-5
5.71826758192781e-5
5.579676553768731e-5
5.6017210712116174e-5
5.469022626970897e-5
5.4545846597868585e-5
5.4284312685899814e-5
5.3812077060856515e-5
5.45159039894331e-5
5.391997314857809e-5
5.4358674642534685e-5
5.426243413258593e-5
5.4367680471297714e-5
5.4509294541237845e-5
5.466949155749618e-5
5.4415605647065384e-5
5.4316537898528324e-5
5.445111207401662e-5
5.446998302829533e-5
5.421149340318386e-5
5.467994895473905e-5
5.439484964715912e-5
5.4973724827367875e-5
5.422857160347743e-5
5.4762916908444856e-5
5.4212801510799234e-5
5.473116508550596e-5
5.43995098958014e-5
5.4627596550813594e-5
5.4532457447872156e-5
5.480102683602497e-5
5.47801576531915e-5
5.534799003786028e-5
5.502372243346669e-5
5.6143998095292085e-5
5.579892186680133e-5
5.7222323255894256e-5
5.678361253688152e-5
5.861808192809282e-5
5.902697246709034e-5
6.100802704358769e-5
6.188217165395296e-5
6.522630981557219e-5
6.643402240269532e-5
7.074576551376792e-5
7.24346103188461e-5
7.757602999058215e-5
7.801999022927003e-5
8.17053352851224e-5
7.914166576119974e-5
7.897803247445371e-5
7.272709410371538e-5
6.883407338517292e-5
6.124016718024418e-5
5.769360454847732e-5
5.398979116563133e-5
5.33170790301916e-5
5.4450437444017453e-5
5.5925968855405114e-5
5.88119796059426e-5
5.9496188504608144e-5
6.114631782803544e-5
5.9693383996462705e-5
5.9126920125318836e-5
5.681348763049745e-5
5.53986317240493e-5
5.379229100039686e-5
5.3251875550673645e-5
5.337336473337197e-5
5.3792038860706905e-5
5.4602372861695515e-5
5.49668181765426e-5
5.573914221744256e-5
5.529868023876909e-5
5.575838296722975e-5
5.479461703781454e-5
5.45619113496434e-5
5.373261706465984e-5
5.348947155318393e-5
5.296253162531506e-5
5.320326015836516e-5
5.316872656927929e-5
5.3074869217081755e-5
5.3469776338662755e-5
5.3585396800953514e-5
5.398888647830801e-5
5.3713792211779655e-5
5.3904663758727565e-5
5.363819409491292e-5
5.384658618620733e-5
5.337900850190736e-5
5.343348371620962e-5
5.306838876666078e-5
5.3553621731012756e-5
5.303112248036414e-5
5.327253777148938e-5
5.315504700619519e-5
5.3506260217705984e-5
5.347590617256206e-5
5.378066087916199e-5
5.378863661430388e-5
5.4374301235775776e-5
5.4528062783504677e-5
5.565512937519034e-5
5.592742006019158e-5
5.7438226237705004e-5
5.7598359364795544e-5
5.969768128357892e-5
5.9971298927882405e-5
6.178865866276601e-5
6.154225318448973e-5
6.226430166376736e-5
6.058500008201858e-5
6.016628793671396e-5
5.813636812589967e-5
5.7234077733941545e-5
5.640171705270855e-5
5.6706945170831984e-5
5.712643071460131e-5
5.818144685041421e-5
5.889555178277534e-5
6.0533422401357976e-5
6.046781379454646e-5
6.254549690144629e-5
6.162154229213216e-5
6.369059934554854e-5
6.209224674051256e-5
6.390172754909234e-5
6.233010993653857e-5
6.37947601858139e-5
6.274402153519909e-5
6.40325166157756e-5
6.33519228900682e-5
6.370821921085034e-5
6.227893371910106e-5
6.148627414452907e-5
5.919275442867615e-5
5.7809172617190115e-5
5.549059867185242e-5
5.478718687945692e-5
5.329689665868675e-5
5.321538760138935e-5
5.249442403268573e-5
5.303411089883117e-5
5.2775563394304505e-5
5.308394935029222e-5
5.334491006357183e-5
5.329073114434174e-5
5.407767276916429e-5
5.360772488065712e-5
5.462219887554327e-5
5.405372764346293e-5
5.465757173911368e-5
5.397055882012083e-5
5.4632738530534635e-5
5.410996031265758e-5
5.451209416323222e-5
5.409002643921354e-5
5.4662262495877315e-5
5.407251358856666e-5
5.4590547465621133e-5
5.400322729116363e-5
5.437901534495474e-5
5.384121964348703e-5
5.4391373014004926e-5
5.386005314311626e-5
5.468222762384976e-5
5.409635251748203e-5
5.527038062153175e-5
5.4651971554001186e-5
5.567755988996606e-5
5.554059313912344e-5
5.704596772325027e-5
5.693597029224347e-5
5.878015342647246e-5
5.897483227518594e-5
6.159293520411923e-5
6.184954169173653e-5
6.47570251801755e-5
6.535434420443245e-5
6.85304633004119e-5
6.817060597709974e-5
7.034961247998176e-5
6.86800132290811e-5
6.913182383671777e-5
6.581770787256273e-5
6.489283702040661e-5
6.0863389946117385e-5
5.963702716144752e-5
5.636858471823386e-5
5.5698372693217306e-5
5.4261695363197776e-5
5.437950596611393e-5
5.449042752529819e-5
5.472727587880929e-5
5.5188234307042194e-5
5.510138360813506e-5
5.517284058372909e-5
5.465653438969143e-5
5.450614960567302e-5
5.35711443663159e-5
5.3569137422362825e-5
5.2651772261192665e-5
5.2976337954198544e-5
5.2679821306505676e-5
5.2848840869435834e-5
5.2721087010397286e-5
5.313327027473354e-5
5.3123505606665144e-5
5.334847842344076e-5
5.329545418015618e-5
5.3323870503003113e-5
5.3028454374235734e-5
5.3055635499693856e-5
5.2719854703467264e-5
5.2609139960940885e-5
5.225747881780666e-5
5.201559591047546e-5
5.200711172618411e-5
5.179265731552646e-5
5.1795848122609335e-5
5.164189881915264e-5
5.1866985484943746e-5
5.146557768305214e-5
5.155282614856887e-5
5.1573214726693785e-5
5.168261976940741e-5
5.152864137805716e-5
5.1785919724214946e-5
5.1761833830645814e-5
5.168158083484776e-5
5.172690481180266e-5
5.1756583758837084e-5
5.1989772264851324e-5
5.205237828245482e-5
5.2126238743769175e-5
5.240111148875653e-5
5.227507263914085e-5
5.263165110818256e-5
5.290239494111936e-5
5.3574813595905645e-5
5.3727995346674435e-5
5.492352092448087e-5
5.537880855366106e-5
5.7280100510938284e-5
5.814657229592852e-5
6.138709266123138e-5
6.285731456119199e-5
6.766264114217054e-5
6.984243142776759e-5
7.698036069506819e-5
7.919498481806153e-5
8.837380527172188e-5
8.906157476423183e-5
9.782000050481607e-5
9.749643509836901e-5
0.00010343155540694146
0.00010120828264971473
0.00010361818276301784
9.705060201360227e-5
9.21622699106236e-5
7.705047389372263e-5
6.382822800273064e-5
5.690610897932366e-5
5.8714742779485346e-5
6.967867798474367e-5
7.258615022808659e-5
7.179436799898911e-5
6.165363386912245e-5
5.5369297363819594e-5
5.6003315882106624e-5
5.7301463281019266e-5
6.022307194975697e-5
5.6922609675500184e-5
5.619964456399954e-5
5.697014853533668e-5
5.7100814281098074e-5
5.738999942289927e-5
5.284364798215333e-5
5.207696863373609e-5
5.25130271424519e-5
5.4422933201321944e-5
5.5903236426440474e-5
5.410056066415055e-5
5.270881204407924e-5
5.202926017614678e-5
5.217663604536968e-5
5.265960276071616e-5
5.192674437411878e-5
5.206525597097418e-5
5.206249936485285e-5
5.2230283534979125e-5
5.288959971033276e-5
5.1814851327021305e-5
5.129632802684723e-5
5.1100961244755595e-5
5.100353769810843e-5
5.1813509817414074e-5
5.169834089204717e-5
5.157565414452428e-5
5.136417620001593e-5
5.1166563389446245e-5
5.1470093865379235e-5
5.101866100282352e-5
5.1109511376991e-5
5.083990196350892e-5
5.078131142677992e-5
5.10411242456241e-5
5.0949437948572016e-5
5.141612928812155e-5
5.094401276220104e-5
5.079992043292959e-5
5.0851387480152034e-5
5.101626065818703e-5
5.1047880990150455e-5
5.068893683353795e-5
5.113218160875966e-5
5.067938309224778e-5
5.0794279083573595e-5
5.0750723874130234e-5
5.080355648555548e-5
5.091741555371148e-5
5.071900335502191e-5
5.0975416099441414e-5
5.072408968975611e-5
5.07561744564497e-5
5.0701124723418674e-5
5.0668487374854996e-5
5.059349359755037e-5
5.067623587124655e-5
5.058930249673008e-5
5.07765935747378e-5
5.0782361897411875e-5
5.077205824117458e-5
5.061741978512517e-5
5.052071803190093e-5
5.057372067775736e-5
5.056321118186617e-5
5.0538547908922385e-5
5.05868817776781e-5
5.064007160444288e-5
5.0585282171418966e-5
5.0667632558342154e-5
5.040358278195214e-5
5.044327802990619e-5
5.03984887701171e-5
5.040334115825304e-5
5.0599657797241144e-5
5.063255271224238e-5
5.064619463997036e-5
5.048233244806076e-5
5.039969301829267e-5
5.0400892909385264e-5
5.046891715103965e-5
5.0326006424642365e-5
5.0381006561206464e-5
5.039731626246345e-5
5.037139121041519e-5
5.033692059474089e-5
5.036167557293076e-5
5.031270658261673e-5
5.0249582141111486e-5
5.033277249115334e-5
5.04296569258068e-5
5.0285156330478975e-5
5.03778170863409e-5
5.0220077992325485e-5
5.054194002347357e-5
5.0237894610940625e-5
5.0203185916601836e-5
5.018156433458823e-5
5.038024197453571e-5
5.036084287568561e-5
5.045677543253124e-5
5.017236528363474e-5
5.044245340388942e-5
5.042923678318181e-5
5.038995603026676e-5
5.047147627916656e-5
5.102603354530862e-5
5.1002928261535655e-5
5.1744468756909805e-5
5.226710550475175e-5
5.3690390413506295e-5
5.514885069286882e-5
5.941056622311217e-5
6.419969093560635e-5
7.415097235839106e-5
8.617732966868887e-5
0.00010731569447324913
0.00012930721828517582
0.000157275191235892
0.00016524346601605992
0.000157097912763583
0.00011357559504537746
7.493551782037416e-5
5.420394331934256e-5
6.748111596367509e-5
9.135136837201708e-5
0.00010256830487234431
8.901017252630944e-5
6.350147670147318e-5
5.117162281396833e-5
5.818718283764862e-5
7.243767126486606e-5
7.580725069376477e-5
6.480963337430419e-5
5.3005892479801296e-5
5.228370205360686e-5
5.9955906015074784e-5
6.533972790918112e-5
6.084967591056328e-5
5.298610248035099e-5
5.0258261300528075e-5
5.4235130271379226e-5
5.8641188268894964e-5
5.7535393449004805e-5
5.332890122983383e-5
5.012064052390329e-5
5.17062375563647e-5
5.440849576813962e-5
5.460747641715921e-5
5.2341390300620795e-5
5.031553839867348e-5
5.063619456381396e-5
5.2171260917411624e-5
5.303358265904553e-5
5.1743511791277126e-5
5.0194949930871784e-5
4.989578198802149e-5
5.084829045627299e-5
5.163801981183303e-5
5.1208088031262105e-5
5.0135783643132014e-5
5.003940421715449e-5
5.006172943859995e-5
5.074281115469804e-5
5.0661080528192196e-5
5.025779088824035e-5
5.010549866743567e-5
4.996885200081955e-5
5.007740360807261e-5
5.033329286222925e-5
5.011169131037984e-5
4.9816326098308525e-5
4.962145591764349e-5
4.981232131398951e-5
5.002559611940536e-5
5.009713285481755e-5
4.983699926550591e-5
4.971148107183156e-5
4.961890117682353e-5
4.963962083633353e-5
4.993460978820181e-5
5.001081827245314e-5
4.9643957962859705e-5
4.963996733812928e-5
4.9774164272551496e-5
4.970232212911063e-5
4.96001998521224e-5
4.967817355640465e-5
4.962005417202169e-5
4.956813052585156e-5
4.942502104601982e-5
4.962980489799047e-5
4.9677172914578054e-5
4.948032562114863e-5
4.9520224656847575e-5
4.951069705310941e-5
4.969026106673516e-5
4.9640489683205706e-5
4.940475832152849e-5
4.964567776162093e-5
4.940858913813222e-5
4.939277312156197e-5
4.940315035550584e-5
4.934773054512193e-5
4.9625751195721085e-5
4.930132476799064e-5
4.937438098407131e-5
4.9550232769342455e-5
4.941848353969772e-5
4.928060552173034e-5
4.948495827314204e-5
4.9509836980514305e-5
4.9321828343079056e-5
4.93501362307682e-5
4.943083026215146e-5
4.912895055199727e-5
4.931343007989928e-5
4.9537258602420995e-5
4.9269543190016105e-5
4.928801206759293e-5
4.92989403307565e-5
4.937044619856452e-5
4.941785961739629e-5
4.947424737390564e-5
4.926687472434276e-5
4.9486260785012095e-5
4.9531964736883056e-5
4.9904734654884035e-5
5.0105023512834883e-5
5.123301556833813e-5
5.168885996937803e-5
5.4269225849009936e-5
5.597809462148031e-5
6.18882861172882e-5
6.627687450516215e-5
7.643039467756937e-5
7.916817246058647e-5
8.314395806870674e-5
7.141853241072834e-5
6.146280795140007e-5
5.1205404104989876e-5
5.3590719562912246e-5
6.119997303960612e-5
6.86351445350508e-5
6.767253885511733e-5
6.446030938354719e-5
6.0630751056391606e-5
6.572186755577284e-5
6.637638241158272e-5
6.75009940367163e-5
5.711667295352385e-5
5.217579116334125e-5
5.0836588803923396e-5
5.3305121302378466e-5
5.692897116521407e-5
5.4137687379680736e-5
5.32940241963729e-5
5.1731503749505966e-5
5.308676249194882e-5
5.3542713592713975e-5
5.171252052432317e-5
5.066217447104812e-5
5.022118054441383e-5
5.1300537613713056e-5
5.1695628568616074e-5
5.091445283491035e-5
4.945018403418052e-5
4.967087424474863e-5
5.0052651600326635e-5
5.1200974072719685e-5
5.0318568467770796e-5
4.984844992126445e-5
4.9218140063445395e-5
4.9221749629560325e-5
4.994381052513795e-5
4.922047115176408e-5
4.9367984682810276e-5
4.9392926277211824e-5
4.930411725919589e-5
4.9586099951348694e-5
4.9330509659566744e-5
4.901964169244027e-5
4.880394189462524e-5
4.868886074675213e-5
4.907521342766971e-5
4.909330824311649e-5
4.9046440896846516e-5
4.878485704629162e-5
4.87839771206303e-5
4.89379592254598e-5
4.864970886772631e-5
4.8932538076594286e-5
4.873240576928684e-5
4.892828551470307e-5
4.8760534203980484e-5
4.8973248856065244e-5
4.888382575678531e-5
4.88646203606379e-5
4.870896293148256e-5
4.852253274283878e-5
4.8704743576740254e-5
4.8819060737340675e-5
4.8735966445611365e-5
4.86246037756546e-5
4.8737960367260154e-5
4.859600477104748e-5
4.877526558567153e-5
4.870562861560842e-5
4.8808746892913854e-5
4.858286278568986e-5
4.873368994650991e-5
4.861849180920206e-5
4.8787364490656426e-5
4.853152896059917e-5
4.849629560099471e-5
4.8571240353468004e-5
4.872866401082699e-5
4.857185587107376e-5
4.862411890054349e-5
4.8588911324053117e-5
4.86676543531368e-5
4.8574881689669583e-5
4.881389314360874e-5
4.863960422481822e-5
4.852922058232996e-5
4.8466928291053055e-5
4.901740396498557e-5
4.851405047675801e-5
4.880079428040058e-5
4.890207714286387e-5
4.934496490193804e-5
4.91906875339387e-5
4.988268386002296e-5
4.9813963389616473e-5
5.102824039229564e-5
5.118723205216688e-5
5.3327606246899544e-5
5.398268279392615e-5
5.779796749763289e-5
5.932814865555033e-5
6.625365298410177e-5
6.936049112937793e-5
8.03313849935907e-5
8.509695577852531e-5
9.86617711131817e-5
9.98874154663096e-5
0.00010742499436767889
9.557056219666446e-5
8.690439199482644e-5
6.717437216923538e-5
5.5388732034450166e-5
4.859065858016615e-5
5.028032109743762e-5
5.864378461597195e-5
6.37267283421985e-5
6.926875771159632e-5
6.425151968444461e-5
5.9704787649832e-5
5.185933506684315e-5
4.882729322623161e-5
4.950687210289501e-5
5.1789623088934325e-5
5.6244986306372985e-5
5.588285202262508e-5
5.590928233721507e-5
5.188739424571847e-5
4.946047298535254e-5
4.8192359112635884e-5
4.866498312932774e-5
5.0991256840365904e-5
5.1350562831178264e-5
5.25866799819933e-5
5.075324089000162e-5
4.983652925952413e-5
4.832880892394457e-5
4.82908567087488e-5
4.896974121767977e-5
4.9245199824311076e-5
5.033570397440413e-5
4.9409393894752015e-5
4.938151047612428e-5
4.850687666031562e-5
4.8422250104976034e-5
4.816978234776348e-5
4.807833403438771e-5
4.86766395460848e-5
4.856431202056768e-5
4.9190029414900666e-5
4.8434521376873414e-5
4.860004799485171e-5
4.8072846380012466e-5
4.7908022514361506e-5
4.827544098362542e-5
4.806105714939996e-5
4.85321369633021e-5
4.798068940994009e-5
4.8522111004779554e-5
4.8007187331751554e-5
4.824445424393407e-5
4.777291738444215e-5
4.803115199706372e-5
4.796637447546233e-5
4.808867121648852e-5
4.813460786966656e-5
4.804366925416486e-5
4.8091299537020144e-5
4.760634690914119e-5
4.790010390389776e-5
4.770566344999873e-5
4.7743582701944835e-5
4.764086382136614e-5
4.782155161704454e-5
4.800658386831722e-5
4.776629482924986e-5
4.802889032769739e-5
4.7803245817440516e-5
4.795948020369272e-5
4.753666753572307e-5
4.790700843633495e-5
4.756320558103836e-5
4.7972003358306865e-5
4.78825228517177e-5
4.7522161827999524e-5
4.760426487485704e-5
4.782166678299659e-5
4.776059481846871e-5
4.766903109668789e-5
4.7625331466817995e-5
4.768397422044147e-5
4.7755139375141026e-5
4.761502833878189e-5
4.764987195328608e-5
4.7442241405731245e-5
4.774889803725619e-5
4.7599891991747476e-5
4.7535280959147425e-5
4.765057313392848e-5
4.787681271388202e-5
4.772597252423062e-5
4.754863846913076e-5
4.764285123763268e-5
4.78468600971115e-5
4.780744778512918e-5
4.810410438231222e-5
4.787219826003484e-5
4.8435349581145694e-5
4.831491301098676e-5
4.9440189902801825e-5
4.987304001060219e-5
5.208366374152081e-5
5.3293561319421275e-5
5.862432224827746e-5
6.154064921811268e-5
7.048206811365912e-5
7.56749193501498e-5
8.584826134345058e-5
8.695704681784593e-5
8.988885774911028e-5
8.503232795846486e-5
8.453628707159701e-5
8.62748992246171e-5
8.755027487129886e-5
8.75159962191844e-5
7.585902109673008e-5
6.41590344183637e-5
5.1631840541434565e-5
4.971854997378292e-5
5.384637721273162e-5
6.007702003926712e-5
6.396810504836623e-5
6.159869061419401e-5
5.8506492825609964e-5
5.5441640149280596e-5
5.334217519245878e-5
5.2284074094855654e-5
5.017514650805864e-5
4.9739115539487624e-5
5.0804108167325266e-5
5.237665835684524e-5
5.4435186423829854e-5
5.30244655077888e-5
5.129671777878818e-5
4.802980081977411e-5
4.7527969813710995e-5
4.811138751200467e-5
4.894457820102501e-5
5.033280818068847e-5
4.964257069089926e-5
4.96422776526653e-5
4.872720012355905e-5
4.8563777263717326e-5
4.8280962132188304e-5
4.765232957184611e-5
4.753282163166253e-5
4.7586379863376134e-5
4.790842215245749e-5
4.841505391029586e-5
4.817516017834574e-5
4.794678126204226e-5
4.770713052077185e-5
4.7417216511010045e-5
4.7573292985560536e-5
4.712499345747955e-5
4.776643345394662e-5
4.745462544820166e-5
4.745734194195351e-5
4.7316132474442446e-5
4.750434245338203e-5
4.7398528132563814e-5
4.715926204710669e-5
4.743018415131918e-5
4.719292067450184e-5
4.7337639351301215e-5
4.718656109523849e-5
4.7259681094127965e-5
4.7057070817050324e-5
4.7122950292260776e-5
4.718870253727924e-5
4.7176506533338945e-5
4.716402608344465e-5
4.6943259973311854e-5
4.69501305214631e-5
4.70606861351291e-5
4.7129973477201304e-5
4.6995976844588474e-5
4.7142379150046005e-5
4.706702051405588e-5
4.716575218453329e-5
4.694161588966117e-5
4.71986446189638e-5
4.703812880161201e-5
4.687497176716692e-5
4.6921394830450446e-5
4.6938219802500626e-5
4.6799635695100404e-5
4.674993900426713e-5
4.682114995764195e-5
4.697231498131078e-5
4.695005617578732e-5
4.702401510950325e-5
4.663107930304447e-5
4.6717240552728595e-5
4.691095071952639e-5
4.686988019696354e-5
4.672782863018283e-5
4.7006842151577935e-5
4.688593258245746e-5
4.6973802816031195e-5
4.684209361702853e-5
4.68103637126611e-5
4.688267457001104e-5
4.686041159765152e-5
4.683850438275597e-5
4.701394986392022e-5
4.6901118316132964e-5
4.714958547583877e-5
4.703031820633755e-5
4.737999367257187e-5
4.710112231373838e-5
4.792486383678036e-5
4.7790205381257765e-5
4.9077381523547514e-5
4.93656359137553e-5
5.213052120115577e-5
5.294217668205749e-5
5.858633482751371e-5
6.160626734443857e-5
7.26564713907698e-5
7.9524373780581e-5
9.957175130250366e-5
0.00010816741604679223
0.00012984053739971028
0.00012545306557194293
0.0001240405061038016
9.591687645763917e-5
7.377450483103784e-5
5.6102448804137936e-5
5.3080455080159625e-5
6.35223172621802e-5
6.909408204865052e-5
7.51636538681419e-5
6.726672600958852e-5
6.091700991439344e-5
5.669663718083135e-5
5.452149142040973e-5
5.6888637591713714e-5
5.4302519850197106e-5
5.5501821606661824e-5
5.522057974262702e-5
5.465650757117609e-5
5.447298620645522e-5
5.010748095675751e-5
4.9071930670962596e-5
4.9001295145080414e-5
5.101494196354219e-5
5.345009061269471e-5
5.139813429384996e-5
4.937694527824413e-5
4.656380812545259e-5
4.695366520108582e-5
4.924263019191514e-5
4.963116726850272e-5
4.9902730482464154e-5
4.7944410235529914e-5
4.704715533062282e-5
4.719696012378452e-5
4.70564314461398e-5
4.81928202662618e-5
4.7285264321927016e-5
4.7264644274758543e-5
4.75081154197562e-5
4.687238425650501e-5
4.7226865249516714e-5
4.645994708232032e-5
4.6550194307976217e-5
4.693202733909347e-5
4.690717129704776e-5
4.742354210181622e-5
4.6525071070921764e-5
4.677236022717624e-5
4.651567508021943e-5
4.635112189248045e-5
4.686513001466855e-5
4.6540859513933475e-5
4.6655182546852105e-5
4.655885236298287e-5
4.627276937860669e-5
4.652677573417906e-5
4.6246525180372915e-5
4.665821718165399e-5
4.6385335561861484e-5
4.6319627080332784e-5
4.647790499186903e-5
4.642081915445173e-5
4.6270891730588014e-5
4.6302205651703245e-5
4.642086931464151e-5
4.6094967746260795e-5
4.606270021687824e-5
4.6359890284155473e-5
4.620488762078627e-5
4.642800016305996e-5
4.635881340324945e-5
4.6309521030921404e-5
4.622307764188173e-5
4.6207301091437576e-5
4.639310647910827e-5
4.6251569866312005e-5
4.6310384356387736e-5
4.620900388179685e-5
4.624545096488406e-5
4.616931917790996e-5
4.626173800089702e-5
4.618697850407016e-5
4.610149352497906e-5
4.58412483538641e-5
4.619189049334195e-5
4.603548375855891e-5
4.623933070375932e-5
4.607820598182245e-5
4.6179259738161446e-5
4.595151549982634e-5
4.611967682782679e-5
4.61663288814549e-5
4.607540283677461e-5
4.614409901849317e-5
4.608497874184028e-5
4.608932031234268e-5
4.60793511728747e-5
4.597824232264599e-5
4.6111777080681174e-5
4.5973575534582146e-5
4.589394621782653e-5
4.5977541041049795e-5
4.6151075271955335e-5
4.580554550206651e-5
4.589110203553679e-5
4.580224487436459e-5
4.586294498868361e-5
4.601627829559661e-5
4.603749507629803e-5
4.5988987071407704e-5
4.6339052059745733e-5
4.6210794589718885e-5
4.68700667825559e-5
4.69923281128145e-5
4.8348705183249636e-5
4.871579227051791e-5
5.204339622018261e-5
5.467700508757832e-5
6.20062202342139e-5
6.804294232521742e-5
8.087177749875083e-5
8.609482622672993e-5
9.207391335390219e-5
8.223809195664685e-5
7.326029122972562e-5
6.552999195259965e-5
6.893956669195127e-5
7.632356412242104e-5
7.677303000619466e-5
6.850988003402939e-5
5.595459220013337e-5
4.922971900013801e-5
5.197623152333129e-5
5.353097519813474e-5
5.44806109236422e-5
4.994324369822586e-5
4.912211628710795e-5
5.329660423394155e-5
5.535883871707942e-5
5.681400303321182e-5
5.149685073007512e-5
4.921956459280582e-5
4.882945416392016e-5
4.8997122628685945e-5
4.922976380034808e-5
4.678076419361828e-5
4.629793773354602e-5
4.7085528345077616e-5
4.837298475812039e-5
4.9215655578784065e-5
4.8231537561519854e-5
4.757705981396094e-5
4.769718435889858e-5
4.7596727686388024e-5
4.7976094064696634e-5
4.6537644682264046e-5
4.618357805964231e-5
4.589702938736022e-5
4.60451777602671e-5
4.660013430560131e-5
4.599684021886837e-5
4.616769246607894e-5
4.610928540720938e-5
4.627058040815989e-5
4.6594908697280875e-5
4.6353538757243836e-5
4.594465710393277e-5
4.607508009297974e-5
4.59765873435344e-5
4.614674354431346e-5
4.5854917859276185e-5
4.586633407484581e-5
4.5725237307299706e-5
4.542211144545452e-5
4.5657569485537815e-5
4.5442243963177205e-5
4.5728095245979343e-5
4.5483618883492595e-5
4.562333409974567e-5
4.5572003211963264e-5
4.557796411785092e-5
4.567214497164061e-5
4.559317602122441e-5
4.560749872040886e-5
4.547479823068085e-5
4.5571669691487786e-5
4.577590491037487e-5
4.542128267563928e-5
4.5634185230537984e-5
4.5424340132389e-5
4.575827511605748e-5
4.580479943337902e-5
4.5878935605832985e-5
4.596364104416369e-5
4.606742202672453e-5
4.6244491356932396e-5
4.664765999408471e-5
4.667711545309492e-5
4.748059334710036e-5
4.7711986815552244e-5
4.887933985795152e-5
4.962395582885969e-5
5.179910634537273e-5
5.335731995161496e-5
5.6793308144044254e-5
6.028031888318853e-5
6.592430254173674e-5
7.094298558080824e-5
7.886478549647523e-5
8.347728917174653e-5
8.891407620029637e-5
8.707373974316817e-5
8.345128338930171e-5
7.156498567849863e-5
6.105511929303475e-5
5.016537754299768e-5
4.612281923288022e-5
4.6314401608419674e-5
5.058541735463713e-5
5.64355749263036e-5
5.8847545166604765e-5
5.975406378934129e-5
5.567994522682419e-5
5.18561971166735e-5
4.71311624103194e-5
4.5741039888588676e-5
4.601810975619475e-5
4.8035455821969765e-5
5.030937436151579e-5
5.0885953237896615e-5
5.048042037409823e-5
4.8298945397609973e-5
4.717918124081678e-5
4.52353238996641e-5
4.5618200469222666e-5
4.596938773862339e-5
4.662818347077333e-5
4.760866689011965e-5
4.757856560760368e-5
4.718383636080578e-5
4.6098797889102565e-5
4.5397608257044815e-5
4.513066987616199e-5
4.523293569408023e-5
4.563497153032641e-5
4.575425757942038e-5
4.6113204368169784e-5
4.6083352715988916e-5
4.601131998815683e-5
4.550678210147155e-5
4.5391682235610324e-5
4.509115365672556e-5
4.511384559110546e-5
4.507043099817905e-5
4.53250286106355e-5
4.548244796462702e-5
4.52721633283429e-5
4.562866709767217e-5
4.542765513454629e-5
4.516412903479798e-5
4.4968295374175294e-5
4.516133295501287e-5
4.50825295080333e-5
4.503453584003789e-5
4.473857742086521e-5
4.492940605339686e-5
4.5267971786005235e-5
4.514341124490501e-5
4.5012137757483496e-5
4.502072645112381e-5
4.5044581788233526e-5
4.502600431661613e-5
4.503736824966719e-5
4.4879807206348796e-5
4.495632996230143e-5
4.4974978530051536e-5
4.4836790466574265e-5
4.4994377288825897e-5
4.494279730125508e-5
4.499882682606434e-5
4.499121218719836e-5
4.4953766475112974e-5
4.4862136492627244e-5
4.49989244253217e-5
4.4963278433290655e-5
4.464205305080674e-5
4.474668342501389e-5
4.4859998982791616e-5
4.4528581814753274e-5
4.492834331353453e-5
4.4582297823501715e-5
4.466962731967256e-5
4.494750274144134e-5
4.489984796042691e-5
4.494033159325315e-5
4.460341657215747e-5
4.47703439902548e-5
4.4823028627232496e-5
4.464068837978365e-5
4.473456035577133e-5
4.466169308263221e-5
4.481318746474412e-5
4.489027123001847e-5
4.4765146401590296e-5
4.5201719569697e-5
4.4803862053538644e-5
4.5612788038256865e-5
4.50951760557375e-5
4.671791118307309e-5
4.627537925777458e-5
4.894553089760277e-5
4.9209641412606916e-5
5.390984403330036e-5
5.543926926248246e-5
6.373714141313804e-5
6.629611838592952e-5
7.683697061959343e-5
7.678324513632546e-5
8.473643494482169e-5
8.14056104186351e-5
8.956839729427503e-5
9.206358523036401e-5
0.00010085223602172302
0.00010277849376742812
9.494496515621964e-5
7.899794293355352e-5
6.011904217423284e-5
4.951275931839548e-5
5.009954826522806e-5
5.685060126019699e-5
6.243390929783916e-5
6.343930000664232e-5
5.9732369659135425e-5
5.792059857920186e-5
5.365705058255344e-5
5.260325212190518e-5
4.917013363812617e-5
4.766700099791228e-5
5.0024657114845645e-5
5.090337961550684e-5
5.394014762677568e-5
5.043320974921836e-5
4.865415009074342e-5
4.595563403329401e-5
4.535429655671143e-5
4.817531211588867e-5
4.749382468919099e-5
4.8803691394327695e-5
4.6881903130341156e-5
4.684546536477875e-5
4.637541547314976e-5
4.555199206126254e-5
4.567437315525254e-5
4.514008808084056e-5
4.596712424546853e-5
4.5819666095984776e-5
4.626370395747888e-5
4.5812305789470725e-5
4.516459157878561e-5
4.47261084888423e-5
4.48368740878192e-5
4.506962799661269e-5
4.520402076569024e-5
4.5348544326589336e-5
4.4999453849121785e-5
4.5274574533426e-5
4.4564909036807236e-5
4.497113128316139e-5
4.438401583629968e-5
4.451204535325474e-5
4.431746699994218e-5
4.435859206361027e-5
4.483408878435962e-5
4.4457916386846456e-5
4.470228423114575e-5
4.4478411240422504e-5
4.4663409554258125e-5
4.446934460663071e-5
4.4261039856376536e-5
4.4438670782553685e-5
4.4327885443741044e-5
4.4359194434222466e-5
4.43155560284251e-5
4.437644013390999e-5
4.444260409525103e-5
4.410543425416507e-5
4.4435566709011326e-5
4.445586103809668e-5
4.4205243721094685e-5
4.449550945502743e-5
4.421038031451236e-5
4.444007098567098e-5
4.433923489671735e-5
4.4089188493177864e-5
4.426226266582269e-5
4.420996897081917e-5
4.439462586735904e-5
4.4080034400199816e-5
4.4329796702521204e-5
4.426526057145846e-5
4.432214778811098e-5
4.425528334062342e-5
4.4265869127835847e-5
4.423210754373803e-5
4.416589163630282e-5
4.41786507201864e-5
4.4246502522439415e-5
4.363807757349613e-5
4.407659719815836e-5
4.414712015082703e-5
4.418955485011973e-5
4.4258528532700836e-5
4.417768891731512e-5
4.395333205543109e-5
4.421155910272396e-5
4.407541603923392e-5
4.4217528301068853e-5
4.419198974504387e-5
4.3915026039812954e-5
4.395745716139949e-5
4.4127213144451795e-5
4.4166687675022785e-5
4.404254020869042e-5
4.3907774909781143e-5
4.407599369546173e-5
4.404576755806838e-5
4.405532732599771e-5
4.397656604818643e-5
4.412014052841936e-5
4.3804454794276115e-5
4.404554961098549e-5
4.403569489613327e-5
4.379258403196159e-5
4.3968360433901024e-5
4.374584980440813e-5
4.398386851386956e-5
4.399984007303441e-5
4.41845732043104e-5
4.413041907453186e-5
4.4773158409387685e-5
4.462315552852835e-5
4.6075338989110235e-5
4.6028866611515256e-5
4.9161196951857966e-5
5.05081932409111e-5
5.709741928995667e-5
6.153481284179268e-5
7.50902424482115e-5
8.216052124308336e-5
9.762902211908178e-5
9.558810878717349e-5
9.692489467754743e-5
8.67190261121302e-5
9.23674286560208e-5
0.00010106681016578624
0.00011570715340300176
0.00010728104785678846
8.611090051286756e-5
5.8641639604614094e-5
4.9200122927673056e-5
5.3195776896181544e-5
6.211869637910583e-5
6.435634809447625e-5
6.208399562830431e-5
6.395143057312578e-5
6.202002568890132e-5
5.931013925126995e-5
4.8527818575174744e-5
4.4497915822089366e-5
4.851886497072511e-5
5.3553655520234726e-5
5.758109336398722e-5
5.203851789446836e-5
4.8388244876159895e-5
4.636177749750223e-5
4.6297456402162754e-5
4.772821158250133e-5
4.655084452347934e-5
4.7814921005288006e-5
4.855503597106074e-5
4.8082391318949254e-5
4.592014390407771e-5
4.4109929024655966e-5
4.388861593840431e-5
4.555696224899337e-5
4.642443472033785e-5
4.5848996483585736e-5
4.5305116144757414e-5
4.427588042673368e-5
4.469422092582501e-5
4.416811375794463e-5
4.4211653570433966e-5
4.4103158586745564e-5
4.4336902960776304e-5
4.5232036447159435e-5
4.455470713625368e-5
4.447582062780669e-5
4.389931905427586e-5
4.371437403590192e-5
4.3965420259081485e-5
4.385787013872208e-5
4.435988925019186e-5
4.405753891265055e-5
4.421115736051587e-5
4.407535452626117e-5
4.377149037497179e-5
4.3815752054267406e-5
4.367954358053332e-5
4.379502097825807e-5
4.357100233065636e-5
4.3931717365131493e-5
4.3709589282188636e-5
4.3810452148795735e-5
4.3351185338383325e-5
4.36708249506142e-5
4.335819277215196e-5
4.351522982485333e-5
4.363683019228645e-5
4.355722967786664e-5
4.3626913211778026e-5
4.366371345897417e-5
4.3629970770893425e-5
4.349017374776698e-5
4.3563825253736146e-5
4.363454277687069e-5
4.3473494634129176e-5
4.353763320096856e-5
4.360123554261441e-5
4.365645792578489e-5
4.356699544357486e-5
4.354649046028862e-5
4.362464231329694e-5
4.353702177154186e-5
4.350814390825895e-5
4.3468121533214554e-5
4.3542094987989084e-5
4.3490323318160756e-5
4.3248765978348624e-5
4.348400192689467e-5
4.3407605914101776e-5
4.327781471239095e-5
4.359502280326956e-5
4.3521327857951175e-5
4.3194492488776425e-5
4.3458326773476276e-5
4.352008889720232e-5
4.324103498047601e-5
4.337225549157088e-5
4.333925264599065e-5
4.340112215658627e-5
4.3255077345156245e-5
4.332492895187721e-5
4.3377059396935106e-5
4.3436024690351985e-5
4.324738253751481e-5
4.327355318179955e-5
4.326918903751525e-5
4.3447926531473796e-5
4.335204263529384e-5
4.317278131169304e-5
4.347554314301793e-5
4.3157345096782876e-5
4.329965661204724e-5
4.312699260694166e-5
4.348256577762782e-5
4.323707982509935e-5
4.3420582333890474e-5
4.332113992443278e-5
4.332772244704288e-5
4.318185547427477e-5
4.334674420879618e-5
4.3299852923745025e-5
4.336318335883178e-5
4.310081878711913e-5
4.327971627620009e-5
4.329332807321544e-5
4.323126841187123e-5
4.329619397223457e-5
4.3331024988309784e-5
4.30267904111898e-5
4.346595930175903e-5
4.341675153157144e-5
4.361340431536041e-5
4.3530491673731654e-5
4.390636198801748e-5
4.4043813705335423e-5
4.464122294614767e-5
4.508438979316879e-5
4.65447067626575e-5
4.758923027926739e-5
5.058350098743096e-5
5.378865208643921e-5
5.9912252081956605e-5
6.736422042862596e-5
7.895349602536374e-5
9.234153358948048e-5
0.00010764679661974664
0.00011856318179466142
0.0001199472531960039
0.00010538096089796867
8.349260096944964e-5
5.8410098067884113e-5
5.1156576862657966e-5
5.4051714052563864e-5
6.643006356381397e-5
7.075160380058061e-5
6.62258637713875e-5
5.612335071936126e-5
4.803628079012911e-5
5.129753525887208e-5
5.5041007570614644e-5
5.8642540192352396e-5
5.2057632727687654e-5
4.615525868936602e-5
4.494169453077554e-5
4.7431993269637465e-5
5.241387894100284e-5
4.985205079396319e-5
4.704926523369427e-5
4.363718632676552e-5
4.5194063481396546e-5
4.7715472924766575e-5
4.67365379116867e-5
4.532857467323763e-5
4.3368252466911095e-5
4.464763430410226e-5
4.6133000832159666e-5
4.5877416895898575e-5
4.436676147684875e-5
4.3158555210586215e-5
4.331657710688756e-5
4.4645379332335146e-5
4.425150914495393e-5
4.403667559856168e-5
4.307642387805144e-5
4.3288652093886365e-5
4.407065683931576e-5
4.3741298811547195e-5
4.381432846100164e-5
4.286190778517515e-5
4.305431615148537e-5
4.3709654313951285e-5
4.343971949434968e-5
4.370467911688249e-5
4.298265136381676e-5
4.3234795918281396e-5
4.3190126595296405e-5
4.3097814744375106e-5
4.3208531439133636e-5
4.3098100481248545e-5
4.2928465492354494e-5
4.305925901676587e-5
4.263289806606451e-5
4.31982764633356e-5
4.3114115236232816e-5
4.286474119559196e-5
4.309721552007597e-5
4.301744029970294e-5
4.3170063731339076e-5
4.292044886428462e-5
4.3072265412401445e-5
4.294417987814699e-5
4.291640429826502e-5
4.299111081842792e-5
4.299623666430007e-5
4.2898669188078474e-5
4.2692933424988545e-5
4.2925632952350376e-5
4.2957001741147505e-5
4.29591825065542e-5
4.2829594149962756e-5
4.297991391347163e-5
4.2706122069667756e-5
4.2974114409557666e-5
4.281970626565737e-5
4.2645045454964536e-5
4.275485761597272e-5
4.27759125460301e-5
4.268238185674725e-5
4.26533774296643e-5
4.272002959665724e-5
4.273421533277953e-5
4.283303836205803e-5
4.2778646337778365e-5
4.281643619210078e-5
4.285129898470453e-5
4.2683784633347686e-5
4.287106014621749e-5
4.2722307874865164e-5
4.279416774660603e-5
4.262992640340706e-5
4.279835511912357e-5
4.26758295789331e-5
4.28390392916833e-5
4.273988996816382e-5
4.28139499951245e-5
4.26124555744552e-5
4.277494255434428e-5
4.261412016818024e-5
4.27573651384913e-5
4.2561302060089263e-5
4.289299061645708e-5
4.274296614114299e-5
4.319417271659882e-5
4.255843734225026e-5
4.373567488381711e-5
4.3289366538550574e-5
4.455368939730811e-5
4.438221338583472e-5
4.676629307535857e-5
4.708645806487587e-5
5.208594155286405e-5
5.359957993735689e-5
6.282607160011434e-5
6.743255474190207e-5
8.316096891002666e-5
8.945854252181576e-5
0.0001060263993452839
0.00010308266826599727
0.00010450664761256796
8.545269503366764e-5
7.432866907119292e-5
6.021782010084082e-5
5.4753459527302565e-5
5.421866157252962e-5
5.209304132833933e-5
5.49609473505519e-5
5.4477338744883625e-5
5.892677580114336e-5
5.929129377646061e-5
5.6857789824895036e-5
5.10099377630673e-5
4.459250208676112e-5
4.3392231760815794e-5
4.628278994246519e-5
5.0612001914725156e-5
5.238841254247134e-5
5.0265962018620785e-5
4.589475297157606e-5
4.367340079280628e-5
4.295076629964622e-5
4.496646367819813e-5
4.5957282669962673e-5
4.6295912347197875e-5
4.550783592517479e-5
4.4140062474843645e-5
4.470387931567262e-5
4.361463538183266e-5
4.404519706802087e-5
4.322224588567399e-5
4.303700297863915e-5
4.3733746371443785e-5
4.337614782215442e-5
4.4461755222116174e-5
4.3273123218198025e-5
4.344874742006964e-5
4.226989206463927e-5
4.240430069955492e-5
4.293042479822009e-5
4.2661859091179214e-5
4.36229556471057e-5
4.2780134685407e-5
4.299833212138638e-5
4.245416686352085e-5
4.256806378267505e-5
4.2679144549040254e-5
4.2382213915705436e-5
4.257242687285459e-5
4.22568338829972e-5
4.272674480646389e-5
4.2586602543693625e-5
4.2434626689152883e-5
4.260336749552644e-5
4.2391065482241626e-5
4.240168229653102e-5
4.239012484632105e-5
4.239282963477258e-5
4.231561635379228e-5
4.247658510928448e-5
4.24995316905592e-5
4.249473558382036e-5
4.228829522506533e-5
4.250463707448143e-5
4.2379676029642695e-5
4.246460601741596e-5
4.231831191158278e-5
4.2169317950092316e-5
4.214041012249921e-5
4.2234713207456203e-5
4.223687391133967e-5
4.1970306550082424e-5
4.2231576348310795e-5
4.2239221429490615e-5
4.236062607789772e-5
4.220943694920211e-5
4.231226124809907e-5
4.2208439633611775e-5
4.232107183041793e-5
4.2256573062662194e-5
4.2314329125935695e-5
4.2182946049222526e-5
4.221567978352142e-5
4.223387686508223e-5
4.216058243995456e-5
4.225454444466336e-5
4.221470829051279e-5
4.2143553856598476e-5
4.218659768425152e-5
4.215222461516836e-5
4.216527203266769e-5
4.223851339473129e-5
4.222554212528786e-5
4.209325875645751e-5
4.194263063742749e-5
4.191502151689431e-5
4.224215096132642e-5
4.21371643203521e-5
4.199322320083114e-5
4.212320203764218e-5
4.221391920800192e-5
4.210065412869424e-5
4.217325067056619e-5
4.222764679865707e-5
4.216628926835367e-5
4.217371507686638e-5
4.2021593932624934e-5
4.223214000185657e-5
4.1928979305676464e-5
4.2036315803189225e-5
4.203907790930073e-5
4.214530701457784e-5
4.1815952487472756e-5
4.218560718974509e-5
4.2109787203988016e-5
4.2189978500998725e-5
4.212373903965786e-5
4.24616326008912e-5
4.2230603777106166e-5
4.255778560363121e-5
4.245981927008731e-5
4.3004505258068217e-5
4.265602375521548e-5
4.408678548060341e-5
4.401176334594012e-5
4.615558886611605e-5
4.669173627176007e-5
5.092679280137528e-5
5.3166596970671754e-5
6.175638126929925e-5
6.771386403742591e-5
8.336690486090998e-5
9.382951140486623e-5
0.0001152157259694295
0.00012072413715864762
0.00012855019303682015
0.00010644967385878466
8.426185391311407e-5
5.398847712718732e-5
4.310249502960616e-5
4.82489097922278e-5
6.090859604772134e-5
7.550938549750777e-5
7.22334233568734e-5
6.381139630060829e-5
4.790529215595937e-5
4.233612602182107e-5
4.605398082780314e-5
5.2537491639049345e-5
5.8863879714753757e-5
5.38728355531066e-5
4.8411645554101516e-5
4.237336254970562e-5
4.2794300782304185e-5
4.7581704938508396e-5
4.919594644027722e-5
