0.8626101285015747	0.7798762549272543	0.7101709560096573	0.6502389619420917	0.6006600438015303	0.5612300699768124	0.5299374239131712	0.5047930419523201	0.48434251130451556	0.46749790760313864	0.4534448604341699	0.4415723145907746	0.43141759867200496	0.4226361917065091	0.4149757423017721	0.40824918501295343	0.40230559038837066	0.3970221986054533	0.39230445149572446	0.3883262474228851	0.38464345430490027	0.3811449477685614	0.377830727773161	0.3747007936643343	0.3717551456627865	0.36899379123264064	0.36641671724287	0.36402393234724245	0.3618154315207638	0.36256967710642307
0.8732152469278424	0.786751415866296	0.6989807415813407	0.6110403599692134	0.5277551628519788	0.45335039199693744	0.38922398716424994	0.33495734989479	0.2892986935365395	0.25083301828280313	0.21819556933721065	0.19024497067061477	0.16605851510222386	0.14491729212227397	0.12626861211215407	0.10969209769735437	0.09484461363233468	0.08144557002878557	0.06927700257363963	0.05880832572866115	0.048978804470613695	0.03951167956729617	0.030406950899141166	0.021664616666709033	0.013284677518263687	0.005267154887366712	-0.0023879890594156157	-0.009680729149081429	-0.016611080386403656	-0.01771523969333127
0.0	0.25918507656280887	0.46393723053372393	0.620202304521726	0.7281069483532767	0.7947733371853412	0.8339420650488112	0.8573939009125082	0.8721021037542851	0.881960417200119	0.8888996912570267	0.8939613826566818	0.8977709691012952	0.9007065523296895	0.9029770497676759	0.904713331571871	0.9060106150700524	0.9069422948674613	0.9075599361196347	0.9078606150546792	0.9080023710536337	0.9080130242671031	0.907892574686197	0.9076410222854217	0.907258367112977	0.9067446103293065	0.9060997497711931	0.9053237870937145	0.9044167209646307	0.9014019385296691
0.0	0.07724374398173642	0.19172242440416506	0.3237263222837658	0.45181805564731253	0.5625029450275728	0.6513289520151243	0.7198783945273137	0.7723145261647879	0.8127282156999882	0.8444775574830732	0.8699327375093285	0.8907964818488077	0.9082636798151467	0.9231346789502647	0.9359456220952631	0.9471085831508909	0.9569472100701348	0.9656966649068587	0.9729485052488799	0.9796505480859998	0.9860499771625858	0.9921467925554802	0.9979409954689004	1.0034325854862254	1.0086215486416426	1.0135079095362318	1.0180916518964858	1.0223727852700069	1.0217888440920297
0.0	0.0039047322379930733	0.0205752749458998	0.051681294754104525	0.09649085511304618	0.1497793271438078	0.20500335135766223	0.2574269065841486	0.3048941244115725	0.3468155046038483	0.38354466286621697	0.41572458668952994	0.44401739669503265	0.4690166279804832	0.49124179507137045	0.5111178938335724	0.529003226038658	0.5451962749283503	0.5599356084846009	0.5726605499953039	0.5846194985416253	0.5961388768679421	0.6072186851198367	0.6178589254871173	0.6280595971804727	0.6378206741074861	0.6471422023263833	0.6560241511893957	0.6644665389682833	0.6658420221030569
0.0	0.08875345636599562	0.1814179461830787	0.27585364213199515	0.36633595532773294	0.447741346041302	0.5180100635985738	0.5773231573422333	0.6270122809793158	0.6686653719797342	0.7038329403883431	0.7338033043566157	0.7596139412427253	0.7820700255740191	0.801787959490519	0.8192351883699031	0.8347926266190647	0.84877135752666	0.8614125492862372	0.8721873099215276	0.8822693285258638	0.8919668612920486	0.901279908341643	0.9102084715150869	0.9187525501533069	0.9269121224213681	0.9346872268495262	0.9420778378230444	0.9490839705748993	0.9499087824389865
0.9504459286038573	0.9187784057051389	0.893705096507966	0.8721199709511195	0.85265629616009	0.834646857371474	0.817735896858987	0.8017317301319089	0.7865259010460942	0.7720576797096301	0.7582944935183694	0.7452165619476387	0.7328061219853188	0.7210468791076686	0.7099233420843978	0.6994154892447987	0.6894997052575825	0.6801515329773584	0.6713457414774134	0.6630563171701256	0.6552564487702487	0.6479186360462892	0.6410167519420255	0.6345257606558942	0.6284215749023234	0.6226813681989837	0.6172835378782506	0.6122077600820297	0.6074349536940614	0.6029472902293772
0.65183850864417	0.6247491449797195	0.6002866791764219	0.5769745809493071	0.5542195577425144	0.5317851959043516	0.5095951080991709	0.4876566962136464	0.4660176687143706	0.44474555282286343	0.4239158474192747	0.40360180427948883	0.38386691567591447	0.36476460672611605	0.34633831558842215	0.32861613639234943	0.31161119678571003	0.2953287214997986	0.2797662896960937	0.2649138208829366	0.25075354796749744	0.23726044246467623	0.22440921416460952	0.21217139764250362	0.20051741925198244	0.18941819112031902	0.1788450393237233	0.16876981039045413	0.15916480166056068	0.1500027803583231
0.0	0.11298269570158248	0.20044735458942742	0.2731290134054458	0.33606905134108245	0.3918733819436506	0.4420233520761889	0.4874024001271756	0.5285974079665983	0.5660307195219264	0.60003419120049	0.6308998094119307	0.6589034071460854	0.684306046759337	0.7073546559351213	0.7282848310118781	0.7473166044968476	0.7646510347369717	0.7804701009860896	0.7949367231539866	0.8081947878907605	0.8203696620259424	0.831574341128871	0.8419025466943941	0.8514371573543108	0.8602529438759791	0.8684166256474309	0.8759867864483538	0.8830139299037166	0.8895404642381616
0.0	0.011054717051553364	0.0273105841230326	0.046529139409441964	0.06766505204700728	0.09010308144891623	0.1133913510101163	0.13715157155007104	0.16104501123825724	0.18476812976090654	0.20805566483140336	0.2306865448233628	0.2524871686853106	0.2733314171622739	0.2931356169664842	0.31185835490136404	0.3295009177650006	0.3460781768913995	0.36161744444191657	0.37615848951322595	0.38975356460233257	0.4024665370663823	0.4143553959823553	0.42547541916885684	0.4358808879835571	0.44562261296755895	0.4547479965252324	0.46330093966209696	0.4713219032112253	0.47884789103273095
0.0	-0.005918831251736122	-0.007236514321309254	-0.00538017992957337	-0.0011663482995062544	0.004905484818713848	0.012499465335359077	0.021371915981283355	0.031325111071888075	0.04218603520058917	0.05379348898567803	0.06599146403066376	0.07863043508120636	0.09156728499484387	0.10466647621117971	0.11780737530872827	0.13088524414551891	0.14381054997758352	0.156508959506461	0.16892134789064567	0.1810038213253702	0.19272713207955616	0.20406877801117132	0.21501905599625135	0.22557439572123886	0.23573465183922285	0.24550316994606405	0.25488668892581934	0.2638954046543723	0.27254295258098127
0.0	0.0282126717399048	0.05437353692298044	0.07964492174194523	0.10447552867512143	0.12902552571839412	0.1533256658074669	0.1773392832703146	0.2009981962330711	0.2242199090476609	0.24691788203587267	0.26901060082153927	0.2904284228905497	0.31111383679692994	0.3310211907114771	0.3501220415476247	0.36840487422612367	0.38586693016197243	0.40251390352396504	0.4183599565854182	0.4334277484889691	0.44774794741802604	0.46135109019183435	0.47427090247831166	0.4865421611644628	0.49819889281722823	0.5092744490504607	0.5198013947089059	0.5298115810271244	0.5393361255881916
0.39908567029218384	0.38062391283611036	0.36468950646006626	0.35030365493174576	0.3369708346250308	0.3244174623970737	0.31248394497713555	0.3010771635266075	0.29013673649612604	0.2796268055021465	0.2695246730675666	0.2598143874379461	0.25048264526199643	0.24151837968770523	0.2329117100247293	0.22465214651607063	0.21672922637483605	0.20913219246975226	0.2018500351258484	0.1948714690312721	0.18818493611224543	0.18177895712893402	0.17564181577278926	0.16976188423676378	0.16412794797992508	0.15872921240834478	0.15355526420808424	0.14859613201117272	0.14384226916183732	0.13928500493537468
0.9999999984046508	0.9816667679561268	0.964317419732269	0.9474570741858523	0.9308234032795772	0.9142572013110422	0.8976513769027292	0.8809293355062433	0.8640346485506563	0.8469290914061552	0.8295909386639362	0.8120145486169577	0.7942091211540024	0.7761985644364855	0.7580183867215033	0.7397169161055848	0.7213493793076815	0.7029718201658444	0.6846411949091781	0.6664153186222855	0.6483528417185107	0.6305076909079698	0.6129245136038238	0.5956431218426043	0.5786977670443972	0.5621171615826245	0.5459243585994492	0.5301369383557095	0.514766941208145	0.4998222077693926
0.0	0.06510686303546778	0.1185355036656585	0.16412941997143493	0.20393980451569027	0.23915149396366608	0.2704897098096039	0.2984084393832111	0.32323327110993605	0.3451969644659768	0.3644910509675098	0.38129459519014536	0.39578933688193263	0.40816131469473393	0.41859936660908803	0.4273040153416078	0.434474044381961	0.4402968106837893	0.4449482039452423	0.4485926675460237	0.4513832042095578	0.4534579278249854	0.4549306495875894	0.4559006215394945	0.45645537357536536	0.4566707141602386	0.45661073052338785	0.45632778634092586	0.45586274670817306	0.455250655155611
0.0	0.014337827929366168	0.03028936157527385	0.04718515478101571	0.06464536336902714	0.08240495384596316	0.10024795021596114	0.1179815377872645	0.13542780988181966	0.1524232367936234	0.16882009022871336	0.1844896252957248	0.19932490342260065	0.21324095321996686	0.22617382200011246	0.23808403458861296	0.2489511432864506	0.2587694511347192	0.26754795290493394	0.27531036671494646	0.2820950840638513	0.2879478412001651	0.29292219946497683	0.2970770824143437	0.3004722740391419	0.3031684171045811	0.3052270302069538	0.3067104773431498	0.30768170120677096	0.30819736404790876
0.0	-0.0013311050641089223	-2.570162755663542e-5	0.0033116378466392623	0.008362538394437855	0.014968050670551264	0.023060984433408708	0.032630665305712445	0.04368391966061958	0.05623400441828451	0.07028243149640231	0.085807069137285	0.10275686967619878	0.12105136764768011	0.14058607776965998	0.16122621097665013	0.1828222501169105	0.20522389942525043	0.22827997456230767	0.2518384655637792	0.2757465794784759	0.29986168408287595	0.3240614581389922	0.3482344607480153	0.37228110451419105	0.39611362363450636	0.4196562478782325	0.44284493473300673	0.46562746106960023	0.4879613236334454
0.0	0.019556458808366844	0.038260207858658975	0.05651671465807169	0.07454834571206637	0.09249772876296668	0.11046735473080463	0.12853622889807914	0.14676554094016311	0.16519941478871625	0.18386490374115058	0.2027713269745586	0.22191124850736543	0.24126057826906513	0.26078205828512413	0.28042404626208894	0.30012727221770313	0.31983164494018196	0.33947614984432956	0.35899890639917675	0.3783371925798912	0.39743330493014034	0.41623949770763724	0.4347131783319946	0.4528176111152681	0.470521894260424	0.4878010881523916	0.5046360163690056	0.5210133427754547	0.5369242764418948
0.34394948155834	0.32498980069504685	0.3087350616722066	0.29413145154173514	0.28066356699692924	0.26805636201930133	0.25615456461669	0.24487028824942994	0.23414791256244652	0.22395317961214256	0.21426336244170072	0.20506066052150887	0.1963286395109088	0.18805170398853338	0.1802148358772874	0.17280165679612855	0.16579477258567996	0.15917645111237447	0.1529286664399625	0.14703307162526016	0.14147102176431947	0.13622427365058237	0.13127481652304424	0.12660528690729636	0.12219923892610364	0.11804115667558274	0.11411641422094478	0.11041133527390057	0.10691315004327649	0.10360991640960351
0.7882014093955148	0.7684646176370793	0.7498352701375804	0.7317849023780093	0.7140483174234804	0.6964770306775389	0.6789834629184863	0.6615180269945161	0.6440566565722519	0.6265970469559236	0.6091550128817148	0.5917613706512176	0.5744549335593373	0.5572818105537519	0.5402939195764028	0.5235418553694406	0.5070742868351156	0.4909342204082001	0.4751587976523204	0.4597792330769199	0.44482086889889655	0.4303032714052955	0.4162367831482617	0.40262702264797584	0.389476243082557	0.37678336950508456	0.364543877275183	0.3527499729028667	0.3413904684030534	0.3304532043846463
0.0	0.06517127135849128	0.11774888440551286	0.161895339070522	0.1997957785875266	0.23270939512285194	0.26142127927039926	0.2864495758594627	0.3081888940106392	0.3269548814190721	0.34302462561476726	0.3566619429180933	0.3681204490244175	0.3776447196062599	0.3854696775477639	0.39181676373360685	0.39689087645365895	0.4008773809832077	0.40394190291989807	0.4062303502194357	0.4078691255076587	0.4089699288419058	0.4096226150509643	0.40990346437618685	0.4098790407139852	0.4096061918766858	0.40913204749626286	0.4084940217539453	0.4077198212316036	0.406833088781429
0.0	0.01717652776445378	0.03597188246239283	0.055604875001566606	0.07561780742989634	0.09568361943833446	0.11553804852514853	0.13495591831998557	0.15374433125803802	0.17174201271683437	0.18882057277935366	0.2048857217935772	0.21987269793236044	0.23374585980627688	0.24649669863132598	0.258138817230105	0.2687067733309979	0.2782440084422975	0.286802055995176	0.2944405837689484	0.3012271837224015	0.3072292068665449	0.3125132280679181	0.3171440061473701	0.3211822882900544	0.32468479902879865	0.3277042745183957	0.33028941082751595	0.3324849018746625	0.3343312766753024
0.0	-0.00025579930275213203	0.0023070965971699704	0.007037547470394729	0.013589110213606155	0.021774232683747098	0.03148635276921105	0.04265845104795062	0.055226250734233776	0.06911612356885896	0.08423398956754896	0.10045930882107354	0.11765547443304368	0.13567050661123872	0.1543400409604249	0.17350086151207197	0.19299337991231447	0.21267159280379952	0.23240367684861804	0.25207206063564275	0.2715733105016125	0.29081798967070516	0.30973868573351415	0.3282806310366433	0.34639874107491153	0.36405756307716564	0.3812314447890718	0.39790428366827035	0.4140696968313922	0.429725330040407
0.0	0.021004123008067428	0.041031197342255944	0.06051437232191782	0.07967764546328289	0.09865266864314731	0.11752160057143651	0.13633441952696612	0.1551169445679589	0.1738732086212499	0.192588087103743	0.21122979118940485	0.22975758704455418	0.24812254253815247	0.2662691652169104	0.2841433931527582	0.3016933358285683	0.31887330095636696	0.33564401761340207	0.3519727025792151	0.3678329972796571	0.3832046957489661	0.39807747102639035	0.41244608458943144	0.426308888818848	0.4396677877957032	0.4525283652825233	0.46489969429414774	0.47679446926992214	0.488226356861183
0.7511155675015546	0.7119426463840889	0.6823274150217136	0.6574333051469305	0.6353251914457726	0.6151638634989111	0.5965668288020579	0.5793450850134199	0.5633975877655435	0.5486572365305773	0.5350628196372396	0.5225504531104092	0.5110537641427549	0.5005022143454505	0.4908228557643734	0.48194583861548107	0.4738045857146297	0.46633578085361976	0.4594795179244796	0.4531813463850178	0.4473923680077441	0.44206767099789673	0.43716627849182516	0.4326511442775109	0.42848916324277264	0.42465116689871296	0.4210858276359409	0.4176526201804914	0.4143410614305168	0.4120270713163998
0.5866500865289537	0.5501615334978258	0.517600917725729	0.4868200311523795	0.45713576562751723	0.428402061612587	0.40067472439249746	0.3740679101821259	0.34869658359466527	0.32464442040900743	0.30195676589224557	0.28064298537660387	0.2606793009318048	0.24201661286606738	0.22458612299967665	0.20831529107344451	0.19312856089682384	0.17894733704630764	0.16569119304811597	0.1532868408190819	0.1416657083694593	0.1307637705634181	0.12052191430275408	0.11088592944997928	0.10180653050796246	0.09323934875019094	0.08510381661463347	0.0771789426723023	0.06944827448869899	0.06331017147810054
0.0	0.13592171705791378	0.2355757047783721	0.3149467473888475	0.3810108632936668	0.4371630124358761	0.4852831807588254	0.5266107295523721	0.5620799921903326	0.5924804311537596	0.618515673302261	0.6408147379447875	0.6599345869226021	0.6763556696325339	0.6904823271840383	0.7026646177903227	0.7131993467942157	0.7223300773352899	0.7302518439413929	0.7371345066831781	0.7431108028919884	0.748296355341455	0.7527923357559947	0.7566854685494292	0.7600480210319879	0.7629378092898484	0.7654282208978291	0.7677379158044323	0.7698850602012308	0.7706992239778165
0.0	0.01986274315053798	0.048050242905288254	0.08056239437226596	0.11536642417723605	0.1511173603821228	0.18678629909767103	0.22156860978340032	0.2548660037260266	0.2862896437246776	0.3156171275069375	0.3427571478756411	0.36773673615427827	0.3906489872801121	0.4116353950234898	0.4308415392591971	0.44841455441653344	0.46450315434400646	0.4792557897505614	0.4928028334096859	0.5052591594293022	0.5167297955620105	0.5273096801003425	0.5370836711259157	0.5461265239708708	0.5545029006523895	0.5623171385920313	0.5698629981190407	0.5771631862569625	0.5824487697104923
0.0	-0.004185021722915186	-0.0023510026447514593	0.003519032843878769	0.012273336315450896	0.023184193676340725	0.03573132995236166	0.0494934940768173	0.064105880646126	0.07924355454584661	0.09462269421468023	0.11000422217109816	0.12519238695407153	0.14004091682311723	0.15444978753891736	0.1683455647158168	0.1816806547202526	0.19443332756697138	0.20660447659387043	0.2181996848037411	0.2292372295086872	0.23973835725782827	0.24972569496949623	0.2592232588648832	0.26825643341826466	0.2768519783324955	0.2850807232129056	0.2931204466883806	0.3009827486891281	0.30739012360358015
0.0	0.037696061403431916	0.07230248993183674	0.10545890606957578	0.13762159796196202	0.16881873769632158	0.19892620426033308	0.2277876232740734	0.2552622793664455	0.2812531056294162	0.30570954647257315	0.3286230753839161	0.35002375438330996	0.3699700761631498	0.38854250539832375	0.40582533817302563	0.421905854669184	0.43687434354432325	0.4508227349931221	0.46383430018011323	0.47598653884244674	0.48735166598290486	0.497996212130502	0.5079810327533093	0.5173612857028156	0.5261864396094417	0.5345431031402952	0.5426726438766508	0.5505933672833632	0.556801704662513
0.4934331947936938	0.4751112710585599	0.4598978794319573	0.44663539451387013	0.43475425009100555	0.4239379049089298	0.4139945551857148	0.4047963538457439	0.3962549235869712	0.38830312254120125	0.38088740774274554	0.37396441613968195	0.36749720998154234	0.36145283180145643	0.3558013752596046	0.3505160045246565	0.34557237728432827	0.3409478105906846	0.3366214642783446	0.3325738112458504	0.32878663462550267	0.32524304101555734	0.32192744307516996	0.31882553187186663	0.3159238480059123	0.31320996531993034	0.3106722988756129	0.3083000594202395	0.3060832296989454	0.3040125780688663
0.3273104117814517	0.30866082700480113	0.29170622204664554	0.2759102011944322	0.26102504541343774	0.24692189142257012	0.23352626731771164	0.22078834333103786	0.20867124987077962	0.1971433036736665	0.1861753490033644	0.17573980459227226	0.16580928125018674	0.15635702456058467	0.14735695253276393	0.13878368595282792	0.13061266034556565	0.12282030256130742	0.11538414354223384	0.10828289896526282	0.10149646842939493	0.095005958783778	0.08879365338380059	0.08284301193619963	0.07713851219795985	0.07166576086888744	0.06641124875272005	0.06136235356226812	0.05650729184659719	0.05183514705402257
0.0	0.06519081797315587	0.11708828491263806	0.16033818449342052	0.19740793505667809	0.22976124790270036	0.25833686805042727	0.28378774978292937	0.3065815885289091	0.32707896318864577	0.345567598611925	0.3622785846657188	0.3774031588054636	0.39110697330512045	0.4035352637298057	0.4148128051640208	0.42504811278582577	0.434337886455675	0.44276675571291907	0.4504120994445838	0.4573440656922121	0.4636255468107312	0.46931221204343626	0.47445279346514607	0.4790926602139006	0.483272474480747	0.4870292476266705	0.49039681939631946	0.4934058940743891	0.49608402016957004
0.0	0.014882118562620578	0.030916124140396586	0.04735448525342958	0.06383063146746652	0.08013757314518931	0.09614686883919575	0.11177218931165515	0.12695518672484105	0.14165505039016024	0.155844233155453	0.1695060785446721	0.18263276073401244	0.19522232587243207	0.20727770020091374	0.21880664955328397	0.22982045076742091	0.24033301559515324	0.250360595600666	0.2599199818780945	0.26902849960247904	0.27770397666501806	0.28596478500262645	0.29382972681472114	0.3013168953957449	0.308443949993625	0.3152280684510792	0.32168575795154125	0.32783291748747395	0.3336848015872159
0.0	-0.0012036048245803116	-8.150798648920196e-5	0.0025290922540729664	0.006122427350829699	0.01037112311100539	0.015053715447343118	0.02001352475940537	0.0251398994508924	0.030351642029084382	0.03558861538964463	0.0408074688423985	0.04597768221360094	0.051076225048005304	0.05608577412154805	0.060994697001346375	0.0657955939530552	0.07048363202058562	0.07505652102786853	0.07951291961487307	0.08385242955521487	0.0880755810610655	0.09218385218601348	0.09617958613148556	0.10006509720404948	0.10384295106442817	0.10751590515415187	0.11108677058206076	0.11455844540652677	0.11793389506891559
0.0	0.02006828765641001	0.03855178158011291	0.05587672320321325	0.0722399599197303	0.08774583988496922	0.10245782625608876	0.1164218110282157	0.12967522517154356	0.1422526702119602	0.1541875280333505	0.16551247290177235	0.17626037855764404	0.1864634281198408	0.1961529290295692	0.20535928029515263	0.2141118198939386	0.2224384686913359	0.23036569138787139	0.2379184650847036	0.24512028009476633	0.25199311514319295	0.258557470043477	0.2648323732380589	0.2708356337837585	0.2765837021577349	0.2820919729141385	0.28737479611677436	0.2924455278073796	0.2973165005766855
0.4554520884621284	0.43691340860909356	0.4216832006744382	0.40851755732601924	0.39680931345119386	0.3862213738633514	0.376548293269642	0.3676520980815403	0.3594360179047547	0.35182559061994517	0.34476132496524126	0.3381946403108602	0.33208422450824776	0.3263933138310999	0.32108903553307233	0.3161423948528232	0.3115270605587374	0.30721922987783085	0.3031970557383801	0.29944030163145624	0.2959303442816839	0.2926501765907411	0.2895843996105323	0.2867188630914524	0.2840403872348823	0.2815369580073957	0.2791973745601397	0.27701127874333525	0.2749691340563602	0.27306223368407695
0.28706815853131906	0.268046847981768	0.2509400070297667	0.23515868505493603	0.22042563915100846	0.20658982273029047	0.193557408379348	0.18126107221999016	0.16964785485786166	0.1586715864063229	0.14829050422756263	0.13846601967051134	0.12916162244284396	0.12034291578665422	0.11197752772479423	0.10403514783453664	0.09648732386335993	0.08930766080836834	0.08247155434223345	0.07595604898060108	0.06973984234062576	0.06380329017705397	0.0581283926365576	0.05269849919001123	0.04749814703766037	0.0425131680216744	0.037730304374935894	0.03313726840099114	0.02872270033305758	0.02447618501591667
0.0	0.06573095974712849	0.11744142228265109	0.1600877730819483	0.19628401691812433	0.22757840831993792	0.2549667281801032	0.2791432832724255	0.30060833216481336	0.3197492599891138	0.336873652588873	0.3522286005016863	0.36601755387011775	0.37841638428747376	0.38957700533991313	0.3996276168959704	0.40868068131903174	0.41683279659834316	0.4241698395483362	0.43076951184457074	0.4367013345365766	0.442026642730136	0.44679860005278227	0.4510645839778147	0.454868264749951	0.4582481609667039	0.4612396031163592	0.4638746973179457	0.46618235344147674	0.4681882751376216
0.0	0.016066815783733646	0.033257618714192624	0.0507722708580621	0.06822437451704867	0.08540008946272988	0.10217075125723053	0.11845389947304236	0.1341976924550822	0.14936931689381538	0.16395029865350774	0.1779334608995781	0.19132043281100666	0.20411804740450892	0.21633763772334574	0.22799487700039386	0.2391076421098248	0.24969633282733691	0.2597821046253988	0.2693861386617752	0.2785296355295475	0.28723380783853314	0.29551990047135956	0.3034087324697364	0.31092008845627467	0.31807307580151645	0.3248859962346773	0.3313762587513989	0.3375604399898086	0.3434542605857429
0.0	-0.0013680951727443606	-0.0004321222707231704	0.0019401170036766377	0.005233332835193902	0.009120431750659122	0.013384987600200848	0.017877730938577512	0.02249622949989858	0.027167205347216884	0.031838318473488426	0.03647326623299852	0.04104751470660108	0.04554291706689463	0.04994661266502231	0.054250917632173865	0.058451038942992	0.062544844684619	0.06653158189330907	0.07041123988178385	0.07418454795177655	0.07785297244112724	0.08141872479512478	0.08488436979658665	0.08825238021243835	0.09152545145884632	0.09470631453811217	0.09779769577952582	0.10080234458047935	0.10372302224538082
0.0	0.020353380793778544	0.038902074366188505	0.056120958254023134	0.07223682221107984	0.08737794105987136	0.101629156037655	0.11505576479526118	0.1277128828408026	0.13965080227942286	0.15091640660693326	0.1615539422551851	0.17160566307912278	0.18111145508075632	0.1901088540867499	0.19863300646630844	0.20671683812533537	0.21439074003899578	0.2216829717941955	0.22861983680924824	0.23522567776003192	0.24152287121083918	0.24753184226745173	0.2532714259757356	0.2587590793153195	0.26401075625240883	0.26904136085585184	0.2738646845323788	0.2784934504075618	0.2829392957944433
0.1946075168052225	0.18366576901875128	0.17364205874971425	0.16430759563339514	0.1555233348916359	0.14719991775345467	0.13927754031131312	0.13171603835104448	0.12448636422110958	0.11756602031852754	0.11093820081972416	0.10458876814234302	0.0985054379130658	0.09267675460051192	0.08709199722895439	0.0817411967620595	0.07661480266013139	0.0717032371322139	0.06699727749652609	0.06248800850091478	0.05816681823564819	0.05402540002491433	0.05005576131235226	0.04625020635545073	0.04260133979668077	0.03910214781908146	0.03574596093067095	0.03252649473244491	0.029437822195573927	0.026474380761001018
0.799341675207801	0.7872083970398526	0.7753967692430201	0.76377742726352	0.7522643764453285	0.7407964737862817	0.7293292169838985	0.7178307692068169	0.706279067671438	0.6946606162952702	0.6829699961408706	0.6712088773019756	0.6593853149254068	0.6475114236251098	0.6356032380192057	0.6236807478795524	0.6117660195465868	0.5998821209795842	0.5880524955307888	0.576299519564544	0.5646444915579938	0.5531076355375282	0.541708125538436	0.5304637304932645	0.519389170694348	0.5084973039893882	0.49779916652612327	0.4873040639246607	0.4770194849876138	0.4669511245833524
0.0	0.0360984924283068	0.06731931286365005	0.094711244461763	0.11894467264391853	0.1404743545509189	0.1596246768154352	0.17663305812255223	0.19168822131993993	0.2049515646960076	0.21656090686840326	0.22664456557739143	0.23532461259187124	0.24271940427355365	0.2489438857606626	0.25410956963508696	0.2583240015392321	0.2616907379365423	0.26430740272261016	0.2662646953203392	0.26764639202189244	0.2685293432429333	0.2689834713097404	0.2690718973499543	0.268850308032281	0.26836719262024056	0.2676656909837664	0.26678367818104504	0.265753760641143	0.26460327783557397
0.0	0.012907787751264005	0.025955681923649967	0.03897424893888975	0.05184061431452913	0.06445712961465137	0.07674241264361825	0.08862798803212793	0.10005631789225644	0.11098041116266093	0.12136351233264381	0.13117920485871884	0.14041099232373486	0.14904992315260293	0.1570944923799103	0.16455061409247107	0.17142966997056303	0.1777483140206986	0.1835267417342109	0.1887867005194642	0.193551494382298	0.19784598070046222	0.20169656076862252	0.20513064360452815	0.20817433517816425	0.21085362860014234	0.21319363310770043	0.2152184426822124	0.21695115727416436	0.21841387811586135
0.0	0.001009662343416944	0.003369230535227831	0.006900692092884059	0.011499662041858377	0.017103989214396164	0.023674413736321457	0.031184227705044	0.03960887985229366	0.04891925197317672	0.05908097005112948	0.07005021765013669	0.08177352393510448	0.09419079181579783	0.10723540844470779	0.12083420884378922	0.13491101263185254	0.14938830849119933	0.1641894086428915	0.17924151559223728	0.1944757363152653	0.2098270790414894	0.22523442090661694	0.24064107877895385	0.25599795022793836	0.27126150393524406	0.28639311152885133	0.30135890886910965	0.3161299169675758	0.33068200950587723
0.0	0.013063362352481966	0.025799612606747915	0.03832464606874712	0.05071972980874548	0.06304585879923041	0.07534960028583196	0.08766601053693494	0.10002048473971031	0.11242933421228961	0.12490022713990266	0.13743286485454623	0.15001966468896033	0.1626483927402106	0.1753023153218424	0.18796016170367913	0.2005982671826926	0.21319183023500693	0.22571563070549486	0.23814566231781656	0.2504591442009638	0.2626345172084441	0.2746514180919666	0.2864910463499812	0.2981379063380403	0.3095785756954835	0.3208016037998418	0.33179741303549054	0.3425583894303055	0.3530788586701636
0.8521191961348664	0.819659310991239	0.7945506296792442	0.7732879756414935	0.7543864434300056	0.7371416950664644	0.7211841745576228	0.7063120245018913	0.6924016489124791	0.6793757282889368	0.667180158880932	0.6557693581620043	0.6451019640480146	0.635140231451849	0.6258456503635978	0.6171796289243111	0.6091044983547813	0.6015835011991318	0.5945808308639596	0.5880616327861937	0.5819929719204862	0.5763439566267538	0.5710854561483664	0.5661901895551567	0.5616327247527334	0.5573894895355649	0.5534387374980968	0.5497605957289369	0.546300304840391	0.5431481350333405
0.4966755440631636	0.46748909996333765	0.44149718621707135	0.41709853841240496	0.3937093044587825	0.3711302358421441	0.3493162476171708	0.3282876637364184	0.3080819153930194	0.28873707010415683	0.2702788210335597	0.2527186512699849	0.23605381836709907	0.22026883836439645	0.20533690192277743	0.19122227535342423	0.17788697840151843	0.1652909759235001	0.15339224344647256	0.14214686701575915	0.13151290437296664	0.12145035988089214	0.11192092445005712	0.10288854523784347	0.09431942373746612	0.08618203705633652	0.07844707213899016	0.0710875176009514	0.06402806758095855	0.057393937458109105
0.0	0.11520577461865106	0.2021089146225203	0.27279376687974277	0.3328050988430636	0.38499678818387106	0.43101885909973275	0.4719027883749365	0.5083808910847724	0.5409993405442113	0.5701990611792405	0.5963619283635455	0.6198242204106247	0.6408802568890962	0.6597938863826522	0.6767980925680364	0.6921028599045228	0.7058955121934696	0.7183406385035295	0.7295806613949797	0.7397437877759895	0.748937824475068	0.7572583453061319	0.764791968582813	0.7716163585375301	0.7778002093123858	0.7834032941713762	0.7884763964810984	0.7931301830428238	0.7972098139296705
0.0	0.014233229217826288	0.03388949663154435	0.05631951241976151	0.08027580477936522	0.10502247932538515	0.1300421740048305	0.15494023353789016	0.17940520657271103	0.2031968731597261	0.22614064157743868	0.24811331670613226	0.2690378907369559	0.28887850699608403	0.3076301449472286	0.32531385554220704	0.3419596957243946	0.35760616473108375	0.37230012231932214	0.3860964523626222	0.39904836027610974	0.41120795897921075	0.4226262037486119	0.4333512708501046	0.4434285597578937	0.45290066843358256	0.46180746965389297	0.470186004324853	0.4781420231680601	0.4854978943474745
0.0	-0.004902334023630646	-0.005011789247766116	-0.0019804634945033536	0.0032245200697591987	0.009988669011897683	0.017884213501713295	0.026595640343791204	0.035874984649183074	0.04552465594198203	0.05538600275155117	0.06532858131094565	0.07524666194646057	0.08505720945968764	0.0946967145746672	0.10411935271247928	0.11328938080172604	0.12218089872669932	0.13077780382921772	0.13907350621288436	0.14706481351707848	0.15475456203018828	0.16214846786141832	0.16925336098850624	0.17607718680787182	0.1826289889603298	0.18891896248854037	0.19495837968495527	0.20079508414865668	0.20633359522159855
0.0	0.030419636589554825	0.0582418795438556	0.08470592271932945	0.11023087745985173	0.13492963450459053	0.15879690047855566	0.18178237650909082	0.20383052860199108	0.22489374402588883	0.24494323226462603	0.26396810422646444	0.2819744969868288	0.29898368933159486	0.31502942780085097	0.3301552193413162	0.3444067132702379	0.3578314731331677	0.37047890669670597	0.3824001572889246	0.3936438152527188	0.40425582589196335	0.41428003002572555	0.4237575843388038	0.4327269633751304	0.44122393732996956	0.4492816406805875	0.45693047634648365	0.4642528454165558	0.47111416569969566
0.9764660340854434	0.9283152086798242	0.8912569792516448	0.8596115435490987	0.8310539952638956	0.8047024560896034	0.7802825577138803	0.757743061240878	0.7370684026861845	0.7182089357347795	0.7010633472845795	0.6855085975340681	0.6714016065747576	0.6585965012542082	0.6469566153158696	0.6363563843025032	0.6266829792151537	0.6178362779075043	0.6097273039822853	0.6022809145011456	0.5954316424818293	0.589120759600213	0.5832962714552249	0.5779129285736031	0.5729322058272157	0.5683135298196087	0.5638693621349665	0.559568487989754	0.5554109069401161	0.5529587585223651
0.740619534267558	0.69781159743965	0.6586053986343418	0.620429319737663	0.5824857372965898	0.5447611469229449	0.5075829587663384	0.4713921004049495	0.4366113518581434	0.40357533480867025	0.3724974253021495	0.34348901080960037	0.31656165900187583	0.29165616461110255	0.2686609678916128	0.2474480726998066	0.22788114629832665	0.2098154966139686	0.19310870875827918	0.17763357492197174	0.1632717658568488	0.14991548559001097	0.13746746145468175	0.12584096746913997	0.11495978037445964	0.10475508859548038	0.09487020214199829	0.08524098389960964	0.07586743287932235	0.06953676057387748
0.0	0.16542115402192012	0.2900539421101973	0.39165804081835404	0.47792454280584845	0.5520898926916922	0.6156150855071937	0.6694406501390797	0.71453620539979	0.7520474632812462	0.7832281797546398	0.809234519341375	0.8311148549924683	0.8497429760441115	0.8657667222085316	0.8797092987628676	0.8919805127275569	0.9028769037552811	0.912621848843057	0.9213869734405241	0.9293023655190983	0.9364800291454121	0.9430138899247507	0.9489797825182162	0.9544354738129668	0.9594310823618731	0.9642083870240694	0.968808580339229	0.9732316627838368	0.9755468240349202
0.0	0.018604283454164625	0.04981589436948778	0.08887420616953724	0.1329920451185557	0.17993664857201838	0.22766073565781658	0.27437221900931075	0.3186807803839913	0.35969194974484753	0.39697955585963807	0.43042437018804247	0.4602001893976603	0.4866290216995378	0.5100861946377591	0.5309406407779299	0.5495332931863561	0.5661771371098513	0.5811524113674889	0.5946792022036114	0.606943375629204	0.6181078981134647	0.6283128450321399	0.6376753812211742	0.6462897971585343	0.6542225774212949	0.6618407529588004	0.6692138092281723	0.6763417469902796	0.6805523557517664
0.0	-0.006081019695770512	-0.005132272362982727	0.0010106422856682366	0.011314862987318939	0.025189921035361156	0.04218486963638939	0.06180339220209041	0.08343682034303179	0.10638380801369403	0.12994073492047725	0.15350966522029783	0.17660358478190852	0.1988718781718391	0.22012052795579512	0.24023158993085336	0.2591523405088709	0.276895243835279	0.2935071188014353	0.3090476782823754	0.32358894750968903	0.33720077008790245	0.349950818108135	0.36190456830772144	0.3731253470238548	0.3836844206715751	0.3939242582345295	0.4039033957497248	0.4136218342417817	0.42023750678684935
0.0	0.04358735441133779	0.08475328000259728	0.1254706529256317	0.16626107266436307	0.20699173451223307	0.24723904759687085	0.2864840352086383	0.32423331220697355	0.3600906576143539	0.3937952361113154	0.4252061087879822	0.45429998941472133	0.4811381516062106	0.5058455235762539	0.5285667859331221	0.5494566560943629	0.5686799097651374	0.5863986716881866	0.6027568706211917	0.6178881971042879	0.6319142441630119	0.644944517797829	0.6570764124592517	0.6683952570849393	0.67897445578915	0.6892059199007947	0.6991613383684125	0.7088407122153535	0.7152346817850745
0.7872221601768694	0.7363798993598741	0.697821267971824	0.6651784965253066	0.6360018791465077	0.6094467327493226	0.5852646792500374	0.5633520720655895	0.5436113772999496	0.5258988450249183	0.5100475794148515	0.4958767909852599	0.4832031171112242	0.4718530157066947	0.46166829848600216	0.4525080462118369	0.4442485113996825	0.43678102996798246	0.4300147486297544	0.423870797025584	0.4182794984452597	0.41318035804289904	0.40852208207732366	0.4042895668780183	0.40032268234989676	0.39648685030307723	0.3927820529982558	0.38920830304797177	0.3857655918266462	0.3850867533466046
0.7404934083485802	0.6928903867936639	0.6493353533985158	0.6070808300957982	0.565431731137111	0.524540758790906	0.48487259153153006	0.446922624027203	0.4111052808479093	0.3776756502243704	0.3467496653827938	0.3183169847856985	0.29227335064540455	0.26845200903247096	0.24667127072924683	0.22674612513726797	0.20848820901330412	0.19171882957830108	0.17628286279204253	0.16203913773719034	0.1488609328786857	0.1366359485972685	0.1252663524971142	0.11472809784829928	0.10471504341852256	0.09495255371685929	0.08544058343359211	0.07617916482779663	0.06716827554163017	0.0634416365493067
0.0	0.17172973012968076	0.29764532702351276	0.39741773690822263	0.4792384622711164	0.5465541464811059	0.6012531510552621	0.6450190761444824	0.679628962352254	0.7069040212581941	0.7284589693685027	0.745629944954194	0.7594704088033235	0.7707306949874603	0.7799962428083694	0.7877140961349242	0.7941935089508224	0.7996615425054681	0.8042917216328109	0.8082159563242789	0.8115451829315817	0.814369371553953	0.8167575144879712	0.8187313645589022	0.8204519889001807	0.8220531686681567	0.82353491114144	0.8248972111794196	0.8261400720665881	0.8248637800946556
0.0	0.026416752457835875	0.06731429024808956	0.11666664941199877	0.17060806406628706	0.2259712158817768	0.2800748249591666	0.3309152034356455	0.3772485182463967	0.4185963565363828	0.4549444795976091	0.48662864483125634	0.5141779456783173	0.5381497363525207	0.5590658497406845	0.5773888301493735	0.5935221917515198	0.6078115650041157	0.6205239259002837	0.6318824786936671	0.6420795129201058	0.6512764251258991	0.6596036836761712	0.6670897249575038	0.6740417720349203	0.6807620499340329	0.6872505897294111	0.6935073693283748	0.6995324038321266	0.700669465994638
0.0	-0.003968357676953127	-0.00010220091733697253	0.009643483188851923	0.02420196870334897	0.042922130036316175	0.06515594232876869	0.09007857551538781	0.11671399966359591	0.14407805663885204	0.17134712298462668	0.19790390876819908	0.22333406754989557	0.24743276500658173	0.2700935120293901	0.2912863805236698	0.31105773379600027	0.3294878629073972	0.3466641452623106	0.3626818778412941	0.37763186035101415	0.39160042617330343	0.40466939104599314	0.4168617529307489	0.4285017272158873	0.4398605983580282	0.4509384190963719	0.46173515187675696	0.4722508227639648	0.4768382267103453
0.0	0.048633537065185375	0.09451602584834605	0.13970280265640048	0.18457276904585662	0.22880148766219516	0.2718030925022969	0.3129804311268923	0.35183435836283145	0.3880514904079271	0.42148450403917226	0.4521380089709383	0.48012876077708877	0.5056468124135548	0.528899297086791	0.550096616078894	0.5694524664667305	0.5871687946808086	0.6034197960836443	0.6183636569174643	0.6321421266314791	0.644880546667728	0.6566878030777848	0.6675889736328425	0.6779160540870681	0.6879737726179119	0.6977621758834283	0.7072812306705155	0.716530959958368	0.7200999976163724
0.3290472191345088	0.3171900155133936	0.30640853864716033	0.2964210568348161	0.28705803328302865	0.27821095954721636	0.26980826186580414	0.2617989611536194	0.2541473601365562	0.24682775959479641	0.23982027633258982	0.23310837360792777	0.22667884944155867	0.2205212731375422	0.2146257226222198	0.20898336727352274	0.2035856715546353	0.198424316298539	0.19349124020442457	0.18877861103406804	0.1842788263482593	0.17998422430598035	0.17588704393417307	0.17197969725455073	0.16825478449908113	0.16470509916483242	0.1613236064930643	0.158103470594322	0.1550380452479478	0.15212086502599803
0.6099392774190133	0.5970147075568861	0.5845759900263027	0.5724936036334335	0.5606920811645099	0.5491246808474483	0.5377615945594303	0.5265823183918207	0.5155733071981906	0.5047254349209547	0.49403249052536435	0.4834903343529379	0.4730968830380462	0.4628518267597109	0.4527557882605765	0.4428107025856584	0.43301895063791	0.4233832756296342	0.4139068576640344	0.40459326185827404	0.3954463662783876	0.3864694919310007	0.3776658644617132	0.369038307749122	0.36058913301197937	0.3523201512878014	0.3442326224346658	0.3363273185806792	0.3286045035290977	0.32106391033642817
0.0	0.0400423044489252	0.07479559490435636	0.10556318330563293	0.1331704871781694	0.15817113532814756	0.1809485414004557	0.20178810264310879	0.22090145294342256	0.23845051750874094	0.2545676275723725	0.26936744411928737	0.28294699060813294	0.2953883407249066	0.30676917041741003	0.3171600856081217	0.32662814294746384	0.3352371456337459	0.34304756947249054	0.35011661406627015	0.3564983009872794	0.36224460716298307	0.36740463064800327	0.3720246029497995	0.3761480056773798	0.37981556618499057	0.3830652787315135	0.38593237684381165	0.3884493437295574	0.39064591948862215
0.0	0.012190238412952812	0.024600351512628283	0.037067202372556764	0.04948815026272522	0.061790595483394474	0.0739186593611261	0.08582555190858436	0.09747163604257353	0.10882217147692867	0.119846891673229	0.1305198987470906	0.1408196774606717	0.1507288269699985	0.1602344457777229	0.16932831377003127	0.17800552188674085	0.18626445803157982	0.19410674028090275	0.20153726319696597	0.20856386130835736	0.21519544793406786	0.22144429697603718	0.22732351878643187	0.23284653629366245	0.23802707788619087	0.2428792085022236	0.24741729011828087	0.2516559955270833	0.25561032058795363
0.0	0.0011171187239037723	0.0034600283724698024	0.006750155998670393	0.01080261608365922	0.015489830886981538	0.020722149439646335	0.026432420746819472	0.03257034959747097	0.039097342529425316	0.04598089198007543	0.05319114186698992	0.06070089367380281	0.06848504416196946	0.07651760863999302	0.08477214190886376	0.0932219948697082	0.10184032564183684	0.11060003598003294	0.11947381561085753	0.12843430062348712	0.13745541013982765	0.14651137509161502	0.1555778682955357	0.1646322636596528	0.1736536220551435	0.18262274759343738	0.19152211817612758	0.20033590741896087	0.20905001028438874
0.0	0.014176019132038585	0.027850779735039556	0.04113023067982921	0.05407775871392329	0.06673425597020453	0.07912749747038064	0.09127798534597967	0.10320070111472754	0.11490717289993085	0.12640642454495357	0.13770548129650917	0.14880938557876666	0.1597214301366967	0.17044374628861322	0.1809769343966617	0.19132093117688692	0.2014750928043684	0.2114381160611928	0.221208093174796	0.2307826006819379	0.24015966693530538	0.24933717561321347	0.2583133322673161	0.26708680611295155	0.2756567171476172	0.28402268894260413	0.2921847829009158	0.30014351966745473	0.3078999022321021
0.9599082587406141	0.928267011515985	0.9033008285450823	0.8818764100911738	0.8626225359510454	0.8448723809787339	0.8282708623511769	0.8126253001302415	0.7978240794265232	0.7838017252604642	0.7705194005271977	0.7579500660059663	0.7460690803974529	0.7348537457892284	0.7242824910942028	0.7143296599660784	0.7049674109862091	0.6961677855815851	0.6879027683795269	0.6801442524326654	0.6728640487477134	0.6660338799008534	0.6596262493957987	0.6536159326206894	0.6479786153621612	0.6426913380383951	0.6377324598485838	0.6330817166145204	0.6287201878703099	0.6246302894619039
0.5863581132935706	0.5589418383144478	0.534247053893069	0.5108040264648841	0.4880376937441789	0.4657307935838335	0.4438230179659135	0.4223323980297717	0.4013103169649492	0.38082104575384523	0.36092943975934644	0.3416919034371672	0.32315223879484956	0.3053414596801102	0.28827957089634554	0.27197070154531094	0.2564061916656691	0.24157260756439103	0.22745188592279533	0.21402127653844005	0.2012533576526114	0.18911602546787407	0.17757580719488333	0.16660231677663523	0.15616383197723682	0.14622989573168496	0.13677126802158895	0.12776003431037525	0.11916954448025142	0.11097439780129519
0.0	0.11282551247691858	0.1998417331526421	0.27189383495129854	0.3340671608515949	0.3889983572764905	0.438198875074646	0.482585813243206	0.5227814718960545	0.5592410416914617	0.5923241095012564	0.6223423544427831	0.6495827795449076	0.6743089759185463	0.696764143747721	0.7171749970252357	0.7357482014203154	0.7526727491790145	0.7681198841158209	0.7822431720004492	0.7951784803241317	0.8070439913260331	0.8179443277396051	0.8279726536348777	0.8372084656147114	0.8457239313873829	0.8535840152902563	0.8608463849599498	0.8675614649894114	0.8737724479410635
0.0	0.011751655662052798	0.028661615026650607	0.04844064938758929	0.07001104170254889	0.09273546529429369	0.11615104372172727	0.13988060326906468	0.16359859497517593	0.18702477876548745	0.20992525927629058	0.23211384736795823	0.25344928497383745	0.27383506653237755	0.2932106195711927	0.3115547847375851	0.32887907761672747	0.3452038105035116	0.36055781128878	0.37497848771947484	0.38851180986619954	0.40121232190540157	0.4131361636086746	0.42432997969502134	0.43484155638688765	0.4447158864864239	0.45399518671156996	0.46271878971082653	0.4709232054201921	0.47864213504726355
0.0	-0.005640079718167144	-0.0066927408588281535	-0.004623320861026331	-0.00028256934740345457	0.0057967296617799586	0.013247002805736235	0.021795916231008888	0.031223028180988443	0.04134077411863574	0.051983809980510345	0.06300313764781652	0.07426432132314942	0.08564733097141793	0.09704547571500946	0.10837033305921721	0.119550591453388	0.13052646506357915	0.14124959140748272	0.15168307163112676	0.1618014603017992	0.17159077272369894	0.18104395055969338	0.19015664888037398	0.19893162684642543	0.20737351130041115	0.2154888128749816	0.22328583395013074	0.23077472014541417	0.23796747364593185
0.0	0.02858035410926448	0.05501183894841936	0.08044423463174076	0.10530444314367045	0.12973069578263513	0.15373553293520187	0.17727024515294865	0.20026244359249082	0.22263332957104584	0.2443085015542858	0.26522566755572774	0.28533766110716835	0.30461257081600535	0.32303143313622396	0.3405929183034617	0.3573099950893829	0.37320075837452743	0.3882882689335442	0.40260061504812483	0.4161708959402403	0.42903723305677594	0.4412389753380514	0.45281158349250106	0.46379183944081637	0.47421494221086224	0.4841145554848605	0.49352269378468805	0.5024697866745419	0.5109846943413471
0.8871891654839758	0.8147250502040798	0.7567485231203361	0.7072939001075832	0.6647715493109038	0.6289912917554743	0.5993078039904651	0.5747066887834733	0.5541688645239542	0.536868333188527	0.5221540729180847	0.5095228224782473	0.498586405681106	0.48903536936023795	0.48063378090467046	0.4731989807828938	0.46658886618558243	0.4606855818662976	0.4553903712899846	0.45062354113296343	0.4464235706888823	0.442607964146153	0.4389398841541929	0.43541932909842745	0.43204629866657135	0.42882080339748446	0.42574282823381693	0.4228123791278043	0.4200294528374964	0.4214763513466901
0.7492590608293705	0.6767885768292276	0.6065896392038908	0.5376197535661429	0.4717218777461181	0.4112878762061894	0.3576322642378024	0.31091230225154126	0.2705491277581902	0.23571533602086392	0.20556152683945783	0.17930309629561694	0.156278282389493	0.13593548724024423	0.11783238845105705	0.10161318880750535	0.08699739770706681	0.0737500298771215	0.06167349649732179	0.050607526215119714	0.04064752174595822	0.031449441303534095	0.022514616394294994	0.013843043014280847	0.005434720341712356	-0.0027103249783657114	-0.010592130828624915	-0.018210682416130122	-0.02556598783688673	-0.02537334065893327
0.0	0.2329565587234006	0.41047396404219477	0.5486996602367515	0.6534795905162072	0.7286559263851374	0.7804941947662392	0.8159179465010967	0.8406523414366547	0.8585126332273464	0.8719144053125079	0.8822756230160848	0.890463693383689	0.8970836087375232	0.9025159638388583	0.9070027405250687	0.9107140210693399	0.9137803590626105	0.9163068236598413	0.9183730189121578	0.9199654348059574	0.9212482278002134	0.9223989569167027	0.9234176225984441	0.9243042248888583	0.9250587613513779	0.9256812356335636	0.926171646130827	0.9265299936824243	0.9231018479829924
0.0	0.05416381442833313	0.13623917648997225	0.23322022642612347	0.33195738677589487	0.4226717780723391	0.5006545074676949	0.5651425668585915	0.6177069778993768	0.6605445104851606	0.6957382205243088	0.7250341047990434	0.7497402481280028	0.7708776642239253	0.7891945976460593	0.8052364813881355	0.8193976914734415	0.8319948812764345	0.8432868977137866	0.853474857218075	0.8624660708304082	0.8706372707610603	0.8785298384016652	0.886143777255004	0.8934790880176894	0.9005357476200463	0.9073137889475434	0.9138131990739976	0.9200339850554905	0.9182659364113506
0.0	0.0003413656472817276	0.011143411272475074	0.031305017134413	0.059698763400453096	0.09415634719964552	0.13154354862357215	0.16898832447973142	0.20453988933272457	0.23725097145579818	0.26682922379847684	0.29339388949262135	0.31722431010221563	0.3386199859466992	0.35788225799927154	0.3752944797703351	0.39109773568231704	0.4055026425631536	0.41869040647278327	0.4308129082837672	0.44176634965132777	0.45191232794799513	0.46176962398350996	0.4713382421765165	0.48061818343475293	0.48960941834445076	0.4983119887214481	0.5067258782401529	0.5148510958360711	0.5146993365494789
0.0	0.07404926620586191	0.1479314691244782	0.2216789067968915	0.29278609926152993	0.3583681202275147	0.4167440814067963	0.4675573234679411	0.5113468269838773	0.5489953044231074	0.5814422554569416	0.6095683755365368	0.6341169850734161	0.6557073568064874	0.6748352022499121	0.6918981552588194	0.7072084819751012	0.7210273314741421	0.7335739586187141	0.7450258066581985	0.7552740306839489	0.7646903732945425	0.7738278656397001	0.78268651180708	0.7912663126309827	0.799567240959534	0.8075893354139682	0.8153325808952757	0.8227969856631577	0.8222663109182744
0.8359434151626763	0.755693293134818	0.6890070889944568	0.6317924113495494	0.5840127504537556	0.5454838949132457	0.5145701519041289	0.48954819822343676	0.46909519271582795	0.45219844062765685	0.43807842328612284	0.42614129013514285	0.415932165613514	0.4071065044281135	0.39941094274096645	0.39265594200522763	0.38669079142575247	0.38139170368527875	0.37666184199911745	0.37261992218178264	0.3689511084347757	0.3654555552737899	0.36213326279010055	0.3589842296427479	0.356008457448668	0.3532059506798627	0.3505766984307853	0.3481207059960331	0.345837974310764	0.34691364652267404
0.8651680050867239	0.7818670218321897	0.698199813739327	0.614542726018259	0.5347811522315503	0.4627152813809653	0.39990110206877594	0.34622548826627325	0.3007059165988806	0.26211829947905735	0.229224794823217	0.20095657910668316	0.17643433431314512	0.15495996773617166	0.13599100769218453	0.11910990347453851	0.10397871494665052	0.09031802669283873	0.07790701642851522	0.0670668827382847	0.05706861272273248	0.047419368017591515	0.038119148959954906	0.02916795164918624	0.02056578068860786	0.012312649506824706	0.00440852611259548	-0.0031465743514949517	-0.010352649077338358	-0.010793381050384647
0.0	0.25234299845642866	0.44904183300537676	0.598933922004498	0.7036789242123604	0.7696605305062536	0.8090515691232618	0.8327425818388815	0.8475269087198162	0.8572755860549351	0.8639914255476879	0.8687606393613758	0.872237938808879	0.8748306244979183	0.8767601330591982	0.8781668188800685	0.8791480801445121	0.8797795432210086	0.8801150579995232	0.8801616422679395	0.8800470783662846	0.8798192922993364	0.8794782841550569	0.8790240536543505	0.8784566010373348	0.8777759276396409	0.8769820309325765	0.8760749117690391	0.8750545704283275	0.8718395784951343
0.0	0.0725161882880818	0.1802063475210671	0.304988639843303	0.42734350008308325	0.5344322370102966	0.6214894752595344	0.6893942153795055	0.741709330902856	0.7821745291374732	0.8139789010173045	0.8394415268406309	0.8602450194485466	0.8775972606970994	0.8923131969028142	0.9049451095817806	0.9159071615190597	0.9255284728166723	0.9340530711808392	0.9412044548510898	0.9476326422415734	0.9537806267275806	0.9596484081324204	0.9652359888523406	0.9705433660169268	0.975570531555112	0.9803175050057295	0.9847842769565849	0.9889708457199057	0.9877260904138014
0.0	0.0032990366912083813	0.01902647770259436	0.04836563135910182	0.09079363962378598	0.14185475224816071	0.19552111354555246	0.24716334100443696	0.2944534029425524	0.33661620469991305	0.37382919092729155	0.4066222416163679	0.43558639459217635	0.46126924356690996	0.4841666453891379	0.5046918204443601	0.5231943420375116	0.5399689394623776	0.5552554143666516	0.5686654629034955	0.5810612447839083	0.593026345886711	0.6045607657925158	0.6156645093413787	0.6263375708228768	0.6365799335677752	0.6463916372761757	0.6557726631625991	0.6647230077412767	0.6653252384195837
0.0	0.08543950271800017	0.17374004357728534	0.2635363374416502	0.3501267810492579	0.42890490486328003	0.49769077830833997	0.5563405609525692	0.6058783302980413	0.6476740026054169	0.6831332963095386	0.7134633447994821	0.7396529685228429	0.7624842488945561	0.7825621948494833	0.8003511603578056	0.8162262353925962	0.8304971877482816	0.8434083912167243	0.8545976885535211	0.8648674985240896	0.87476618169279	0.8842937377224299	0.8934501705943416	0.9022354756003589	0.9106496390744254	0.9186926936438051	0.9263646238278167	0.9336654267686977	0.9337724814524256
0.6273866268452026	0.5955829270366801	0.5705665526725877	0.5489936062915768	0.529463636763212	0.5113324692779162	0.49428297712106994	0.47816820391160025	0.4629191895950836	0.4485022686358574	0.43490578216962855	0.4221181156325172	0.4101241887797904	0.39890320797833756	0.3884286221830565	0.3786684839081885	0.36958651501592943	0.36114226090398655	0.3532954793126763	0.34600658369278103	0.3392366546597875	0.3329474606653449	0.32710278802492243	0.32166974004919835	0.31661761872064015	0.3119179546918245	0.30754447233808807	0.30347313907847	0.2996821378903026	0.29615186589712306
0.7803249039015941	0.7504936812609939	0.7232915708711333	0.6971297669885402	0.671390313894648	0.6458313724494243	0.6203770706039505	0.5950438703721994	0.5698985552913102	0.5450379408614405	0.5205779935612069	0.4966428047289864	0.4733469145659263	0.4507873918693424	0.42904374659311306	0.40817790732846426	0.38822639446409607	0.3692008256884046	0.3511004307716696	0.33391276814308146	0.3176137496076369	0.3021677879090742	0.2875362370576559	0.27367815083168845	0.26055072860868966	0.24811237989187687	0.2363226317724857	0.22514225880554375	0.21453321183510138	0.20445861239340116
0.0	0.11164855801280639	0.19611206029035055	0.2648910739004654	0.32315536582192994	0.3734726641591583	0.4172687514625201	0.45539424983382126	0.48846288473187444	0.5169984002824909	0.5414669480408093	0.562350629475922	0.5801099429187015	0.5951707905639889	0.6079245398413776	0.6187275755974518	0.6278869575208456	0.6356573121124365	0.6422590087482282	0.6478793557946279	0.652672588433757	0.6567601264833971	0.6602463446305754	0.6632150525060875	0.6657343213982945	0.6678637885646541	0.669654673023183	0.6711497526367621	0.6723833779553767	0.6733814712300173
0.0	0.017275878083671196	0.040376298308931094	0.06677277571259	0.09521099259372098	0.1248556309911709	0.15501995777153038	0.1850927673773812	0.2145316783811982	0.24288031739276503	0.26977146716175093	0.29496174232949685	0.31830065910902117	0.3397153987205099	0.3592108918014619	0.37686418064152827	0.3927790135225771	0.40708916766165004	0.41993127530794166	0.4314397206813583	0.44174661941448035	0.4509817599944168	0.4592653648525701	0.4666989981595004	0.4733742968088289	0.4793738942873402	0.4847714652440321	0.4896316619770239	0.49401015087004424	0.49795361262901794
0.0	-0.0035831154733959977	-0.002071001468275492	0.0030612321248569443	0.011043321954470423	0.021459768303005593	0.03405935054568316	0.04866016675194622	0.06507956676710003	0.08310091285962314	0.10247615658857556	0.12290297412392205	0.1440754157179479	0.16570549215099545	0.18752325705424328	0.20927853192470258	0.2307702720235236	0.2518462091573937	0.27238466192404787	0.292294386930925	0.31151455268187866	0.3300144390176852	0.347776852581058	0.36480086969663544	0.3810971895511591	0.39668059015538576	0.41157004431027616	0.4257885572353446	0.4393632548807295	0.4523253919331252
0.0	0.031087556022611252	0.060119584425983794	0.08835180811283071	0.11625918452912692	0.14401505613863796	0.1716584451503154	0.19915134710483032	0.22641117349125053	0.25332685893916035	0.27976944030484296	0.305602001394861	0.3306993007329201	0.3549564189336364	0.3782888527770888	0.4006324332026253	0.42195095146523126	0.44223567148329446	0.4614911702724528	0.4797344548017329	0.4969949355331058	0.5133142660163833	0.528737016308471	0.5433097135622569	0.5570806761042328	0.570096726764877	0.5824032897080206	0.5940442544270313	0.6050620504505569	0.6154976529353788
0.9403140436591646	0.8790903229854201	0.8307930698063386	0.7888866856197173	0.7510469740942622	0.7169749602264155	0.686826243432457	0.6605067802418014	0.6376683909521065	0.6178331303429143	0.6005513411749184	0.5854265496892262	0.5721172422468839	0.5603417160369385	0.5498659103167018	0.5404926436200677	0.5320615420248496	0.5244472854850626	0.5175452251601823	0.5112713355546866	0.5055531804351467	0.500328288674968	0.49554414103513184	0.4911640278744249	0.4871172182141318	0.4832025309195715	0.47941995133710275	0.47576948721168244	0.4722511369394392	0.47129307414221544
0.8383769153590067	0.7814462156596955	0.7271951140366384	0.6728962868790778	0.6182888114213909	0.564387968660254	0.512557251545397	0.46392431110431104	0.41916656392660434	0.37853258836303105	0.3419529432299087	0.309185499680859	0.27986895795793426	0.25360888211582067	0.2300224195501955	0.20876603585956022	0.18953546100367058	0.17206485279815156	0.15612689277370198	0.14153382485329755	0.12812130473077774	0.11574677234991275	0.10428942100862579	0.09366547717133068	0.08376210165703714	0.07411256081373561	0.064716818529385	0.05557489381396614	0.04668678265062749	0.04271744307760765
0.0	0.2033675895398337	0.35861401445905206	0.48468649654933804	0.5887760843617398	0.6727059780450031	0.7377609721122474	0.7866180892417298	0.822786722636953	0.8498509269819546	0.8705759280905457	0.8869507126132424	0.9002852180645313	0.9113986319449634	0.9208363772454281	0.9290127563606888	0.9362112787416511	0.9425931821225785	0.9482842037353129	0.9533770819910663	0.9579462064277825	0.9620534070260564	0.9657479648424958	0.9690629667201137	0.9720850895605742	0.974973920745655	0.9777294710932356	0.9803517348475872	0.9828407131607068	0.9827467076543965
0.0	0.030961781732167144	0.08274180497243765	0.14828094098354408	0.2213584611034925	0.29594110564878984	0.36696304811413843	0.431113918752447	0.48688073940410315	0.5342210506104956	0.5739364316810963	0.6071064094880755	0.6349267642669536	0.6584176559109464	0.678427901911464	0.6956589523090215	0.7106649576242529	0.7238582834897439	0.735554493554115	0.7459872727534332	0.7553514023872655	0.7638085950061223	0.7714875161935891	0.7784706205136823	0.784849891513833	0.7910230251389173	0.7969900444962351	0.8027509373751296	0.8083057063067194	0.8098659158805115
0.0	-0.004055812151326376	0.000837770512063079	0.013268730167223287	0.03263265203524549	0.05851182708187668	0.08987083926557936	0.12489772743532804	0.161568236828443	0.198043597248118	0.2330772309523502	0.2659322428875595	0.2963032280351505	0.32417786801400933	0.3496804428373777	0.3729671346006808	0.39422595313252834	0.41367321249650624	0.4315075857815296	0.4479036933487056	0.46301957723776666	0.4769953662246153	0.4899533105986802	0.5019810711513345	0.5132068475027537	0.5241450814048342	0.5347958137923456	0.5451590231167468	0.5552347139315075	0.559738448954879
0.0	0.05775612653930004	0.11452049245857085	0.17227219667654567	0.23090010342121203	0.2891563918485236	0.3454555977097093	0.39843864938386586	0.4472408687168307	0.491496597245479	0.5312403985329326	0.5667265259035662	0.5983614444359077	0.6265916283189539	0.6518507885652145	0.6745273138519945	0.6949643182986321	0.7134606199723291	0.730271015846744	0.74560535835024	0.7596470963196096	0.7725551497590657	0.7844639422354589	0.7954662429490148	0.8056792787189383	0.815619599328109	0.8252872419781104	0.8346821870734487	0.8438044387421112	0.8476420402507665
0.6094537957964424	0.5515783901108852	0.5076725408641314	0.4707474814471182	0.43848595762753345	0.41019900502604895	0.38554778351424795	0.36419317175426674	0.34576568664321405	0.32988980525117806	0.3162008194756701	0.3043641397725466	0.2940856368381907	0.28511423080803155	0.27724204997365476	0.2703013506439596	0.26415177977982407	0.25868140615374613	0.25379504350979587	0.24941328334258406	0.245472498029213	0.24205428723305156	0.23876618169367048	0.23558465455441335	0.232509706622671	0.229541341562204	0.2266795500143739	0.22392433181735324	0.2212756970697711	0.2229691037479627
0.7370956110581741	0.6779597444857742	0.6234144837448488	0.5708364474894595	0.5200578839654484	0.47177303028717693	0.4267498228897232	0.38549072719204575	0.34815339292305564	0.31463388322211033	0.28465190989782807	0.2578404805815014	0.23381811059770827	0.21223406005190046	0.19277015444477769	0.17514171946455218	0.15910954335634214	0.14447256497968144	0.13105534751672399	0.11870769750273853	0.10730467237128855	0.09703656157584058	0.08705505684258173	0.07730879034800436	0.06779776461972803	0.05852199120182957	0.049481440852611934	0.04067611276144572	0.03210603888959113	0.033119639492698805
0.0	0.1867619862912837	0.31917898076377826	0.4183629386099143	0.49276819868972305	0.5468934766572338	0.5848667479334979	0.6107833227938002	0.6281833752845459	0.6397511750754161	0.6473654237665559	0.652263455850831	0.6552590046043699	0.6569561447507957	0.6577569732132771	0.6578846397171507	0.6575172253147937	0.6567736914232666	0.6557451997027043	0.6544998743631838	0.6530828016830348	0.6515088547700926	0.649897629220421	0.6482546379957501	0.6465798815646483	0.6448733621240529	0.6431350742964114	0.6413650176986165	0.6395631985209762	0.6364672213463455
0.0	0.04729719273054	0.11267262777310931	0.18648835051407622	0.2614830670680869	0.3322411679681635	0.39546470651276355	0.4498306316922586	0.49550447976515694	0.5333723016954189	0.5646439263773919	0.5905189591135626	0.6120368360925836	0.6300667983667255	0.6453058188227025	0.658289245317478	0.6694373007257161	0.6790676421204254	0.6874435529057612	0.694777400668845	0.7012306310798734	0.7065544453329478	0.7116434066448675	0.7165546182969663	0.7212880790507695	0.7258437832971254	0.7302217453996417	0.7344219655624787	0.738444428345353	0.7352253055851007
0.0	0.0007657819816029281	0.010987204911314778	0.029017599674919625	0.05391153358359772	0.08444852757508702	0.11876917059156139	0.15481053106880535	0.19081601662316702	0.22557910069000317	0.25841077892382697	0.28902420417358377	0.3173747339755465	0.3435045259848138	0.3675371034390619	0.38966359666196604	0.4100567963104845	0.4288841783345251	0.44630094497329736	0.46244770874324015	0.47745048314753613	0.4911008978446925	0.5043854761555191	0.517362986245015	0.5300334247438993	0.5423967762591736	0.5544530797658741	0.5662023363646402	0.5776445034286795	0.5765766228730848
0.0	0.06076857698823816	0.1184401641908172	0.17480038483366245	0.22962149826957434	0.2819532157949527	0.33082237433364403	0.3755828027887203	0.4160103081502497	0.4522018288381606	0.4844694202982924	0.5132270330837615	0.5389040675620961	0.5618943743140619	0.5825541275603494	0.6012007273075022	0.6180995102501935	0.6334730779625394	0.647515489570079	0.660392671673901	0.6722424103063072	0.6828461624063642	0.6931401764364357	0.7031815823612283	0.7129703775826736	0.7225065502431047	0.7317901304054407	0.7408211188695016	0.7495994828212799	0.748086516694667
0.427502330489423	0.3664555201094966	0.3183868434006722	0.2774317743118783	0.24204604317410439	0.21169460644776356	0.1858980684478419	0.16419835463087104	0.14611874680527653	0.1311249972108345	0.118678503401888	0.10827616149765862	0.09948530247607419	0.09197364424034178	0.0854751411952922	0.07978673376180812	0.07515089928262268	0.07124812208701096	0.06754482418428948	0.06404100342675828	0.06073666519523279	0.05763180126115723	0.054726420384566384	0.0520205192734838	0.0495140957518276	0.0472071562634008	0.045099692106220314	0.04319170604347689	0.04148319964313926	0.04013579921466326
0.9757277009504961	0.9110411975175309	0.8496302873944487	0.7885262619046634	0.7276644191104594	0.6683631035188055	0.6120943086467954	0.5598993441675139	0.5122779303392324	0.46923696717195124	0.4305186511956899	0.39571888151956436	0.36437889332538037	0.3360758959063431	0.3104306707291496	0.28711154595764943	0.2668631023971293	0.2488510439031721	0.23164658574756597	0.21524971783652816	0.19966046551080066	0.18487878994742285	0.17090473254189603	0.15773827756113934	0.14537941507581323	0.13382817647734907	0.12308451863909174	0.11314845553947553	0.10401999456679253	0.09584816104632973
0.0	0.18411354544267777	0.3117670765708013	0.40001241346612304	0.4559278291583644	0.48646993034075353	0.49963216767783547	0.5021805359584225	0.4986351103961781	0.49166834970028334	0.48293034890782494	0.47342139580923354	0.4637155243882512	0.45415096416671047	0.44494190308825166	0.4362028569495242	0.42832974399277923	0.42117024011595666	0.41424256370724266	0.40754671061113407	0.40108269130037794	0.394850489675521	0.38885012295297133	0.38308158445305174	0.3775448703187085	0.3722399943309516	0.3671669370080608	0.3623257048733441	0.3577163009833089	0.3531991457329464
0.0	0.06558463669341162	0.14984217070664968	0.24059957946782543	0.32838145745613645	0.40670267901095436	0.4719466930368217	0.5230823099041935	0.5610468539442973	0.5879104776121379	0.6059678441571228	0.6173948917425428	0.62403871876007	0.6272604644264128	0.6281256893765159	0.6274206333826364	0.624182686282031	0.6193268272465432	0.6148013594558563	0.6106062803699488	0.6067415963147905	0.6032072976680127	0.6000033946262348	0.597129883486232	0.5945867614578343	0.5923740353570971	0.5904916965133414	0.5889397474731646	0.5877181900770415	0.5857998950569249
0.0	0.0046234761069381975	0.021565526465079206	0.05216437552130982	0.09661201027543756	0.15194319933867767	0.21352260331023123	0.2771533331360853	0.3399246541609318	0.4001717373100837	0.4569984104652746	0.5100246864520456	0.5592100533055021	0.6046796666609852	0.6466221370904797	0.6852697987123247	0.7196571015359035	0.7508351286518861	0.7805446342612125	0.8087856357222293	0.8355580894881429	0.8608620622308667	0.8846974829002847	0.9070643783923378	0.92796276596526	0.9473925923138601	0.9653539302361452	0.9818467563017474	0.9968710578167085	1.0105573980447728
0.0	0.06648477536023856	0.13126409460536287	0.19674644814931455	0.26269739725728913	0.32739772900693637	0.3889617489907343	0.44607982996302487	0.49814889301608306	0.5451630693354645	0.5874154201849674	0.6253551601279294	0.6594864966497099	0.6902703809182736	0.7181202013656607	0.7433978463038184	0.7652765489564741	0.7846765337562943	0.8031770378140171	0.8207780719535331	0.8374796090145196	0.853281690589378	0.8681842723463273	0.8821873710891225	0.8952909975420349	0.90749511832811	0.9187997791192943	0.929204965181579	0.9387106685971882	0.9471685874116866
0.5704519677552661	0.5131868007375744	0.4690180356888576	0.43128428105401745	0.39789131713742903	0.368330857527818	0.3423724323024474	0.3197517101499761	0.30016775603727897	0.28329487657137775	0.2687879846282046	0.25629827840625696	0.24550735973842427	0.23613417804181366	0.2279355593462462	0.22072275088169596	0.21434117515020812	0.20866053342389876	0.20357483519249217	0.19900238681888513	0.19504854016644693	0.19136133276726638	0.18781799357945353	0.18441852612569365	0.18116292600263012	0.17805120219788248	0.17508334184861923	0.172259350591395	0.16957922842620973	0.1709045102842375
0.8860125619146304	0.8280497936367501	0.7737547308584399	0.7201963973924715	0.6668857988251197	0.6144634219061195	0.5639534365596679	0.5163198464743234	0.47221033600214096	0.4319210616011828	0.39543946166437693	0.362533311864494	0.33289816230659286	0.3061879275421659	0.2820442414004724	0.26015689225867966	0.240248110577791	0.22207264009984945	0.20541783002874284	0.19010360073689575	0.1764324123971493	0.16348218347609111	0.15092388021100367	0.13875751538142775	0.12698307301293738	0.11560058599895555	0.10461000733530355	0.09401135752250746	0.08380463656056733	0.08450946732287819
0.0	0.18433779613610246	0.3165357977013479	0.4163015839304154	0.4908307698374163	0.5437378586303361	0.579003509574581	0.6011953622212441	0.6144278707642942	0.6217823791422197	0.6253493405482737	0.6264586267928023	0.6260333721229202	0.6246677373124386	0.6227186288405898	0.6204153524210331	0.6179025829132014	0.6152880751416501	0.6126426758004142	0.6100003198536353	0.6074421319371179	0.6049243003449631	0.602409709926194	0.5998983634274755	0.5973902574154764	0.5948853991394852	0.5923837782848347	0.589885399290236	0.5873902621556892	0.5849853899705332
0.0	0.045735741704596634	0.11011073696067673	0.184210007599173	0.2609038697389373	0.3343651183629805	0.4005321438122597	0.4572763057887264	0.5041653300720056	0.541833350547049	0.5715724909815262	0.5948269768737954	0.6129179196540431	0.6269848045596531	0.6379846881436868	0.6466001900556931	0.6533590610018056	0.6586930039442014	0.6629376434945381	0.666332539458272	0.6685330916971637	0.6703006985647144	0.6719513098690056	0.6734849240937809	0.6749015431343608	0.6762011632443632	0.6773837898159968	0.6784494204453068	0.6793980551322931	0.6770894556538415
0.0	0.0004187189091248272	0.010649644054414492	0.029855488035476326	0.058053225983875766	0.09459768241221307	0.13751882521943817	0.18407012223067654	0.23167683391216706	0.2784425981335528	0.3231790939286679	0.36530233551685515	0.40453595843759316	0.4408482234445411	0.4743703018047323	0.5052853787305142	0.5338041976706434	0.5601298905307733	0.5844578453326753	0.6069757547356508	0.6273172818460087	0.646665914151808	0.6654316588783145	0.6836144969222945	0.7012144521627899	0.7182314754231484	0.7346656369743922	0.7505169061705348	0.7657852830115761	0.764825560785989
0.0	0.059422551865665627	0.11667713444375082	0.17398073156429433	0.23152828943814252	0.2884571931130967	0.34349232941738855	0.39543559116001625	0.44349036293733307	0.4872989333449198	0.5268783018144634	0.562495639387134	0.5944965574524492	0.6232695062575669	0.6492135931852113	0.6726722866230477	0.693952545543488	0.7133253127187278	0.7310254162060167	0.7472516061574384	0.761662943183353	0.7752801977037761	0.7884696821497599	0.8012313831397613	0.8135653174007093	0.825471450528226	0.8369498316951601	0.8480004394422691	0.8586232737695532	0.8573366225119542
0.3640164947835286	0.3495531314851281	0.3369184387023101	0.32554122472302727	0.3151094648972756	0.3054363396049773	0.2964031718738132	0.28792941592846877	0.2799567714518852	0.27244246229178176	0.26535323339801703	0.2586607412790433	0.25234084491781456	0.24637306743618276	0.2407384083952673	0.2354195398226987	0.2304000072623206	0.22566416293260633	0.22119719544141236	0.21698511631481252	0.2130147265726683	0.20927324480690407	0.20574851819470147	0.20242898977163676	0.19930365751179313	0.19636207810805065	0.19359434561326508	0.1909911264492804	0.18854363796712595	0.18624364461668938
0.43598558405095905	0.4203505334666674	0.4056935384619915	0.391754138582624	0.3783981135244525	0.3655499705380187	0.35316448103314824	0.3412119442510729	0.32967080000112897	0.31852457849269006	0.3077591971899304	0.2973615905349942	0.2873194880645365	0.2776213156302638	0.26825546831659114	0.25921049255259104	0.2504751838794381	0.2420385523063596	0.23388987341081482	0.2260186658124323	0.2184146867938932	0.21106792875002794	0.20396871442850614	0.1971076486895211	0.19047561899842252	0.18406380404575004	0.17786362661689234	0.17186682992703667	0.16606543123325715	0.16045171361245736
0.0	0.049856849268374547	0.09132694749188994	0.12688798528676307	0.15798596448752172	0.18553917003444986	0.21016421156291762	0.23230077039166266	0.252280227892074	0.27035559181219776	0.2867284271057333	0.30157101260412233	0.3150297245673335	0.3272280494189727	0.3382768220746752	0.34827318630526	0.35730661376273565	0.3654592492957931	0.3728058563175414	0.3794138428091544	0.38534368111960976	0.390652704714483	0.39539195103896296	0.3996083706967426	0.4033455907577907	0.40664391100486474	0.40954032713552047	0.41206849156627323	0.4142587378814932	0.4161380853476882
0.0	0.014628567223893678	0.029745024461974672	0.04499519129391347	0.060181320950839834	0.07517827008017407	0.08989977084830811	0.10428217479304498	0.1182766647583983	0.13184619057465863	0.14496281729164148	0.15760566828643308	0.16976059472910351	0.18141946031644757	0.1925793752184789	0.20324288110291602	0.21341518480613322	0.22310408564789627	0.23231991549665557	0.2410755656273311	0.2493862345385102	0.25726718367312085	0.2647355122487454	0.27180854982528757	0.2785033557667569	0.28483671103187896	0.29082516427038263	0.29648495643565365	0.3018320668900001	0.30688222161277795
0.0	0.0004265361568010655	0.0024943976581357622	0.005706318699592749	0.009745321924374231	0.014397269121768556	0.019512179476506592	0.024980832592206053	0.030720496977570736	0.03666843365232135	0.04277596173906694	0.04900236889409546	0.05531400389822102	0.06168344788170036	0.06808684462963734	0.07450400397083648	0.08091666594940217	0.08730843647865957	0.09366475044832155	0.0999728873210544	0.10622187691876601	0.11240161949078298	0.11850356774749538	0.12452027906833947	0.13044523674820607	0.13627284194903788	0.1419984568665906	0.1476183353217089	0.15312966474486514	0.15853057354632946
0.0	0.01698571340386867	0.03301147349132289	0.048286211182854324	0.06291893458451854	0.07697286555277182	0.09048807356094189	0.1034931628171484	0.1160108619544299	0.12806036871225313	0.139659414537391	0.15082497409192286	0.16157339034550589	0.17192041393859067	0.18188166400775593	0.1914724321104671	0.20070752225352914	0.20960128259094576	0.21816755132008228	0.22641968061729012	0.23437055141831684	0.24203262259321667	0.24941772680437224	0.25653726148264405	0.2634022155928272	0.2700231607673806	0.27641029992101457	0.2825733884287144	0.28852178205782664	0.294264445470897
0.9029426812188277	0.8557324671959138	0.820777314190025	0.7919769494710406	0.7668747358999238	0.7444372902767149	0.7241886419660857	0.7058611913943236	0.6892739127840251	0.6742708883605646	0.6607052058213271	0.6484377198721611	0.6373361933122037	0.6272788135383566	0.6181550070694759	0.6098653518080395	0.6023211529352321	0.5954452317647883	0.5891685006556405	0.5834294296405016	0.578174054631317	0.573355980843809	0.5690029476625007	0.5648054046150756	0.5607361875253928	0.5567953028495679	0.5529827337173131	0.5492984900232949	0.5457425749555755	0.546286656674354
0.4605314061647547	0.41703300074457117	0.3788657199434423	0.3435266671015458	0.3103281917078254	0.279202488132877	0.2502285076301937	0.22345559219637443	0.19885812146520518	0.17634149707895444	0.15576785812994645	0.13697180867790895	0.1197807435110205	0.1040301704173921	0.08956802541099895	0.07625472216443611	0.06396553707693908	0.052592558059238195	0.04203923642935729	0.03221975052240362	0.023059019467837085	0.014492708384368842	0.00655935026826966	-0.001163467593687187	-0.008712924966137708	-0.016089009729722374	-0.0232917535241569	-0.030321137811771443	-0.037177156629376436	-0.03849434899061166
0.0	0.1616582813228192	0.2787389826685198	0.37071288169713457	0.4462175421103888	0.5094482512633742	0.5628156006657952	0.6080089078071498	0.6463443786868415	0.678929112358727	0.7067059685228517	0.7304682768374919	0.7508670380624728	0.7684499130380512	0.7836716864310701	0.7968966850471418	0.8084247315977515	0.818492385609637	0.8273016530392666	0.8350256754135356	0.8418087181038448	0.8477661643114869	0.8527807561814716	0.8575218473002143	0.8620538112871513	0.8663766410968292	0.8704903551692165	0.8743949426690786	0.8780904000954317	0.8751042564244838
0.0	0.022376966837078033	0.05549353349813268	0.09376660736470727	0.1342041459328071	0.17489621799408325	0.21454684638892213	0.2523119387495194	0.28772191583534545	0.3205743911907687	0.35084460814432966	0.37863521871668365	0.4041157337754253	0.427472032528027	0.44889181824702085	0.4685637749517057	0.4866629823146644	0.5033453066699678	0.5187521628689314	0.533010290894664	0.5462317357617635	0.5585138396904387	0.569806800466213	0.5807641230204141	0.5914423738477607	0.601841535880236	0.6119616536919069	0.6218027011568008	0.6313646698657268	0.6320103506536895
0.0	-0.004870194943703197	-0.003229375610651873	0.002560581266589211	0.010997794960580344	0.021102843960394472	0.03219720057897622	0.04378900554659765	0.05552620228171259	0.06715819966052064	0.07851035361453025	0.08947100823353288	0.09997861614476113	0.10999838953579669	0.11951602507375426	0.1285368218303103	0.13707536977553628	0.1451540529760878	0.15279701056770356	0.16002864580186713	0.166873616164101	0.17335683006457092	0.17949415658445872	0.18549268496192703	0.1913672800960967	0.19711793253231996	0.20274466694875273	0.20824746888975962	0.21362633370687723	0.21504556490446924
0.0	0.044518242876728537	0.0847853215256762	0.12262190748286918	0.1583999561798717	0.1920276585639088	0.22334440641194225	0.2522624144727389	0.2787968201109333	0.30304691671377665	0.3251629662246134	0.34532746697168953	0.36373113748982044	0.38055585169393963	0.3959697674645624	0.4101272646596969	0.4231661481230631	0.4352055536759927	0.44635204382701704	0.4567003010718801	0.4663331133342446	0.4753213683984886	0.48361851219095314	0.49168839038779627	0.49957223196488804	0.5072700242770056	0.5147818003389386	0.5221075408058752	0.5292472394542469	0.5304431104450288
0.2086885860098915	0.18452038592098546	0.16452819730052406	0.14702655501972417	0.13129606900803145	0.11699475581283812	0.1039354062875239	0.09200142198417989	0.08110515911764613	0.07116939088994233	0.062123409182230395	0.05389722424221719	0.04642253340441822	0.03963356559325578	0.033467085489968275	0.027863334232240522	0.022766806013707536	0.018126682361217207	0.013896934161191081	0.010036310525319458	0.006508211988094129	0.003279353261467405	0.00032175443412029174	-0.0023895378557257417	-0.00487716333748015	-0.00716144243982032	-0.009260393983875313	-0.011189710644560797	-0.01296277430579105	-0.014590920712625525
0.6132372846860872	0.5872603753938118	0.5632907419131788	0.5404250485491408	0.5182660046327904	0.49663999033370326	0.4754897574449116	0.4548280879033328	0.4347056470500598	0.41518418883779634	0.3963286877835361	0.3781921669116863	0.36081265719807964	0.34421256804760963	0.3283989454950433	0.31336636229210757	0.29909636652193644	0.2855649397001739	0.27274378170888514	0.26060028140195074	0.24909778332008312	0.23820062751026397	0.22787339460847697	0.2180814457744045	0.20879176798669125	0.19997299546597075	0.1915953411238531	0.1836306919144511	0.1760525491751673	0.16883612302371298
0.0	0.07518061458962712	0.13130279994003904	0.17488043485120608	0.20911571654971134	0.23586384146070305	0.25641521506275194	0.27178800451352797	0.2828628679872235	0.2904192516434802	0.2951414322537721	0.29761852580409964	0.2983477170527281	0.29774068033135964	0.296125609726903	0.29376595486707124	0.2908593765560822	0.2875655436906196	0.284011411398302	0.2802912167793092	0.27646777025690183	0.2725940054199476	0.26870442382037857	0.26482377777289245	0.26097213463149493	0.25716488579763125	0.2534127170084046	0.24972164982749367	0.24609301567973452	0.2425245076859784
0.0	0.02843697220745841	0.05878204957558124	0.0894018573433821	0.11931791092778515	0.14787194923489289	0.17461966826293185	0.1992884536938093	0.22174906257137417	0.24197419074928217	0.26002269101165426	0.2760146906072178	0.2901024585497022	0.3024512697494025	0.3132384077802261	0.3226382598689908	0.33081479670883795	0.33791794127756697	0.34408225909014223	0.34942697719382687	0.354056438323383	0.3580645603643002	0.3615272356389193	0.36451066295529955	0.3670739267419821	0.3692689913348223	0.3711407178528811	0.37272684097848574	0.3740579834818839	0.37515858897018955
0.0	0.001468424405355833	0.00697390373034523	0.01572228924026159	0.027298564578608877	0.041400953918775275	0.057717866765709946	0.07589145589354018	0.09552010241543309	0.11619800544296763	0.1375297588641307	0.1591617856098768	0.18079391665576913	0.2021828862325337	0.22314128511593093	0.243528423573491	0.2632536185562661	0.28225373149125144	0.300489221821967	0.3179441866956933	0.33462530365079307	0.35054392348161034	0.3657225891126038	0.38018886278880243	0.3939713276415742	0.40709955588300045	0.41960421087928707	0.431516905082211	0.44287028893354474	0.45369729068337994
0.0	0.027084827545162865	0.05238535755885445	0.07666888180382035	0.1002839802169651	0.12338380193368491	0.1460114927251909	0.16813967702948251	0.18970143238182904	0.21061923121673826	0.2308136176117583	0.2502202456317092	0.2687930844176169	0.2865048631326562	0.3033467249199723	0.3193242940137498	0.3344581784829588	0.348775370693939	0.36230772528143845	0.3750919904390495	0.3871695006341693	0.3985803180605344	0.40936410879919616	0.4195596589940634	0.4292039147694106	0.43833196001602304	0.44697708732174757	0.4551706993278271	0.46294237045161846	0.4703197341974305
0.9868101555831866	0.9257163871629448	0.8778294299879259	0.8366221976570173	0.7996995158364539	0.7666168065770961	0.7373969921473521	0.7118970496834598	0.6897709633790832	0.6705509879969969	0.6537904537085371	0.639097802977215	0.6261425477972735	0.6146541502858329	0.6044133764800901	0.5952355156777586	0.5869697176875173	0.5794975486143391	0.5727194939808582	0.5665553963876655	0.5609358786210136	0.5558004703111377	0.5510976200327315	0.5467846816345246	0.5428406119586816	0.5390806312706137	0.5354478469091862	0.5319422638708904	0.5285638875192242	0.527281188299348
0.7471163521073532	0.6901964522131705	0.6364094429172973	0.5832452902884016	0.5306297033465937	0.47962072359861535	0.4314381487212711	0.38693921761475814	0.3465147150722828	0.31015511633824705	0.2776103025609862	0.24853598015734957	0.22253637776065466	0.1992262000978529	0.1782521786008083	0.1593027291825611	0.142108782766589	0.1264423748776139	0.11210801308062765	0.09894537635963815	0.08681427247117772	0.07559222314888954	0.06517449039670438	0.05547404646756239	0.04646132787368429	0.03778768566190117	0.029335193740559064	0.021103863457466374	0.013093707418001206	0.008727268888662439
0.0	0.20314920675211026	0.35764523888289435	0.4826365386352375	0.5858033721379187	0.669628395316263	0.735822624605928	0.7869604295068148	0.8261034470508235	0.8563484623576816	0.8801405205860242	0.8993141316089532	0.9151360351887322	0.9284544508385572	0.9398332992437152	0.9497077228881511	0.9583909063107806	0.9660803275720027	0.972928894982933	0.9790497996241407	0.9845355862916892	0.9894646642516525	0.9939012955314416	0.9978956079616099	1.0014761875439115	1.0048496988527285	1.0080755017931742	1.0111535917994818	1.0140839641675776	1.0145807333205006
0.0	0.031101249602102032	0.08229150721005297	0.14618438779109186	0.216500294367192	0.28750315252386044	0.3546591866661027	0.4152503759392745	0.4681770821431479	0.5136087852558692	0.5523391078593062	0.5853266642207414	0.6135648700365348	0.637915623583027	0.6590803438824082	0.6776432835530521	0.69407178442084	0.7087206891721239	0.721871311209885	0.7337348308701384	0.7444893624411709	0.7542864320546466	0.7632509545615245	0.7714812596099904	0.7790110962771903	0.7861965735604973	0.7931568408720656	0.7998918887074662	0.8064017067593052	0.809200966909526
0.0	-0.004003678683957926	0.0006856245336547733	0.012346850435379579	0.029918368044175407	0.05256184975938202	0.07912792681860445	0.1080899427600006	0.13793088705151813	0.1673443267211182	0.195482136125263	0.22184672192163316	0.24624550133219616	0.26867721611688306	0.289250735193444	0.3080959860251405	0.3253598473271043	0.34120455319611004	0.35578142840383387	0.3692241798812117	0.381654091538577	0.39317929364493515	0.4038947358558681	0.4138822180606022	0.4231717130613292	0.4321153442212977	0.4408309597311676	0.4493185478899471	0.4575780956998243	0.4620808109057693
0.0	0.05779753952537925	0.11412420535873248	0.17070117636739424	0.22718170126656703	0.2822431037994309	0.33445373943219003	0.3827775699342054	0.42669809786794904	0.4661575719317679	0.5013961915801224	0.5327785654053235	0.5607420393886292	0.5857178638297931	0.6081034028445079	0.6282492075523384	0.646457920951585	0.6629858331961781	0.6780521237519123	0.691835923031045	0.704493679498651	0.716161884511206	0.7269570449324205	0.736975714311157	0.7462479092377193	0.7551531273207331	0.7638219879961776	0.7722544795903263	0.7804505891912048	0.7847524362788132
0.7816621347136105	0.7072949614319566	0.6461336575331149	0.592746878078477	0.5465169420588031	0.5077976861481335	0.47580089119506896	0.44932883478444113	0.4273595649329061	0.4090697362928087	0.3937502070632992	0.3808108757973773	0.3697742791560324	0.3602587425932855	0.35197672205867014	0.34471138269371443	0.3382987236081398	0.3326052333871315	0.32752349836562705	0.3230453829858597	0.3191271730083541	0.31535713161527046	0.311735258060932	0.3082615554405107	0.3049360213124095	0.3017586612116947	0.29872946526881233	0.2958484378182501	0.293115578860008	0.29549206015225093
0.9730926873963903	0.8979897436989426	0.823120837590262	0.7468380706946565	0.670956008693052	0.5986190021545049	0.5321850276953114	0.472796022529005	0.42063072355829834	0.37526605134658914	0.33592447405801296	0.3017249800822897	0.2718427022607973	0.24556782509947225	0.22230578551199012	0.20157108232689422	0.1829787190527835	0.16620585766363158	0.15098644315870502	0.13732669049011337	0.12518156531151511	0.1133870202377652	0.10194305299452926	0.09084967346251333	0.08010687382249418	0.06971467224985224	0.05967303647531836	0.04998198059278124	0.04064150460224087	0.04339019614124625
0.0	0.2362309096382091	0.41871686751105264	0.5606921464656219	0.6642815240438393	0.7322994431743294	0.7734387225199006	0.7974745649920012	0.8115535266208788	0.8198958395053373	0.8248555112091386	0.8277286585916173	0.8292940581953517	0.8300751001060382	0.8303500094138072	0.8302641202483231	0.829909319799227	0.8293477162214961	0.8286214962880808	0.8277681877008821	0.8268794661119122	0.8259269170433168	0.8249105403591408	0.8238303370184498	0.8226863062423531	0.821478450199359	0.8202067651475714	0.8188712526603783	0.8174719127377795	0.8138716022156312
0.0	0.05949807152527297	0.15067299387114746	0.26022303956309795	0.3731043058646705	0.4773586486981453	0.5661646536246564	0.6374765747022093	0.6927238193868348	0.7347306743023648	0.7665944714741583	0.790917055300336	0.8097039537921297	0.8244978796624931	0.8363842225981608	0.8460914121845927	0.854116173889033	0.8608423459308373	0.8665592026283786	0.8712953562592092	0.875020350686749	0.8785894881004611	0.8820027692143572	0.8852601911254504	0.8883617561202963	0.8913074590772914	0.8940973091479462	0.8967313023023537	0.8992094385405137	0.8963131138631217
0.0	0.0012867242386669885	0.014350512901587538	0.04027325530856862	0.08011669578086833	0.13164411115421132	0.1896554740728865	0.24890277682540632	0.3057479419280327	0.35832974089506325	0.4060259336289756	0.4489277958960821	0.4874072805161306	0.521890825682271	0.5528535351087227	0.5807581055268087	0.6060015732902998	0.6289314556903031	0.6498451789956498	0.6687180561322689	0.6856240026819465	0.7020443573679332	0.7179791233552684	0.7334282868836968	0.7483918588431097	0.7628698139108605	0.7768621970428322	0.7903689886057886	0.8033901885997295	0.7996665664152728
0.0	0.07673182358710345	0.15548888176140063	0.2371231018208412	0.3193253204156846	0.3983743052545379	0.4712628533201882	0.5364052832721705	0.5934760844729022	0.6429369106615713	0.6856801307312393	0.7227071523584325	0.7549473132298383	0.7831967968815565	0.8081184846180374	0.8302520269484592	0.8500251722399386	0.8677962862872239	0.8838605372367816	0.898208315510411	0.9108786689863207	0.9231700014233784	0.9350823151987961	0.9466156000395973	0.9577698640724772	0.9685450884604857	0.9789413066635192	0.9889585040586312	0.9985966806458219	0.9951649536895633
0.29569997783917334	0.2716796683206759	0.25173216425105593	0.23409040182565058	0.21798630307954628	0.20305206465741496	0.1891063462126867	0.17604813333579275	0.16381940455270316	0.1523794154150836	0.14169278800850282	0.13172714537857771	0.12244976474846672	0.11382496021953933	0.10581543267579702	0.09838227768406868	0.0914850309239509	0.0850834001644719	0.07913745338401487	0.07360942317603718	0.0684642964254172	0.0636698221792008	0.05919650871153015	0.05501754351095043	0.051109276452244064	0.047451006202074784	0.04402399413147597	0.04081148031589687	0.03779865533455329	0.034972663147427835
0.8422251996550121	0.8173203594410431	0.7940504553503138	0.7714759545283955	0.7491506265341414	0.7268390591102	0.7044262949062902	0.6818780300252274	0.6592243135400352	0.6365449600767086	0.6139440057773857	0.5915437022537336	0.5694695003752014	0.5478363292082505	0.5267423058192355	0.5062668450933714	0.4864707620082941	0.46739670960926866	0.44906448172907165	0.4314823318846954	0.41464948364656706	0.3985561550554212	0.3831835498410277	0.3685060385905726	0.3544981416862804	0.34113119654304075	0.3283763793753024	0.3162050713680532	0.30458875662377394	0.29349903113870085
0.0	0.08019728961220197	0.14189954909024036	0.1916543532239885	0.2325670984778728	0.2663120952179495	0.293905513803705	0.31610897604142285	0.3335698496664617	0.3469160226050766	0.3567532653517012	0.3636627283873242	0.3681847130846315	0.3707970875130401	0.3719122955250864	0.3718764491352071	0.3709702235014292	0.36942326007354837	0.3674073000413718	0.3650604752210594	0.36249471848252746	0.3597957665671831	0.35702315930657075	0.35421575402573857	0.35140799408132334	0.34862061485912205	0.3458689868998622	0.34316369402140595	0.3405105124199959	0.3379104119490124
0.0	0.022464850261275864	0.04778529266065571	0.07444336828162373	0.10152796644630985	0.1283644565315025	0.15441305484312937	0.179240351102065	0.2025143802909993	0.22400350819517514	0.2435610037286319	0.261120795158885	0.2766856746265103	0.29031867705708786	0.3021158417512038	0.31220067787143735	0.3207234855464422	0.32784206400616617	0.3337153052902119	0.3384947297521533	0.3423203506702642	0.3453206666446409	0.3476126648568832	0.3493015901255503	0.3504766989438763	0.35121378856291474	0.3515794107666603	0.3516309427887485	0.3514165943603199	0.3509754050308706
0.0	-0.00027460772038277124	0.0035053770286716927	0.01056091048678957	0.020576262689736953	0.0334267218575464	0.049034145104016366	0.06727163168682469	0.08793200021964964	0.11071066627711738	0.13525101368522444	0.1611560845088641	0.18802190281359663	0.21547052724015056	0.24316747828323582	0.27082636777185154	0.2982085207598448	0.3251202835929234	0.351424203157881	0.37701489717384146	0.4018132660593785	0.42576645779302846	0.4488478803382895	0.4710518793314184	0.49237814187033785	0.51283984064759	0.5324549571081573	0.5512455002729356	0.5692376625916783	0.586461806758511
0.0	0.026048769702557085	0.050725881725732114	0.07482104634110699	0.09872830370255896	0.12266694596438724	0.14674788707257577	0.17100085146983413	0.19538706726773708	0.2198123275753338	0.24415617390909944	0.26827880569699314	0.2920381598820112	0.3153059221080633	0.33797342854989937	0.3599535790863911	0.38118069517379427	0.4016091662785356	0.42121828699706143	0.4399999426582802	0.457955753859829	0.47509705035546246	0.49144488046360174	0.5070276353397425	0.5218734693424489	0.5360140003896988	0.5494810352418323	0.5623061756797989	0.5745209265792907	0.5861566862345289
0.3514104654879739	0.31984999852527374	0.2946439155442297	0.2727197545250767	0.25287855331491743	0.23462336693804806	0.21773452141875102	0.20211010046090183	0.18768519010923146	0.17441061773993546	0.16223530851570936	0.15110198035536074	0.14094574709341084	0.13169506468854617	0.12327304183985843	0.1156017376589302	0.10860711691228198	0.10221914069947809	0.09637192543785755	0.09100711101397349	0.08607484345712663	0.08153063841336564	0.07733521032392084	0.07345447586523926	0.06985955332950758	0.06653060421531899	0.06337049224942139	0.06031053036768439	0.057350716878187706	0.05539292324750138
0.8422225890075014	0.8098745441397351	0.7800489337734727	0.7511622144320259	0.7225599841485075	0.6939689529284326	0.665321960096957	0.636694577424444	0.6082454325676092	0.5801856723662403	0.5527347733267842	0.5260880506983308	0.5004022506258218	0.4757951071639077	0.45233337499678206	0.43004502825435786	0.40893354002226306	0.3889780489295234	0.37013551689177604	0.35235613569229335	0.3355817026242049	0.3197537410988479	0.3048149674155163	0.29070930292796177	0.27738187135757625	0.26478867767434544	0.25266746893943365	0.24083536467837968	0.22929235830159828	0.22064189300057535
0.0	0.10449482502153526	0.18162394743885543	0.2420523491662046	0.29038518831440946	0.32890512935653377	0.3590412470482515	0.38194925808644864	0.39873865338544245	0.4104939752007731	0.41824054894229135	0.4228825450010915	0.4251763254100476	0.4257368566703938	0.42503900291780006	0.4234435246225126	0.4212362875658659	0.4186290448363416	0.4157648097943989	0.41275493667636987	0.4096700519288208	0.40656357980907654	0.4034758339424693	0.40043401979527465	0.3974522338827882	0.3945356617668886	0.39167189249534157	0.388837893642974	0.38603366361241787	0.383527290826101
0.0	0.027460393724715513	0.060324864218919985	0.09576779881600202	0.13210153261366664	0.16805898124269125	0.202626793585967	0.235027285484342	0.2647122321670952	0.29135196936733737	0.314821453655584	0.33514517375947983	0.3524633303625329	0.3670159931359754	0.37908861296166874	0.38898559658640225	0.39699758863938284	0.4034005467442429	0.4084548553731382	0.4123855078902198	0.4153772038332418	0.417591019539403	0.41916521797840517	0.4202152473421561	0.42083374057821116	0.4210706339118443	0.4210607746498777	0.42095392067418874	0.42075007187721153	0.41957577131633655
0.0	-0.00041782836825648187	0.0047008987151530655	0.014283493934802414	0.0279559298944974	0.045583203755899665	0.0669902137807919	0.09182499976849448	0.11955786969162466	0.1495234767198493	0.18100959490375837	0.21335030847992492	0.2459694027984733	0.27838203803594386	0.3102247366148236	0.34123334030593977	0.37121331766363386	0.4000394061023398	0.42765044662423235	0.45401617147330914	0.47914485572638155	0.5030582050098923	0.5257873496736517	0.5473728263227124	0.5678645821502686	0.5873129408251048	0.6060881178798635	0.6244311168382496	0.6423419479236488	0.6559287616112559
0.0	0.033561230899600676	0.06509324104249639	0.09590608318818777	0.12656182987252196	0.1573016476712288	0.18817251831662982	0.21907290650168026	0.24981092257688944	0.2801379575072233	0.3098000172045029	0.3385742506720088	0.3662845274450293	0.39280128846313056	0.41805223232535543	0.442008314908426	0.4646671459750039	0.48605277288115534	0.5062133126345878	0.5252038957393821	0.5430885577030203	0.5599316418479943	0.5757962067814095	0.5907440134678007	0.6048355280408434	0.6181189832585665	0.630882543345567	0.6433284152977835	0.6554566060400681	0.6644062707996834
0.25949032317308124	0.24585582821986693	0.2338720587498583	0.2230485749918379	0.21311129460058187	0.20389467370123965	0.19529094634667002	0.1872278318246819	0.17965195032096098	0.17252285692485572	0.1658090069739333	0.15948439449056032	0.15352585432363391	0.1479123044546321	0.142624746424502	0.13764605494082616	0.132959556433376	0.1285494149456122	0.12440057141332445	0.12049867032039722	0.11683006895568272	0.1133818381075318	0.11014175006145516	0.10709811812750916	0.10423987141523608	0.10155659226540982	0.09903842122785661	0.09667608516814415	0.09446088262230824	0.09238467931501564
0.4508712509141709	0.435804971346476	0.421663304983904	0.4082119960400348	0.3953221274484083	0.38291615418927444	0.3709432166986476	0.3593683393521967	0.34816502511200004	0.33731282615867286	0.32679556668733684	0.31659990783042347	0.3067142357594461	0.297128322973769	0.2878333275537879	0.27882161318834664	0.2700857867321894	0.2616190433140769	0.2534147439296823	0.24546631027617324	0.23776724205845362	0.23031111891382972	0.22309158051129643	0.2161022322542954	0.20933652388576954	0.2027879109835032	0.19644980716817934	0.1903156524188117	0.18437887844070397	0.17863289614364167
0.0	0.04577504689998574	0.08381580725368151	0.11627809230644814	0.1444495827340713	0.1691593315029895	0.19098038837402467	0.21032224830448548	0.22750223530825534	0.24277186700980488	0.25633514488673753	0.2683629686823669	0.27900675260270075	0.28840214699297345	0.2966690341274277	0.3039128707244103	0.3102317821108052	0.31571384214523623	0.3204399749154205	0.3244844251138093	0.3279147456803408	0.33079179796404073	0.33316979799333296	0.3350987082640696	0.33662358519276353	0.3377848615850095	0.33861943610823186	0.3391606607822835	0.33943834877235074	0.33947877426975137
0.0	0.01590465711297965	0.032126582437333885	0.048349334662717305	0.06438485781464438	0.08010846989496712	0.09543041667552622	0.11028458262184666	0.12462083203501201	0.1384022960656003	0.15160339060927178	0.16420945017915506	0.17621314466791577	0.1876136311837024	0.19841655374000478	0.20863333735780926	0.21827887586945371	0.2273728147836654	0.23593594215099345	0.24398990923097905	0.25155721142566395	0.258661186843749	0.26532602009754785	0.27157545789986204	0.2774324652392327	0.2829193662766139	0.2880575228477142	0.292867276973581	0.2973679808714753	0.3015780060312169
0.0	0.000639386265642689	0.0028025422557436857	0.006069574544831673	0.010174275500915387	0.014939114378739791	0.020238940566549127	0.0259833604584176	0.03210147457745382	0.038535753064086485	0.045238020331396796	0.052166040218720844	0.059280762992258186	0.06654558930505185	0.0739263727078289	0.08139134761243509	0.08891043828778329	0.09645547902240782	0.10400059360783491	0.11152223561320077	0.11899917342279594	0.12641248796198903	0.13374558121765515	0.14098368568555358	0.14811439737981213	0.15512726901539126	0.16201351337656938	0.16876593028322542	0.17537894312116	0.18184861303324623
0.0	0.016233828386901048	0.031545482254028825	0.04612934624513408	0.060095896010089134	0.07351497108440448	0.08643521119826064	0.0988926536010999	0.1109163363710545	0.12253001334779426	0.13375355550640453	0.14460403375003336	0.15509658089779343	0.16524466662797757	0.17506009812988993	0.1845532155203558	0.19373383989626602	0.2026108885964871	0.21119296224106163	0.21948846359452914	0.22750557938248228	0.2352522783230973	0.24273633248318205	0.24996546036361136	0.25694747093650777	0.2636901061430603	0.27020110611924236	0.2764881388336265	0.28255883583212843	0.2884208050065701
0.45030773770660487	0.4143666252983577	0.3862034601902985	0.3618548694238476	0.3398068804660672	0.31946144327536047	0.3005827807832193	0.2830804580116875	0.26690467380818306	0.2520197447485449	0.23838103870999683	0.2259319715128895	0.21460283700947294	0.20431313200262446	0.19497297308006462	0.18649199502939318	0.17878370333426252	0.17176545302272164	0.16535960838349575	0.15949980495342822	0.1541281970227043	0.1491932240729604	0.14464961056561354	0.14045835829394432	0.13658675731808362	0.13301091127414966	0.1295982435456757	0.1262972222196738	0.12310784759552307	0.12112677830963252
0.8696399256067106	0.8336896137536748	0.8006702897155084	0.7686257739401138	0.7368047156816104	0.7049307295108201	0.6729717209491924	0.6410570249200177	0.6094099356272454	0.5783088693636528	0.5480327968575024	0.5188170522958663	0.4908426784523962	0.4642341611107431	0.43904471839948345	0.41528552975934496	0.39293739053194887	0.37195064718690735	0.3522542503451827	0.33377353034257906	0.31642797131469963	0.30014013338736784	0.28483578131790566	0.2704438597116984	0.2568965289444747	0.24413704719156318	0.23181961966704573	0.21980885157570987	0.20810474403150686	0.1997194876429383
0.0	0.12079060058757564	0.20945135534541676	0.2792323972694335	0.3356560190699139	0.3812871855941297	0.4176121091533518	0.44581806142321845	0.4670912164254993	0.48263251386075035	0.4936093096519809	0.5010430930300984	0.5057855355951263	0.5085271634200098	0.5097873346592051	0.5099694057843487	0.5093887670874578	0.5082728372828648	0.5067811841205062	0.5050355579035601	0.5031158084994728	0.5010861298830216	0.49899536211179657	0.49687698852520845	0.49474914008611814	0.4926217123366937	0.4905036748473357	0.4883898263430285	0.4862801670321528	0.4842158408141482
0.0	0.027030189092990903	0.0615912818632292	0.10015493405761068	0.14065061982162935	0.1814747612210441	0.22127521547568152	0.25895326410490155	0.29369992580969984	0.3249976728570163	0.3526224864026291	0.37655317275468264	0.3969476493320157	0.4140979357336374	0.4283583221125294	0.4400982736129622	0.4496704944495166	0.4574109495374096	0.46363302739289297	0.4685919982468375	0.4725010489103574	0.475545240830983	0.4778815409881183	0.47963882732454205	0.4809178816812918	0.48175899851732407	0.4823701748347858	0.48286909141181616	0.4832557482267915	0.4824274580259771
0.0	-0.0013918081704742174	0.0033916752323144947	0.013019854570825957	0.02701615219644309	0.04524021468474196	0.06754477648993769	0.09358253354817421	0.12277497218760877	0.15436574595032487	0.18752655675311486	0.22149976870960936	0.25563190207066866	0.2893843870157954	0.32237719956059196	0.35433517256749203	0.3850671720623603	0.41446618935080415	0.44248933981326233	0.46912845744949194	0.49441163798534227	0.5183762740469245	0.5410687370437802	0.562544413349754	0.5828676516105801	0.6021106227025049	0.6207386689363136	0.6389214406024322	0.6566589360097824	0.6695774056515937
0.0	0.037194061239756715	0.0721275352786356	0.10638257202692121	0.14057662995131334	0.1749355169938049	0.20946123627245583	0.24398991511167892	0.27825537345308504	0.31193215617021075	0.3446993901844045	0.3762901060814673	0.4065028731934068	0.435202565098639	0.4623333711654774	0.4878858583983144	0.5118833699246156	0.534382094415091	0.55546116356989	0.5752030462744788	0.5936963565420812	0.6110263423500137	0.6272747464000217	0.6425198325333601	0.6568363475071635	0.6702862182885174	0.6832497222018362	0.6958766337190575	0.7081669516726024	0.7168144653640043
1.0000000462635004	0.9342255179179404	0.8830756821452234	0.8399492021975379	0.8024198182539766	0.7698643553295219	0.7419276179726584	0.7180826328152086	0.697730483239051	0.6802721833392356	0.6651906651467846	0.6520672594695401	0.6405626665301715	0.6304129684697837	0.6214074441113062	0.6133791514857418	0.6061874721024907	0.5997169327191432	0.5938770732527993	0.5885925620483219	0.5838004228651226	0.5794473174535104	0.5754860039744472	0.5718753361245427	0.5685802639382794	0.565571838306529	0.5628040872054048	0.5601503466769576	0.5576018623336652	0.5559241231344338
0.6004426436352346	0.5367326619025984	0.4772877414942078	0.42045337338111866	0.36692116996176216	0.31793944628227977	0.27424339589213675	0.23582068552121205	0.20227048667311484	0.1729703009085233	0.14727888890809473	0.1246262989326233	0.10452649956476494	0.0865778305181417	0.07045175492474084	0.05588235163239926	0.042643892989369964	0.03054960782084597	0.019451489527350947	0.00922592660189567	-0.00022956237129732426	-0.009001769131862621	-0.01716741593940296	-0.02479315724190569	-0.031935578298697725	-0.038641184640735675	-0.04497865652688363	-0.05114416519125456	-0.0571517764678984	-0.06185316397427988
0.0	0.21545948008326163	0.3773249304928276	0.5049170401167714	0.6067083818207362	0.6867242548872732	0.7485450223573106	0.7960055181756142	0.8325842018665485	0.8611693040201477	0.8838882262121373	0.9022475183817537	0.9173590014773649	0.9299713575400426	0.9406137178705449	0.9496607586534982	0.9574130227112847	0.964102621206356	0.9698936399050979	0.9749118350721986	0.9792583278773244	0.9830147398043826	0.9862522118227082	0.9890314052305417	0.9914025007236406	0.9934051958279444	0.9950989367459192	0.9966473252393128	0.9980616808595384	0.9983672305222535
0.0	0.041441280590392926	0.10402565568011775	0.17765875420151012	0.2538788430106661	0.32642226992500967	0.39173248800037996	0.4487869981715521	0.4978220585891674	0.5398246769650636	0.5759439006322695	0.6072099837958478	0.6344931212394194	0.6584990937849095	0.6797854886807905	0.6987858616190725	0.715862141854877	0.7313073222122658	0.7453458145116666	0.7581595157719115	0.7698964711062365	0.7806802219817935	0.7906194028801838	0.7998077433978577	0.8083240664230705	0.8162322759302614	0.8236298951248211	0.8307869954448184	0.8377223913927435	0.8428237115201587
0.0	-0.0019527239293683253	0.004775886392797516	0.017914839986617304	0.035608706237526294	0.05628535633567872	0.07847651210559135	0.10093957491014087	0.12277602904451199	0.14343846412138753	0.16267661025587019	0.1804285276284852	0.196717833232421	0.21164101218131573	0.22531849318433736	0.2378761061457591	0.24943019393925894	0.2600862997117081	0.2699391883843855	0.2790748847358976	0.28756744228798486	0.2954821476843834	0.302877512333816	0.30980527390432383	0.3163103951189144	0.3224310540831898	0.32822796128972526	0.3338717771075563	0.33937451858104084	0.34371020693756843
0.0	0.0649504221685425	0.1273705049485562	0.1879342540943531	0.24537657644513564	0.2981205849952124	0.34525138334149225	0.386708249202873	0.42287756795400777	0.45440885276787085	0.48198806403246314	0.5062335601938529	0.5276765338979226	0.5467596392946436	0.5638457308075548	0.5792290380330921	0.5931593952343981	0.6058435183454028	0.6174452181472766	0.6281011388184059	0.637924252539723	0.6470101254055366	0.655443153375271	0.6632965640131925	0.6706324150293649	0.6775015835342902	0.6839768076270742	0.6902692904102863	0.696394414774893	0.7011350476685513
0.3640164947835286	0.3495531314851281	0.3369184387023101	0.32554122472302727	0.3151094648972756	0.3054363396049773	0.2964031718738132	0.28792941592846877	0.2799567714518852	0.27244246229178176	0.26535323339801703	0.2586607412790433	0.25234084491781456	0.24637306743618276	0.2407384083952673	0.2354195398226987	0.2304000072623206	0.22566416293260633	0.22119719544141236	0.21698511631481252	0.2130147265726683	0.20927324480690407	0.20574851819470147	0.20242898977163676	0.19930365751179313	0.19636207810805065	0.19359434561326508	0.1909911264492804	0.18854363796712595	0.18624364461668938
0.43598558405095905	0.4203505334666674	0.4056935384619915	0.391754138582624	0.3783981135244525	0.3655499705380187	0.35316448103314824	0.3412119442510729	0.32967080000112897	0.31852457849269006	0.3077591971899304	0.2973615905349942	0.2873194880645365	0.2776213156302638	0.26825546831659114	0.25921049255259104	0.2504751838794381	0.2420385523063596	0.23388987341081482	0.2260186658124323	0.2184146867938932	0.21106792875002794	0.20396871442850614	0.1971076486895211	0.19047561899842252	0.18406380404575004	0.17786362661689234	0.17186682992703667	0.16606543123325715	0.16045171361245736
0.0	0.049856849268374547	0.09132694749188994	0.12688798528676307	0.15798596448752172	0.18553917003444986	0.21016421156291762	0.23230077039166266	0.252280227892074	0.27035559181219776	0.2867284271057333	0.30157101260412233	0.3150297245673335	0.3272280494189727	0.3382768220746752	0.34827318630526	0.35730661376273565	0.3654592492957931	0.3728058563175414	0.3794138428091544	0.38534368111960976	0.390652704714483	0.39539195103896296	0.3996083706967426	0.4033455907577907	0.40664391100486474	0.40954032713552047	0.41206849156627323	0.4142587378814932	0.4161380853476882
0.0	0.014628567223893678	0.029745024461974672	0.04499519129391347	0.060181320950839834	0.07517827008017407	0.08989977084830811	0.10428217479304498	0.1182766647583983	0.13184619057465863	0.14496281729164148	0.15760566828643308	0.16976059472910351	0.18141946031644757	0.1925793752184789	0.20324288110291602	0.21341518480613322	0.22310408564789627	0.23231991549665557	0.2410755656273311	0.2493862345385102	0.25726718367312085	0.2647355122487454	0.27180854982528757	0.2785033557667569	0.28483671103187896	0.29082516427038263	0.29648495643565365	0.3018320668900001	0.30688222161277795
0.0	0.0004265361568010655	0.0024943976581357622	0.005706318699592749	0.009745321924374231	0.014397269121768556	0.019512179476506592	0.024980832592206053	0.030720496977570736	0.03666843365232135	0.04277596173906694	0.04900236889409546	0.05531400389822102	0.06168344788170036	0.06808684462963734	0.07450400397083648	0.08091666594940217	0.08730843647865957	0.09366475044832155	0.0999728873210544	0.10622187691876601	0.11240161949078298	0.11850356774749538	0.12452027906833947	0.13044523674820607	0.13627284194903788	0.1419984568665906	0.1476183353217089	0.15312966474486514	0.15853057354632946
0.0	0.01698571340386867	0.03301147349132289	0.048286211182854324	0.06291893458451854	0.07697286555277182	0.09048807356094189	0.1034931628171484	0.1160108619544299	0.12806036871225313	0.139659414537391	0.15082497409192286	0.16157339034550589	0.17192041393859067	0.18188166400775593	0.1914724321104671	0.20070752225352914	0.20960128259094576	0.21816755132008228	0.22641968061729012	0.23437055141831684	0.24203262259321667	0.24941772680437224	0.25653726148264405	0.2634022155928272	0.2700231607673806	0.27641029992101457	0.2825733884287144	0.28852178205782664	0.294264445470897
0.9029426812188277	0.8557324671959138	0.820777314190025	0.7919769494710406	0.7668747358999238	0.7444372902767149	0.7241886419660857	0.7058611913943236	0.6892739127840251	0.6742708883605646	0.6607052058213271	0.6484377198721611	0.6373361933122037	0.6272788135383566	0.6181550070694759	0.6098653518080395	0.6023211529352321	0.5954452317647883	0.5891685006556405	0.5834294296405016	0.578174054631317	0.573355980843809	0.5690029476625007	0.5648054046150756	0.5607361875253928	0.5567953028495679	0.5529827337173131	0.5492984900232949	0.5457425749555755	0.546286656674354
0.4605314061647547	0.41703300074457117	0.3788657199434423	0.3435266671015458	0.3103281917078254	0.279202488132877	0.2502285076301937	0.22345559219637443	0.19885812146520518	0.17634149707895444	0.15576785812994645	0.13697180867790895	0.1197807435110205	0.1040301704173921	0.08956802541099895	0.07625472216443611	0.06396553707693908	0.052592558059238195	0.04203923642935729	0.03221975052240362	0.023059019467837085	0.014492708384368842	0.00655935026826966	-0.001163467593687187	-0.008712924966137708	-0.016089009729722374	-0.0232917535241569	-0.030321137811771443	-0.037177156629376436	-0.03849434899061166
0.0	0.1616582813228192	0.2787389826685198	0.37071288169713457	0.4462175421103888	0.5094482512633742	0.5628156006657952	0.6080089078071498	0.6463443786868415	0.678929112358727	0.7067059685228517	0.7304682768374919	0.7508670380624728	0.7684499130380512	0.7836716864310701	0.7968966850471418	0.8084247315977515	0.818492385609637	0.8273016530392666	0.8350256754135356	0.8418087181038448	0.8477661643114869	0.8527807561814716	0.8575218473002143	0.8620538112871513	0.8663766410968292	0.8704903551692165	0.8743949426690786	0.8780904000954317	0.8751042564244838
0.0	0.022376966837078033	0.05549353349813268	0.09376660736470727	0.1342041459328071	0.17489621799408325	0.21454684638892213	0.2523119387495194	0.28772191583534545	0.3205743911907687	0.35084460814432966	0.37863521871668365	0.4041157337754253	0.427472032528027	0.44889181824702085	0.4685637749517057	0.4866629823146644	0.5033453066699678	0.5187521628689314	0.533010290894664	0.5462317357617635	0.5585138396904387	0.569806800466213	0.5807641230204141	0.5914423738477607	0.601841535880236	0.6119616536919069	0.6218027011568008	0.6313646698657268	0.6320103506536895
0.0	-0.004870194943703197	-0.003229375610651873	0.002560581266589211	0.010997794960580344	0.021102843960394472	0.03219720057897622	0.04378900554659765	0.05552620228171259	0.06715819966052064	0.07851035361453025	0.08947100823353288	0.09997861614476113	0.10999838953579669	0.11951602507375426	0.1285368218303103	0.13707536977553628	0.1451540529760878	0.15279701056770356	0.16002864580186713	0.166873616164101	0.17335683006457092	0.17949415658445872	0.18549268496192703	0.1913672800960967	0.19711793253231996	0.20274466694875273	0.20824746888975962	0.21362633370687723	0.21504556490446924
0.0	0.044518242876728537	0.0847853215256762	0.12262190748286918	0.1583999561798717	0.1920276585639088	0.22334440641194225	0.2522624144727389	0.2787968201109333	0.30304691671377665	0.3251629662246134	0.34532746697168953	0.36373113748982044	0.38055585169393963	0.3959697674645624	0.4101272646596969	0.4231661481230631	0.4352055536759927	0.44635204382701704	0.4567003010718801	0.4663331133342446	0.4753213683984886	0.48361851219095314	0.49168839038779627	0.49957223196488804	0.5072700242770056	0.5147818003389386	0.5221075408058752	0.5292472394542469	0.5304431104450288
0.2086885860098915	0.18452038592098546	0.16452819730052406	0.14702655501972417	0.13129606900803145	0.11699475581283812	0.1039354062875239	0.09200142198417989	0.08110515911764613	0.07116939088994233	0.062123409182230395	0.05389722424221719	0.04642253340441822	0.03963356559325578	0.033467085489968275	0.027863334232240522	0.022766806013707536	0.018126682361217207	0.013896934161191081	0.010036310525319458	0.006508211988094129	0.003279353261467405	0.00032175443412029174	-0.0023895378557257417	-0.00487716333748015	-0.00716144243982032	-0.009260393983875313	-0.011189710644560797	-0.01296277430579105	-0.014590920712625525
0.6132372846860872	0.5872603753938118	0.5632907419131788	0.5404250485491408	0.5182660046327904	0.49663999033370326	0.4754897574449116	0.4548280879033328	0.4347056470500598	0.41518418883779634	0.3963286877835361	0.3781921669116863	0.36081265719807964	0.34421256804760963	0.3283989454950433	0.31336636229210757	0.29909636652193644	0.2855649397001739	0.27274378170888514	0.26060028140195074	0.24909778332008312	0.23820062751026397	0.22787339460847697	0.2180814457744045	0.20879176798669125	0.19997299546597075	0.1915953411238531	0.1836306919144511	0.1760525491751673	0.16883612302371298
0.0	0.07518061458962712	0.13130279994003904	0.17488043485120608	0.20911571654971134	0.23586384146070305	0.25641521506275194	0.27178800451352797	0.2828628679872235	0.2904192516434802	0.2951414322537721	0.29761852580409964	0.2983477170527281	0.29774068033135964	0.296125609726903	0.29376595486707124	0.2908593765560822	0.2875655436906196	0.284011411398302	0.2802912167793092	0.27646777025690183	0.2725940054199476	0.26870442382037857	0.26482377777289245	0.26097213463149493	0.25716488579763125	0.2534127170084046	0.24972164982749367	0.24609301567973452	0.2425245076859784
0.0	0.02843697220745841	0.05878204957558124	0.0894018573433821	0.11931791092778515	0.14787194923489289	0.17461966826293185	0.1992884536938093	0.22174906257137417	0.24197419074928217	0.26002269101165426	0.2760146906072178	0.2901024585497022	0.3024512697494025	0.3132384077802261	0.3226382598689908	0.33081479670883795	0.33791794127756697	0.34408225909014223	0.34942697719382687	0.354056438323383	0.3580645603643002	0.3615272356389193	0.36451066295529955	0.3670739267419821	0.3692689913348223	0.3711407178528811	0.37272684097848574	0.3740579834818839	0.37515858897018955
0.0	0.001468424405355833	0.00697390373034523	0.01572228924026159	0.027298564578608877	0.041400953918775275	0.057717866765709946	0.07589145589354018	0.09552010241543309	0.11619800544296763	0.1375297588641307	0.1591617856098768	0.18079391665576913	0.2021828862325337	0.22314128511593093	0.243528423573491	0.2632536185562661	0.28225373149125144	0.300489221821967	0.3179441866956933	0.33462530365079307	0.35054392348161034	0.3657225891126038	0.38018886278880243	0.3939713276415742	0.40709955588300045	0.41960421087928707	0.431516905082211	0.44287028893354474	0.45369729068337994
0.0	0.027084827545162865	0.05238535755885445	0.07666888180382035	0.1002839802169651	0.12338380193368491	0.1460114927251909	0.16813967702948251	0.18970143238182904	0.21061923121673826	0.2308136176117583	0.2502202456317092	0.2687930844176169	0.2865048631326562	0.3033467249199723	0.3193242940137498	0.3344581784829588	0.348775370693939	0.36230772528143845	0.3750919904390495	0.3871695006341693	0.3985803180605344	0.40936410879919616	0.4195596589940634	0.4292039147694106	0.43833196001602304	0.44697708732174757	0.4551706993278271	0.46294237045161846	0.4703197341974305
0.9868101555831866	0.9257163871629448	0.8778294299879259	0.8366221976570173	0.7996995158364539	0.7666168065770961	0.7373969921473521	0.7118970496834598	0.6897709633790832	0.6705509879969969	0.6537904537085371	0.639097802977215	0.6261425477972735	0.6146541502858329	0.6044133764800901	0.5952355156777586	0.5869697176875173	0.5794975486143391	0.5727194939808582	0.5665553963876655	0.5609358786210136	0.5558004703111377	0.5510976200327315	0.5467846816345246	0.5428406119586816	0.5390806312706137	0.5354478469091862	0.5319422638708904	0.5285638875192242	0.527281188299348
0.7471163521073532	0.6901964522131705	0.6364094429172973	0.5832452902884016	0.5306297033465937	0.47962072359861535	0.4314381487212711	0.38693921761475814	0.3465147150722828	0.31015511633824705	0.2776103025609862	0.24853598015734957	0.22253637776065466	0.1992262000978529	0.1782521786008083	0.1593027291825611	0.142108782766589	0.1264423748776139	0.11210801308062765	0.09894537635963815	0.08681427247117772	0.07559222314888954	0.06517449039670438	0.05547404646756239	0.04646132787368429	0.03778768566190117	0.029335193740559064	0.021103863457466374	0.013093707418001206	0.008727268888662439
0.0	0.20314920675211026	0.35764523888289435	0.4826365386352375	0.5858033721379187	0.669628395316263	0.735822624605928	0.7869604295068148	0.8261034470508235	0.8563484623576816	0.8801405205860242	0.8993141316089532	0.9151360351887322	0.9284544508385572	0.9398332992437152	0.9497077228881511	0.9583909063107806	0.9660803275720027	0.972928894982933	0.9790497996241407	0.9845355862916892	0.9894646642516525	0.9939012955314416	0.9978956079616099	1.0014761875439115	1.0048496988527285	1.0080755017931742	1.0111535917994818	1.0140839641675776	1.0145807333205006
0.0	0.031101249602102032	0.08229150721005297	0.14618438779109186	0.216500294367192	0.28750315252386044	0.3546591866661027	0.4152503759392745	0.4681770821431479	0.5136087852558692	0.5523391078593062	0.5853266642207414	0.6135648700365348	0.637915623583027	0.6590803438824082	0.6776432835530521	0.69407178442084	0.7087206891721239	0.721871311209885	0.7337348308701384	0.7444893624411709	0.7542864320546466	0.7632509545615245	0.7714812596099904	0.7790110962771903	0.7861965735604973	0.7931568408720656	0.7998918887074662	0.8064017067593052	0.809200966909526
0.0	-0.004003678683957926	0.0006856245336547733	0.012346850435379579	0.029918368044175407	0.05256184975938202	0.07912792681860445	0.1080899427600006	0.13793088705151813	0.1673443267211182	0.195482136125263	0.22184672192163316	0.24624550133219616	0.26867721611688306	0.289250735193444	0.3080959860251405	0.3253598473271043	0.34120455319611004	0.35578142840383387	0.3692241798812117	0.381654091538577	0.39317929364493515	0.4038947358558681	0.4138822180606022	0.4231717130613292	0.4321153442212977	0.4408309597311676	0.4493185478899471	0.4575780956998243	0.4620808109057693
0.0	0.05779753952537925	0.11412420535873248	0.17070117636739424	0.22718170126656703	0.2822431037994309	0.33445373943219003	0.3827775699342054	0.42669809786794904	0.4661575719317679	0.5013961915801224	0.5327785654053235	0.5607420393886292	0.5857178638297931	0.6081034028445079	0.6282492075523384	0.646457920951585	0.6629858331961781	0.6780521237519123	0.691835923031045	0.704493679498651	0.716161884511206	0.7269570449324205	0.736975714311157	0.7462479092377193	0.7551531273207331	0.7638219879961776	0.7722544795903263	0.7804505891912048	0.7847524362788132
0.7816621347136105	0.7072949614319566	0.6461336575331149	0.592746878078477	0.5465169420588031	0.5077976861481335	0.47580089119506896	0.44932883478444113	0.4273595649329061	0.4090697362928087	0.3937502070632992	0.3808108757973773	0.3697742791560324	0.3602587425932855	0.35197672205867014	0.34471138269371443	0.3382987236081398	0.3326052333871315	0.32752349836562705	0.3230453829858597	0.3191271730083541	0.31535713161527046	0.311735258060932	0.3082615554405107	0.3049360213124095	0.3017586612116947	0.29872946526881233	0.2958484378182501	0.293115578860008	0.29549206015225093
0.9730926873963903	0.8979897436989426	0.823120837590262	0.7468380706946565	0.670956008693052	0.5986190021545049	0.5321850276953114	0.472796022529005	0.42063072355829834	0.37526605134658914	0.33592447405801296	0.3017249800822897	0.2718427022607973	0.24556782509947225	0.22230578551199012	0.20157108232689422	0.1829787190527835	0.16620585766363158	0.15098644315870502	0.13732669049011337	0.12518156531151511	0.1133870202377652	0.10194305299452926	0.09084967346251333	0.08010687382249418	0.06971467224985224	0.05967303647531836	0.04998198059278124	0.04064150460224087	0.04339019614124625
0.0	0.2362309096382091	0.41871686751105264	0.5606921464656219	0.6642815240438393	0.7322994431743294	0.7734387225199006	0.7974745649920012	0.8115535266208788	0.8198958395053373	0.8248555112091386	0.8277286585916173	0.8292940581953517	0.8300751001060382	0.8303500094138072	0.8302641202483231	0.829909319799227	0.8293477162214961	0.8286214962880808	0.8277681877008821	0.8268794661119122	0.8259269170433168	0.8249105403591408	0.8238303370184498	0.8226863062423531	0.821478450199359	0.8202067651475714	0.8188712526603783	0.8174719127377795	0.8138716022156312
0.0	0.05949807152527297	0.15067299387114746	0.26022303956309795	0.3731043058646705	0.4773586486981453	0.5661646536246564	0.6374765747022093	0.6927238193868348	0.7347306743023648	0.7665944714741583	0.790917055300336	0.8097039537921297	0.8244978796624931	0.8363842225981608	0.8460914121845927	0.854116173889033	0.8608423459308373	0.8665592026283786	0.8712953562592092	0.875020350686749	0.8785894881004611	0.8820027692143572	0.8852601911254504	0.8883617561202963	0.8913074590772914	0.8940973091479462	0.8967313023023537	0.8992094385405137	0.8963131138631217
0.0	0.0012867242386669885	0.014350512901587538	0.04027325530856862	0.08011669578086833	0.13164411115421132	0.1896554740728865	0.24890277682540632	0.3057479419280327	0.35832974089506325	0.4060259336289756	0.4489277958960821	0.4874072805161306	0.521890825682271	0.5528535351087227	0.5807581055268087	0.6060015732902998	0.6289314556903031	0.6498451789956498	0.6687180561322689	0.6856240026819465	0.7020443573679332	0.7179791233552684	0.7334282868836968	0.7483918588431097	0.7628698139108605	0.7768621970428322	0.7903689886057886	0.8033901885997295	0.7996665664152728
0.0	0.07673182358710345	0.15548888176140063	0.2371231018208412	0.3193253204156846	0.3983743052545379	0.4712628533201882	0.5364052832721705	0.5934760844729022	0.6429369106615713	0.6856801307312393	0.7227071523584325	0.7549473132298383	0.7831967968815565	0.8081184846180374	0.8302520269484592	0.8500251722399386	0.8677962862872239	0.8838605372367816	0.898208315510411	0.9108786689863207	0.9231700014233784	0.9350823151987961	0.9466156000395973	0.9577698640724772	0.9685450884604857	0.9789413066635192	0.9889585040586312	0.9985966806458219	0.9951649536895633
0.29569997783917334	0.2716796683206759	0.25173216425105593	0.23409040182565058	0.21798630307954628	0.20305206465741496	0.1891063462126867	0.17604813333579275	0.16381940455270316	0.1523794154150836	0.14169278800850282	0.13172714537857771	0.12244976474846672	0.11382496021953933	0.10581543267579702	0.09838227768406868	0.0914850309239509	0.0850834001644719	0.07913745338401487	0.07360942317603718	0.0684642964254172	0.0636698221792008	0.05919650871153015	0.05501754351095043	0.051109276452244064	0.047451006202074784	0.04402399413147597	0.04081148031589687	0.03779865533455329	0.034972663147427835
0.8422251996550121	0.8173203594410431	0.7940504553503138	0.7714759545283955	0.7491506265341414	0.7268390591102	0.7044262949062902	0.6818780300252274	0.6592243135400352	0.6365449600767086	0.6139440057773857	0.5915437022537336	0.5694695003752014	0.5478363292082505	0.5267423058192355	0.5062668450933714	0.4864707620082941	0.46739670960926866	0.44906448172907165	0.4314823318846954	0.41464948364656706	0.3985561550554212	0.3831835498410277	0.3685060385905726	0.3544981416862804	0.34113119654304075	0.3283763793753024	0.3162050713680532	0.30458875662377394	0.29349903113870085
0.0	0.08019728961220197	0.14189954909024036	0.1916543532239885	0.2325670984778728	0.2663120952179495	0.293905513803705	0.31610897604142285	0.3335698496664617	0.3469160226050766	0.3567532653517012	0.3636627283873242	0.3681847130846315	0.3707970875130401	0.3719122955250864	0.3718764491352071	0.3709702235014292	0.36942326007354837	0.3674073000413718	0.3650604752210594	0.36249471848252746	0.3597957665671831	0.35702315930657075	0.35421575402573857	0.35140799408132334	0.34862061485912205	0.3458689868998622	0.34316369402140595	0.3405105124199959	0.3379104119490124
0.0	0.022464850261275864	0.04778529266065571	0.07444336828162373	0.10152796644630985	0.1283644565315025	0.15441305484312937	0.179240351102065	0.2025143802909993	0.22400350819517514	0.2435610037286319	0.261120795158885	0.2766856746265103	0.29031867705708786	0.3021158417512038	0.31220067787143735	0.3207234855464422	0.32784206400616617	0.3337153052902119	0.3384947297521533	0.3423203506702642	0.3453206666446409	0.3476126648568832	0.3493015901255503	0.3504766989438763	0.35121378856291474	0.3515794107666603	0.3516309427887485	0.3514165943603199	0.3509754050308706
0.0	-0.00027460772038277124	0.0035053770286716927	0.01056091048678957	0.020576262689736953	0.0334267218575464	0.049034145104016366	0.06727163168682469	0.08793200021964964	0.11071066627711738	0.13525101368522444	0.1611560845088641	0.18802190281359663	0.21547052724015056	0.24316747828323582	0.27082636777185154	0.2982085207598448	0.3251202835929234	0.351424203157881	0.37701489717384146	0.4018132660593785	0.42576645779302846	0.4488478803382895	0.4710518793314184	0.49237814187033785	0.51283984064759	0.5324549571081573	0.5512455002729356	0.5692376625916783	0.586461806758511
0.0	0.026048769702557085	0.050725881725732114	0.07482104634110699	0.09872830370255896	0.12266694596438724	0.14674788707257577	0.17100085146983413	0.19538706726773708	0.2198123275753338	0.24415617390909944	0.26827880569699314	0.2920381598820112	0.3153059221080633	0.33797342854989937	0.3599535790863911	0.38118069517379427	0.4016091662785356	0.42121828699706143	0.4399999426582802	0.457955753859829	0.47509705035546246	0.49144488046360174	0.5070276353397425	0.5218734693424489	0.5360140003896988	0.5494810352418323	0.5623061756797989	0.5745209265792907	0.5861566862345289
0.3514104654879739	0.31984999852527374	0.2946439155442297	0.2727197545250767	0.25287855331491743	0.23462336693804806	0.21773452141875102	0.20211010046090183	0.18768519010923146	0.17441061773993546	0.16223530851570936	0.15110198035536074	0.14094574709341084	0.13169506468854617	0.12327304183985843	0.1156017376589302	0.10860711691228198	0.10221914069947809	0.09637192543785755	0.09100711101397349	0.08607484345712663	0.08153063841336564	0.07733521032392084	0.07345447586523926	0.06985955332950758	0.06653060421531899	0.06337049224942139	0.06031053036768439	0.057350716878187706	0.05539292324750138
0.8422225890075014	0.8098745441397351	0.7800489337734727	0.7511622144320259	0.7225599841485075	0.6939689529284326	0.665321960096957	0.636694577424444	0.6082454325676092	0.5801856723662403	0.5527347733267842	0.5260880506983308	0.5004022506258218	0.4757951071639077	0.45233337499678206	0.43004502825435786	0.40893354002226306	0.3889780489295234	0.37013551689177604	0.35235613569229335	0.3355817026242049	0.3197537410988479	0.3048149674155163	0.29070930292796177	0.27738187135757625	0.26478867767434544	0.25266746893943365	0.24083536467837968	0.22929235830159828	0.22064189300057535
0.0	0.10449482502153526	0.18162394743885543	0.2420523491662046	0.29038518831440946	0.32890512935653377	0.3590412470482515	0.38194925808644864	0.39873865338544245	0.4104939752007731	0.41824054894229135	0.4228825450010915	0.4251763254100476	0.4257368566703938	0.42503900291780006	0.4234435246225126	0.4212362875658659	0.4186290448363416	0.4157648097943989	0.41275493667636987	0.4096700519288208	0.40656357980907654	0.4034758339424693	0.40043401979527465	0.3974522338827882	0.3945356617668886	0.39167189249534157	0.388837893642974	0.38603366361241787	0.383527290826101
0.0	0.027460393724715513	0.060324864218919985	0.09576779881600202	0.13210153261366664	0.16805898124269125	0.202626793585967	0.235027285484342	0.2647122321670952	0.29135196936733737	0.314821453655584	0.33514517375947983	0.3524633303625329	0.3670159931359754	0.37908861296166874	0.38898559658640225	0.39699758863938284	0.4034005467442429	0.4084548553731382	0.4123855078902198	0.4153772038332418	0.417591019539403	0.41916521797840517	0.4202152473421561	0.42083374057821116	0.4210706339118443	0.4210607746498777	0.42095392067418874	0.42075007187721153	0.41957577131633655
0.0	-0.00041782836825648187	0.0047008987151530655	0.014283493934802414	0.0279559298944974	0.045583203755899665	0.0669902137807919	0.09182499976849448	0.11955786969162466	0.1495234767198493	0.18100959490375837	0.21335030847992492	0.2459694027984733	0.27838203803594386	0.3102247366148236	0.34123334030593977	0.37121331766363386	0.4000394061023398	0.42765044662423235	0.45401617147330914	0.47914485572638155	0.5030582050098923	0.5257873496736517	0.5473728263227124	0.5678645821502686	0.5873129408251048	0.6060881178798635	0.6244311168382496	0.6423419479236488	0.6559287616112559
0.0	0.033561230899600676	0.06509324104249639	0.09590608318818777	0.12656182987252196	0.1573016476712288	0.18817251831662982	0.21907290650168026	0.24981092257688944	0.2801379575072233	0.3098000172045029	0.3385742506720088	0.3662845274450293	0.39280128846313056	0.41805223232535543	0.442008314908426	0.4646671459750039	0.48605277288115534	0.5062133126345878	0.5252038957393821	0.5430885577030203	0.5599316418479943	0.5757962067814095	0.5907440134678007	0.6048355280408434	0.6181189832585665	0.630882543345567	0.6433284152977835	0.6554566060400681	0.6644062707996834
0.25949032317308124	0.24585582821986693	0.2338720587498583	0.2230485749918379	0.21311129460058187	0.20389467370123965	0.19529094634667002	0.1872278318246819	0.17965195032096098	0.17252285692485572	0.1658090069739333	0.15948439449056032	0.15352585432363391	0.1479123044546321	0.142624746424502	0.13764605494082616	0.132959556433376	0.1285494149456122	0.12440057141332445	0.12049867032039722	0.11683006895568272	0.1133818381075318	0.11014175006145516	0.10709811812750916	0.10423987141523608	0.10155659226540982	0.09903842122785661	0.09667608516814415	0.09446088262230824	0.09238467931501564
0.4508712509141709	0.435804971346476	0.421663304983904	0.4082119960400348	0.3953221274484083	0.38291615418927444	0.3709432166986476	0.3593683393521967	0.34816502511200004	0.33731282615867286	0.32679556668733684	0.31659990783042347	0.3067142357594461	0.297128322973769	0.2878333275537879	0.27882161318834664	0.2700857867321894	0.2616190433140769	0.2534147439296823	0.24546631027617324	0.23776724205845362	0.23031111891382972	0.22309158051129643	0.2161022322542954	0.20933652388576954	0.2027879109835032	0.19644980716817934	0.1903156524188117	0.18437887844070397	0.17863289614364167
0.0	0.04577504689998574	0.08381580725368151	0.11627809230644814	0.1444495827340713	0.1691593315029895	0.19098038837402467	0.21032224830448548	0.22750223530825534	0.24277186700980488	0.25633514488673753	0.2683629686823669	0.27900675260270075	0.28840214699297345	0.2966690341274277	0.3039128707244103	0.3102317821108052	0.31571384214523623	0.3204399749154205	0.3244844251138093	0.3279147456803408	0.33079179796404073	0.33316979799333296	0.3350987082640696	0.33662358519276353	0.3377848615850095	0.33861943610823186	0.3391606607822835	0.33943834877235074	0.33947877426975137
0.0	0.01590465711297965	0.032126582437333885	0.048349334662717305	0.06438485781464438	0.08010846989496712	0.09543041667552622	0.11028458262184666	0.12462083203501201	0.1384022960656003	0.15160339060927178	0.16420945017915506	0.17621314466791577	0.1876136311837024	0.19841655374000478	0.20863333735780926	0.21827887586945371	0.2273728147836654	0.23593594215099345	0.24398990923097905	0.25155721142566395	0.258661186843749	0.26532602009754785	0.27157545789986204	0.2774324652392327	0.2829193662766139	0.2880575228477142	0.292867276973581	0.2973679808714753	0.3015780060312169
0.0	0.000639386265642689	0.0028025422557436857	0.006069574544831673	0.010174275500915387	0.014939114378739791	0.020238940566549127	0.0259833604584176	0.03210147457745382	0.038535753064086485	0.045238020331396796	0.052166040218720844	0.059280762992258186	0.06654558930505185	0.0739263727078289	0.08139134761243509	0.08891043828778329	0.09645547902240782	0.10400059360783491	0.11152223561320077	0.11899917342279594	0.12641248796198903	0.13374558121765515	0.14098368568555358	0.14811439737981213	0.15512726901539126	0.16201351337656938	0.16876593028322542	0.17537894312116	0.18184861303324623
0.0	0.016233828386901048	0.031545482254028825	0.04612934624513408	0.060095896010089134	0.07351497108440448	0.08643521119826064	0.0988926536010999	0.1109163363710545	0.12253001334779426	0.13375355550640453	0.14460403375003336	0.15509658089779343	0.16524466662797757	0.17506009812988993	0.1845532155203558	0.19373383989626602	0.2026108885964871	0.21119296224106163	0.21948846359452914	0.22750557938248228	0.2352522783230973	0.24273633248318205	0.24996546036361136	0.25694747093650777	0.2636901061430603	0.27020110611924236	0.2764881388336265	0.28255883583212843	0.2884208050065701
0.45030773770660487	0.4143666252983577	0.3862034601902985	0.3618548694238476	0.3398068804660672	0.31946144327536047	0.3005827807832193	0.2830804580116875	0.26690467380818306	0.2520197447485449	0.23838103870999683	0.2259319715128895	0.21460283700947294	0.20431313200262446	0.19497297308006462	0.18649199502939318	0.17878370333426252	0.17176545302272164	0.16535960838349575	0.15949980495342822	0.1541281970227043	0.1491932240729604	0.14464961056561354	0.14045835829394432	0.13658675731808362	0.13301091127414966	0.1295982435456757	0.1262972222196738	0.12310784759552307	0.12112677830963252
0.8696399256067106	0.8336896137536748	0.8006702897155084	0.7686257739401138	0.7368047156816104	0.7049307295108201	0.6729717209491924	0.6410570249200177	0.6094099356272454	0.5783088693636528	0.5480327968575024	0.5188170522958663	0.4908426784523962	0.4642341611107431	0.43904471839948345	0.41528552975934496	0.39293739053194887	0.37195064718690735	0.3522542503451827	0.33377353034257906	0.31642797131469963	0.30014013338736784	0.28483578131790566	0.2704438597116984	0.2568965289444747	0.24413704719156318	0.23181961966704573	0.21980885157570987	0.20810474403150686	0.1997194876429383
0.0	0.12079060058757564	0.20945135534541676	0.2792323972694335	0.3356560190699139	0.3812871855941297	0.4176121091533518	0.44581806142321845	0.4670912164254993	0.48263251386075035	0.4936093096519809	0.5010430930300984	0.5057855355951263	0.5085271634200098	0.5097873346592051	0.5099694057843487	0.5093887670874578	0.5082728372828648	0.5067811841205062	0.5050355579035601	0.5031158084994728	0.5010861298830216	0.49899536211179657	0.49687698852520845	0.49474914008611814	0.4926217123366937	0.4905036748473357	0.4883898263430285	0.4862801670321528	0.4842158408141482
0.0	0.027030189092990903	0.0615912818632292	0.10015493405761068	0.14065061982162935	0.1814747612210441	0.22127521547568152	0.25895326410490155	0.29369992580969984	0.3249976728570163	0.3526224864026291	0.37655317275468264	0.3969476493320157	0.4140979357336374	0.4283583221125294	0.4400982736129622	0.4496704944495166	0.4574109495374096	0.46363302739289297	0.4685919982468375	0.4725010489103574	0.475545240830983	0.4778815409881183	0.47963882732454205	0.4809178816812918	0.48175899851732407	0.4823701748347858	0.48286909141181616	0.4832557482267915	0.4824274580259771
0.0	-0.0013918081704742174	0.0033916752323144947	0.013019854570825957	0.02701615219644309	0.04524021468474196	0.06754477648993769	0.09358253354817421	0.12277497218760877	0.15436574595032487	0.18752655675311486	0.22149976870960936	0.25563190207066866	0.2893843870157954	0.32237719956059196	0.35433517256749203	0.3850671720623603	0.41446618935080415	0.44248933981326233	0.46912845744949194	0.49441163798534227	0.5183762740469245	0.5410687370437802	0.562544413349754	0.5828676516105801	0.6021106227025049	0.6207386689363136	0.6389214406024322	0.6566589360097824	0.6695774056515937
0.0	0.037194061239756715	0.0721275352786356	0.10638257202692121	0.14057662995131334	0.1749355169938049	0.20946123627245583	0.24398991511167892	0.27825537345308504	0.31193215617021075	0.3446993901844045	0.3762901060814673	0.4065028731934068	0.435202565098639	0.4623333711654774	0.4878858583983144	0.5118833699246156	0.534382094415091	0.55546116356989	0.5752030462744788	0.5936963565420812	0.6110263423500137	0.6272747464000217	0.6425198325333601	0.6568363475071635	0.6702862182885174	0.6832497222018362	0.6958766337190575	0.7081669516726024	0.7168144653640043
1.0000000462635004	0.9342255179179404	0.8830756821452234	0.8399492021975379	0.8024198182539766	0.7698643553295219	0.7419276179726584	0.7180826328152086	0.697730483239051	0.6802721833392356	0.6651906651467846	0.6520672594695401	0.6405626665301715	0.6304129684697837	0.6214074441113062	0.6133791514857418	0.6061874721024907	0.5997169327191432	0.5938770732527993	0.5885925620483219	0.5838004228651226	0.5794473174535104	0.5754860039744472	0.5718753361245427	0.5685802639382794	0.565571838306529	0.5628040872054048	0.5601503466769576	0.5576018623336652	0.5559241231344338
0.6004426436352346	0.5367326619025984	0.4772877414942078	0.42045337338111866	0.36692116996176216	0.31793944628227977	0.27424339589213675	0.23582068552121205	0.20227048667311484	0.1729703009085233	0.14727888890809473	0.1246262989326233	0.10452649956476494	0.0865778305181417	0.07045175492474084	0.05588235163239926	0.042643892989369964	0.03054960782084597	0.019451489527350947	0.00922592660189567	-0.00022956237129732426	-0.009001769131862621	-0.01716741593940296	-0.02479315724190569	-0.031935578298697725	-0.038641184640735675	-0.04497865652688363	-0.05114416519125456	-0.0571517764678984	-0.06185316397427988
0.0	0.21545948008326163	0.3773249304928276	0.5049170401167714	0.6067083818207362	0.6867242548872732	0.7485450223573106	0.7960055181756142	0.8325842018665485	0.8611693040201477	0.8838882262121373	0.9022475183817537	0.9173590014773649	0.9299713575400426	0.9406137178705449	0.9496607586534982	0.9574130227112847	0.964102621206356	0.9698936399050979	0.9749118350721986	0.9792583278773244	0.9830147398043826	0.9862522118227082	0.9890314052305417	0.9914025007236406	0.9934051958279444	0.9950989367459192	0.9966473252393128	0.9980616808595384	0.9983672305222535
0.0	0.041441280590392926	0.10402565568011775	0.17765875420151012	0.2538788430106661	0.32642226992500967	0.39173248800037996	0.4487869981715521	0.4978220585891674	0.5398246769650636	0.5759439006322695	0.6072099837958478	0.6344931212394194	0.6584990937849095	0.6797854886807905	0.6987858616190725	0.715862141854877	0.7313073222122658	0.7453458145116666	0.7581595157719115	0.7698964711062365	0.7806802219817935	0.7906194028801838	0.7998077433978577	0.8083240664230705	0.8162322759302614	0.8236298951248211	0.8307869954448184	0.8377223913927435	0.8428237115201587
0.0	-0.0019527239293683253	0.004775886392797516	0.017914839986617304	0.035608706237526294	0.05628535633567872	0.07847651210559135	0.10093957491014087	0.12277602904451199	0.14343846412138753	0.16267661025587019	0.1804285276284852	0.196717833232421	0.21164101218131573	0.22531849318433736	0.2378761061457591	0.24943019393925894	0.2600862997117081	0.2699391883843855	0.2790748847358976	0.28756744228798486	0.2954821476843834	0.302877512333816	0.30980527390432383	0.3163103951189144	0.3224310540831898	0.32822796128972526	0.3338717771075563	0.33937451858104084	0.34371020693756843
0.0	0.0649504221685425	0.1273705049485562	0.1879342540943531	0.24537657644513564	0.2981205849952124	0.34525138334149225	0.386708249202873	0.42287756795400777	0.45440885276787085	0.48198806403246314	0.5062335601938529	0.5276765338979226	0.5467596392946436	0.5638457308075548	0.5792290380330921	0.5931593952343981	0.6058435183454028	0.6174452181472766	0.6281011388184059	0.637924252539723	0.6470101254055366	0.655443153375271	0.6632965640131925	0.6706324150293649	0.6775015835342902	0.6839768076270742	0.6902692904102863	0.696394414774893	0.7011350476685513
